datetime,open,high,low,close,volume,RSI_rsi,SMA_sma,EMA_ema,MACD_macd,MACD_macd_signal,MACD_macd_hist,STOCH_slow_k,STOCH_slow_d,ADX_adx,CCI_cci,ATR_atr,BBANDS_upper_band,BBANDS_middle_band,BBANDS_lower_band,Date,Time
2023-05-22 09:30:00,30.901,31.52,30.68,31.39513,145468850,65.79526,31.31563,31.27555,0.47700234,0.54724325,-0.070240904,62.29355,64.44869,40.40849,26.16789,0.35719650,32.24575,31.029557,29.81337,2023-05-22,09:30
2023-05-22 10:30:00,31.395,31.47,31.232,31.35269,48675280,64.55890,31.27948,31.29098,0.45342475,0.52847955,-0.075054800,58.59662,61.15217,37.53837,42.34475,0.34868250,32.18723,31.10803,30.028830,2023-05-22,10:30
2023-05-22 11:30:00,31.354,31.3683,31.183,31.239,38064010,61.23924,31.28781,31.28058,0.42071598,0.50692683,-0.086210854,48.69357,56.52791,35.0044653,23.46293,0.33701252,32.12167,31.17018,30.21869,2023-05-22,11:30
2023-05-22 12:30:00,31.236,31.304,31.15,31.2805,32525600,62.0071993,31.30287,31.28057,0.39360533,0.48426253,-0.090657200,52.30835,53.19951,32.76560,11.077173,0.32394026,32.031641,31.23193,30.43222,2023-05-22,12:30
2023-05-22 13:30:00,31.285,31.399,31.284,31.367,24437720,63.62503,31.30076,31.29785,0.37477972,0.46236597,-0.087586252,59.84337,53.61510,30.52000,30.64264,0.30926594,31.90152,31.29568,30.68985,2023-05-22,13:30
2023-05-22 14:30:00,31.36401,31.41485,31.197,31.22301,30513210,59.11265,31.29026,31.28288,0.34427284,0.43874734,-0.094474502,49.59003,53.91392,28.57309,-22.80399,0.30273621,31.68014,31.34758,31.015022,2023-05-22,14:30
2023-05-22 15:30:00,31.225,31.248,31.1025,31.182,28275880,57.85417,31.28565,31.26271,0.31317669,0.41363321,-0.10045652,56.91627,55.44989,27.11299,-96.56559,0.29150517,31.67078,31.35298,31.035188,2023-05-22,15:30
2023-05-23 09:30:00,31.0,31.288,30.98,31.11909,91538990,55.88845,31.26910,31.23398,0.28022602,0.38695177,-0.10672575,52.27246,52.92626,26.18795,-112.27463,0.29268350,31.64682,31.33029,31.013754,2023-05-23,09:30
2023-05-23 10:30:00,31.1215,31.164,30.923,31.047,47853620,53.63945,31.24505,31.19659,0.24546586,0.35865459,-0.11318873,43.69051,50.95975,25.52423,-149.010183,0.28899184,31.65409,31.31477,30.97546,2023-05-23,10:30
2023-05-23 11:30:00,31.05,31.051999,30.715,30.84399,47080830,47.80531,31.18381,31.12607,0.19924032,0.32677174,-0.12753141,19.52284,38.49527,25.56820,-223.90211,0.29242096,31.65855,31.27957,30.90059,2023-05-23,11:30
2023-05-23 12:30:00,30.84599,30.92299,30.695,30.86758,43141490,48.50620,31.12991,31.074371,0.16263502,0.29394439,-0.13130937,22.33117,28.51484,25.66910,-207.27002,0.28781858,31.66985,31.25397,30.83810,2023-05-23,12:30
2023-05-23 13:30:00,30.8625,30.891,30.653,30.693,30011560,43.81682,31.069241,30.99810,0.11817550,0.25879062,-0.14061511,4.61353,15.48918,25.89373,-207.62301,0.28426015,31.63001,31.20277,30.77554,2023-05-23,13:30
2023-05-23 14:30:00,30.68975,30.83,30.631,30.807,40685110,47.39329,31.016630,30.95988,0.091089950,0.22525048,-0.13416053,19.79760,15.58077,26.17332,-169.99192,0.27817007,31.56060,31.15922,30.75785,2023-05-23,14:30
2023-05-23 15:30:00,30.81,30.849,30.678,30.693,32546910,44.35273,30.94174,30.90650,0.059736880,0.19214776,-0.13241088,6.97406,10.46173,26.31407,-145.28857,0.27051500,31.58551,31.13567,30.68584,2023-05-23,15:30
2023-05-24 09:30:00,30.21,30.319,29.926,29.92601,121397320,30.27828,30.79763,30.71040,-0.026692572,0.14837970,-0.17507227,0.00059295803,8.92409,28.25847,-274.71951,0.30597809,31.76764,31.074725,30.38181,2023-05-24,09:30
2023-05-24 10:30:00,29.926,30.05,29.806,30.038,78505850,33.59194,30.67052,30.57592,-0.085170062,0.10166974,-0.18683981,14.42028,7.13165,30.25400,-225.56348,0.30155111,31.81822,31.0073250,30.19643,2023-05-24,10:30
2023-05-24 11:30:00,30.037,30.12,29.903,29.984,49949590,32.78286,30.54440,30.45754,-0.13432292,0.054471211,-0.18879413,11.063795,8.49489,31.71965,-176.17656,0.29551184,31.85167,30.94065,30.029630,2023-05-24,11:30
2023-05-24 12:30:00,29.98427,30.069,29.88808,30.0089905,35435070,33.58016,30.42906,30.36783,-0.16930868,0.0097152332,-0.17902391,12.61713,12.70040,33.10842,-150.39515,0.28732673,31.86623,30.87992,29.89362,2023-05-24,12:30
2023-05-24 13:30:00,30.0049988,30.225,29.94,30.107,43175620,36.74887,30.34718,30.31566,-0.18697125,-0.029622063,-0.15734918,18.70908,14.13000,33.51539,-115.46754,0.28716058,31.84593,30.82187,29.79782,2023-05-24,13:30
2023-05-24 14:30:00,30.107,30.543,29.981,30.53798,78406120,48.40515,30.31055,30.36013,-0.16429867,-0.056557385,-0.10774129,49.39130,26.90583,32.38483,-65.58151,0.30679194,31.79581,30.78560,29.77538,2023-05-24,14:30
2023-05-24 15:30:00,30.53797,30.607,30.32201,30.541,76984590,48.47683,30.29366,30.39630,-0.14442190,-0.074130287,-0.070291611,49.59516,39.23184,31.066665,-39.037595,0.30523476,31.71803,30.74289,29.76775,2023-05-24,15:30
2023-05-25 09:30:00,38.523,38.599,36.635,38.357,642922080,89.42175,31.13255,31.98844,0.49629551,0.039954872,0.45634064,97.24783,65.41143,34.45300,575.95193,0.85900361,34.55445,31.093108,27.63177,2023-05-25,09:30
2023-05-25 10:30:00,38.357,39.48,37.99,38.948,265056860,90.064684,32.049776,33.38035,1.039772,0.23991822,0.79985340,94.50075,80.44791,37.73249,356.10906,0.90407474,36.34910,31.47856,26.60802,2023-05-25,10:30
2023-05-25 11:30:00,38.9555,39.108,38.253,38.42247,160421040,85.11094,32.99383,34.38878,1.41180,0.47429459,0.93750546,89.068340,93.60564,40.77773,228.037597,0.90056931,37.56696,31.83566,26.10435,2023-05-25,11:30
2023-05-25 12:30:00,38.42288,38.895,38.282,38.70346,107687240,85.56801,33.95666,35.25171,1.70960,0.72135599,0.98824563,91.97294,91.84734,43.60545,170.74126,0.88002868,38.65996,32.20248,25.74500,2023-05-25,12:30
2023-05-25 13:30:00,38.704,38.8,38.211,38.309,91044610,81.77291,34.88166,35.86317,1.89197,0.95547926,0.93649307,87.89540,89.64556,46.11829,132.74509,0.85924102,39.51831,32.55678,25.59524,2023-05-25,13:30
2023-05-25 14:30:00,38.312,38.548,38.095139,38.42389,112329490,82.022999,35.81664,36.37531,2.022459,1.16888,0.85358411,89.083009,89.65045,48.25796,109.27072,0.83021399,40.29757,32.91887,25.54018,2023-05-25,14:30
2023-05-25 15:30:00,38.4275,38.433,37.78,37.985,105444630,77.64053,36.69198,36.69725,2.066634,1.34843,0.71820683,84.54622,87.17488,49.70985,89.19709,0.81755584,40.90802,33.26217,25.61632,2023-05-25,15:30
2023-05-26 09:30:00,37.89,38.205,37.55,38.047751,179705440,77.82297,37.52640,36.96735,2.082698,1.49528,0.58741662,85.19487,86.27470,50.66847,76.29804,0.80594462,41.45872,33.61221,25.76569,2023-05-26,09:30
2023-05-26 10:30:00,38.042999,38.758,37.954,38.44459,134872110,78.99051,38.40457,37.26280,2.10321,1.61687,0.48633960,89.20540,86.31550,51.76216,74.81953,0.80580556,42.00022808,33.99224,25.98424,2023-05-26,10:30
2023-05-26 11:30:00,38.447,38.74,38.445,38.6585,86267820,79.61354,38.43807,37.54194,2.11237,1.71597,0.39640232,91.43550,88.61192,52.77774,70.73811,0.76934875,42.50108,34.38178,26.26248,2023-05-26,11:30
2023-05-26 12:30:00,38.66066,39.016861,38.621,38.702,76624070,79.74508,38.41074,37.77395,2.098946,1.79256,0.30638323,91.84486,90.82859,53.82514,66.79607,0.74267111,42.92429,34.78223,26.64018,2023-05-26,12:30
2023-05-26 13:30:00,38.704,38.998,38.627,38.9575,56857300,80.53936,38.47019,38.010661,2.084891,1.85103,0.23386301,94.49945,92.59327,54.79773,62.58780,0.71612333,43.31101,35.18976,27.068500,2023-05-26,13:30
2023-05-26 14:30:00,38.96,39.17,38.75,38.96248,79974220,80.55536,38.49897,38.20102,2.050517,1.89093,0.15959143,94.34898,93.56443,55.77066,59.65535,0.69497175,43.60782,35.60323,27.59864,2023-05-26,14:30
2023-05-26 15:30:00,38.963,39.001001,38.825,38.924,52784810,80.0078070,38.56730,38.34562,1.99715,1.91217,0.084978499,80.45694,89.76845,56.67409,55.24621,0.65790241,43.73579,36.053130,28.37048,2023-05-26,15:30
2023-05-30 09:30:00,40.50522,41.938,40.267,40.82333,330282080,85.31404,38.83391,38.84116,2.084091,1.94655,0.13753586,74.59732,83.13441,58.35401,93.16826,0.82619520,44.020355,36.59240,29.16444,2023-05-30,09:30
2023-05-30 10:30:00,40.828,41.415,40.736,41.108,116296000,85.91734,39.18091,39.29453,2.15117,1.98748,0.16368842,81.084737,78.71300,59.91393,96.29109,0.81568132,44.16865,37.14860,30.12855,2023-05-30,10:30
2023-05-30 11:30:00,41.10793,41.38,40.295,40.327,119266230,76.61788,39.43415,39.50102,2.11690,2.013361,0.10353850,63.28620,72.98942,60.57775,91.57806,0.83491819,43.99238,37.66450,31.33661,2023-05-30,11:30
2023-05-30 12:30:00,40.32,40.57508,40.076001,40.12,94911710,74.32177,39.62031,39.62482,2.049417,2.020572,0.028844489,58.56885,67.64660,60.81252,87.32401,0.81092963,43.53378,38.16515,32.79651,2023-05-30,12:30
2023-05-30 13:30:00,40.13,40.377,39.949,40.1359,87523230,74.38527,39.78447,39.72704,1.97446,2.011350,-0.036890838,58.93119,60.26208,60.80418,91.018203,0.78357751,42.77337,38.64504,34.51671,2023-05-30,13:30
2023-05-30 14:30:00,40.14099,40.348,39.981,40.091,66507070,73.83003,39.93880,39.79983,1.88965,1.98701,-0.097361127,57.90793,58.46932,60.79644,78.99027,0.75382207,40.97028,39.12254,37.27481,2023-05-30,14:30
2023-05-30 15:30:00,40.088,40.139,39.95,40.113,54981510,73.93270,40.067190,39.86246,1.80342,1.95029,-0.14687009,58.40930,58.41614,60.72675,63.48514,0.71347774,41.071065,39.21034,37.34962,2023-05-30,15:30
2023-05-31 09:30:00,39.743,40.295,38.906,39.2235,201419990,63.14593,40.096192,39.73467,1.64436,1.88910,-0.24474855,31.86490,49.39405,58.77956,15.72821,0.76172943,41.080942,39.22412,37.36729,2023-05-31,09:30
2023-05-31 10:30:00,39.21401,39.434,38.752,38.768,113758190,58.44356,40.078859,39.54134,1.46466,1.80422,-0.33955826,9.24701,33.17374,56.72810,-23.75565,0.75603453,41.074339,39.24139,37.40845,2023-05-31,10:30
2023-05-31 11:30:00,38.773,38.838,38.151,38.163,110259700,52.81754,39.78327,39.26567,1.25891,1.69515,-0.43624124,0.31686066,13.80959,53.92307,-68.89627,0.75110345,41.093593,39.21437,37.33515,2023-05-31,11:30
2023-05-31 12:30:00,38.1635,38.534,38.051999,38.534,94231860,55.63775,39.49727,39.11933,1.11297,1.57872,-0.46574988,12.40351,7.32246,51.17662,-69.24846,0.73188183,41.085624,39.22562,37.36562,2023-05-31,12:30
2023-05-31 13:30:00,38.536,38.79199,38.503,38.555,82698960,55.79880,39.30038,39.0064676,0.98761413,1.46050,-0.47288269,12.94389,8.55476,48.89971,-52.16410,0.70024665,41.081726,39.23218,37.38263,2023-05-31,13:30
2023-05-31 14:30:00,38.5595,38.693,38.186,38.4375,68137740,54.60432,39.11343,38.89267,0.86877473,1.34215,-0.47337767,9.92025,11.75589,46.30377,-68.65623,0.68644337,41.053133,39.25480,37.45647,2023-05-31,14:30
2023-05-31 15:30:00,38.445,38.49799,37.822,37.837,89191670,48.84895,38.85800,38.68154,0.71786319,1.21729,-0.49943137,0.36441663,7.74285,43.36802,-100.31191,0.68569661,41.072977,39.24426,37.41555,2023-05-31,15:30
2023-06-01 09:30:00,38.5,39.289,38.34,38.684,183943890,55.90820,38.70167,38.68203,0.65901384,1.10564,-0.44662457,23.99109,11.42525,41.53992,-45.41904,0.74043271,41.066898,39.25624,37.44557,2023-06-01,09:30
2023-06-01 10:30:00,38.688,39.5,38.6,39.24901,101681230,59.88530,38.60567,38.79543,0.65046882,1.014604,-0.36413567,40.10713,21.48754,40.057939,-19.90854,0.75183037,41.075611,39.28576,37.49591,2023-06-01,10:30
2023-06-01 11:30:00,39.249,39.612,39.152,39.4455,62727320,61.19613,38.63033,38.92544,0.65203547,0.94209069,-0.29005522,58.97028,41.022831,38.79806,1.40721,0.73098539,41.093524,39.32294,37.55235,2023-06-01,11:30
2023-06-01 12:30:00,39.4455,39.7839,39.364,39.6365,61676360,62.47962,38.72683,39.067653,0.66106879,0.88588631,-0.22481752,71.017603,56.69834,37.81018,14.95233,0.70876482,41.12418,39.35689,37.58959,2023-06-01,12:30
2023-06-01 13:30:00,39.6365,40.05,39.58061,39.891,72937840,64.17977,38.91883,39.23232,0.68091473,0.84489200,-0.16397726,81.90813,70.63201,37.17109,32.65428,0.69166668,41.17550,39.40331,37.63112,2023-06-01,13:30
2023-06-01 14:30:00,39.89201,39.99,38.6,39.61199,55173760,60.92066,39.038611,39.30826,0.66644663,0.80920292,-0.14275629,72.38130,75.10234,35.0052646,-8.20394,0.74154759,41.19802,39.43771,37.67740,2023-06-01,14:30
2023-06-01 15:30:00,39.604,39.794,39.4745,39.774,52304720,62.12341,39.17406,39.40140,0.66044015,0.77945037,-0.11901022,78.93239,77.74061,32.99414,25.39448,0.71140139,41.036395,39.38524,37.73409,2023-06-01,15:30
2023-06-02 09:30:00,40.097,40.5,39.155,39.62465,170337030,60.28152,39.30596,39.44605,0.63629388,0.75081907,-0.11452519,67.31326,72.87565,31.95725,43.58389,0.75665852,40.76785,39.31108,37.85431,2023-06-02,09:30
2023-06-02 10:30:00,39.641,39.91999,39.5351,39.77591,66666960,61.52570,39.52140,39.51202,0.62219101,0.72509346,-0.10290245,72.96152,73.069054,30.99443,49.84319,0.73010346,40.68207,39.28352,37.88497,2023-06-02,10:30
2023-06-02 11:30:00,39.778,39.808,39.48,39.598,42608030,59.17767,39.62295,39.52922,0.58985913,0.69804659,-0.10818746,66.31819,68.86432,30.0058239,42.0083546,0.70138177,40.61133,39.25742,37.90352,2023-06-02,11:30
2023-06-02 12:30:00,39.597,39.6,39.291,39.50001,42954000,57.86769,39.65084,39.52338,0.54998883,0.66843504,-0.11844621,62.65904,67.31291,28.75615,27.61281,0.67335448,40.52426,39.22563,37.92700,2023-06-02,12:30
2023-06-02 13:30:00,39.51399,39.519,39.058011,39.21655,49679880,54.13463,39.62540,39.46201,0.48987158,0.63272235,-0.14285077,52.074295,60.35051,27.19400,8.39466,0.65818554,40.41845,39.18191,37.94537,2023-06-02,13:30
2023-06-02 14:30:00,39.22096,39.42,39.198,39.3091,45562720,55.15192,39.58902,39.43143,0.44457155,0.59509219,-0.15052064,55.53026,56.75453,25.74342,20.93966,0.62702944,40.30465,39.14171,37.97878,2023-06-02,14:30
2023-06-02 15:30:00,39.31,39.387,39.214,39.324,33505330,55.32371,39.52602,39.40994,0.40520223,0.55711420,-0.15191197,45.55553,51.053359,24.39646,22.37370,0.59459863,40.31191,39.14674,37.98156,2023-06-02,15:30
2023-06-05 09:30:00,38.99466,39.56503,38.81201,38.93201,119496910,49.90717,39.45047,39.31436,0.33846984,0.51338533,-0.17491548,17.47420,39.52000,22.90448,-8.94447,0.60591453,40.31161,39.15494,37.99826,2023-06-05,09:30
2023-06-05 10:30:00,38.94,39.404,38.88501,39.319,65240070,54.62988,39.39991,39.31529,0.31320045,0.47334835,-0.16014790,37.84212,33.62395,21.51906,-0.15632892,0.59970571,40.27722,39.21274,38.14825,2023-06-05,10:30
2023-06-05 11:30:00,39.32,39.418,39.0070007,39.1922,37242260,52.87099,39.35186,39.29067,0.27971812,0.43462231,-0.15490419,31.16841,28.82824,20.20368,-7.61844,0.58622663,40.26385,39.24565,38.22744,2023-06-05,11:30
2023-06-05 12:30:00,39.197,39.299,39.037,39.05,28363050,50.89210,39.27121,39.24253,0.23895428,0.39548870,-0.15653442,23.68421,30.89824,18.98225,-30.044421,0.56306755,40.24330,39.27040,38.29749,2023-06-05,12:30
2023-06-05 13:30:00,39.051001,39.067999,38.7965,38.868,38785020,48.39540,39.19010,39.16763,0.18977510,0.35434598,-0.16457088,14.10522,22.98595,18.34857,-88.34331,0.54224127,40.20753,39.29192,38.37632,2023-06-05,13:30
2023-06-05 14:30:00,38.868,39.225,38.707,39.165,45958100,52.49137,39.15287,39.16710,0.17277405,0.31803160,-0.14525755,25.54372,21.11105,17.37964,-85.51728,0.54050970,39.99122,39.35832,38.72542,2023-06-05,14:30
2023-06-05 15:30:00,39.1602,39.355,39.135,39.174,31115460,52.61411,39.14815,39.16848,0.15820311,0.28606590,-0.12786279,26.045649,21.89820,16.17039,-43.37569,0.51761602,39.94319,39.38282,38.82246,2023-06-05,15:30
2023-06-06 09:30:00,38.83,39.16,38.63501,38.89399,86414040,48.42255,39.10202,39.11358,0.12264744,0.25338221,-0.13073477,20.15451,23.91463,16.087420,-131.69818,0.51914268,39.96253,39.36507,38.76761,2023-06-06,09:30
2023-06-06 10:30:00,38.889,39.089999,38.769,38.801,47559770,47.081105,39.043911,39.051067,0.085974725,0.21990071,-0.13392599,14.15113,20.11710,16.010373,-118.94381,0.50498957,39.97716,39.33285,38.68853,2023-06-06,10:30
2023-06-06 11:30:00,38.80089,38.987,38.752,38.765,34635120,46.54351,39.025354,38.99385,0.053390850,0.18659874,-0.13320789,13.47056,15.92540,15.97364,-120.97326,0.48570464,39.96277,39.28927,38.61577,2023-06-06,11:30
2023-06-06 12:30:00,38.76325,38.782,38.148,38.54,78329250,43.22186,38.93880,38.90308,0.0093050129,0.15113999,-0.14183498,27.66340,18.42836,17.025497,-192.0039870,0.49629714,39.91108,39.22172,38.53236,2023-06-06,12:30
2023-06-06 13:30:00,38.5365,38.645,38.403,38.519,38500720,42.91403,38.86400,38.82627,-0.027016359,0.11550872,-0.14252508,26.18148,22.43848,18.0022207,-155.83345,0.47813315,39.89616,39.16707,38.43798,2023-06-06,13:30
2023-06-06 14:30:00,38.519,38.872,38.472,38.7695,41238210,47.69918,38.83283,38.81491,-0.035182450,0.085370488,-0.12055294,43.85935,32.56808,18.23031,-101.54352,0.47255222,39.80925,39.11685,38.42445,2023-06-06,14:30
2023-06-06 15:30:00,38.771,38.78,38.495,38.654,38001670,45.79318,38.80905,38.78273,-0.050393111,0.058217769,-0.10861088,35.70850,35.24978,18.44211,-104.56259,0.45915545,39.74748,39.068313,38.38915,2023-06-06,15:30
2023-06-07 09:30:00,38.915,39.499,38.80801,38.9398,125227490,51.0097894,38.78403,38.81414,-0.038937140,0.038786787,-0.077723927,58.60852,46.058792,17.43581,10.94731,0.48671565,39.62437,39.026508,38.42864,2023-06-07,09:30
2023-06-07 10:30:00,38.935,38.98199,38.365,38.61342,81914640,45.61148,38.72175,38.77400,-0.055554144,0.019918601,-0.075472744,34.44990,42.92231,16.79412,-94.49036,0.49602090,39.53991,38.97728,38.41464,2023-06-07,10:30
2023-06-07 11:30:00,38.608,38.752,38.17777,38.2715,54763320,40.74655,38.65258,38.67350,-0.095215653,-0.0031082500,-0.092107403,9.14128,34.066570,16.54417,-146.35702,0.50160711,39.50445,38.91585,38.32726,2023-06-07,11:30
2023-06-07 12:30:00,38.273,38.52799,38.127,38.199,44305980,39.77773,38.58569,38.57860,-0.13098793,-0.028684186,-0.10230374,5.24782,16.27967,16.40629,-155.51034,0.49442031,39.51365,38.86498,38.21630,2023-06-07,12:30
2023-06-07 13:30:00,38.204,38.319,38.060001,38.193,41126560,39.69362,38.52214,38.50148,-0.15800052,-0.054547452,-0.10345306,9.24245,7.87718,16.40734,-153.86749,0.47760454,39.48680,38.80917,38.13154,2023-06-07,13:30
2023-06-07 14:30:00,38.188,38.199,37.6,37.72503,70174810,33.70679,38.43158,38.34619,-0.21469449,-0.086576860,-0.12811763,6.58402,7.024763,17.21604,-196.33283,0.48627558,39.51387,38.72922,37.94457,2023-06-07,14:30
2023-06-07 15:30:00,37.725,37.786,37.356,37.483,62536780,31.094615,38.31647,38.17355,-0.27597357,-0.12445620,-0.15151737,5.92622,7.25090,18.33733,-212.33664,0.48225581,39.60391,38.65677,37.70963,2023-06-07,15:30
2023-06-08 09:30:00,37.724,38.373,37.505,38.082001,125832010,42.89056,38.24008,38.15524,-0.27305560,-0.15417608,-0.11887952,33.87780,15.46268,17.89047,-113.85528,0.51138057,39.52236,38.59492,37.66749,2023-06-08,09:30
2023-06-08 10:30:00,38.0815,38.538,38.014999,38.52742,58167940,49.77579,38.22602,38.22968,-0.23212568,-0.16976600,-0.062359677,54.66265,31.48889,17.11287,-40.74098,0.51221060,39.44784,38.56168,37.67552,2023-06-08,10:30
2023-06-08 11:30:00,38.528,38.831,38.46201,38.8275,51035130,53.81557,38.21354,38.34924,-0.17347481,-0.17050776,-0.0029670492,68.66543,52.40196,15.99954,28.73870,0.50198064,39.41729,38.55056,37.68383,2023-06-08,11:30
2023-06-08 12:30:00,38.82459,38.864,38.425,38.469,40324270,48.76869,38.19749,38.37319,-0.15414458,-0.16723513,0.013090546,51.93658,58.42155,14.88793,8.70857,0.49748213,39.38548,38.53061,37.67573,2023-06-08,12:30
2023-06-08 13:30:00,38.46601,38.585,38.276,38.564,42684690,50.10408,38.22999,38.41135,-0.12966473,-0.15972105,0.030056314,56.36967,58.99056,14.11214,-8.77829,0.48401909,39.30488,38.50056,37.69624,2023-06-08,13:30
2023-06-08 14:30:00,38.567,38.75,38.469,38.52,42213600,49.46103,38.26566,38.43308,-0.11251770,-0.15028038,0.037762680,54.31647,54.20757,13.19051,23.056471,0.46951771,39.21084,38.46786,37.72488,2023-06-08,14:30
2023-06-08 15:30:00,38.52,38.545,38.382,38.504,34245690,49.21368,38.30022,38.44727,-0.099077540,-0.14003981,0.040962271,53.56983,54.75199,12.36284,3.71281,0.44762362,39.16561,38.44836,37.73111,2023-06-08,15:30
2023-06-09 09:30:00,39.037,39.711,38.92,39.538,132002890,62.32577,38.50166,38.66541,-0.0049341111,-0.11301867,0.10808456,92.65401,66.84677,13.44277,212.53073,0.50186463,39.33468,38.48521,37.63573,2023-06-09,09:30
2023-06-09 10:30:00,39.5355,39.615,39.039001,39.045459,65899800,55.036513,38.67526,38.74142,0.029590155,-0.084496906,0.11408706,71.73928,72.65437,14.44557,159.85258,0.50715986,39.37555,38.49923,37.62291,2023-06-09,10:30
2023-06-09 11:30:00,39.041,39.134,38.58801,38.623,61382320,49.67064,38.73538,38.71774,0.022601527,-0.063077219,0.085678746,53.80051,72.73127,14.34051,55.12157,0.50993344,39.38122,38.50338,37.62554,2023-06-09,11:30
2023-06-09 12:30:00,38.61901,39.060999,38.592,39.020999,42084630,54.20095,38.79022,38.77839,0.048617671,-0.040738241,0.089355912,70.70065,65.41348,14.24295,70.74384,0.50700943,39.43491,38.52848,37.62205,2023-06-09,12:30
2023-06-09 13:30:00,39.01973,39.184,39.005011,39.081,31326630,54.86061,38.81838,38.83891,0.073233015,-0.017943990,0.091177005,73.24845,65.91653,14.36834,101.58405,0.48357937,39.47684,38.54406,37.61127,2023-06-09,13:30
2023-06-09 14:30:00,39.084,39.088751,38.72,38.76701,35198120,50.74177,38.85150,38.82453,0.066636402,-0.0010279116,0.067664313,59.91556,67.95488,13.82372,53.69000,0.47537727,39.48645,38.54971,37.61297,2023-06-09,14:30
2023-06-09 15:30:00,38.77,38.799,38.567,38.764,32734380,50.70249,38.87372,38.81243,0.060468688,0.011271408,0.049197280,57.071751,63.41192,12.98183,30.91406,0.45799302,39.46608,38.54092,37.61576,2023-06-09,15:30
2023-06-12 09:30:00,39.2,39.325,38.618,38.972,98674360,53.38896,38.92394,38.84434,0.071539818,0.023325090,0.048214728,56.42696,57.80476,13.18202,75.78438,0.47577928,39.50264,38.55885,37.61505,2023-06-12,09:30
2023-06-12 10:30:00,38.97098,39.104,38.622,38.881,55077390,52.052467,38.96583,38.85167,0.072139223,0.033087917,0.039051306,42.16027,51.88632,13.36792,51.58744,0.47622367,39.53340,38.58932,37.64525,2023-06-12,10:30
2023-06-12 11:30:00,38.886,39.079001,38.70753,38.84,40818150,51.42781,38.88827,38.84934,0.068516058,0.040173545,0.028342513,39.30309,45.96344,13.54053,47.85213,0.46874142,39.55372,38.62137,37.68903,2023-06-12,11:30
2023-06-12 12:30:00,38.8402,38.979,38.828,38.8635,25373860,51.78498,38.86806,38.85217,0.066771357,0.045493107,0.021278250,40.94084,40.80140,13.70082,45.98304,0.44604567,39.57130,38.65490,37.73849,2023-06-12,12:30
2023-06-12 13:30:00,38.867,38.975,38.781,38.83236,25312650,51.24725,38.89132,38.84821,0.062159385,0.048826363,0.013333022,33.88720,38.043709,13.71248,35.34551,0.42804243,39.52322,38.71026,37.89730,2023-06-12,13:30
2023-06-12 14:30:00,38.8295,39.253,38.808,39.247,40865930,57.56576,38.91643,38.92797,0.090914286,0.057243948,0.033670338,65.086593,46.63821,14.31123,88.24182,0.42925377,39.41989,38.79846,38.17704,2023-06-12,14:30
2023-06-12 15:30:00,39.243,39.52999,39.2,39.497,63341410,60.85955,38.96265,39.041774,0.13235001,0.072265161,0.060084853,81.29380,60.089196,15.38470,169.76653,0.42216348,39.47011,38.86921,38.26832,2023-06-12,15:30
2023-06-13 09:30:00,40.186,40.49799,39.759,39.86975,151482030,65.19722,39.085179,39.20737,0.19304075,0.096420279,0.096620473,67.46546,71.28195,17.69001,276.46537,0.46350814,39.65737,38.93633,38.21528,2023-06-13,09:30
2023-06-13 10:30:00,39.874,40.8999,39.74,40.715,107435910,72.60989,39.30196,39.50890,0.30581781,0.13829978,0.16751802,92.074240,80.27783,20.21902,269.21739,0.51325041,40.086472,39.030704,37.97494,2023-06-13,10:30
2023-06-13 11:30:00,40.72,40.86,40.48,40.651,65759980,71.37038,39.48851,39.73732,0.38558551,0.18775693,0.19782858,89.33094,82.95688,22.56740,232.081361,0.50373265,40.37633,39.13980,37.90328,2023-06-13,11:30
2023-06-13 12:30:00,40.6535,40.851,40.527,40.693,47294390,71.71166,39.68985,39.92845,0.44703772,0.23961309,0.20742463,91.13120,90.84546,24.74803,185.87776,0.49089475,40.62460,39.24625,37.86790,2023-06-13,12:30
2023-06-13 13:30:00,40.696,40.9,40.1,40.2475,59828220,63.11685,39.84623,39.99226,0.45455124,0.28260072,0.17195052,72.031729,84.16462,25.44813,125.98377,0.51297370,40.73442,39.33263,37.93084,2023-06-13,13:30
2023-06-13 14:30:00,40.258,41.054999,40.192,40.896,93589610,68.95059,40.072068,40.17301,0.50698991,0.32747856,0.17951135,93.60933,85.59075,26.30961,134.16417,0.53797540,40.95533,39.45223,37.94913,2023-06-13,14:30
2023-06-13 15:30:00,40.899,41.101,40.787,41.023999,59574100,69.96053,40.31558,40.34321,0.55250749,0.37248434,0.18002315,96.89884,87.51330,27.17315,132.49119,0.52197726,41.17875,39.52653,37.87431,2023-06-13,15:30
2023-06-14 09:30:00,40.824,41.725,40.552,41.512,159507330,73.49962,40.56725,40.57697,0.62080184,0.42214784,0.19865400,93.13566,94.54794,28.73295,133.039110,0.56847896,41.49678,39.64986,37.80293,2023-06-14,09:30
2023-06-14 10:30:00,41.516,42.276,41.49404,42.108,103333610,77.055075,40.85736,40.88317,0.71477824,0.48067392,0.23410432,95.29204,95.10884,30.69398,159.19428,0.58372768,41.89468,39.82411,37.75353,2023-06-14,10:30
2023-06-14 11:30:00,42.114,42.13999,41.668,41.808,76914980,71.83093,41.072722,41.068138,0.75632923,0.53580498,0.22052425,86.60938,91.67903,32.51494,133.16204,0.57574649,42.16976,39.96346,37.75715,2023-06-14,11:30
2023-06-14 12:30:00,41.80794,42.023999,41.73,41.87049,45993750,72.25293,41.20111,41.22861,0.78524931,0.58569385,0.19955546,88.39739,90.099602,34.20583,118.41616,0.55562176,42.41844,40.10293,37.78742,2023-06-14,12:30
2023-06-14 13:30:00,41.88,41.985,41.368,41.84099,84416980,71.70684,41.33333,41.35108,0.79660564,0.62787621,0.16872944,87.45647,87.48775,34.62085,98.78248,0.56000601,42.60489,40.25663,37.90837,2023-06-14,13:30
2023-06-14 14:30:00,41.838,42.68538,41.725,42.488,137220480,75.99280,41.53278,41.57847,0.84803820,0.67190861,0.17612960,94.33696,90.063606,35.76651,125.0063356,0.58860409,42.87714,40.44283,38.0085210,2023-06-14,14:30
2023-06-14 15:30:00,42.49299,43.0,42.41836,42.99709,86319070,78.72384,41.83828,41.86219,0.91928114,0.72138311,0.19789802,99.91069,93.90137,37.10896,142.46498,0.58810670,43.22013,40.64408,38.068036,2023-06-14,15:30
2023-06-15 09:30:00,42.602,42.898,42.147,42.71095,174732970,73.65229,42.039946,42.031944,0.94179621,0.76546573,0.17633048,91.13343,95.12703,37.60029,116.16352,0.60681968,43.42827,40.83558,38.24289,2023-06-15,09:30
2023-06-15 10:30:00,42.713,43.078,42.44819,42.837,93379520,74.43365,42.24139,42.19295,0.95875877,0.80412434,0.15463443,91.90731,94.31714,38.24293,115.95660,0.60846182,43.59804,41.035431,38.47283,2023-06-15,10:30
2023-06-15 11:30:00,42.84,42.97499,42.669,42.94147,52229590,75.092932,42.40022,42.34266,0.96945634,0.83719074,0.13226560,95.41539,92.81871,38.83966,109.0041035,0.58685673,43.72605,41.23933,38.75261,2023-06-15,11:30
2023-06-15 12:30:00,42.94801,43.022,42.782,42.96201,41867290,75.22817,42.49511,42.46653,0.96842809,0.86343821,0.10498988,96.10506,94.47592,39.44685,103.51861,0.56208121,43.77992,41.44581,39.11170,2023-06-15,12:30
2023-06-15 13:30:00,42.973,43.194,42.9,43.04201,62351590,75.77986,42.63222,42.58162,0.96296817,0.88334420,0.079623966,94.93705,95.48584,40.20619,103.72551,0.54293256,43.83708,41.63556,39.43405,2023-06-15,13:30
2023-06-15 14:30:00,43.048001,43.289,43.039999,43.082501,55664170,76.070330,42.76689,42.68180,0.95094649,0.89686466,0.054081828,92.45524,94.49912,41.018240,104.15667,0.52193753,43.86962,41.81484,39.76005,2023-06-15,14:30
2023-06-15 15:30:00,43.082001,43.11,42.5,42.646,56181940,66.77322,42.85634,42.67464,0.89587011,0.89666575,-0.00079563532,76.50706,87.96645,40.092903,69.61211,0.52822775,43.83156,41.95365,40.075738,2023-06-15,15:30
2023-06-16 09:30:00,43.45,43.655,42.832,43.635,197742020,74.40577,42.98378,42.86671,0.92140447,0.90161349,0.019790975,99.12557,89.36262,39.97496,108.66181,0.56256860,44.023144,42.099650,40.17616,2023-06-16,09:30
2023-06-16 10:30:00,43.636,43.645,43.037,43.18142,82822240,66.82424,43.0042623,42.92965,0.89472668,0.90023613,-0.0055094477,79.29261,84.97508,39.86545,93.17962,0.56581382,44.083623,42.22617,40.36872,2023-06-16,10:30
2023-06-16 11:30:00,43.182,43.721,43.169,43.56801,69400040,69.66167,43.099491,43.057325,0.89446810,0.89908253,-0.0046144217,93.49819,90.63879,39.86401,102.52854,0.56482704,44.17476,42.36992,40.56508,2023-06-16,11:30
2023-06-16 12:30:00,43.56,43.63099,43.41401,43.5105,43237410,68.72006,43.17432,43.14796,0.87948442,0.89516291,-0.015678483,91.054056,87.94828,39.86267,100.37897,0.53998082,44.11744,42.53307,40.94870,2023-06-16,12:30
2023-06-16 13:30:00,43.50801,43.57,43.278,43.357,35718310,66.14996,43.22049,43.18977,0.84547741,0.88522581,-0.039748394,81.76360,88.77195,39.41008,86.29750,0.52226800,44.087707,42.65612,41.22454,2023-06-16,13:30
2023-06-16 14:30:00,43.353,43.35651,42.91101,42.97,57414890,60.052058,43.22138,43.14582,0.77832692,0.86384603,-0.085519111,52.28727,75.034975,37.88288,47.15350,0.51681957,43.97756,42.75342,41.52929,2023-06-16,14:30
2023-06-16 15:30:00,42.97499,43.078,42.6605,42.7025,63309430,56.19589,43.18366,43.057152,0.69550713,0.83017825,-0.13467112,35.29222,56.44770,35.80203,5.16326,0.50972523,43.89767,42.81295,41.72822,2023-06-16,15:30
2023-06-20 09:30:00,42.95,43.42999,42.725,42.80608,130415430,57.33824,43.15295,43.0069373,0.63095660,0.79033392,-0.15937732,28.11803,38.56584,34.56270,26.26032,0.52527987,43.88340,42.84785,41.81230,2023-06-20,09:30
2023-06-20 10:30:00,42.807,43.039999,42.674,43.024011,62137350,59.71849,43.19495,43.010352,0.59057733,0.75038260,-0.15980527,42.91659,35.44228,33.27383,5.72942,0.51390277,43.82927,42.90865,41.98804,2023-06-20,10:30
2023-06-20 11:30:00,43.0289,43.37,42.892,43.342,58720280,62.96538,43.16239,43.076682,0.57757765,0.71582161,-0.13824396,68.96003,46.66488,32.68581,55.53874,0.51133827,43.78714,42.98223,42.17732,2023-06-20,11:30
2023-06-20 12:30:00,43.344,43.587,43.301,43.5165,46427450,64.64932,43.19962,43.16465,0.57473083,0.68760345,-0.11287262,83.25156,65.042727,32.50079,109.21625,0.49524258,43.71130,43.066003,42.42070,2023-06-20,12:30
2023-06-20 13:30:00,43.5165,43.6,43.33,43.56,41110160,65.075624,43.19873,43.24372,0.56942084,0.66396693,-0.094546091,86.81420,79.67526,32.35060,106.55138,0.47915391,43.74162,43.11960,42.49758,2023-06-20,13:30
2023-06-20 14:30:00,43.565,43.731,43.42,43.714,40821490,66.61078,43.22134,43.33777,0.57105643,0.64538483,-0.074328398,98.61915,89.56164,32.43433,123.18187,0.46714281,43.82584,43.15545,42.48505,2023-06-20,14:30
2023-06-20 15:30:00,43.715,43.99,43.656,43.8,45313430,67.47069,43.27057,43.43022,0.57269040,0.63084595,-0.058155547,85.70894,90.38076,32.92633,153.085681,0.45763258,43.90355,43.20990,42.51626,2023-06-20,15:30
2023-06-21 09:30:00,43.501,43.615,42.333,42.635,150071310,49.043892,43.23334,43.27118,0.47450976,0.59957871,-0.12506895,18.22582,67.51797,30.99293,-85.80925,0.52973035,43.92024,43.19980,42.47937,2023-06-21,09:30
2023-06-21 10:30:00,42.635,42.717,42.079999,42.5515,90813710,48.031379,43.21657,43.12724,0.38551919,0.55676680,-0.17124762,24.68600,42.87359,29.61859,-170.88802,0.53739265,43.94726,43.18030,42.41335,2023-06-21,10:30
2023-06-21 11:30:00,42.557,42.888,42.35701,42.776,67538570,50.96268,43.21322,43.056993,0.32931264,0.51127597,-0.18196333,36.43989,26.45057,27.99454,-110.83945,0.53693536,43.95269,43.17100,42.38932,2023-06-21,11:30
2023-06-21 12:30:00,42.77542,42.979,42.626,42.7885,49511860,51.12798,43.18706,43.0032943,0.28252047,0.46552487,-0.18300440,37.094344,32.74008,26.30045,-77.092061,0.52379712,43.95603,43.15833,42.36063,2023-06-21,12:30
2023-06-21 13:30:00,42.79099,43.199,42.74,43.171,47898160,56.013952,43.16806,43.036835,0.27315301,0.42705050,-0.15389749,57.12042,43.55155,24.56069,-24.31891,0.51916872,43.95970,43.16275,42.36580,2023-06-21,13:30
2023-06-21 14:30:00,43.174,43.46699,43.13001,43.38,66440920,58.45784,43.15289,43.10547,0.27937331,0.39751506,-0.11814175,68.062805,54.092523,23.45357,32.14828,0.50615511,43.96481,43.19945,42.43409,2023-06-21,14:30
2023-06-21 15:30:00,43.377,43.39941,43.001001,43.042999,51351690,53.31413,43.095445,43.092974,0.25417987,0.36884803,-0.11466815,50.41886,58.53403,22.14302,-4.84039,0.49845903,43.91095,43.16985,42.42876,2023-06-21,15:30
2023-06-22 09:30:00,42.253,43.319,42.234,43.274,123616680,56.16157,43.046556,43.12918,0.24997212,0.34507284,-0.095100724,62.51308,60.33158,21.61136,-47.043691,0.54035486,43.91696,43.17448,42.43200,2023-06-22,09:30
2023-06-22 10:30:00,43.28199,43.317,42.74,43.064899,66715170,53.0098038,42.96488,43.11632,0.22714639,0.32148755,-0.094341162,51.56542,54.83245,21.11767,-20.93957,0.54297251,43.87056,43.14932,42.42809,2023-06-22,10:30
2023-06-22 11:30:00,43.060001,43.4255,43.0029999,43.1245,48850200,53.80557,43.019266,43.11796,0.21142891,0.29947582,-0.088046918,54.68588,56.25480,20.41356,18.0054880,0.53436737,43.83197,43.13002,42.42808,2023-06-22,11:30
2023-06-22 12:30:00,43.127,43.24292,42.836,43.0246,35602230,52.20960,43.071833,43.099287,0.18873602,0.27732786,-0.088591847,49.45556,51.90229,20.059902,-15.96101,0.52526409,43.80877,43.11340,42.41804,2023-06-22,12:30
2023-06-22 13:30:00,43.026999,43.18883,43.0040009,43.023999,25736710,52.19957,43.099388,43.084229,0.16875789,0.25561387,-0.086855978,49.42408,51.18851,19.73150,-5.81124,0.50094735,43.80964,43.11610,42.42257,2023-06-22,13:30
2023-06-22 14:30:00,43.022,43.11329,42.69401,42.72387,50007990,47.31091,43.092207,43.012158,0.12724050,0.22993919,-0.10269870,33.71057,44.19674,19.98517,-67.28956,0.49511404,43.80822,43.11717,42.42613,2023-06-22,14:30
2023-06-22 15:30:00,42.726,43.048999,42.65278,43.014999,37677360,52.0062801,43.074874,43.012726,0.11648652,0.20724866,-0.090762140,60.91207,48.015572,20.29239,-49.036155,0.48805010,43.80573,43.12762,42.44951,2023-06-22,15:30
2023-06-23 09:30:00,42.47799,42.775,42.014999,42.296,106085120,42.041719,42.95443,42.86938,0.049377411,0.17567441,-0.12629700,19.35274,37.99179,21.54508,-169.76269,0.52461795,43.85980,43.091219,42.32264,2023-06-23,09:30
2023-06-23 10:30:00,42.302,42.55,42.175,42.205,50705100,40.97171,42.86132,42.73650,-0.011022943,0.13833494,-0.14935788,13.085450,31.11675,22.70829,-156.12124,0.51393095,43.88424,43.034368,42.18450,2023-06-23,10:30
2023-06-23 11:30:00,42.21484,42.625,42.1321,42.606,39108140,47.33281,42.78710,42.71040,-0.026230859,0.10542178,-0.13165264,40.70279,24.38033,23.55396,-111.064454,0.51242864,43.82801,42.98884,42.14968,2023-06-23,11:30
2023-06-23 12:30:00,42.61,42.809,42.52091,42.79253,32233540,50.030334,42.75683,42.72683,-0.022967116,0.079744000,-0.10271112,53.54927,35.77917,23.77030,-50.50945,0.49640438,43.75095,42.95047,42.14999,2023-06-23,12:30
2023-06-23 13:30:00,42.78933,42.80316,42.488,42.561,28890160,46.82448,42.69422,42.69366,-0.038618009,0.056071598,-0.094689608,37.60351,43.95186,24.030312,-64.28654,0.48345821,43.62850,42.89282,42.15714,2023-06-23,13:30
2023-06-23 14:30:00,42.562,42.64064,42.25,42.36,40332740,44.17791,42.62038,42.62693,-0.066474037,0.031562471,-0.098036508,24.45948,38.53742,24.69026,-104.88556,0.47682836,43.46321,42.82082,42.17843,2023-06-23,14:30
2023-06-23 15:30:00,42.36115,42.42299,42.195,42.208,33160400,42.23384,42.52971,42.54314,-0.099666532,0.0053166705,-0.10498320,13.68303,25.24867,25.39692,-122.20971,0.45905402,43.49160,42.79947,42.10734,2023-06-23,15:30
2023-06-26 09:30:00,42.461,42.764,42.282,42.667,79939480,49.46562,42.52339,42.56792,-0.087920649,-0.013330793,-0.074589856,46.22485,28.12245,24.93600,-53.36328,0.46597894,43.49090,42.80524,42.11959,2023-06-26,09:30
2023-06-26 10:30:00,42.6665,42.68,41.22497,41.3865,108409080,35.94582,42.34245,42.33163,-0.17986442,-0.046637519,-0.13322690,7.34048,22.41612,26.12619,-204.36029,0.53662539,43.65947,42.73577,41.81207,2023-06-26,10:30
2023-06-26 11:30:00,41.3885,41.499,40.216,40.28,107267770,28.65706,42.11845,41.92131,-0.33811823,-0.10493366,-0.23318457,2.11431,18.55988,28.16239,-307.47941,0.58993777,44.023107,42.61034,41.19758,2023-06-26,11:30
2023-06-26 12:30:00,40.281,40.671,40.1,40.63065,94583240,33.27453,41.94352,41.66317,-0.43028098,-0.17000312,-0.26027785,17.17960,8.87813,30.14028,-255.0083580,0.58858501,44.11193,42.48333,40.85473,2023-06-26,12:30
2023-06-26 13:30:00,40.63,40.798,40.451,40.732,53558230,34.59226,41.73530,41.47694,-0.48949972,-0.23390244,-0.25559727,20.97377,13.42256,31.63479,-187.047489,0.57132895,44.093007,42.35093,40.60885,2023-06-26,13:30
2023-06-26 14:30:00,40.731,41.14,40.713,40.899,66348290,36.80672,41.52491,41.36135,-0.51699602,-0.29052116,-0.22647486,27.093906,21.74909,32.13961,-131.12790,0.56101966,44.064359,42.24373,40.42309,2023-06-26,14:30
2023-06-26 15:30:00,40.899,41.039999,40.602,40.634,48920870,34.79366,41.31079,41.21588,-0.55378656,-0.34317424,-0.21061233,19.71206,22.59325,32.73013,-120.95964,0.55223257,43.99613,42.11173,40.22733,2023-06-26,15:30
2023-06-27 09:30:00,40.799,41.299,40.573,40.65113,112496050,35.040976,41.12092,41.10293,-0.57493365,-0.38952612,-0.18540753,20.34438,22.38345,32.62349,-97.39534,0.56464438,43.92434,41.99104,40.057737,2023-06-27,09:30
2023-06-27 10:30:00,40.645,41.05,40.448,41.048999,69990430,40.66985,40.99214,41.092144,-0.55321102,-0.42226310,-0.13094792,35.031346,25.029262,32.68572,-84.61571,0.56731256,43.78861,41.88726,39.98592,2023-06-27,10:30
2023-06-27 11:30:00,41.048999,41.43991,40.945,41.34567,63039860,44.52961,40.84533,41.14285,-0.50622145,-0.43905477,-0.067166677,45.98264,33.78612,31.79638,-47.23156,0.56214093,43.64367,41.80332,39.96297,2023-06-27,11:30
2023-06-27 12:30:00,41.34594,41.56,41.248,41.488,47546250,46.33346,40.85661,41.21188,-0.45228331,-0.44170048,-0.010582833,51.34736,44.12045,30.69665,-26.94685,0.54427368,43.48298,41.72652,39.97005,2023-06-27,12:30
2023-06-27 13:30:00,41.49,41.70499,41.47101,41.676,36147380,48.70618,41.011716,41.30470,-0.38987267,-0.43133492,0.041462244,59.15916,52.16305,29.34442,-6.64609,0.52210973,43.36993,41.67412,39.97832,2023-06-27,13:30
2023-06-27 14:30:00,41.681,41.895,41.475,41.878,52911070,51.20258,41.15031,41.41936,-0.32041858,-0.40915165,0.088733067,66.74170,59.082740,27.66400,11.16723,0.51481626,43.20206,41.61727,40.032486,2023-06-27,14:30
2023-06-27 15:30:00,41.881,41.94,41.764,41.87,41155970,51.096536,41.27676,41.50949,-0.26298956,-0.37991923,0.11692967,66.44145,64.11410,26.0024291,25.0073692,0.49061495,43.15494,41.59597,40.037007,2023-06-27,15:30
2023-06-28 09:30:00,40.66,41.409,40.518,41.36224,180490890,44.75914,41.32823,41.48004,-0.25550340,-0.35503607,0.099532664,48.92408,60.70241,26.40783,-45.96909,0.55214260,43.090071,41.55384,40.017600,2023-06-28,09:30
2023-06-28 10:30:00,41.363,41.74,41.286,41.4485,84076890,45.98478,41.41873,41.47373,-0.23984548,-0.33199795,0.092152467,73.28799,62.88451,26.074477,-0.92489360,0.54513247,42.95453,41.49596,40.037389,2023-06-28,10:30
2023-06-28 11:30:00,41.45296,41.845,41.1185,41.171,77859090,42.70232,41.47649,41.41319,-0.24698131,-0.31499462,0.068013316,58.20649,60.13952,25.98575,-6.75258,0.55808740,42.75131,41.41488,40.078456,2023-06-28,11:30
2023-06-28 12:30:00,41.17,41.289,40.817,41.286,77807590,44.47129,41.50282,41.38775,-0.24058371,-0.30011244,0.059528732,56.16611,62.55353,26.28524,-30.69426,0.55193831,42.58011,41.35113,40.12216,2023-06-28,12:30
2023-06-28 13:30:00,41.2842,41.4975,41.081,41.406,47192410,46.33322,41.50953,41.39140,-0.22325690,-0.28474133,0.061484430,64.20910,59.52724,26.095571,3.54240,0.54226420,42.44288,41.30343,40.16399,2023-06-28,13:30
2023-06-28 14:30:00,41.411,41.462,40.973,41.10627,51565280,42.50002,41.46711,41.33437,-0.23104749,-0.27400256,0.042955075,44.12004,54.83175,26.068351,-11.76429,0.53845950,42.31151,41.24835,40.18518,2023-06-28,14:30
2023-06-28 15:30:00,41.101,41.22,40.98958,41.139,38121160,43.054051,41.40745,41.29530,-0.23190726,-0.26558350,0.033676246,46.31375,51.54763,26.043075,-12.43805,0.51645668,42.012689,41.17195,40.33121,2023-06-28,15:30
2023-06-29 09:30:00,41.558,41.6,40.75101,40.792,104425000,38.78705,41.28678,41.19464,-0.25761897,-0.26399059,0.0063716280,23.056343,37.83004,25.11965,-20.78808,0.54020905,41.99250,41.14222,40.29194,2023-06-29,09:30
2023-06-29 10:30:00,40.797,41.309,40.703,41.219,58635530,45.89332,41.21445,41.19951,-0.24076505,-0.25934549,0.018580435,49.29683,39.55564,24.34567,-20.091211,0.54490838,41.94194,41.18917,40.43641,2023-06-29,10:30
2023-06-29 11:30:00,41.213,41.291,40.934,41.022,39756920,43.39056,41.17664,41.16401,-0.24053176,-0.25558274,0.015050978,35.44310,35.93209,23.62697,-28.80090,0.53148641,41.92171,41.20874,40.49577,2023-06-29,11:30
2023-06-29 12:30:00,41.02417,41.2,40.799,40.935,36756670,42.29363,41.11959,41.11821,-0.24454802,-0.25337580,0.0088277787,29.32499,38.021637,23.21693,-63.30354,0.52216602,41.90986,41.21889,40.52792,2023-06-29,12:30
2023-06-29 13:30:00,40.93221,40.93755,40.6,40.791,48757680,40.46996,41.077364,41.052766,-0.25639498,-0.25397963,-0.0024153491,19.19839,27.98882,23.20303,-114.10683,0.50897908,41.91597,41.21349,40.51101,2023-06-29,13:30
2023-06-29 14:30:00,40.789,40.875,40.60777,40.7825,37729480,40.35935,41.021420,40.99871,-0.26343291,-0.25587029,-0.0075626190,18.60070,22.37469,23.19012,-119.64783,0.49171130,41.90153,41.22092,40.54030,2023-06-29,14:30
2023-06-29 15:30:00,40.776,40.909,40.714,40.845,30529120,41.62295,40.95909,40.96797,-0.26095911,-0.25688805,-0.0040710585,24.64216,20.81375,23.070554,-100.98689,0.47051751,41.88345,41.23061,40.57777,2023-06-29,15:30
2023-06-30 09:30:00,41.68,42.34899,41.501,42.34899,137785450,62.31449,41.097166,41.24417,-0.13607076,-0.23272459,0.096653837,100.00000000000001,47.74762,22.99569,189.62751,0.54433688,42.10360,41.29561,40.48761,2023-06-30,09:30
2023-06-30 10:30:00,42.3465,42.55,42.187,42.29,81883820,61.39530,41.22505,41.45334,-0.041378885,-0.19445545,0.15307657,86.66664,70.43627,23.21085,200.21035,0.53138428,42.25999,41.34283,40.42566,2023-06-30,10:30
2023-06-30 11:30:00,42.26914,42.293,42.0079987,42.18149,56850690,59.65224,41.37944,41.59897,0.024625525,-0.15063926,0.17526478,81.10211,89.25625,22.99010,140.22285,0.51378544,42.36383,41.37750,40.39117,2023-06-30,11:30
2023-06-30 12:30:00,42.17998,42.40499,42.161,42.347,38299160,61.45005,41.50478,41.74858,0.089260749,-0.10265926,0.19192000,89.58975,85.78616,22.95925,143.44051,0.49451442,42.47806,41.41105,40.34404,2023-06-30,12:30
2023-06-30 13:30:00,42.343,42.479,42.32,42.455,38770620,62.62046,41.66400,41.88986,0.14749894,-0.052627616,0.20012656,95.12814,88.60667,23.048207,141.55612,0.47054908,42.58425,41.43990,40.29555,2023-06-30,13:30
2023-06-30 14:30:00,42.45382,42.46414,42.268,42.419,41589600,61.94535,41.82889,41.99569,0.18857458,-0.0043871765,0.19296176,93.28206,92.66665,22.99035,123.94427,0.45094839,42.67617,41.46735,40.25853,2023-06-30,14:30
2023-06-30 15:30:00,42.42,42.518,42.229,42.281,49447220,59.30576,41.99444,42.052751,0.20759876,0.038010011,0.16958875,86.20512,91.53844,23.033014,101.88135,0.43938054,42.77146,41.51329,40.25511,2023-06-30,15:30
2023-07-03 09:30:00,42.517,42.898,42.334,42.56479,83006880,62.81487,42.19247,42.15516,0.24277639,0.078963288,0.16381311,85.49991,88.32903,23.70842,113.030932,0.45206774,42.90732,41.56910,40.23088,2023-07-03,09:30
2023-07-03 10:30:00,42.56808,42.82299,42.396,42.5419,47079800,62.34790,42.38102,42.23251,0.26574470,0.11631957,0.14942513,84.50390,85.40298,24.33559,97.47435,0.45027645,43.026753,41.63765,40.24854,2023-07-03,10:30
2023-07-03 11:30:00,42.544,42.56499,42.235,42.291,37776290,57.31769,42.37458,42.24421,0.26069654,0.14519496,0.11550158,73.58571,81.19651,24.40561,67.35186,0.44168454,43.095078,41.68790,40.28072,2023-07-03,11:30
2023-07-03 12:30:00,42.29192,42.48,42.20257,42.343,43591740,58.072684,42.38046,42.26396,0.25791865,0.16773970,0.090178949,75.84853,77.97938,24.36672,59.27634,0.42995210,43.16349,41.73475,40.30600,2023-07-03,12:30
2023-07-03 13:30:00,42.34201,42.4,39.80711,42.384,0,58.69311,42.40297,42.28797,0.25607365,0.18540649,0.070667160,83.37046,77.60156,25.16926,-22.64023,0.58444766,43.22352,41.79863,40.37375,2023-07-03,13:30
2023-07-03 14:30:00,42.384,42.435,42.362,42.395,0,58.86896,42.40830,42.30938,0.25258741,0.19884268,0.053744738,83.72634,80.98177,25.84185,59.50763,0.54791569,43.27516,41.86143,40.44770,2023-07-03,14:30
2023-07-03 15:30:00,42.399,42.428,42.371,42.395,0,58.86896,42.40163,42.32650,0.24697754,0.20846965,0.038507893,83.72634,83.60771,26.46640,55.17263,0.51285028,43.28365,41.94158,40.59952,2023-07-03,15:30
2023-07-05 09:30:00,42.408,43.177,42.367,43.070999,98475220,68.44394,42.47408,42.47540,0.29369364,0.22551445,0.068179195,96.85450,88.10239,25.53817,100.99732,0.53407509,43.41893,42.034184,40.64943,2023-07-05,09:30
2023-07-05 10:30:00,43.075,43.13,42.536,42.536,56232150,57.11235,42.50241,42.48752,0.28426953,0.23726546,0.047004065,80.97859,87.18648,24.67625,82.90218,0.53835546,43.42900,42.10988,40.79077,2023-07-05,10:30
2023-07-05 11:30:00,42.5364,42.799,42.488,42.7435,41110340,59.88630,42.52227,42.53872,0.29019923,0.24785222,0.042347012,87.13610,88.32306,23.94712,74.56986,0.52211568,43.42977,42.20031,40.97084,2023-07-05,11:30
2023-07-05 12:30:00,42.7421,42.81,42.565,42.6808,26609130,58.65187,42.53770,42.56713,0.28653631,0.25558904,0.030947277,85.27555,84.46341,23.24688,77.069755,0.50232179,43.35537,42.29480,41.23422,2023-07-05,12:30
2023-07-05 13:30:00,42.673,42.80399,42.458,42.5415,27990710,55.89512,42.56553,42.56201,0.26928884,0.25832900,0.010959845,81.14187,84.51784,22.77362,64.88632,0.49115523,43.18813,42.38275,41.57737,2023-07-05,13:30
2023-07-05 14:30:00,42.537,42.709,42.523,42.6245,27939800,57.18634,42.59681,42.57451,0.25932802,0.25852880,0.00079922048,83.60482,83.34075,22.33416,65.74778,0.46935832,42.86635,42.47172,42.077098,2023-07-05,14:30
2023-07-05 15:30:00,42.63,42.653,42.304,42.323,28492410,51.30991,42.59003,42.52420,0.22451750,0.25172654,-0.027209040,74.65798,79.80156,22.30788,-4.48087,0.46076123,42.86682,42.47042,42.074023,2023-07-05,15:30
2023-07-06 09:30:00,41.844,41.844,41.346,41.78642,98514830,42.86720,42.52241,42.37665,0.15188148,0.23175753,-0.079876048,58.73516,72.33265,23.57632,-229.41530,0.49763557,42.93683,42.44524,41.95366,2023-07-06,09:30
2023-07-06 10:30:00,41.79461,41.813,41.457,41.5764,42599860,40.086904,42.43146,42.21660,0.076488430,0.20070371,-0.12421528,52.50294,61.96536,24.75416,-204.33779,0.48751872,43.027414,42.41499,41.80257,2023-07-06,10:30
2023-07-06 11:30:00,41.5765,41.809,41.571,41.772,28599930,43.74631,42.28712,42.12768,0.032151504,0.16699327,-0.13484176,58.30727,56.51512,25.84786,-145.88447,0.46969599,43.059679,42.38624,41.71280,2023-07-06,11:30
2023-07-06 12:30:00,41.7695,41.95,41.73,41.827,26520420,44.76784,42.20835,42.067543,0.0014355653,0.13388173,-0.13244616,59.93933,56.91651,26.45431,-99.54620,0.45186065,43.069809,42.35484,41.63987,2023-07-06,12:30
2023-07-06 13:30:00,41.83,42.117,41.732,42.025,32492030,48.40065,42.12851,42.059034,-0.0068510295,0.10573518,-0.11258621,37.083613,51.77674,26.54173,-65.27530,0.44708493,43.063538,42.33514,41.60674,2023-07-06,13:30
2023-07-06 14:30:00,42.023001,42.179,41.9371,41.967,27888920,47.41682,42.049202,42.040628,-0.017891975,0.081009746,-0.098901721,33.91602,43.64632,26.44566,-46.71595,0.43242891,43.065159,42.31944,41.57372,2023-07-06,14:30
2023-07-06 15:30:00,41.97099,42.133,41.88,42.095999,25075140,49.85810,41.99970,42.051702,-0.016047968,0.061598203,-0.077646172,40.96123,37.32029,26.45750,-39.74056,0.41961255,43.038864,42.29600,41.55314,2023-07-06,15:30
2023-07-07 09:30:00,42.322,42.947,42.18,42.67199,104671180,59.0092414,42.0049791,42.17576,0.031527715,0.055584106,-0.024056391,74.32691,49.73472,24.70179,62.86057,0.45042601,43.056068,42.30251,41.54894,2023-07-07,09:30
2023-07-07 10:30:00,42.66,42.883,42.5,42.809,47297590,60.84001,42.058979,42.30241,0.079372286,0.060341742,0.019030545,91.38036,68.88950,23.071495,80.17312,0.44560977,43.11355,42.32841,41.54326,2023-07-07,10:30
2023-07-07 11:30:00,42.8085,43.0,42.739,42.912,33610870,62.20659,42.18404,42.42433,0.12416934,0.073107261,0.051062076,94.67954,86.79560,21.81104,96.72454,0.43242326,43.18226,42.35686,41.53145,2023-07-07,11:30
2023-07-07 12:30:00,42.915,43.199,42.907,43.18299,37184210,65.60725,42.36255,42.57606,0.17946914,0.094379637,0.085089504,99.13602,95.065307,21.060172,125.94096,0.42239290,43.29750,42.39680,41.49611,2023-07-07,12:30
2023-07-07 13:30:00,43.185,43.214,43.060999,43.146,28522190,64.75078,42.51522,42.69005,0.21779917,0.11906354,0.098735625,96.35962,96.72506,20.39473,118.48542,0.40315076,43.39241,42.43435,41.47630,2023-07-07,13:30
2023-07-07 14:30:00,43.14899,43.1559,42.711,42.745,39153920,56.18755,42.61722,42.70104,0.21335934,0.13792270,0.075436634,74.89295,90.12953,18.99259,67.85870,0.40613289,43.41914,42.45186,41.48457,2023-07-07,14:30
2023-07-07 15:30:00,42.738,42.844,42.43202,42.502,38937050,51.72345,42.67022,42.66123,0.18806459,0.14795108,0.040113510,61.88428,77.71228,18.31200,27.031485,0.40655062,43.34874,42.42340,41.49807,2023-07-07,15:30
2023-07-10 09:30:00,42.657,42.808,41.81,42.361,111856040,49.27703,42.71400,42.60118,0.15485569,0.14933200,0.0055236877,51.45119,62.74281,18.80457,-12.89229,0.44879687,43.33887,42.41465,41.49044,2023-07-10,09:30
2023-07-10 10:30:00,42.356,42.398,41.963,42.073999,46773020,44.64797,42.71155,42.49575,0.10417803,0.14030121,-0.036123173,30.61468,47.98338,19.26196,-38.085096,0.44781142,43.30383,42.38118,41.45853,2023-07-10,10:30
2023-07-10 11:30:00,42.075,42.135,41.657,41.779,45223420,40.44256,42.61233,42.35240,0.039753488,0.12019166,-0.080438176,7.83559,29.96715,20.16886,-76.33120,0.44996774,43.28357,42.33609,41.38861,2023-07-10,11:30
2023-07-10 12:30:00,41.78325,42.148,41.649,42.088,33583620,46.16278,42.53222,42.29952,0.013474928,0.098848317,-0.085373388,28.051168,22.16714,20.97222,-54.019256,0.45347019,43.26185,42.31341,41.36498,2023-07-10,12:30
2023-07-10 13:30:00,42.097,42.22199,41.91001,42.155,30058200,47.34370,42.44811,42.27061,-0.0019226544,0.078694122,-0.080616777,32.33220,22.73965,21.48740,-29.35968,0.44336383,43.22961,42.28994,41.35027,2023-07-10,13:30
2023-07-10 14:30:00,42.16,42.199,42.0029999,42.1138,30966020,46.66584,42.32931,42.23925,-0.017250885,0.059505121,-0.076756006,29.69970,30.027690,21.96578,-25.36176,0.42569493,43.22210,42.27948,41.33686,2023-07-10,14:30
2023-07-10 15:30:00,42.113,42.185,41.925,42.18401,28412490,48.031396,42.22242,42.22820,-0.023462895,0.042911518,-0.066374412,34.18587,32.072592,22.55969,-31.40212,0.41385962,43.21596,42.29936,41.38276,2023-07-10,15:30
2023-07-11 09:30:00,42.481,42.733,42.067001,42.573,93921180,54.91851,42.20331,42.29716,0.0029682557,0.034922865,-0.031954610,59.041574,40.97572,21.42808,23.22302,0.43186946,43.20981,42.34919,41.48857,2023-07-11,09:30
2023-07-11 10:30:00,42.56801,42.713,42.29201,42.34,49166930,50.59344,42.18531,42.30573,0.0050555646,0.028949405,-0.023893841,44.15331,45.79359,20.37729,15.96369,0.43109235,43.19663,42.37759,41.55855,2023-07-11,10:30
2023-07-11 11:30:00,42.338,42.43399,42.184,42.258,32922130,49.12709,42.17387,42.29618,0.000091938322,0.023177912,-0.023085974,38.91365,47.36951,19.66610,-18.76640,0.41815653,43.18093,42.39914,41.61735,2023-07-11,11:30
2023-07-11 12:30:00,42.27,42.38799,42.14201,42.235,21939710,48.70076,42.19176,42.28395,-0.0056325924,0.017415811,-0.023048403,37.44413,40.17037,19.11033,-30.31164,0.40585826,43.17655,42.40964,41.64273,2023-07-11,12:30
2023-07-11 13:30:00,42.23454,42.32,42.13199,42.19875,20229740,47.99375,42.23840,42.26691,-0.012945318,0.011343585,-0.024288904,36.48217,37.61332,18.62059,-41.27824,0.39029787,43.16777,42.42123,41.67469,2023-07-11,13:30
2023-07-11 14:30:00,42.2,42.29033,42.084,42.24901,26092900,49.097146,42.25629,42.26333,-0.014517597,0.0061713487,-0.020688946,50.21018,41.37882,18.29824,-46.19449,0.37715726,43.16499,42.42888,41.69276,2023-07-11,14:30
2023-07-11 15:30:00,42.249,42.432,42.201,42.401,24448680,52.38685,42.28362,42.29086,-0.0034594583,0.0042451873,-0.0077046456,64.88371,50.52535,17.48596,-13.82964,0.36671744,43.14297,42.41533,41.68768,2023-07-11,15:30
2023-07-12 09:30:00,43.032999,43.929,42.77728,43.738,148551330,70.46758,42.46409,42.58029,0.11189898,0.025775946,0.086123035,91.62280,68.90556,18.92946,202.23208,0.44966618,43.37815,42.46178,41.54541,2023-07-12,09:30
2023-07-12 10:30:00,43.744,43.86,43.476,43.551,69087640,66.65503,42.61597,42.77443,0.18608698,0.057838153,0.12824883,83.42107,79.97586,20.26985,195.030391,0.44497571,43.50979,42.49373,41.47766,2023-07-12,10:30
2023-07-12 11:30:00,43.567,43.65,43.211,43.449,52517770,64.60186,42.71331,42.90935,0.23395393,0.093061309,0.14089262,78.94731,84.66372,20.73835,150.33422,0.44454898,43.56494,42.50703,41.44912,2023-07-12,11:30
2023-07-12 12:30:00,43.452,43.629,43.355,43.611,41597230,66.37345,42.85453,43.049676,0.28171342,0.13079173,0.15092169,84.24944,82.20594,21.17338,152.38728,0.43236706,43.66125,42.53028,41.39930,2023-07-12,12:30
2023-07-12 13:30:00,43.612,43.888,43.553,43.86899,44462630,69.031602,43.033528,43.21354,0.33650201,0.17193379,0.16456823,97.0055020,86.73408,22.0064637,158.89635,0.42541231,43.85757,42.58648,41.31538,2023-07-12,13:30
2023-07-12 14:30:00,43.86535,43.935,43.615,43.707,48041060,65.52895,43.19708,43.31223,0.36267046,0.21008112,0.15258934,88.65673,89.97056,22.85580,128.36959,0.41788295,44.0071871,42.64673,41.28627,2023-07-12,14:30
2023-07-12 15:30:00,43.706,43.934,43.672,43.905,37771730,67.68710,43.38667,43.43078,0.39483453,0.24703180,0.14780273,98.39391,94.68538,23.64447,115.85104,0.40674842,44.18247,42.72393,41.26539,2023-07-12,15:30
2023-07-13 09:30:00,44.518,44.993,44.492,44.5895,128928560,73.79519,43.64672,43.66253,0.47013876,0.29165319,0.17848556,86.12924,91.059957,25.75609,165.12681,0.45540928,44.48544,42.84970,41.21396,2023-07-13,09:30
2023-07-13 10:30:00,44.5895,44.899,44.57,44.874,52075820,75.83942,43.92150,43.90482,0.54647525,0.34261761,0.20385765,95.90924,93.47746,27.71688,147.55905,0.44637989,44.78494,43.0044528,41.22397,2023-07-13,10:30
2023-07-13 11:30:00,44.87526,44.897,44.702,44.8785,31870940,75.87150,44.048221,44.099558,0.60041449,0.39417698,0.20623751,96.063977,92.70082,29.53762,132.66993,0.42842427,45.048365,43.14398,41.23959,2023-07-13,11:30
2023-07-13 12:30:00,44.874,45.085999,44.83,45.047501,49307500,77.10055,44.21450,44.28915,0.64931375,0.44520434,0.20410942,98.71759,96.89694,31.43264,129.73262,0.41610823,45.30655,43.28860,41.27066,2023-07-13,12:30
2023-07-13 13:30:00,45.049341,45.354,44.982,45.2755,45636480,78.67850,44.41744,44.48642,0.69841358,0.49584619,0.20256739,97.59938,97.46032,33.46023,133.0072331,0.41295765,45.56462,43.44669,41.32875,2023-07-13,13:30
2023-07-13 14:30:00,45.271,45.79497,45.247,45.77999,60992590,81.68567,44.65844,44.74513,0.76916712,0.55051037,0.21865675,99.58316,98.63338,35.72018,146.22809,0.42260143,45.89063,43.62649,41.36235,2023-07-13,14:30
2023-07-13 15:30:00,45.774,46.155,45.719,45.981,74147010,82.73079,44.89311,44.99231,0.83187036,0.60678237,0.22508799,94.84862,97.34372,38.076916,149.028079,0.42355837,46.22525,43.79689,41.36852,2023-07-13,15:30
2023-07-14 09:30:00,46.58281,48.088,46.578,47.488,218726000,88.17775,45.31322,45.49144,0.99173341,0.68377258,0.30796084,87.69736,94.043048,41.10236,198.10643,0.54380425,46.87072,44.054287,41.23785,2023-07-14,09:30
2023-07-14 10:30:00,47.49342,47.88,46.894,47.17799,127719760,82.41866,45.67689,45.82875,1.080950,0.76320813,0.31774219,81.34080,87.96226,43.91170,164.27105,0.57538956,47.29969,44.30029,41.30088,2023-07-14,10:30
2023-07-14 11:30:00,47.178,47.48,46.919,47.076999,68298440,80.57247,45.95328,46.078403,1.13047,0.83666145,0.29381330,78.63931,82.55916,46.52037,137.61785,0.57436163,47.61662,44.54239,41.46815,2023-07-14,11:30
2023-07-14 12:30:00,47.078,47.153,46.155,46.325,94251370,68.30345,46.11450,46.12772,1.096405,0.88861006,0.20779446,61.12458,73.70156,46.93152,96.86734,0.60462159,47.71815,44.74870,41.77924,2023-07-14,12:30
2023-07-14 13:30:00,46.32,46.475,45.766,45.88758,70520040,62.35554,46.22662,46.079694,1.022323,0.91535260,0.10697013,50.80660,63.52350,46.45595,62.85861,0.61207717,47.70461,44.93063,42.15664,2023-07-14,13:30
2023-07-14 14:30:00,45.894,45.93699,45.060001,45.188,115395510,54.22297,46.24223,45.90135,0.89682418,0.91164691,-0.014822735,34.32972,48.75363,44.67681,19.89610,0.63099949,47.59005,45.069977,42.54991,2023-07-14,14:30
2023-07-14 15:30:00,45.194,45.483,45.089001,45.469,56549010,56.66763,46.26373,45.81488,0.81069482,0.89145650,-0.080761676,27.16905,37.43512,43.024747,12.053851,0.61407076,47.60557,45.15653,42.70748,2023-07-14,15:30
2023-07-17 09:30:00,46.289,46.496,45.26241,45.735,165103430,58.90492,46.25873,45.79891,0.75519527,0.86420425,-0.10900898,33.11540,31.53805,42.50926,37.86703,0.65832196,47.61125,45.26573,42.92020,2023-07-17,09:30
2023-07-17 10:30:00,45.736,45.892,45.39127,45.7,61017040,58.47709,46.22751,45.77913,0.70031443,0.83142629,-0.13111186,29.47432,29.91959,42.030586,20.55018,0.64706557,47.57565,45.37828,43.18091,2023-07-17,10:30
2023-07-17 11:30:00,45.708,45.862,45.30849,45.416,54346650,54.98721,45.99729,45.70650,0.62668058,0.79047714,-0.16379656,17.98653,26.85875,41.42183,3.88310,0.64038299,47.51095,45.46853,43.42610,2023-07-17,11:30
2023-07-17 12:30:00,45.412,45.714,45.322,45.6625,41315730,57.36552,45.82890,45.69770,0.58151238,0.74868419,-0.16717181,21.90919,23.12335,40.85656,-0.41678187,0.62264145,47.46481,45.55820,43.65160,2023-07-17,12:30
2023-07-17 13:30:00,45.67,46.085001,45.6665,45.9015,51723210,59.59468,45.69829,45.73846,0.55856291,0.71065994,-0.15209703,27.79065,22.56212,40.71590,20.60567,0.60834567,47.37824,45.66793,43.95761,2023-07-17,13:30
2023-07-17 14:30:00,45.897,46.487,45.785,46.391,69784680,63.77253,45.70562,45.86897,0.57326551,0.68318105,-0.10991554,43.95640,31.21875,40.96184,45.88288,0.61503519,47.32401,45.79223,44.26045,2023-07-17,14:30
2023-07-17 15:30:00,46.391,46.481,46.303,46.466,42677970,64.38025,45.76989,45.98838,0.58423461,0.66339176,-0.079157153,46.43328,39.39344,41.19021,59.55291,0.58381838,47.33954,45.88605,44.43257,2023-07-17,15:30
2023-07-18 09:30:00,46.701,46.712,45.734,46.035999,129851440,58.33789,45.86411,45.99790,0.55186855,0.64108712,-0.089218572,34.60988,41.66652,40.12503,24.72368,0.61197420,47.32211,45.94415,44.56620,2023-07-18,09:30
2023-07-18 10:30:00,46.02341,46.16,45.845,46.025,59669340,58.18746,45.92589,46.0033198,0.51934405,0.61673851,-0.097394459,39.87604,40.30640,39.13593,-0.13174116,0.59076172,47.28981,46.0014781,44.71314,2023-07-18,10:30
2023-07-18 11:30:00,46.035999,47.178,45.96001,47.1405,106254500,67.37586,46.082056,46.23076,0.57692918,0.60877664,-0.031847460,98.22946,57.57179,39.29536,85.15927,0.63556374,47.40746,46.10613,44.80480,2023-07-18,11:30
2023-07-18 12:30:00,47.12916,47.533,47.12916,47.428,68335980,69.25134,46.27406,46.47020,0.63840552,0.61470242,0.023703104,95.75419,77.95323,39.74236,139.97278,0.61901198,47.57706,46.21375,44.85045,2023-07-18,12:30
2023-07-18 13:30:00,47.42394,47.63399,47.361,47.514,55522310,69.81044,46.50717,46.67896,0.68615599,0.62899313,0.057162861,95.33840,96.44069,40.24067,132.77003,0.59429627,47.75958,46.30045,44.84133,2023-07-18,13:30
2023-07-18 14:30:00,47.518,47.89599,47.372,47.86702,67903250,72.056461,46.75211,46.91658,0.74390889,0.65197628,0.091932603,98.96792,96.68684,40.91810,132.54270,0.58927438,47.99597,46.39475,44.79354,2023-07-18,14:30
2023-07-18 15:30:00,47.86775,47.884,47.472,47.5,51430490,66.51583,46.92972,47.033260,0.75140136,0.67186130,0.079540064,84.96381,93.090043,41.54714,119.72128,0.57661189,47.99821,46.39535,44.79250,2023-07-18,15:30
2023-07-19 09:30:00,47.464,47.5,46.901,47.1415,114645100,61.53828,47.013113,47.054908,0.72011034,0.68151111,0.038599230,70.84100,84.92424,40.79650,78.17366,0.57821097,47.99290,46.39353,44.79416,2023-07-19,09:30
2023-07-19 10:30:00,47.135,47.64,47.123,47.463,62317610,64.13062,47.12389,47.13653,0.71303488,0.68781586,0.025219022,83.26611,79.69030,40.25662,97.59815,0.57383864,48.053508,46.41283,44.77215,2023-07-19,10:30
2023-07-19 11:30:00,47.47,47.818,47.088,47.123,65166260,59.55878,47.24467,47.13382,0.67224323,0.68470133,-0.012458108,69.96923,74.69211,39.95490,81.68292,0.58499293,48.12150,46.45273,44.78396,2023-07-19,11:30
2023-07-19 12:30:00,47.118,47.17,46.81201,46.994,51038990,57.87300,47.35234,47.10586,0.62233239,0.67222755,-0.049895154,59.54276,70.92603,39.040018,44.61528,0.56877862,48.17156,46.50805,44.84454,2023-07-19,12:30
2023-07-19 13:30:00,46.993,47.09899,46.742,46.775,37959150,55.025555,47.31172,47.039686,0.55866625,0.64951529,-0.090849036,48.15009,59.22070,38.031266,28.60162,0.55365076,48.13911,46.58740,45.035688,2023-07-19,13:30
2023-07-19 14:30:00,46.78,47.075,46.749,46.94678,39692490,56.82018,47.25826,47.021105,0.51612208,0.62283665,-0.10671456,56.095568,54.59614,37.094569,28.067760,0.53739006,48.13154,46.66129,45.19104,2023-07-19,14:30
2023-07-19 15:30:00,46.94,47.141,46.868,47.075,33939290,58.16215,47.20948,47.031884,0.48713637,0.59569659,-0.10856022,62.026196,55.42395,36.32564,34.37667,0.51850513,48.14474,46.72829,45.31185,2023-07-19,15:30
2023-07-20 09:30:00,46.4735,47.087,45.70481,45.7635,136634300,43.32885,46.97575,46.77821,0.35425435,0.54740814,-0.19315379,2.67853,40.26676,34.22402,-62.026085,0.58019690,48.13893,46.73147,45.32400,2023-07-20,09:30
2023-07-20 10:30:00,45.7635,46.244,45.3,46.144,103253040,47.51133,46.82509,46.65137,0.27646063,0.49321864,-0.21675801,32.51169,32.40547,32.86930,-100.53402,0.60618286,48.071168,46.76787,45.46456,2023-07-20,10:30
2023-07-20 11:30:00,46.14577,46.45,45.988,46.0,54640710,46.12396,46.69825,46.52109,0.20087339,0.43474959,-0.23387620,26.96466,20.71829,31.22542,-79.13003,0.59588405,48.038142,46.78474,45.53134,2023-07-20,11:30
2023-07-20 12:30:00,46.0029999,46.15,45.837,46.026001,43951560,46.42815,46.53859,46.42207,0.14143762,0.37608720,-0.23464958,27.96625,29.14753,29.92873,-98.74325,0.57567808,48.027887,46.79097,45.55404,2023-07-20,12:30
2023-07-20 13:30:00,46.022,46.03699,45.619,45.6425,37840020,42.60702,46.37409,46.26616,0.062666537,0.31340307,-0.25073653,13.19338,22.70810,29.051028,-120.22505,0.56441465,48.078747,46.75354,45.42833,2023-07-20,13:30
2023-07-20 14:30:00,45.639,45.71,45.062,45.2765,76601540,39.28409,46.18325,46.068228,-0.028959214,0.24493061,-0.27388982,7.60106,16.25356,28.97936,-147.095450,0.57038511,48.16438,46.69407,45.22375,2023-07-20,14:30
2023-07-20 15:30:00,45.275,45.785,45.275,45.522,53363540,42.52223,46.044031,45.95898,-0.080831813,0.17977812,-0.26060994,16.69088,12.49511,28.74824,-117.24342,0.56607193,48.20046,46.66837,45.13627,2023-07-20,15:30
2023-07-21 09:30:00,45.788,45.866,44.683,44.69,134071690,35.59391,45.79328,45.70519,-0.18692201,0.10643810,-0.29336011,0.22330881,8.17175,29.23727,-145.65541,0.61013835,48.34216,46.60162,44.86107,2023-07-21,09:30
2023-07-21 10:30:00,44.696,44.974,44.592,44.9215,64001690,38.59203,45.55400,45.54845,-0.24944368,0.035261742,-0.28470543,10.21384,9.042677,29.79022,-141.48508,0.59384258,48.35794,46.49067,44.62339,2023-07-21,10:30
2023-07-21 11:30:00,44.928,44.945,44.58,44.73254,43908690,37.074969,45.43945,45.38527,-0.31065887,-0.033922381,-0.27673649,5.88965,5.44227,30.31737,-129.32700,0.57749686,48.31970,46.35589,44.39208,2023-07-21,11:30
2023-07-21 12:30:00,44.725,45.102,44.4521,45.091501,47914890,41.75879,45.32250,45.32651,-0.32644423,-0.092426751,-0.23401748,23.77928,13.29426,30.40414,-107.91445,0.58266846,48.19675,46.23477,44.27279,2023-07-21,12:30
2023-07-21 13:30:00,45.084769,45.413,44.912,44.95705,53949060,40.54153,45.20662,45.25262,-0.34581698,-0.14310480,-0.20271218,18.77905,16.14933,29.72729,-84.75190,0.57683507,47.97563,46.089269,44.20291,2023-07-21,13:30
2023-07-21 14:30:00,44.96,44.974,44.34,44.608,71239130,37.48650,45.049065,45.12370,-0.38489864,-0.19146357,-0.19343508,9.56798,17.37544,29.87648,-111.012935,0.58091825,47.81964,45.94467,44.069699,2023-07-21,14:30
2023-07-21 15:30:00,44.603,44.741,44.1,44.30901,109118490,35.050056,44.90090,44.96076,-0.43498291,-0.24016743,-0.19481547,6.99728,11.78144,30.30027,-118.97402,0.58520983,47.72239,45.80304,43.88370,2023-07-21,15:30
2023-07-24 09:30:00,44.731,44.885,44.039999,44.706,115904080,40.57304,44.83751,44.90981,-0.43759686,-0.27965332,-0.15794354,27.63486,14.73338,30.34004,-96.90151,0.60376636,47.48109,45.66519,43.84930,2023-07-24,09:30
2023-07-24 10:30:00,44.7,45.109,44.43,44.934,62989760,43.54236,44.77218,44.91465,-0.41646994,-0.30701664,-0.10945329,37.095436,23.90919,29.83885,-67.34553,0.60914025,47.26789,45.55574,43.84360,2023-07-24,10:30
2023-07-24 11:30:00,44.933,45.023999,44.68,44.809,42829590,42.29464,44.78540,44.89352,-0.40514292,-0.32664190,-0.078501022,36.44550,33.72527,29.37345,-60.62390,0.59020168,47.053204,45.44649,43.83978,2023-07-24,11:30
2023-07-24 12:30:00,44.80672,44.871,44.46001,44.653,34845260,40.72616,44.75557,44.84541,-0.40409589,-0.34213270,-0.061963193,30.69621,34.74571,29.27834,-72.062831,0.57740080,46.86007,45.34039,43.82071,2023-07-24,12:30
2023-07-24 13:30:00,44.65264,44.919,44.643,44.738,27674030,41.98854,44.75617,44.82393,-0.39188981,-0.35208412,-0.039805690,38.22567,35.12246,29.059654,-56.46089,0.55587224,46.57796,45.22995,43.88195,2023-07-24,13:30
2023-07-24 14:30:00,44.739,44.77,44.3803,44.405,30712780,38.52677,44.67990,44.74014,-0.40442490,-0.36255227,-0.041872624,19.98900,29.63696,29.26504,-83.23068,0.54400282,46.19240,45.096455,44.00050604,2023-07-24,14:30
2023-07-24 15:30:00,44.40521,44.625,44.363,44.614,26297530,41.77160,44.64178,44.71492,-0.39296443,-0.36863471,-0.024329723,31.43493,29.88320,29.48234,-77.60673,0.52385973,46.10924,45.038980,43.96872,2023-07-24,15:30
2023-07-25 09:30:00,44.941,46.104,44.923,45.83834,115817770,56.31769,44.77848,44.93960,-0.28183923,-0.35127561,0.069436380,87.12881,46.18425,28.23273,90.83150,0.59286970,46.037649,45.023697,44.0097445,2023-07-25,09:30
2023-07-25 10:30:00,45.837,45.96484,45.522,45.783,50808130,55.64109,44.94226,45.10828,-0.19597812,-0.32021611,0.12423799,84.44758,67.67044,27.072385,121.46943,0.58215334,45.98871,45.012847,44.036987,2023-07-25,10:30
2023-07-25 11:30:00,45.783,46.043991,45.75001,45.873,35543370,56.55525,45.071927,45.26122,-0.11929497,-0.28003188,0.16073692,88.80816,86.79485,26.12289,146.71653,0.56156966,45.95111,45.0051968,44.059287,2023-07-25,11:30
2023-07-25 12:30:00,45.8785,45.969,45.771,45.83901,24029880,56.085165,45.17248,45.37678,-0.060567576,-0.23613902,0.17557144,87.16133,86.80569,25.24121,139.062018,0.53560048,45.99082,45.015022,44.039226,2023-07-25,12:30
2023-07-25 13:30:00,45.843,45.89199,45.638,45.872,25340030,56.46340,45.29059,45.47583,-0.011234219,-0.19115806,0.17992384,88.75966,88.24305,24.11242,117.70061,0.51548535,46.084912,45.044797,44.0046823,2023-07-25,13:30
2023-07-25 14:30:00,45.875,46.1825,45.767,45.8645,42617470,56.34457,45.42521,45.55356,0.026946908,-0.14753707,0.17448398,85.15743,87.026143,23.59704,128.43092,0.50834353,46.14336,45.061922,43.98049,2023-07-25,14:30
2023-07-25 15:30:00,45.86425,45.89003,45.58342,45.662,27477800,53.095839,45.52787,45.57525,0.040400013,-0.10994965,0.15034966,75.70589,83.20766,22.67529,83.72134,0.49393400,46.20798,45.11052,44.013066,2023-07-25,15:30
2023-07-26 09:30:00,46.020999,46.053,45.151,45.241,84617030,47.025206,45.62076,45.50840,0.016895818,-0.084580557,0.10147638,48.25499,69.70610,21.23007,47.0056068,0.52308149,46.22178,45.12650,44.031213,2023-07-26,09:30
2023-07-26 10:30:00,45.246,45.372,44.63,44.97,60168590,43.57178,45.66032,45.40072,-0.023329860,-0.072330418,0.049000558,33.36084,52.44057,20.81782,-19.62142,0.53871863,46.22139,45.13837,44.055346,2023-07-26,10:30
2023-07-26 11:30:00,44.967,45.23,44.95,44.964,32366830,43.49562,45.56317,45.31338,-0.055058451,-0.068876025,0.013817574,33.031093,38.21564,20.43501,-13.21515,0.52023864,46.21755,45.13200,44.046445,2023-07-26,11:30
2023-07-26 12:30:00,44.952,45.16,44.81698,45.157,23361270,46.72165,45.49361,45.28210,-0.063893633,-0.067879546,0.0039859132,43.63836,36.67676,20.30906,-13.28028,0.50758021,46.22459,45.14199,44.059392,2023-07-26,12:30
2023-07-26 13:30:00,45.15788,45.52,45.091,45.3,39288570,49.043056,45.42995,45.28568,-0.058680303,-0.066039698,0.0073593947,51.49762,42.72236,19.34679,17.83299,0.50196740,46.23262,45.17659,44.12056,2023-07-26,13:30
2023-07-26 14:30:00,45.307,45.892,45.143,45.36961,71937290,50.18100,45.37779,45.30247,-0.048374082,-0.062506574,0.014132493,55.32342,50.15313,18.23877,35.045580,0.51961273,46.20986,45.22962,44.24939,2023-07-26,14:30
2023-07-26 15:30:00,45.353,45.67799,45.25533,45.455,31118030,51.60856,45.33146,45.33297,-0.032936542,-0.056592568,0.023656026,53.14001,53.32035,17.20990,29.24532,0.51268749,46.22131,45.26707,44.31283,2023-07-26,15:30
2023-07-27 09:30:00,46.519,46.98199,46.36,46.36101,103801660,63.54505,45.38662,45.53858,0.051808200,-0.034912414,0.086720614,73.59777,60.68707,18.23832,175.97457,0.58513765,46.39074,45.33842,44.28611,2023-07-27,09:30
2023-07-27 10:30:00,46.372,46.954,46.359,46.897,52646080,68.49593,45.52385,45.81026,0.16037023,0.0041441152,0.15622612,96.38653,74.37477,19.19104,177.67715,0.58584219,46.66493,45.44282,44.22072,2023-07-27,10:30
2023-07-27 11:30:00,46.91,47.347,46.658,47.318,60516580,71.74212,45.75462,46.11181,0.27718235,0.058751763,0.21843059,98.93262,89.63897,20.52374,196.35274,0.59321071,46.99064,45.57607,44.16150,2023-07-27,11:30
2023-07-27 12:30:00,47.323,47.395,46.899,46.92699,54629500,65.039064,45.97207,46.27485,0.33435141,0.11387169,0.22047971,83.073741,92.79763,21.81414,167.51191,0.58626724,47.16120,45.68552,44.20985,2023-07-27,12:30
2023-07-27 13:30:00,46.916,47.12,46.456,46.478,60316870,58.30276,46.14029,46.31548,0.33951485,0.15900032,0.18051452,66.83542,82.94726,21.96426,108.22604,0.59181969,47.17924,45.78917,44.39910,2023-07-27,13:30
2023-07-27 14:30:00,46.46999,46.57995,45.988,46.1872,66344370,54.37464,46.25476,46.28982,0.31649352,0.19049896,0.12599456,56.31829,68.74249,21.15210,47.0088730,0.59182896,47.15742,45.86783,44.57825,2023-07-27,14:30
2023-07-27 15:30:00,46.19,46.255,45.75,45.9,42001720,50.73873,46.32142,46.21186,0.27193950,0.20678707,0.065152427,45.93129,56.36167,19.95871,8.026692,0.58562680,47.16050,45.87092,44.58133,2023-07-27,15:30
2023-07-28 09:30:00,46.668,46.923,46.381,46.69097,86940780,58.89153,46.46824,46.30768,0.29703078,0.22483581,0.072194968,74.53777,58.92912,19.83264,87.39060,0.61686782,47.25337,45.91631,44.57925,2023-07-28,09:30
2023-07-28 10:30:00,46.71498,46.965,46.51,46.946,44393550,61.12551,46.63391,46.43534,0.33364844,0.24659834,0.087050105,82.58346,67.68417,19.77196,91.26368,0.60530575,47.37989,45.96996,44.56004,2023-07-28,10:30
2023-07-28 11:30:00,46.944,47.026999,46.73,46.95799,41989260,61.23219,46.70024,46.53987,0.35949173,0.26917702,0.090314714,83.048560,80.056596,19.80303,89.79649,0.58328392,47.49805,46.025914,44.55378,2023-07-28,11:30
2023-07-28 12:30:00,46.9525,46.958,46.592,46.604,29090680,56.31883,46.66768,46.55270,0.34740414,0.28482244,0.062581696,65.66840,77.10014,19.53183,63.23614,0.56776345,47.55379,46.062514,44.57123,2023-07-28,12:30
2023-07-28 13:30:00,46.601,46.765,46.41,46.61767,38844910,56.46410,46.58987,46.56569,0.33506517,0.29487099,0.040194183,65.48264,71.39987,18.88817,46.63676,0.55256597,47.60750,46.10017,44.59284,2023-07-28,13:30
2023-07-28 14:30:00,46.607,46.661,46.45443,46.548,29019140,55.45186,46.54776,46.56215,0.31602187,0.29910116,0.016920710,60.41445,63.85516,18.29048,38.60896,0.52785179,47.64976,46.14447,44.63918,2023-07-28,14:30
2023-07-28 15:30:00,46.542,46.848,46.525,46.744,33471760,57.74681,46.57731,46.59852,0.31313578,0.30190809,0.011227695,60.42550,62.10753,18.076431,49.65704,0.51321959,47.68657,46.21962,44.75267,2023-07-28,15:30
2023-07-31 09:30:00,46.754,47.13,46.538,46.865,75203690,59.14605,46.65263,46.65182,0.31695845,0.30491816,0.012040294,67.78107,62.87367,18.36003,60.30775,0.51884664,47.68806,46.31437,44.94068,2023-07-31,09:30
2023-07-31 10:30:00,46.87404,46.923,46.642,46.70218,37542720,56.43765,46.74176,46.66189,0.30335284,0.30460510,-0.0012522574,57.88318,62.029915,18.62337,46.24919,0.50185758,47.63505,46.40128,45.16751,2023-07-31,10:30
2023-07-31 11:30:00,46.693,46.804,46.533,46.737,26073310,56.89228,46.74687,46.67691,0.29201386,0.30208685,-0.010072986,59.99993,61.88806,18.56709,32.87623,0.48536791,47.58034,46.48028,45.38022,2023-07-31,11:30
2023-07-31 12:30:00,46.729,46.78,46.50601,46.702,24829940,56.25674,46.71976,46.68193,0.27701019,0.29707152,-0.020061330,68.98549,62.28953,18.43809,21.76643,0.47026948,47.51043,46.55038,45.59033,2023-07-31,12:30
2023-07-31 13:30:00,46.697,46.861,46.66,46.702,20517430,56.25674,46.69132,46.68594,0.26209836,0.29007689,-0.027978527,68.98549,65.99030,18.48849,32.92641,0.45103580,47.41053,46.61700,45.82347,2023-07-31,13:30
2023-07-31 14:30:00,46.695,46.86699,46.629,46.69866,21900190,56.18730,46.70183,46.68849,0.24716210,0.28149393,-0.034331831,68.74356,68.90485,18.43606,18.45410,0.43581812,47.26698,46.67918,46.091383,2023-07-31,14:30
2023-07-31 15:30:00,46.688,46.745,46.55,46.736,25106810,56.82907,46.71498,46.69799,0.23562179,0.27231950,-0.036697713,47.39643,61.70849,18.12658,-7.56989,0.41861691,47.26758,46.69793,46.12828,2023-07-31,15:30
2023-08-01 09:30:00,46.4595,46.51,46.026999,46.36201,74157650,49.075061,46.69432,46.63079,0.19406113,0.25666783,-0.062606692,30.37260,48.83753,17.29999,-145.59818,0.43935853,47.25108,46.67118,46.091284,2023-08-01,09:30
2023-08-01 10:30:00,46.36556,46.9,46.325,46.59141,52424410,53.28549,46.67736,46.62292,0.17758761,0.24085178,-0.063264171,51.17049,42.97984,16.56220,-17.24954,0.44904721,47.13345,46.63485,46.13625,2023-08-01,10:30
2023-08-01 11:30:00,46.595,46.761,46.461,46.53,24939210,52.044963,46.64014,46.60433,0.15775837,0.22423310,-0.066474730,45.60290,42.38199,15.87711,-17.15707,0.43840098,47.096831,46.61500,46.13318,2023-08-01,11:30
2023-08-01 12:30:00,46.522,46.792,46.46,46.725,17942540,55.58123,46.64267,46.62847,0.15598048,0.21058258,-0.054602098,63.28206,53.35182,15.31782,16.93229,0.43080096,47.10716,46.62735,46.14755,2023-08-01,12:30
2023-08-01 13:30:00,46.72581,46.747,46.558,46.5755,15879750,52.39147,46.62473,46.61787,0.14088410,0.19664288,-0.055758782,49.72816,52.87104,14.79847,-7.048264,0.41352957,47.083227,46.64677,46.21031,2023-08-01,13:30
2023-08-01 14:30:00,46.57558,46.714,46.55247,46.59134,17113450,52.70117,46.61243,46.61257,0.12871442,0.18305719,-0.054342773,51.16412,54.72478,14.29780,-41.70477,0.39552979,46.95483,46.68134,46.40784,2023-08-01,14:30
2023-08-01 15:30:00,46.596,46.68,46.479,46.5125,18833770,50.92534,46.59138,46.59255,0.11142377,0.16873051,-0.057306733,44.016424,48.30290,13.57862,-80.98649,0.38163465,46.95554,46.67241,46.38928,2023-08-01,15:30
2023-08-02 09:30:00,45.831,45.84,44.8,45.14,115215830,31.20929,46.41819,46.30204,-0.012880043,0.13240840,-0.14528844,16.015036,37.065194,15.64475,-523.44994,0.47669646,47.29080,46.58211,45.87343,2023-08-02,09:30
2023-08-02 10:30:00,45.147,45.24899,44.34501,44.36679,71472990,25.27304,46.15495,45.91499,-0.17180275,0.071566167,-0.24336892,0.85246513,20.29464,18.038494,-377.75071,0.50721668,47.63084,46.45255,45.27426,2023-08-02,10:30
2023-08-02 11:30:00,44.37799,44.60499,43.387,43.53699,109256690,20.71846,45.84106,45.43939,-0.36055188,-0.014857443,-0.34569444,4.26959,7.045698,21.016067,-314.59641,0.55798621,48.028309,46.29920,44.57009,2023-08-02,11:30
2023-08-02 12:30:00,43.52635,44.292,43.508,44.21462,73691600,31.56460,45.57697,45.19444,-0.45026740,-0.10193943,-0.34832796,23.55882,9.56029,23.78096,-207.82542,0.57413024,48.12350,46.17905,44.23460,2023-08-02,12:30
2023-08-02 13:30:00,44.212,44.46,43.989,44.359,46230050,33.64744,45.33575,45.027350,-0.50390870,-0.18233329,-0.32157541,27.66866,18.49902,25.88565,-144.17048,0.56676374,48.15964,46.069600,43.97956,2023-08-02,13:30
2023-08-02 14:30:00,44.35201,44.48,44.0040588,44.035501,48274060,31.34545,45.036916,44.82898,-0.56599895,-0.25906642,-0.30693253,18.46005,23.22918,27.78339,-124.63037,0.56027632,48.17726,45.93417,43.69109,2023-08-02,14:30
2023-08-02 15:30:00,44.030109,44.445,44.030109,44.263,40038270,34.72745,44.77997,44.71578,-0.59004694,-0.32526252,-0.26478441,24.93598,23.68823,29.54558,-101.91464,0.54989177,48.11687,45.80407,43.49128,2023-08-02,15:30
2023-08-03 09:30:00,43.8,44.995,43.8,44.299,113763420,35.27082,44.52527,44.63243,-0.59929209,-0.38006844,-0.21922365,25.96070,23.11891,29.63979,-82.54808,0.59597102,48.046751,45.68392,43.32108,2023-08-03,09:30
2023-08-03 10:30:00,44.305,45.118,44.29235,44.91819,58364640,43.91862,44.34812,44.68958,-0.55031187,-0.41411712,-0.13619475,44.96881,31.95516,29.41900,-51.14851,0.61237666,47.92651,45.59298,43.25944,2023-08-03,10:30
2023-08-03 11:30:00,44.928,45.017999,44.67001,44.82199,34603610,42.95839,44.31279,44.71606,-0.51333958,-0.43396161,-0.079377962,42.14363,37.69105,29.21397,-42.43339,0.59349182,47.79744,45.49897,43.20051,2023-08-03,11:30
2023-08-03 12:30:00,44.81,45.029999,44.766,44.86347,26189910,43.53170,44.36797,44.74554,-0.47521375,-0.44221204,-0.033001706,43.94258,43.68501,28.98999,-34.88742,0.56995658,47.65214,45.40705,43.16195,2023-08-03,12:30
2023-08-03 13:30:00,44.87,44.90799,44.47,44.58565,30599050,40.58916,44.48449,44.71356,-0.46208981,-0.44618759,-0.015902213,36.027966,40.70473,29.25660,-45.066912,0.56053027,47.49162,45.30140,43.11117,2023-08-03,13:30
2023-08-03 14:30:00,44.594,44.657,44.36101,44.49696,26084490,39.66734,44.51586,44.67024,-0.45361654,-0.44767338,-0.0059431545,33.70669,37.89241,29.66956,-50.57557,0.54163453,47.30245,45.18945,43.076447,2023-08-03,14:30
2023-08-03 15:30:00,44.49,44.655,44.412,44.514,19389380,39.94954,44.53308,44.63900,-0.44044912,-0.44622853,0.0057794107,45.94382,38.55949,30.053014,-44.94310,0.52030344,47.15784,45.097046,43.036250,2023-08-03,15:30
2023-08-04 09:30:00,45.293,45.642,44.393,44.8,113979090,44.63043,44.61803,44.67120,-0.40229871,-0.43744257,0.035143860,62.66072,47.43708,27.96448,-8.70645,0.57235335,46.95319,45.0074751,43.061759,2023-08-04,09:30
2023-08-04 10:30:00,44.794,45.279,44.78,45.21978,53840590,50.70430,44.72434,44.78091,-0.33433734,-0.41682152,0.082484183,81.27630,63.29362,26.025123,11.28401,0.56711397,46.76242,44.94196,43.12151,2023-08-04,10:30
2023-08-04 11:30:00,45.22281,45.375,45.044,45.373,30831570,52.74203,44.84367,44.89933,-0.26505849,-0.38646891,0.12141042,87.39457,77.11053,24.43030,39.67062,0.55024867,46.51664,44.87436,43.23209,2023-08-04,11:30
2023-08-04 12:30:00,45.373,45.56699,45.215,45.28,39060870,51.35438,44.88387,44.97546,-0.21517857,-0.35221085,0.13703227,80.34732,83.0060630,23.35478,65.11385,0.53608732,46.27056,44.80959,43.34862,2023-08-04,12:30
2023-08-04 13:30:00,45.275,45.405,44.9,44.931,35478090,46.41889,44.89598,44.96657,-0.20148706,-0.32206609,0.12057903,61.40059,76.38083,21.75387,47.53010,0.53386671,45.94102,44.72657,43.51212,2023-08-04,13:30
2023-08-04 14:30:00,44.925,45.010001,44.542,44.6845,46454100,43.25673,44.87610,44.91016,-0.20812774,-0.29927842,0.091150681,48.018430,63.25545,20.99953,13.61648,0.52916189,45.53179,44.63517,43.73856,2023-08-04,14:30
2023-08-04 15:30:00,44.693,44.8,44.534,44.689,27223590,43.33264,44.88758,44.86593,-0.21059964,-0.28154266,0.070943024,48.26280,52.56061,20.31483,6.11581,0.51036464,45.47951,44.61262,43.74574,2023-08-04,15:30
2023-08-07 09:30:00,45.111,45.48,45.0049988,45.3785,93948910,53.57783,44.98553,44.96844,-0.15513356,-0.25626084,0.10112729,80.47638,58.91920,19.52292,116.36368,0.53040983,45.58325,44.66321,43.74316,2023-08-07,09:30
2023-08-07 10:30:00,45.383,45.54,44.91,44.98104,48094100,48.17127,45.037425,44.97096,-0.14161560,-0.23333179,0.091716190,48.40228,59.047154,18.57599,82.38557,0.53752333,45.50493,44.73541,43.96589,2023-08-07,10:30
2023-08-07 11:30:00,44.974,45.29,44.838,45.182,34777330,50.87074,45.079869,45.013169,-0.11337966,-0.20934137,0.095961705,64.090243,64.32297,17.53233,67.56357,0.53141444,45.53773,44.78378,44.029825,2023-08-07,11:30
2023-08-07 12:30:00,45.181,45.213,44.708,44.773,38561550,45.65850,45.030227,44.96514,-0.12259216,-0.19199153,0.069399365,32.16186,48.21813,16.29688,16.79664,0.52952782,45.53295,44.80448,44.076010,2023-08-07,12:30
2023-08-07 13:30:00,44.7765,44.905,44.56345,44.733,36871010,45.17101,44.95912,44.91871,-0.13160395,-0.17991401,0.048310063,29.039082,41.76373,15.47854,-32.61536,0.51610081,45.47854,44.83935,44.20017,2023-08-07,13:30
2023-08-07 14:30:00,44.74,45.06712,44.74,44.986,25995580,48.88795,44.92645,44.93217,-0.11698238,-0.16732768,0.050345307,47.47784,36.22626,14.42259,12.41193,0.50310231,45.45962,44.87550,44.29138,2023-08-07,14:30
2023-08-07 15:30:00,44.9893,45.428,44.955,45.4165,27796950,54.53580,44.98039,45.029033,-0.069851533,-0.14783245,0.077980921,81.94555,52.82082,14.23899,104.22803,0.50095222,45.49775,44.93138,44.36501,2023-08-07,15:30
2023-08-08 09:30:00,45.0375,45.242,44.565,44.807,82572920,46.67251,44.99400,44.98463,-0.080750721,-0.13441611,0.053665386,26.42825,51.95055,13.29920,-22.044254,0.52599145,45.49477,44.92582,44.35687,2023-08-08,09:30
2023-08-08 10:30:00,44.803,44.98,44.557,44.87521,51519500,47.58336,45.014695,44.96274,-0.082928495,-0.12411858,0.041190090,33.031404,47.13507,12.44454,-42.81785,0.51863478,45.49596,44.92848,44.36100,2023-08-08,10:30
2023-08-08 11:30:00,44.88309,45.13725,44.056009,44.49175,85879350,43.12398,44.91617,44.86854,-0.11427903,-0.12215067,0.0078716413,28.83838,29.43268,12.68437,-106.99462,0.55882093,45.50819,44.90989,44.31160,2023-08-08,11:30
2023-08-08 12:30:00,44.505,44.595,44.256,44.4955,35208230,43.18003,44.86222,44.79394,-0.13724014,-0.12516857,-0.012071576,29.61540,30.49506,12.90708,-131.41744,0.54311954,45.51464,44.90539,44.29613,2023-08-08,12:30
2023-08-08 13:30:00,44.492,44.76399,44.384,44.66937,32631980,45.84625,44.80526,44.76902,-0.13979559,-0.12809397,-0.011701618,41.33184,33.26187,12.66512,-90.23412,0.53146740,45.50449,44.91401,44.32352,2023-08-08,13:30
2023-08-08 14:30:00,44.665,44.738,44.472,44.647,27822460,45.55011,44.79126,44.74462,-0.14198906,-0.13087299,-0.011116070,39.82446,36.92390,12.44045,-89.52731,0.51250547,45.49577,44.92066,44.34555,2023-08-08,14:30
2023-08-08 15:30:00,44.6455,44.73699,44.45116,44.659,23441410,45.75254,44.78304,44.72749,-0.14113226,-0.13292484,-0.0082074125,40.63306,40.59645,12.28158,-81.13593,0.49631441,45.49785,44.91361,44.32937,2023-08-08,15:30
2023-08-09 09:30:00,44.274,44.312,43.12,43.29999,141513480,31.47894,44.59570,44.44199,-0.24726358,-0.15579259,-0.091470992,7.43759,29.29837,14.35466,-287.18086,0.57079184,45.71566,44.81762,43.91957,2023-08-09,09:30
2023-08-09 10:30:00,43.2915,43.337,42.134,42.47799,133872230,26.16239,44.26920,44.049193,-0.39316975,-0.20326802,-0.18990173,10.44296,19.50454,17.18703,-356.099822,0.61594956,45.99792,44.67287,43.34782,2023-08-09,10:30
2023-08-09 11:30:00,42.47,42.99699,42.38,42.972,82102030,33.43822,44.065312,43.83375,-0.46359497,-0.25533341,-0.20826156,25.44021,14.44025,19.81709,-246.68381,0.61602403,46.043184,44.55747,43.071751,2023-08-09,11:30
2023-08-09 12:30:00,42.964,43.141,42.696,43.079449,57626530,34.93989,43.86578,43.68289,-0.50491684,-0.30525010,-0.19966674,28.70218,21.52845,21.87027,-168.86578,0.60380812,46.071773,44.46489,42.85801,2023-08-09,12:30
2023-08-09 13:30:00,43.085001,43.323,43.012,43.3145,44820990,38.22321,43.73498,43.60921,-0.51278710,-0.34675750,-0.16602960,35.83786,29.99342,23.28950,-115.85433,0.58289337,46.075181,44.39639,42.71760,2023-08-09,13:30
2023-08-09 14:30:00,43.317,43.37499,42.771,42.81476,57667690,34.26404,43.54823,43.45032,-0.55297463,-0.38800092,-0.16497371,20.66672,28.40225,24.86312,-114.95270,0.58440039,46.11000,44.30268,42.49536,2023-08-09,14:30
2023-08-09 15:30:00,42.8095,42.847,42.535,42.545,43795800,32.31804,43.31219,43.26926,-0.59967821,-0.43033638,-0.16934183,13.22398,23.24285,26.56208,-121.75868,0.56494318,46.051113,44.16100,42.27089,2023-08-09,15:30
2023-08-10 09:30:00,42.16,43.574,41.835,42.957,160180630,38.10028,43.12441,43.20681,-0.59656934,-0.46358297,-0.13298637,33.97685,22.62252,26.35584,-95.69310,0.64880427,45.97995,44.059801,42.13965,2023-08-10,09:30
2023-08-10 10:30:00,42.952,43.155,42.358,42.514,90814070,34.67044,42.88608,43.068246,-0.62267408,-0.49540120,-0.12727288,20.56177,22.58753,26.16433,-92.074728,0.65938969,45.88646,43.92640,41.96634,2023-08-10,10:30
2023-08-10 11:30:00,42.529,42.72,42.12701,42.3834,65096320,33.70707,42.78423,42.93128,-0.64644874,-0.52561070,-0.12083803,18.72322,24.42061,26.30434,-99.37534,0.65464686,45.83610,43.80692,41.77775,2023-08-10,11:30
2023-08-10 12:30:00,42.393,42.585,42.213,42.37599,38853580,33.64992,42.77290,42.82022,-0.65830000,-0.55214856,-0.10615144,18.47014,19.25171,26.43434,-91.13898,0.63445781,45.76271,43.68907,41.61543,2023-08-10,12:30
2023-08-10 13:30:00,42.367,42.48,41.966,42.41215,49189580,34.23571,42.71069,42.73861,-0.65719860,-0.57315857,-0.084040029,19.88110,19.024819,26.90122,-90.80915,0.62585357,45.61548,43.56038,41.50528,2023-08-10,13:30
2023-08-10 14:30:00,42.40601,42.62999,42.31,42.43254,43425010,34.58645,42.63882,42.67739,-0.64721954,-0.58797076,-0.059248773,20.59071,19.64732,26.93364,-73.12495,0.60400610,45.33466,43.41118,41.48770,2023-08-10,14:30
2023-08-10 15:30:00,42.431,42.582,42.333,42.389,30735250,34.16745,42.53598,42.61971,-0.63549869,-0.59747635,-0.038022343,22.36581,20.94587,26.96375,-70.41654,0.57864867,45.15055,43.29028,41.43001,2023-08-10,15:30
2023-08-11 09:30:00,41.751,42.017999,41.363,41.606,127430840,27.67439,42.40168,42.41697,-0.68153522,-0.61428812,-0.067247096,10.99048,17.98233,28.23991,-128.37292,0.61060240,44.97579,43.12682,41.27785,2023-08-11,09:30
2023-08-11 10:30:00,41.6145,41.675,40.913,40.94227,87834010,23.58317,42.22359,42.12203,-0.76278405,-0.64398731,-0.11879674,1.099941,11.48541,29.84770,-164.17074,0.62141648,44.91773,42.94935,40.98096,2023-08-11,10:30
2023-08-11 11:30:00,40.943,41.16644,40.639,41.047,103347860,25.45581,42.011373,41.90702,-0.80939330,-0.67706851,-0.13232479,13.90116,8.66386,31.57187,-174.95836,0.61470376,44.77724,42.77692,40.77660,2023-08-11,11:30
2023-08-11 12:30:00,41.060001,41.189,40.77,41.10591,54012340,26.54622,41.85492,41.74680,-0.83198720,-0.70805224,-0.12393495,15.90835,10.30315,33.10915,-157.41353,0.60072494,44.52657,42.59875,40.67093,2023-08-11,12:30
2023-08-11 13:30:00,41.102,41.17499,40.9011,41.067001,44654970,26.27286,41.70865,41.61084,-0.84331156,-0.73510411,-0.10820745,14.58263,14.79738,34.53663,-141.33909,0.57737974,44.21377,42.41975,40.62573,2023-08-11,13:30
2023-08-11 14:30:00,41.064749,41.188,40.89,41.023999,57643360,25.95476,41.55843,41.49347,-0.84600392,-0.75728407,-0.088719849,13.11747,14.53615,35.81993,-122.61633,0.55742413,43.81062,42.23800,40.66537,2023-08-11,14:30
2023-08-11 15:30:00,41.031989,41.084,40.806,40.855,38437670,24.68960,41.38541,41.36578,-0.85195375,-0.77621801,-0.075735743,7.35937,11.68649,37.10025,-114.14681,0.53746525,43.71898,42.11575,40.51252,2023-08-11,15:30
2023-08-14 09:30:00,40.486,42.268,40.311,41.955,189056950,43.86861,41.33235,41.48362,-0.75915713,-0.77280583,0.013648698,57.80591,26.094252,35.16950,-51.37697,0.63886064,43.68538,42.089599,40.49381,2023-08-14,09:30
2023-08-14 10:30:00,41.954,42.838,41.918,42.764,118166300,53.29014,41.37402,41.73970,-0.61326604,-0.74089787,0.12763183,97.071667,54.078983,32.94740,42.37194,0.65894211,43.65442,42.079199,40.50397,2023-08-14,10:30
2023-08-14 11:30:00,42.769,43.212,42.71721,42.99216,99586890,55.55584,41.52804,41.99019,-0.47377443,-0.68747319,0.21369875,92.42194,82.43317,31.45394,86.12083,0.64721701,43.63940,42.074834,40.51027,2023-08-14,11:30
2023-08-14 12:30:00,42.992,43.596,42.85601,43.467,74634450,59.91382,41.80856,42.28555,-0.32120792,-0.61422013,0.29301221,96.073127,95.18891,30.59626,116.26625,0.65384367,43.67240,42.082459,40.49252,2023-08-14,12:30
2023-08-14 13:30:00,43.466,43.625,43.24265,43.39899,58325580,59.021135,42.069896,42.50824,-0.20344068,-0.53206424,0.32862356,93.18014,93.89174,29.83898,122.066848,0.63445116,43.77416,42.11167,40.44918,2023-08-14,13:30
2023-08-14 14:30:00,43.399,43.499,43.204,43.40518,54674840,59.080882,42.32537,42.68763,-0.10836078,-0.44732355,0.33896277,93.36690,94.20672,29.052919,109.60180,0.61020452,43.90212,42.15468,40.40724,2023-08-14,14:30
2023-08-14 15:30:00,43.406,43.8,43.402,43.7615,56144430,62.47326,42.62476,42.90240,-0.0042086961,-0.35870058,0.35449188,98.89650,95.14785,28.75788,125.078687,0.59504713,44.048204,42.19490,40.34161,2023-08-14,15:30
2023-08-15 09:30:00,44.56,45.268,43.71,43.91103,258698950,63.82850,42.94554,43.10413,0.089368222,-0.26908682,0.35845504,72.62518,88.29619,29.99956,159.077069,0.66382939,44.26072,42.26476,40.26880,2023-08-15,09:30
2023-08-15 10:30:00,43.916,44.583,43.75,44.54794,108278970,68.96901,43.35587,43.39289,0.21247275,-0.17277491,0.38524765,85.47389,85.66519,31.15254,138.65036,0.67591291,44.60385,42.37298,40.14212,2023-08-15,10:30
2023-08-15 11:30:00,44.521,44.822,44.455,44.75356,71760880,70.43006,43.66682,43.66502,0.32290366,-0.073639192,0.39654285,89.62199,82.57369,32.41806,141.95663,0.65384779,44.95228,42.49186,40.031441,2023-08-15,11:30
2023-08-15 12:30:00,44.753,44.779,44.317,44.47,57183650,65.82712,43.85637,43.82602,0.38312361,0.017713368,0.36541024,83.90160,86.33249,33.26845,114.038729,0.64014435,45.20103,42.59475,39.98848,2023-08-15,12:30
2023-08-15 13:30:00,44.481,44.627,44.233,44.44252,44863460,65.38115,44.017525,43.94932,0.42374617,0.098919929,0.32482625,83.34721,85.62360,33.85575,95.78960,0.62256262,45.42103,42.69525,39.96948,2023-08-15,13:30
2023-08-15 14:30:00,44.446,44.699,44.189,44.189,55085730,61.25806,44.097747,43.99726,0.43052024,0.16523999,0.26528025,78.23285,81.82722,34.47548,82.26749,0.61452226,45.58256,42.78525,39.98794,2023-08-15,14:30
2023-08-15 15:30:00,44.19799,44.31899,43.902,43.941,57612590,57.44190,44.15797,43.98600,0.41113778,0.21441955,0.19671823,73.22980,78.26995,34.32844,61.11570,0.60041297,45.68758,42.90200,40.11643,2023-08-15,15:30
2023-08-16 09:30:00,44.52,44.675,43.799,44.2,159195850,60.22845,44.24628,44.028804,0.41192771,0.25392118,0.15800653,68.11942,73.19403,34.60991,64.98731,0.62009783,45.75230,43.064890,40.37748,2023-08-16,09:30
2023-08-16 10:30:00,44.191,44.35,44.0040009,44.12602,56255450,59.039316,44.28679,44.048247,0.40195066,0.28352708,0.11842359,55.23035,65.52653,34.87128,57.20599,0.60051935,45.77583,43.21884,40.66185,2023-08-16,10:30
2023-08-16 11:30:00,44.134,44.227,43.406,43.53593,69769000,50.47846,44.24511,43.94578,0.34248072,0.29531781,0.047162913,28.18927,50.51301,33.68841,26.65034,0.61626791,45.70811,43.34034,40.97257,2023-08-16,11:30
2023-08-16 12:30:00,43.5335,43.87874,43.512,43.8,47636690,53.71305,44.16200,43.91663,0.31304985,0.29886421,0.014185631,28.87595,37.43186,32.59003,21.0080360,0.59844462,45.60779,43.47699,41.34619,2023-08-16,12:30
2023-08-16 13:30:00,43.7965,44.15,43.625,44.082449,58318120,56.95188,44.087436,43.94979,0.30895552,0.30088248,0.0080730447,42.56052,33.20858,31.98191,32.12830,0.59319858,45.45108,43.62991,41.80875,2023-08-16,13:30
2023-08-16 14:30:00,44.079501,44.176,43.5,43.62903,65033210,50.80596,43.99399,43.88564,0.26605676,0.29391733,-0.027860572,12.16680,27.86776,31.11732,2.58164,0.59911304,45.072324,43.76862,42.46491,2023-08-16,14:30
2023-08-16 15:30:00,43.639,43.77457,43.453,43.48,38538690,48.93666,43.88705,43.80451,0.21752600,0.27863906,-0.061113070,3.97417,19.56716,30.19875,-41.81260,0.57928852,44.86232,43.84487,42.82741,2023-08-16,15:30
2023-08-17 09:30:00,43.97,44.062,43.476,43.601,118372480,50.52821,43.82171,43.76381,0.18667698,0.26024665,-0.073569664,13.77127,9.97075,29.82309,-33.94944,0.57976781,44.78474,43.88672,42.98869,2023-08-17,09:30
2023-08-17 10:30:00,43.59879,43.825,43.27,43.36415,73093650,47.41310,43.75762,43.68388,0.14148614,0.23649455,-0.095008405,6.066356,7.93727,28.94461,-82.87086,0.57799859,44.74176,43.90532,43.068872,2023-08-17,10:30
2023-08-17 11:30:00,43.363,43.63599,43.27571,43.62,52105620,50.93221,43.69318,43.67110,0.12487754,0.21417115,-0.089293606,23.19417,14.34393,28.12889,-82.62834,0.56244714,44.73592,43.91297,43.090007,2023-08-17,11:30
2023-08-17 12:30:00,43.62876,43.85,43.501,43.693,37884520,51.92081,43.64506,43.67548,0.11626520,0.19458996,-0.078324756,29.60103,19.62052,27.76457,-54.59478,0.54720085,44.72343,43.92767,43.13190,2023-08-17,12:30
2023-08-17 13:30:00,43.6965,43.714,43.46003,43.506,37287400,49.18687,43.64174,43.64159,0.093275343,0.17432703,-0.081051691,16.51497,23.10339,27.30701,-82.41259,0.52625581,44.71635,43.93271,43.14906,2023-08-17,13:30
2023-08-17 14:30:00,43.51,43.591,43.001001,43.22635,59893080,45.34178,43.57800,43.55854,0.051892047,0.14984004,-0.097947990,13.46165,19.85922,25.66237,-129.65115,0.53080893,44.74569,43.90595,43.066210,2023-08-17,14:30
2023-08-17 15:30:00,43.22,43.452,43.017999,43.343,42200090,47.19607,43.49584,43.51543,0.028183319,0.12550869,-0.097325375,20.43002,16.80221,24.13521,-116.34183,0.52389398,44.75237,43.87755,43.0027264,2023-08-17,15:30
2023-08-18 09:30:00,42.635,42.865,41.66,41.924,168448030,32.67451,43.30639,43.19714,-0.10390967,0.079625020,-0.18353469,9.81407,14.56858,24.53068,-269.78733,0.60668717,44.91676,43.74635,42.57595,2023-08-18,09:30
2023-08-18 10:30:00,41.912,42.641,41.901,42.387,88412570,39.24330,43.18494,43.035115,-0.16928267,0.029843482,-0.19912615,28.32097,19.52169,24.89790,-213.72253,0.61620947,44.84479,43.62802,42.41126,2023-08-18,10:30
2023-08-18 11:30:00,42.3831,43.03837,42.23,42.873,74996860,45.27866,43.10406,43.0026923,-0.17980232,-0.012085678,-0.16771664,48.21146,28.78217,24.31728,-131.67898,0.62993529,44.74284,43.54817,42.35350,2023-08-18,11:30
2023-08-18 12:30:00,42.862,43.189,42.754,42.9735,65769380,46.46297,43.060650,42.99685,-0.17797829,-0.045264201,-0.13271409,52.20579,42.91274,23.45257,-81.57066,0.61601139,44.62003,43.47472,42.32941,2023-08-18,12:30
2023-08-18 13:30:00,42.973,43.24899,42.837,43.18,43082230,48.90976,43.011760,43.033483,-0.15804802,-0.067820964,-0.090227053,60.41327,53.61017,22.51766,-54.80713,0.60143845,44.52740,43.42427,42.32115,2023-08-18,13:30
2023-08-18 14:30:00,43.17,43.514,43.135,43.2435,70271510,49.67149,42.96182,43.075486,-0.13556641,-0.081370053,-0.054196353,65.92422,59.51443,21.076866,-17.55174,0.58555005,44.46882,43.38940,42.30997,2023-08-18,14:30
2023-08-18 15:30:00,43.243,43.57799,43.201,43.288,50471790,50.23150,42.93759,43.11799,-0.11285778,-0.087667597,-0.025190179,67.77688,64.70479,19.60346,-1.49153,0.57065289,44.35744,43.34380,42.33015,2023-08-18,15:30
2023-08-21 09:30:00,44.494,45.59,44.222,45.16,190587960,66.91098,43.15244,43.52639,0.055553357,-0.059023406,0.11457676,89.058552,74.25322,20.93824,250.29322,0.69432046,44.64214,43.39550,42.14885,2023-08-21,09:30
2023-08-21 10:30:00,45.166,45.43,44.87499,45.176,81572870,67.012740,43.35611,43.85631,0.18814270,-0.0095901856,0.19773288,89.46569,82.10037,22.17769,230.43052,0.68436957,44.94628,43.47750,42.0087141,2023-08-21,10:30
2023-08-21 11:30:00,45.168,45.656,45.11001,45.635,64010310,69.87490,43.76844,44.21205,0.32649451,0.057626754,0.26886776,99.47450,92.66624,23.53947,219.19638,0.67448531,45.31103,43.56925,41.82746,2023-08-21,11:30
2023-08-21 12:30:00,45.6365,46.169,45.4651,46.086301,73492370,72.40970,44.17948,44.58690,0.46717022,0.13953545,0.32763477,98.16590,95.70203,25.24338,212.19587,0.67658637,45.72081,43.66944,41.61808,2023-08-21,12:30
2023-08-21 13:30:00,46.08299,46.30893,45.955,46.24,80035820,73.23566,44.55359,44.91752,0.58432322,0.22849300,0.35583022,98.51729,98.71923,26.93770,181.11588,0.65353954,46.13690,43.79999,41.46308,2023-08-21,13:30
2023-08-21 14:30:00,46.255,46.9,46.203,46.8015,89399500,76.055795,44.97892,45.29432,0.71424299,0.32564300,0.38859999,98.12026,98.26782,28.94665,167.95315,0.65664386,46.63668,43.96607,41.29545,2023-08-21,14:30
2023-08-21 15:30:00,46.797,47.064999,46.6792,46.96,69878010,76.79895,45.39892,45.62745,0.82053627,0.42462165,0.39591462,98.057376,98.23164,30.92342,148.90942,0.63729788,47.098035,44.13402,41.17000,2023-08-21,15:30
2023-08-22 09:30:00,48.135,48.187,46.038,46.079999,268666570,64.77775,45.71409,45.71796,0.82426407,0.50455014,0.31971393,66.48105,87.55289,33.38654,120.13283,0.74527654,47.32766,44.26981,41.21195,2023-08-22,09:30
2023-08-22 10:30:00,46.085001,46.582,45.68,45.923,126588030,62.88652,46.0068671,45.75897,0.80526735,0.56469358,0.24057377,61.99432,75.51092,34.90498,76.59398,0.75647121,47.50899,44.38496,41.26092,2023-08-22,10:30
2023-08-22 11:30:00,45.9285,46.16448,45.3331,45.608,84670730,59.15476,46.056645,45.72878,0.75607864,0.60297059,0.15310805,52.53080,60.33539,35.61264,54.38460,0.76182193,47.63132,44.48071,41.33010,2023-08-22,11:30
2023-08-22 12:30:00,45.60821,45.94199,45.51101,45.6485,66146850,59.48762,46.10914,45.71272,0.71215497,0.62480747,0.087347498,52.55138,55.69217,36.26975,49.41198,0.73819024,47.74428,44.58783,41.43138,2023-08-22,12:30
2023-08-22 13:30:00,45.653,45.986,45.42276,45.95399,56769170,62.0030065,46.14459,45.76097,0.69399568,0.63864511,0.055350571,55.79946,53.62721,36.68945,48.71620,0.72569369,47.86926,44.72421,41.57917,2023-08-22,13:30
2023-08-22 14:30:00,45.9475,46.0019989,45.583,45.71299,71336940,58.89627,46.10311,45.75138,0.65263468,0.64144302,0.011191658,50.38089,52.91058,37.093981,43.76263,0.70378702,47.94902,44.84271,41.73641,2023-08-22,14:30
2023-08-22 15:30:00,45.705,45.7649,45.44101,45.672,58038390,58.36063,46.039998,45.73550,0.60952195,0.63505881,-0.025536856,36.56999,47.58345,37.13302,32.62581,0.67665146,47.84835,45.030114,42.21188,2023-08-22,15:30
2023-08-23 09:30:00,46.047839,46.6,45.208,46.336,181360480,64.062254,45.98828,45.85560,0.62176659,0.63240037,-0.010633775,44.11244,43.68777,37.94132,51.68840,0.72774788,47.82185,45.22756,42.63327,2023-08-23,09:30
2023-08-23 10:30:00,46.34,46.78,46.26501,46.577,83894110,65.88799,45.94572,45.99988,0.64349941,0.63462018,0.0088792348,47.67611,42.78618,38.83431,80.092448,0.71255090,47.83114,45.41276,42.99439,2023-08-23,10:30
2023-08-23 11:30:00,46.577,46.908,46.43,46.6969,61192550,66.79188,46.014264,46.13928,0.66275793,0.64024773,0.022510207,49.97987,47.25614,39.76534,89.80142,0.69579726,47.80114,45.59893,43.39673,2023-08-23,11:30
2023-08-23 12:30:00,46.697,46.805,46.47,46.788,50021880,67.49662,46.11037,46.26903,0.67756105,0.64771039,0.029850655,53.037978,50.23132,40.62986,90.70903,0.67002585,47.73690,45.77933,43.82177,2023-08-23,12:30
2023-08-23 13:30:00,46.786,47.056989,46.77,46.92219,62778010,68.55517,46.25640,46.39966,0.69214195,0.65659670,0.035545251,57.54247,53.52011,41.64453,108.62974,0.64266595,47.59785,45.96327,44.32869,2023-08-23,13:30
2023-08-23 14:30:00,46.91,47.048999,46.623,46.939,72059840,68.69273,46.39979,46.50753,0.69701923,0.66468121,0.032338017,58.10682,56.22909,42.17446,98.31669,0.62718967,47.28492,46.14582,45.0067131,2023-08-23,14:30
2023-08-23 15:30:00,46.934,47.2,46.858,47.122,66913550,70.21996,46.52956,46.63042,0.70749539,0.67324404,0.034251348,64.24978,59.96636,42.81062,110.44752,0.60681907,47.36431,46.24392,45.12352,2023-08-23,15:30
2023-08-24 09:30:00,49.354,49.65,48.026999,48.035501,424273400,76.40704,46.78762,46.91144,0.78051246,0.69469773,0.085814735,63.65380,62.0034664,44.83043,254.80763,0.74404627,47.64681,46.38689,45.12698,2023-08-24,09:30
2023-08-24 10:30:00,48.02757,48.509,47.47,47.982,185302610,75.41878,47.044288,47.12555,0.82455701,0.72066958,0.10388742,62.44937,63.45098,45.59366,165.70655,0.76511428,47.89280,46.50424,45.11568,2023-08-24,10:30
2023-08-24 11:30:00,47.983,48.55,47.7,48.438,112763160,78.027412,47.27784,47.38804,0.88604423,0.75374451,0.13229971,72.71501,66.27273,46.32514,168.22680,0.77117755,48.22985,46.62183,45.013803,2023-08-24,11:30
2023-08-24 12:30:00,48.4385,48.95,48.1839,48.33699,105316220,76.10085,47.47340,47.57783,0.91606282,0.78620817,0.12985464,70.44103,68.53514,47.22518,164.86541,0.77081494,48.48764,46.72668,44.96572,2023-08-24,12:30
2023-08-24 13:30:00,48.328,48.6975,48.296,48.4675,73920960,76.89464,47.67013,47.75576,0.93955312,0.81687716,0.12267596,73.37909,72.17838,48.060934,138.35602,0.74443541,48.72784,46.80998,44.89212,2023-08-24,13:30
2023-08-24 14:30:00,48.467,48.571,47.411,47.444,103045750,60.049697,47.74302,47.69341,0.86560344,0.82662242,0.038981022,50.33771,64.71928,47.10855,72.66154,0.77411864,48.77112,46.83418,44.89724,2023-08-24,14:30
2023-08-24 15:30:00,47.446,47.555,47.159,47.162,98818350,56.38463,47.76967,47.58713,0.77530545,0.81635902,-0.041053579,43.98920,55.90200,45.79492,29.17899,0.74711010,48.79819,46.88828,44.97836,2023-08-24,15:30
2023-08-25 09:30:00,47.012,47.805,46.237,47.0595,234658160,55.068999,47.78305,47.48160,0.68754717,0.79059665,-0.10304948,24.099048,39.47532,43.20071,5.61231,0.80574504,48.80369,46.94510,45.086511,2023-08-25,09:30
2023-08-25 10:30:00,47.060001,47.19299,45.247,45.816,205001050,42.20340,47.63794,47.14848,0.51175884,0.73482909,-0.22307025,12.92301,27.0037535,40.59059,-73.82011,0.88719111,48.78617,46.95550,45.12484,2023-08-25,10:30
2023-08-25 11:30:00,45.816,46.014001,45.023999,45.445,133613360,39.25663,47.35011,46.80779,0.33860555,0.65558438,-0.31697883,9.10078,15.37428,38.39704,-120.18304,0.89453478,48.80694,46.94533,45.083718,2023-08-25,11:30
2023-08-25 12:30:00,45.445,45.73747,45.234,45.36,85911670,38.59177,47.058777,46.51823,0.19230471,0.56292845,-0.37062374,7.26333,9.76237,36.36018,-120.61668,0.86660157,48.85681,46.91563,44.97445,2023-08-25,12:30
2023-08-25 13:30:00,45.355,45.955,45.212,45.939,72219270,45.37795,46.78111,46.40238,0.12167814,0.47467839,-0.35300024,19.77956,12.047888,34.17383,-99.42281,0.85777283,48.84243,46.92693,45.011427,2023-08-25,13:30
2023-08-25 14:30:00,45.939,46.364,45.73301,46.128,106754160,47.42053,46.53567,46.34751,0.080034089,0.39574953,-0.31571544,23.86512,16.96934,31.85622,-73.32039,0.84157410,48.81514,46.94973,45.084319,2023-08-25,14:30
2023-08-25 15:30:00,46.129,46.19399,45.77,46.017999,63937890,46.33451,46.26350,46.28161,0.037719934,0.32414361,-0.28642367,21.48725,21.71064,29.70415,-79.46359,0.81174666,48.82513,46.93383,45.042524,2023-08-25,15:30
2023-08-28 09:30:00,46.025,46.47099,44.888,45.641,180733070,42.72321,46.063167,46.15348,-0.025936024,0.25412768,-0.28006371,18.53767,21.29668,28.55106,-97.81402,0.86683543,48.85606,46.88703,44.91800,2023-08-28,09:30
2023-08-28 10:30:00,45.6435,46.023999,45.271,45.888,97527810,45.70880,45.92161,46.10039,-0.055809646,0.19214022,-0.24794986,24.61842,21.54778,27.48034,-84.83439,0.85870432,48.86226,46.84658,44.83091,2023-08-28,10:30
2023-08-28 11:30:00,45.88,45.975,45.485,45.885,60376110,45.67766,45.79111,46.057310,-0.078818204,0.13794853,-0.21676674,24.54457,22.56688,26.48609,-73.57374,0.83236825,48.86032,46.80143,44.74255,2023-08-28,11:30
2023-08-28 12:30:00,45.88699,46.8599,45.83049,46.788,101671060,55.50483,45.89911,46.20345,-0.023912461,0.10557633,-0.12948879,49.87531,33.012764,24.91107,-22.15786,0.84644265,48.85287,46.79472,44.73658,2023-08-28,12:30
2023-08-28 13:30:00,46.788,46.963,46.362,46.648,86167190,53.87748,46.032778,46.29236,0.0082093239,0.086102932,-0.077893608,47.78716,40.73568,23.58164,-10.033149,0.82891110,48.83815,46.78017,44.72220,2023-08-28,13:30
2023-08-28 14:30:00,46.662,46.88499,46.461,46.5805,73006540,53.069562,46.16839,46.34999,0.027897649,0.074461875,-0.046564226,58.021932,51.89480,22.34716,-9.75287,0.79998837,48.80662,46.75310,44.69958,2023-08-28,14:30
2023-08-28 15:30:00,46.575,46.98,46.55,46.8155,55300380,55.56761,46.26578,46.44309,0.061751541,0.071919808,-0.010168268,66.078180,57.29576,21.33748,6.86695,0.77356055,48.66032,46.69210,44.72387,2023-08-28,15:30
2023-08-29 09:30:00,46.666,48.245,46.39101,48.15,197885360,66.47931,46.49044,46.78447,0.19402737,0.096341321,0.097686053,97.17006,73.75672,21.88435,73.76859,0.85073420,48.69197,46.70050,44.70903,2023-08-29,09:30
2023-08-29 10:30:00,48.153,48.54199,48.133,48.408,117776860,68.10986,46.75600,47.10918,0.31603224,0.14027950,0.17575273,96.33304,86.52709,22.66678,133.28541,0.81918108,48.68527,46.69900,44.71273,2023-08-29,10:30
2023-08-29 11:30:00,48.411,48.92,48.371,48.84197,93424900,70.69230,47.11166,47.45574,0.44263745,0.20075109,0.24188636,98.064723,97.18927,23.72476,157.68750,0.79988258,48.80381,46.72425,44.64468,2023-08-29,11:30
2023-08-29 12:30:00,48.83376,49.081,48.66132,48.924,70970630,71.16757,47.44900,47.74939,0.54332882,0.26926664,0.27406218,96.25565,96.88447,24.84435,165.33328,0.77272531,48.91098,46.74707,44.58317,2023-08-29,12:30
2023-08-29 13:30:00,48.92401,49.05799,48.806,48.96535,68141250,71.41919,47.79126,47.99258,0.61932498,0.33927831,0.28004667,97.24185,97.18740,25.88397,153.26791,0.73552991,49.17821,46.82314,44.46807,2023-08-29,13:30
2023-08-29 14:30:00,48.969,49.017001,48.826,48.901,57971920,70.38972,48.026036,48.17426,0.66667501,0.40475765,0.26191736,95.70716,96.40155,26.84932,131.10984,0.69663494,49.43133,46.91009,44.38885,2023-08-29,14:30
2023-08-29 15:30:00,48.899,48.9,48.523,48.785,71812110,68.47361,48.26348,48.29641,0.68692158,0.46119043,0.22573115,92.94063,95.29655,27.075227,103.46100,0.67387529,49.64693,46.99637,44.34580,2023-08-29,15:30
2023-08-30 09:30:00,49.044,49.5,48.425,48.866,216368250,69.10601,48.51742,48.41033,0.70141763,0.50923587,0.19218176,85.0082879,91.21869,27.91274,99.12818,0.70252706,49.86049,47.14887,44.43724,2023-08-30,09:30
2023-08-30 10:30:00,48.8745,49.766,48.87401,49.4959,124761320,73.54953,48.81525,48.62744,0.75503010,0.55839472,0.19663538,93.69075,90.54656,28.93768,107.92405,0.71663227,50.12808,47.35141,44.57474,2023-08-30,10:30
2023-08-30 11:30:00,49.497,49.75,49.356,49.675,70212030,74.66530,48.98469,48.83696,0.80271690,0.60725916,0.19545774,97.68771,92.12892,29.88940,106.28892,0.69358712,50.36186,47.56716,44.77246,2023-08-30,11:30
2023-08-30 12:30:00,49.675,49.901,49.62,49.8035,64064200,75.46499,49.13975,49.030264,0.84118132,0.65404359,0.18713773,97.24497,96.20781,30.92121,104.037335,0.66411660,50.61189,47.76039,44.90888,2023-08-30,12:30
2023-08-30 13:30:00,49.8025,49.927,49.079999,49.108,90766880,63.73805,49.16931,49.045811,0.80624953,0.68448478,0.12176476,76.83816,90.59028,30.62703,76.50325,0.67717971,50.71519,47.90939,45.10358,2023-08-30,13:30
2023-08-30 14:30:00,49.118,49.6,49.0029999,49.053439,79528720,62.91215,49.18369,49.047337,0.76534099,0.70065602,0.064684966,75.29519,83.12610,30.18801,63.43052,0.67145259,50.76795,48.061158,45.35437,2023-08-30,14:30
2023-08-30 15:30:00,49.049039,49.288,48.93375,49.265,47658670,64.81597,49.21698,49.090869,0.74144488,0.70881379,0.032631088,81.27824,77.80386,29.62541,56.25196,0.64879534,50.75509,48.24236,45.72963,2023-08-30,15:30
2023-08-31 09:30:00,49.38,49.744,49.188,49.613,131222960,67.74870,49.29609,49.19530,0.74203412,0.71545786,0.026576260,82.49730,79.69024,29.71330,73.97694,0.64216709,50.76146,48.42861,46.095761,2023-08-31,09:30
2023-08-31 10:30:00,49.615,49.695,49.28,49.556,63799590,66.76701,49.38176,49.26744,0.72949247,0.71826478,0.011227693,76.15686,79.97747,29.79492,71.88194,0.62594104,50.67798,48.61216,46.54633,2023-08-31,10:30
2023-08-31 11:30:00,49.552,49.665,49.14,49.224,56613410,61.20417,49.42154,49.25875,0.68486871,0.71158557,-0.026716859,53.19571,70.61663,29.51847,57.25449,0.61873097,50.63597,48.73396,46.83195,2023-08-31,11:30
2023-08-31 12:30:00,49.23799,49.426,48.958,49.40302,58919330,62.99458,49.41122,49.28760,0.65638327,0.70054511,-0.044161838,65.11464,64.82241,28.81099,46.57858,0.60796464,50.53334,48.87171,47.21007,2023-08-31,12:30
2023-08-31 13:30:00,49.401,49.49,49.159,49.417,42091570,63.13765,49.38255,49.31348,0.62770069,0.68597622,-0.058275535,66.045411,61.45192,28.26099,53.38509,0.58818143,50.31358,49.013534,47.71349,2023-08-31,13:30
2023-08-31 14:30:00,49.419,49.656,49.29,49.601,56232850,65.052692,49.36005,49.37099,0.61275333,0.67133164,-0.058578314,78.29573,69.81859,28.028934,73.12108,0.57231135,49.99855,49.15281,48.30707,2023-08-31,14:30
2023-08-31 15:30:00,49.605,49.70599,49.36,49.365,46329400,60.69711,49.38861,49.36979,0.57523316,0.65211195,-0.076878790,62.58323,68.97479,27.89800,63.26378,0.55614554,49.92658,49.21356,48.50054,2023-08-31,15:30
2023-09-01 09:30:00,49.762,49.8,48.463,48.802,149271570,51.78880,49.36067,49.25623,0.49436992,0.62056354,-0.12619362,23.15565,54.67820,26.14099,-54.69037,0.61192083,49.87430,49.23326,48.59222,2023-09-01,09:30
2023-09-01 10:30:00,48.799,48.82399,48.1416,48.415,93363830,46.71356,49.26622,49.087985,0.39450994,0.57535282,-0.18084288,15.31314,33.68401,25.080885,-187.81071,0.61695443,49.92773,49.21191,48.49609,2023-09-01,10:30
2023-09-01 11:30:00,48.422,48.607,48.21301,48.486,50978730,47.72569,49.14100,48.96759,0.31743997,0.52377025,-0.20633028,19.28979,19.25286,24.096505,-171.066022,0.60102848,49.96415,49.19001,48.41587,2023-09-01,11:30
2023-09-01 12:30:00,48.485,48.79899,48.41,48.576,44423810,49.046917,49.032113,48.88927,0.26061965,0.47114013,-0.21052048,24.33081,19.64458,22.75150,-122.60621,0.58588282,49.98484,49.17054,48.35624,2023-09-01,12:30
2023-09-01 13:30:00,48.57001,48.72499,48.42901,48.46912,33751360,47.51118,48.94824,48.80524,0.20460610,0.41783332,-0.21322723,19.74918,21.12326,21.50257,-121.35444,0.56517554,50.012132,49.14895,48.28577,2023-09-01,13:30
2023-09-01 14:30:00,48.47,48.65841,48.35,48.643,43298920,50.24084,48.86379,48.77279,0.17225992,0.36871864,-0.19645873,30.23398,24.77133,20.51350,-113.65475,0.54683519,50.019111,49.14185,48.26459,2023-09-01,14:30
2023-09-01 15:30:00,48.645,48.67,48.425,48.507,32946360,48.13246,48.76268,48.71963,0.13410550,0.32179601,-0.18769051,22.033399,24.0055205,19.56456,-105.31408,0.52527562,50.036964,49.12390,48.21083,2023-09-01,15:30
2023-09-05 09:30:00,48.223,48.789,47.86,48.3175,121639240,45.28096,48.62007,48.63921,0.087567213,0.27495025,-0.18738304,23.58239,25.28326,19.82586,-121.0078796,0.55411314,50.025281,49.064979,48.10468,2023-09-05,09:30
2023-09-05 10:30:00,48.30751,48.66799,48.28,48.39501,64016660,46.67259,48.51229,48.59037,0.056290934,0.23121839,-0.17492746,27.57783,24.39787,20.068501,-89.26339,0.54224729,49.96074,49.00097931,48.041217,2023-09-05,10:30
2023-09-05 11:30:00,48.404,48.443,48.104,48.326,41416780,45.56160,48.45940,48.53749,0.025640210,0.19010275,-0.16446254,24.020645,25.060288,20.61535,-100.65364,0.52772952,49.85534,48.92710,47.99887,2023-09-05,11:30
2023-09-05 12:30:00,48.327,48.54,48.3149,48.39627,25034290,46.94646,48.45732,48.50925,0.0069394811,0.15347010,-0.14653062,27.64280,26.41376,20.81633,-73.090470,0.50611317,49.84355,48.89152,47.93948,2023-09-05,12:30
2023-09-05 13:30:00,48.401,48.76499,48.381,48.754,35188360,53.44007,48.48710,48.55820,0.020745704,0.12692522,-0.10617952,46.082501,32.58198,20.31972,-36.30061,0.49739012,49.82734,48.87655,47.92575,2023-09-05,13:30
2023-09-05 14:30:00,48.751,48.8,48.555,48.75382,36269560,53.43652,48.50686,48.59732,0.031311765,0.10780253,-0.076490765,46.073220,39.93284,19.75431,-22.63999,0.47936234,49.78599,48.85099,47.91598,2023-09-05,14:30
2023-09-05 15:30:00,48.76,48.85081,48.52001,48.549,32392450,49.42013,48.51573,48.58766,0.022894128,0.090820849,-0.067926721,35.51539,42.55704,19.071581,-28.080325,0.46875063,49.67244,48.79779,47.92313,2023-09-05,15:30
2023-09-06 09:30:00,48.441,48.549,46.857,46.88012,150876420,29.77968,48.31986,48.24615,-0.11709167,0.049238345,-0.16633002,1.15960,27.58274,21.061918,-223.56369,0.55612546,49.81026,48.66399,47.51773,2023-09-06,09:30
2023-09-06 10:30:00,46.89344,47.155,46.651,46.906,80375900,30.24264,48.14197,47.97812,-0.22336836,-0.0052829961,-0.21808537,11.59187,16.088952,23.10624,-277.92000,0.55240206,49.89553,48.54809,47.20066,2023-09-06,10:30
2023-09-06 11:30:00,46.91,47.047,46.661,46.719,47143640,28.76676,47.96436,47.72630,-0.31900541,-0.068027478,-0.25097793,3.091146,5.28087,25.0045423,-239.57973,0.54051631,49.91937,48.41389,46.90841,2023-09-06,11:30
2023-09-06 12:30:00,46.72278,47.078,46.58,47.016501,55282630,34.26309,47.81119,47.58434,-0.36656708,-0.12773540,-0.23883168,19.22231,11.30177,26.85012,-179.73441,0.53747951,49.84246,48.29387,46.74527,2023-09-06,12:30
2023-09-06 13:30:00,47.017499,47.191,46.925,47.102,41485630,35.79630,47.67519,47.48787,-0.39283275,-0.18075487,-0.21207788,22.98740,15.10028,28.20314,-127.55207,0.51808814,49.67825,48.16892,46.65958,2023-09-06,13:30
2023-09-06 14:30:00,47.109,47.137,46.85,46.918,39416890,33.96055,47.51094,47.37390,-0.42361256,-0.22932641,-0.19428616,14.88458,19.031428,29.55001,-115.67978,0.50158181,49.54492,48.046567,46.54822,2023-09-06,14:30
2023-09-06 15:30:00,46.917,47.098999,46.87851,47.062,37271870,36.69666,47.32294,47.31152,-0.43141311,-0.26974375,-0.16166936,21.22594,19.69931,30.80068,-95.17065,0.48150379,49.47433,47.95957,46.44480,2023-09-06,15:30
2023-09-07 09:30:00,45.525,46.025,45.152,45.813,156517180,26.45753,46.99618,47.011813,-0.53224352,-0.32224370,-0.20999981,17.87066,17.99372,33.41492,-181.78813,0.58353928,49.59210,47.82947,46.066835,2023-09-07,09:30
2023-09-07 10:30:00,45.811,45.981,45.439,45.6175,64105020,25.26904,46.67046,46.73295,-0.62077182,-0.38194933,-0.23882249,12.58513,17.22724,35.84242,-151.47285,0.58057206,49.66517,47.68604,45.70692,2023-09-07,10:30
2023-09-07 11:30:00,45.56871,45.87,45.547,45.8,40837460,28.49803,46.55044,46.54636,-0.66849878,-0.43925922,-0.22923956,17.51918,15.99165,38.096532,-128.56358,0.56217414,49.64317,47.54724,45.45132,2023-09-07,11:30
2023-09-07 12:30:00,45.802,45.887,45.591,45.65653,29896420,27.49236,46.41161,46.36839,-0.70971831,-0.49335104,-0.21636728,13.64038,14.58156,40.13341,-116.79120,0.54316164,49.61088,47.40661,45.20235,2023-09-07,12:30
2023-09-07 13:30:00,45.66,45.984,45.556,45.841,40344130,30.87033,46.31406,46.26292,-0.71920934,-0.53852270,-0.18068664,18.62765,16.59574,41.69054,-100.61576,0.53493580,49.49469,47.26651,45.038336,2023-09-07,13:30
2023-09-07 14:30:00,45.826,46.344,45.8115,46.257,52980580,37.89684,46.22967,46.26173,-0.68526399,-0.56787096,-0.11739304,29.87452,20.71419,41.96906,-71.40936,0.53476190,49.34723,47.15401,44.96079,2023-09-07,14:30
2023-09-07 15:30:00,46.25799,46.319,46.062,46.224,34082190,37.57059,46.13211,46.25419,-0.65349198,-0.58499516,-0.068496818,31.55726,26.68648,42.22768,-62.16664,0.51492182,49.21004,47.049338,44.88864,2023-09-07,15:30
2023-09-08 09:30:00,45.942,46.606,45.83,46.073999,121427750,36.051408,46.038337,46.21815,-0.63311798,-0.59461972,-0.038498258,45.21822,35.55000,41.58024,-59.42108,0.53357033,49.041093,46.93329,44.82548,2023-09-08,09:30
2023-09-08 10:30:00,46.088,46.123,45.271,45.66469,78866530,32.22259,45.88308,46.10746,-0.64259177,-0.60421413,-0.038377637,25.14428,33.97325,41.70395,-87.96781,0.55631544,48.87530,46.80022,44.72514,2023-09-08,10:30
2023-09-08 11:30:00,45.675,46.047989,45.622,45.972,53004630,37.58252,45.90075,46.080366,-0.61817660,-0.60700663,-0.011169970,40.21582,36.85944,41.81884,-65.49685,0.54700640,48.64748,46.67901,44.71053,2023-09-08,11:30
2023-09-08 12:30:00,45.972,46.020001,45.561,45.685,41198650,34.81358,45.90825,46.0012927,-0.61489770,-0.60858484,-0.0063128576,26.14033,30.50014,42.0018577,-69.51331,0.54072042,48.29112,46.52556,44.76000,2023-09-08,12:30
2023-09-08 13:30:00,45.689,45.797,45.33701,45.43693,47063060,32.57924,45.86791,45.88842,-0.62511054,-0.61188998,-0.013220562,14.35417,26.90344,42.44746,-86.070458,0.53495406,47.86011,46.35971,44.85932,2023-09-08,13:30
2023-09-08 14:30:00,45.4445,45.60388,45.33,45.414,47616230,32.37244,45.84096,45.79354,-0.62781729,-0.61507544,-0.012741851,13.45673,17.98374,42.86986,-93.55489,0.51630591,47.37479,46.20296,45.031138,2023-09-08,14:30
2023-09-08 15:30:00,45.421,45.572,45.38201,45.572,42194920,35.41482,45.81107,45.74923,-0.61017947,-0.61409625,0.0039167748,28.88590,18.89893,43.26210,-82.29346,0.49299765,47.29686,46.13756,44.97826,2023-09-08,15:30
2023-09-11 09:30:00,46.148,46.163,44.312,44.638,171080490,27.53025,45.63118,45.52698,-0.66391415,-0.62405983,-0.039854321,14.21103,18.85122,44.70444,-133.27026,0.58999789,47.29859,46.024158,44.74973,2023-09-11,09:30
2023-09-11 10:30:00,44.632,44.976,44.505,44.76,76198170,29.73093,45.46851,45.37359,-0.68871579,-0.63699102,-0.051724770,19.52925,20.87539,46.043767,-160.035345,0.58149820,47.27114,45.92621,44.58127,2023-09-11,10:30
2023-09-11 11:30:00,44.7531,44.798,44.46,44.67859,43203690,29.095971,45.31347,45.23459,-0.70679305,-0.65095143,-0.055841621,15.98035,16.57354,47.32411,-166.13960,0.56410550,47.16126,45.80931,44.45737,2023-09-11,11:30
2023-09-11 12:30:00,44.6835,45.05,44.58101,44.9565,46072820,34.25757,45.23478,45.17897,-0.69073195,-0.65890753,-0.031824419,28.095059,21.20156,47.59777,-131.68543,0.55731162,46.96417,45.70204,44.43991,2023-09-11,12:30
2023-09-11 13:30:00,44.961,45.15292,44.905,44.96978,39433570,34.50296,45.12342,45.13713,-0.66921741,-0.66096951,-0.0082479003,28.67402,24.24981,47.49311,-97.74927,0.53521234,46.77362,45.60463,44.43563,2023-09-11,13:30
2023-09-11 14:30:00,44.97481,45.308,44.915,45.2925,42550280,40.33101,45.079811,45.16821,-0.61899105,-0.65257382,0.033582769,42.74190,33.17032,46.86190,-62.19701,0.52505426,46.48048,45.51615,44.55182,2023-09-11,14:30
2023-09-11 15:30:00,45.288,45.3329,45.084009,45.1775,32320860,38.99928,45.050986,45.17006,-0.58175962,-0.63841098,0.056651357,37.72885,36.38159,46.18892,-51.58216,0.50532840,46.44937,45.48438,44.51938,2023-09-11,15:30
2023-09-12 09:30:00,44.738,45.653,44.531,45.064999,112506960,37.68821,45.012208,45.14905,-0.55493432,-0.62171564,0.066781327,40.68069,40.38381,46.33874,-63.98749,0.54937638,46.43644,45.45675,44.47706,2023-09-12,09:30
2023-09-12 10:30:00,45.056,45.28499,44.937,45.265,51951680,41.45621,44.97810,45.17224,-0.51163889,-0.59970029,0.088061404,51.48565,43.29839,46.47785,-45.58391,0.53499178,46.39991,45.43000,44.46010,2023-09-12,10:30
2023-09-12 11:30:00,45.26026,45.481,45.257,45.33219,33980970,42.70960,45.055229,45.20423,-0.46652740,-0.57306571,0.10653832,55.11561,49.093981,45.90239,-10.60534,0.51277801,46.37883,45.41378,44.44874,2023-09-12,11:30
2023-09-12 12:30:00,45.339,45.464,45.11,45.315,29076080,42.45913,45.11690,45.22638,-0.42723841,-0.54390025,0.11666184,54.18689,53.59605,45.59231,-17.32052,0.50143679,46.33300,45.38748,44.44197,2023-09-12,12:30
2023-09-12 13:30:00,45.32,45.445,45.135,45.302,31939310,42.25731,45.18616,45.24151,-0.39262470,-0.51364514,0.12102044,53.48454,54.26235,45.30438,-11.49110,0.48776277,46.19713,45.33973,44.48234,2023-09-12,13:30
2023-09-12 14:30:00,45.302,45.31099,44.88,44.924,41717300,36.78261,45.18255,45.17801,-0.39118518,-0.48915315,0.097967969,33.063165,46.91153,45.42539,-57.10634,0.48370762,46.047007,45.27473,44.50246,2023-09-12,14:30
2023-09-12 15:30:00,44.924,45.047089,44.815,44.869,28873040,36.050760,45.17135,45.11620,-0.38998677,-0.46931987,0.079333106,30.091866,38.87986,45.63204,-79.91994,0.46573488,45.91237,45.21448,44.51660,2023-09-12,15:30
2023-09-13 09:30:00,44.6,45.556,44.503,45.2015,102570120,43.38467,45.16124,45.13326,-0.35807923,-0.44707175,0.088992513,62.15434,41.76979,43.98538,-30.93346,0.50768238,45.85795,45.19132,44.52469,2023-09-13,09:30
2023-09-13 10:30:00,45.19446,45.673,45.067001,45.6499,60634560,51.46790,45.21373,45.23659,-0.29323015,-0.41630343,0.12307328,98.095482,63.44723,42.095626,84.86729,0.51470505,45.77815,45.17522,44.57229,2023-09-13,10:30
2023-09-13 11:30:00,45.651,45.80996,45.412,45.641,54776390,51.31132,45.27773,45.31747,-0.23979069,-0.38100088,0.14121019,87.072257,82.44069,39.92639,138.72370,0.50636622,45.76877,45.17302,44.57727,2023-09-13,11:30
2023-09-13 12:30:00,45.65,45.865,45.51401,45.78832,39612490,53.81620,45.33588,45.41164,-0.18343745,-0.34148819,0.15805074,94.37015,93.17930,37.74516,159.00062555,0.49526783,45.83516,45.19059,44.54601,2023-09-13,12:30
2023-09-13 13:30:00,45.789,45.93,45.6,45.6485,36916170,51.12768,45.37102,45.45901,-0.14834952,-0.30286046,0.15451094,80.27327,87.23856,35.51724,146.17076,0.48346290,45.87080,45.20231,44.53382,2023-09-13,13:30
2023-09-13 14:30:00,45.653,45.67035,45.189,45.4455,47930350,47.42347,45.38552,45.45631,-0.13536210,-0.26936079,0.13399869,66.047618,80.23035,34.44968,67.87678,0.48331181,45.85266,45.19599,44.53932,2023-09-13,14:30
2023-09-13 15:30:00,45.4483,45.54075,45.355,45.5,30312740,48.50223,45.40752,45.46505,-0.11929650,-0.23934793,0.12005143,69.86692,72.062601,33.45838,68.23502,0.46205749,45.85553,45.23909,44.62265,2023-09-13,15:30
2023-09-14 09:30:00,45.95,45.98699,45.309,45.5165,103286290,48.84445,45.47336,45.47534,-0.10403368,-0.21228508,0.10825140,68.29565,68.070062,31.16960,95.93745,0.47748129,45.86323,45.27691,44.69060,2023-09-14,09:30
2023-09-14 10:30:00,45.523,45.889,45.481,45.75854,53815750,53.70431,45.57220,45.53198,-0.071582188,-0.18414450,0.11256231,84.60559,74.25605,29.044302,115.25642,0.47251846,45.88489,45.33091,44.77693,2023-09-14,10:30
2023-09-14 11:30:00,45.759,45.81199,45.507,45.5215,36004810,48.81338,45.60775,45.52988,-0.064250588,-0.16016572,0.095915131,68.63250,73.84458,27.070814,79.14351,0.46055212,45.89107,45.35916,44.82725,2023-09-14,11:30
2023-09-14 12:30:00,45.5215,45.63899,45.347,45.369,31969230,45.91617,45.57654,45.49771,-0.069939450,-0.14212046,0.072181015,58.35619,70.53143,25.70602,25.68304,0.44851190,45.88015,45.37912,44.87809,2023-09-14,12:30
2023-09-14 13:30:00,45.3715,45.458,45.131,45.242,37586260,43.59557,45.53221,45.44657,-0.083730471,-0.13044247,0.046711995,49.79826,58.92899,25.017649,-32.044288,0.43983240,45.87985,45.37660,44.87334,2023-09-14,13:30
2023-09-14 14:30:00,45.237,45.594,45.186,45.4231,41657420,47.65797,45.49163,45.44187,-0.079134692,-0.12018091,0.041046219,62.0016698,56.71871,23.91128,5.12780,0.43755878,45.88402,45.38888,44.89373,2023-09-14,14:30
2023-09-14 15:30:00,45.426,45.662,45.37216,45.591,32732140,51.16943,45.48524,45.47170,-0.061238329,-0.10839239,0.047154066,73.31587,61.70527,22.65356,47.71985,0.42700749,45.89433,45.41518,44.93602,2023-09-14,15:30
2023-09-15 09:30:00,45.341,45.599,44.59,44.691,112012710,36.88508,45.40140,45.31556,-0.11831396,-0.11037671,-0.0079372536,7.22989,47.51581,23.27446,-148.45593,0.46857836,45.95803,45.38648,44.81493,2023-09-15,09:30
2023-09-15 10:30:00,44.681,44.77599,44.2,44.2415,75547700,32.069839,45.26157,45.10075,-0.19754054,-0.12780947,-0.069731067,2.32239,27.62272,24.46649,-248.055898,0.47625053,46.091140,45.33194,44.57275,2023-09-15,10:30
2023-09-15 11:30:00,44.241,44.31691,44.064999,44.275,46959970,32.77420,45.12363,44.93560,-0.25468918,-0.15318542,-0.10150376,10.92620,6.82616,25.76505,-225.56301,0.46022624,46.16816,45.27994,44.39172,2023-09-15,11:30
2023-09-15 12:30:00,44.268,44.485,43.939,43.98526,51837830,29.88763,44.92660,44.74553,-0.31967447,-0.18648323,-0.13319124,2.25873,5.16911,26.39472,-187.62321,0.46635287,46.26612,45.21411,44.16209,2023-09-15,12:30
2023-09-15 13:30:00,43.976,44.098999,43.82,43.8705,47379480,28.80546,44.74315,44.57052,-0.37610061,-0.22440670,-0.15169391,2.33030,5.17175,27.17254,-180.20651,0.45297037,46.36137,45.16143,43.96149,2023-09-15,13:30
2023-09-15 14:30:00,43.866,44.091989,43.808,44.05741,50137970,33.056882,44.59742,44.46790,-0.40111280,-0.25974792,-0.14136488,11.44617,5.34507,27.91482,-146.54158,0.44090038,46.40924,45.12085,43.83246,2023-09-15,14:30
2023-09-15 15:30:00,44.064001,44.159,43.832,43.897,45151410,31.32787,44.44797,44.35372,-0.42893436,-0.29358521,-0.13534915,4.084525,5.95367,28.34697,-124.91687,0.43276456,46.44889,45.055626,43.66236,2023-09-15,15:30
2023-09-18 09:30:00,42.748,43.82,42.0,43.614,190720980,28.49609,44.24696,44.20578,-0.46841913,-0.32855199,-0.13986714,41.50169,19.010795,30.80078,-173.90080,0.53735281,46.45209,44.95383,43.45558,2023-09-18,09:30
2023-09-18 10:30:00,43.6162,43.9,43.367,43.65392,68960340,29.46465,44.031733,44.095406,-0.49083188,-0.36100797,-0.12982391,43.38735,29.65786,32.84628,-108.88334,0.53704180,46.41934,44.85448,43.28962,2023-09-18,10:30
2023-09-18 11:30:00,43.65366,44.242,43.581,44.16501,57490420,40.56482,43.97329,44.10933,-0.46202772,-0.38121192,-0.080815799,59.12094,48.0033271,33.78310,-68.77786,0.54589607,46.30403,44.77331,43.24259,2023-09-18,11:30
2023-09-18 12:30:00,44.172,44.1985,43.781,44.015771,43978440,38.65205,43.94821,44.090615,-0.44610004,-0.39418954,-0.051910493,55.045651,52.51798,34.65301,-61.65499,0.53672484,46.20099,44.69168,43.18236,2023-09-18,12:30
2023-09-18 13:30:00,44.023001,44.2,43.96,43.9805,37465890,38.19365,43.91549,44.068592,-0.43135106,-0.40162185,-0.029729213,54.082456,56.083016,35.45629,-52.015456,0.51553016,46.11645,44.61843,43.12040,2023-09-18,13:30
2023-09-18 14:30:00,43.984,44.12499,43.71,43.7971,39928390,35.81524,43.89458,44.014294,-0.42950999,-0.40719948,-0.022310513,49.074306,52.73414,36.47893,-61.84403,0.50834874,46.014683,44.53328,43.051878,2023-09-18,14:30
2023-09-18 15:30:00,43.799,43.975,43.688,43.965,35807990,39.52792,43.90508,44.0044350,-0.40977923,-0.40771543,-0.0020638070,54.59850,52.58509,37.45270,-57.60226,0.49253808,45.88460,44.45571,43.026816,2023-09-18,15:30
2023-09-19 09:30:00,43.833,43.966,43.31749,43.557,99462890,34.33108,43.84948,43.91495,-0.42219772,-0.41061189,-0.011585833,56.088150,53.25365,38.74511,-79.95104,0.50367898,45.69297,44.34563,42.99829,2023-09-19,09:30
2023-09-19 10:30:00,43.5489,43.5565,43.088,43.245,64538540,30.97713,43.77703,43.78096,-0.45200478,-0.41889046,-0.033114316,50.10064,53.59576,40.16031,-111.90486,0.50120193,45.54681,44.23180,42.91680,2023-09-19,10:30
2023-09-19 11:30:00,43.25199,43.335,43.0019989,43.1935,41481330,30.44834,43.73031,43.66347,-0.47431522,-0.42997542,-0.044339804,48.028147,51.40565,41.55319,-124.55877,0.48918763,45.40322,44.12303,42.84284,2023-09-19,11:30
2023-09-19 12:30:00,43.192,43.488,43.155,43.403,32827580,35.28760,43.70243,43.61137,-0.46967735,-0.43791580,-0.031761544,62.57801,53.56893,42.29334,-100.27208,0.47803149,45.23869,44.031079,42.82347,2023-09-19,12:30
2023-09-19 13:30:00,43.39668,43.697,43.39668,43.5865,41939950,39.27313,43.63815,43.60640,-0.44605313,-0.43954327,-0.0065098605,70.76263,60.45626,42.25782,-64.32373,0.46533784,44.97683,43.93925,42.90166,2023-09-19,13:30
2023-09-19 14:30:00,43.58001,43.78999,43.381,43.5286,50245230,38.46810,43.58402,43.59084,-0.42707954,-0.43705052,0.0099709835,68.18020,67.17361,41.91156,-53.84612,0.46131303,44.55871,43.83613,43.11355,2023-09-19,14:30
2023-09-19 15:30:00,43.533,43.623,43.425,43.509,23753530,38.18274,43.53163,43.57447,-0.40891083,-0.43142258,0.022511750,67.30592,68.74958,41.59004,-54.32430,0.44250504,44.39621,43.77703,43.15785,2023-09-19,15:30
2023-09-20 09:30:00,43.6,43.903,43.28326,43.477,86956710,37.69116,43.49607,43.55498,-0.39256891,-0.42365185,0.031082941,38.30638,57.93083,40.33470,-39.94886,0.45516459,44.33244,43.73880,43.14517,2023-09-20,09:30
2023-09-20 10:30:00,43.48799,43.638,43.266,43.337,39780340,35.53571,43.42629,43.51138,-0.38645972,-0.41621342,0.029753698,27.016125,44.20947,39.20392,-67.048888,0.44922427,44.25616,43.69190,43.12764,2023-09-20,10:30
2023-09-20 11:30:00,43.33,43.596,43.31585,43.51,30518560,40.094729,43.42107,43.51111,-0.36346857,-0.40566445,0.042195881,42.40411,35.90887,38.15391,-47.060385,0.43714742,44.22089,43.66814,43.11539,2023-09-20,11:30
2023-09-20 12:30:00,43.513,43.565,43.192,43.207,24503410,35.37586,43.41684,43.45028,-0.36548440,-0.39762844,0.032144043,17.11199,28.84408,37.45279,-81.41466,0.43256532,44.21417,43.63497,43.055764,2023-09-20,12:30
2023-09-20 13:30:00,43.208,43.298,42.913,43.1,43251410,33.86031,43.40646,43.38023,-0.37143436,-0.39238963,0.020955267,15.42913,24.98174,37.36328,-129.98324,0.42916784,44.17689,43.58710,42.99730,2023-09-20,13:30
2023-09-20 14:30:00,43.095499,43.38797,42.736,42.83953,58166200,30.44143,43.34385,43.27209,-0.39264142,-0.39243998,-0.00020143259,8.35599,13.63237,37.59790,-145.096880,0.44508238,44.18938,43.53422,42.87906,2023-09-20,14:30
2023-09-20 15:30:00,42.833,42.85561,42.223,42.231,54907540,24.27469,43.19324,43.063870,-0.45332576,-0.40461714,-0.048708624,0.45890193,8.081340,38.57346,-246.13498,0.45847707,44.33024,43.46507,42.59991,2023-09-20,15:30
2023-09-21 09:30:00,41.583,42.1,41.271,41.795,151770350,20.99329,43.00061442,42.81010,-0.53048488,-0.42979069,-0.10069420,19.90889,9.57459,40.39566,-296.35526,0.49430018,44.49669,43.37213,42.24756,2023-09-21,09:30
2023-09-21 10:30:00,41.7935,41.825,41.394,41.43283,63674080,18.72854,42.76993,42.53464,-0.61378286,-0.46658912,-0.14719374,6.14862,8.83880,42.087713,-246.52204,0.48977872,44.58327,43.23552,41.88776,2023-09-21,10:30
2023-09-21 11:30:00,41.429,41.60186,41.29,41.462,42609070,19.48193,42.54604,42.32011,-0.66972329,-0.50721596,-0.16250733,7.25685,11.10479,43.74168,-201.00058581,0.47707018,44.61067,43.10783,41.60498,2023-09-21,11:30
2023-09-21 12:30:00,41.463,41.66,41.31501,41.569,38107920,22.32647,42.34960,42.16989,-0.69738341,-0.54524945,-0.15213396,11.32223,8.24257,45.052576,-155.49281,0.46763603,44.57523,42.98725,41.39928,2023-09-21,12:30
2023-09-21 13:30:00,41.58,41.644,41.33,41.3745,30385190,20.88231,42.11232,42.010813,-0.72662278,-0.58152411,-0.14509867,3.93238,7.50382,46.26983,-132.97092,0.45666213,44.55491,42.86612,41.17733,2023-09-21,13:30
2023-09-21 14:30:00,41.371,41.47,41.020999,41.045999,50639320,18.68410,41.87221,41.81785,-0.76745568,-0.61871043,-0.14874525,0.86745294,5.37402,47.68475,-131.41802,0.45611498,44.50563,42.72017,40.93471,2023-09-21,14:30
2023-09-21 15:30:00,41.045001,41.268,40.98,41.0059998,48095230,18.42971,41.63954,41.65548,-0.79389217,-0.65374678,-0.14014539,0.88953017,1.89646,49.034458,-118.89499,0.44410681,44.48218,42.59262,40.70307,2023-09-21,15:30
2023-09-22 09:30:00,41.572,41.914,41.231,41.4805,122212150,30.51593,41.48854,41.62048,-0.76770550,-0.67653852,-0.091166979,18.82995,6.86231,47.89971,-74.51522,0.47724216,44.42833,42.50440,40.58046,2023-09-22,09:30
2023-09-22 10:30:00,41.485,42.115,41.48025,42.0040009,103301770,40.91720,41.46331,41.69719,-0.69667929,-0.68056667,-0.016112613,39.14380,19.62110,46.24674,-45.48675,0.48849274,44.35345,42.44492,40.53640,2023-09-22,10:30
2023-09-22 11:30:00,42.0070007,42.088,41.8,41.8915,45921260,39.54715,41.47404,41.73605,-0.64206696,-0.67286673,0.030799768,35.26119,31.078317,44.71184,-36.61260,0.47417187,44.23946,42.36935,40.49924,2023-09-22,11:30
2023-09-22 12:30:00,41.897,41.973,41.6174,41.661,38301830,36.82636,41.49939,41.72104,-0.61035018,-0.66036342,0.050013243,28.28106,34.22869,43.62116,-44.77276,0.46570245,44.079807,42.27307,40.46634,2023-09-22,12:30
2023-09-22 13:30:00,41.662,41.72317,41.299,41.5325,51318230,35.36564,41.50722,41.68333,-0.58879578,-0.64604989,0.057254109,22.94473,28.82899,43.13592,-57.87373,0.46273584,43.91076,42.17327,40.43578,2023-09-22,13:30
2023-09-22 14:30:00,41.529,41.979,41.432,41.868,50104740,41.85094,41.54044,41.72027,-0.53843514,-0.62452694,0.086091804,47.34461,32.85680,41.87366,-33.48550,0.46875472,43.72025,42.091218,40.46219,2023-09-22,14:30
2023-09-22 15:30:00,41.88,41.935,41.53,41.632,37928130,38.89457,41.56906,41.70261,-0.51166887,-0.60195533,0.090286455,57.44508,42.57814,40.70156,-34.65958,0.46420094,43.50820,41.99897,40.48973,2023-09-22,15:30
2023-09-25 09:30:00,41.591,42.536,41.177,42.178,134934160,48.039760,41.69483,41.79769,-0.44131168,-0.56982660,0.12851492,76.99237,60.59402,37.95958,-0.16678180,0.52811513,43.32402,41.94102,40.55801,2023-09-25,09:30
2023-09-25 10:30:00,42.17005,42.442,41.875,42.278,65654810,49.52961,41.83617,41.89375,-0.37318212,-0.53049770,0.15731558,83.41911,72.61885,35.41345,42.78394,0.53089272,43.074366,41.87942,40.68447,2023-09-25,10:30
2023-09-25 11:30:00,42.287,42.462,42.067209,42.3643,46588500,50.83965,41.93437,41.98786,-0.30866709,-0.48613158,0.17746449,88.96542,83.12563,32.99753,74.99815,0.52117114,42.89337,41.83728,40.78119,2023-09-25,11:30
2023-09-25 12:30:00,42.368,42.37,42.017999,42.149,39186210,47.52535,41.95048,42.020089,-0.27177861,-0.44326099,0.17148238,75.12856,82.50436,30.88344,73.014953,0.50908763,42.68797,41.78973,40.89150,2023-09-25,12:30
2023-09-25 13:30:00,42.155,42.236,41.965,42.010001,34028840,45.46468,41.96364,42.018071,-0.25086837,-0.40478246,0.15391409,66.19550,76.76316,29.064485,72.39267,0.49208131,42.51587,41.74826,40.98064,2023-09-25,13:30
2023-09-25 14:30:00,42.010001,42.165,41.761,41.9245,43025780,44.19525,41.99292,41.99936,-0.23844741,-0.37151545,0.13306804,60.70057,67.34154,27.91376,54.96922,0.48578985,42.47313,41.73293,40.99273,2023-09-25,14:30
2023-09-25 15:30:00,41.92,42.25369,41.842,42.229,32462050,49.59315,42.070311,42.045286,-0.20170783,-0.33755393,0.13584610,77.41002,68.10203,26.55506,84.87539,0.48049687,42.52564,41.75463,40.98362,2023-09-25,15:30
2023-09-26 09:30:00,42.001001,42.39499,41.655,42.364,108051230,51.81834,42.12542,42.10903,-0.15985532,-0.30201421,0.14215889,87.34385,75.15148,25.78474,82.46878,0.49903211,42.60078,41.80119,41.0016003,2023-09-26,09:30
2023-09-26 10:30:00,42.364,42.82,42.079999,42.0905,82558680,47.26600,42.17637,42.10532,-0.14706096,-0.27102356,0.12396259,55.59949,73.45112,24.10625,114.27763,0.51624428,42.62579,41.83262,41.039442,2023-09-26,10:30
2023-09-26 11:30:00,42.095999,42.3739,42.018011,42.2365,45201560,49.80124,42.18287,42.13156,-0.12371433,-0.24156171,0.11784738,64.48561,69.14298,22.39580,79.94199,0.50479040,42.66811,41.86599,41.063872,2023-09-26,11:30
2023-09-26 12:30:00,42.2335,42.38,42.15501,42.18,31649940,48.82302,42.17198,42.14125,-0.10852011,-0.21495339,0.10643328,61.046772,60.37729,20.80275,80.31776,0.48480450,42.68621,41.90626,41.12632,2023-09-26,12:30
2023-09-26 13:30:00,42.184,42.378,41.98497,42.21599,37240570,49.50348,42.15550,42.15620,-0.092507911,-0.19046430,0.097956385,63.23742,62.92327,19.81443,65.44023,0.47824916,42.64726,41.96476,41.28227,2023-09-26,13:30
2023-09-26 14:30:00,42.2095,42.232,41.8,41.86897,39859550,43.49822,42.12438,42.098750,-0.10659115,-0.17368967,0.067098519,42.11624,55.46681,19.40385,-9.38391,0.47494570,42.53359,42.0079131,41.48223,2023-09-26,14:30
2023-09-26 15:30:00,41.87,41.938,41.76,41.912,32045430,44.39892,42.11350,42.061400,-0.11297773,-0.16154728,0.048569547,44.73521,50.029626,19.12979,-51.17539,0.45373528,42.49926,42.029488,41.55972,2023-09-26,15:30
2023-09-27 09:30:00,42.33,42.655,42.054999,42.346,106440250,52.60526,42.16033,42.11832,-0.082072918,-0.14565241,0.063579489,59.31321,48.72156,18.73258,109.78790,0.47439700,42.53590,42.046588,41.55728,2023-09-27,09:30
2023-09-27 10:30:00,42.364,42.408,41.885,42.25,64272000,50.81856,42.16266,42.14466,-0.064582492,-0.12943842,0.064855932,51.072959,51.70713,17.87312,46.14718,0.47786850,42.55604,42.064513,41.57298,2023-09-27,10:30
2023-09-27 11:30:00,42.253,42.262,41.62901,41.835,49830290,43.88022,42.10388,42.082725,-0.083248548,-0.12020045,0.036951901,17.29573,42.56063,16.79862,-54.29411,0.48894857,42.54148,42.073213,41.60495,2023-09-27,11:30
2023-09-27 12:30:00,41.847,41.94659,41.68,41.763,34971620,42.78869,42.067495,42.018780,-0.10266785,-0.11669393,0.014026080,11.25033,26.53967,15.80087,-110.72614,0.47306599,42.50843,42.084738,41.66105,2023-09-27,12:30
2023-09-27 13:30:00,41.76,42.231,41.66,42.2025,37613160,50.82915,42.063718,42.055524,-0.081652656,-0.10968567,0.028033018,48.15228,25.56611,15.22816,-23.51817,0.48006121,42.51592,42.10146,41.68701,2023-09-27,13:30
2023-09-27 14:30:00,42.205,42.872,42.205,42.634,84688980,57.19048,42.11416,42.17122,-0.029835575,-0.093715655,0.063880080,80.85258,46.75173,16.015887,198.97274,0.49359261,42.56914,42.15156,41.73399,2023-09-27,14:30
2023-09-27 15:30:00,42.633,42.711,42.371,42.468,41007070,54.28109,42.14216,42.23058,-0.0021403344,-0.075400591,0.073260256,67.49766,65.50084,16.74735,154.65211,0.48262166,42.60585,42.16606,41.72627,2023-09-27,15:30
2023-09-28 09:30:00,42.46,43.028,42.115,42.56001,122146900,55.62849,42.21895,42.29646,0.026922476,-0.054935977,0.081858453,66.54800,71.63275,17.96939,152.32492,0.51336301,42.65043,42.18016,41.70989,2023-09-28,09:30
2023-09-28 10:30:00,42.567,42.975,42.381,42.9204,58839480,60.53459,42.33099,42.42125,0.078134834,-0.028321815,0.10645665,92.30882,75.45149,19.10415,190.28995,0.51912281,42.77442,42.20797,41.64151,2023-09-28,10:30
2023-09-28 11:30:00,42.918,43.44631,42.907,43.399,61610960,65.92316,42.44799,42.61680,0.15554681,0.0084519099,0.14709490,97.39661,85.41781,20.87074,257.14383,0.52056473,43.037450,42.27047,41.50349,2023-09-28,11:30
2023-09-28 12:30:00,43.408,43.418,43.054999,43.16201,37772520,61.44896,42.54932,42.72584,0.19551939,0.045865406,0.14965399,84.35582,91.35375,22.51113,194.56037,0.50931014,43.17683,42.32807,41.47931,2023-09-28,12:30
2023-09-28 13:30:00,43.17,43.28599,42.963,43.22899,36133620,62.22920,42.70421,42.82647,0.22995193,0.082682712,0.14726922,88.041505,89.93131,23.69501,152.49802,0.49600148,43.30605,42.39329,41.48053,2023-09-28,13:30
2023-09-28 14:30:00,43.229,43.31,42.787,43.28888,56224640,62.95126,42.87375,42.91895,0.25908607,0.11796338,0.14112269,91.33709,87.91147,24.16134,124.10499,0.49793003,43.43468,42.44629,41.45790,2023-09-28,14:30
2023-09-28 15:30:00,43.286,43.31599,42.98,43.067999,34154220,58.50887,42.96992,42.94876,0.26133935,0.14663858,0.11470077,79.18279,86.18713,24.60598,106.94081,0.48636305,43.50516,42.48149,41.45781,2023-09-28,15:30
2023-09-29 09:30:00,43.827,44.144,43.648,43.77401,116959820,66.61786,43.096588,43.11381,0.31644655,0.18060017,0.13584638,85.28865,85.26951,26.29932,184.99022,0.52848005,43.71593,42.56566,41.41540,2023-09-29,09:30
2023-09-29 10:30:00,43.7792,44.037,43.771,43.81,53339040,66.97221,43.24570,43.25305,0.35888643,0.21625742,0.14262901,86.71964,83.73036,27.87171,155.49914,0.50973150,43.90385,42.64434,41.38483,2023-09-29,10:30
2023-09-29 11:30:00,43.8085,43.83799,43.62416,43.71899,43478900,65.090560,43.37448,43.34624,0.38078715,0.24916337,0.13162378,82.89013,84.96614,28.79893,118.48256,0.48859572,44.044364,42.72129,41.39821,2023-09-29,11:30
2023-09-29 12:30:00,43.718,43.76799,43.393,43.542,37695430,61.47332,43.44354,43.38539,0.37948754,0.27522820,0.10425934,75.76494,81.79157,28.86939,89.17399,0.48048109,44.13540,42.78759,41.43978,2023-09-29,12:30
2023-09-29 13:30:00,43.536,43.603,43.30694,43.383,37391510,58.33684,43.44176,43.38491,0.36146071,0.29247470,0.068986009,62.49378,73.71628,28.65169,66.48974,0.46730816,44.16552,42.86329,41.56106,2023-09-29,13:30
2023-09-29 14:30:00,43.385,43.7,43.36701,43.552,40500940,60.63577,43.48510,43.41833,0.35669942,0.30531965,0.051379771,70.82301,69.69391,28.63893,72.069562,0.45771397,44.20338,42.94529,41.68720,2023-09-29,14:30
2023-09-29 15:30:00,43.554,43.7225,43.45,43.487,40640980,59.28091,43.51376,43.43206,0.34371897,0.31299951,0.030719460,67.61949,66.97876,28.67231,67.72403,0.44448445,44.24999,43.0023393,41.75469,2023-09-29,15:30
2023-10-02 09:30:00,44.029999,45.038,43.861,44.657,143359030,71.58748,43.66578,43.67705,0.42296551,0.33499271,0.087972800,85.66053,74.70101,30.51538,168.95996,0.52352134,44.51304,43.12269,41.73234,2023-10-02,09:30
2023-10-02 10:30:00,44.659,45.161,44.559,45.145,63375260,74.98360,43.89656,43.97064,0.51916195,0.37182656,0.14733539,99.32614,84.20206,32.33989,198.27828,0.52912688,44.80800,43.28819,41.76838,2023-10-02,10:30
2023-10-02 11:30:00,45.15,45.175,44.58,44.722,55619640,67.45689,44.0018880,44.12091,0.55486948,0.40843514,0.14643434,81.030160,88.67228,34.047404,163.93360,0.53383219,44.90862,43.43614,41.96366,2023-10-02,11:30
2023-10-02 12:30:00,44.72,44.79,44.471,44.79,38864730,68.012749,44.11078,44.25473,0.58194661,0.44313744,0.13880917,83.87770,88.078001,35.24938,133.85786,0.51848705,45.036383,43.56551,42.094646,2023-10-02,12:30
2023-10-02 13:30:00,44.78379,44.857,44.381,44.4735,39499760,62.64894,44.19461,44.29848,0.57128108,0.46876617,0.10251491,70.62390,78.51059,36.045907,105.36793,0.51545233,45.11384,43.65749,42.20114,2023-10-02,13:30
2023-10-02 14:30:00,44.47984,44.544,44.256,44.4895,37972950,62.80863,44.29989,44.33669,0.55769095,0.48655112,0.071139830,68.76990,74.42383,36.34140,79.42918,0.49920577,45.14981,43.75856,42.36732,2023-10-02,14:30
2023-10-02 15:30:00,44.489,44.797,44.44,44.796,35762130,65.82290,44.45689,44.42855,0.56513813,0.50226852,0.062869604,79.71153,73.035109,36.97782,95.86845,0.48904827,45.21703,43.87036,42.52370,2023-10-02,15:30
2023-10-03 09:30:00,44.808,45.13,44.344,44.38406,129316780,58.91206,44.54934,44.41965,0.53167130,0.50814908,0.023522220,57.65986,68.71376,37.98810,78.65698,0.51025900,45.23366,43.94355,42.65344,2023-10-03,09:30
2023-10-03 10:30:00,44.382,44.51956,43.615,43.8735,90726680,51.67101,44.59228,44.31042,0.45866331,0.49825193,-0.039588612,30.32872,55.90004,36.74807,3.63568,0.53842331,45.23369,43.96727,42.70086,2023-10-03,10:30
2023-10-03 11:30:00,43.867,43.98199,43.597,43.9458,52348640,52.56026,44.51326,44.23750,0.40200409,0.47900236,-0.076998266,34.19917,40.72925,35.55063,-20.63269,0.52746368,45.21810,44.0064613,42.79482,2023-10-03,11:30
2023-10-03 12:30:00,43.947,44.102,43.55423,43.6015,49399290,48.028303,44.34176,44.11030,0.32556625,0.44831514,-0.12274889,15.76832,26.76540,34.64966,-37.39976,0.52891407,45.19922,44.025087,42.85096,2023-10-03,12:30
2023-10-03 13:30:00,43.60372,43.78,43.391,43.50536,46570440,46.81443,44.20658,43.98931,0.25429940,0.40951199,-0.15521259,7.65206,19.20652,33.36269,-68.39243,0.51892009,45.18645,44.035911,42.88537,2023-10-03,13:30
2023-10-03 14:30:00,43.503,43.70999,43.342,43.362,45237290,44.98855,44.047913,43.86385,0.18412948,0.36443549,-0.18030601,1.091008,8.17046,32.031781,-85.32123,0.50813938,45.15801,44.050611,42.94321,2023-10-03,14:30
2023-10-03 15:30:00,43.36133,43.595,43.246,43.534,41030800,47.62780,43.94352,43.79788,0.14077551,0.31970349,-0.17892798,14.93003,7.89103,30.52332,-81.59148,0.49677243,45.16281,44.038610,42.91441,2023-10-03,15:30
2023-10-04 09:30:00,43.742,44.043991,43.29201,43.313,103845320,44.66283,43.81280,43.70090,0.087574880,0.27327777,-0.18570289,3.47337,6.49814,30.035786,-65.10848,0.51500158,45.17833,44.013760,42.84919,2023-10-04,09:30
2023-10-04 10:30:00,43.316,43.95099,43.30608,43.87035,58528840,52.66588,43.70995,43.73479,0.089356333,0.23649348,-0.14713715,32.36650,16.92330,29.58308,-43.60700,0.52428073,45.18009,44.021328,42.86257,2023-10-04,10:30
2023-10-04 11:30:00,43.874,44.143,43.803,43.866,48058560,52.60195,43.65239,43.76103,0.089386842,0.20707215,-0.11768531,32.90878,22.91621,29.52485,-16.088190,0.51111778,45.17794,44.037528,42.89711,2023-10-04,11:30
2023-10-04 12:30:00,43.866,43.995,43.609,43.624,32260320,49.035154,43.62467,43.73363,0.069087142,0.17947515,-0.11038801,20.063692,28.44632,28.85063,-46.20048,0.50218091,45.16693,44.049578,42.93222,2023-10-04,12:30
2023-10-04 13:30:00,43.613,43.72,43.45,43.6055,30991580,48.76295,43.58686,43.70800,0.050919737,0.15376407,-0.10284433,19.081751,24.018073,27.74278,-68.16767,0.48559665,45.16508,44.052253,42.93943,2023-10-04,13:30
2023-10-04 14:30:00,43.60489,43.969,43.55,43.931,32128060,53.63948,43.62347,43.75260,0.062071584,0.13542557,-0.073353988,36.35885,25.16810,27.24969,-39.023867,0.48083976,45.15863,44.074453,42.99027,2023-10-04,14:30
2023-10-04 15:30:00,43.94,44.098999,43.895,44.0070007,34488770,54.72304,43.67921,43.80348,0.076164173,0.12357329,-0.047409119,40.39287,31.94449,27.054145,-9.11663,0.46106533,45.092791,44.041953,42.99112,2023-10-04,15:30
2023-10-05 09:30:00,44.05,44.52639,43.888,44.487,113602530,60.93343,43.80421,43.94018,0.12462791,0.12378422,0.00084369328,96.92367,57.89180,27.63330,46.52886,0.47373124,44.95573,44.0090532,43.062374,2023-10-05,09:30
2023-10-05 10:30:00,44.4815,44.488,44.056,44.274,53867380,57.18501,43.88643,44.0069475,0.14418632,0.12786464,0.016321683,80.28807,72.53487,28.17110,51.13924,0.47075049,44.88475,43.98665,43.088558,2023-10-05,10:30
2023-10-05 11:30:00,44.28,44.592,44.18501,44.53799,48014560,60.43374,44.022538,44.11316,0.17892593,0.13807689,0.040849032,95.98738,91.066369,28.84781,87.75585,0.46619628,44.83292,43.97405,43.11518,2023-10-05,11:30
2023-10-05 12:30:00,44.53245,44.593,44.313,44.532,33629410,60.32188,44.096054,44.19693,0.20362664,0.15118684,0.052439799,95.47153,90.58232,29.47796,98.049810,0.45289646,44.84300,43.97698,43.11095,2023-10-05,12:30
2023-10-05 13:30:00,44.538,44.9,44.46001,44.7445,48160270,62.94206,44.19367,44.30644,0.23761009,0.16847149,0.069138598,90.59860,94.019167,30.57891,133.31943,0.45197459,44.89230,43.98973,43.087159,2023-10-05,13:30
2023-10-05 14:30:00,44.745,44.9,44.632,44.77304,40046300,63.29266,44.32134,44.39976,0.26380419,0.18753803,0.076266159,92.32411,92.79808,31.60123,143.060478,0.43883349,44.88709,43.98858,43.090066,2023-10-05,14:30
2023-10-05 15:30:00,44.774,44.856,44.614,44.68,33248110,61.25795,44.44073,44.45581,0.27389817,0.20481006,0.069088106,86.31824,89.74698,32.46963,130.29364,0.42477384,44.93653,44.0033769,43.070220,2023-10-05,15:30
2023-10-06 09:30:00,44.193,44.724,44.026001,44.708,107972410,61.65743,44.52706,44.50625,0.28091881,0.22003181,0.060887002,87.95415,88.86550,31.061297,77.48927,0.44428985,45.024767,44.045102,43.065437,2023-10-06,09:30
2023-10-06 10:30:00,44.709,45.098001,44.702,45.013,75767120,65.79488,44.63884,44.60760,0.30754860,0.23753517,0.070013428,94.84220,89.70486,30.55574,131.038218,0.44084073,45.16324,44.098462,43.033686,2023-10-06,10:30
2023-10-06 11:30:00,45.028,45.6,45.014001,45.49,68372590,71.055298,44.75028,44.78408,0.36295875,0.26261988,0.10033887,94.88369,92.56001,30.93808,166.47778,0.45128065,45.39120,44.19289,42.99457,2023-10-06,11:30
2023-10-06 12:30:00,45.495,45.641,45.41,45.567,41448400,71.80902,44.89395,44.94066,0.40837759,0.29177143,0.11660617,96.62259,95.44949,31.35542,166.63361,0.43554630,45.59079,44.29597,43.0011486,2023-10-06,12:30
2023-10-06 13:30:00,45.57,45.62091,45.426,45.616,33777380,72.30326,45.013727,45.075730,0.44321703,0.32206055,0.12115648,98.80440,96.77023,31.74295,149.020560,0.41835797,45.75023,44.40867,43.067106,2023-10-06,13:30
2023-10-06 14:30:00,45.615,45.709,45.524,45.6935,37697230,73.10636,45.14278,45.19928,0.47164427,0.35197729,0.11966698,99.14883,98.19194,32.25092,143.31689,0.40168958,45.90600,44.51664,43.12729,2023-10-06,14:30
2023-10-06 15:30:00,45.6935,45.789,45.652,45.76163,40546220,73.82492,45.25580,45.31175,0.49397637,0.38037711,0.11359926,98.56017,98.83780,32.85836,134.65352,0.38278337,46.014064,44.63908,43.26409,2023-10-06,15:30
2023-10-09 09:30:00,44.842,45.05,44.418,44.70932,131629290,51.11026,45.24872,45.19127,0.42189870,0.38868143,0.033217273,38.75887,78.82262,31.023813,11.057575,0.45141534,46.010067,44.68102,43.35198,2023-10-09,09:30
2023-10-09 10:30:00,44.719,44.7739,44.368,44.51,52451320,48.091938,45.22983,45.055013,0.34471950,0.37988904,-0.035169542,27.45318,54.92407,29.41738,-15.68067,0.44816439,45.99198,44.71322,43.43447,2023-10-09,10:30
2023-10-09 11:30:00,44.51,44.8629,44.5,44.775,34736880,52.13883,45.23727,44.99901,0.30146259,0.36420375,-0.062741161,42.48433,36.23213,27.71405,-0.61891288,0.44207407,45.94782,44.77077,43.59373,2023-10-09,11:30
2023-10-09 12:30:00,44.779,45.11,44.711,45.06601,34168640,56.17913,45.24316,45.012410,0.28735081,0.34883316,-0.061482351,58.99083,42.97611,25.90563,27.82223,0.43899749,45.89735,44.84380,43.79025,2023-10-09,12:30
2023-10-09 13:30:00,45.075,45.561,45.066171,45.41967,60029190,60.53889,45.23535,45.093862,0.30123204,0.33931294,-0.038080897,79.050891,60.17535,25.12694,77.45988,0.44299689,45.91196,44.91823,43.92451,2023-10-09,13:30
2023-10-09 14:30:00,45.421,45.605,45.291,45.517,49391650,61.66918,45.22979,45.17849,0.31643924,0.33473820,-0.018298957,84.57175,74.20449,24.48515,86.26434,0.43378271,45.92664,44.99373,44.060822,2023-10-09,14:30
2023-10-09 15:30:00,45.52799,45.536,45.174,45.273,29211870,57.24273,45.19168,45.19739,0.30528316,0.32884719,-0.023564029,70.73169,78.11811,23.58286,55.54012,0.42865534,45.94319,45.033033,44.12287,2023-10-09,15:30
2023-10-10 09:30:00,45.31,45.633,45.088,45.615,96689420,61.42239,45.18296,45.28091,0.32034555,0.32714686,-0.0068013137,87.75497,81.019473,22.94598,66.28303,0.43696554,45.97353,45.10008,44.22663,2023-10-10,09:30
2023-10-10 10:30:00,45.619,46.142,45.59,46.077499,66419080,66.23005,45.21806,45.44023,0.36539049,0.33479559,0.030594902,96.36404,84.95024,23.28600,130.67929,0.44518243,46.10824,45.17706,44.24588,2023-10-10,10:30
2023-10-10 11:30:00,46.079001,46.23899,46.012,46.089001,43822370,66.34239,45.37135,45.56998,0.39743566,0.34732360,0.050112058,91.98351,92.034175,23.75873,142.68359,0.42959724,46.21718,45.25491,44.29264,2023-10-10,11:30
2023-10-10 12:30:00,46.082999,46.259,45.75,45.98672,45892910,64.29414,45.53543,45.65333,0.40985379,0.35982964,0.050024149,85.60123,91.31626,23.44369,114.070973,0.43526884,46.29964,45.31702,44.33440,2023-10-10,12:30
2023-10-10 13:30:00,45.987,46.035001,45.808,45.84799,30574590,61.51981,45.65465,45.69226,0.40384562,0.36863284,0.035212788,78.26490,85.28321,23.15114,91.65498,0.42039263,46.34605,45.37077,44.39548,2023-10-10,13:30
2023-10-10 14:30:00,45.8535,46.047,45.843,45.95355,33142910,62.83397,45.75327,45.74452,0.40295691,0.37549765,0.027459258,83.84715,82.57109,22.90426,92.77064,0.40493608,46.38705,45.43444,44.48184,2023-10-10,14:30
2023-10-10 15:30:00,45.954,45.999,45.76828,45.794,26721250,59.52502,45.79486,45.75442,0.38494097,0.37738631,0.0075546537,75.40987,79.17398,22.43550,72.12306,0.39249200,46.39206,45.48874,44.58543,2023-10-10,15:30
2023-10-11 09:30:00,46.196,46.555,46.11,46.37512,102998040,66.45430,45.89021,45.87856,0.41279618,0.38446829,0.028327890,91.77504,83.67736,23.095737,144.29687,0.41881389,46.51042,45.55685,44.60328,2023-10-11,09:30
2023-10-11 10:30:00,46.3785,46.72,46.249,46.43701,64847760,67.10029,46.019543,45.99025,0.43485289,0.39454521,0.040307686,87.25259,84.81250,23.97891,142.93137,0.42254163,46.63102,45.60420,44.57738,2023-10-11,10:30
2023-10-11 11:30:00,46.443,46.50499,46.147,46.315,46631800,64.46472,46.097321,46.055198,0.43744528,0.40312522,0.034320054,79.84065,86.28943,24.45516,105.20652,0.41793076,46.71376,45.64160,44.56944,2023-10-11,11:30
2023-10-11 12:30:00,46.317,46.391,46.105,46.202,27844880,62.034439,46.11115,46.084558,0.42547693,0.40759556,0.017881365,68.67862,78.59062,24.75261,82.71821,0.40850725,46.77035,45.67090,44.57146,2023-10-11,12:30
2023-10-11 13:30:00,46.2,46.5,46.05,46.377,35580040,64.28031,46.14315,46.14305,0.42521139,0.41111873,0.014092663,78.98271,75.83400,25.24070,84.21752,0.41147102,46.84688,45.70508,44.56327,2023-10-11,13:30
2023-10-11 14:30:00,46.37999,46.607,46.367,46.594,36151160,66.89542,46.21063,46.23324,0.43746829,0.41638864,0.021079645,92.27936,79.98023,25.89959,101.27484,0.39922305,46.95259,45.74669,44.54080,2023-10-11,14:30
2023-10-11 15:30:00,46.595,46.859,46.564,46.809,44495570,69.29407,46.31741,46.34839,0.45923682,0.42495828,0.034278544,97.17673,89.47960,26.96287,123.43092,0.39177841,47.043556,45.85168,44.65980,2023-10-11,15:30
2023-10-12 09:30:00,46.777,47.609,46.66,47.1785,139448250,72.92493,46.45351,46.51441,0.50053431,0.44007348,0.060460829,78.67760,89.37790,28.94894,171.058913,0.43157988,47.14331,45.98510,44.82690,2023-10-12,09:30
2023-10-12 10:30:00,47.1785,47.469,47.123,47.22,58727090,73.30671,46.61196,46.65553,0.53049641,0.45815807,0.072338344,79.074853,84.97640,30.79314,170.39516,0.42546697,47.24480,46.10735,44.96991,2023-10-12,10:30
2023-10-12 11:30:00,47.218,47.48161,47.14403,47.45205,44346020,75.39583,46.73162,46.81483,0.56643653,0.47981376,0.086622766,91.55735,83.10327,32.52042,164.22791,0.41918929,47.40208,46.22666,45.051235,2023-10-12,11:30
2023-10-12 12:30:00,47.449,47.56,46.837,46.928,67292860,63.33954,46.78617,46.83747,0.54633499,0.49311801,0.053216981,63.0036126,77.87860,32.93671,116.18536,0.44089013,47.45402,46.30207,45.15012,2023-10-12,12:30
2023-10-12 13:30:00,46.92,47.015991,46.33,46.714,73173130,59.17805,46.83051,46.81277,0.50728878,0.49595216,0.011336619,51.37781,68.64626,31.73997,49.65233,0.45839744,47.46797,46.36192,45.25588,2023-10-12,13:30
2023-10-12 14:30:00,46.705,46.98511,46.65201,46.87,47921970,61.18033,46.90473,46.82422,0.48336038,0.49343380,-0.010073426,59.85274,58.078056,30.62871,63.32532,0.44944757,47.44791,46.44177,45.43564,2023-10-12,14:30
2023-10-12 15:30:00,46.866,47.060001,46.86101,46.945,34567130,62.14175,46.96784,46.84838,0.46508758,0.48776456,-0.022676979,57.40869,56.21308,29.75677,73.46538,0.43155774,47.46146,46.50827,45.55509,2023-10-12,15:30
2023-10-13 09:30:00,46.96,47.116,46.541,46.59,91908800,55.17604,46.96740,46.79670,0.41715191,0.47364203,-0.056490121,34.63756,50.63300,28.021095,34.53540,0.44180361,47.46672,46.53390,45.60108,2023-10-13,09:30
2023-10-13 10:30:00,46.59,46.785,46.014999,46.080359,85126920,47.026347,46.88643,46.65343,0.33418652,0.44575093,-0.11156441,4.10034,32.048863,26.85254,-44.45623,0.46524630,47.46712,46.53346,45.59981,2023-10-13,10:30
2023-10-13 11:30:00,46.082001,46.3,45.881,46.14369,58536220,48.053134,46.77146,46.55148,0.27042872,0.41068649,-0.14025776,15.20192,17.97994,26.036482,-78.17213,0.46194301,47.45895,46.54131,45.62368,2023-10-13,11:30
2023-10-13 12:30:00,46.149,46.20299,45.45,45.501,53365560,39.65323,46.58046,46.34139,0.16612567,0.36177432,-0.19564865,2.36225,7.22151,26.056049,-141.46690,0.48273213,47.50435,46.52396,45.54357,2023-10-13,12:30
2023-10-13 13:30:00,45.49708,45.65,45.28,45.38,53537760,38.29591,46.35023,46.14911,0.072860986,0.30399166,-0.23113067,4.29369,7.28595,26.34701,-174.74146,0.47467993,47.56978,46.49529,45.42079,2023-10-13,13:30
2023-10-13 14:30:00,45.383,45.757,45.359,45.508,65210570,40.61174,46.19245,46.020887,0.0091708562,0.24502750,-0.23585664,9.78960,5.48185,26.30174,-149.78911,0.46920287,47.59916,46.48099,45.36282,2023-10-13,14:30
2023-10-13 15:30:00,45.513,45.563,45.355,45.458,49581480,39.98051,46.052894,45.90831,-0.044821933,0.18705761,-0.23187954,7.64276,7.24201,26.26695,-140.99627,0.45054564,47.63885,46.43513,45.23141,2023-10-13,15:30
2023-10-16 09:30:00,45.063,46.041611,44.912,46.017499,125489290,49.44895,45.95817,45.93015,-0.041980697,0.14124995,-0.18323065,41.74844,19.72693,24.89090,-99.10920,0.49905032,47.63156,46.41415,45.19675,2023-10-16,09:30
2023-10-16 10:30:00,46.022,46.12514,45.7564,46.047,64064530,49.89777,45.85839,45.95352,-0.036922860,0.10561539,-0.14253825,42.86254,30.75125,23.40421,-53.76379,0.48974250,47.62809,46.40075,45.17342,2023-10-16,10:30
2023-10-16 11:30:00,46.048001,46.225,45.7311,45.878,43721760,47.30663,45.77928,45.93841,-0.046020896,0.075288130,-0.12130903,36.48036,40.36378,21.77098,-54.43061,0.49003943,47.63037,46.38455,45.13874,2023-10-16,11:30
2023-10-16 12:30:00,45.88599,46.05899,45.508,45.652,37170980,44.014940,45.73169,45.88113,-0.070653100,0.046099884,-0.11675298,33.57528,37.63939,20.79158,-72.19725,0.49439318,47.63443,46.34830,45.062182,2023-10-16,12:30
2023-10-16 13:30:00,45.655,45.99499,45.596,45.8945,32476600,48.18144,45.70400,45.88381,-0.069801796,0.022919548,-0.092721344,44.57808,38.21124,19.88214,-56.38797,0.48757865,47.60883,46.31333,45.017825,2023-10-16,13:30
2023-10-16 14:30:00,45.89326,46.151,45.8,46.14201,27548880,52.099748,45.77522,45.93545,-0.048594989,0.0086166407,-0.057211630,55.80810,44.65382,18.59170,-30.16678,0.47782311,47.55694,46.27998,45.0030244,2023-10-16,14:30
2023-10-16 15:30:00,46.1475,46.208,46.025,46.088,32479010,51.19012,45.85389,45.96596,-0.035734672,-0.00025362173,-0.035481050,53.35756,51.24791,17.29566,-16.64946,0.45676422,47.43567,46.22546,45.015237,2023-10-16,15:30
2023-10-17 09:30:00,44.0,44.179,42.48,43.73222,314118030,28.12463,45.65658,45.51921,-0.21317716,-0.042838330,-0.17033883,29.087599,46.084418,20.32025,-299.65649,0.68185261,47.59651,46.051066,44.50562,2023-10-17,09:30
2023-10-17 10:30:00,43.732,44.247,43.71961,44.171,140843990,34.082271,45.51358,45.24957,-0.31476740,-0.097224144,-0.21754326,44.26701,42.23739,22.98961,-201.94863,0.67081953,47.49795,45.88701,44.27607,2023-10-17,10:30
2023-10-17 11:30:00,44.165,44.754,44.108,44.7245,93634720,40.75361,45.36991,45.14455,-0.34661992,-0.14710330,-0.19951662,59.93324,44.42928,24.46289,-131.71221,0.66904687,47.38933,45.77684,44.16435,2023-10-17,11:30
2023-10-17 12:30:00,44.719,44.737,44.013,44.014999,66625140,35.75785,45.14414,44.91864,-0.42422382,-0.20252740,-0.22169642,40.98799,48.39608,25.90219,-137.065795,0.67297202,47.36597,45.64189,43.91781,2023-10-17,12:30
2023-10-17 13:30:00,44.0215,44.0215,43.654,43.9638,77477340,35.42042,44.93145,44.72767,-0.48427441,-0.25887681,-0.22539761,39.62085,46.84736,27.50442,-146.023621,0.65115250,47.27127,45.49658,43.72189,2023-10-17,13:30
2023-10-17 14:30:00,43.964,44.115,43.64201,43.917,68784140,35.094428,44.73867,44.56554,-0.52953703,-0.31300885,-0.21652818,38.37122,39.66002,28.79629,-121.14860,0.63842653,47.11641,45.34518,43.57394,2023-10-17,14:30
2023-10-17 15:30:00,43.925,44.036499,43.7868,43.955,40500770,35.61258,44.52317,44.44343,-0.55593345,-0.36159377,-0.19433968,39.38583,39.12597,29.99588,-101.031479,0.61066020,46.98669,45.21343,43.44017,2023-10-17,15:30
2023-10-18 09:30:00,42.591,43.219,42.324,42.682,219205160,27.64891,44.13872,44.091145,-0.67182868,-0.42364075,-0.24818793,9.17718,28.97808,32.086140,-161.50979,0.68354159,47.083184,45.043511,43.0038377,2023-10-18,09:30
2023-10-18 10:30:00,42.69,42.738,42.18,42.36101,103817570,26.066084,43.72461,43.74512,-0.78057967,-0.49502854,-0.28555113,4.47495,17.67932,34.10259,-155.41492,0.67457446,47.13785,44.85438,42.57090,2023-10-18,10:30
2023-10-18 11:30:00,42.3635,42.698,42.239,42.30875,63651980,25.80704,43.56645,43.45784,-0.86105693,-0.56823421,-0.29282271,3.19639,5.61617,35.97501,-135.42827,0.65917626,47.20968,44.69476,42.17985,2023-10-18,11:30
2023-10-18 12:30:00,42.301,42.4932,42.038,42.371,61594510,26.74093,43.36645,43.24048,-0.90933051,-0.63645347,-0.27287703,7.98558,5.21898,37.82792,-125.40684,0.64460654,47.23138,44.54431,41.85725,2023-10-18,12:30
2023-10-18 13:30:00,42.36801,42.4012,42.12001,42.24501,44162330,26.026875,43.090952,43.041383,-0.94683933,-0.69853064,-0.24830869,4.96427,5.38208,39.54849,-114.30948,0.61864814,47.20702,44.38116,41.55531,2023-10-18,13:30
2023-10-18 14:30:00,42.2584,42.3275,41.885,42.0215,68531210,24.76353,42.86945,42.83741,-0.98326631,-0.75547778,-0.22778853,3.15751,5.36912,41.28712,-111.85068,0.60606604,47.16722,44.20934,41.25146,2023-10-18,14:30
2023-10-18 15:30:00,42.023499,42.261,41.825,42.197,52728730,27.72988,42.67314,42.70932,-0.98660062,-0.80170235,-0.18489827,12.70058,6.94079,42.93780,-101.54071,0.59391836,46.97789,44.018315,41.058737,2023-10-18,15:30
2023-10-19 09:30:00,42.811,43.297,42.242,42.662,146624780,35.038095,42.53370,42.69986,-0.94087568,-0.82953701,-0.11133867,28.57628,14.81146,42.038528,-61.14893,0.63006705,46.71076,43.84906,40.98737,2023-10-19,09:30
2023-10-19 10:30:00,42.661,43.01329,42.541,42.74943,67307220,36.34156,42.39974,42.70977,-0.88735462,-0.84110053,-0.046254084,31.56125,24.27937,41.20349,-52.71520,0.61879727,46.43307,43.69264,40.95220,2023-10-19,10:30
2023-10-19 11:30:00,42.74752,43.154,42.704,42.84817,78226140,37.85806,42.41821,42.73745,-0.82743319,-0.83836707,0.010933875,35.13630,31.75794,40.13395,-39.38399,0.60674032,46.16131,43.55244,40.94358,2023-10-19,11:30
2023-10-19 12:30:00,42.85718,42.912,42.409,42.706,57402020,36.50944,42.45654,42.73116,-0.78239790,-0.82717323,0.044775335,38.47162,35.056390,39.49164,-47.91052,0.59933029,45.79109,43.39302,40.99495,2023-10-19,12:30
2023-10-19 13:30:00,42.729,42.773,42.348,42.41294,43761080,33.83385,42.46812,42.66752,-0.76157565,-0.81405372,0.052478066,25.67422,33.094045,38.96707,-54.029455,0.58687812,45.27838,43.20657,41.13475,2023-10-19,13:30
2023-10-19 14:30:00,42.407,42.407,41.882,42.084,69537380,31.080583,42.43623,42.55081,-0.76282321,-0.80380762,0.040984403,11.71150,25.28578,39.000013327,-83.66349,0.58288245,44.65669,43.0063663,41.35604,2023-10-19,14:30
2023-10-19 15:30:00,42.094269,42.233,41.985,42.084,35636440,31.080583,42.41834,42.45745,-0.75510751,-0.79406759,0.038960088,17.59508,18.32693,39.030602,-80.035583,0.55896214,44.58564,42.92396,41.26227,2023-10-19,15:30
2023-10-20 09:30:00,41.89,42.47,41.7725,41.883,115958470,29.38591,42.40295,42.34256,-0.75649149,-0.78655237,0.030060884,7.24815,12.18491,38.46620,-82.51649,0.56885774,44.42651,42.80956,41.19260,2023-10-20,09:30
2023-10-20 10:30:00,41.876,41.912,41.078,41.216,108813840,24.59372,42.29395,42.11725,-0.80216266,-0.78967443,-0.012488230,6.21904,10.35409,38.72005,-149.33603,0.58779645,44.13943,42.63413,41.12883,2023-10-20,10:30
2023-10-20 11:30:00,41.22,41.489,41.201,41.2155,57812730,24.59048,42.13323,41.93690,-0.82884339,-0.79750822,-0.031335166,6.19648,6.55456,38.95577,-154.58815,0.56638245,43.98032,42.49416,41.0079865,2023-10-20,11:30
2023-10-20 12:30:00,41.221,41.8502,41.21351,41.713,55205950,33.91221,42.018067,41.89212,-0.80061492,-0.79812956,-0.0024853622,28.61652,13.67735,38.29130,-112.97637,0.57140451,43.74107,42.38162,41.022165,2023-10-20,12:30
2023-10-20 13:30:00,41.72,41.875,41.45562,41.4975,41287540,32.063298,41.86799,41.81320,-0.78656566,-0.79581678,0.0092511188,18.90494,17.90598,37.61504,-104.63765,0.56054552,43.47490,42.26064,41.046385,2023-10-20,13:30
2023-10-20 14:30:00,41.494,41.646,41.41061,41.495,37978590,32.041479,41.73344,41.74956,-0.76679408,-0.79001224,0.023218163,18.79231,22.10459,37.049882,-112.24729,0.53732000,43.11589,42.13764,41.15939,2023-10-20,14:30
2023-10-20 15:30:00,41.493,41.57499,41.356,41.374,33227580,30.94361,41.61800,41.67445,-0.75221772,-0.78245334,0.030235615,13.33930,17.012184,36.60483,-114.062871,0.51458222,43.070852,42.072240,41.073628,2023-10-20,15:30
2023-10-23 09:30:00,41.4,42.43,40.945,42.359,130323700,46.89510,41.64856,41.81136,-0.65364967,-0.75669260,0.10304293,64.010803,32.047471,34.21803,-30.22608,0.58389760,43.070636,42.072140,41.073644,2023-10-23,09:30
2023-10-23 10:30:00,42.348,42.627,42.115,42.5655,80351490,49.52732,41.70206,41.96218,-0.55250204,-0.71585449,0.16335245,73.35894,50.23635,31.91309,58.93880,0.57876202,43.10175,42.084977,41.068208,2023-10-23,10:30
2023-10-23 11:30:00,42.566,42.938,42.491,42.828,57536590,52.73452,41.80706,42.13535,-0.44601883,-0.66188736,0.21586853,94.48065,77.28346,30.31943,102.85928,0.56935046,43.16886,42.10783,41.046797,2023-10-23,11:30
2023-10-23 12:30:00,42.827,42.999,42.62701,42.791,47022280,52.23073,41.98206,42.26648,-0.36046050,-0.60160199,0.24114149,89.87347,85.90435,28.94433,99.39249,0.55525313,43.23621,42.13513,41.034043,2023-10-23,12:30
2023-10-23 13:30:00,42.786,42.964,42.72,42.8615,32451740,53.14915,42.16494,42.38548,-0.28369599,-0.53802079,0.25432480,93.30574,92.55329,27.66746,92.53382,0.53302078,43.32092,42.17713,41.033330,2023-10-23,13:30
2023-10-23 14:30:00,42.863,43.24799,42.746,42.918,65423940,53.91389,42.29883,42.49199,-0.21581271,-0.47357917,0.25776646,85.67124,89.61682,26.99328,96.28420,0.53080428,43.40178,42.21318,41.024576,2023-10-23,14:30
2023-10-23 15:30:00,42.915,43.057999,42.81102,42.979,38580030,54.77226,42.46344,42.58939,-0.15530217,-0.40992377,0.25462160,88.32004,89.099005,26.36727,90.27726,0.51053103,43.44918,42.22903,41.0088728,2023-10-23,15:30
2023-10-24 09:30:00,43.076999,43.38299,42.691,43.01275,122138520,55.26866,42.63208,42.67406,-0.10343155,-0.34862533,0.24519378,84.81374,86.26834,26.34990,96.28351,0.52349232,43.48990,42.24219,40.99449,2023-10-24,09:30
2023-10-24 10:30:00,43.010001,43.268,42.93,43.03399,53395950,55.59895,42.81653,42.74605,-0.059919088,-0.29088408,0.23096499,85.68496,86.27291,26.33378,99.54984,0.51024291,43.51970,42.25148,40.98327,2023-10-24,10:30
2023-10-24 11:30:00,43.020999,43.229,42.88,42.914,34581830,53.20876,42.87819,42.77964,-0.034717062,-0.23965068,0.20493361,80.76332,83.75401,26.16624,86.50628,0.49872570,43.54812,42.26188,40.97565,2023-10-24,11:30
2023-10-24 12:30:00,42.912,43.116,42.712,43.111,37389440,56.51411,42.93880,42.84591,0.0011386163,-0.19149282,0.19263143,88.84363,85.097303,25.49927,77.27849,0.49195964,43.63438,42.29679,40.95919,2023-10-24,12:30
2023-10-24 13:30:00,43.114,43.228,43.031,43.226,27808400,58.36322,42.98303,42.92193,0.038391680,-0.14551592,0.18390760,93.56074,87.72256,25.11642,87.56421,0.47089111,43.74664,42.35389,40.96114,2023-10-24,13:30
2023-10-24 14:30:00,43.228,43.612,43.20105,43.546,50294670,63.068982,43.066916,43.046742,0.092667961,-0.097879142,0.19054710,97.52529,93.30989,25.49190,106.52981,0.46660958,43.90619,42.42699,40.94779,2023-10-24,14:30
2023-10-24 15:30:00,43.554,43.697,43.544,43.663,37071480,64.64247,43.15597,43.16999,0.14346951,-0.049609412,0.19307892,98.76455,96.61686,25.98797,112.77233,0.44420888,44.066057,42.51599,40.96592,2023-10-24,15:30
2023-10-25 09:30:00,43.398,43.65,42.867,43.3465,84511440,57.50497,43.20358,43.20530,0.15638838,-0.0084098536,0.16479823,77.84448,91.37811,24.53103,73.90104,0.46933676,44.091281,42.62251,41.15374,2023-10-25,09:30
2023-10-25 10:30:00,43.35195,43.425,42.7281,42.909,48083770,49.38730,43.19580,43.14604,0.12982751,0.019237620,0.11058989,34.65998,70.42300,22.85482,41.70681,0.48559124,44.029715,42.70719,41.38466,2023-10-25,10:30
2023-10-25 11:30:00,42.899,42.976,42.371,42.5308,43349300,43.65084,43.14225,43.022989,0.077368541,0.030863804,0.046504737,12.051443,41.51863,21.91223,-13.79204,0.49412056,43.99344,42.74808,41.50271,2023-10-25,11:30
2023-10-25 12:30:00,42.53,42.63899,41.951,42.024799,47060500,37.39284,43.030122,42.82335,-0.0049783827,0.023695366,-0.028673749,4.22667,16.97936,21.80141,-83.30564,0.50796826,43.93202,42.77444,41.61686,2023-10-25,12:30
2023-10-25 13:30:00,42.017001,42.15,41.709,41.998,49999600,37.089572,42.92834,42.65828,-0.071576160,0.0046410611,-0.076217221,14.53729,10.27180,22.088038,-133.38808,0.50318484,43.86291,42.79959,41.73628,2023-10-25,13:30
2023-10-25 14:30:00,41.99,42.064999,41.555,41.855,50999320,35.43786,42.78879,42.49762,-0.13434582,-0.023156314,-0.11118950,14.0055935,10.92319,22.59171,-167.42916,0.50367168,43.77249,42.82364,41.87479,2023-10-25,14:30
2023-10-25 15:30:00,41.856,41.944,41.6701,41.761,37050390,34.35483,42.62601,42.35030,-0.18949191,-0.056423433,-0.13306848,9.61716,12.72002,23.059406,-168.74478,0.48725951,43.83268,42.79374,41.75480,2023-10-25,15:30
2023-10-26 09:30:00,41.853,42.25555,40.675,41.017001,138218380,27.25503,42.34501,42.083640,-0.28988829,-0.10311640,-0.18677189,11.31705,11.64660,24.76638,-201.58051,0.56535177,44.011063,42.71632,41.42157,2023-10-26,09:30
2023-10-26 10:30:00,41.0255,41.325,40.4,40.41301,82832910,23.084239,41.98390,41.74951,-0.41342453,-0.16517803,-0.24824650,0.39459033,7.10960,26.61522,-213.31913,0.59104093,44.23160,42.59557,40.95954,2023-10-26,10:30
2023-10-26 11:30:00,40.4215,40.676,40.105,40.243,66360700,22.060890,41.63907,41.44821,-0.51906287,-0.23595500,-0.28310787,3.84188,5.18451,28.59442,-194.73475,0.58960959,44.39455,42.46817,40.54179,2023-10-26,11:30
2023-10-26 12:30:00,40.2395,40.42,40.0019989,40.082001,60180350,21.10665,41.32496,41.17497,-0.60875589,-0.31051518,-0.29824071,2.16514,2.13387,30.52108,-169.31228,0.57735193,44.50669,42.32919,40.15169,2023-10-26,12:30
2023-10-26 13:30:00,40.082999,40.568,39.88019,40.568,67629170,30.83265,41.10687,41.053575,-0.63332170,-0.37507648,-0.25824522,18.020504,8.0091745,31.86085,-133.074052,0.58524167,44.50021,42.21169,39.92318,2023-10-26,13:30
2023-10-26 14:30:00,40.5605,40.985,40.49568,40.73699,54959180,33.88483,40.96378,40.99026,-0.63187030,-0.42643524,-0.20543506,22.44805,14.21123,31.93973,-92.79956,0.57839025,44.44570,42.099592,39.75348,2023-10-26,14:30
2023-10-26 15:30:00,40.729,40.729,40.242,40.2745,40396380,29.98507,40.77228,40.84711,-0.66042622,-0.47323344,-0.18719278,10.45964,16.97607,32.33287,-101.50244,0.57243302,44.39757,41.96268,39.52779,2023-10-26,15:30
2023-10-27 09:30:00,41.13,41.206,40.484,40.716,111552540,37.39256,40.64572,40.82089,-0.64005343,-0.50659744,-0.13345599,23.57840,18.82870,31.52804,-69.41059,0.59808068,44.28732,41.84678,39.40624,2023-10-27,09:30
2023-10-27 10:30:00,40.719,41.039001,40.422,40.9575,64376510,41.065558,40.55644,40.84821,-0.59753276,-0.52478450,-0.072748257,34.79898,22.94567,30.87320,-62.52854,0.59943216,44.16729,41.74895,39.33062,2023-10-27,10:30
2023-10-27 11:30:00,40.967,40.98,40.689,40.768,43316910,39.12584,40.52878,40.83217,-0.57252632,-0.53433287,-0.038193453,32.18098,30.18612,30.26514,-55.79614,0.57740110,44.0013755,41.63180,39.26223,2023-10-27,11:30
2023-10-27 12:30:00,40.772,40.90999,40.38,40.493,37548100,36.43618,40.53767,40.76433,-0.56834718,-0.54113573,-0.027211453,25.79854,30.92616,30.18087,-63.71162,0.57401478,43.79543,41.49515,39.19488,2023-10-27,12:30
2023-10-27 13:30:00,40.489,40.498,40.014999,40.12,50527560,33.11135,40.52400,40.63547,-0.58835087,-0.55057876,-0.037772112,10.095740,22.69175,30.60536,-83.77065,0.56751385,43.49432,41.32385,39.15339,2023-10-27,13:30
2023-10-27 14:30:00,40.12586,40.407,40.079999,40.356,50802110,37.026785,40.55444,40.57957,-0.57849233,-0.55616147,-0.022330856,20.031014,18.64176,30.99952,-74.57249,0.55033443,43.080630,41.15850,39.23638,2023-10-27,14:30
2023-10-27 15:30:00,40.36399,40.535,40.204,40.505,37801410,39.43720,40.54744,40.56466,-0.55228993,-0.55538716,0.0030972328,26.30371,18.81015,30.98828,-60.088028,0.53466766,42.67226,41.016430,39.36060,2023-10-27,15:30
2023-10-30 09:30:00,41.087,42.282,40.736,40.953,100451440,46.11570,40.57144,40.64233,-0.48972911,-0.54225555,0.052526446,44.66669,30.33380,29.96602,36.82493,0.62340583,42.32858,40.91863,39.50868,2023-10-30,09:30
2023-10-30 10:30:00,40.942,41.02999,40.614,40.734,60709220,43.58544,40.62250,40.66066,-0.45260336,-0.52432511,0.071721753,35.54855,35.50632,28.79522,-13.10432,0.60859028,42.029900,40.82879,39.62768,2023-10-30,10:30
2023-10-30 11:30:00,40.73999,41.08587,40.66002,40.7,40253100,43.18925,40.62072,40.66853,-0.42107059,-0.50367421,0.082603621,34.13297,38.11607,27.78795,-1.19814,0.59553751,41.83136,40.76255,39.69374,2023-10-30,11:30
2023-10-30 12:30:00,40.69489,40.906,40.481,40.861,40235320,45.70604,40.61000,40.70702,-0.37872371,-0.47868411,0.099960399,40.83619,36.83924,26.50241,-2.56640,0.58335626,41.61459,40.70570,39.79681,2023-10-30,12:30
2023-10-30 13:30:00,40.87,41.215,40.817,41.094,46030950,49.21271,40.64622,40.78442,-0.32264299,-0.44747588,0.12483290,47.59595,40.85504,25.78304,70.032107,0.57011638,41.43334,40.66765,39.90196,2023-10-30,13:30
2023-10-30 14:30:00,41.0935,41.499,41.072,41.36001,47409750,52.94895,40.74256,40.89954,-0.25380812,-0.40874233,0.15493421,59.32993,49.25402,25.52046,143.94127,0.55989371,41.31202,40.64760,39.98318,2023-10-30,14:30
2023-10-30 15:30:00,41.362,41.443,41.12841,41.159,30700550,49.95812,40.85800,40.95143,-0.21302027,-0.36959792,0.15657765,50.46315,52.46301,25.27664,130.37607,0.54237205,41.33754,40.65470,39.97186,2023-10-30,15:30
2023-10-31 09:30:00,40.45,40.52,39.23001,39.88692,169699900,36.071902,40.80588,40.73853,-0.28011281,-0.35170090,0.071588083,21.52396,43.77235,24.90042,-159.33582,0.64141609,41.38319,40.62840,39.87360,2023-10-31,09:30
2023-10-31 10:30:00,39.887,40.35334,39.51,40.145,88933450,39.73199,40.76588,40.61982,-0.30889837,-0.34314039,0.034242022,29.98012,33.98908,24.55108,-123.32119,0.65583908,41.38943,40.62350,39.85757,2023-10-31,10:30
2023-10-31 11:30:00,40.149,40.342,40.023001,40.18552,48680240,40.30979,40.68061,40.53296,-0.32469873,-0.33945206,0.014753333,31.30772,27.60394,24.22668,-88.55379,0.63177917,41.38118,40.62867,39.87617,2023-10-31,11:30
2023-10-31 12:30:00,40.19,40.395,40.060001,40.245,42250140,41.20101,40.62627,40.47537,-0.32863266,-0.33728818,0.0086555161,33.25667,31.51484,23.82359,-76.51789,0.61058070,41.38319,40.61252,39.84186,2023-10-31,12:30
2023-10-31 13:30:00,40.255,40.668,40.231,40.42,53119530,43.85693,40.59516,40.46430,-0.31400959,-0.33263246,0.018622869,38.99064,34.51834,22.92545,-33.68303,0.59818204,41.36948,40.59667,39.82386,2023-10-31,13:30
2023-10-31 14:30:00,40.417,40.879,40.41,40.798,55302690,49.19506,40.58816,40.53104,-0.26882048,-0.31987007,0.051049587,51.37600,41.20777,21.70243,12.39546,0.58895477,41.38563,40.62285,39.86006,2023-10-31,14:30
2023-10-31 15:30:00,40.799,40.849,40.63201,40.782,41598380,48.98275,40.55349,40.58123,-0.23162880,-0.30222181,0.070593011,50.85174,47.072789,20.56676,24.36099,0.56238580,41.39108,40.62615,39.86121,2023-10-31,15:30
2023-11-01 09:30:00,40.888,41.63599,40.869,41.60001,99540250,58.77734,40.58016,40.78499,-0.13459615,-0.26869668,0.13410053,98.50455,66.91076,20.0039439,128.91780,0.58321457,41.52356,40.65827,39.79299,2023-11-01,09:30
2023-11-01 10:30:00,41.6,42.038,41.48101,41.812,73130600,60.87377,40.65272,40.99039,-0.040128641,-0.22298307,0.18285443,91.95150,80.43593,20.028325,173.33959,0.58134150,41.71129,40.71047,39.70966,2023-11-01,10:30
2023-11-01 11:30:00,41.808,42.0049896,41.213,41.714,37281370,59.37062,40.85573,41.13511,0.026524161,-0.17308163,0.19960579,88.46153,92.97253,19.54174,131.41765,0.59638776,41.85719,40.77152,39.68585,2023-11-01,11:30
2023-11-01 12:30:00,41.714,41.8,41.56514,41.661,32677590,58.52882,41.024170,41.24029,0.074214593,-0.12362238,0.19783698,86.57395,88.99566,19.089907,118.87133,0.57056437,41.95685,40.84857,39.74030,2023-11-01,12:30
2023-11-01 13:30:00,41.649,41.884,41.45555,41.6875,35874330,58.84304,41.19106,41.32973,0.11284722,-0.076328462,0.18917568,87.51774,87.51774,18.44937,104.31646,0.56041323,42.056539,40.91515,39.77376,2023-11-01,13:30
2023-11-01 14:30:00,41.687,42.235,41.40101,42.15623,83992640,64.033682,41.40342,41.49503,0.17922040,-0.025218690,0.20443909,97.37863,90.49011,18.40756,121.77218,0.57995446,42.24267,40.99771,39.75275,2023-11-01,14:30
2023-11-01 15:30:00,42.1635,42.381,42.1095,42.325,45207640,65.71055,41.61508,41.66102,0.24264302,0.028353651,0.21428937,98.22279,94.37305,18.58668,146.0068566,0.55792198,42.43855,41.066310,39.69407,2023-11-01,15:30
2023-11-02 09:30:00,43.328,43.59,42.894,43.42403,131166070,74.15946,41.90686,42.013625,0.37723982,0.098130884,0.27910893,95.93211,97.17784,20.15877,214.15188,0.60842750,42.90385,41.20081,39.49777,2023-11-02,09:30
2023-11-02 10:30:00,43.428,43.444,43.125,43.206,53541290,70.45080,42.17620,42.25210,0.46100143,0.17070499,0.29029644,89.23466,94.46318,21.61856,176.67761,0.58775413,43.22125,41.32611,39.43097,2023-11-02,10:30
2023-11-02 11:30:00,43.207,43.284,43.057999,43.15,34955840,69.48958,42.34842,42.43168,0.51690583,0.23994516,0.27696067,87.53542,90.90073,22.81598,144.61161,0.56191462,43.48046,41.44056,39.40066,2023-11-02,11:30
2023-11-02 12:30:00,43.157,43.347,43.106,43.28,25431060,70.49595,42.51153,42.60134,0.56518518,0.30499316,0.26019202,90.77104,89.18037,23.99694,130.21230,0.53899217,43.73300,41.54986,39.36672,2023-11-02,12:30
2023-11-02 13:30:00,43.288,43.469,43.226,43.461,29894140,71.88638,42.70564,42.77327,0.61100876,0.36619628,0.24481247,95.94337,91.41661,25.23081,122.78839,0.51784982,43.98841,41.65491,39.32141,2023-11-02,13:30
2023-11-02 14:30:00,43.4585,43.884,43.385,43.70265,63761210,73.67043,42.93249,42.95915,0.65922431,0.42480189,0.23442242,94.42339,93.71260,26.81284,123.16442,0.51650334,44.26604,41.78209,39.29814,2023-11-02,14:30
2023-11-02 15:30:00,43.699,43.74914,43.481,43.511,39560670,69.88280,43.13510,43.069519,0.67419915,0.47468134,0.19951781,87.62849,92.66508,28.28186,105.065818,0.49876307,44.39602,41.96330,39.53057,2023-11-02,15:30
2023-11-03 09:30:00,44.020001,44.344,43.723,43.974,108308140,73.43604,43.33707,43.25042,0.71518290,0.52278165,0.19240125,88.18265,90.078176,30.20002,116.66055,0.52263726,44.58762,42.15475,39.72187,2023-11-03,09:30
2023-11-03 10:30:00,43.96901,44.52,43.943,44.46979,56125960,76.61734,43.57538,43.49429,0.77869278,0.57396388,0.20472890,98.48169,91.43094,32.12493,120.22711,0.52652045,44.82490,42.36896,39.91302,2023-11-03,10:30
2023-11-03 11:30:00,44.478,44.789,44.46,44.765,49803520,78.28493,43.72438,43.74843,0.84312665,0.62779643,0.21533022,99.29155,95.31863,34.12282,127.055155,0.51241191,45.059367,42.59496,40.13055,2023-11-03,11:30
2023-11-03 12:30:00,44.7645,44.85899,44.651,44.737,38952920,77.71878,43.89449,43.94615,0.88176714,0.67859057,0.20317657,96.47219,98.081811,36.031881,120.58583,0.49066745,45.23125,42.81081,40.39037,2023-11-03,12:30
2023-11-03 13:30:00,44.742,45.15,44.742,45.143,52070660,79.97967,44.11594,44.18552,0.93437984,0.72974843,0.20463142,99.81326,98.52567,38.022814,127.28694,0.48511981,45.46676,43.028060,40.58936,2023-11-03,13:30
2023-11-03 14:30:00,45.137,45.30899,45.063,45.095999,51910810,78.98055,44.31771,44.36761,0.96120312,0.77603937,0.18516376,93.34296,96.54280,39.98472,130.48734,0.46803911,45.61177,43.24376,40.87575,2023-11-03,14:30
2023-11-03 15:30:00,45.094,45.18,44.951,45.0040009,41008970,76.95410,44.48916,44.49489,0.96392574,0.81361664,0.15030910,87.37098,93.50907,41.42551,113.31088,0.45096473,45.77424,43.41396,41.053681,2023-11-03,15:30
2023-11-06 09:30:00,45.2845,45.935,45.268,45.5,132970820,79.94214,44.68887,44.69591,0.99464081,0.84982148,0.14481934,84.88007,88.53134,43.30303,132.070249,0.48525295,46.0050080,43.59836,41.19171,2023-11-06,09:30
2023-11-06 10:30:00,45.501,45.74699,45.40101,45.655,48319040,80.78075,44.92709,44.88773,1.019735,0.88380417,0.13593079,90.26758,87.50621,45.046437,119.46106,0.47530494,46.19800,43.79541,41.39282,2023-11-06,10:30
2023-11-06 11:30:00,45.658,45.754,45.26,45.34842,40189140,74.17484,45.079801,44.97987,1.0033182,0.90770698,0.095611243,79.26542,84.80436,46.19272,99.55934,0.47664032,46.26182,43.97978,41.69774,2023-11-06,11:30
2023-11-06 12:30:00,45.342,45.44,44.899,44.998,45113770,67.39129,45.13849,44.98349,0.95106870,0.91637933,0.034689376,65.41160,78.31487,46.12832,69.80572,0.48123746,46.20796,44.14531,42.082652,2023-11-06,12:30
2023-11-06 13:30:00,45.0059906,45.419,44.95,45.375,40811090,70.51545,45.20627,45.061795,0.92936806,0.91897708,0.010390988,78.039192,74.23874,46.068526,73.10235,0.48036338,46.21990,44.30624,42.39259,2023-11-06,13:30
2023-11-06 14:30:00,45.37304,45.702,45.352,45.675,45211660,72.75257,45.31049,45.18444,0.92570667,0.92032299,0.0053836777,89.40503,77.61861,46.33299,91.32406,0.47105171,46.24560,44.47374,42.70188,2023-11-06,14:30
2023-11-06 15:30:00,45.68,45.76868,45.563,45.7557,31825450,73.33860,45.37857,45.29869,0.91872636,0.92000367,-0.0012773088,91.89421,86.44615,46.65159,93.54372,0.45209654,46.37734,44.59033,42.80331,2023-11-06,15:30
2023-11-07 09:30:00,45.719,45.973,45.1575,45.78199,101038120,73.53826,45.45479,45.39535,0.90488467,0.91697987,-0.012095197,90.59052,90.62992,45.68050,83.57556,0.47805392,46.45919,44.71913,42.97907,2023-11-07,09:30
2023-11-07 10:30:00,45.776,46.218,45.7659,46.073999,67642480,75.71386,45.57368,45.53108,0.90702225,0.91498835,-0.0079660916,91.80885,91.43120,45.11871,111.30163,0.47620004,46.54372,44.86533,43.18693,2023-11-07,10:30
2023-11-07 11:30:00,46.079001,46.172,45.791,45.8675,38063020,71.25250,45.61451,45.59836,0.88188761,0.90836820,-0.026480590,77.63236,86.67725,44.59706,100.67133,0.46940002,46.55940,44.99470,43.43001,2023-11-07,11:30
2023-11-07 12:30:00,45.86568,46.117,45.786,46.019989,30548120,72.53929,45.65507,45.68269,0.86430968,0.89955650,-0.035246812,86.58465,85.34196,44.096120,100.86059,0.45951450,46.57956,45.12265,43.66574,2023-11-07,12:30
2023-11-07 13:30:00,46.020001,46.192,45.976,46.146,26662250,73.59127,45.74369,45.77535,0.85074021,0.88979324,-0.039053026,94.54131,86.25278,43.74875,109.53447,0.44212064,46.61195,45.24482,43.87769,2023-11-07,13:30
2023-11-07 14:30:00,46.15,46.215,45.873,46.051001,36966410,71.37147,45.86069,45.83048,0.82283561,0.87640171,-0.053566100,87.33903,89.48833,43.052207,97.051396,0.43496904,46.52650,45.37182,44.21714,2023-11-07,14:30
2023-11-07 15:30:00,46.053,46.132,45.876,45.954,27300860,69.080174,45.92502,45.85518,0.78385809,0.85789299,-0.074034898,79.98496,87.28843,42.40542,84.76525,0.42218552,46.45626,45.47082,44.48538,2023-11-07,15:30
2023-11-08 09:30:00,46.1,46.607,45.968,46.18701,98948070,71.45116,45.98191,45.92155,0.76297481,0.83890935,-0.075934545,75.41033,80.91144,42.59425,121.74766,0.43867226,46.47526,45.55668,44.63810,2023-11-08,09:30
2023-11-08 10:30:00,46.187,46.542,46.079999,46.3755,48176230,73.23889,46.050776,46.012340,0.75295478,0.82171844,-0.068763661,86.44614,80.61381,42.76960,126.067062,0.44033871,46.54637,45.63721,44.72804,2023-11-08,10:30
2023-11-08 11:30:00,46.37271,46.565,46.153,46.323,42094440,71.88862,46.11089,46.074472,0.73233566,0.80384188,-0.071506224,83.37240,81.74295,42.96899,116.88899,0.43831448,46.57291,45.71651,44.86010,2023-11-08,11:30
2023-11-08 12:30:00,46.311,46.744,46.226,46.6945,42597050,75.35164,46.17983,46.19848,0.73747067,0.79056764,-0.053096969,97.24083,89.019790,43.43575,137.78701,0.44400625,46.70779,45.79408,44.88037,2023-11-08,12:30
2023-11-08 13:30:00,46.6962,46.867,46.638,46.8076,37133490,76.30850,46.28429,46.32030,0.74211168,0.78087645,-0.038764769,96.52516,92.37946,44.052649,157.72019,0.42864872,46.83546,45.87966,44.92386,2023-11-08,13:30
2023-11-08 14:30:00,46.806,46.81623,46.443,46.62769,37077120,71.55016,46.35181,46.38178,0.72293887,0.76928893,-0.046350065,86.0010104,93.25567,43.75750,125.33153,0.42469024,46.88049,45.96084,45.041204,2023-11-08,14:30
2023-11-08 15:30:00,46.626,46.63317,46.476,46.583,23063190,70.37622,46.40037,46.42202,0.69611380,0.75465391,-0.058540103,83.38680,88.63766,43.48343,103.065590,0.40558155,46.94717,46.014995,45.082820,2023-11-08,15:30
2023-11-09 09:30:00,47.477,47.865,47.18,47.58,154155770,78.75199,46.57026,46.65362,0.74669687,0.75306250,-0.0063656307,86.42272,85.27018,44.81356,225.56055,0.46818292,47.24959,46.11124,44.97290,2023-11-09,09:30
2023-11-09 10:30:00,47.58,47.999,47.43,47.81,61639530,80.14656,46.77648,46.88489,0.79616583,0.76168316,0.034482667,91.45963,87.089717,46.16090,209.73050,0.47538416,47.53663,46.23432,44.93202,2023-11-09,10:30
2023-11-09 11:30:00,47.8065,48.23,47.76566,47.86499,65595360,80.47648,46.96292,47.080914,0.83023709,0.77539395,0.054843140,85.065118,87.64916,47.59746,200.78037,0.47459531,47.73411,46.37767,45.021237,2023-11-09,11:30
2023-11-09 12:30:00,47.862,48.14199,47.49,47.927,59530010,80.86269,47.13531,47.25013,0.85241626,0.79079841,0.061617851,87.14467,87.88981,47.93225,158.19281,0.48726634,47.93838,46.50527,45.072163,2023-11-09,12:30
2023-11-09 13:30:00,47.92088,48.031,47.254,47.35,55225230,67.48522,47.24942,47.27010,0.81405056,0.79544884,0.018601720,62.66442,78.29140,47.46016,107.52044,0.50796152,48.014011,46.58902,45.16404,2023-11-09,13:30
2023-11-09 14:30:00,47.34,47.42,46.75,46.987,69966610,60.68357,47.28192,47.21348,0.74575773,0.78551062,-0.039752890,47.19624,65.66844,45.58803,45.78186,0.51953578,48.031972,46.65059,45.26920,2023-11-09,14:30
2023-11-09 15:30:00,46.997,47.048999,46.796,46.953,33769380,60.072864,47.29808,47.16139,0.68104106,0.76461671,-0.083575644,43.54557,51.13541,43.84962,26.16368,0.50049751,48.036507,46.70914,45.38177,2023-11-09,15:30
2023-11-10 09:30:00,47.5,47.935,47.28301,47.496,118884490,65.96415,47.39455,47.22831,0.66589215,0.74487180,-0.078979643,65.86048,52.20077,43.49849,88.61465,0.53489059,48.11622,46.78024,45.44426,2023-11-10,09:30
2023-11-10 10:30:00,47.496,48.010001,47.425,47.79847,63971490,68.73183,47.52961,47.34234,0.67056365,0.73001017,-0.059446519,79.22350,62.87652,43.25993,95.57723,0.53846988,48.21406,46.87679,45.53952,2023-11-10,10:30
2023-11-10 11:30:00,47.79481,48.0019989,47.71101,47.941,37223220,69.97098,47.56972,47.46207,0.67795176,0.71959849,-0.041646726,85.57891,76.88763,43.038416,98.98050,0.52079261,48.32601,46.97284,45.61967,2023-11-10,11:30
2023-11-10 12:30:00,47.94614,48.222,47.91,48.1135,47147110,71.44587,47.60344,47.59236,0.68977495,0.71363378,-0.023858827,93.48082,86.094406,43.10579,107.19353,0.50587882,48.45536,47.071213,45.68707,2023-11-10,12:30
2023-11-10 13:30:00,48.1135,48.333,48.107,48.2835,36084830,72.86056,47.64994,47.73059,0.70473856,0.71185474,-0.0071161743,97.38098,92.14690,43.30258,111.13689,0.48588733,48.57990,47.18284,45.78578,2023-11-10,13:30
2023-11-10 14:30:00,48.283,48.472,48.201,48.3215,47139700,73.18042,47.69377,47.84877,0.71146236,0.71177626,-0.00031390362,92.45989,94.44056,43.65269,110.70824,0.47053817,48.66247,47.30121,45.93995,2023-11-10,14:30
2023-11-10 15:30:00,48.3135,48.4,48.218,48.34,34780920,73.34513,47.80377,47.94702,0.71009822,0.71144065,-0.0013424339,92.33445,94.058441,43.97780,101.89905,0.44992836,48.74085,47.40886,46.076872,2023-11-10,15:30
2023-11-13 09:30:00,48.32,49.0049988,48.099011,48.891,138424430,77.73162,48.015330,48.13581,0.74489165,0.71813085,0.026760802,94.94464,93.24633,44.94308,132.82408,0.48250401,48.92629,47.53464,46.14298,2023-11-13,09:30
2023-11-13 10:30:00,48.889,48.984,48.58,48.89,57382280,77.70660,48.23055,48.28665,0.76358283,0.72722125,0.036361579,94.90025,94.059778,45.83940,140.27095,0.47689664,49.057474,47.66299,46.26850,2023-11-13,10:30
2023-11-13 11:30:00,48.89,49.04411,48.67105,48.812,44285140,75.66300,48.37677,48.39172,0.76330290,0.73443758,0.028865318,89.88233,93.24240,46.73317,133.17510,0.46947968,49.17464,47.76886,46.36309,2023-11-13,11:30
2023-11-13 12:30:00,48.8035,48.91,48.712,48.722,26115950,73.26866,48.47939,48.45778,0.74720553,0.73699117,0.010214362,85.95926,90.24728,47.56310,115.021086,0.45008835,49.25615,47.86458,46.47302,2023-11-13,12:30
2023-11-13 13:30:00,48.723,49.042999,48.69002,49.030011,32033160,76.060721,48.60039,48.57222,0.75064914,0.73972276,0.010926376,99.38542,91.74234,48.48065,120.23237,0.44315193,49.34279,47.98470,46.62661,2023-11-13,13:30
2023-11-13 14:30:00,49.035999,49.116,48.819,49.056989,37581370,76.29427,48.70522,48.66918,0.74694477,0.74116716,0.0057776061,97.45639,94.26702,49.41287,118.53495,0.43271252,49.38127,48.10840,46.83553,2023-11-13,14:30
2023-11-13 15:30:00,49.056,49.104,48.587,48.618,35432380,65.15513,48.74239,48.65894,0.70051121,0.73303597,-0.032524763,72.83121,89.89101,49.25762,79.71302,0.43873315,49.42739,48.16030,46.89320,2023-11-13,15:30
2023-11-14 09:30:00,49.522,49.763,49.040009,49.41915,144188370,72.92443,48.86435,48.81098,0.72005805,0.73044039,-0.010382339,85.29296,85.19352,49.91621,141.97784,0.48918087,49.60898,48.24076,46.87253,2023-11-14,09:30
2023-11-14 10:30:00,49.4175,49.71899,49.392,49.596,61422220,74.28734,49.0039052,48.96799,0.74127437,0.73260718,0.0086671902,91.86149,83.32855,50.52775,140.54997,0.47759579,49.80418,48.32731,46.85043,2023-11-14,10:30
2023-11-14 11:30:00,49.602,49.60299,49.288,49.489,42491610,71.92826,49.070350,49.072189,0.74091385,0.73426852,0.0066453359,85.21322,87.45589,50.67085,113.16827,0.46598110,49.95286,48.40541,46.85795,2023-11-14,11:30
2023-11-14 12:30:00,49.49373,49.695,49.484,49.5625,32150670,72.57258,49.14507,49.17025,0.73805106,0.73502503,0.0030260362,87.95061,88.34178,50.92076,113.99313,0.44776828,50.062211,48.51603,46.96985,2023-11-14,12:30
2023-11-14 13:30:00,49.567,49.6,49.336,49.57537,33853500,72.69077,49.22989,49.25127,0.72842391,0.73370480,-0.0052808971,88.72401,87.29595,50.53153,100.38384,0.43464208,50.087853,48.64545,47.20305,2023-11-14,13:30
2023-11-14 14:30:00,49.5783,49.834,49.54,49.7235,42930600,74.075605,49.34117,49.34572,0.72439671,0.73184319,-0.0074464712,93.63102,90.10188,50.51147,119.64358,0.42459624,50.073676,48.78397,47.49427,2023-11-14,14:30
2023-11-14 15:30:00,49.724,49.827,49.593,49.654,35231920,72.22510,49.41050,49.40738,0.70744230,0.72696301,-0.019520709,89.62536,90.66013,50.49284,109.23349,0.41098219,50.090363,48.89187,47.69339,2023-11-14,15:30
2023-11-15 09:30:00,49.935,49.96,48.664,49.221,151676330,61.85684,49.42872,49.37010,0.65155546,0.71188150,-0.060326040,46.44924,76.56854,47.38983,48.040243,0.47419769,50.057851,48.96300,47.86815,2023-11-15,09:30
2023-11-15 10:30:00,49.231,49.334,48.908,49.301,67815220,62.91609,49.50461,49.35628,0.60672625,0.69085045,-0.084124198,52.0029784,62.69253,44.50846,26.89708,0.47075507,50.028073,49.031001,48.033928,2023-11-15,10:30
2023-11-15 11:30:00,49.309,49.309,48.521,48.695,57447710,51.29572,49.42415,49.22402,0.51634753,0.65594987,-0.13960233,12.091862,36.84803,41.75828,-34.18238,0.49341545,49.97931,49.060076,48.14084,2023-11-15,11:30
2023-11-15 12:30:00,48.69,48.914,48.2,48.59601,61569830,49.68153,49.31304,49.098422,0.43175706,0.61111131,-0.17935424,22.50064,28.86516,39.86415,-85.78847,0.50917160,49.95118,49.075701,48.20022,2023-11-15,12:30
2023-11-15 13:30:00,48.596,48.927,48.57066,48.87623,47946900,54.086156,49.24496,49.053984,0.38291579,0.56547220,-0.18255641,38.42214,24.33821,38.070196,-54.11039,0.49825495,49.91436,49.10344,48.29252,2023-11-15,13:30
2023-11-15 14:30:00,48.88299,48.999,48.661,48.7185,37033600,51.36084,49.15118,48.98689,0.32770366,0.51791849,-0.19021484,29.46020,30.12766,36.20098,-61.84269,0.48680820,49.87683,49.12236,48.36789,2023-11-15,14:30
2023-11-15 15:30:00,48.723,48.912,48.666,48.909,28532310,54.35250,49.077138,48.97131,0.29590835,0.47351646,-0.17760812,40.28406,36.055466,34.46528,-57.60913,0.46960755,49.87667,49.12326,48.36986,2023-11-15,15:30
2023-11-16 09:30:00,48.679,49.1,48.33,48.96042,104328010,55.15429,48.99235,48.96913,0.27172712,0.43315860,-0.16143147,43.20559,37.64995,33.59868,-63.66703,0.49106424,49.87644,49.12678,48.37712,2023-11-16,09:30
2023-11-16 10:30:00,48.9595,49.095999,48.63,48.716,48883650,50.60415,48.88813,48.91851,0.23018736,0.39256435,-0.16237699,29.31819,37.60261,32.79397,-59.71827,0.48927397,49.88082,49.12198,48.36315,2023-11-16,10:30
2023-11-16 11:30:00,48.721,49.24752,48.62548,49.1765,39334230,57.68690,48.88318,48.97010,0.23175387,0.36040225,-0.12864839,55.48302,42.66893,31.53718,-22.45089,0.49875724,49.88116,49.14471,48.40826,2023-11-16,11:30
2023-11-16 12:30:00,49.176,49.296,49.011139,49.177,32002840,57.69396,48.86941,49.011483,0.23037980,0.33439776,-0.10401796,55.51128,46.77083,30.20808,4.99530,0.48347888,49.88672,49.15206,48.41740,2023-11-16,12:30
2023-11-16 13:30:00,49.177,49.22,48.903,49.086499,27520530,55.86842,48.91291,49.026486,0.21945848,0.31140990,-0.091951425,50.36925,53.78785,29.25490,-15.27057,0.47158763,49.88754,49.15353,48.41953,2023-11-16,13:30
2023-11-16 14:30:00,49.086499,49.278,49.060999,49.23186,28340550,58.15851,48.98356,49.067561,0.21999671,0.29312727,-0.073130553,58.62841,54.83631,28.15751,6.32890,0.45340290,49.87623,49.18423,48.49223,2023-11-16,14:30
2023-11-16 15:30:00,49.239,49.52469,49.2,49.488,36243900,61.90942,49.051531,49.15165,0.23834415,0.28217064,-0.043826491,73.18182,60.72649,26.28971,54.90077,0.44420903,49.88497,49.18767,48.49036,2023-11-16,15:30
2023-11-17 09:30:00,49.524,49.717,49.1434,49.34,94072980,58.63840,49.12059,49.18932,0.23819640,0.27337579,-0.035179396,75.14821,68.98615,24.85527,57.38697,0.45345140,49.85079,49.17487,48.49895,2023-11-17,09:30
2023-11-17 10:30:00,49.338,49.403,49.0070007,49.3192,48177440,58.17319,49.16616,49.21530,0.23370683,0.26544200,-0.031735174,73.77703,74.035689,23.083646,24.15055,0.44934767,49.83047,49.16638,48.50229,2023-11-17,10:30
2023-11-17 11:30:00,49.3235,49.504,49.2,49.284,33772140,57.34412,49.20212,49.22904,0.22471814,0.25729723,-0.032579093,71.45674,73.46066,21.75392,50.029093,0.43896575,49.79403,49.15245,48.51088,2023-11-17,11:30
2023-11-17 12:30:00,49.28401,49.556,49.245,49.533,28515170,61.52180,49.29290,49.28983,0.23497799,0.25283338,-0.017855389,86.73379,77.32252,20.68230,80.58075,0.42982524,49.78657,49.15034,48.51410,2023-11-17,12:30
2023-11-17 13:30:00,49.535,49.635,49.351,49.48123,35427380,60.20163,49.32675,49.32811,0.23620873,0.24950845,-0.013299723,83.0012783,80.39727,19.93794,98.060664,0.41940912,49.73856,49.13822,48.53788,2023-11-17,13:30
2023-11-17 14:30:00,49.477,49.51,49.35104,49.4075,28556210,58.28348,49.35237,49.34399,0.22859975,0.24532671,-0.016726958,77.68568,82.47358,19.24675,88.36703,0.40080561,49.69255,49.12590,48.55925,2023-11-17,14:30
2023-11-17 15:30:00,49.40841,49.44999,49.129,49.298,32350350,55.45729,49.37587,49.33479,0.21129813,0.23852099,-0.027222867,69.79095,76.82597,17.99976,52.0026567,0.39510450,49.69997,49.12975,48.55953,2023-11-17,15:30
2023-11-20 09:30:00,49.312,49.96,49.18101,49.76668,121186560,63.59441,49.43529,49.42117,0.23272233,0.23736126,-0.0046389317,85.51393,77.66352,18.13351,129.60620,0.42252501,49.78410,49.15303,48.52196,2023-11-20,09:30
2023-11-20 10:30:00,49.777,49.85999,49.569,49.696,45418200,61.76197,49.45840,49.47613,0.24121714,0.23813244,0.0030846997,80.21752,78.50747,18.25771,133.43289,0.41312974,49.83966,49.20308,48.56650,2023-11-20,10:30
2023-11-20 11:30:00,49.7,49.88726,49.612,49.83024,36376610,63.89010,49.51287,49.54696,0.25583236,0.24167242,0.014159939,87.72368,84.48504,18.44758,139.38730,0.40328186,49.89325,49.26479,48.63633,2023-11-20,11:30
2023-11-20 12:30:00,49.829,49.924,49.72,49.8785,34296480,64.65177,49.57502,49.61326,0.26821740,0.24698142,0.021235987,92.28948,86.74356,18.72866,141.30360,0.38904728,49.97069,49.31491,48.65913,2023-11-20,12:30
2023-11-20 13:30:00,49.8789,50.46,49.853,50.424,62781250,71.87348,49.70168,49.77541,0.31837974,0.26126108,0.057118659,97.52226,92.51181,20.24065,210.96973,0.40461539,50.15902,49.40018,48.64134,2023-11-20,13:30
2023-11-20 14:30:00,50.42137,50.548,50.305,50.39722,46926750,71.10548,49.79771,49.89977,0.35191623,0.27939211,0.072524117,90.21537,93.34237,21.80936,212.62998,0.39307160,50.31379,49.47459,48.63539,2023-11-20,14:30
2023-11-20 15:30:00,50.4,50.498,50.327,50.409,34382800,71.25101,49.90079,50.0016183,0.37512051,0.29853779,0.076582719,90.97979,92.90580,23.26601,174.30393,0.37720950,50.44425,49.54702,48.64979,2023-11-20,15:30
2023-11-21 09:30:00,50.126,50.517,49.25252,49.285,144738620,46.95177,49.88718,49.85829,0.29936189,0.29870261,0.00065927549,18.040221,66.41179,22.16535,25.80121,0.44058600,50.39851,49.57547,48.75243,2023-11-21,09:30
2023-11-21 10:30:00,49.284,49.836,49.222,49.719,73697600,53.54027,49.93396,49.83044,0.27121636,0.29320536,-0.021989000,41.57853,50.19951,21.21342,0.96009355,0.45297260,50.40680,49.60260,48.79840,2023-11-21,10:30
2023-11-21 11:30:00,49.7165,49.71675,49.482,49.652,46811190,52.45710,49.92122,49.79475,0.24072940,0.28271017,-0.041980767,36.85680,32.15852,20.32950,1.44523,0.43754595,50.40657,49.62635,48.84613,2023-11-21,11:30
2023-11-21 12:30:00,49.65511,49.79699,49.59,49.701,38978090,53.20278,49.92177,49.77600,0.21800925,0.26976998,-0.051760735,40.31008,39.58180,19.26411,13.59944,0.42107778,50.39720,49.65707,48.91694,2023-11-21,12:30
2023-11-21 13:30:00,49.697,50.12,49.648,50.0535,49691190,58.27286,49.94658,49.83150,0.22584373,0.26098473,-0.035141000,65.15147,47.43945,18.40512,66.78668,0.42471509,50.43049,49.69815,48.96582,2023-11-21,13:30
2023-11-21 14:30:00,50.057001,50.09899,49.913,50.023001,44408670,57.69047,49.96264,49.86980,0.22697516,0.25418282,-0.027207663,63.0021205,56.15456,17.60747,75.23319,0.40766326,50.46363,49.72490,48.98617,2023-11-21,14:30
2023-11-21 15:30:00,50.023999,50.024951,49.818,49.98949,48515140,57.016201,49.91436,49.89374,0.22260171,0.24786660,-0.025264883,59.14305,62.43221,16.56554,51.29670,0.39332673,50.48255,49.75738,49.032205,2023-11-21,15:30
2023-11-22 09:30:00,49.669,50.33494,47.69,48.219,344222690,34.24414,49.67233,49.55879,0.075402829,0.21337384,-0.13797102,18.50947,46.88488,18.74909,-222.61004,0.55415626,50.67638,49.70237,48.72836,2023-11-22,09:30
2023-11-22 10:30:00,48.229,49.86037,48.079999,48.249,106929120,34.71989,49.43233,49.29683,-0.038390160,0.16302104,-0.20141120,19.55911,32.40387,20.77667,-200.34677,0.64174304,50.80189,49.65062,48.49935,2023-11-22,10:30
2023-11-22 11:30:00,48.25,48.914,48.18,48.868,90210000,43.76160,49.38600,49.21107,-0.077727780,0.11487128,-0.19259906,41.21761,26.42873,22.65942,-182.88301,0.64833301,50.81768,49.61737,48.41706,2023-11-22,11:30
2023-11-22 12:30:00,48.87038,49.196,48.567,49.19068,93516080,47.81900,49.32730,49.20699,-0.081921158,0.075512791,-0.15743395,52.50804,37.76158,23.62398,-108.20768,0.64695193,50.81635,49.60284,48.38933,2023-11-22,12:30
2023-11-22 13:30:00,49.195,49.448,49.0019989,49.206,91689600,48.010779,49.27774,49.20679,-0.083050900,0.043800053,-0.12685095,53.044068,48.92324,23.86840,-64.27522,0.63259837,50.81590,49.59277,48.36963,2023-11-22,13:30
2023-11-22 14:30:00,49.2135,49.21599,48.55,48.789,103511930,43.34149,49.17641,49.12323,-0.11625440,0.011789163,-0.12804356,38.87518,48.14243,24.69216,-113.080523,0.63498358,50.83432,49.56732,48.30031,2023-11-22,14:30
2023-11-22 15:30:00,48.79,48.83675,48.637,48.7065,53233490,42.46161,49.026741,49.039886,-0.14752499,-0.020073668,-0.12745132,35.95685,42.62537,25.45708,-111.40681,0.60389545,50.83124,49.51431,48.19737,2023-11-22,15:30
2023-11-24 09:30:00,48.47001,48.921,47.94,48.0285,138089200,35.99456,48.80513,48.83761,-0.22442901,-0.060944735,-0.16348427,12.79806,29.21003,26.95177,-141.011151,0.63083147,50.89429,49.43093,47.96757,2023-11-24,09:30
2023-11-24 10:30:00,48.03381,48.264,47.95,48.161,57592620,37.98244,48.60196,48.70229,-0.27155419,-0.10306663,-0.16848756,17.80755,22.18749,28.33970,-136.86357,0.60820075,50.89802,49.34747,47.79692,2023-11-24,10:30
2023-11-24 11:30:00,48.163,48.205,47.93,48.0,46555710,36.49906,48.57763,48.56183,-0.31822419,-0.14609814,-0.17212605,11.72051,14.10871,29.65005,-126.65465,0.58440070,50.88929,49.25354,47.61780,2023-11-24,11:30
2023-11-24 12:30:00,48.0,48.032001,47.801,47.81,18170950,34.77312,48.52885,48.41146,-0.36631916,-0.19014234,-0.17617681,4.53701,11.35503,31.010002,-128.26114,0.55915778,50.78119,49.12284,47.46450,2023-11-24,12:30
2023-11-27 09:30:00,47.8,48.321,47.652,48.18399,123509390,40.71572,48.45285,48.36597,-0.36999187,-0.22611225,-0.14387963,19.82867,12.028733,31.38936,-102.28257,0.56700367,50.60987,49.012183,47.41449,2023-11-27,09:30
2023-11-27 10:30:00,48.176,48.27,47.867,47.98,50202910,38.64745,48.31833,48.28878,-0.38492577,-0.25787495,-0.12705082,12.22539,12.19702,31.74162,-96.89813,0.55528911,50.41273,48.89073,47.36874,2023-11-27,10:30
2023-11-27 11:30:00,47.974,48.195,47.93,48.125,35917870,40.94389,48.19822,48.25602,-0.38067245,-0.28243445,-0.098237996,17.62995,16.56134,32.068716,-84.94618,0.53455435,50.37843,48.83273,47.28703,2023-11-27,11:30
2023-11-27 12:30:00,48.127,48.53,48.056,48.405,50706700,45.20873,48.15555,48.28582,-0.35066584,-0.29608073,-0.054585111,34.097527,21.31762,31.32584,-53.16297,0.53022897,50.26751,48.76703,47.26656,2023-11-27,12:30
2023-11-27 13:30:00,48.4,48.466,48.28,48.37,34630100,44.77349,48.11817,48.30265,-0.32595203,-0.30205499,-0.023897038,39.97781,30.56843,30.63603,-44.15826,0.50564130,50.15548,48.70293,47.25039,2023-11-27,13:30
2023-11-27 14:30:00,48.374,48.446,48.173,48.359,38110470,44.62804,48.15489,48.31392,-0.30375242,-0.30239447,-0.0013579439,39.36525,37.81353,30.20973,-44.32813,0.48902392,50.020139,48.63583,47.25153,2023-11-27,14:30
2023-11-27 15:30:00,48.357,48.42654,48.164,48.234,33792920,42.92192,48.16300,48.29794,-0.29286951,-0.30048948,0.0076199741,32.40535,37.24947,29.83247,-44.84526,0.47284648,49.77512,48.54486,47.31460,2023-11-27,15:30
2023-11-28 09:30:00,48.236,48.3229,47.533,47.707,100146240,36.57365,48.13044,48.17975,-0.32304526,-0.30500064,-0.018044626,10.33885,27.36982,30.59200,-102.66466,0.49549328,49.50763,48.42906,47.35049,2023-11-28,09:30
2023-11-28 10:30:00,47.7075,48.045001,47.473,48.019501,73059100,42.047275,48.15372,48.14770,-0.31807704,-0.30761592,-0.010461118,37.74174,26.82864,31.38553,-105.96839,0.50095805,49.14974,48.33056,47.51137,2023-11-28,10:30
2023-11-28 11:30:00,48.014011,48.178,47.97502,48.05423,50783940,42.63971,48.13930,48.12901,-0.30778934,-0.30765060,-0.00013873425,40.14015,29.40691,31.64459,-56.52878,0.47967380,49.14911,48.32232,47.49553,2023-11-28,11:30
2023-11-28 12:30:00,48.05025,48.054001,47.606,47.687,43925540,38.19350,48.10675,48.040605,-0.32551632,-0.31122374,-0.014292574,20.24587,32.70926,32.45897,-107.75209,0.47742781,49.16604,48.29422,47.42240,2023-11-28,12:30
2023-11-28 13:30:00,47.695,47.779,47.535,47.614,39601020,37.35956,48.049970,47.95528,-0.34151860,-0.31728272,-0.024235884,13.33970,24.57524,33.31676,-123.65382,0.46075442,49.10961,48.23152,47.35343,2023-11-28,13:30
2023-11-28 14:30:00,47.617,47.73,47.522,47.61399,35626760,37.35941,47.96208,47.88703,-0.35016502,-0.32385918,-0.026305846,13.33855,15.64138,34.13273,-121.34622,0.44270043,48.95172,48.15269,47.35365,2023-11-28,14:30
2023-11-28 15:30:00,47.609,47.829,47.586,47.827,30921690,41.66960,47.90175,47.87502,-0.33595658,-0.32627866,-0.0096779219,33.49088,20.056377,34.49097,-93.0070245,0.42843628,48.73085,48.083736,47.43662,2023-11-28,15:30
2023-11-29 09:30:00,48.379,48.762,48.123,48.325,124529020,50.28278,47.89797,47.96502,-0.28126946,-0.31727682,0.036007358,66.097746,37.64239,32.030561,96.80681,0.46461945,48.63391,48.060535,47.48716,2023-11-29,09:30
2023-11-29 10:30:00,48.32493,48.55,47.9417,47.9725,57841940,45.19560,47.86891,47.96651,-0.26333769,-0.30648899,0.043151306,38.75098,46.11320,30.13721,36.40184,0.47488240,48.51523,48.023835,47.53244,2023-11-29,10:30
2023-11-29 11:30:00,47.975,48.224,47.86,48.22,38718840,49.090188,47.92591,48.017211,-0.22654394,-0.29049998,0.063956044,57.95198,54.26690,28.55659,22.51252,0.46696212,48.53221,48.033410,47.53462,2023-11-29,11:30
2023-11-29 12:30:00,48.21701,48.26699,48.067001,48.1945,26886360,48.70614,47.94536,48.052669,-0.19716945,-0.27183388,0.074664420,55.97366,50.89221,26.97557,47.55679,0.44789252,48.53580,48.035086,47.53437,2023-11-29,12:30
2023-11-29 13:30:00,48.1945,48.234,48.026001,48.151,23208400,48.016055,47.95611,48.072335,-0.17537838,-0.25254278,0.077164396,52.59897,55.50820,25.60681,31.64459,0.43075725,48.54556,48.042636,47.53971,2023-11-29,13:30
2023-11-29 14:30:00,48.15,48.3,48.039999,48.0995,34502820,47.16404,48.0019436,48.077768,-0.16041537,-0.23411729,0.073701928,48.60351,52.39205,24.14241,31.40170,0.41856034,48.54896,48.057111,47.56526,2023-11-29,14:30
2023-11-29 15:30:00,48.107,48.23,48.088071,48.135,26367830,47.85097,48.059832,48.089214,-0.14403212,-0.21610026,0.072068143,51.35767,50.85338,22.78262,30.78305,0.39880090,48.54444,48.054661,47.56488,2023-11-29,15:30
2023-11-30 09:30:00,48.023999,48.11,47.361,47.382,107280140,36.89426,48.034056,47.94777,-0.18962321,-0.21080485,0.021181639,1.49909,33.82009,23.16646,-129.66645,0.42560098,48.59545,48.024761,47.45407,2023-11-30,09:30
2023-11-30 10:30:00,47.38877,47.5345,46.673,46.72,90745650,30.32100,47.91106,47.70222,-0.27599086,-0.22384205,-0.052148807,2.24989,18.36888,24.54112,-240.28137,0.45673656,48.75727,47.95451,47.15175,2023-11-30,10:30
2023-11-30 11:30:00,46.73,46.848,46.55,46.6725,49365250,29.90924,47.72745,47.49627,-0.34430185,-0.24793401,-0.096367836,5.53800,3.095659,25.96896,-240.76600,0.44539831,48.81790,47.86789,46.91787,2023-11-30,11:30
2023-11-30 12:30:00,46.6735,46.883,46.422,46.489,49417670,28.30980,47.56261,47.29482,-0.40853629,-0.28005447,-0.12848183,2.86331,3.55040,27.45172,-210.85043,0.44651261,48.86791,47.77384,46.67977,2023-11-30,12:30
2023-11-30 13:30:00,46.489,46.723,46.422,46.584,38982900,30.38532,47.38083,47.15266,-0.44662854,-0.31336928,-0.13325926,6.92306,5.10812,28.82857,-175.51719,0.43611892,48.85988,47.68509,46.51029,2023-11-30,13:30
2023-11-30 14:30:00,46.584,46.835,46.537,46.575,44903400,30.29584,47.20089,47.037125,-0.47210103,-0.34511563,-0.12698540,6.53846,5.44161,29.70213,-138.48312,0.42625336,48.84263,47.60214,46.36165,2023-11-30,14:30
2023-11-30 15:30:00,46.57216,46.846,46.534,46.781,44451500,35.013542,47.048667,46.98590,-0.47024501,-0.37014151,-0.10010350,15.34187,9.60113,30.47229,-108.77048,0.41809237,48.84537,47.55584,46.26630,2023-11-30,15:30
2023-12-01 09:30:00,46.525,46.994,46.187,46.368,119538240,30.54936,46.85628,46.86232,-0.49637785,-0.39538877,-0.10098908,7.65974,9.84669,31.70383,-113.058863,0.44587154,48.84250,47.47326,46.10402,2023-12-01,09:30
2023-12-01 10:30:00,46.35858,46.901,46.27,46.85,51725300,40.14147,46.71350,46.85986,-0.47274537,-0.41086009,-0.061885279,31.37720,18.12627,32.84741,-83.47143,0.45909499,48.78071,47.41305,46.045389,2023-12-01,10:30
2023-12-01 11:30:00,46.859,47.079999,46.741,46.944,47428110,41.82884,46.66483,46.87668,-0.44134389,-0.41695685,-0.024387038,35.82587,24.95427,33.19449,-51.15251,0.45051666,48.75212,47.37590,45.99968,2023-12-01,11:30
2023-12-01 12:30:00,46.945,47.2,46.885,46.891,36970780,41.12492,46.68383,46.87955,-0.41593994,-0.41675347,0.00081352886,33.31759,33.50689,33.058097,-39.81542,0.44083685,48.72699,47.33975,45.95251,2023-12-01,12:30
2023-12-01 13:30:00,46.893,46.965,46.719,46.7995,31950870,39.87724,46.69794,46.86354,-0.39859572,-0.41312192,0.014526201,28.98722,32.71022,33.25027,-51.72562,0.42691988,48.69943,47.29903,45.89862,2023-12-01,13:30
2023-12-01 14:30:00,46.80229,46.88,46.679,46.826,31179420,40.44085,46.73539,46.85603,-0.37835046,-0.40616763,0.027817166,31.27762,31.19414,33.50479,-50.44037,0.41078259,48.64185,47.24898,45.85610,2023-12-01,14:30
2023-12-01 15:30:00,46.824,46.829,46.657,46.76,27252320,39.44902,46.75494,46.83682,-0.36344210,-0.39762252,0.034180427,29.79723,30.020688,33.78501,-50.87487,0.39372670,48.48673,47.17073,45.85472,2023-12-01,15:30
2023-12-04 09:30:00,45.75,45.925,45.206,45.2895,139400470,24.83469,46.61211,46.52736,-0.46492494,-0.41108301,-0.053841934,3.58596,21.55360,35.87097,-181.40690,0.47660343,48.53294,47.036575,45.54021,2023-12-04,09:30
2023-12-04 10:30:00,45.277,45.388,45.010001,45.306,74048500,25.16969,46.44822,46.28309,-0.53781969,-0.43643034,-0.10138935,13.51595,15.63305,37.95622,-199.15318,0.46956032,48.46348,46.89088,45.31827,2023-12-04,10:30
2023-12-04 11:30:00,45.3035,45.678,45.169,45.60799,47207000,31.21211,46.36378,46.14807,-0.56471162,-0.46208660,-0.10262502,27.30544,14.80245,38.92521,-161.99171,0.47237741,48.30927,46.76155,45.21382,2023-12-04,11:30
2023-12-04 12:30:00,45.61,45.70999,45.34,45.35385,36006940,29.083743,46.19754,45.98922,-0.59961846,-0.48959297,-0.11002549,15.70095,18.84078,39.72052,-150.22400,0.46506417,48.14728,46.62169,45.096104,2023-12-04,12:30
2023-12-04 13:30:00,45.348,45.46,45.123,45.26397,37264180,28.34751,46.010868,45.84417,-0.62730381,-0.51713514,-0.11016867,11.59682,18.20107,40.69397,-145.78002,0.45591670,47.95603,46.47992,45.0038006,2023-12-04,13:30
2023-12-04 14:30:00,45.265,45.332,45.132,45.26363,36338760,28.34457,45.83005,45.72806,-0.64187312,-0.54208274,-0.099790384,11.58122,12.95966,41.59790,-124.50768,0.43763693,47.69446,46.33635,44.97823,2023-12-04,14:30
2023-12-04 15:30:00,45.26708,45.608,45.265,45.512,35597090,33.72109,45.68699,45.68485,-0.62616001,-0.55889819,-0.067261816,22.92233,15.36679,41.46726,-86.29403,0.43097497,47.55690,46.24285,44.92879,2023-12-04,15:30
2023-12-05 09:30:00,45.466,46.56,45.271,46.234,127495540,46.32833,45.62122,45.79468,-0.54911798,-0.55694215,0.0078241654,55.89038,30.13131,38.87478,-21.62103,0.49226258,47.51425,46.21855,44.92284,2023-12-05,09:30
2023-12-05 10:30:00,46.244,46.585,45.968,46.05,54618950,44.029772,45.54233,45.84575,-0.49717770,-0.54498926,0.047811557,47.48857,42.10043,36.41524,0.74100444,0.50117249,47.46783,46.18742,44.90701,2023-12-05,10:30
2023-12-05 11:30:00,46.052499,46.18399,45.75,46.15914,45319680,45.74913,45.63895,45.90842,-0.44211158,-0.52441372,0.082302142,52.47213,51.95036,34.54966,-15.53920,0.49637378,47.44385,46.17093,44.89801,2023-12-05,11:30
2023-12-05 12:30:00,46.169,46.19717,45.908,46.1405,28192630,45.49210,45.73168,45.95484,-0.39541726,-0.49861443,0.10319717,57.82609,52.59560,32.78603,-7.043241,0.48157368,47.40749,46.14875,44.89001,2023-12-05,12:30
2023-12-05 13:30:00,46.147,46.425,46.102,46.399,28444520,49.71173,45.81957,46.043671,-0.33370620,-0.46563279,0.13192658,74.27806,61.52543,30.60784,22.49648,0.47024706,47.38907,46.13995,44.89083,2023-12-05,13:30
2023-12-05 14:30:00,46.3945,46.475,46.218,46.32847,29118520,48.60612,45.92786,46.10063,-0.28718042,-0.42994231,0.14276189,72.48318,68.19578,28.46818,29.73342,0.45501518,47.33518,46.11733,44.89947,2023-12-05,14:30
2023-12-05 15:30:00,46.329,46.6,46.314,46.568,33634560,52.47214,46.072748,46.19410,-0.22834812,-0.38962348,0.16127535,97.98737,81.58287,26.68538,49.39301,0.44294256,47.35649,46.12733,44.89817,2023-12-05,15:30
2023-12-06 09:30:00,47.2145,47.387,46.361,46.444,114336560,50.36019,46.20390,46.24408,-0.18954385,-0.34960755,0.16006370,60.32816,76.93290,26.53901,78.59954,0.48458959,47.30067,46.10703,44.91338,2023-12-06,09:30
2023-12-06 10:30:00,46.446,46.627,46.358,46.40735,40466400,49.72314,46.30338,46.27674,-0.15990537,-0.31166711,0.15176175,56.72917,71.68157,26.39510,50.049273,0.46919035,47.22030,46.080195,44.94009,2023-12-06,10:30
2023-12-06 11:30:00,46.4035,46.471,46.213,46.37,36380410,49.042354,46.31850,46.29539,-0.13784133,-0.27690196,0.13906062,55.079549,57.37896,25.86427,41.81232,0.45410523,47.14155,46.054145,44.96674,2023-12-06,11:30
2023-12-06 12:30:00,46.37,46.383,45.88064,45.9355,40954000,41.86145,46.30577,46.22341,-0.15364484,-0.25225053,0.098605698,35.88783,49.23218,24.52766,7.82577,0.45755193,47.043747,46.010945,44.97814,2023-12-06,12:30
2023-12-06 13:30:00,45.939,46.01651,45.71105,45.8045,39869070,39.96161,46.26637,46.13963,-0.17472568,-0.23674556,0.062019883,29.82266,40.26335,22.89053,-19.26581,0.44668819,46.92522,45.95987,44.99452,2023-12-06,13:30
2023-12-06 14:30:00,45.805,45.924,45.572,45.67214,37858870,38.081058,46.21433,46.046132,-0.19980954,-0.22935836,0.029548822,19.18667,28.29905,21.45772,-31.90998,0.43992467,46.80469,45.90548,45.0062617,2023-12-06,14:30
2023-12-06 15:30:00,45.671,45.77799,45.412,45.5,37270380,35.72634,46.11444,45.93691,-0.23091710,-0.22967011,-0.0012469962,10.82234,19.94389,20.48369,-59.79961,0.43464371,46.79073,45.91600,45.041278,2023-12-06,15:30
2023-12-07 09:30:00,45.7,46.24699,45.604,46.146,105388410,48.57689,46.094166,45.97872,-0.20112490,-0.22396106,0.022836166,37.16454,22.39118,19.53629,7.60587,0.45695423,46.79122,45.95800,45.12479,2023-12-07,09:30
2023-12-07 10:30:00,46.146,46.437,46.022,46.1735,49057130,49.043934,46.050332,46.017679,-0.17329772,-0.21382840,0.040530673,38.55691,28.84793,19.036776,42.77023,0.45395745,46.80837,45.98628,45.16419,2023-12-07,10:30
2023-12-07 11:30:00,46.177,46.429,46.17012,46.41299,31815880,53.043830,46.046887,46.096742,-0.13041606,-0.19714593,0.066729866,50.68313,42.13486,18.57294,62.98207,0.44002339,46.82729,46.039234,45.25117,2023-12-07,11:30
2023-12-07 12:30:00,46.413,46.51,46.25001,46.351,31854770,51.90803,46.040626,46.14759,-0.10027820,-0.17777238,0.077494185,47.54438,45.59481,18.31455,64.23203,0.42716397,46.80665,46.093586,45.38052,2023-12-07,12:30
2023-12-07 13:30:00,46.35061,46.525,46.293,46.48401,27945700,54.17531,46.053294,46.21488,-0.064912830,-0.15520047,0.090287643,54.27895,50.83549,18.10785,73.11462,0.41322374,46.77612,46.15460,45.53309,2023-12-07,13:30
2023-12-07 14:30:00,46.489,46.49597,46.356,46.42,28655160,52.88323,46.10713,46.25590,-0.041571190,-0.13247462,0.090903426,51.038061,50.95380,17.91591,65.86677,0.39370553,46.75637,46.20001,45.64364,2023-12-07,14:30
2023-12-07 15:30:00,46.425,46.629,46.397,46.598,30073930,56.024277,46.19529,46.32432,-0.0086104137,-0.10770178,0.099091362,60.050713,55.12258,18.059522,90.96825,0.38215519,46.80101,46.21821,45.63540,2023-12-07,15:30
2023-12-08 09:30:00,46.595,47.65399,46.55,47.56385,119025960,68.35274,46.40548,46.57223,0.094359367,-0.067289547,0.16164891,95.97947,69.022749,19.94612,240.49149,0.43371472,47.11441,46.29390,45.47339,2023-12-08,09:30
2023-12-08 10:30:00,47.568,47.74085,47.339,47.58234,60234920,68.53461,46.63685,46.77425,0.17543341,-0.018744956,0.19417837,93.19358,83.074590,21.80590,259.94007,0.43143863,47.35570,46.36506,45.37442,2023-12-08,10:30
2023-12-08 11:30:00,47.587,47.6,47.163,47.45119,42430060,65.65275,46.78188,46.90964,0.22649167,0.030302368,0.19618930,87.56208,92.24505,22.94834,186.60008,0.43183583,47.52148,46.43059,45.33970,2023-12-08,11:30
2023-12-08 12:30:00,47.4505,47.633,47.363,47.572,29076250,67.028147,46.93726,47.042110,0.27355073,0.078952041,0.19459869,92.74961,91.16843,24.058896,167.95552,0.42027600,47.68784,46.48924,45.29064,2023-12-08,12:30
2023-12-08 13:30:00,47.572,47.698,47.478,47.676,22975710,68.20838,47.077599,47.16889,0.31559935,0.12628150,0.18931784,97.21537,92.50902,25.19201,148.47777,0.40597066,47.85854,46.55662,45.25470,2023-12-08,13:30
2023-12-08 14:30:00,47.679,47.684,47.427,47.5135,31913970,64.33347,47.20677,47.23781,0.33198388,0.16742198,0.16456190,90.23768,93.40089,26.052105,115.60004,0.39532995,47.97106,46.60389,45.23672,2023-12-08,14:30
2023-12-08 15:30:00,47.51,47.539,47.45717,47.508,29153140,64.20047,47.32054,47.29185,0.34059854,0.20205729,0.13854125,89.10302,92.18536,26.85077,97.034362,0.37293730,48.077023,46.65709,45.23716,2023-12-08,15:30
2023-12-11 09:30:00,47.125,47.167,46.21873,46.26,137097920,42.65931,47.30276,47.085479,0.24391106,0.21042804,0.033483015,13.84649,64.39573,25.71564,-10.36728,0.43838964,48.076276,46.64973,45.22318,2023-12-11,09:30
2023-12-11 10:30:00,46.266,46.5756,45.859,46.028,90812470,39.97415,47.23943,46.87398,0.14687196,0.19771683,-0.050844866,8.98053,37.31001,25.29110,-53.094775,0.45826192,48.080222,46.63263,45.18503,2023-12-11,10:30
2023-12-11 11:30:00,46.029001,46.25,45.83,46.224,57426270,43.22547,47.090559,46.74399,0.084805685,0.17513460,-0.090328915,20.61909,14.48204,24.94572,-59.30181,0.45552901,48.072148,46.64705,45.22195,2023-12-11,11:30
2023-12-11 12:30:00,46.225,46.603,45.588,46.5475,49149160,48.21157,46.97558,46.70469,0.061018207,0.15231132,-0.091293114,44.56883,24.72281,23.76061,-46.47050,0.49549118,48.057294,46.68420,45.31111,2023-12-11,12:30
2023-12-11 13:30:00,46.5455,46.959,46.51001,46.82703,56752050,52.12411,46.90623,46.72916,0.063984525,0.13464596,-0.070661437,57.55295,40.91362,22.22809,7.32035,0.49216966,48.034723,46.74195,45.44917,2023-12-11,13:30
2023-12-11 14:30:00,46.8255,46.921,46.526,46.5425,39594830,48.13756,46.79184,46.69183,0.042881794,0.11629313,-0.073411335,44.33649,48.81942,20.80504,-12.64966,0.48522884,47.96021,46.79407,45.62793,2023-12-11,14:30
2023-12-11 15:30:00,46.545,46.651,46.49,46.638,33708540,49.53275,46.67650,46.68106,0.033478003,0.099730103,-0.066252100,48.77255,50.22066,19.40028,-26.86930,0.46206975,47.94930,46.81867,45.68804,2023-12-11,15:30
2023-12-12 09:30:00,46.045999,47.421,46.045999,47.0059998,126981280,54.60091,46.62011,46.74605,0.055084912,0.090801065,-0.035716153,65.86613,52.99172,19.56511,0.61399824,0.52727905,47.95353,46.86030,45.76706,2023-12-12,09:30
2023-12-12 10:30:00,47.0075012,47.3,46.805,47.070239,61846190,55.44212,46.57147,46.81089,0.076510173,0.087942887,-0.011432714,70.24826,61.62898,19.71817,29.27539,0.52497349,47.97003,46.89316,45.81629,2023-12-12,10:30
2023-12-12 11:30:00,47.070499,47.2435,46.861,46.88799,35619860,52.47163,46.64125,46.82631,0.077886139,0.085931537,-0.0080453983,61.61092,65.90844,19.86030,16.42558,0.51479690,47.96785,46.92001,45.87216,2023-12-12,11:30
2023-12-12 12:30:00,46.87484,47.028989,46.834,46.9435,22067380,53.29247,46.74297,46.84975,0.082504606,0.085246151,-0.0027415451,64.24165,65.36695,19.91378,3.59179,0.49195348,47.97155,46.94298,45.91441,2023-12-12,12:30
2023-12-12 13:30:00,46.944,47.256,46.907,47.247,27675150,57.60383,46.85664,46.92920,0.10939369,0.090075660,0.019318035,79.15078,68.33445,20.39205,30.58750,0.48174245,47.99176,46.98433,45.97691,2023-12-12,13:30
2023-12-12 14:30:00,47.24611,47.535,47.246,47.477,43147020,60.57387,46.95992,47.038757,0.14756147,0.10157282,0.045988652,96.82201,80.071481,21.31288,69.52814,0.46797524,48.041135,47.028282,46.015429,2023-12-12,14:30
2023-12-12 15:30:00,47.473,47.666,47.43509,47.65838,29616470,62.78784,47.052290,47.16268,0.19025255,0.11930877,0.070943782,99.63329,91.86869,22.37744,90.50829,0.45104209,48.056640,47.033008,46.0093773,2023-12-12,15:30
2023-12-13 09:30:00,47.629,48.594,47.608,48.3405,129892700,69.68278,47.25207,47.39825,0.27594597,0.15063621,0.12530976,91.56685,96.0073853,24.51020,166.43026,0.48925349,48.22141,47.070916,45.92043,2023-12-13,09:30
2023-12-13 10:30:00,48.3405,48.448,48.107,48.275,58024590,68.37271,47.43396,47.57360,0.33471494,0.18745195,0.14726298,89.38788,93.52934,26.49062,158.099826,0.47866398,48.36824,47.11211,45.85597,2023-12-13,10:30
2023-12-13 11:30:00,48.2805,48.287,48.016,48.135,32088840,65.53661,47.55940,47.68588,0.36577654,0.22311687,0.14265967,84.73055,88.56176,28.027607,127.93789,0.46383078,48.45998,47.14026,45.82053,2023-12-13,11:30
2023-12-13 12:30:00,48.136,48.14299,47.801,47.866,32744210,60.35611,47.64782,47.72190,0.36448546,0.25139059,0.11309487,71.42859,81.84901,28.75713,96.82396,0.45512780,48.48739,47.14976,45.81213,2023-12-13,12:30
2023-12-13 13:30:00,47.866,48.532,47.845,48.32,59434590,65.33635,47.80693,47.84152,0.39553684,0.28021984,0.11531700,89.24651,81.80188,29.93717,119.40388,0.47169007,48.61492,47.19008,45.76524,2023-12-13,13:30
2023-12-13 14:30:00,48.315,48.5,47.78,47.983,70192880,59.37383,47.92243,47.86982,0.38847390,0.30187065,0.086603251,76.020356,78.89849,30.82443,94.36543,0.48942658,48.67447,47.21383,45.75320,2023-12-13,14:30
2023-12-13 15:30:00,47.9825,48.127,47.928,48.089999,29193040,60.60318,48.016098,47.91385,0.38704888,0.31890630,0.068142584,80.21976,81.82887,31.64832,80.017886,0.46868175,48.74462,47.30533,45.86605,2023-12-13,15:30
2023-12-14 09:30:00,48.475,48.67,48.0019989,48.134,112264650,61.12413,48.089098,47.95788,0.38503159,0.33213136,0.052900234,71.26001,75.83337,33.084195,92.62181,0.48291894,48.76644,47.41063,46.054827,2023-12-14,09:30
2023-12-14 10:30:00,48.135,48.475,47.889,48.20739,61493640,62.026125,48.15010,48.0077845,0.38491788,0.34268866,0.042229217,74.80341,75.42772,34.035659,76.95816,0.49028176,48.79207,47.50980,46.22753,2023-12-14,10:30
2023-12-14 11:30:00,48.2075,48.3,48.039999,48.22999,27626310,62.31605,48.13782,48.052226,0.38224497,0.35059992,0.031645046,76.034247,74.032553,34.91916,70.49195,0.47383311,48.83265,47.59393,46.35520,2023-12-14,11:30
2023-12-14 12:30:00,48.223,48.22999,47.422,47.563,46715590,50.14648,48.058709,47.95438,0.32258763,0.34499746,-0.022409834,37.20928,62.68231,33.82962,13.88823,0.49770142,48.81883,47.63072,46.44262,2023-12-14,12:30
2023-12-14 13:30:00,47.566,48.035001,47.458,48.033499,45867440,56.58698,48.047431,47.97020,0.30970399,0.33793877,-0.028234775,55.30189,56.18180,32.81791,21.34881,0.50336575,48.79383,47.70527,46.61672,2023-12-14,13:30
2023-12-14 14:30:00,48.032001,48.2,47.93001,48.12,35865700,57.66973,48.075653,48.00016363,0.30298104,0.33094722,-0.027966185,55.92953,49.48023,32.18560,49.42166,0.48669598,48.76404,47.77937,46.79471,2023-12-14,14:30
2023-12-14 15:30:00,48.11101,48.35,48.11101,48.35,30894530,60.49126,48.078987,48.070131,0.31260847,0.32727947,-0.014671003,74.35890,61.86344,31.86889,74.16239,0.46900264,48.79368,47.84657,46.89947,2023-12-14,15:30
2023-12-15 09:30:00,48.4,49.292,48.383,49.273,145467650,69.32713,48.22232,48.31070,0.39021856,0.33986729,0.050351268,98.98394,76.42412,32.87487,183.35623,0.50278826,49.022024,47.95671,46.89140,2023-12-15,09:30
2023-12-15 10:30:00,49.275,49.404,48.993,49.131,67512910,66.85009,48.33799,48.47476,0.43524950,0.35894373,0.076305772,86.22598,86.52294,33.92963,207.58405,0.49623207,49.13279,48.068863,47.0049387,2023-12-15,10:30
2023-12-15 11:30:00,49.134,49.176,48.86478,49.08754,40231080,66.072000,48.44394,48.59732,0.46210315,0.37957562,0.082527535,84.033246,89.74772,34.51784,176.81546,0.48301702,49.19598,48.17607,47.15615,2023-12-15,11:30
2023-12-15 12:30:00,49.092999,49.214,48.85,49.214,42708370,67.26594,48.55578,48.72066,0.48796432,0.40125336,0.086710963,90.41376,86.89100,35.11237,165.67864,0.47451591,49.29635,48.27442,47.25248,2023-12-15,12:30
2023-12-15 13:30:00,49.214,49.293,48.874,48.972,41060340,62.71757,48.63823,48.77092,0.48336012,0.41767471,0.065685412,78.20381,84.21694,35.76866,129.45097,0.47055050,49.34524,48.34917,47.35309,2023-12-15,13:30
2023-12-15 14:30:00,48.97,49.089999,48.90601,48.965,28780870,62.58573,48.79400,48.80974,0.47368600,0.42887697,0.044809036,77.85059,82.15605,36.37807,99.79738,0.45008193,49.39199,48.41450,47.43700,2023-12-15,14:30
2023-12-15 15:30:00,48.965,49.066,48.884,48.944,35270760,62.16361,48.89517,48.83659,0.45903329,0.43490823,0.024125058,76.79110,77.61516,36.85963,83.23737,0.43093327,49.44808,48.44467,47.44126,2023-12-15,15:30
2023-12-18 09:30:00,49.4,49.984,49.15,49.973,115623380,72.095529,49.10106,49.063874,0.52440763,0.45280811,0.071599521,99.57071,84.73746,38.39860,160.66748,0.47443800,49.72932,48.52957,47.32982,2023-12-18,09:30
2023-12-18 10:30:00,49.973,50.0,49.638,49.795,55350160,68.73439,49.26162,49.21010,0.55545127,0.47333675,0.082114528,92.048146,89.46998,39.84255,147.48400,0.46640668,49.91679,48.61257,47.30836,2023-12-18,10:30
2023-12-18 11:30:00,49.791,50.0,49.72001,49.8195,36418370,68.94897,49.32234,49.33198,0.57539766,0.49374893,0.081648732,92.99848,94.87244,41.18337,132.91090,0.45309117,50.067698,48.71025,47.35279,2023-12-18,11:30
2023-12-18 12:30:00,49.82043,49.966,49.81,49.92,26380140,69.86268,49.41001,49.44958,0.59248507,0.51349616,0.078988911,96.85292,93.96651,42.42841,123.010571,0.43187036,50.23223,48.79025,47.34826,2023-12-18,12:30
2023-12-18 13:30:00,49.924,50.317,49.893,50.275,64608400,72.89658,49.54195,49.61467,0.62743966,0.53628486,0.091154803,98.24041,96.030601,43.94188,136.85217,0.43130834,50.43369,48.90485,47.37601,2023-12-18,13:30
2023-12-18 14:30:00,50.275,50.4,50.169,50.394,46771340,73.84701,49.67306,49.77053,0.65716832,0.56046155,0.096706774,99.73789,98.27707,45.42486,141.84705,0.41700058,50.63094,49.020046,47.40915,2023-12-18,14:30
2023-12-18 15:30:00,50.4,50.43299,50.063,50.081,41818880,67.17456,49.79628,49.83263,0.64800222,0.57796968,0.070032533,82.82969,93.60266,46.33775,114.23234,0.41364261,50.73764,49.11740,47.49715,2023-12-18,15:30
2023-12-19 09:30:00,49.424,49.7,48.895,49.55,161217420,57.65675,49.86128,49.77610,0.59107720,0.58059119,0.010486010,44.22013,75.59590,43.58189,26.093265,0.46881089,50.75900,49.18453,47.61005,2023-12-19,09:30
2023-12-19 10:30:00,49.55399,49.605,48.928,49.1375,74640120,51.54666,49.88278,49.64838,0.50683592,0.56584013,-0.059004216,18.16184,48.40389,41.022876,4.021151,0.48368146,50.74283,49.22990,47.71697,2023-12-19,10:30
2023-12-19 11:30:00,49.137,49.381,49.060001,49.302,51919090,53.65585,49.80822,49.57910,0.44818143,0.54230839,-0.094126965,28.55350,30.31182,38.64665,-2.055263,0.47206130,50.62224,49.31685,48.011465,2023-12-19,11:30
2023-12-19 12:30:00,49.29618,49.393,49.075,49.163,34616590,51.61144,49.73800,49.49588,0.38603138,0.51105299,-0.12502161,18.53773,21.75102,36.46701,-17.43015,0.46105687,50.54235,49.37333,48.20430,2023-12-19,12:30
2023-12-19 13:30:00,49.164,49.463,49.133,49.463,48988970,55.54819,49.69839,49.48931,0.35687073,0.48021654,-0.12334581,37.37925,28.15683,34.60686,-6.82088,0.45169579,50.45833,49.44048,48.42263,2023-12-19,13:30
2023-12-19 14:30:00,49.459,49.585,49.416,49.5,42032610,56.023386,49.65172,49.49145,0.33290869,0.45075497,-0.11784628,39.76788,31.89495,33.16592,7.63007,0.43150325,50.38436,49.49798,48.61159,2023-12-19,14:30
2023-12-19 15:30:00,49.499,49.617,49.44,49.6129,29992020,57.51582,49.57816,49.51574,0.31934743,0.42447346,-0.10512603,46.67777,41.27496,31.90422,13.050486,0.41332459,50.39647,49.51497,48.63347,2023-12-19,15:30
2023-12-20 09:30:00,49.655,49.999,49.463,49.744,96034590,59.24542,49.50593,49.56139,0.31554139,0.40268705,-0.087145660,55.20192,47.21585,31.56733,41.012650,0.42208701,50.41412,49.54562,48.67713,2023-12-20,09:30
2023-12-20 10:30:00,49.744,49.933,49.68,49.812,41229350,60.15161,49.47604,49.61151,0.31438797,0.38502723,-0.070639261,59.62323,53.83430,31.25451,48.63094,0.41000936,50.43112,49.58185,48.73257,2023-12-20,10:30
2023-12-20 11:30:00,49.8105,49.875,49.734,49.779,24334950,59.46066,49.50149,49.64501,0.30726916,0.36947562,-0.062206460,57.47766,57.43427,30.96404,40.92600,0.39079443,50.44603,49.61010,48.77416,2023-12-20,11:30
2023-12-20 12:30:00,49.7765,49.865,49.608,49.841,25746990,60.38147,49.57966,49.68421,0.30313592,0.35620768,-0.053071753,61.50887,59.53658,30.20461,30.93740,0.38123774,50.44124,49.65355,48.86585,2023-12-20,12:30
2023-12-20 13:30:00,49.844,49.868,49.46501,49.47837,25772800,52.82382,49.59925,49.64304,0.26751525,0.33846919,-0.070953942,37.93058,52.30570,28.96820,-11.82758,0.38279153,50.40664,49.67921,48.95179,2023-12-20,13:30
2023-12-20 14:30:00,49.48499,49.48499,48.261,48.363,101673530,37.34208,49.51036,49.38703,0.14758343,0.30029204,-0.15270861,4.69624,34.71190,28.87419,-209.11691,0.44287734,50.52432,49.65016,48.77601,2023-12-20,14:30
2023-12-20 15:30:00,48.372,48.498,48.098001,48.11,48254150,34.84723,49.36003,49.13163,0.031755565,0.24658474,-0.21482918,0.63122172,14.41935,29.044033,-240.13722,0.43981467,50.64468,49.55701,48.46935,2023-12-20,15:30
2023-12-21 09:30:00,48.811,49.095001,48.504,48.642,96402430,43.40911,49.26470,49.033701,-0.016915844,0.19388463,-0.21080047,28.61656,11.31468,27.66364,-126.98599,0.47875652,50.65081,49.49936,48.34791,2023-12-21,09:30
2023-12-21 10:30:00,48.651,48.775,48.57,48.713,34334500,44.45813,49.16471,48.96956,-0.049192192,0.14526926,-0.19446145,32.35140,20.53306,26.38185,-118.86306,0.45920240,50.63432,49.44404,48.25376,2023-12-21,10:30
2023-12-21 11:30:00,48.715,48.936,48.593,48.655,33421330,43.74473,49.043708,48.90665,-0.078546251,0.10050616,-0.17905241,29.30028,30.089412,24.80910,-100.040233,0.45090218,50.59733,49.38079,48.16425,2023-12-21,11:30
2023-12-21 12:30:00,48.65,48.756,48.419,48.555,31399680,42.47911,48.90404,48.83632,-0.10862654,0.058679620,-0.16730616,24.039883,28.56385,23.71589,-109.65611,0.44276627,50.48930,49.29479,48.10028,2023-12-21,12:30
2023-12-21 13:30:00,48.568,48.625,48.467,48.612,29508600,43.48285,48.77437,48.79145,-0.12640874,0.021661948,-0.14807069,27.038347,26.79284,22.70077,-100.41637,0.42242573,50.32224,49.20569,48.089137,2023-12-21,13:30
2023-12-21 14:30:00,48.614,48.92,48.5795,48.916,32079620,48.63127,48.67160,48.81636,-0.11464933,-0.0056003072,-0.10904902,43.029993,31.36941,21.14810,-56.0079399,0.41657388,50.19466,49.14744,48.10022,2023-12-21,14:30
2023-12-21 15:30:00,48.919,49.04599,48.873,48.997,29316730,49.93979,48.61811,48.85249,-0.097668051,-0.024013856,-0.073654195,47.29090,39.11975,20.0042558,-26.56111,0.39917495,50.15213,49.11979,48.087450,2023-12-21,15:30
2023-12-22 09:30:00,49.195,49.383,49.0019989,49.214,69709890,53.36698,48.71267,48.92479,-0.065939955,-0.032399076,-0.033540880,60.81754,50.37948,19.67523,9.35231,0.39823378,50.15675,49.12361,48.090475,2023-12-22,09:30
2023-12-22 10:30:00,49.216,49.31215,48.918,49.045001,38933760,50.46910,48.81656,48.94883,-0.053811810,-0.036681623,-0.017130187,53.29211,53.80018,19.13708,-6.43805,0.39794207,50.14110,49.11076,48.080430,2023-12-22,10:30
2023-12-22 11:30:00,49.042001,49.148,48.848,48.95699,29658180,48.97752,48.85155,48.95047,-0.050717417,-0.039488782,-0.011228636,48.53041,54.21335,18.43951,-21.52877,0.39094620,50.13262,49.10046,48.068307,2023-12-22,11:30
2023-12-22 12:30:00,48.953,49.045001,48.9,49.028,17905580,50.25495,48.88655,48.96597,-0.042050336,-0.040001092,-0.0020492435,52.54236,51.45496,17.79178,-17.99951,0.37337871,50.097643,49.078713,48.059783,2023-12-22,12:30
2023-12-22 13:30:00,49.026001,49.084,48.467,48.57913,32746420,42.93703,48.87812,48.88860,-0.070588043,-0.046118482,-0.024469560,34.68863,45.25380,17.027549,-58.10404,0.39078010,50.054510,49.032670,48.010829,2023-12-22,13:30
2023-12-22 14:30:00,48.571,48.843,48.488,48.812,31109600,47.23015,48.90668,48.87328,-0.073565660,-0.051607918,-0.021957742,55.56418,47.59839,16.31791,-53.071006,0.38822430,49.98265,48.99262,48.0025997,2023-12-22,14:30
2023-12-22 15:30:00,48.8135,48.835,48.664,48.827,19090370,47.50411,48.93057,48.86403,-0.073863664,-0.056059067,-0.017804596,42.32358,44.19213,15.65896,-38.16099,0.37270821,49.87646,48.94677,48.017090,2023-12-22,15:30
2023-12-26 09:30:00,48.968,49.6,48.95,49.38557,77201930,56.55052,48.98274,48.96834,-0.028696910,-0.050586636,0.021889726,81.84346,59.91041,15.94119,76.051460,0.40130056,49.79222,48.92545,48.058689,2023-12-26,09:30
2023-12-26 10:30:00,49.402,49.483,49.1975,49.325,35412790,55.43493,49.019188,49.039668,0.0021852806,-0.040032252,0.042217533,76.71464,66.96056,16.20326,93.16793,0.39302895,49.69990,48.90275,48.10561,2023-12-26,10:30
2023-12-26 11:30:00,49.325,49.48199,49.265,49.35062,28517840,55.83181,49.034368,49.10186,0.028399547,-0.026345893,0.054745439,78.88395,79.14735,16.44661,113.38628,0.38045468,49.58328,48.87823,48.17319,2023-12-26,11:30
2023-12-26 12:30:00,49.3508,49.397,49.315,49.34939,17937620,55.80612,49.068188,49.15136,0.048516040,-0.011373506,0.059889546,77.88079,77.82646,16.67258,119.56100,0.35913654,49.55683,48.87178,48.18674,2023-12-26,12:30
2023-12-26 13:30:00,49.351,49.39299,49.301,49.33412,15170370,55.46480,49.11009,49.18792,0.062505736,0.0034023423,0.059103394,76.53295,77.76590,16.83030,103.16842,0.34005458,49.59178,48.92034,48.24890,2023-12-26,13:30
2023-12-26 14:30:00,49.335,49.487,49.315,49.452,24463080,57.61957,49.15720,49.24073,0.082157561,0.019153386,0.063004175,86.93722,80.45032,17.22155,113.25092,0.32805069,49.58579,48.98744,48.38909,2023-12-26,14:30
2023-12-26 15:30:00,49.452,49.47853,49.265,49.281,21012480,53.57046,49.23519,49.24879,0.082977064,0.031918122,0.051058942,71.84461,78.43826,17.37844,82.87070,0.31987075,49.60872,49.019391,48.43006,2023-12-26,15:30
2023-12-27 09:30:00,49.511,49.68,49.085001,49.1985,72503280,51.68338,49.27813,49.23873,0.076092223,0.040752942,0.035339281,60.30492,73.028917,18.059388,69.96943,0.33952271,49.62038,49.043666,48.46695,2023-12-27,09:30
2023-12-27 10:30:00,49.202,49.363,49.11601,49.36227,36798500,55.067108,49.33761,49.26344,0.082895449,0.049181443,0.033714006,73.80640,68.65198,18.69169,54.042920,0.33291330,49.64266,49.079029,48.51539,2023-12-27,10:30
2023-12-27 11:30:00,49.361,49.462,49.3506,49.403,22740300,55.89436,49.33954,49.29135,0.090529952,0.057451145,0.033078807,77.16410,70.42514,19.54158,80.20777,0.31709080,49.64732,49.12143,48.59554,2023-12-27,11:30
2023-12-27 12:30:00,49.409,49.49671,49.355,49.426,20892010,56.38275,49.35077,49.31828,0.097314565,0.065423829,0.031890736,79.060318,76.67694,20.42323,80.88693,0.30456370,49.64853,49.16213,48.67573,2023-12-27,12:30
2023-12-27 13:30:00,49.427,49.508,49.28275,49.41301,24958200,56.0055295,49.35770,49.33723,0.10048480,0.072436024,0.028048778,77.60155,77.94199,20.86390,68.95916,0.29889824,49.67132,49.18698,48.70264,2023-12-27,13:30
2023-12-27 14:30:00,49.418,49.425,49.3,49.37389,19847350,54.81624,49.36042,49.34456,0.098702757,0.077689370,0.021013387,69.87102,75.51096,21.27310,53.68188,0.28647693,49.68846,49.20582,48.72319,2023-12-27,14:30
2023-12-27 15:30:00,49.37799,49.435,49.323,49.421,18882600,56.027212,49.37007,49.35985,0.099939812,0.082139459,0.017800354,64.52054,70.66437,21.68663,57.92732,0.27401426,49.70786,49.21617,48.72449,2023-12-27,15:30
2023-12-28 09:30:00,49.643,49.772,49.412,49.603,68052740,60.43854,49.38685,49.40848,0.11428868,0.088569302,0.025719374,75.40024,69.93060,23.052618,116.082505,0.28015614,49.75662,49.24407,48.73152,2023-12-28,09:30
2023-12-28 10:30:00,49.604,49.849,49.598,49.65904,49762120,61.71220,49.42886,49.45859,0.12869861,0.096595164,0.032103447,75.13611,71.68563,24.50843,147.43735,0.27807341,49.80428,49.27918,48.75407,2023-12-28,10:30
2023-12-28 11:30:00,49.665,49.735,49.5691,49.723,23448190,63.16966,49.48713,49.51147,0.14362416,0.10600096,0.037623197,83.50809,78.014813,25.67994,137.31649,0.27006100,49.85953,49.31393,48.76832,2023-12-28,11:30
2023-12-28 12:30:00,49.725,49.88399,49.637,49.762,33403630,64.067769,49.53155,49.56158,0.15679221,0.11615921,0.040632996,84.73185,81.12535,27.14348,176.012715,0.26841314,49.83768,49.37307,48.90846,2023-12-28,12:30
2023-12-28 13:30:00,49.76226,49.8,49.619,49.62604,14688670,58.69417,49.55633,49.57447,0.15447653,0.12382268,0.030653853,67.71551,78.65182,28.38296,130.78529,0.26216933,49.81261,49.41377,49.014935,2023-12-28,13:30
2023-12-28 14:30:00,49.6275,49.65908,49.47,49.52436,22526970,54.98009,49.56726,49.56445,0.14279049,0.12761624,0.015174249,54.98925,69.14554,28.57804,52.80726,0.25694850,49.74494,49.44864,49.15234,2023-12-28,14:30
2023-12-28 15:30:00,49.52451,49.706,49.475,49.52,21225080,54.81998,49.57915,49.55556,0.13165987,0.12842496,0.0032349091,54.44382,59.049525,28.90902,53.33598,0.25509502,49.75173,49.45536,49.15899,2023-12-28,15:30
2023-12-29 09:30:00,49.813,49.997,49.73101,49.838,73062530,63.23377,49.63072,49.61205,0.14680637,0.13210125,0.014705127,81.95218,63.79508,30.022630,165.84206,0.27094530,49.81431,49.48101,49.14771,2023-12-29,09:30
2023-12-29 10:30:00,49.835,49.857,48.751,48.812,76419850,38.39166,49.56305,49.45204,0.075154052,0.12071181,-0.045557756,4.89555,47.097183,28.62197,-145.029788,0.33059205,49.89488,49.45408,49.013284,2023-12-29,10:30
2023-12-29 11:30:00,48.808,49.147,48.79,48.99,40696940,42.60449,49.49494,49.35963,0.032359156,0.10304128,-0.070682121,19.18127,35.34300,27.32136,-188.91724,0.33247838,49.91974,49.43611,48.95249,2023-12-29,11:30
2023-12-29 12:30:00,48.987,49.442,48.96868,49.42283,37874070,51.32128,49.46869,49.37227,0.032989440,0.089030910,-0.056041470,53.91892,25.99858,25.54979,-68.75318,0.34253861,49.92197,49.44055,48.95912,2023-12-29,12:30
2023-12-29 13:30:00,49.425,49.923,49.412,49.7895,58763460,57.24514,49.47608,49.45572,0.062357229,0.083696174,-0.021338944,83.34660,52.14893,25.092535,85.080946,0.35457168,49.96235,49.45742,48.95249,2023-12-29,13:30
2023-12-29 14:30:00,49.7868,49.95,49.693,49.734,48084280,56.13169,49.47297,49.51137,0.080228266,0.083002592,-0.0027743266,78.89240,72.052639,24.72689,101.96303,0.34760232,49.99191,49.48007,48.96823,2023-12-29,14:30
2023-12-29 15:30:00,49.733,49.77,49.446,49.526,32868700,52.045886,49.46185,49.51430,0.076723022,0.081746678,-0.0050236563,62.19908,74.81269,23.60437,25.97131,0.34591659,49.99190,49.49645,49.00099655,2023-12-29,15:30
2024-01-02 09:30:00,49.125,49.2665,47.595,47.667,145944550,30.60435,49.25548,49.14484,-0.075193855,0.050358571,-0.12555243,2.99751,48.029663,24.57943,-339.69589,0.45913682,50.35110,49.41168,48.47227,2024-01-02,09:30
2024-01-02 10:30:00,47.67099,48.122,47.601,48.11602,58227940,37.32110,49.099483,48.93907,-0.15754109,0.0087786385,-0.16631973,21.69099,28.96253,25.48485,-281.70487,0.46355555,50.44354,49.34733,48.25112,2024-01-02,10:30
2024-01-02 11:30:00,48.1175,48.263,48.039999,48.10853,43272830,37.25633,48.90732,48.77297,-0.22086023,-0.037149136,-0.18371110,21.37921,15.35591,25.97127,-185.41356,0.44637309,50.50212,49.28146,48.060802,2024-01-02,11:30
2024-01-02 12:30:00,48.11595,48.348,47.88,48.186,41186490,38.44637,48.83776,48.65557,-0.26177247,-0.082073802,-0.17969867,24.60440,22.55820,26.62751,-148.61587,0.44791804,50.52835,49.22011,47.91187,2024-01-02,12:30
2024-01-02 13:30:00,48.17901,48.24,48.0049011,48.188,29051600,38.47884,48.74865,48.56206,-0.29068335,-0.12379571,-0.16688764,24.68774,23.55712,27.23686,-122.90162,0.43271663,50.54131,49.16082,47.78032,2024-01-02,13:30
2024-01-02 14:30:00,48.18,48.2346,47.82001,47.884,33291510,35.42279,48.57767,48.42645,-0.33427248,-0.16589107,-0.16838141,12.031580,20.44124,28.051156,-119.88874,0.43142190,50.56540,49.083966,47.60253,2024-01-02,14:30
2024-01-02 15:30:00,47.886,48.208,47.777,48.185,34504850,40.46465,48.39939,48.37816,-0.34060266,-0.20083338,-0.13976927,24.56285,20.42739,28.86541,-96.85029,0.43139175,50.52379,49.013066,47.50234,2024-01-02,15:30
2024-01-03 09:30:00,47.45,48.1841,47.32,47.49449,109986490,33.92165,48.15056,48.20142,-0.39676427,-0.24001956,-0.15674471,6.63450,14.40964,30.19131,-116.69892,0.46236372,50.52138,48.90484,47.28830,2024-01-03,09:30
2024-01-03 10:30:00,47.4905,47.926,47.348,47.7515,52819770,37.94377,47.95339,48.11144,-0.41574155,-0.27516396,-0.14057759,16.40686,15.86807,31.42250,-101.62049,0.47062345,50.45140,48.80626,47.16112,2024-01-03,10:30
2024-01-03 11:30:00,47.7504,47.83699,47.654,47.77399,23890990,38.29768,47.96528,48.043949,-0.42407804,-0.30494678,-0.11913127,17.26193,13.43443,32.56574,-84.99574,0.45007816,50.34924,48.70686,47.064488,2024-01-03,11:30
2024-01-03 12:30:00,47.768,47.879,47.58,47.62433,24582340,36.79381,47.91065,47.96003,-0.43771548,-0.33150052,-0.10621496,11.57139,15.080061,33.72479,-82.14932,0.43928702,50.25685,48.60678,46.95671,2024-01-03,12:30
2024-01-03 13:30:00,47.63,47.73,47.445,47.693,30684000,37.99690,47.86448,47.90662,-0.43793387,-0.35278719,-0.085146680,14.18244,14.33859,34.97850,-81.48348,0.42826634,50.15466,48.51521,46.87576,2024-01-03,13:30
2024-01-03 14:30:00,47.695,47.81,47.539,47.652,24664270,37.53748,47.80515,47.85570,-0.43638495,-0.36950674,-0.066878213,13.55093,13.10159,35.81815,-72.60908,0.41703297,50.034262,48.42181,46.80936,2024-01-03,14:30
2024-01-03 15:30:00,47.64896,47.747,47.45,47.57,28554110,36.58478,47.73648,47.79856,-0.43673949,-0.38295329,-0.053786204,12.84357,13.52565,36.72996,-77.12594,0.40845919,49.82253,48.30841,46.79429,2024-01-03,15:30
2024-01-04 09:30:00,47.767,48.064001,47.508,47.955,80618910,43.79733,47.74437,47.82985,-0.40132812,-0.38662826,-0.014699867,61.77020,29.38823,36.32898,-47.82689,0.41899802,49.76871,48.26556,46.76240,2024-01-04,09:30
2024-01-04 10:30:00,47.94703,48.401,47.945,48.30566,57788160,49.43805,47.75777,47.92501,-0.34103758,-0.37751012,0.036472543,91.18039,55.26472,34.84568,-1.97694,0.42164100,49.69768,48.23134,46.76500,2024-01-04,10:30
2024-01-04 11:30:00,48.30301,48.5,48.215,48.269,40619180,48.88564,47.84383,47.99381,-0.29283943,-0.36057598,0.067736550,80.42373,77.79144,33.16975,20.17915,0.41188098,49.53497,48.17365,46.81233,2024-01-04,11:30
2024-01-04 12:30:00,48.26884,48.289,48.053,48.28,24794890,49.069504,47.90255,48.051045,-0.25086278,-0.33863334,0.087770566,81.35581,84.31998,31.99283,17.28445,0.39931816,49.24294,48.098176,46.95342,2024-01-04,12:30
2024-01-04 13:30:00,48.281,48.392,48.123,48.144,24728280,46.82653,47.94367,48.069636,-0.22596513,-0.31609970,0.090134567,69.83050,77.20335,30.57147,43.35166,0.39000974,48.88495,48.018676,47.15240,2024-01-04,13:30
2024-01-04 14:30:00,48.144,48.355,48.089001,48.19587,26710300,47.80648,48.0071699,48.094883,-0.19974550,-0.29282886,0.093083364,74.22633,75.13754,29.33839,75.070414,0.38115171,48.48566,47.95217,47.41868,2024-01-04,14:30
2024-01-04 15:30:00,48.19,48.26,47.98,47.994,28784470,44.37867,48.040614,48.074707,-0.19303039,-0.27286917,0.079838776,57.11862,67.058482,28.47533,36.57212,0.37392672,48.48585,47.96852,47.45119,2024-01-04,15:30
2024-01-05 09:30:00,48.462,48.96487,48.30601,48.952,101706200,59.29479,48.18506,48.25017,-0.10914795,-0.24012492,0.13097698,99.20387,76.84961,27.22520,198.27725,0.41656559,48.68094,48.010318,47.33969,2024-01-05,09:30
2024-01-05 10:30:00,48.951,49.547,48.908,49.3875,83362640,64.018692,48.38700,48.47763,-0.0074434022,-0.19358862,0.18614522,92.41198,82.91149,27.18584,271.26765,0.43245387,48.97470,48.074267,47.17384,2024-01-05,10:30
2024-01-05 11:30:00,49.39,49.438,48.988,49.041251,50436870,58.23241,48.50770,48.59036,0.044703436,-0.14593021,0.19063364,75.93959,89.18515,27.14929,197.15832,0.43370717,49.11100,48.11703,47.12306,2024-01-05,11:30
2024-01-05 12:30:00,49.037009,49.245,48.97001,49.156,41640760,59.53764,48.60218,48.70348,0.094203558,-0.097903454,0.19210701,81.39864,83.25007,27.058514,157.94331,0.42237028,49.25790,48.16543,47.072960,2024-01-05,12:30
2024-01-05 13:30:00,49.15132,49.35,49.145,49.20994,30001570,60.16777,48.70673,48.80478,0.13621505,-0.051079753,0.18729480,83.92654,80.42159,27.17531,148.78470,0.40684375,49.40572,48.23173,47.057730,2024-01-05,13:30
2024-01-05 14:30:00,49.203,49.26199,48.78302,48.8685,45545750,54.39329,48.77212,48.81752,0.14034037,-0.012795729,0.15313610,67.64424,77.65647,26.14773,94.52810,0.41199565,49.47183,48.26590,47.059976,2024-01-05,14:30
2024-01-05 15:30:00,48.862,49.103,48.805,49.089999,34739970,57.25903,48.87723,48.87202,0.15964262,0.021691940,0.13795068,77.58703,76.38594,25.19355,85.85644,0.40385318,49.54801,48.34568,47.14334,2024-01-05,15:30
2024-01-08 09:30:00,49.512,51.515,49.479,51.326,227413080,74.60598,49.22502,49.36281,0.35131667,0.087616886,0.26369978,94.70584,79.97904,27.35057,238.50262,0.54822103,50.26328,48.52440,46.78552,2024-01-08,09:30
2024-01-08 10:30:00,51.327,51.573,51.062,51.282,83351570,73.96977,49.59035,49.74665,0.49397505,0.16888852,0.32508653,91.90099,88.064622,29.39332,231.28711,0.54556228,50.77559,48.69980,46.62402,2024-01-08,10:30
2024-01-08 11:30:00,51.28686,51.547,51.157,51.18626,64009940,72.52063,49.83861,50.034573,0.59247773,0.25360636,0.33887137,89.23637,91.94774,31.29016,191.26825,0.53445043,51.15544,48.87790,46.60036,2024-01-08,11:30
2024-01-08 12:30:00,51.187,51.532,51.103,51.512,43935120,74.36106,50.074661,50.33006,0.68888515,0.34066212,0.34822303,98.30229,93.14655,32.90325,168.48224,0.52691831,51.54841,49.068849,46.58929,2024-01-08,12:30
2024-01-08 13:30:00,51.513,51.8,51.43,51.74,59078200,75.59325,50.37452,50.61205,0.77475576,0.42748085,0.34727491,98.42938,95.32268,34.61992,156.78684,0.51570995,51.92025,49.27325,46.62625,2024-01-08,13:30
2024-01-08 14:30:00,51.74339,51.898,51.60647,51.87035,60231250,76.29465,50.67612,50.86371,0.84360220,0.51070512,0.33289708,99.29431,98.67533,36.29237,135.55481,0.49969698,52.24335,49.48827,46.73318,2024-01-08,14:30
2024-01-08 15:30:00,51.869,52.275,51.816,52.255,59249810,78.27845,51.014457,51.14197,0.91861232,0.59228656,0.32632576,99.49606,99.073252,38.13163,128.77176,0.49679024,52.61297,49.70327,46.79357,2024-01-08,15:30
2024-01-09 09:30:00,52.401,52.6199,51.69,52.47363,192047950,79.33693,51.41503,51.40830,0.98435331,0.67069991,0.31365340,96.18792,98.32610,40.072686,116.75857,0.52772630,52.98363,49.91167,46.83970,2024-01-09,09:30
2024-01-09 10:30:00,52.479,52.901,52.079999,52.86,99617250,81.090558,51.83392,51.69864,1.055463,0.74765257,0.30781063,99.0042834,98.22942,42.049020,116.44413,0.54867458,53.37000,50.14122,46.91243,2024-01-09,10:30
2024-01-09 11:30:00,52.85241,53.579,52.77063,53.42158,106345860,83.30800,52.066758,52.043227,1.14395,0.82691141,0.31703536,96.71775,97.30332,44.23948,128.51061,0.56722410,53.80711,50.39829,46.98948,2024-01-09,11:30
2024-01-09 12:30:00,53.437,54.071997,53.37,53.8708,98410870,84.83949,52.35440,52.40874,1.23607,0.90874316,0.32732702,96.19593,97.30599,46.48344,135.35641,0.57685065,54.24657,50.68463,47.12270,2024-01-09,12:30
2024-01-09 13:30:00,53.867,54.325,53.73,53.975,89884180,85.17917,52.66426,52.72199,1.30247,0.98748904,0.31498352,93.68457,95.53275,48.66484,132.77623,0.57814712,54.61775,50.97359,47.32943,2024-01-09,13:30
2024-01-09 14:30:00,53.971,54.101,53.43601,53.55847,82435840,77.68603,52.89165,52.88929,1.30643,1.051277,0.25515029,86.11362,91.99804,49.85965,111.57620,0.58435020,54.79173,51.25181,47.71190,2024-01-09,14:30
2024-01-09 15:30:00,53.554,53.657,53.01817,53.131,72650960,70.80227,53.046204,52.93763,1.26054,1.093129,0.16740803,75.36111,85.053100,49.88963,86.23140,0.58824166,54.92556,51.46076,47.99597,2024-01-09,15:30
2024-01-10 09:30:00,53.616,54.366,53.489,54.14899,181120310,76.20882,53.29939,53.17990,1.29143,1.13279,0.15863718,93.43207,84.96893,50.42563,109.075632,0.63443851,55.21504,51.69884,48.18263,2024-01-10,09:30
2024-01-10 10:30:00,54.15,54.6,54.084998,54.3105,91101790,76.93843,53.52778,53.40602,1.31379,1.16899,0.14480322,91.72142,86.83820,51.070618,112.92673,0.62590736,55.43183,51.96230,48.49277,2024-01-10,10:30
2024-01-10 11:30:00,54.3145,54.38,53.985,54.192,51406920,75.11818,53.71870,53.56322,1.30689,1.19657,0.11032172,88.33281,91.16210,51.42139,97.55943,0.60941406,55.56123,52.21410,48.86697,2024-01-10,11:30
2024-01-10 12:30:00,54.19999,54.48,54.14,54.213,45518050,75.23003,53.86904,53.69317,1.28827,1.21491,0.073357549,87.79182,89.28202,51.81918,93.27819,0.59016994,55.61815,52.46425,49.31035,2024-01-10,12:30
2024-01-10 13:30:00,54.21246,54.48,54.201,54.212,38737440,75.21267,53.95686,53.79694,1.25891,1.22371,0.035203633,87.038698,87.72111,52.18857,87.42563,0.56794336,55.50390,52.73143,49.95896,2024-01-10,13:30
2024-01-10 14:30:00,54.2107,54.376,54.040002,54.2115,54638210,75.20333,53.99472,53.87985,1.22153,1.22327,-0.0017442013,86.64944,87.15999,52.071257,76.89886,0.55137587,55.27014,52.98750,50.70487,2024-01-10,14:30
2024-01-10 15:30:00,54.208,54.366,53.95201,54.35,45045100,76.088369,54.036384,53.97388,1.18937,1.21649,-0.027124495,91.40893,88.36569,51.70864,72.40046,0.54156254,55.36089,53.13870,50.91651,2024-01-10,15:30
2024-01-11 09:30:00,54.999,55.346,53.882,54.5185,176175660,77.15659,54.14305,54.082805,1.16406,1.20601,-0.041947728,74.66315,84.24051,52.20694,90.59846,0.60745104,55.42766,53.30053,51.17340,2024-01-11,09:30
2024-01-11 10:30:00,54.517,54.64199,53.56,53.85501,84145940,64.86805,54.22350,54.037246,1.078034,1.18041,-0.10237690,42.10580,69.39263,51.84912,46.88652,0.64134701,55.33684,53.43397,51.53110,2024-01-11,10:30
2024-01-11 11:30:00,53.85,54.25999,53.606,54.1326,63398270,67.22030,54.22168,54.056317,1.020495,1.14843,-0.12793254,47.87410,54.88102,51.51686,40.59370,0.64225020,55.27118,53.56500,51.85881,2024-01-11,11:30
2024-01-11 12:30:00,54.12622,55.1,54.12622,54.933,81342490,72.86245,54.29085,54.23165,1.027635,1.12427,-0.096634041,82.25815,57.41268,51.88597,102.034705,0.66593085,55.31124,53.72465,52.13805,2024-01-11,12:30
2024-01-11 13:30:00,54.932,55.096991,54.71101,54.919,65056330,72.62696,54.37162,54.36912,1.020402,1.10350,-0.083094325,81.65667,70.59631,52.22871,121.53446,0.64593438,55.29903,53.87708,52.45513,2024-01-11,13:30
2024-01-11 14:30:00,54.919,55.2,54.815,54.87663,61888540,71.86994,54.44536,54.47062,0.99972551,1.082742,-0.083016306,79.83649,81.25044,52.62405,130.93251,0.62729603,55.28363,54.0081607,52.73270,2024-01-11,14:30
2024-01-11 15:30:00,54.875,54.91804,54.60001,54.83,43601770,70.99290,54.51403,54.54250,0.96841360,1.059876,-0.091462576,72.21307,77.90208,52.39356,104.52500,0.60520559,55.23747,54.12598,53.014486,2024-01-11,15:30
2024-01-12 09:30:00,54.62,54.97,54.355,54.738,111401810,69.19875,54.57253,54.58160,0.92550652,1.033002,-0.10749572,65.95744,72.66900,51.52742,86.63835,0.60590536,55.19687,54.21988,53.24288,2024-01-12,09:30
2024-01-12 10:30:00,54.745,54.83599,54.33008,54.69502,64757780,68.32992,54.61086,54.60428,0.87791411,1.0019846,-0.12407051,63.55090,67.24047,50.65653,67.27022,0.59876314,55.20875,54.28355,53.35835,2024-01-12,10:30
2024-01-12 11:30:00,54.6995,54.73699,54.49049,54.614,39506070,66.63164,54.62147,54.60623,0.82415890,0.96641947,-0.14226057,59.014623,62.84099,49.84785,58.80144,0.57360125,55.23627,54.32071,53.40516,2024-01-12,11:30
2024-01-12 12:30:00,54.61434,54.69915,54.55,54.63006,23436070,66.80773,54.70759,54.61099,0.77393188,0.92792195,-0.15399007,59.91374,60.82642,49.096934,54.86678,0.54328341,55.26406,54.35346,53.44287,2024-01-12,12:30
2024-01-12 13:30:00,54.638,54.91427,54.59293,54.74777,36940680,68.13519,54.77594,54.63835,0.73515066,0.88936769,-0.15421704,66.50457,61.81098,48.68950,72.029512,0.52743016,55.26130,54.41293,53.56456,2024-01-12,13:30
2024-01-12 14:30:00,54.74106,54.765,54.54,54.62501,32203450,65.20637,54.74172,54.63568,0.68659590,0.84881334,-0.16221744,59.63112,62.016479,48.13280,42.14992,0.50582801,55.10224,54.48763,53.87302,2024-01-12,14:30
2024-01-12 15:30:00,54.63451,54.748,54.58,54.708,22300500,66.26219,54.71828,54.65015,0.64735021,0.80852071,-0.16117050,64.27778,63.47116,47.61586,45.90254,0.48169738,55.11674,54.51558,53.91442,2024-01-12,15:30
2024-01-16 09:30:00,55.1,56.062,55.053497,56.054999,129914900,77.95516,54.84921,54.93112,0.71667772,0.79015211,-0.073474396,99.72019,74.54303,48.54576,271.47645,0.54400456,55.49528,54.60281,53.71033,2024-01-16,09:30
2024-01-16 10:30:00,56.064001,56.7,55.92104,56.56929,92275170,80.70484,55.042461,55.25875,0.80385272,0.79289223,0.010960485,95.77528,86.59108,49.82727,331.036039,0.56078717,55.93808,54.72167,53.50526,2024-01-16,10:30
2024-01-16 11:30:00,56.581,56.83499,56.161,56.23099,57811170,74.15273,55.20835,55.45320,0.83600465,0.80151472,0.034489931,77.70192,91.065797,51.095676,242.77729,0.56887330,56.18006,54.82257,53.46507,2024-01-16,11:30
2024-01-16 12:30:00,56.22,56.38,56.05,56.36704,35921250,75.030702,55.39413,55.63597,0.86252105,0.81371598,0.048805070,81.31870,84.93196,51.93596,172.22282,0.55181083,56.41318,54.93032,53.44746,2024-01-16,12:30
2024-01-16 13:30:00,56.376,56.408,56.025,56.186,40011900,71.54798,55.56880,55.74597,0.85902458,0.82277770,0.036246878,74.091203,77.70394,52.73640,134.0034914,0.53975304,56.56914,55.029046,53.48895,2024-01-16,13:30
2024-01-16 14:30:00,56.181,56.36,56.055017,56.10538,30997770,69.98997,55.73272,55.81785,0.84006439,0.82623504,0.013829353,70.87267,75.42752,53.47966,108.87047,0.52298357,56.69179,55.11681,53.54184,2024-01-16,14:30
2024-01-16 15:30:00,56.107,56.401,56.030011,56.4,31689160,72.35878,55.91630,55.93428,0.83913884,0.82881580,0.010323037,82.63447,75.86612,54.20338,101.64966,0.51212688,56.85493,55.21089,53.56685,2024-01-16,15:30
2024-01-17 09:30:00,56.347,56.47068,54.74,55.416,177619320,56.35819,56.0041877,55.83063,0.75035491,0.81312362,-0.062768713,43.35157,65.61957,51.35080,27.88444,0.59916613,56.81184,55.28894,53.76604,2024-01-17,09:30
2024-01-17 10:30:00,55.415,55.93199,55.236,55.889,70573530,60.84081,56.13541,55.84230,0.70997632,0.79249416,-0.082517839,59.65068,61.87891,48.70197,35.13779,0.60608212,56.82347,55.37676,53.93005,2024-01-17,10:30
2024-01-17 11:30:00,55.894,56.015997,55.587,55.6355,48457490,57.43583,56.088799,55.80094,0.65002729,0.76400079,-0.11397350,47.73424,50.24550,46.37873,36.60804,0.59343324,56.84787,55.41188,53.97590,2024-01-17,11:30
2024-01-17 12:30:00,55.6305,55.844,55.51,55.6195,35536400,57.21820,55.98327,55.76465,0.59437481,0.73007559,-0.13570078,47.037188,51.47404,44.042927,24.36965,0.57490248,56.86718,55.44691,54.026638,2024-01-17,12:30
2024-01-17 13:30:00,55.6175,56.063397,55.53,56.043628,38412460,61.39460,55.96245,55.82045,0.57783245,0.69962696,-0.12179451,65.51776,53.42973,42.25575,43.16478,0.57193791,56.92291,55.50526,54.087612,2024-01-17,13:30
2024-01-17 14:30:00,56.044501,56.276,55.68101,55.72151,51774240,56.85501,55.89072,55.80066,0.53259081,0.66621973,-0.13362892,50.62145,54.39213,40.94729,40.69037,0.57358442,56.93545,55.54983,54.16422,2024-01-17,14:30
2024-01-17 15:30:00,55.73112,56.191,55.679,56.051001,33546100,60.10456,55.87572,55.85073,0.51735995,0.63644778,-0.11908783,62.57782,59.57235,39.72681,45.56107,0.56918549,56.96497,55.61548,54.26600,2024-01-17,15:30
2024-01-18 09:30:00,57.26,57.52,56.888,57.17,137770440,68.72080,55.99402,56.11458,0.58879607,0.62691744,-0.038121362,87.41007,66.86978,40.25462,177.77424,0.63345798,57.17927,55.73923,54.29920,2024-01-18,09:30
2024-01-18 10:30:00,57.17,57.594,57.059998,57.521,69485430,70.84762,56.11857,56.39587,0.66605470,0.63474489,0.031309811,97.44225,82.47671,40.81267,181.37747,0.62635403,57.42436,55.88458,54.34481,2024-01-18,10:30
2024-01-18 11:30:00,57.528,57.6,56.84,57.015997,63960260,64.095009,56.29635,56.51989,0.67870931,0.64353777,0.035171533,79.58031,88.14421,40.75501,138.62323,0.63589999,57.50563,56.0038806,54.50214,2024-01-18,11:30
2024-01-18 12:30:00,57.015503,57.095001,56.107,56.28167,56671250,55.77099,56.33998,56.47225,0.62231058,0.63929233,-0.016981756,53.90455,76.97570,39.067032,53.84028,0.66105003,57.47039,56.080576,54.69076,2024-01-18,12:30
2024-01-18 13:30:00,56.28221,57.0099976,56.26401,56.968,55794630,60.88415,56.48803,56.57140,0.62578150,0.63659017,-0.010808664,77.90205,70.46230,37.49962,79.75418,0.66711717,57.46676,56.19772,54.92869,2024-01-18,13:30
2024-01-18 14:30:00,56.976,57.054993,56.748,56.944,41250950,60.62024,56.63520,56.64592,0.61945502,0.63316314,-0.013708114,77.062926,69.62318,36.11225,95.15473,0.64139413,57.41767,56.30952,55.20138,2024-01-18,14:30
2024-01-18 15:30:00,56.95,57.185,56.84,57.098212,38543740,61.76704,56.75238,56.73638,0.61974083,0.63047868,-0.010737846,82.45494,79.13997,35.026166,100.46247,0.62022277,57.51432,56.36169,55.20906,2024-01-18,15:30
2024-01-19 09:30:00,57.989,58.0,57.225,57.893,137040850,67.086924,56.99365,56.96770,0.67630404,0.63964375,0.036660290,96.12877,85.21555,35.086229,162.045089,0.64033460,57.75881,56.42787,55.096932,2024-01-19,09:30
2024-01-19 10:30:00,57.885,58.282,57.772,58.242,69372730,69.11888,57.23710,57.22256,0.74075315,0.65986563,0.080887523,98.55691,92.38021,35.44361,170.88051,0.63102525,58.071606,56.52842,54.98524,2024-01-19,10:30
2024-01-19 11:30:00,58.2419,58.9,58.174,58.885,85955320,72.48885,57.42765,57.55505,0.83409923,0.69471235,0.13938688,99.55745,98.081046,36.35099,185.38725,0.63780923,58.50459,56.65432,54.80405,2024-01-19,11:30
2024-01-19 12:30:00,58.8849,59.088,58.742,58.988,50691510,72.99721,57.59065,57.84164,0.90594498,0.73695888,0.16898610,97.18943,98.43460,37.34985,175.88324,0.61696587,58.88973,56.79442,54.69911,2024-01-19,12:30
2024-01-19 13:30:00,58.9884,59.184,58.884,58.97131,56955040,72.76255,57.80791,58.067573,0.95057857,0.77968281,0.17089576,93.93167,96.89285,38.35783,154.74969,0.59432545,59.20950,56.93772,54.66593,2024-01-19,13:30
2024-01-19 14:30:00,58.97149,59.206,58.836,59.146,54617760,73.71484,58.12617,58.28326,0.98865088,0.82147643,0.16717445,98.29891,96.47334,39.16326,136.84255,0.57830229,59.52514,57.075016,54.62490,2024-01-19,14:30
2024-01-19 15:30:00,59.14001,59.5,59.088,59.5,51399400,75.57815,58.40750,58.52661,1.035452,0.86427156,0.17118052,100,97.41019,40.17637,136.89066,0.56642352,59.82125,57.27922,54.73718,2024-01-19,15:30
2024-01-22 09:30:00,59.75,60.331,59.17,59.2515,168189940,71.73393,58.66389,58.67159,1.040496,0.89951653,0.14097988,74.44369,90.91420,41.72783,130.63285,0.60889316,60.043552,57.44734,54.85113,2024-01-22,09:30
2024-01-22 10:30:00,59.26,59.97999,59.070001,59.93954,86676050,75.45634,58.97959,58.92518,1.087477,0.93710866,0.15036851,90.73245,88.39205,42.90019,118.45306,0.63040018,60.33476,57.66254,54.99033,2024-01-22,10:30
2024-01-22 11:30:00,59.9355,60.058002,59.569,59.859,43946540,74.22418,59.19804,59.11194,1.10547,0.97078053,0.13468750,88.82582,84.66732,44.045974,113.52801,0.62030028,60.53742,57.87452,55.21161,2024-01-22,11:30
2024-01-22 12:30:00,59.851,59.94,59.705,59.7665,31681020,72.75461,59.36743,59.24285,1.099586,0.99654167,0.10304454,86.11992,88.55940,45.10991,100.87139,0.59277909,60.70603,58.060662,55.41530,2024-01-22,12:30
2024-01-22 13:30:00,59.76,60.105,59.745,59.9435,38954000,73.82261,59.48504,59.38298,1.096567,1.016547,0.080020154,89.18505,88.043595,46.22923,98.19997,0.57615184,60.80837,58.27176,55.73515,2024-01-22,13:30
2024-01-22 14:30:00,59.95,60.0,59.85101,59.9845,25209950,74.076085,59.59576,59.50329,1.084975,1.030232,0.054742815,90.074393,88.45978,47.26859,91.24349,0.54564049,60.89331,58.46844,56.043565,2024-01-22,14:30
2024-01-22 15:30:00,59.98327,59.991,59.65,59.665,29464220,68.50869,59.67284,59.53563,1.038042,1.031794,0.0062479272,78.55772,85.93905,47.55015,74.26288,0.53102312,60.99463,58.59319,56.19175,2024-01-22,15:30
2024-01-23 09:30:00,59.57,59.637,58.585,59.42,107224780,64.50504,59.70328,59.51250,0.96989772,1.019415,-0.049517334,64.40025,77.67745,45.073384,36.50532,0.57023610,61.062513,58.68814,56.31376,2024-01-23,09:30
2024-01-23 10:30:00,59.418,59.73,59.305,59.486,46348350,65.096763,59.70173,59.50720,0.91071986,0.99767602,-0.086956157,60.82518,67.92771,42.91844,51.10938,0.55986209,61.079844,58.81164,56.54343,2024-01-23,10:30
2024-01-23 11:30:00,59.49299,59.655,59.378,59.488,25927380,65.11576,59.72800,59.50336,0.85413657,0.96896813,-0.11483156,51.71832,58.98125,40.91742,47.43256,0.53965736,60.93494,58.97195,57.0089684,2024-01-23,11:30
2024-01-23 12:30:00,59.48,59.671,59.452,59.5725,19305470,65.95796,59.68722,59.51719,0.80681168,0.93653684,-0.12972516,56.55778,56.36709,39.087451,48.38867,0.51675328,60.84987,59.10218,57.35448,2024-01-23,12:30
2024-01-23 13:30:00,59.579,59.585,59.296,59.3705,21704880,62.098274,59.63294,59.48785,0.74442572,0.89811461,-0.15368890,44.98873,51.088272,37.0067921,27.42870,0.50048486,60.66517,59.22350,57.78183,2024-01-23,13:30
2024-01-23 14:30:00,59.322,59.767,59.29401,59.71,32747600,65.72821,59.62667,59.53228,0.71414663,0.86132102,-0.14717439,64.43291,55.32647,35.42840,42.10529,0.49852064,60.42841,59.35409,58.27977,2024-01-23,14:30
2024-01-23 15:30:00,59.714,59.91,59.629,59.871,27971860,67.32639,59.61861,59.60003,0.69512895,0.82808260,-0.13295365,73.65424,61.025291,34.23297,73.38073,0.48298344,60.31411,59.45299,58.59188,2024-01-23,15:30
2024-01-24 09:30:00,60.304,62.0099976,59.938,61.90431,152675400,80.0065618,59.83192,60.060882,0.83450848,0.82936778,0.0051407003,96.91421,78.33378,35.52056,327.88193,0.60127000,60.86732,59.63611,58.40490,2024-01-24,09:30
2024-01-24 10:30:00,61.899,62.0030029,61.405,61.638,77086520,75.85439,60.051145,60.37631,0.91295491,0.84608520,0.066869703,89.13877,86.56907,36.71619,306.62817,0.60103673,61.23279,59.77376,58.31473,2024-01-24,10:30
2024-01-24 11:30:00,61.6305,62.21,61.586,62.1375,48320620,78.14540,60.35309,60.72854,1.0038579,0.87763973,0.12621812,98.000067349,94.68435,37.98009,257.51459,0.60267689,61.67007,59.93123,58.19240,2024-01-24,11:30
2024-01-24 12:30:00,62.146,62.849,62.132,62.66,83097470,80.25579,60.70576,61.11484,1.10532,0.92317556,0.18214329,95.56751,94.23545,39.57804,228.39639,0.61084271,62.16321,60.11567,58.068126,2024-01-24,12:30
2024-01-24 13:30:00,62.67,62.722,61.64901,61.7885,67121530,68.39274,60.96137,61.24957,1.10269,0.95907920,0.14361457,75.12904,89.56554,39.96349,144.60813,0.64385293,62.36775,60.24779,58.12783,2024-01-24,13:30
2024-01-24 14:30:00,61.79,62.23399,61.21,61.227,72759340,62.030729,61.14520,61.24505,1.043279,0.97591912,0.067359697,61.96068,77.55241,39.43278,89.93960,0.67100579,62.46589,60.33414,58.20240,2024-01-24,14:30
2024-01-24 15:30:00,61.22861,61.669,61.171,61.357,37426860,62.89139,61.36592,61.26744,0.99520970,0.97977724,0.015432465,65.0094330,67.36639,38.86291,68.61613,0.65864809,62.55480,60.43942,58.32404,2024-01-24,15:30
2024-01-25 09:30:00,62.15,62.639,61.854,62.60041,132762540,69.91567,61.68708,61.53404,1.045397,0.99290110,0.052495451,93.0072848,73.32580,39.21041,115.28432,0.70317328,62.87203,60.57246,58.27289,2024-01-25,09:30
2024-01-25 10:30:00,62.611,62.719,62.225,62.39,59247040,67.58434,61.96697,61.70523,1.056019,1.0055246,0.050494174,87.088655,81.70179,39.59600,104.84631,0.68823235,63.10377,60.69901,58.29426,2024-01-25,10:30
2024-01-25 11:30:00,62.39049,62.56,61.701,61.925,58678310,62.61512,61.96927,61.74918,1.015212,1.0074622,0.0077502779,74.0083681,84.70144,38.92690,73.86757,0.70042979,63.22829,60.80694,58.38558,2024-01-25,11:30
2024-01-25 12:30:00,61.926,61.98999,61.324,61.5275,55796070,58.64557,61.95699,61.70485,0.93996314,0.99396240,-0.053999256,62.82696,74.64133,37.64014,43.52137,0.69796989,63.29292,60.88614,58.47935,2024-01-25,12:30
2024-01-25 13:30:00,61.53,61.78,60.91602,61.276,64463850,56.21716,61.86127,61.61908,0.85023248,0.96521642,-0.11498394,55.75235,64.19589,35.78067,23.41855,0.70982755,63.32636,60.95071,58.57506,2024-01-25,13:30
2024-01-25 14:30:00,61.276,61.823,61.21086,61.551,49415400,58.25275,61.73805,61.60546,0.79217873,0.93060888,-0.13843015,59.68952,59.42294,34.10869,31.98703,0.70284986,63.35794,61.045011,58.73209,2024-01-25,14:30
2024-01-25 15:30:00,61.5485,61.731,61.485,61.644,29099860,58.94786,61.72199,61.61317,0.74508610,0.89350432,-0.14841822,58.60531,58.015726,32.55614,33.64473,0.67021788,63.35707,61.15621,58.95535,2024-01-25,15:30
2024-01-26 09:30:00,60.96,61.413,60.573,61.38307,122140460,56.12423,61.73933,61.56715,0.67888411,0.85058028,-0.17169617,35.59185,51.29556,30.75635,-8.012081,0.69884533,63.31508,61.25106,59.18705,2024-01-26,09:30
2024-01-26 10:30:00,61.3835,61.783,61.29,61.374,61200770,56.023773,61.74122,61.52852,0.61855637,0.80417550,-0.18561913,35.19335,43.13017,28.58022,14.95872,0.68414204,63.24430,61.34536,59.44643,2024-01-26,10:30
2024-01-26 11:30:00,61.391,61.563,61.121,61.29665,48875930,55.11771,61.59636,61.48215,0.55807161,0.75495472,-0.19688311,31.79485,34.19335,26.76060,-9.21861,0.66684606,63.14857,61.43157,59.71458,2024-01-26,11:30
2024-01-26 12:30:00,61.3035,61.3035,60.841,61.11125,44041850,52.90895,61.45427,61.40797,0.48953370,0.70187052,-0.21233682,25.046579,30.67826,25.46528,-54.17923,0.65224991,62.96384,61.51861,60.073379,2024-01-26,12:30
2024-01-26 13:30:00,61.116,61.181,60.743,61.0073608,34092890,51.65970,61.35231,61.32785,0.42196981,0.64589038,-0.22392056,20.24056,25.69400,24.39970,-90.79597,0.63694638,62.79588,61.58348,60.37107,2024-01-26,13:30
2024-01-26 14:30:00,61.0077698,61.4,60.901,61.085999,37680310,52.57255,61.30326,61.27948,0.37049947,0.59081219,-0.22031273,23.90494,23.064024,23.029958,-89.42697,0.62709300,62.60242,61.64423,60.68603,2024-01-26,14:30
2024-01-26 15:30:00,61.082001,61.13999,60.92186,61.029999,26406450,51.82206,61.27593,61.22958,0.32148427,0.53694661,-0.21546234,21.29545,21.81365,21.75805,-102.22250,0.59788118,62.58663,61.60051,60.61440,2024-01-26,15:30
2024-01-29 09:30:00,61.232,61.875,60.907,61.73834,95024930,59.66548,61.29674,61.33133,0.33592444,0.49674217,-0.16081774,54.30303,33.16780,21.017305,-17.58775,0.62431818,62.59338,61.60553,60.61768,2024-01-29,09:30
2024-01-29 10:30:00,61.733,61.835,61.291,61.4646,45079850,55.87938,61.27681,61.35799,0.32157274,0.46170829,-0.14013555,44.87176,40.15674,20.32947,-10.16732,0.61858119,62.53037,61.57188,60.61340,2024-01-29,10:30
2024-01-29 11:30:00,61.467,61.699,61.38,61.615,30226770,57.47600,61.30258,61.40939,0.31866184,0.43309900,-0.11443716,73.53635,57.57038,19.69076,6.36420,0.59718255,62.33899,61.51963,60.70028,2024-01-29,11:30
2024-01-29 12:30:00,61.6225,61.698,61.472,61.60999,18520680,57.40147,61.32880,61.44951,0.31235000,0.40894920,-0.096599197,79.64607,66.018060,19.097675,19.46360,0.57066958,62.32200,61.51071,60.69942,2024-01-29,12:30
2024-01-29 13:30:00,61.60818,61.969,61.58065,61.93564,31445180,60.94573,61.39980,61.54674,0.32982282,0.39312392,-0.063301100,97.61019,83.59754,19.0065012,69.77521,0.55764664,62.36662,61.54614,60.72566,2024-01-29,13:30
2024-01-29 14:30:00,61.93982,62.416,61.861,62.37125,50018950,65.12572,61.53980,61.71164,0.37450353,0.38939984,-0.014896317,97.57217,91.60948,19.59239,135.0092193,0.55745750,62.48675,61.59685,60.70696,2024-01-29,14:30
2024-01-29 15:30:00,62.37,62.489,62.287,62.473,34835610,66.039986,61.70265,61.86391,0.41335839,0.39419155,0.019166836,99.16475,98.11570,20.23884,174.46141,0.53206782,62.45295,61.59048,60.72802,2024-01-29,15:30
2024-01-30 09:30:00,62.9,63.399,62.54099,63.272,125509350,72.20286,61.94554,62.14553,0.50282741,0.41591872,0.086908685,95.21830,97.31841,21.90494,270.78069,0.56020590,62.71797,61.63458,60.55120,2024-01-30,09:30
2024-01-30 10:30:00,63.28,63.36599,62.889,63.078998,49055260,68.94801,62.17320,62.33222,0.55179804,0.44309459,0.10870345,87.95176,94.11160,23.45204,222.16979,0.55426189,62.94160,61.69228,60.44296,2024-01-30,10:30
2024-01-30 11:30:00,63.078497,63.493,62.759,62.87389,50326490,65.56530,62.29937,62.44056,0.56751510,0.46797869,0.099536413,77.48691,86.88565,24.54525,164.59407,0.56710008,63.10737,61.75960,60.41183,2024-01-30,11:30
2024-01-30 12:30:00,62.863,62.896,62.26,62.667,52542590,62.24782,62.43297,62.48584,0.55685752,0.48575446,0.071103063,69.96360,78.46742,24.35526,94.59713,0.57202184,63.21300,61.82915,60.44530,2024-01-30,12:30
2024-01-30 13:30:00,62.676,62.83699,62.283,62.65095,36386390,61.98586,62.54808,62.51887,0.54088157,0.49677988,0.044101691,67.51359,71.65470,24.17884,80.97200,0.57073354,63.30631,61.88415,60.46199,2024-01-30,13:30
2024-01-30 14:30:00,62.65793,63.021997,62.641,62.92961,35750920,64.75945,62.69470,62.60101,0.54442988,0.50630988,0.038119999,78.21379,71.89699,24.29224,95.74654,0.55718112,63.43607,61.94843,60.46079,2024-01-30,14:30
2024-01-30 15:30:00,62.935,62.99,62.655,62.753,26732350,61.68750,62.78552,62.63141,0.52691740,0.51043138,0.016486014,71.38450,72.37063,24.39755,79.24521,0.54131130,63.52020,62.016926,60.51365,2024-01-30,15:30
2024-01-31 09:30:00,61.44,62.075,61.202,61.221,114124940,42.74504,62.65772,62.34933,0.38498115,0.48534134,-0.10036019,0.82934380,50.14255,23.61322,-47.96397,0.61343199,63.52705,62.0092764,60.49150,2024-01-31,09:30
2024-01-31 10:30:00,61.217,61.434,60.7,61.289,80584930,43.57327,62.52616,62.13726,0.27481473,0.44323601,-0.16842128,21.088493,31.10078,23.52735,-81.12408,0.62204419,63.52739,62.0088940,60.49040,2024-01-31,10:30
2024-01-31 11:30:00,61.307,61.794,61.247,61.652,42678560,47.90559,62.34616,62.040212,0.21432752,0.39745432,-0.18312679,34.085292,18.66771,22.79825,-43.88798,0.61668411,63.50808,62.035932,60.56378,2024-01-31,11:30
2024-01-31 12:30:00,61.65541,61.716,61.358,61.376,32938750,45.072041,62.15694,61.90737,0.14247761,0.34645897,-0.20398137,24.20341,26.45906,22.12124,-56.42055,0.59820636,63.48313,62.054364,60.62560,2024-01-31,12:30
2024-01-31 13:30:00,61.3822,61.706,61.133,61.57706,41468530,47.50785,62.012848,61.84131,0.10060040,0.29728726,-0.19668686,31.40219,29.89696,21.80885,-60.81592,0.59640577,63.45623,62.078917,60.70161,2024-01-31,13:30
2024-01-31 14:30:00,61.5815,62.26902,61.255,61.713,76688770,49.14971,61.90685,61.81565,0.077488192,0.25332745,-0.17583925,36.26927,30.62496,20.50110,-37.55411,0.62623534,63.41654,62.11307,60.80959,2024-01-31,14:30
2024-01-31 15:30:00,61.715,61.74,61.35,61.501,33902010,46.69665,61.77908,61.75272,0.041585640,0.21097908,-0.16939344,28.67888,32.11678,19.28676,-61.81466,0.60936156,63.42231,62.10120,60.78009,2024-01-31,15:30
2024-02-01 09:30:00,62.1,62.32,61.65,62.30897,103254510,55.75929,61.71012,61.86397,0.077436492,0.18427057,-0.10683407,57.60733,40.85183,18.59287,-2.17936,0.62433575,63.43407,62.14342,60.85277,2024-02-01,09:30
2024-02-01 10:30:00,62.3094,62.482,61.757,61.91256,54879120,51.16316,61.61673,61.87369,0.073019759,0.16202040,-0.089000646,43.41430,43.23350,18.18496,-10.36703,0.63152606,63.43097,62.15830,60.88562,2024-02-01,10:30
2024-02-01 11:30:00,61.926,62.497,61.819,62.407,38583310,56.031380,61.74851,61.98035,0.10816970,0.15125026,-0.043080560,73.51434,58.17865,17.82881,9.18168,0.63484540,63.44939,62.19815,60.94691,2024-02-01,11:30
2024-02-01 12:30:00,62.41,62.73,62.322,62.678,38966920,58.47470,61.90284,62.11988,0.15609454,0.15221912,0.0038754212,85.18542,67.37135,17.85363,46.90109,0.61864228,63.49715,62.23527,60.97338,2024-02-01,12:30
2024-02-01 13:30:00,62.675,62.899,62.60001,62.822,34024070,59.75441,62.032844,62.26030,0.20335035,0.16244537,0.040904982,91.38672,83.36216,18.12724,65.18429,0.59580974,63.54446,62.25780,60.97115,2024-02-01,13:30
2024-02-01 14:30:00,62.827,63.11399,62.715,63.094501,40887150,62.13275,62.22379,62.42714,0.25979493,0.18191528,0.077879650,99.19268,91.92161,18.69164,82.021252,0.58175096,63.62393,62.28888,60.95382,2024-02-01,14:30
2024-02-01 15:30:00,63.096002,63.191,62.868,63.034998,30164320,61.28115,62.38578,62.54871,0.29631057,0.20479434,0.091516235,93.73746,94.77229,19.32642,89.088226,0.56326861,63.58081,62.27703,60.97325,2024-02-01,15:30
2024-02-02 09:30:00,63.8,65.436,63.69,65.067999,144320470,74.26139,62.75856,63.052571,0.48371971,0.26057941,0.22314030,92.22974,95.053295,21.96837,242.032757,0.69453521,64.13419,62.37648,60.61877,2024-02-02,09:30
2024-02-02 10:30:00,65.075751,65.407,64.85201,65.3924,52257430,75.66340,63.19094,63.52054,0.65091597,0.33864672,0.31226924,98.98681,94.98467,24.42162,240.48593,0.68456789,64.69233,62.50240,60.31247,2024-02-02,10:30
2024-02-02 11:30:00,65.4,66.572,65.3869,66.572,81799330,79.94189,63.66461,64.13083,0.86859116,0.44463561,0.42395555,100,97.072185,27.30114,247.86219,0.72031984,65.51726,62.69765,59.87804,2024-02-02,11:30
2024-02-02 12:30:00,66.575,66.6,65.904,65.9835,56932340,73.042652,64.11693,64.50136,0.98229047,0.55216658,0.43012389,88.72329,95.90337,29.98748,194.33459,0.71858286,66.026254,62.86428,59.70231,2024-02-02,12:30
2024-02-02 13:30:00,65.991,66.33099,65.81692,66.15,38982310,73.73334,64.53282,64.83109,1.073459,0.65642503,0.41703378,91.58092,93.43473,32.28929,153.30772,0.70397470,66.49700,63.025300,59.55360,2024-02-02,13:30
2024-02-02 14:30:00,66.149,66.254,65.93,66.088501,42510810,72.98945,64.91177,65.082573,1.12775,0.75068961,0.37705833,90.25716,90.18712,34.42668,125.75616,0.67683358,66.90735,63.19208,59.47680,2024-02-02,14:30
2024-02-02 15:30:00,66.088,66.275,66.0,66.15,32903360,73.27976,65.28154,65.29606,1.16234,0.83301894,0.32931730,90.90909,90.91572,36.42370,108.47502,0.64813118,67.25076,63.43853,59.62629,2024-02-02,15:30
2024-02-05 09:30:00,67.7,69.497,67.7,68.15973,241099630,80.61307,65.84435,65.86879,1.33651,0.93371707,0.40279253,82.72263,87.96296,39.43165,163.70805,0.84090732,67.97669,63.78206,59.58743,2024-02-05,09:30
2024-02-05 10:30:00,68.154,68.37,67.205,68.139,97486170,80.36809,66.41146,66.32283,1.45609,1.038191,0.41789502,82.31315,85.31496,41.37894,125.13486,0.86405697,68.58562,64.10641,59.62721,2024-02-05,10:30
2024-02-05 11:30:00,68.135,69.16999,68.127,68.961,72549540,82.62339,66.84401,66.85047,1.59875,1.15030,0.44844717,92.52964,85.85514,43.43334,133.87918,0.87683769,69.25120,64.48566,59.72013,2024-02-05,11:30
2024-02-05 12:30:00,68.965,69.18,68.5,68.8825,59014010,81.65864,67.23180,67.25687,1.68604,1.25745,0.42859172,91.090370,88.64439,45.34397,123.16788,0.86277777,69.78562,64.85093,59.91625,2024-02-05,12:30
2024-02-05 13:30:00,68.87186,69.0,68.61443,68.9505,45009140,81.85628,67.49608,67.59560,1.74064,1.35409,0.38655484,91.94195,91.85399,47.11812,111.61176,0.82869159,70.23468,65.21281,60.19093,2024-02-05,13:30
2024-02-05 14:30:00,68.95235,69.35,68.1,68.76001,75919830,79.27905,67.80458,67.82848,1.74839,1.43295,0.31544145,88.88237,90.63823,47.83393,99.23255,0.85878505,70.52079,65.57576,60.63073,2024-02-05,14:30
2024-02-05 15:30:00,68.7645,69.449,68.701,69.318,51456600,81.15113,68.15658,68.12638,1.77905,1.50217,0.27687865,96.91755,92.58062,48.54647,104.018307,0.85087169,70.88893,65.92621,60.96349,2024-02-05,15:30
2024-02-06 09:30:00,69.63,69.75399,67.385,67.93318,205961670,65.36691,68.36155,68.087744,1.67232,1.53620,0.13612279,62.85559,82.88517,47.14656,73.96452,0.95930901,70.90162,66.22724,61.55286,2024-02-06,09:30
2024-02-06 10:30:00,67.9315,68.389,67.42,67.96379,78172490,65.52652,68.56308,68.062953,1.57209,1.54338,0.028712128,59.0069378,72.92669,45.84664,51.90045,0.96000124,70.88975,66.50508,62.12041,2024-02-06,10:30
2024-02-06 11:30:00,67.97,68.033002,66.3,66.8422,107021010,55.44366,68.41669,67.81880,1.38617,1.51194,-0.12576375,26.041702,49.30141,43.23114,14.84723,1.015216,70.73141,66.71329,62.69517,2024-02-06,11:30
2024-02-06 12:30:00,66.843,67.129,66.502,66.9327,65376500,56.031583,68.28265,67.64158,1.23193,1.45594,-0.22400185,28.34044,37.79636,40.80246,-0.95998991,0.98748558,70.51848,66.91883,63.31917,2024-02-06,12:30
2024-02-06 13:30:00,66.9445,67.67441,66.92901,67.531,75120840,59.80729,68.12376,67.61947,1.14478,1.39371,-0.24892461,41.86726,32.083133,39.062690,13.99521,0.97019361,70.28875,67.14065,63.99255,2024-02-06,13:30
2024-02-06 14:30:00,67.5463,68.47,67.53101,68.15501,84554800,63.34298,68.042932,67.72657,1.11323,1.33761,-0.22437988,57.40585,42.53785,38.10976,40.48096,0.96796560,69.94281,67.39665,64.85049,2024-02-06,14:30
2024-02-06 15:30:00,68.1645,68.407,67.81,68.219,47890790,63.69566,67.96165,67.82506,1.080930,1.28627,-0.20534446,55.55891,51.61067,37.22490,39.84883,0.94146828,69.88537,67.55420,65.22303,2024-02-06,15:30
2024-02-07 09:30:00,68.319,69.435,67.6,69.278,150718100,69.0097406,68.019209,68.11565,1.12778,1.25458,-0.12679256,86.21917,66.39465,37.16001,74.58439,1.0052918,69.97177,67.74848,65.52519,2024-02-07,09:30
2024-02-07 10:30:00,69.27435,69.499,68.62,68.853,71153750,64.90377,67.96754,68.26312,1.11774,1.22721,-0.10947132,73.91456,71.89755,37.14284,84.78144,0.99627080,70.066652,67.86253,65.65841,2024-02-07,10:30
2024-02-07 11:30:00,68.862,69.398,68.8,69.15585,45089810,66.43624,68.10339,68.44166,1.12129,1.20602,-0.084737447,82.68251,80.93875,37.12690,89.67437,0.96782275,70.11540,68.021149,65.92690,2024-02-07,11:30
2024-02-07 12:30:00,69.155,69.496,68.913,69.4535,43714270,67.91893,68.26892,68.64403,1.13503,1.19183,-0.056792412,91.30008,82.63239,37.18665,98.38757,0.94033553,70.18303,68.18632,66.18961,2024-02-07,12:30
2024-02-07 13:30:00,69.46,69.575,69.281,69.401,36568380,67.35380,68.55323,68.79543,1.12868,1.17920,-0.050515696,89.78021,87.92094,37.30487,105.20428,0.89416872,70.16635,68.35195,66.53755,2024-02-07,13:30
2024-02-07 14:30:00,69.409,70.198,69.345,70.17599,66974210,71.16785,68.91359,69.071538,1.17266,1.17789,-0.0052260596,99.43537,93.50522,37.88355,147.52139,0.89122787,70.23422,68.55325,66.87228,2024-02-07,14:30
2024-02-07 15:30:00,70.17599,70.22,69.94,70.116,43957670,70.48140,69.20082,69.28043,1.18897,1.18011,0.0088674485,97.34684,95.52081,38.43675,144.53968,0.84756865,70.45241,68.65106,66.84971,2024-02-07,15:30
2024-02-08 09:30:00,70.073999,70.794,69.455,69.854,132731440,67.42278,69.38959,69.39514,1.16730,1.17755,-0.010242870,79.083169,91.95513,39.34860,127.57107,0.88267100,70.59488,68.73681,66.87874,2024-02-08,09:30
2024-02-08 10:30:00,69.851,70.61,69.67,70.3683,74513710,70.16024,69.62840,69.58977,1.17805,1.17765,0.00040209121,90.52733,88.98578,40.19532,128.10365,0.88676566,70.79587,68.80718,66.81848,2024-02-08,10:30
2024-02-08 11:30:00,70.3775,70.57395,70.108,70.2651,40579250,68.90897,69.73808,69.72484,1.16481,1.17508,-0.010269187,87.67707,85.76252,40.98155,120.17304,0.85670729,70.96431,68.87631,66.78830,2024-02-08,11:30
2024-02-08 12:30:00,70.2626,70.44099,69.972,70.44099,36027360,69.89448,69.91452,69.86807,1.15520,1.17110,-0.015907428,90.86650,89.69030,41.39361,103.74536,0.82901350,71.14767,68.95083,66.75399,2024-02-08,12:30
2024-02-08 13:30:00,70.441,70.65,69.948,69.962,38365590,63.94973,70.0040968,69.88686,1.096288,1.15614,-0.059852329,74.50188,84.34848,41.95297,86.89044,0.81994124,71.24898,69.010930,66.77288,2024-02-08,13:30
2024-02-08 14:30:00,69.955,70.079999,69.705,69.9,36944040,63.20043,70.053708,69.88948,1.032695,1.13145,-0.098755554,72.010013,79.12613,41.88633,61.17296,0.78815973,71.30822,69.040030,66.77184,2024-02-08,14:30
2024-02-08 15:30:00,69.905,70.0,69.555,69.64,30410240,60.024220,70.080264,69.83959,0.95036345,1.095234,-0.14487007,63.86983,70.12724,41.46926,45.56341,0.76364840,71.34855,69.12537,66.90219,2024-02-08,15:30
2024-02-09 09:30:00,70.533,71.248,70.212,71.117,130363720,69.42478,70.18482,70.095070,0.99285097,1.074757,-0.081906041,95.015224,76.96502,42.17873,114.68785,0.82395892,71.59962,69.28303,66.96645,2024-02-09,09:30
2024-02-09 10:30:00,71.10888,71.814,70.981,71.4345,77332310,71.0033067,70.33132,70.36296,1.040152,1.067836,-0.027684080,87.40862,82.097890,43.20185,145.20324,0.82460483,71.72396,69.51265,67.30133,2024-02-09,10:30
2024-02-09 11:30:00,71.448,71.72,71.272,71.6365,41711270,71.99398,70.52938,70.61766,1.081472,1.070563,0.010908475,93.88134,92.10173,44.15189,149.61364,0.79770478,71.80686,69.74784,67.68881,2024-02-09,11:30
2024-02-09 12:30:00,71.639,71.8,71.525,71.7705,32210560,72.66126,70.68518,70.84823,1.11221,1.078892,0.033317320,98.28268,93.19088,45.086620,156.51226,0.76036873,71.93344,69.95981,67.98618,2024-02-09,12:30
2024-02-09 13:30:00,71.775,72.059998,71.711,71.95599,49056510,73.59895,70.87305,71.069783,1.13841,1.090797,0.047617417,96.16906,96.11102,46.12529,159.34132,0.73098518,72.12374,70.14986,68.17598,2024-02-09,13:30
2024-02-09 14:30:00,71.94991,72.027002,71.771,71.934,40337690,73.27813,71.038943,71.24263,1.14422,1.10148,0.042736649,95.16334,96.53836,47.089775,141.29871,0.69705765,72.24590,70.33561,68.42532,2024-02-09,14:30
2024-02-09 15:30:00,71.94,72.185,71.83001,72.131,41912340,74.35676,71.27994,71.42030,1.15144,1.11147,0.039967053,98.022058,96.45149,48.094646,129.31435,0.67262400,72.47545,70.47826,68.48107,2024-02-09,15:30
2024-02-12 09:30:00,72.6,73.496,72.14,73.13643,148690900,79.012989,71.63955,71.76353,1.22418,1.13401,0.090167230,90.87617,94.68719,49.72960,165.79304,0.72207960,72.85811,70.69243,68.52675,2024-02-12,09:30
2024-02-12 10:30:00,73.13042,74.2,73.013,74.04798,94836900,82.17338,72.12932,72.22042,1.33994,1.17520,0.16473927,96.72723,95.20849,51.51227,187.89084,0.75528817,73.43315,70.93704,68.44093,2024-02-12,10:30
2024-02-12 11:30:00,74.050842,74.611,73.32001,73.59042,73622300,75.98768,72.40415,72.49442,1.37886,1.21593,0.16292906,79.81446,89.13929,53.30192,163.95566,0.79355267,73.79480,71.14388,68.49297,2024-02-12,11:30
2024-02-12 12:30:00,73.59477,73.745,72.65601,72.732,52982210,65.95657,72.54831,72.54193,1.32516,1.23778,0.087385873,62.83628,79.79265,53.52038,104.26165,0.81465528,73.92066,71.31043,68.70021,2024-02-12,12:30
2024-02-12 13:30:00,72.732,72.7405,71.25,72.15553,109897120,60.20843,72.60598,72.46465,1.22201,1.23462,-0.012617660,51.43456,64.69510,51.41175,40.56113,0.86293012,73.99002,71.40941,68.82881,2024-02-12,13:30
2024-02-12 14:30:00,72.128,72.763,71.88,72.54,68032910,62.55247,72.69148,72.47972,1.15793,1.21928,-0.061356180,59.038841,57.76989,49.47303,56.15525,0.86436380,74.084400,71.53061,68.97682,2024-02-12,14:30
2024-02-12 15:30:00,72.5402,72.68,72.204,72.292,33378430,60.093357,72.72882,72.44218,1.074746,1.19038,-0.11563118,47.28346,52.58562,47.67280,50.73049,0.83662360,74.10529,71.65251,69.19973,2024-02-12,15:30
2024-02-13 09:30:00,70.4,72.43,69.62,72.425,196656050,60.97931,72.78337,72.43874,1.0079360,1.15389,-0.14595270,56.20117,54.17449,45.38590,-13.58854,0.97757888,74.15604,71.75535,69.35465,2024-02-13,09:30
2024-02-13 10:30:00,72.4195,73.45,72.21,73.090002,118721300,65.14582,72.88993,72.56899,0.99715435,1.12254,-0.12538744,69.52521,57.66994,42.26964,79.65830,0.99632342,74.26210,71.89659,69.53108,2024-02-13,10:30
2024-02-13 11:30:00,73.089801,73.12999,72.12801,72.36,56350530,57.84412,72.80366,72.52720,0.91910964,1.081855,-0.16274572,54.89877,60.20838,39.44821,47.29331,0.99672772,74.26806,71.99254,69.71702,2024-02-13,11:30
2024-02-13 12:30:00,72.3578,72.809,71.825,72.333,52344900,57.58707,72.61311,72.48836,0.84533580,1.034551,-0.18921565,54.35788,59.59395,37.10168,24.50329,0.99581879,74.18964,72.11109,70.032549,2024-02-13,12:30
2024-02-13 13:30:00,72.334,72.44897,71.761,72.096997,43097320,55.27452,72.44717,72.41008,0.75907574,0.97945631,-0.22038056,49.62928,52.96198,34.98197,-4.068018,0.97382959,74.035971,72.22094,70.40591,2024-02-13,13:30
2024-02-13 14:30:00,72.072998,72.468,71.35,71.61557,61721610,50.79357,72.32312,72.25118,0.64443821,0.91245269,-0.26801448,39.98337,47.99018,33.39600,-49.39315,0.98412742,73.73264,72.31972,70.90680,2024-02-13,14:30
2024-02-13 15:30:00,71.62326,72.19589,71.423,72.19,49414670,55.43578,72.32695,72.23895,0.59310212,0.84858257,-0.25548046,51.49274,47.035128,31.92332,-45.040591,0.96903934,73.67679,72.37337,71.069956,2024-02-13,15:30
2024-02-14 09:30:00,73.202,74.236,73.0059998,74.11,144919780,66.73282,72.50140,72.61316,0.69928454,0.81872297,-0.11943843,89.96191,60.47934,30.74213,155.14664,1.045965,73.94039,72.50715,71.073903,2024-02-14,09:30
2024-02-14 10:30:00,74.0995,74.149,71.938,72.51994,97691370,54.42747,72.52672,72.59451,0.64766466,0.78451130,-0.13684665,58.10340,66.51935,28.62810,44.098724,1.12918,73.92784,72.55132,71.17480,2024-02-14,10:30
2024-02-14 11:30:00,72.52202,72.91,72.187,72.86665,53668580,56.31888,72.57580,72.64894,0.62749873,0.75310879,-0.12561006,70.33473,72.80001,26.66508,14.49410,1.10017,73.94057,72.60613,71.27168,2024-02-14,11:30
2024-02-14 12:30:00,72.883,73.071997,72.45,72.892,45529960,56.46116,72.55380,72.69755,0.60657028,0.72380109,-0.11723080,70.88386,66.44066,24.99232,27.92636,1.066013,73.95822,72.65293,71.34763,2024-02-14,12:30
2024-02-14 13:30:00,72.899,73.17999,72.64001,73.09212,41019390,57.63437,72.63514,72.77647,0.59922503,0.69888588,-0.099660849,75.21926,72.14595,23.54290,43.054274,1.028440,73.98582,72.71083,71.43585,2024-02-14,13:30
2024-02-14 14:30:00,73.094489,73.472,73.002002,73.39875,44077490,59.43791,72.75356,72.90092,0.61110181,0.68132906,-0.070227255,81.86200,75.98837,22.48236,75.68524,0.98855090,74.053641,72.77422,71.49480,2024-02-14,14:30
2024-02-14 15:30:00,73.39,73.907,73.383,73.855,44804360,62.028185,72.94889,73.091738,0.64983886,0.67503102,-0.025192158,91.74610,82.94245,21.90856,115.77359,0.95536862,74.16629,72.81015,71.45400,2024-02-14,15:30
2024-02-15 09:30:00,73.869,73.975,72.4,73.070001,145693010,55.46526,73.11050,73.087390,0.61016195,0.66205721,-0.051895256,59.59813,77.73541,20.39856,55.43341,0.99962801,74.00085741,72.76125,71.52164,2024-02-15,09:30
2024-02-15 10:30:00,73.071997,73.499,72.71,73.121,65830380,55.79252,73.21394,73.094113,0.57619109,0.64488399,-0.068692891,61.36532,70.90318,18.99642,59.25624,0.98458325,73.93059,72.73778,71.54496,2024-02-15,10:30
2024-02-15 11:30:00,73.118,73.264,72.711,73.147,40301550,55.97012,73.10694,73.10469,0.54508313,0.62492382,-0.079840681,62.26604,61.076498,17.69443,50.018450,0.95375609,73.96458,72.75853,71.55247,2024-02-15,11:30
2024-02-15 12:30:00,73.154,73.375,73.04541,73.304,33753880,57.091340,73.19406,73.14455,0.52702330,0.60534371,-0.078320411,67.70613,63.77916,16.50814,70.071017,0.90917278,74.011010,72.81595,71.62089,2024-02-15,12:30
2024-02-15 13:30:00,73.314,73.329,72.8605,73.209,36942410,56.15948,73.23210,73.15744,0.49928994,0.58413296,-0.084843019,64.41454,64.79557,15.48221,50.63727,0.87769614,74.049134,72.84940,71.64967,2024-02-15,13:30
2024-02-15 14:30:00,73.21007,73.283,72.66,72.853,40222490,52.68868,73.22776,73.096554,0.44347277,0.55600092,-0.11252815,50.83557,60.98541,14.78109,20.14095,0.85950385,74.049661,72.87745,71.70524,2024-02-15,14:30
2024-02-15 15:30:00,72.859,72.937,72.573,72.657,32725550,50.82621,73.17942,73.0086432,0.37905204,0.52061114,-0.14155910,31.28811,48.84608,14.24149,-22.064222,0.82411083,74.047634,72.88905,71.73047,2024-02-15,15:30
2024-02-16 09:30:00,74.1,74.402,72.504,73.236,164434510,55.79700,73.16133,73.054114,0.37044814,0.49057854,-0.12013040,52.67846,44.93405,14.47507,81.81575,0.90081749,74.061726,72.89635,71.73098,2024-02-16,09:30
2024-02-16 10:30:00,73.236,74.017999,72.80864,73.84,67684190,60.30491,73.15967,73.21129,0.40766821,0.47399648,-0.066328270,74.62759,52.86472,14.69197,100.19419,0.92285601,74.17731,72.97035,71.76339,2024-02-16,10:30
2024-02-16 11:30:00,73.867,74.137,73.6965,73.904,45720350,60.76151,73.25233,73.34983,0.43728848,0.46665488,-0.029366397,75.12469,67.47691,15.018715,142.27920,0.88840178,74.28388,73.048901,71.81392,2024-02-16,11:30
2024-02-16 12:30:00,73.911,73.95,73.041058,73.2695,42193120,54.11523,73.26883,73.33377,0.40489675,0.45430325,-0.049406500,43.43156,64.39461,14.36765,59.52850,0.88986891,74.26508,73.10753,71.94997,2024-02-16,12:30
2024-02-16 13:30:00,73.269,74.095001,73.24901,73.78789,49260300,58.14355,73.34004,73.42459,0.41625745,0.44669409,-0.030436643,69.32514,62.62713,13.93782,103.28672,0.88673470,74.18575,73.21614,72.24654,2024-02-16,13:30
2024-02-16 14:30:00,73.796,73.929,73.016998,73.356,49407930,53.89804,73.34582,73.41087,0.38596177,0.43454763,-0.048585855,47.75219,53.50296,13.20685,42.35472,0.88853933,74.12289,73.27444,72.42600,2024-02-16,14:30
2024-02-16 15:30:00,73.352,73.39205,72.501,72.6005,49780040,47.38064,73.27821,73.24880,0.29755967,0.40715003,-0.10959037,10.015000,42.36411,12.68880,-82.91073,0.88871839,74.0041265,73.19897,72.39381,2024-02-16,15:30
2024-02-20 09:30:00,71.6,71.906,68.211,68.3655,245818530,27.38812,72.77960,72.27214,-0.11292679,0.30313467,-0.41606146,2.49563,20.087605,15.26229,-493.88557,1.13877,75.23979,72.99125,70.74270,2024-02-20,09:30
2024-02-20 10:30:00,68.3625,69.23,67.909,68.643,108000950,29.48764,72.33360,71.54631,-0.41110962,0.16028581,-0.57139543,11.30443,7.93835,17.77402,-367.34715,1.15179,75.72215,72.78006,69.83797,2024-02-20,10:30
2024-02-20 11:30:00,68.61901,68.639,67.734,68.3,76519110,28.39477,71.78515,70.89705,-0.66740540,-0.0052524308,-0.66215297,8.48826,7.42944,20.17847,-253.99529,1.13445,76.079872,72.55046,69.021055,2024-02-20,11:30
2024-02-20 12:30:00,68.30575,68.459,67.86,68.2765,55617370,28.31733,71.16699,70.37294,-0.86247570,-0.17669709,-0.68577862,8.13586,9.30952,22.41117,-185.86366,1.096202,76.28705,72.30968,68.33231,2024-02-20,12:30
2024-02-20 13:30:00,68.287,68.87299,67.948,68.63326,55527680,31.37693,70.58135,70.025003,-0.97702056,-0.33676178,-0.64025878,13.48613,10.036751,23.91183,-137.67286,1.083973,76.32093,72.071408,67.82189,2024-02-20,13:30
2024-02-20 14:30:00,68.62215,69.599,68.554,69.1856,74211420,35.93610,70.12758,69.85712,-1.011568,-0.47172301,-0.53984493,21.76964,14.46388,24.37427,-96.24330,1.081189,76.18187,71.83794,67.49401,2024-02-20,14:30
2024-02-20 15:30:00,69.193,69.542,68.946,69.457,54564050,38.11183,69.64637,69.77710,-1.0054571,-0.57846983,-0.42698725,25.83981,20.36519,24.80367,-77.60450,1.046532,76.081013,71.65729,67.23356,2024-02-20,15:30
2024-02-21 09:30:00,68.0,68.888,67.70001,67.912,132986610,31.54409,69.041485,69.40408,-1.11246,-0.68526769,-0.42719144,3.29327,16.96757,25.96410,-99.47901,1.097279,76.052474,71.39684,66.74120,2024-02-21,09:30
2024-02-21 10:30:00,67.912,68.335,67.766,68.071002,53188780,32.82704,68.53821,69.13746,-1.17093,-0.78240036,-0.38853070,5.76341,11.63216,27.041643,-90.51755,1.059545,75.94063,71.14304,66.34544,2024-02-21,10:30
2024-02-21 11:30:00,68.081,68.208,66.613,67.13029,79466630,29.32534,68.40096,68.73603,-1.27844,-0.88160847,-0.39683243,6.91381,5.32350,28.63672,-99.38128,1.097792,75.82657,70.83435,65.84213,2024-02-21,11:30
2024-02-21 12:30:00,67.125,67.423,66.8695,67.010999,54782480,28.90427,68.21963,68.39102,-1.35762,-0.97681066,-0.38080874,5.31941,5.99888,30.11786,-95.10111,1.058914,75.65611,70.52445,65.39279,2024-02-21,12:30
2024-02-21 13:30:00,66.98788,67.495,66.724,66.8205,54706570,28.20774,68.055240,68.076919,-1.41938,-1.065324,-0.35405444,2.83627,5.023161,31.56642,-89.32313,1.038349,75.47920,70.22283,64.96646,2024-02-21,13:30
2024-02-21 14:30:00,66.82178,67.016998,66.248,66.8695,81047410,28.68379,67.89891,67.83544,-1.44768,-1.14180,-0.30588589,8.69959,5.61842,33.14740,-90.51980,1.019109,75.25871,69.93345,64.60819,2024-02-21,14:30
2024-02-21 15:30:00,66.885,67.6,66.82001,67.495,71829530,34.64171,67.77243,67.76735,-1.40346,-1.19413,-0.20933221,22.039639,11.19183,33.72919,-70.35220,1.0020297,74.84608,69.64640,64.44673,2024-02-21,15:30
2024-02-22 09:30:00,74.8,78.084998,74.22,77.7495,387950560,73.59210,68.72398,69.76378,-0.53479871,-1.062263,0.52746407,97.16568,42.63497,34.52590,183.12032,1.68688,75.88328,69.84188,63.80047,2024-02-22,09:30
2024-02-22 10:30:00,77.769,78.079999,77.16,77.646,105291710,73.11847,69.63387,71.34022,0.14361555,-0.82108711,0.96470266,96.29133,71.83222,35.26570,184.17595,1.63211,76.75499,70.028978,63.30296,2024-02-22,10:30
2024-02-22 11:30:00,77.651,78.154,77.4,77.4682,73598950,72.25811,70.69567,72.56582,0.65931644,-0.52500640,1.18432,94.23990,95.89897,35.97222,162.49956,1.56938,77.58950,70.23891,62.88832,2024-02-22,11:30
2024-02-22 12:30:00,77.477,77.646,77.054999,77.397,55083000,71.89327,71.73189,73.53205,1.050162,-0.20997273,1.26013,93.64185,94.72436,36.37598,139.98684,1.49950,78.26981,70.41937,62.56892,2024-02-22,12:30
2024-02-22 13:30:00,77.399,77.925,77.28701,77.9035,53350140,72.93992,72.92891,74.40634,1.38482,0.10898520,1.27583,97.89601,95.25926,36.83742,130.68552,1.43796,79.066980,70.64674,62.22651,2024-02-22,13:30
2024-02-22 14:30:00,77.9,78.377,77.686,78.173,69223020,73.50527,74.16913,75.15967,1.65273,0.41773379,1.23499,98.31805,96.61864,37.40857,120.45152,1.38461,79.93399,70.92537,61.91674,2024-02-22,14:30
2024-02-22 15:30:00,78.1715,78.575,78.028998,78.527,65826200,74.26582,75.46986,75.83314,1.87204,0.70859409,1.16344,99.61063,98.60823,38.0028286,106.32429,1.32471,80.93971,71.43344,61.92717,2024-02-22,15:30
2024-02-23 09:30:00,80.79,82.394,79.66,79.7,278886840,76.65694,76.89547,76.60651,2.11610,0.99009444,1.12600,83.31475,93.74781,39.53141,118.72292,1.50630,82.048920,71.98629,61.92367,2024-02-23,09:30
2024-02-23 10:30:00,79.708,80.05,77.57,79.128,170281280,73.090514,78.18802,77.11081,2.23757,1.23959,0.99797801,79.77210,87.56583,39.47861,84.65539,1.57585,82.89915,72.52769,62.15624,2024-02-23,10:30
2024-02-23 11:30:00,79.132,80.444,78.755,79.60787,111114590,74.17598,78.39451,77.61022,2.34552,1.46077,0.88474250,82.74413,81.94366,39.54142,83.84783,1.58393,83.71002,73.094261,62.47850,2024-02-23,11:30
2024-02-23 12:30:00,79.649,80.28,79.132,80.060999,63948010,75.19355,78.66284,78.10038,2.43951,1.65652,0.78298918,85.55059,82.68894,39.59974,78.62964,1.55279,84.48763,73.66565,62.84366,2024-02-23,12:30
2024-02-23 13:30:00,80.072198,80.285,79.562,79.677,51919590,72.58339,78.90826,78.41570,2.45472,1.81616,0.63855862,83.17232,83.82235,39.65550,72.34609,1.49352,85.10937,74.19022,63.27107,2024-02-23,13:30
2024-02-23 14:30:00,79.694,79.99,78.65,78.824,65776900,67.018132,79.066819,78.49736,2.37062,1.92705,0.44356380,77.077162,81.93336,39.017083,58.90941,1.48256,85.52890,74.65857,63.78824,2024-02-23,14:30
2024-02-23 15:30:00,78.824,79.31,78.681,78.816,55023180,66.96626,79.16821,78.56109,2.27707,1.99706,0.28001325,56.22702,72.15883,38.42427,52.34111,1.42159,85.75501,75.20377,64.65253,2024-02-23,15:30
2024-02-26 09:30:00,80.0,80.64599,78.505,79.826,172494710,70.11087,79.35187,78.81407,2.25840,2.049324,0.20907348,51.90113,61.73510,38.39192,59.64672,1.47298,85.99175,75.79152,65.59129,2024-02-26,09:30
2024-02-26 10:30:00,79.833,79.995,79.37,79.95405,61891390,70.49437,79.51044,79.042067,2.22825,2.085109,0.14313849,54.29955,54.14257,38.36188,60.091336,1.41241,85.96487,76.43271,66.90054,2024-02-26,10:30
2024-02-26 11:30:00,79.9532,80.28605,79.603,80.1085,54383560,70.97805,79.55582,79.25535,2.19155,2.10640,0.085155230,57.19241,54.46436,38.44817,64.74539,1.36031,85.69544,77.087581,68.47972,2024-02-26,11:30
2024-02-26 12:30:00,80.10687,80.263,79.762,79.86214,39665560,69.034074,79.63740,79.37671,2.11818,2.10875,0.0094225754,50.42361,53.97186,38.52830,66.57037,1.29893,85.0095657,77.73966,70.46976,2024-02-26,12:30
2024-02-26 13:30:00,79.863,79.969,79.14,79.511,52993960,66.24898,79.62663,79.40357,2.0085367,2.088710,-0.080173254,40.23627,49.28410,38.0041541,50.79892,1.26536,83.68670,78.37174,73.056773,2024-02-26,13:30
2024-02-26 14:30:00,79.50293,79.675,78.795,79.17999,58624870,63.64246,79.52874,79.35885,1.87334,2.045636,-0.17229376,33.37462,41.34484,37.19302,21.56762,1.23784,80.78723,78.95599,77.12475,2024-02-26,14:30
2024-02-26 15:30:00,79.16697,79.386,79.048999,79.091101,39334860,62.92644,79.46364,79.30530,1.73898,1.98431,-0.24532372,31.53193,35.047607,36.43982,10.75892,1.17349,80.76891,79.023068,77.27723,2024-02-26,15:30
2024-02-27 09:30:00,79.2,79.44,77.162,78.619,148296040,59.12205,79.44087,79.16804,1.57624,1.90269,-0.32645611,41.81988,35.57548,34.11143,-62.70573,1.25238,80.71242,79.071718,77.43102,2024-02-27,09:30
2024-02-27 10:30:00,78.603,78.995,78.414,78.61,43022840,59.048733,79.41798,79.056434,1.43005,1.80816,-0.37811596,41.56148,38.30443,31.94936,-46.71732,1.20443,80.61448,79.12881,77.64313,2024-02-27,10:30
2024-02-27 11:30:00,78.608,79.299,78.555,79.173,47116250,62.20512,79.34542,79.079746,1.34413,1.71536,-0.37122919,57.72113,47.034163,30.16529,-24.48991,1.17154,80.47310,79.21761,77.96212,2024-02-27,11:30
2024-02-27 12:30:00,79.192,79.48,78.716,79.16769,41435980,62.15646,79.25805,79.097335,1.26107,1.62450,-0.36342969,57.56871,52.28377,28.64450,-22.15906,1.14243,80.38326,79.28082,78.17837,2024-02-27,12:30
2024-02-27 13:30:00,79.1693,79.28399,78.952,79.12201,33973700,61.70925,79.14844,79.10227,1.17798,1.53519,-0.35721487,56.25761,57.18248,27.23233,-32.047395,1.084542,80.31111,79.32827,78.34543,2024-02-27,13:30
2024-02-27 14:30:00,79.143,79.25,78.839,79.103,31225460,61.51094,79.064088,79.10242,1.097941,1.44774,-0.34980276,55.71208,56.51280,25.80760,-47.97407,1.036432,80.27598,79.35707,78.43815,2024-02-27,14:30
2024-02-27 15:30:00,79.103,79.11699,78.7,78.7,25677240,57.30575,78.97398,79.021933,0.99057182,1.35631,-0.36573726,44.14480,52.038161,24.33936,-78.00088002,0.99218636,80.25429,79.30707,78.35985,2024-02-27,15:30
2024-02-28 09:30:00,77.62,78.16,77.222,77.336,124559750,45.87446,78.76909,78.68475,0.78635315,1.24232,-0.45596474,5.56967,35.14218,23.56656,-249.93715,1.026888,80.49642,79.21747,77.93851,2024-02-28,09:30
2024-02-28 10:30:00,77.3386,78.327,77.125,78.22894,60794780,52.54786,78.67329,78.59359,0.68862351,1.13158,-0.44295551,34.92333,28.21260,22.67672,-174.57999,1.039396,80.48331,79.14852,77.81373,2024-02-28,10:30
2024-02-28 11:30:00,78.246,78.933,78.21901,78.402,53558320,53.73834,78.64918,78.55527,0.61801242,1.028866,-0.41085328,40.69477,27.062586,21.24214,-77.97052,1.016152,80.36906,79.065571,77.76208,2024-02-28,11:30
2024-02-28 12:30:00,78.4062,78.469,78.101,78.4155,32330760,53.83564,78.62757,78.52732,0.55672447,0.93443745,-0.37771299,45.37633,40.33147,20.020093,-92.66601,0.96985575,80.30362,79.0024963,77.70138,2024-02-28,12:30
2024-02-28 13:30:00,78.423,78.543,78.154,78.19,25849190,51.87311,78.51835,78.45985,0.48437376,0.84442471,-0.36005096,41.76480,42.61197,18.80672,-85.65010,0.92836616,80.31785,78.97080,77.62374,2024-02-28,13:30
2024-02-28 14:30:00,78.167,78.327,77.923,78.215,33619010,52.081671,78.41250,78.41088,0.42416310,0.76037239,-0.33620929,46.28463,44.47525,17.91769,-91.21975,0.89091171,80.32653,78.94075,77.55497,2024-02-28,14:30
2024-02-28 15:30:00,78.20975,78.22079,77.5,77.679,27945770,47.34450,78.25216,78.26451,0.32939754,0.67417742,-0.34477988,23.52434,37.19126,17.51609,-118.32845,0.87876006,80.26027,78.83340,77.40653,2024-02-28,15:30
2024-02-29 09:30:00,79.25,79.82999,79.0070007,79.349,140195650,59.65677,78.27949,78.48140,0.38461667,0.61626527,-0.23164860,82.21830,50.67575,17.040172,70.43288,0.96963397,80.15751,78.80314,77.44878,2024-02-29,09:30
2024-02-29 10:30:00,79.3466,79.645,78.82921,79.002002,50755890,56.69058,78.31305,78.58552,0.39581575,0.57217537,-0.17635962,69.39028,58.37764,16.40869,50.67365,0.95864510,79.96813,78.74782,77.52750,2024-02-29,10:30
2024-02-29 11:30:00,79.0,79.24,78.35,78.909,48436320,55.88853,78.48783,78.65022,0.39266049,0.53627239,-0.14361190,65.95222,72.52027,15.32016,18.017256,0.95374205,79.81234,78.70016,77.58799,2024-02-29,11:30
2024-02-29 12:30:00,78.9108,79.38,78.847,79.364,30942260,58.94861,78.61395,78.79298,0.42200985,0.51341988,-0.091410031,82.77292,72.70514,14.45079,74.42443,0.92368917,79.78523,78.69281,77.60040,2024-02-29,12:30
2024-02-29 13:30:00,79.377,79.514,79.13301,79.328,29241180,58.60223,78.71683,78.89998,0.43732346,0.49820060,-0.060877137,81.44210,76.72241,13.78349,91.39180,0.88492521,79.80763,78.70021,77.59280,2024-02-29,13:30
2024-02-29 14:30:00,79.319,79.482,79.17501,79.313,28909140,58.44809,78.81656,78.98259,0.44314078,0.48718864,-0.044047851,80.88748,81.70084,13.16384,88.79428,0.84364402,79.83844,78.71131,77.58418,2024-02-29,14:30
2024-02-29 15:30:00,79.32608,79.99,78.9,79.218,53855550,57.41817,78.93078,79.029668,0.43507003,0.47676492,-0.041694881,73.054013,78.46120,13.14213,86.80875,0.86124105,79.88864,78.74126,77.59388,2024-02-29,15:30
2024-03-01 09:30:00,80.2775,80.95,79.43503,80.77554,106465480,67.52249,79.21528,79.37884,0.54803677,0.49101929,0.057017481,95.43888,83.12679,14.0092112,195.71177,0.92343817,80.29653,78.84953,77.40254,2024-03-01,09:30
2024-03-01 10:30:00,80.774,81.964,80.575,81.964,136327940,72.82196,79.69139,79.89587,0.72510431,0.53783629,0.18726802,100,89.49763,15.55900,264.57952,0.95669269,80.97276,78.98908,77.0054133,2024-03-01,10:30
2024-03-01 11:30:00,81.975,82.060999,81.426,81.7655,62390550,70.74559,79.95989,80.26980,0.83973450,0.59821593,0.24151857,93.52125,96.32004,17.063152,232.87262,0.93371446,81.44336,79.11898,76.79459,2024-03-01,11:30
2024-03-01 12:30:00,81.761,81.956,81.651,81.7724,33978390,70.77677,80.26772,80.57032,0.92052504,0.66267775,0.25784729,93.67247,95.73124,18.45987,189.28916,0.88880620,81.84778,79.25150,76.65521,2024-03-01,12:30
2024-03-01 13:30:00,81.7665,82.259,81.6875,82.13146,45231620,72.42448,80.62577,80.88255,1.0019749,0.73053719,0.27143774,97.31992,94.83788,19.97788,166.61960,0.86614166,82.28448,79.40292,76.52136,2024-03-01,13:30
2024-03-01 14:30:00,82.15,82.185,81.76301,81.998,40968810,70.82597,80.91843,81.10564,1.043724,0.79317457,0.25054952,94.51556,95.16932,21.38746,133.33822,0.83441618,82.64071,79.56782,76.49492,2024-03-01,14:30
2024-03-01 15:30:00,81.9955,82.3,81.838,82.293,35744580,72.28225,81.24788,81.34311,1.088072,0.85215408,0.23591804,99.82277,97.21941,22.78697,119.79545,0.80781499,82.92792,79.81567,76.70342,2024-03-01,15:30
2024-03-04 09:30:00,84.3375,85.3085,83.8065,84.828,171645100,81.040479,81.86066,82.040088,1.31264,0.94425137,0.36838918,93.094789,95.81104,25.65544,196.26645,0.96550698,83.85665,80.14562,76.43459,2024-03-04,09:30
2024-03-04 10:30:00,84.8136,85.545,84.80201,85.21616,59941190,81.97943,82.52712,82.67530,1.50459,1.056319,0.44827081,95.42962,96.11572,28.39986,180.29796,0.94961314,84.71025,80.48633,76.26241,2024-03-04,10:30
2024-03-04 11:30:00,85.228,86.078003,84.911,86.033008,39418610,83.79788,83.11128,83.34684,1.70299,1.18565,0.51733889,99.37775,95.96738,31.12534,166.46439,0.96514109,85.61659,80.86720,76.11782,2024-03-04,11:30
2024-03-04 12:30:00,86.046997,86.99399,85.801,86.613,53271340,84.95851,83.62784,84.000075362,1.88530,1.32558,0.55971407,95.29296,96.70011,33.92671,166.17441,0.98141580,86.48610,81.28835,76.090608,2024-03-04,12:30
2024-03-04 13:30:00,86.63338,87.44999,86.4535,87.144,47190490,85.95077,84.22545,84.62886,2.049001,1.47027,0.57873496,96.42119,97.030632,36.64924,161.16411,0.98249256,87.31942,81.73480,76.15019,2024-03-04,13:30
2024-03-04 14:30:00,87.14098,87.695,86.551,86.63705,55852090,80.49138,84.76596,85.030498,2.11347,1.59891,0.51456201,87.97098,93.22837,39.24134,138.58631,0.99402882,87.83089,82.18271,76.53453,2024-03-04,14:30
2024-03-04 15:30:00,86.622,86.833,84.79989,85.251,220631830,67.80957,85.11258,85.074599,2.029324,1.68499,0.34433424,70.41152,84.93456,39.20323,86.78631,1.068249,88.11966,82.47781,76.83595,2024-03-04,15:30
2024-03-05 09:30:00,85.3,86.077002,84.051001,84.2,160336940,60.079740,85.35725,84.89968,1.85643,1.71928,0.13715403,50.91291,69.76514,38.34010,55.90181,1.13666,88.19089,82.73771,77.28452,2024-03-05,09:30
2024-03-05 10:30:00,84.197,84.792,83.41701,84.69,84418160,62.24087,85.62358,84.85774,1.73891,1.72320,0.015704131,52.065742,57.79673,36.89596,37.0045744,1.15368,88.24533,83.026756,77.80818,2024-03-05,10:30
2024-03-05 11:30:00,84.68,85.31999,84.31301,85.30773,41495910,64.82604,85.67688,84.94774,1.67629,1.71382,-0.037529938,60.50175,54.49347,35.90406,49.76184,1.14320,88.34766,83.32394,78.30023,2024-03-05,11:30
2024-03-05 12:30:00,85.3104,85.406,84.6,84.8,32461680,61.12192,85.63064,84.91819,1.56763,1.68458,-0.11695518,51.81023,54.79257,35.040003,42.97377,1.11912,88.30716,83.59754,78.88792,2024-03-05,12:30
2024-03-05 13:30:00,84.80038,85.18099,84.45903,85.023999,32801860,62.14949,85.51853,84.93935,1.48250,1.64417,-0.16166934,54.97290,55.76163,34.078809,36.27530,1.090750,88.19469,83.88309,79.57150,2024-03-05,13:30
2024-03-05 14:30:00,85.034003,85.20999,84.487,84.7402,33610570,59.98623,85.31044,84.89952,1.37626,1.59059,-0.21432141,49.55091,52.11135,33.20848,28.10339,1.064481,87.91143,84.15920,80.40697,2024-03-05,14:30
2024-03-05 15:30:00,84.72259,86.0,84.71201,85.994,170890940,65.67120,85.18266,85.11842,1.37737,1.54794,-0.17057394,60.23832,54.92071,32.98147,54.18925,1.080446,87.91159,84.42013,80.92866,2024-03-05,15:30
2024-03-06 09:30:00,87.761,88.93281,87.030011,88.272,181730960,73.13842,85.36432,85.74913,1.54426,1.54721,-0.0029479725,88.019595,65.93628,34.24013,160.36847,1.21319,88.41701,84.73553,81.054043,2024-03-06,09:30
2024-03-06 10:30:00,88.279,88.78,88.00401,88.389,64930580,73.45777,85.71299,86.27711,1.66675,1.57111,0.095632650,90.14085,79.46626,35.40889,162.51351,1.18196,88.81103,85.066700,81.32237,2024-03-06,10:30
2024-03-06 11:30:00,88.3935,88.88799,87.86801,88.783,36234410,74.55482,86.22221,86.77829,1.77515,1.61192,0.16322849,97.28397,91.81481,36.32672,148.97906,1.17039,89.17491,85.41723,81.65955,2024-03-06,11:30
2024-03-06 12:30:00,88.79499,89.724,88.511,89.453,43445320,76.34529,86.75144,87.31323,1.89330,1.66820,0.22510188,95.70324,94.37602,37.52425,159.71070,1.17343,89.61507,85.78331,81.95155,2024-03-06,12:30
2024-03-06 13:30:00,89.45838,89.597,88.441,89.291,52643430,74.97157,87.19402,87.70878,1.95137,1.72483,0.22653527,93.13457,95.37393,38.54490,133.13381,1.17219,89.85546,86.14796,82.44046,2024-03-06,13:30
2024-03-06 14:30:00,89.3015,89.409,88.051001,88.30064,42535410,67.031222,87.58298,87.82715,1.89562,1.75899,0.13663116,77.43205,88.75662,38.97508,98.62737,1.18546,89.81573,86.44834,83.080951,2024-03-06,14:30
2024-03-06 15:30:00,88.323,88.745,87.64185,88.7445,195381490,68.63459,87.99637,88.010624,1.86575,1.78034,0.085408318,84.46964,85.012085,38.84618,79.62856,1.17958,90.066925,86.64416,83.22140,2024-03-06,15:30
2024-03-07 09:30:00,90.158,91.599,89.60201,91.55275,191585720,76.44114,88.75332,88.71905,2.045103,1.83329,0.21181065,99.43478,87.11215,39.97251,163.19880,1.29922,90.92644,86.96099,82.99555,2024-03-07,09:30
2024-03-07 10:30:00,91.572,92.275,91.158,92.14381,92085570,77.69922,89.43663,89.40400,2.20947,1.90853,0.30093991,98.35231,94.085574,41.23278,168.66992,1.28620,91.79990,87.26653,82.73316,2024-03-07,10:30
2024-03-07 11:30:00,92.149,92.155,91.55,91.709,54572340,74.54547,89.81852,89.86500,2.27838,1.98250,0.29588050,92.75845,96.84851,42.40304,142.045295,1.23754,92.43595,87.52133,82.60672,2024-03-07,11:30
2024-03-07 12:30:00,91.703,91.98,91.314,91.87118,44962630,74.95382,90.20543,90.26624,2.31934,2.049866,0.26947449,94.83339,95.31472,43.19609,121.62916,1.19672,93.019416,87.75769,82.49597,2024-03-07,12:30
2024-03-07 13:30:00,91.88,92.498,91.73,92.37027,53764230,76.21821,90.60402,90.68704,2.36482,2.11286,0.25195998,98.40559,95.33248,44.12534,120.58838,1.16610,93.64445,88.044354,82.44426,2024-03-07,13:30
2024-03-07 14:30:00,92.39299,92.499,91.64601,92.20501,61145710,74.87042,90.90980,90.99064,2.36031,2.16235,0.19796512,96.22462,96.48787,44.87622,108.40993,1.14373,94.11736,88.39205,82.66675,2024-03-07,14:30
2024-03-07 15:30:00,92.21449,92.767,92.142,92.674,53313040,76.15888,91.28569,91.32731,2.36730,2.20334,0.16396055,98.37895,97.66972,45.68150,109.31573,1.10668,94.49144,88.81575,83.14007,2024-03-07,15:30
2024-03-08 09:30:00,94.8,97.21,94.62,97.21,218812510,84.45870,92.27561,92.50385,2.70764,2.30420,0.40344148,100,98.20119,47.59801,185.52139,1.35163,95.87092,89.44175,83.012591,2024-03-08,09:30
2024-03-08 10:30:00,97.224,97.4,90.16,90.4978,250421010,54.32208,92.47043,92.10264,2.40799,2.32496,0.083030898,29.26735,75.88210,45.83569,79.87067,1.77223,95.85510,89.70126,83.54741,2024-03-08,10:30
2024-03-08 11:30:00,90.50385,91.461,88.058002,89.57905,213649700,51.60763,92.25113,91.59792,2.072484,2.27446,-0.20197752,19.85214,49.70649,43.081355,-4.92300,1.88871,95.67082,89.94021,84.20960,2024-03-08,11:30
2024-03-08 12:30:00,89.5775,90.084003,87.077002,87.606,124075890,46.26138,91.74692,90.79954,1.62861,2.14529,-0.51667874,5.12446,18.081314,40.062928,-54.52026,1.96859,95.45718,90.069311,84.68144,2024-03-08,12:30
2024-03-08 13:30:00,87.58632,88.489,86.506,88.141,113120760,47.83927,91.35048,90.26783,1.30497,1.97723,-0.67225813,15.0082387,13.32828,37.40411,-80.36745,1.96962,95.13601,90.23935,85.34269,2024-03-08,13:30
2024-03-08 14:30:00,88.17599,89.371,87.795,88.05575,106939600,47.59944,90.92654,89.82541,1.029730,1.78773,-0.75799772,14.22572,11.45281,34.94819,-66.52831,1.94150,94.95587,90.34244,85.72900,2024-03-08,14:30
2024-03-08 15:30:00,88.021008,88.51832,87.415,87.502,58298050,45.98668,90.38562,89.36073,0.75817829,1.58182,-0.82363938,9.14267,12.79221,32.47813,-86.16583,1.88163,94.99799,90.30394,85.60989,2024-03-08,15:30
2024-03-11 09:30:00,87.6,87.6,84.166,87.076001,231471140,44.73105,89.81573,88.90378,0.50280107,1.36601,-0.86321328,21.98884,15.11908,31.50647,-128.93858,1.99252,95.072273,90.23829,85.40430,2024-03-11,09:30
2024-03-11 10:30:00,87.106,88.797,86.7,86.718,121891850,43.65237,89.15396,88.46663,0.26843073,1.14650,-0.87806690,19.28367,16.80506,30.0039944,-88.045982,1.99998,95.17286,90.13504,85.097214,2024-03-11,10:30
2024-03-11 11:30:00,86.718,87.59606,86.502,86.911,64089680,44.43037,88.0096225,88.15550,0.097144162,0.93662694,-0.83948277,20.74203,20.67152,28.68836,-92.88698,1.93527,95.23297,90.0079382,84.78291,2024-03-11,11:30
2024-03-11 12:30:00,86.94,87.5,86.243,86.73445,51931460,43.83414,87.59147,87.87129,-0.052245558,0.73885244,-0.79109799,19.40797,19.81122,27.57543,-90.54601,1.88682,95.29083,89.88011,84.46939,2024-03-11,12:30
2024-03-11 13:30:00,86.745,86.8,85.705,86.409,54328020,42.69671,87.23924,87.57883,-0.19465486,0.55215098,-0.74680584,16.94881,19.032935,26.77218,-98.021081,1.83026,95.36683,89.78553,84.20423,2024-03-11,13:30
2024-03-11 14:30:00,86.406,86.887,85.18,85.54618,60469000,39.75166,87.010375,87.17230,-0.37284004,0.36715277,-0.73999281,10.42906,15.59528,26.25048,-101.77544,1.82146,95.49300,89.62561,83.75822,2024-03-11,14:30
2024-03-11 15:30:00,85.524,86.138,85.35,85.792,46362720,41.00027006,86.74938,86.89624,-0.48858542,0.19600513,-0.68459056,12.28654,13.22147,25.76605,-93.76831,1.74764,95.36177,89.33758,83.31338,2024-03-11,15:30
2024-03-12 09:30:00,88.048999,88.66689,86.1501,88.5798,170538480,52.91743,86.80760,87.23295,-0.35131267,0.086541572,-0.43785424,33.35197,18.68919,24.013450,-37.64712,1.82816,95.050366,89.15937,83.26838,2024-03-12,09:30
2024-03-12 10:30:00,88.593,91.2,88.45601,91.082977,139762540,60.61078,87.20549,88.0029578,-0.040075364,0.061218185,-0.10129355,94.81808,46.81886,23.49694,30.041410,1.89358,94.97100,89.12807,83.28515,2024-03-12,10:30
2024-03-12 11:30:00,91.068597,91.109,90.202,90.4625,70617070,58.077507,87.58177,88.49487,0.15473147,0.079920841,0.074810624,89.51522,72.56175,23.017317,42.20500,1.82311,94.79969,89.057639,83.31559,2024-03-12,11:30
2024-03-12 12:30:00,90.449,90.595,89.042322,89.9375,78794000,55.94679,87.93949,88.78339,0.26371424,0.11667952,0.14703472,82.051471,88.79492,21.92837,26.43085,1.80379,94.49227,88.93600,83.37973,2024-03-12,12:30
2024-03-12 13:30:00,89.92501,90.649,89.52493,90.3195,52824440,57.17784,88.31821,89.090615,0.37656730,0.16865708,0.20791022,87.48224,86.34964,20.94259,40.65844,1.75524,94.23451,88.84173,83.44895,2024-03-12,13:30
2024-03-12 14:30:00,90.31969,90.78,89.935,90.5475,52906940,57.93343,88.74188,89.38199,0.47888136,0.23070193,0.24817942,90.72360,86.75244,20.092642,55.40757,1.69022,93.90082,88.73540,83.56998,2024-03-12,14:30
2024-03-12 15:30:00,90.552,91.96,90.37,91.938,55901100,62.30220,89.35622,89.89319,0.66450792,0.31746313,0.34704479,99.71777,92.64120,19.87626,114.39891,1.68306,92.22562,88.47180,84.71798,2024-03-12,15:30
2024-03-13 09:30:00,91.054999,91.207,88.435,89.064929,215833780,50.60734,89.74719,89.72754,0.57317822,0.36860615,0.20457207,57.29987,82.58041,18.54874,53.10819,1.81306,92.049820,88.40016,84.75049,2024-03-13,09:30
2024-03-13 10:30:00,89.031,90.047998,88.82,88.926,86766570,50.11744,90.095412,89.56723,0.48400907,0.39168673,0.092322342,55.25078,70.75614,17.31605,41.24285,1.77127,91.98595,88.36750,84.74906,2024-03-13,10:30
2024-03-13 11:30:00,88.9295,89.41999,88.619,89.0315,58308480,50.50924,90.14560,89.46009,0.41704733,0.39675885,0.020288480,56.80682,56.45249,16.10253,28.10350,1.70196,92.050566,88.43878,84.82699,2024-03-13,11:30
2024-03-13 12:30:00,89.033002,90.333,88.75,90.332,59378340,55.18238,90.062159,89.63447,0.46357538,0.41012216,0.053453223,75.98824,62.68195,15.44834,56.67292,1.69347,92.24916,88.54833,84.84750,2024-03-13,12:30
2024-03-13 13:30:00,90.331,90.77,89.83,90.3165,63116280,55.11557,90.045936,89.77087,0.49350937,0.42679960,0.066709769,75.75959,69.51822,15.080229,70.65477,1.63965,92.43254,88.66137,84.89019,2024-03-13,13:30
2024-03-13 14:30:00,90.328,91.504,90.307,90.62,75085970,56.23277,90.12177,89.94070,0.53554898,0.44854948,0.086999507,79.72773,77.15852,15.13025,83.068564,1.60803,92.64127,88.81727,84.99327,2024-03-13,14:30
2024-03-13 15:30:00,90.6275,90.989,90.438,90.926,48078860,57.38449,90.18916,90.13776,0.58679312,0.47619821,0.11059491,82.20285,79.23006,15.17669,77.080827,1.53253,92.85134,89.0097665,85.16819,2024-03-13,15:30
2024-03-14 09:30:00,89.577,90.646,87.456,88.6795,175861340,47.50178,89.98160,89.84611,0.44104637,0.46916784,-0.028121472,27.16472,63.031769,14.81534,-4.98894,1.67092,92.80792,89.10784,85.40776,2024-03-14,09:30
2024-03-14 10:30:00,88.675,88.971,87.644,87.8225,74104720,44.36299,89.52433,89.44139,0.25346641,0.42602755,-0.17256114,8.13717,39.16825,14.47980,-44.86768,1.64635,92.76555,89.15342,85.54129,2024-03-14,10:30
2024-03-14 11:30:00,87.85,88.15499,86.6,87.5775,83302430,43.47851,89.35906,89.068609,0.084069788,0.35763600,-0.27356621,18.23699,17.84629,14.70278,-81.64623,1.63983,92.71222,89.19557,85.67892,2024-03-14,11:30
2024-03-14 12:30:00,87.577,88.0080017,86.807,87.19672,55001700,42.074453,89.16691,88.69423,-0.079982042,0.27011239,-0.35009443,11.13289,12.50235,14.90983,-93.56519,1.60848,92.64181,89.23496,85.82810,2024-03-14,12:30
2024-03-14 13:30:00,87.19606,88.62,87.060999,88.1695,66019290,46.80095,89.071136,88.58929,-0.13000065,0.19008978,-0.32009043,29.28174,19.55054,14.65207,-74.69852,1.60495,92.37336,89.36612,86.35888,2024-03-14,13:30
2024-03-14 14:30:00,88.164,88.39399,86.906,87.392,66365840,43.72968,88.74447,88.34983,-0.22973052,0.10612572,-0.33585624,14.77609,18.39691,14.50396,-110.66884,1.59659,92.13730,89.44612,86.75494,2024-03-14,14:30
2024-03-14 15:30:00,87.386,88.105,87.0,88.035999,49050270,46.84144,88.49108,88.28706,-0.25387520,0.034125537,-0.28800074,29.28220,24.44668,14.36643,-100.81068,1.56148,92.15518,89.41893,86.68268,2024-03-14,15:30
2024-03-15 09:30:00,87.0,88.64899,86.257,88.4325,129471110,48.72164,88.24802,88.31615,-0.23826897,-0.020353364,-0.21791561,41.46182,28.50671,14.70162,-86.31830,1.62080,91.94303,89.28641,86.62979,2024-03-15,09:30
2024-03-15 10:30:00,88.4375,89.538,88.405,89.204,62418030,52.25989,88.056691,88.49372,-0.16178266,-0.048639224,-0.11314344,56.16540,42.30314,14.27138,-7.32562,1.58596,91.82473,89.22348,86.62223,2024-03-15,10:30
2024-03-15 11:30:00,89.2016,89.29,88.41201,88.642,37654490,49.57631,88.052524,88.52338,-0.14484569,-0.067880517,-0.076965170,45.45452,47.69392,13.87186,-21.0079262,1.53539,91.75011,89.15871,86.56730,2024-03-15,11:30
2024-03-15 12:30:00,88.6505,89.148,88.601,88.824,29928010,50.46345,88.16380,88.58350,-0.11540674,-0.077385760,-0.038020975,48.92319,50.18104,13.50089,-12.67240,1.46479,91.62282,89.083932,86.54505,2024-03-15,12:30
2024-03-15 13:30:00,88.82296,89.3,88.6,89.11,29134260,51.89570,88.33408,88.68880,-0.068212155,-0.075551039,0.0073388842,54.37390,49.58387,13.014510,1.90114,1.41016,91.46094,89.012057,86.56318,2024-03-15,13:30
2024-03-15 14:30:00,89.11787,89.546,88.29101,88.56956,42119650,49.011939,88.48662,88.66495,-0.073570685,-0.075154969,0.0015842834,48.87068,50.72259,12.81932,-3.59795,1.39908,90.89558,88.84364,86.79169,2024-03-15,14:30
2024-03-15 15:30:00,88.5748,88.63608,87.64001,87.8365,42968840,45.33220,88.44962,88.49926,-0.13540849,-0.087205673,-0.048202818,35.98765,46.41074,13.15261,-59.62242,1.37029,90.87708,88.78221,86.68735,2024-03-15,15:30
2024-03-18 09:30:00,90.371,92.405,90.1,90.7048,184898180,58.47051,88.81771,88.94037,0.046496326,-0.060465273,0.10696160,72.34545,52.40126,13.76369,162.97056,1.59874,91.12769,88.87115,86.61462,2024-03-18,09:30
2024-03-18 10:30:00,90.742,90.856,88.2682,88.69239,111360910,49.48473,88.89064,88.89077,0.027950466,-0.042782125,0.070732591,39.61270,49.31526,13.038804,29.066555,1.66938,91.11075,88.85420,86.59764,2024-03-18,10:30
2024-03-18 11:30:00,88.723,89.001001,87.837,88.3775,84303260,48.23560,88.88453,88.78812,-0.012017440,-0.036629188,0.024611749,34.49093,48.81636,12.11800,-29.85527,1.63328,90.91576,88.75647,86.59719,2024-03-18,11:30
2024-03-18 12:30:00,88.3775,88.47,87.084998,88.17299,71706270,47.39874,88.76997,88.66509,-0.059508603,-0.041205071,-0.018303531,31.16447,35.089369,11.71838,-60.36581,1.61555,90.69818,88.64930,86.60041,2024-03-18,12:30
2024-03-18 13:30:00,88.1872,88.887,87.964,88.85731,61123540,50.49382,88.79389,88.70354,-0.041448983,-0.041253854,-0.00019512941,42.29525,35.98355,11.067831,-0.064874689,1.56608,90.40474,88.56116,86.71759,2024-03-18,13:30
2024-03-18 14:30:00,88.842,89.054999,88.321,88.6466,60127410,49.52747,88.77418,88.69215,-0.043636263,-0.041730335,-0.0019059278,38.86793,37.44255,10.34878,21.96541,1.50665,89.94044,88.44719,86.95395,2024-03-18,14:30
2024-03-18 15:30:00,88.661,88.994,88.292,88.46,39104720,48.63969,88.70196,88.64572,-0.059738357,-0.045331940,-0.014406417,35.83275,38.99864,9.70166,14.50319,1.44917,89.92569,88.43622,86.94674,2024-03-18,15:30
2024-03-19 09:30:00,86.6,87.776,85.012,85.53942,185990930,37.35401,88.36528,88.024460,-0.30465352,-0.097196255,-0.20745726,7.13409,27.27826,10.94472,-205.21451,1.59195,90.26355,88.32206,86.38058,2024-03-19,09:30
2024-03-19 10:30:00,85.5165,87.155,85.325,86.884,79808410,43.81715,88.25945,87.79637,-0.38580683,-0.15491837,-0.23088846,25.32130,22.76271,12.098986,-157.19411,1.60895,90.30414,88.28739,86.27064,2024-03-19,10:30
2024-03-19 11:30:00,86.9065,88.21063,86.515,88.1285,67255590,49.055987,87.97319,87.86279,-0.34571590,-0.19307788,-0.15263802,42.15472,24.87003,12.36338,-60.27198,1.61514,90.28993,88.33398,86.37803,2024-03-19,11:30
2024-03-19 12:30:00,88.12,89.7,88.119,89.16,102716910,52.97037,88.025147,88.12223,-0.22808093,-0.20007849,-0.028002440,56.10711,41.19437,11.62423,54.52208,1.61270,90.37021,88.38350,86.39680,2024-03-19,12:30
2024-03-19 13:30:00,89.174,90.537,89.102,89.9005,84138170,55.60745,88.19437,88.47789,-0.074246101,-0.17491201,0.10066591,66.12338,54.79507,11.13968,117.34266,1.60001,90.54552,88.50893,86.47234,2024-03-19,13:30
2024-03-19 14:30:00,89.9,90.299,88.111,88.536,76137580,50.039489,88.23470,88.48951,-0.061723291,-0.15227427,0.090550975,47.66670,56.63240,10.58929,39.48861,1.64201,90.55893,88.53393,86.50893,2024-03-19,14:30
2024-03-19 15:30:00,88.5315,89.488,88.411,89.4,47270760,53.23272,88.29500,88.67161,0.017714622,-0.11827649,0.13599111,59.35345,57.71451,10.078209,45.97444,1.60165,90.64124,88.58230,86.52337,2024-03-19,15:30
2024-03-20 09:30:00,89.89,90.41,88.25766,89.30899,120110960,52.84954,88.36860,88.79908,0.072490407,-0.080123109,0.15261352,73.52825,60.18280,9.69285,64.71587,1.64099,90.65333,88.58755,86.52178,2024-03-20,09:30
2024-03-20 10:30:00,89.308,89.435,88.634,88.829,48964760,50.77370,88.40960,88.80507,0.076289793,-0.048840529,0.12513032,69.085942,67.32255,9.33502,30.59584,1.58099,90.66527,88.59690,86.52854,2024-03-20,10:30
2024-03-20 11:30:00,88.83318,89.085992,88.223,88.525,44750410,49.44896,88.74133,88.74905,0.054146584,-0.028243106,0.082389690,63.58372,68.73264,8.71120,-0.48079787,1.52970,90.64786,88.58195,86.51605,2024-03-20,11:30
2024-03-20 12:30:00,88.52,88.7799,88.29,88.447,27378210,49.094999,88.91500,88.68864,0.029958404,-0.016602804,0.046561208,62.17190,64.94719,8.13193,-8.040415,1.45543,90.60098,88.54880,86.49662,2024-03-20,12:30
2024-03-20 13:30:00,88.43,89.918,88.412,89.76857,65801180,54.97547,89.097228,88.90463,0.11609101,0.0099359579,0.10615505,86.091828,70.61582,8.38414,67.26761,1.45904,90.72879,88.60875,86.48872,2024-03-20,13:30
2024-03-20 14:30:00,89.8,90.292,88.959,90.081,96941960,56.26180,89.19956,89.13990,0.20717377,0.049383520,0.15779025,91.74661,80.0034467,8.85743,93.53506,1.45004,90.90235,88.72098,86.53960,2024-03-20,14:30
2024-03-20 15:30:00,90.080499,90.4,89.85,90.3525,46418240,57.40078,89.24978,89.38242,0.29783229,0.099073274,0.19875902,96.66069,91.49971,9.36760,142.23649,1.38575,90.82525,88.70336,86.58147,2024-03-20,15:30
2024-03-21 09:30:00,92.286,92.404,90.405,91.2,158293650,60.82973,89.54578,89.74594,0.43307359,0.16587334,0.26720025,82.99197,90.46642,10.97407,208.22849,1.43330,91.21331,88.82874,86.44418,2024-03-21,09:30
2024-03-21 10:30:00,91.19999,91.953,90.685,91.926,64456430,63.53737,89.82645,90.18195,0.59201117,0.25110090,0.34091026,91.88322,90.51196,12.46579,186.94385,1.42150,91.73346,89.0061691,86.27888,2024-03-21,10:30
2024-03-21 11:30:00,91.921,92.493,91.78049,92.34163,62745600,65.027805,90.16341,90.61389,0.74294410,0.34946954,0.39347456,96.54571,90.47363,14.12212,195.12798,1.37085,92.27247,89.21460,86.15673,2024-03-21,11:30
2024-03-21 12:30:00,92.353,92.62,91.828,92.189,47886660,63.99333,90.53675,90.92891,0.84055414,0.44768646,0.39286768,90.44135,92.95676,15.72409,161.83716,1.32951,92.69531,89.38119,86.067058,2024-03-21,12:30
2024-03-21 13:30:00,92.178,92.39499,91.18,91.69601,44678570,60.63792,90.88908,91.082330,0.86812319,0.53177381,0.33634938,79.50782,88.83163,16.51888,116.48676,1.32133,92.97665,89.53366,86.090662,2024-03-21,13:30
2024-03-21 14:30:00,91.725,91.725,90.83,91.54838,48034160,59.62964,91.23368,91.17554,0.86805331,0.59902971,0.26902361,75.62843,81.85920,16.89742,85.34311,1.29088,93.20092,89.68808,86.17523,2024-03-21,14:30
2024-03-21 15:30:00,91.559,91.67446,91.27,91.381,30030440,58.44304,91.41284,91.21663,0.84475375,0.64817452,0.19657923,71.82168,75.65265,17.24892,80.079231,1.22756,93.0017097,89.98015,86.95860,2024-03-21,15:30
2024-03-22 09:30:00,91.163,93.13,90.83401,92.814,142780900,64.88544,91.71650,91.53611,0.93118581,0.70477677,0.22640903,93.56028,80.33680,18.47226,109.051121,1.30388,93.18647,90.27665,87.36683,2024-03-22,09:30
2024-03-22 10:30:00,92.85,93.7,92.28301,93.6413,83018210,67.97240,92.081925,91.95715,1.054287,0.77467881,0.27960814,98.92829,88.10342,19.90560,138.64035,1.31196,93.63522,90.55229,87.46937,2024-03-22,10:30
2024-03-22 11:30:00,93.641,94.698,93.40201,94.403,100575030,70.54029,92.43781,92.44632,1.19948,0.85963934,0.33984214,95.39645,95.96167,21.70560,160.19875,1.31082,94.25064,90.81444,87.37825,2024-03-22,11:30
2024-03-22 12:30:00,94.411,94.739,93.918,94.504,65718670,70.87374,92.72426,92.85785,1.30763,0.94923650,0.35838864,96.28570,96.87015,23.39547,147.71721,1.27583,94.80640,91.044619,87.28284,2024-03-22,12:30
2024-03-22 13:30:00,94.504,94.77799,93.948,94.39599,53012870,69.96171,92.95252,93.16548,1.36884,1.033156,0.33567909,93.43527,95.039142,24.98335,133.87238,1.24398,95.18408,91.33762,87.49115,2024-03-22,13:30
2024-03-22 14:30:00,94.39071,94.459,93.443,93.68767,65027010,64.13311,93.11904,93.26992,1.34469,1.095463,0.24922597,77.87496,89.19865,25.80572,103.92044,1.22770,95.42048,91.55200,87.68352,2024-03-22,14:30
2024-03-22 15:30:00,93.695,94.48499,93.517,94.245,52943560,66.49816,93.40226,93.46494,1.35491,1.14735,0.20755439,87.81179,86.37401,26.58505,101.91766,1.20915,95.69312,91.79880,87.90449,2024-03-22,15:30
2024-03-25 09:30:00,94.0,96.76599,93.51,96.11866,181591860,72.95472,93.91007,93.99568,1.49694,1.21727,0.27966735,89.35482,85.013857,28.42328,142.63398,1.35535,96.23792,92.16329,88.088657,2024-03-25,09:30
2024-03-25 10:30:00,96.1095,96.496,95.575,95.779,76238250,70.30936,94.39874,94.35234,1.56406,1.28663,0.27743178,83.37273,86.84645,30.13020,144.39223,1.32433,96.53144,92.52599,88.52053,2024-03-25,10:30
2024-03-25 11:30:00,95.767,95.942,94.734,95.060999,76388600,64.94816,94.64840,94.49407,1.54155,1.33761,0.20393618,71.27704,81.33486,30.67749,103.36346,1.31602,96.53960,92.85669,89.17378,2024-03-25,11:30
2024-03-25 12:30:00,95.064502,95.73992,94.975,95.699,46977100,67.33187,94.87704,94.73506,1.55724,1.38154,0.17570085,82.025041,78.89160,31.18569,101.92988,1.27665,96.74773,93.15321,89.55869,2024-03-25,12:30
2024-03-25 13:30:00,95.7165,96.28,95.62,95.9455,51563180,68.23082,95.048424,94.97715,1.57145,1.41952,0.15192899,86.17772,79.82660,31.95230,111.31840,1.23261,96.94620,93.44643,89.94667,2024-03-25,13:30
2024-03-25 14:30:00,95.959,96.27,95.226,95.442,51549260,64.33648,95.15265,95.070118,1.52451,1.44052,0.083991002,77.68043,81.96106,32.16210,90.82977,1.21913,96.99807,93.70091,90.40374,2024-03-25,14:30
2024-03-25 15:30:00,95.443,95.885,94.99,95.0,43726480,61.042737,95.21976,95.056094,1.43510,1.43943,-0.0043343639,70.22932,78.029159,32.058633,69.50030,1.19598,97.023560,93.89091,90.75825,2024-03-25,15:30
2024-03-26 09:30:00,95.848,96.375,94.268,94.27574,136174980,55.98492,95.28510,94.90002,1.29092,1.40973,-0.11881148,44.45099,64.12025,31.098378,50.058913,1.26105,97.011018,94.0083942,91.0057702,2024-03-26,09:30
2024-03-26 10:30:00,94.3025,94.93886,94.045001,94.84068,81697720,58.84910,95.35129,94.88815,1.20831,1.36945,-0.16113421,42.76692,52.48241,29.95367,27.85942,1.23483,97.055027,94.13335,91.21167,2024-03-26,10:30
2024-03-26 11:30:00,94.84743,95.029999,93.881,94.3732,55477680,55.62356,95.15735,94.78516,1.092529,1.31406,-0.22153284,27.99285,38.40359,28.70078,13.49409,1.22870,97.025347,94.24256,91.45977,2024-03-26,11:30
2024-03-26 12:30:00,94.36,94.61099,94.051001,94.4725,39136530,56.17306,95.012179,94.72263,0.99728781,1.25071,-0.25341950,30.98106,33.91361,27.53739,3.38786,1.18093,96.90733,94.38138,91.85543,2024-03-26,12:30
2024-03-26 13:30:00,94.4725,95.256,94.471,94.921,50874930,58.66286,94.99662,94.76230,0.94708142,1.18998,-0.24290071,44.47808,34.48400,27.053641,29.92279,1.15265,96.72251,94.55001,92.37751,2024-03-26,13:30
2024-03-26 14:30:00,94.92082,95.043042,93.918,94.040002,46364450,52.36933,94.81229,94.61784,0.82667380,1.11732,-0.29064666,16.27782,30.57899,25.90646,-29.78050,1.15068,96.32386,94.68296,93.042068,2024-03-26,14:30
2024-03-26 15:30:00,94.046997,94.072998,92.502,92.573,69083790,43.91980,94.43757,94.20888,0.60589057,1.015034,-0.40914392,1.66502,20.80697,24.71705,-163.39403,1.18070,96.36907,94.67091,92.97275,2024-03-26,15:30
2024-03-27 09:30:00,93.1,93.24,89.123,89.993,211114260,33.64002,93.83212,93.36570,0.22019565,0.85606672,-0.63587107,11.79982,9.91422,25.68143,-322.49712,1.39044,97.11817,94.48850,91.85882,2024-03-27,09:30
2024-03-27 10:30:00,90.0094971,90.485,89.55193,89.57,77819600,32.30497,93.22879,92.60656,-0.11823977,0.66120542,-0.77944519,6.16386,6.54290,26.57692,-295.10265,1.35777,97.64073,94.24685,90.85296,2024-03-27,10:30
2024-03-27 11:30:00,89.562,90.31882,89.313,90.193,60106830,36.31381,92.77515,92.12385,-0.33235041,0.46249425,-0.79484466,14.75456,10.90608,27.52102,-211.73924,1.33263,97.85309,94.031297,90.20950,2024-03-27,11:30
2024-03-27 12:30:00,90.2,90.439,89.9331,90.17002,40922110,36.22859,92.25619,91.73308,-0.49814658,0.27036609,-0.76851267,14.43769,11.78537,28.26158,-157.47488,1.27358,97.98927,93.82000,89.65072,2024-03-27,12:30
2024-03-27 13:30:00,90.1705,90.699,89.982,90.2705,51437250,36.92564,91.80034,91.44057,-0.61435131,0.093422607,-0.70777392,15.82327,15.0051732,28.64615,-124.70413,1.23382,98.096875,93.64914,89.20140,2024-03-27,13:30
2024-03-27 14:30:00,90.2705,90.37499,89.13501,89.591,63485590,34.20299,91.25795,91.070652,-0.75259923,-0.075781760,-0.67681747,6.45338,12.23811,29.46510,-122.41580,1.23426,98.19016,93.41644,88.64271,2024-03-27,14:30
2024-03-27 15:30:00,89.59999,90.54,89.50101,90.256,53105020,38.94741,90.73961,90.90772,-0.79928787,-0.22048298,-0.57880489,15.62330,12.63331,30.025033,-95.21427,1.22031,97.91726,93.12331,88.32935,2024-03-27,15:30
2024-03-28 09:30:00,89.978,91.298,89.193,90.56539,141714780,41.076200,90.35354,90.83925,-0.80207813,-0.33680201,-0.46527612,23.51848,15.19839,29.66059,-77.52623,1.28351,97.61744,92.86263,88.10781,2024-03-28,09:30
2024-03-28 10:30:00,90.57,91.070001,90.481,90.67119,59570850,41.82327,90.14223,90.80564,-0.78668350,-0.42677831,-0.35990519,25.24365,21.46181,29.32218,-58.84236,1.23390,97.37700,92.64314,87.90927,2024-03-28,10:30
2024-03-28 11:30:00,90.668,90.8179,90.294,90.633,42474990,41.61817,90.21334,90.77111,-0.76870360,-0.49516337,-0.27354023,24.62096,24.46103,29.14282,-57.034716,1.18318,96.98258,92.38984,87.79709,2024-03-28,11:30
2024-03-28 12:30:00,90.635,90.792,90.442,90.591,30356180,41.37780,90.32679,90.73509,-0.74920741,-0.54597217,-0.20323523,23.93606,24.60022,28.97627,-50.67062,1.12367,96.47242,92.12211,87.77180,2024-03-28,12:30
2024-03-28 13:30:00,90.593,90.753,90.1865,90.383,38642340,40.14151,90.34790,90.66467,-0.74198687,-0.58517511,-0.15681176,21.28369,23.28024,29.021986,-50.93543,1.083873,96.00072476,91.86916,87.73760,2024-03-28,13:30
2024-03-28 14:30:00,90.4,90.8,90.182,90.43484,42044890,40.61771,90.37732,90.61871,-0.72373892,-0.61288788,-0.11085104,26.50183,23.90720,28.99467,-45.59578,1.050596,95.55401,91.64090,87.72779,2024-03-28,14:30
2024-03-28 15:30:00,90.437,90.529,90.188,90.317,38399630,39.84176,90.38249,90.55836,-0.71059473,-0.63242925,-0.078165486,29.0016752,25.59573,28.96931,-46.49883,0.99991063,95.20033,91.44297,87.68560,2024-03-28,15:30
2024-04-01 09:30:00,90.367,92.225,90.18,91.34461,133884470,48.99275,90.57734,90.71561,-0.61022387,-0.62798817,0.017764304,71.50834,42.33728,27.057401,-4.074508,1.074560,94.68702,91.26816,87.84930,2024-04-01,09:30
2024-04-01 10:30:00,91.381,91.758,89.423,89.982,85578300,40.24971,90.54689,90.56889,-0.63332983,-0.62905650,-0.0042733261,27.41080,42.64027,25.72178,-40.82917,1.16459,94.19477,91.048602,87.90243,2024-04-01,10:30
2024-04-01 11:30:00,89.98,89.98299,89.204,89.879,58719400,39.67335,90.47063,90.43091,-0.65243211,-0.63373162,-0.018700489,24.077359,40.99883,24.68573,-81.57189,1.13705,93.57870,90.81893,88.059152,2024-04-01,11:30
2024-04-01 12:30:00,89.888,90.184,89.494,89.905,43394960,39.90727,90.38549,90.32573,-0.65788902,-0.63856310,-0.019325913,24.91882,25.46899,23.48608,-76.16298,1.10512,92.60930,90.56813,88.52695,2024-04-01,12:30
2024-04-01 13:30:00,89.8975,90.239,89.77452,90.143,33967140,42.11971,90.33105,90.28918,-0.63568126,-0.63798673,0.0023054724,32.62112,27.20577,22.30480,-57.65810,1.059357,91.65386,90.37328,89.092691,2024-04-01,13:30
2024-04-01 14:30:00,90.135,90.47099,89.88701,89.9865,43009360,41.049476,90.26388,90.22865,-0.62352214,-0.63509382,0.011571673,26.17083,27.90359,20.91633,-37.57344,1.025402,91.040925,90.24395,89.44698,2024-04-01,14:30
2024-04-01 15:30:00,89.9865,90.381,89.662,90.372,35397960,44.77205,90.26266,90.25732,-0.57613812,-0.62330268,0.047164555,38.88514,32.55903,19.89303,-27.058894,1.0035159,91.053101,90.26290,89.47270,2024-04-01,15:30
2024-04-02 09:30:00,88.47,88.933,87.62,88.026001,129955300,31.66670,89.99501,89.81105,-0.71959320,-0.64256078,-0.077032418,8.81650,24.62416,20.76144,-350.14944,1.12841,91.41261,90.18570,88.95880,2024-04-02,09:30
2024-04-02 10:30:00,88.039978,89.388,87.83001,89.376,69430370,42.15896,89.89046,89.72404,-0.71609398,-0.65726742,-0.058826558,38.13247,28.61137,20.98877,-190.91189,1.15909,91.42146,90.14485,88.86824,2024-04-02,10:30
2024-04-02 11:30:00,89.37818,89.602,88.911,89.122,50564940,40.88689,89.64350,89.60363,-0.72545423,-0.67090478,-0.054549447,32.61664,26.52187,20.93288,-116.31256,1.12566,91.44444,90.092451,88.74046,2024-04-02,11:30
2024-04-02 12:30:00,89.111,90.094,89.083002,89.647,53045050,44.60720,89.60628,89.61231,-0.68264013,-0.67325185,-0.0093882797,44.017294,38.25547,20.28443,-55.65090,1.11747,91.42411,90.061276,88.69844,2024-04-02,12:30
2024-04-02 13:30:00,89.6465,89.755,89.31251,89.548,37746360,44.044282,89.56950,89.59944,-0.64921431,-0.66844434,0.019230036,41.86748,39.50047,19.68229,-62.36369,1.069254,91.42506,90.059126,88.69319,2024-04-02,13:30
2024-04-02 14:30:00,89.548,89.663,89.21201,89.32168,35531820,42.71716,89.50469,89.54389,-0.63368142,-0.66149176,0.027810343,36.95285,40.94588,19.22512,-70.97437,1.025092,91.41171,90.012410,88.61311,2024-04-02,14:30
2024-04-02 15:30:00,89.3245,89.67,89.22801,89.447,30351140,43.72825,89.42735,89.52451,-0.60429350,-0.65005211,0.045758605,39.67419,39.49817,18.79079,-58.22357,0.98344231,91.35231,89.95649,88.56067,2024-04-02,15:30
2024-04-03 09:30:00,88.426,90.374,88.4,90.163,117214060,49.24097,89.44696,89.65221,-0.51726517,-0.62349472,0.10622955,61.45478,46.027275,19.21791,-30.098760,1.054196,91.29200,89.93108,88.57016,2024-04-03,09:30
2024-04-03 10:30:00,90.1585,90.35,89.923,90.186,50188300,49.41240,89.42630,89.75897,-0.44135121,-0.58706602,0.14571481,90.0037679,63.71091,19.61452,35.79470,1.0093968,91.23710,89.90873,88.58036,2024-04-03,10:30
2024-04-03 11:30:00,90.187,90.243,89.139,89.62366,50415640,45.37691,89.60381,89.73191,-0.42170396,-0.55399361,0.13228965,70.27934,73.91263,20.67143,-20.83727,1.016154,91.15588,89.86036,88.56484,2024-04-03,11:30
2024-04-03 12:30:00,89.63,90.125,89.26201,90.038953,39740990,48.70847,89.67748,89.79332,-0.36837609,-0.51687010,0.14849401,84.84605,81.70972,21.65284,2.32323,1.0052136,91.11946,89.84316,88.56686,2024-04-03,12:30
2024-04-03 13:30:00,90.059998,90.075,89.75364,89.848,26389430,47.28053,89.75814,89.80425,-0.33762982,-0.48102205,0.14339222,78.14821,77.75787,22.56416,19.65616,0.95636705,91.061008,89.81382,88.56663,2024-04-03,13:30
2024-04-03 14:30:00,89.84,89.931,88.892,89.137,40973770,42.30723,89.70148,89.67080,-0.36641106,-0.45809985,0.091688786,54.94383,72.64603,24.11121,-61.54713,0.96226951,91.012808,89.75482,88.49683,2024-04-03,14:30
2024-04-03 15:30:00,89.124,89.289,88.811,88.962,30212670,41.15964,89.63636,89.52904,-0.39874496,-0.44622887,0.047483912,48.72910,60.60705,25.60720,-101.49596,0.92767904,90.70620,89.63569,88.56518,2024-04-03,15:30
2024-04-04 09:30:00,90.406,90.63399,89.321,89.808,102866340,48.44075,89.69040,89.58483,-0.35204633,-0.42739236,0.075346035,70.54227,58.071731,24.81434,63.22017,0.98084418,90.68889,89.62699,88.56508,2024-04-04,09:30
2024-04-04 10:30:00,89.822,89.9535,89.306,89.466,40416630,45.96452,89.69251,89.56107,-0.33872956,-0.40965980,0.070930244,47.71718,55.66285,24.093517,0.64253685,0.95703370,90.66389,89.60634,88.54879,2024-04-04,10:30
2024-04-04 11:30:00,89.466,89.718,89.213,89.6595,34249440,47.59672,89.63657,89.58075,-0.30900015,-0.38952787,0.080527724,56.37880,58.21275,23.52509,-4.80387,0.92474550,90.64313,89.59406,88.54500,2024-04-04,11:30
2024-04-04 12:30:00,89.658,89.729,89.45,89.4665,19285850,46.10096,89.55662,89.55790,-0.29758246,-0.37113879,0.073556330,47.73959,50.61186,22.97981,3.79330,0.87862066,90.57953,89.56024,88.54095,2024-04-04,12:30
2024-04-04 13:30:00,89.481,89.6,88.1,88.17,49808780,37.56153,89.39510,89.28032,-0.38866995,-0.37464502,-0.014024930,2.76249,35.62696,23.78148,-155.70007,0.92300490,90.63396,89.46941,88.30487,2024-04-04,13:30
2024-04-04 14:30:00,88.16556,88.181,86.45,86.466,92838740,29.75920,88.99811,88.71746,-0.59153744,-0.41802351,-0.17351394,0.38234586,16.96147,25.57272,-311.40021,0.98071882,90.96076,89.27411,87.58747,2024-04-04,14:30
2024-04-04 15:30:00,86.466,86.79699,85.88,85.902,61733160,27.70771,88.55967,88.15437,-0.78872913,-0.49216463,-0.29656450,0.46283576,1.20256,27.51555,-319.91076,0.97616691,91.35019,89.16791,86.98564,2024-04-04,15:30
2024-04-05 09:30:00,86.703,87.671,85.926,86.777,126693020,35.17417,88.29744,87.87889,-0.86443510,-0.56661872,-0.29781638,18.86842,6.57120,28.095374,-196.47471,1.032798,91.45238,89.037964,86.62355,2024-04-05,09:30
2024-04-05 10:30:00,86.778,87.86199,86.662,87.51,58150350,40.69951,88.13611,87.80511,-0.85542520,-0.62438002,-0.23104518,34.28695,17.87274,28.38459,-122.42777,1.044740,91.46115,88.95736,86.45358,2024-04-05,10:30
2024-04-05 11:30:00,87.5147,88.481,87.446,88.048999,55324550,44.44904,87.94067,87.85389,-0.79562046,-0.65862811,-0.13699235,45.62482,32.92673,27.87554,-64.89383,1.044044,91.39010,88.87746,86.36483,2024-04-05,11:30
2024-04-05 12:30:00,88.059003,88.415,87.93501,88.159,33199220,45.21044,87.79544,87.91491,-0.73092277,-0.67308704,-0.057835731,47.93874,42.61684,27.40284,-46.39803,1.0037547,91.31946,88.80801,86.29657,2024-04-05,12:30
2024-04-05 13:30:00,88.1645,88.319,87.311,87.6895,43184790,42.53100,87.57656,87.86983,-0.70935715,-0.68034106,-0.029016085,38.062817,43.87546,27.45805,-64.93176,1.0040581,91.27162,88.72641,86.18119,2024-04-05,13:30
2024-04-05 14:30:00,87.701,88.030988,87.54001,87.7325,31869090,42.86497,87.38389,87.84237,-0.68094702,-0.68046225,-0.00048476476,38.96730,41.65629,27.50931,-58.40469,0.96740958,91.19850,88.64068,86.082856,2024-04-05,14:30
2024-04-05 15:30:00,87.73125,88.197,87.625,87.98,32873890,44.85158,87.36278,87.86989,-0.63118489,-0.67060678,0.039421886,44.17340,40.40118,27.31529,-42.76441,0.93916583,91.0051146,88.53153,86.057946,2024-04-05,15:30
2024-04-08 09:30:00,88.696,88.82,86.811,87.8,98088480,43.66253,87.51100,87.85591,-0.59936336,-0.65635810,0.056994734,47.13396,43.42489,27.79220,-44.80917,1.015583,90.78315,88.41223,86.041310,2024-04-08,09:30
2024-04-08 10:30:00,87.8125,88.13299,87.384,87.607,38892330,42.36562,87.70044,87.80613,-0.58299756,-0.64168599,0.058688426,44.86886,45.39208,28.23503,-46.48474,0.99654018,90.63879,88.31140,85.98400,2024-04-08,10:30
2024-04-08 11:30:00,87.589,87.7145,86.733,86.9955,37095160,38.46699,87.72472,87.64401,-0.61231206,-0.63581120,0.023499144,28.98164,40.32815,29.12664,-78.57485,0.99546590,90.41168,88.15922,85.90677,2024-04-08,11:30
2024-04-08 12:30:00,86.984,87.44,86.945,87.259,25029100,40.98708,87.69683,87.56700,-0.60728132,-0.63010523,0.022823906,37.069985,36.97349,29.95456,-69.11137,0.95971842,90.17412,88.029775,85.88543,2024-04-08,12:30
2024-04-08 13:30:00,87.24614,87.29,86.889,87.224,20732940,40.74834,87.60517,87.49840,-0.59921159,-0.62392650,0.024714910,45.71426,37.25529,30.76596,-70.39998,0.91981003,90.042749,87.93413,85.82550,2024-04-08,13:30
2024-04-08 14:30:00,87.21988,87.372,87.026001,87.2575,18987440,41.10195,87.50500,87.45022,-0.58338799,-0.61581880,0.032430810,46.85379,43.21268,31.36174,-59.15897,0.87882332,89.92194,87.84890,85.77586,2024-04-08,14:30
2024-04-08 15:30:00,87.257,87.47,86.982,87.188,22755850,40.56115,87.44928,87.39778,-0.56988650,-0.60663234,0.036745837,43.60744,45.39183,31.71913,-55.38487,0.85090741,89.60167,87.71790,85.83413,2024-04-08,15:30
2024-04-09 09:30:00,87.43,87.635,84.28,84.41701,128513360,25.91846,87.080891,86.80162,-0.77386161,-0.64007819,-0.13378342,3.017878,31.15970,33.72893,-201.61103,1.029771,89.67037,87.46545,85.26053,2024-04-09,09:30
2024-04-09 10:30:00,84.4505,84.47999,83.021997,83.97699,131655370,24.41141,86.63611,86.23670,-0.95995361,-0.70405328,-0.25590033,16.47106,21.032127,36.043017,-299.17393,1.060359,89.63283,87.18133,84.72982,2024-04-09,10:30
2024-04-09 11:30:00,83.944,84.998,83.5,84.661,67824220,31.11652,86.28733,85.92156,-1.040248,-0.77129217,-0.26895557,28.26837,15.91910,37.42321,-206.76273,1.091619,89.39155,86.94105,84.49055,2024-04-09,11:30
2024-04-09 12:30:00,84.664,84.971,84.369,84.629,39968780,30.97807,85.95644,85.66305,-1.093854,-0.83580460,-0.25804973,27.71645,24.15196,38.70482,-149.47264,1.056646,89.34210,86.76400,84.18590,2024-04-09,12:30
2024-04-09 13:30:00,84.62044,84.996,84.529,84.613,35270840,30.90404,85.69172,85.45304,-1.12466,-0.89357655,-0.23108781,27.44054,27.80845,39.85479,-120.53626,1.014529,89.41359,86.67135,83.92911,2024-04-09,13:30
2024-04-09 14:30:00,84.61527,84.976,84.125,84.952,42496040,34.47726,85.43539,85.35283,-1.10894,-0.93664999,-0.17229375,33.28740,29.48146,41.11357,-107.49523,1.0028481,89.44940,86.62385,83.79830,2024-04-09,14:30
2024-04-09 15:30:00,84.94,85.38,84.667,85.364,41240700,38.63097,85.22872,85.35506,-1.051123,-0.95954467,-0.091578737,40.39329,33.70707,41.60884,-72.61240,0.98214470,89.43009,86.55320,83.67631,2024-04-09,15:30
2024-04-10 09:30:00,83.902,87.2,83.709,86.562,168049480,48.79567,85.15144,85.59645,-0.89827718,-0.94729118,0.049013997,69.26253,47.64774,39.68812,-33.45884,1.16135,89.34911,86.50580,83.66249,2024-04-10,09:30
2024-04-10 10:30:00,86.5785,87.4,86.25,86.969,71305190,51.72134,85.12711,85.87096,-0.73582178,-0.90499730,0.16917551,84.11293,64.58958,37.69195,23.011170,1.16054,89.21575,86.45180,83.68786,2024-04-10,10:30
2024-04-10 11:30:00,86.973,86.989,86.4,86.533,32065400,48.52289,85.36222,86.0033692,-0.63493699,-0.85098524,0.21604824,76.11108,76.49551,35.83836,15.62954,1.11971,89.022172,86.37050,83.71883,2024-04-10,11:30
2024-04-10 12:30:00,86.565,87.04187,86.321,86.825,38230660,50.72082,85.67867,86.16770,-0.52536714,-0.78586162,0.26049448,82.44098,80.88833,34.19123,24.17147,1.091225,88.91904,86.32728,83.73551,2024-04-10,12:30
2024-04-10 13:30:00,86.8245,87.0,86.32587,86.64948,35224390,49.35663,85.89961,86.26405,-0.44753623,-0.71819654,0.27066031,78.63611,79.062725,32.66175,24.21384,1.061432,88.78934,86.27312,83.75691,2024-04-10,13:30
2024-04-10 14:30:00,86.668,87.148,85.354,86.9072,36245840,51.42264,86.15274,86.39268,-0.36089853,-0.64673694,0.28583841,84.22295,81.76668,32.13590,18.35626,1.11376,88.63145,86.21948,83.80752,2024-04-10,14:30
2024-04-10 15:30:00,86.927,87.207,86.72087,86.984,31978170,52.050394,86.41619,86.51095,-0.28278064,-0.57394568,0.29116503,85.88782,82.91563,31.56439,53.78666,1.068928,88.50853,86.17868,83.84883,2024-04-10,15:30
2024-04-11 09:30:00,87.4,88.496,86.926,88.042499,116593070,59.76736,86.75958,86.81726,-0.13391617,-0.48593978,0.35202361,91.71533,87.27537,29.44213,107.55406,1.10472,88.59066,86.20046,83.81026,2024-04-11,09:30
2024-04-11 10:30:00,88.039001,88.996,87.88301,88.73806,66352650,63.88102,87.13447,87.20142,0.039728141,-0.38080619,0.42053433,95.30676,90.96997,27.71425,141.41057,1.10531,88.90372,86.28759,83.67145,2024-04-11,10:30
2024-04-11 11:30:00,88.7101,89.31999,88.525,89.19988,43729210,66.34173,87.42757,87.60111,0.21216157,-0.26221264,0.47437421,97.85936,94.96048,26.42391,154.68415,1.083144,89.26804,86.38463,83.50122,2024-04-11,11:30
2024-04-11 12:30:00,89.2,89.87,89.133,89.787,50621130,69.21337,87.74068,88.038288,0.39167709,-0.13143469,0.52311179,98.65279,97.27297,25.73055,166.76494,1.058420,89.74120,86.51278,83.28437,2024-04-11,12:30
2024-04-11 13:30:00,89.802,90.197,89.52,90.1902,45846840,71.040636,88.14704,88.46867,0.56002356,0.0068569570,0.55316661,99.89520,98.80245,25.37042,163.76327,1.031175,90.25530,86.65942,83.063528,2024-04-11,13:30
2024-04-11 14:30:00,90.197,90.23999,89.738,90.181,42587160,70.93720,88.51992,88.81114,0.68480317,0.14244620,0.54235697,99.096760,99.21492,25.074014,146.42884,0.99337615,90.71614,86.80907,82.90199,2024-04-11,14:30
2024-04-11 15:30:00,90.163,90.73899,90.10705,90.616,43937220,72.94359,88.96065,89.17211,0.80946161,0.27584928,0.53361232,98.25047,99.080810,25.23407,140.0034527,0.96755926,91.19764,87.11902,83.040395,2024-04-11,15:30
2024-04-12 09:30:00,89.699,90.17499,88.832,89.21638,106907760,58.86285,89.21722,89.18096,0.78625360,0.37793014,0.40832345,71.72498,89.69074,23.78666,85.15770,1.025876,91.28815,87.38099,83.47382,2024-04-12,09:30
2024-04-12 10:30:00,89.2,89.39,88.293,89.25618,63822700,59.10461,89.46969,89.19601,0.76228554,0.45480122,0.30748432,72.46409,80.81318,22.28733,60.55332,1.030957,91.38942,87.61074,83.83207,2024-04-12,10:30
2024-04-12 11:30:00,89.267,89.55,88.669,88.725,46267480,54.50110,89.54552,89.10181,0.69244658,0.50233029,0.19011628,62.59995,68.92967,20.72544,54.071619,1.020245,91.36248,87.81554,84.26860,2024-04-12,11:30
2024-04-12 12:30:00,88.73649,88.998,88.4,88.565,39720860,53.15806,89.52629,88.99444,0.61707497,0.52527923,0.091795740,59.62878,64.89761,19.56073,34.80095,0.99008496,91.25130,88.013145,84.77498,2024-04-12,12:30
2024-04-12 13:30:00,88.549,88.754,88.181,88.30599,37255080,50.96837,89.42697,88.85675,0.53032879,0.52628914,0.0040396493,54.81884,59.015857,18.71139,17.51003,0.96029304,91.099101,88.18084,85.26259,2024-04-12,13:30
2024-04-12 14:30:00,88.2965,88.30173,87.53,87.96218,56525760,48.13413,89.22421,88.67784,0.42889559,0.50681043,-0.077914839,30.89291,48.44684,18.57023,-15.10997,0.94712845,90.93208,88.31075,85.68942,2024-04-12,14:30
2024-04-12 15:30:00,87.9575,88.47,87.94467,88.23,42434790,50.44580,89.0064148,88.58827,0.36590169,0.47862868,-0.11272699,34.19884,39.97020,18.21732,-6.64734,0.91699996,90.89079,88.39415,85.89751,2024-04-12,15:30
2024-04-15 09:30:00,89.1285,90.613,88.23,89.93444,134653970,62.041250,88.97902,88.85751,0.44834467,0.47257188,-0.024227212,74.92834,46.67337,18.11225,73.85155,1.021714,91.035127,88.54242,86.049723,2024-04-15,09:30
2024-04-15 10:30:00,89.934,90.12199,88.304,88.68,57052030,52.33498,88.76391,88.82200,0.40775785,0.45960907,-0.051851227,35.83682,48.32133,18.014690,32.45134,1.078591,90.96574,88.64977,86.33381,2024-04-15,10:30
2024-04-15 11:30:00,88.687,89.19565,88.305,88.30627,37738270,49.83356,88.66278,88.71886,0.34149899,0.43598706,-0.094488071,24.19046,44.98521,17.92410,-5.33360,1.065167,90.89165,88.72384,86.55603,2024-04-15,11:30
2024-04-15 12:30:00,88.305,88.35116,86.78,86.857,52311740,41.54169,88.39621,88.34649,0.17008396,0.38280644,-0.21272248,1.94499,20.65742,17.048579,-113.27620,1.10131,90.86386,88.73421,86.60457,2024-04-15,12:30
2024-04-15 13:30:00,86.8845,87.071887,86.33301,86.814,52089860,41.32200,88.18388,88.039989,0.030416014,0.31232835,-0.28191234,10.91683,12.35076,16.62060,-165.78258,1.075422,90.87552,88.72955,86.58359,2024-04-15,13:30
2024-04-15 14:30:00,86.786,87.27899,86.014001,86.0258,46535090,37.41591,87.90174,87.63715,-0.14223356,0.22141597,-0.36364953,0.24969579,4.37051,16.49044,-182.61610,1.088962,91.015875,88.68164,86.34741,2024-04-15,14:30
2024-04-15 15:30:00,86.034003,86.6859,85.92901,86.001001,39316640,37.29645,87.64563,87.30992,-0.27785767,0.12156124,-0.39941891,1.53696,4.23450,16.44216,-176.72106,1.065243,91.18004,88.57957,85.97910,2024-04-15,15:30
2024-04-16 09:30:00,86.49,87.9,86.068011,87.082001,119026760,45.46926,87.54783,87.26434,-0.29471580,0.038305834,-0.33302163,24.61557,8.80074,15.42055,-101.35321,1.12480,91.17604,88.49677,85.81749,2024-04-16,09:30
2024-04-16 10:30:00,87.059802,87.55,86.612,87.43351,52692470,47.84956,87.45934,87.29817,-0.27652466,-0.024660266,-0.25186440,32.12001,19.42418,14.47191,-79.032856,1.11145,91.10558,88.40845,85.71131,2024-04-16,10:30
2024-04-16 11:30:00,87.433,87.465,86.713,86.999,32063820,45.22179,87.13318,87.23834,-0.29378278,-0.078484768,-0.21529801,22.84354,26.52637,13.59103,-78.24833,1.085779,90.95495,88.26905,85.58315,2024-04-16,11:30
2024-04-16 12:30:00,86.988,87.778,86.906,87.46492,34252650,48.48848,86.99817,87.28365,-0.26678890,-0.11614559,-0.15064330,32.79057,29.25137,13.10540,-51.62133,1.070509,90.68835,88.13278,85.57721,2024-04-16,12:30
2024-04-16 13:30:00,87.44801,88.114,86.801,87.3325,51095240,47.61933,86.88997,87.29342,-0.25316260,-0.14354899,-0.10961360,29.96358,28.53256,13.0013184,-43.32508,1.087830,90.38595,87.99036,85.59477,2024-04-16,13:30
2024-04-16 14:30:00,87.315,88.088,87.315,87.83851,37589150,51.21782,86.99903,87.40244,-0.19923654,-0.15468650,-0.044550034,40.76646,34.50687,12.90467,-13.13274,1.065342,89.92212,87.85148,85.78085,2024-04-16,14:30
2024-04-16 15:30:00,87.8505,87.87999,87.38001,87.4139,25867530,48.22396,87.065681,87.40473,-0.18858825,-0.16146685,-0.027121395,31.70134,34.14379,12.81493,-22.29338,1.024959,89.74145,87.76136,85.78127,2024-04-16,15:30
2024-04-17 09:30:00,88.3,88.775,86.032001,86.692,122916200,43.56179,87.13970,87.26218,-0.23568383,-0.17631025,-0.059373584,18.19680,30.22153,12.71849,-50.043377,1.14768,89.54019,87.63315,85.72611,2024-04-17,09:30
2024-04-17 10:30:00,86.66701,86.839,85.55501,86.176,64717290,40.54453,87.15915,87.044948,-0.31105841,-0.20325988,-0.10779853,17.057179,22.31844,13.091336,-125.95764,1.15741,89.44427,87.50570,85.56713,2024-04-17,10:30
2024-04-17 11:30:00,86.197,86.213,84.76,85.138,62364330,35.25451,86.94315,86.66356,-0.44937119,-0.25248214,-0.19688905,9.41476,14.88958,14.11759,-179.49114,1.17853,89.46446,87.33435,85.20424,2024-04-17,11:30
2024-04-17 12:30:00,85.13792,85.393,84.335,85.033002,64495830,34.76045,86.67642,86.33745,-0.56099084,-0.31418388,-0.24680696,15.72081,14.064249,15.39496,-188.67707,1.16992,89.47302,87.17070,84.86838,2024-04-17,12:30
2024-04-17 13:30:00,85.052002,85.48,84.934,85.207,41742930,36.35228,86.47731,86.11136,-0.62816881,-0.37698087,-0.25118795,19.63970,14.92509,16.45272,-142.81147,1.12535,89.45590,87.032942,84.60999,2024-04-17,13:30
2024-04-17 14:30:00,85.205,85.784,84.068011,84.1005,68936150,31.14754,86.10349,85.70919,-0.76191033,-0.45396676,-0.30794357,0.69022929,12.016912,18.069854,-155.69390,1.16754,89.49732,86.82647,84.15562,2024-04-17,14:30
2024-04-17 15:30:00,84.111,84.62113,83.95,84.045001,48464610,30.90851,85.73821,85.37635,-0.86243813,-0.53566104,-0.32677709,1.96894,7.43296,19.65130,-161.41988,1.13208,89.062211,86.53200,84.0017793,2024-04-17,15:30
2024-04-18 09:30:00,84.977,85.1,82.402,84.58888,149591780,36.085088,85.37714,85.21886,-0.88798458,-0.60612574,-0.28185883,34.31474,12.32463,21.99884,-150.48427,1.24393,88.79056,86.32744,83.86432,2024-04-18,09:30
2024-04-18 10:30:00,84.61716,85.792,84.605,85.471,66694440,43.48150,85.16127,85.26928,-0.82751134,-0.65040286,-0.17710848,48.15630,28.14666,23.19652,-62.96458,1.24102,88.49871,86.18568,83.87264,2024-04-18,10:30
2024-04-18 11:30:00,85.49,86.18999,85.36901,86.026111,46986410,47.59161,85.087278,85.42065,-0.72641953,-0.66560620,-0.060813335,56.86662,46.44589,23.78443,-21.55890,1.21102,88.43720,86.14413,83.85106,2024-04-18,11:30
2024-04-18 12:30:00,86.02525,86.062378,84.1,84.652,59675980,39.86361,84.91794,85.26692,-0.74855378,-0.68219571,-0.066358069,35.30520,46.77604,25.083151,-74.29000,1.26468,88.39548,86.036031,83.67658,2024-04-18,12:30
2024-04-18 13:30:00,84.669,84.877,84.223,84.655,41818250,39.88654,84.86428,85.14454,-0.75712584,-0.69718174,-0.059944103,35.35223,42.50802,26.28911,-86.21655,1.22106,88.40257,85.96749,83.53241,2024-04-18,13:30
2024-04-18 14:30:00,84.616,84.933,84.315,84.678,35507070,40.075392,84.82483,85.051229,-0.75337854,-0.70842110,-0.044957440,35.71319,35.45687,27.32978,-74.58462,1.17799,88.40023,85.90134,83.40245,2024-04-18,14:30
2024-04-18 15:30:00,84.68,85.166,84.439,84.658,29485170,39.95785,84.76383,84.97258,-0.74345265,-0.71542741,-0.028025239,35.39935,35.48826,27.95617,-62.18961,1.14577,88.27335,85.78014,83.28693,2024-04-18,15:30
2024-04-19 09:30:00,83.15,84.324,81.5145,81.9305,150371440,27.92816,84.52272,84.36417,-0.94478210,-0.76129835,-0.18348375,7.81289,26.30848,29.96887,-169.48123,1.28847,88.39125,85.50499,82.61873,2024-04-19,09:30
2024-04-19 10:30:00,81.9245,82.67,81.281,81.8685,89207530,27.72384,84.28089,83.86503,-1.096698,-0.82837827,-0.26831967,11.91200,18.37475,31.92005,-186.13392,1.29565,88.45247,85.24847,82.044459,2024-04-19,10:30
2024-04-19 11:30:00,81.878,82.2635,80.208,80.225,91337390,22.93404,83.79601,83.13703,-1.33433,-0.92956816,-0.40475956,0.28415787,6.66968,34.082654,-213.10718,1.34992,88.60211,84.88647,81.17083,2024-04-19,11:30
2024-04-19 12:30:00,80.217,81.409,80.214,80.364,71645740,24.12797,83.22857,82.58242,-1.49421,-1.042497,-0.45171384,2.60782,4.93466,36.090784,-193.99949,1.33886,88.56475,84.53805,80.51134,2024-04-19,12:30
2024-04-19 13:30:00,80.3544,80.64,78.123,78.188,131629180,19.13125,82.35767,81.70354,-1.77603,-1.18920,-0.58682734,0.80578287,1.23259,38.51242,-214.97689,1.42301,88.65650,84.055520,79.45454,2024-04-19,13:30
2024-04-19 14:30:00,78.137,78.646,76.223,76.944,173555510,16.96785,81.50122,80.75163,-2.075827,-1.36653,-0.70929885,7.23390,3.54917,41.12101,-215.62178,1.49444,88.81708,83.53203,78.24697,2024-04-19,14:30
2024-04-19 15:30:00,76.959,77.118,75.606,76.215,124058660,15.83760,80.56345,79.84430,-2.34521,-1.56226,-0.78294357,5.75400,4.59789,43.64221,-194.40612,1.49569,88.97012,83.0081754,77.046226,2024-04-19,15:30
2024-04-22 09:30:00,78.111,79.626,76.4,77.141,211566460,22.86605,79.72600,79.30364,-2.45567,-1.74094,-0.71472176,14.50301,9.16364,43.52122,-130.95247,1.63250,88.84978,82.55643,76.26307,2024-04-22,09:30
2024-04-22 10:30:00,77.133,78.248,76.2,77.878,83969190,28.018452,78.97267,79.018515,-2.45543,-1.88384,-0.57158892,21.46641,13.90781,43.47731,-118.74042,1.66218,88.68371,82.19343,75.70314,2024-04-22,10:30
2024-04-22 11:30:00,77.851,78.9,77.738,78.484,63878360,32.038343,78.58972,78.91161,-2.37892,-1.98286,-0.39606428,27.52390,21.16444,42.87753,-85.075457,1.62645,88.41076,81.86598,75.32119,2024-04-22,11:30
2024-04-22 12:30:00,78.5,79.5,78.157,79.471,46113040,38.10155,78.32333,79.023490,-2.21313,-2.028913,-0.18422115,40.42891,29.80641,41.82388,-62.0011067,1.60621,88.015005,81.57918,75.14335,2024-04-22,12:30
2024-04-22 13:30:00,79.467,80.070001,79.080011,79.638,62807110,39.091682,78.25811,79.14639,-2.044701,-2.032071,-0.012630154,42.17575,36.70952,40.38762,-43.89592,1.56219,87.73594,81.35605,74.97616,2024-04-22,13:30
2024-04-22 14:30:00,79.6435,80.032001,79.127,79.462,57963570,38.39462,78.15789,79.20951,-1.90348,-2.0063517,0.10287588,40.33474,40.97980,39.053939,-40.64061,1.51525,87.43280,81.12690,74.82100,2024-04-22,14:30
2024-04-22 15:30:00,79.4745,79.655,78.873,79.51,43989810,38.71556,78.30478,79.26961,-1.76731,-1.95854,0.19123455,44.78089,42.43046,37.95647,-41.064914,1.46287,87.0074655,80.87296,74.73845,2024-04-22,15:30
2024-04-23 09:30:00,80.795,82.447,80.264,82.3887,143025880,54.14522,78.90975,79.89343,-1.41084,-1.84900,0.43815910,96.017854,60.37783,35.58349,24.095029,1.56817,86.52989,80.71884,74.90779,2024-04-23,09:30
2024-04-23 10:30:00,82.397,82.757,81.83001,82.439,83205130,54.36143,79.60130,80.40254,-1.11147,-1.70150,0.59002458,95.55308,78.78394,33.56200,50.13397,1.52237,85.88719,80.53949,75.19178,2024-04-23,10:30
2024-04-23 11:30:00,82.419,82.695,81.917,82.152,39952820,52.83072,80.15808,80.75244,-0.88715028,-1.53863,0.65147745,91.53966,94.37020,31.68489,54.74303,1.46920,85.48134,80.41449,75.34764,2024-04-23,11:30
2024-04-23 12:30:00,82.17185,82.229,81.461,81.876,40825180,51.33373,80.60230,80.97715,-0.72330645,-1.37556,0.65225702,87.68005,91.59093,29.60751,49.71806,1.41912,85.011204,80.27554,75.53987,2024-04-23,12:30
2024-04-23 13:30:00,81.8813,82.69899,81.76936,82.578,39691610,54.83890,81.057190,81.29732,-0.53069581,-1.20659,0.67589413,97.49688,92.23887,27.99989,74.23988,1.38415,84.59393,80.17054,75.74715,2024-04-23,13:30
2024-04-23 14:30:00,82.583,82.676,82.045007,82.626,36557580,55.077145,81.40775,81.56306,-0.36991332,-1.039255,0.66934130,98.16809,94.44834,26.50709,87.18730,1.33035,84.15593,80.068936,75.98195,2024-04-23,14:30
2024-04-23 15:30:00,82.6255,82.76894,82.15278,82.4769,29455590,54.12199,81.72318,81.74582,-0.25162283,-0.88172826,0.63010543,95.55421,97.073063,25.19048,88.37562,1.27934,84.23957,80.096256,75.95294,2024-04-23,15:30
2024-04-24 09:30:00,83.978,84.082001,82.213,82.98,120663270,56.84169,82.11407,81.99266,-0.11594422,-0.72857145,0.61262723,86.018753,93.24702,24.87114,106.36154,1.32146,84.41677,80.15183,75.88689,2024-04-24,09:30
2024-04-24 10:30:00,82.97934,83.448,81.64001,81.978,67034890,50.42962,82.38829,81.98973,-0.088253310,-0.60050782,0.51225451,66.83484,82.80260,24.051026,73.80277,1.35621,84.57825,80.23948,75.90071,2024-04-24,10:30
2024-04-24 11:30:00,81.9695,82.20699,80.44876,80.7095,69276460,43.70760,82.20171,81.73368,-0.16674377,-0.51375501,0.34701125,43.080107,65.31123,22.34598,29.23550,1.38493,84.60012,80.25676,75.91339,2024-04-24,11:30
2024-04-24 12:30:00,80.719,81.62499,80.065997,81.47395,56421800,48.18962,82.094484,81.68174,-0.16535691,-0.44407539,0.27871848,49.93186,53.28227,21.046253,23.76630,1.39736,84.68687,80.42105,76.15524,2024-04-24,12:30
2024-04-24 13:30:00,81.465,81.886,80.0080017,80.03255,53189980,41.48288,81.85899,81.35190,-0.27736942,-0.41073420,0.13336478,22.26054,38.42417,19.62828,3.49138,1.43169,84.53957,80.57548,76.61139,2024-04-24,13:30
2024-04-24 14:30:00,80.04151,80.244,79.183,79.856,72650970,40.73506,81.63454,81.052719,-0.37605138,-0.40379763,0.027746250,18.87121,30.35454,18.93318,-42.68381,1.40521,84.20459,80.75753,77.31047,2024-04-24,14:30
2024-04-24 15:30:00,79.83782,80.030988,79.35,79.7,42488040,40.048078,81.31477,80.78217,-0.46152525,-0.41534316,-0.046182096,10.55314,17.22830,18.28774,-53.90810,1.35348,83.95542,80.88548,77.81554,2024-04-24,15:30
2024-04-25 09:30:00,78.86801,82.415,78.223,81.997,151173010,52.69782,81.24488,81.025139,-0.33999618,-0.40027376,0.060277582,64.41368,31.27934,18.063524,-6.47295,1.55623,83.86506,81.091430,78.31780,2024-04-25,09:30
2024-04-25 10:30:00,82.021997,82.1381,81.155,81.65383,51228400,50.96761,81.15343,81.15088,-0.26828140,-0.37387529,0.10559389,58.55664,44.50782,17.85533,29.89317,1.51530,83.75911,81.24992,78.74073,2024-04-25,10:30
2024-04-25 11:30:00,81.65195,82.143,81.040002,82.066998,39217320,52.96973,81.051981,81.33410,-0.17607822,-0.33431588,0.15823765,65.60844,62.85958,17.55846,30.28868,1.48585,83.77331,81.37972,78.98613,2024-04-25,11:30
2024-04-25 12:30:00,82.067999,82.66,81.7,82.4445,38765080,54.78633,81.10381,81.55618,-0.071718519,-0.28179641,0.21007789,72.051557,65.40554,17.63693,59.62618,1.44829,83.81581,81.52005,79.22428,2024-04-25,12:30
2024-04-25 13:30:00,82.441,83.2,82.431,82.568,43385880,55.39335,81.31031,81.75855,0.020713822,-0.22129436,0.24200818,74.15940,70.60647,18.062473,88.56622,1.39977,83.80762,81.67535,79.54307,2024-04-25,13:30
2024-04-25 14:30:00,82.546,83.32299,82.32,82.9385,40194300,57.24778,81.47304,81.99454,0.12245196,-0.15254510,0.27499706,80.48303,75.56466,18.53768,95.91163,1.37142,83.79880,81.84677,79.89475,2024-04-25,14:30
2024-04-25 15:30:00,82.96,82.98453,82.386,82.601,26494320,55.0045346,81.75843,82.11583,0.17384279,-0.087267520,0.26111031,74.72266,76.45503,18.97894,70.97436,1.31622,83.82334,81.85739,79.89143,2024-04-25,15:30
2024-04-26 09:30:00,83.899,86.98,83.387,86.21699,167548330,69.013989,82.46520,82.93606,0.50058028,0.030302040,0.47027824,91.28690,82.16420,21.30285,254.10647,1.53499,84.77682,82.046286,79.31575,2024-04-26,09:30
2024-04-26 10:30:00,86.216,87.41409,86.11601,86.99864,83889770,71.10808,83.27616,83.74858,0.81322016,0.18688566,0.62633449,95.47982,87.16313,23.59925,271.56850,1.51807,85.77055,82.28862,78.80668,2024-04-26,10:30
2024-04-26 11:30:00,86.999,87.162,86.226,87.015308,54327160,71.15286,83.83375,84.40192,1.050228,0.35955416,0.69067400,95.66118,94.14263,25.73161,216.57691,1.47649,86.58217,82.54558,78.50900,2024-04-26,11:30
2024-04-26 12:30:00,87.002002,88.33093,86.87,88.14768,63760140,74.090292,84.55529,85.15107,1.31428,0.55049964,0.76378190,98.18705,96.44268,28.080744,203.29754,1.47538,87.54215,82.82407,78.10599,2024-04-26,12:30
2024-04-26 13:30:00,88.154,88.175,87.012,87.574,59314260,70.19077,85.16718,85.63566,1.46042,0.73248363,0.72793598,92.51149,95.45324,30.26208,155.43197,1.45307,88.22122,83.071467,77.92171,2024-04-26,13:30
2024-04-26 14:30:00,87.58586,87.84853,86.886,87.807,53501610,70.86156,85.76301,86.069928,1.57686,0.90135877,0.67550056,94.81663,95.17172,32.13253,125.93963,1.41803,88.87424,83.33797,77.80171,2024-04-26,14:30
2024-04-26 15:30:00,87.816,87.857,87.228,87.69,42372890,70.0096373,86.33212,86.39394,1.64078,1.049244,0.59154012,93.65914,93.66242,33.87246,108.30297,1.36167,89.42076,83.57347,77.72618,2024-04-26,15:30
2024-04-29 09:30:00,87.595,87.798,85.357,87.35466,144745780,67.50456,86.82281,86.58609,1.64542,1.16848,0.47693912,86.60972,91.69516,33.35758,77.81668,1.43876,89.86327,83.84231,77.82134,2024-04-29,09:30
2024-04-29 10:30:00,87.35,87.651,86.53805,86.999,59715440,64.85407,87.31148,86.66867,1.60193,1.25517,0.34675744,81.73164,87.33350,32.87948,74.12079,1.41549,90.14732,84.15678,78.16624,2024-04-29,10:30
2024-04-29 11:30:00,86.98135,87.18,86.452,87.10787,32860330,65.30316,87.41046,86.75651,1.55828,1.31579,0.24248908,81.55516,83.29884,32.34448,63.48246,1.36638,90.42775,84.43848,78.44920,2024-04-29,11:30
2024-04-29 12:30:00,87.11999,87.952,86.88,87.9045,32260600,68.47730,87.51111,86.98611,1.56987,1.36661,0.20326733,92.90569,85.39749,32.31997,72.44403,1.34536,90.64344,84.83207,79.020710,2024-04-29,12:30
2024-04-29 13:30:00,87.9045,87.992,87.202,87.5875,32764340,65.89405,87.57469,87.10638,1.53578,1.40044,0.13533911,87.63199,87.36428,32.32111,67.49608,1.30569,90.67212,85.21865,79.76517,2024-04-29,13:30
2024-04-29 14:30:00,87.5815,87.5815,86.525,87.086981,34512800,61.92202,87.45683,87.10250,1.45164,1.41068,0.040958806,79.075438,86.53770,31.54417,49.35298,1.28832,90.46670,85.58800,80.70929,2024-04-29,14:30
2024-04-29 15:30:00,87.11,87.95796,87.079999,87.747,28709840,64.92456,87.47606,87.23140,1.42183,1.41291,0.0089156921,88.18885,84.96542,31.086305,61.20172,1.25901,90.54715,85.87550,81.20385,2024-04-29,15:30
2024-04-30 09:30:00,87.142,88.813,87.072778,87.4895,106541010,62.84262,87.44078,87.28302,1.36172,1.40267,-0.040949658,61.70432,76.32287,31.21223,64.59958,1.29338,90.46150,86.16728,81.87306,2024-04-30,09:30
2024-04-30 10:30:00,87.45,88.18999,87.0099976,87.496,51716860,62.87498,87.41922,87.32562,1.29963,1.38207,-0.082430717,61.89241,70.59519,31.25246,54.078393,1.28528,90.32926,86.43873,82.54821,2024-04-30,10:30
2024-04-30 11:30:00,87.51,87.547,86.70003,87.35,37289160,61.57762,87.41871,87.33049,1.22453,1.35056,-0.12602663,57.66781,60.42151,30.90196,34.51289,1.25397,90.12942,86.68401,83.23860,2024-04-30,11:30
2024-04-30 12:30:00,87.3675,87.3675,86.3,86.612,34974320,55.35950,87.37571,87.18680,1.092864,1.29902,-0.20615544,36.31362,51.95795,30.087650,0.25654162,1.24065,89.77066,86.88621,84.0017563,2024-04-30,12:30
2024-04-30 13:30:00,86.6,87.154,86.463,86.707,26320930,55.97579,87.33116,87.090837,0.98483013,1.23618,-0.25135177,39.062503,44.34798,29.33151,-18.18051,1.20139,89.32576,87.074631,84.82350,2024-04-30,13:30
2024-04-30 14:30:00,86.701,87.18,86.66,87.036749,29736480,58.13618,87.23475,87.080019,0.91526948,1.17200,-0.25672993,48.60384,41.32666,28.65276,-33.61538,1.15272,88.22832,87.29642,86.36452,2024-04-30,14:30
2024-04-30 15:30:00,87.023462,87.389,86.335,86.37,31944920,52.52363,87.099470,86.93802,0.79715210,1.097030,-0.29987785,29.31136,38.99257,27.57826,-98.52326,1.14567,88.20230,87.30407,86.40584,2024-04-30,15:30
2024-05-01 09:30:00,85.05,85.549,83.0080017,83.752,116387310,37.29760,86.72892,86.30081,0.48668239,0.97496044,-0.48827805,12.81654,30.24391,27.58958,-405.10227,1.30398,88.93232,87.14174,85.35115,2024-05-01,09:30
2024-05-01 10:30:00,83.792,84.41335,82.28,82.7105,77125020,33.17713,86.16931,85.58275,0.15480772,0.81092990,-0.65612218,6.58961,16.23917,28.0077937,-352.81437,1.36322,89.56181,86.92650,84.29119,2024-05-01,10:30
2024-05-01 11:30:00,82.695,83.090002,81.25456,82.254,73550810,31.53279,85.58758,84.91700,-0.14338821,0.62006627,-0.76345449,13.22281,10.87632,28.90479,-282.63658,1.39695,89.89765,86.63181,83.36598,2024-05-01,11:30
2024-05-01 12:30:00,82.287,82.354,81.42,82.098993,41552280,30.97147,84.98792,84.35340,-0.38774851,0.41850332,-0.80625183,11.17206,10.32816,29.73772,-209.14641,1.36388,90.13929,86.35806,82.57683,2024-05-01,12:30
2024-05-01 13:30:00,82.1,83.789,81.96701,83.75,64436570,42.67631,84.58792,84.23272,-0.44307583,0.24618749,-0.68926332,33.015282,19.13672,29.025577,-122.71632,1.39660,90.037687,86.15521,82.27274,2024-05-01,13:30
2024-05-01 14:30:00,83.735,85.999,82.68,85.035999,110321450,49.81454,84.41280,84.39337,-0.37878737,0.12119252,-0.49997989,50.029353,31.40557,27.22600,-55.99854,1.53392,89.86732,86.022512,82.17770,2024-05-01,14:30
2024-05-01 15:30:00,85.028003,85.028003,83.0,83.097998,52968680,41.43978,84.011804,84.13430,-0.47870059,0.0012138950,-0.47991448,24.38914,35.81126,25.55497,-78.65090,1.56978,89.80430,85.80968,81.81505,2024-05-01,15:30
2024-05-02 09:30:00,84.48,85.656,83.2,84.2505,124779640,47.13200,83.70222,84.15754,-0.45958738,-0.090946359,-0.36864102,43.19762,39.20537,24.42216,-48.037760,1.64037,89.68284,85.67225,81.66167,2024-05-02,09:30
2024-05-02 10:30:00,84.24659,85.18,83.82,84.634,51549030,48.91156,83.50933,84.25283,-0.40878241,-0.15451357,-0.25426884,53.70643,40.43106,23.37026,-37.14792,1.62034,89.52688,85.54856,81.57025,2024-05-02,10:30
2024-05-02 11:30:00,84.656,85.165,84.464,84.72,33286910,49.32350,83.61689,84.34627,-0.35745918,-0.19510269,-0.16235649,56.49156,51.13187,22.39350,-24.21679,1.55467,89.23027,85.38934,81.54840,2024-05-02,11:30
2024-05-02 12:30:00,84.71579,85.5,84.225,85.486,31912490,52.96168,83.92528,84.57421,-0.25206986,-0.20649612,-0.045573734,68.97839,59.72546,21.73833,-9.20406,1.53470,88.99157,85.28426,81.57696,2024-05-02,12:30
2024-05-02 13:30:00,85.5,85.76899,85.163,85.289,35873370,51.92914,84.26250,84.71717,-0.18234215,-0.20166533,0.019323176,65.76706,63.74567,21.33238,7.98061,1.46836,88.80848,85.19436,81.58025,2024-05-02,13:30
2024-05-02 14:30:00,85.29823,86.236,85.26,86.015503,40580310,55.38375,84.69767,84.97684,-0.067679681,-0.17486820,0.10718852,77.61005,70.78516,21.30048,31.80478,1.43319,88.55213,85.10779,81.66344,2024-05-02,14:30
2024-05-02 15:30:00,86.015002,86.15854,85.63301,85.816,29252670,54.23117,84.92722,85.14467,0.0070118908,-0.13849218,0.14550407,91.56868,78.31526,21.27085,40.34884,1.36836,88.31065,85.024112,81.73758,2024-05-02,15:30
2024-05-03 09:30:00,87.789,88.94746,87.040009,87.862,133416280,62.78467,85.24122,85.68814,0.22866487,-0.065060771,0.29372564,85.89009,85.022939,22.85374,138.014630,1.49430,88.38736,85.042412,81.69747,2024-05-03,09:30
2024-05-03 10:30:00,87.887,88.54,87.52601,88.024591,57604840,63.37052,85.78862,86.15543,0.41268901,0.030489185,0.38219983,88.0036179,88.48746,24.32357,135.59965,1.45999,88.52546,85.076142,81.62683,2024-05-03,10:30
2024-05-03 11:30:00,88.05,88.747,87.989,88.541,40671850,65.24203,86.26534,86.63254,0.59335926,0.14306320,0.45029606,94.60026,89.49799,25.78515,141.064717,1.40985,88.88606,85.17259,81.45912,2024-05-03,11:30
2024-05-03 12:30:00,88.55627,89.11,88.44801,88.824,40386560,66.25944,86.73090,87.070832,0.75072373,0.26459531,0.48612843,95.99609,92.86666,27.31296,142.37560,1.35643,89.27102,85.27844,81.28586,2024-05-03,12:30
2024-05-03 13:30:00,88.824,89.2,88.61,89.122,37575410,67.34342,87.22001,87.48107,0.88923166,0.38952258,0.49970908,98.80364,96.46666,28.77472,136.50632,1.30168,89.65277,85.38270,81.11264,2024-05-03,13:30
2024-05-03 14:30:00,89.1265,89.281,88.60201,88.863,40360690,65.37751,87.59523,87.75745,0.96695487,0.50500904,0.46194583,93.34502,96.048250,30.17291,120.97246,1.25720,90.023864,85.50735,80.99084,2024-05-03,14:30
2024-05-03 15:30:00,88.878,88.92999,88.597,88.787,27984490,64.77990,87.98390,87.96336,1.010767,0.60616062,0.40460632,91.87633,94.67500,31.46350,101.30681,1.19119,90.41532,85.75910,81.10289,2024-05-03,15:30
2024-05-06 09:30:00,89.362,91.68799,89.054999,91.2384,133651230,73.26785,88.56422,88.61837,1.22913,0.73075389,0.49837312,94.28582,93.16906,33.77715,139.96156,1.31332,91.19537,86.18550,81.17563,2024-05-06,09:30
2024-05-06 10:30:00,91.237,91.77499,88.789,91.714,54092580,74.54937,89.21955,89.23750,1.42414,0.86943104,0.55470860,99.19223,95.11813,35.56997,125.20813,1.43279,91.87630,86.65850,81.44070,2024-05-06,10:30
2024-05-06 11:30:00,91.71562,91.96285,91.51501,91.604,38552680,73.66969,89.63533,89.71080,1.55192,1.0059294,0.54599323,95.36240,96.28015,37.30108,136.65718,1.36244,92.33526,87.13375,81.93224,2024-05-06,11:30
2024-05-06 12:30:00,91.62899,91.991,91.445,91.713,32279230,73.99712,90.045154,90.11124,1.64305,1.13335,0.50969417,95.92857,96.82774,38.80601,124.82871,1.30412,92.85408,87.53190,82.20972,2024-05-06,12:30
2024-05-06 13:30:00,91.74499,91.93299,91.62001,91.9215,24612940,74.64659,90.42077,90.47329,1.71235,1.24915,0.46319717,98.96754,96.75284,40.20344,117.24973,1.23333,93.39517,87.87617,82.35718,2024-05-06,13:30
2024-05-06 14:30:00,91.92334,92.22,91.818,91.98,40238010,74.83648,90.77143,90.77463,1.75180,1.34968,0.40211699,96.35642,97.084179,41.62284,114.087636,1.17395,93.65624,88.32027,82.98431,2024-05-06,14:30
2024-05-06 15:30:00,91.967,92.165,91.67101,92.161,31252820,75.44922,91.10910,91.051905,1.77718,1.43518,0.34199968,98.86095,98.061638,42.68828,105.34768,1.12538,93.95835,88.71580,83.47325,2024-05-06,15:30
2024-05-07 09:30:00,91.085999,91.78099,89.012,89.736,145149690,55.83310,91.20610,90.78872,1.58337,1.46482,0.11854901,47.081257,80.76621,40.31343,43.32609,1.26992,93.88007,88.97090,84.061724,2024-05-07,09:30
2024-05-07 10:30:00,89.738,90.83492,89.692,90.427,61420700,59.096508,91.38832,90.71638,1.46860,1.46557,0.0030236820,57.62233,67.85484,38.10822,41.24985,1.26085,93.79324,89.25625,84.71925,2024-05-07,10:30
2024-05-07 11:30:00,90.432,91.53999,90.316,91.397,46710590,63.20632,91.40594,90.85250,1.43932,1.46032,-0.021002405,78.18117,60.96159,36.60834,61.39081,1.25822,93.83065,89.55180,85.27295,2024-05-07,11:30
2024-05-07 12:30:00,91.394,91.68232,91.04101,91.597,36875970,64.0092890,91.39294,91.0014018,1.41594,1.45145,-0.035510472,82.80421,72.86924,35.32264,68.65075,1.21415,93.75473,89.86720,85.97967,2024-05-07,12:30
2024-05-07 13:30:00,91.63,91.72,89.9,90.15,53212420,54.70701,91.23139,90.83112,1.26605,1.41437,-0.14831886,42.86506,67.95015,32.98500,27.56449,1.25743,93.53670,90.073924,86.61114,2024-05-07,13:30
2024-05-07 14:30:00,90.17199,90.659,89.721,90.354,44873960,55.68479,91.080388,90.73570,1.15046,1.36159,-0.21112570,48.49569,58.054986,30.65092,1.46971,1.23461,93.15995,90.30082,87.44170,2024-05-07,14:30
2024-05-07 15:30:00,90.3595,90.725,90.12592,90.535,25799400,56.58043,90.92633,90.69556,1.061227,1.30151,-0.24028658,50.88884,47.41653,28.54605,7.49893,1.18922,93.065927,90.43447,87.80302,2024-05-07,15:30
2024-05-08 09:30:00,89.488,91.194,89.42,90.983,99521120,58.79999,90.81555,90.75305,1.014960,1.24420,-0.22924291,63.94638,54.44364,27.086155,4.57766,1.23099,92.97733,90.58239,88.18746,2024-05-08,09:30
2024-05-08 10:30:00,91.001001,91.114,89.532,89.9645,54917360,52.25950,90.57150,90.59534,0.88589642,1.17254,-0.28664510,29.69146,48.17556,25.73053,-28.89412,1.25606,92.88030,90.65357,88.42684,2024-05-08,10:30
2024-05-08 11:30:00,89.9645,90.21799,89.5405,90.14587,41819910,53.25659,90.61704,90.50544,0.78915059,1.095863,-0.30671275,35.34501,42.99428,24.47174,-56.71056,1.21473,92.79883,90.71966,88.64049,2024-05-08,11:30
2024-05-08 12:30:00,90.14755,90.52,89.93301,89.959,28775810,52.050366,90.56504,90.39616,0.68945277,1.014581,-0.32512845,29.52003,31.51883,22.94173,-50.33987,1.16989,92.74170,90.76151,88.78132,2024-05-08,12:30
2024-05-08 13:30:00,89.934,90.535,89.861,90.51454,26328640,55.29230,90.46699,90.41983,0.64780118,0.94122521,-0.29342403,46.83723,37.23409,21.60317,-44.77320,1.13447,92.62880,90.84409,89.059375,2024-05-08,13:30
2024-05-08 14:30:00,90.519,90.578,90.06001,90.361,28079930,54.20155,90.32966,90.40807,0.59553762,0.87208769,-0.27655008,42.78458,39.71395,20.30385,-54.35159,1.090439,92.45927,90.92279,89.38631,2024-05-08,14:30
2024-05-08 15:30:00,90.37499,90.55,90.222,90.317,21576220,53.87357,90.34821,90.38985,0.54429363,0.80652888,-0.26223525,47.12909,45.58363,19.097341,-48.52997,1.035979,92.42777,90.87672,89.32567,2024-05-08,15:30
2024-05-09 09:30:00,90.537,91.071997,88.231,88.36,129559580,41.76753,90.12666,89.98388,0.34182842,0.71358879,-0.37176037,3.69727,31.20365,19.97155,-151.39925,1.16491,92.55830,90.70902,88.85974,2024-05-09,09:30
2024-05-09 10:30:00,88.317,89.582,88.31,89.54091,58550520,49.18760,90.016202,89.89529,0.27351033,0.62557310,-0.35206276,37.54404,29.45680,20.78331,-150.80202,1.17256,92.47401,90.60587,88.73772,2024-05-09,10:30
2024-05-09 11:30:00,89.55,89.699,88.68001,89.11,41503440,46.84210,89.80809,89.73823,0.18249291,0.53695706,-0.35446415,25.19339,22.14490,21.35583,-142.37845,1.16159,92.37955,90.47572,88.57188,2024-05-09,11:30
2024-05-09 12:30:00,89.13764,89.49564,88.752,89.20726,38678240,47.45117,89.72395,89.63203,0.11686187,0.45293802,-0.33607615,27.98099,30.23948,21.88745,-138.25335,1.13174,92.19868,90.34000,88.48133,2024-05-09,12:30
2024-05-09 13:30:00,89.2319,89.2319,88.71701,89.0080017,30104830,46.28122,89.59752,89.50723,0.048214765,0.37199337,-0.32377861,26.22348,26.46596,22.41496,-143.99014,1.087675,91.97557,90.19140,88.40723,2024-05-09,13:30
2024-05-09 14:30:00,89.017999,89.23999,88.502,88.6765,33801380,44.32322,89.45502,89.34108,-0.032562501,0.29108220,-0.32364470,15.035492,23.079990,23.11795,-141.32060,1.062698,91.67397,90.017178,88.36038,2024-05-09,14:30
2024-05-09 15:30:00,88.684,88.926,88.45,88.79,31584110,45.17840,89.26341,89.23087,-0.086424241,0.21558091,-0.30200515,18.86610,20.041693,23.82334,-126.50761,1.020791,91.70810,89.96988,88.23166,2024-05-09,15:30
2024-05-10 09:30:00,90.316,91.4,89.46701,89.51699,134104900,50.43029,89.16963,89.28809,-0.069645234,0.15853568,-0.22818091,40.58038,24.82733,23.16322,18.48114,1.13431,91.65999,89.92438,88.18877,2024-05-10,09:30
2024-05-10 10:30:00,89.531,90.195,89.36001,89.88991,53570270,52.92175,89.12217,89.40846,-0.025957110,0.12163712,-0.14759423,52.34809,37.26486,22.41612,-7.76037,1.11293,91.44782,89.84902,88.25023,2024-05-10,10:30
2024-05-10 11:30:00,89.895,90.047992,89.233,89.771,34958660,52.023854,89.27895,89.48096,-0.00091830926,0.097126036,-0.098044346,48.59584,47.17477,21.55719,-13.79334,1.091645,91.14082,89.75772,88.37463,2024-05-10,11:30
2024-05-10 12:30:00,89.77724,90.019897,89.458,89.859,25966550,52.66394,89.31430,89.55657,0.025729432,0.082846715,-0.057117283,51.37276,50.77223,20.75962,2.78073,1.053805,91.11553,89.74317,88.37081,2024-05-10,12:30
2024-05-10 13:30:00,89.874,90.122,89.656,89.938,26340740,53.26671,89.40630,89.63286,0.052615898,0.076800552,-0.024184654,53.86559,51.27807,20.13916,21.79458,1.011819,91.069450,89.72237,88.37530,2024-05-10,13:30
2024-05-10 14:30:00,89.93266,89.9495,89.569,89.78,23391610,51.84472,89.46993,89.66229,0.060477057,0.073535853,-0.013058796,48.87974,51.37270,19.42747,8.47021,0.96672492,90.97981,89.68462,88.38944,2024-05-10,14:30
2024-05-10 15:30:00,89.782,89.985,89.561,89.886,21729750,52.75593,89.56749,89.70703,0.074402708,0.073709224,0.00069348402,52.22463,51.65665,18.81400,20.94416,0.92795878,90.78581,89.62977,88.47374,2024-05-10,15:30
2024-05-13 09:30:00,90.47,90.887,88.529,89.6705,91492070,50.65730,89.67793,89.69972,0.067274594,0.072422298,-0.0051477037,44.029226,48.37787,18.18288,7.93868,1.030105,90.76115,89.61507,88.46900,2024-05-13,09:30
2024-05-13 10:30:00,89.65,90.343,89.2,89.98,45704680,53.51724,89.81016,89.75578,0.085612453,0.075060329,0.010552124,51.86437,49.37274,17.59683,31.72711,1.038169,90.73970,89.60678,88.47387,2024-05-13,10:30
2024-05-13 11:30:00,89.957,90.855,89.82,90.731,40947830,59.63151,89.94505,89.95082,0.15891299,0.091830861,0.067082129,77.32203,57.73854,16.39331,123.76342,1.037942,90.87237,89.64538,88.41839,2024-05-13,11:30
2024-05-13 12:30:00,90.747,90.996,89.88,90.2145,35961730,54.33772,89.98111,90.0035585,0.17332911,0.10813051,0.065198597,59.81363,63.0000055173,15.47505,106.81323,1.043518,90.82130,89.63038,88.43946,2024-05-13,12:30
2024-05-13 13:30:00,90.213,90.4,89.972,90.278,21441730,54.86820,90.037445,90.058447,0.18771413,0.12404723,0.063666897,61.96620,66.36728,14.62238,86.28058,0.99955255,90.80748,89.62623,88.44498,2024-05-13,13:30
2024-05-13 14:30:00,90.2885,90.375,90.095837,90.296,18187280,55.027683,90.086001,90.10596,0.19828110,0.13889401,0.059387089,62.57635,61.45206,13.83061,93.85390,0.94809613,90.80400,89.62518,88.44636,2024-05-13,14:30
2024-05-13 15:30:00,90.274,90.46,90.13371,90.399,22014330,55.98615,90.13722,90.16457,0.21251671,0.15361855,0.058898166,65.13409,63.22555,13.23821,98.45753,0.90368125,90.79842,89.72713,88.65583,2024-05-13,15:30
2024-05-14 09:30:00,89.599,90.82099,88.945,90.69,90623540,58.66651,90.23833,90.26965,0.24446208,0.17178725,0.072674826,87.59630,71.76891,13.69047,65.73944,0.97313179,90.93043,89.78458,88.63874,2024-05-14,09:30
2024-05-14 10:30:00,90.7105,91.246,90.168,91.1795,49302030,62.77323,90.38206,90.45162,0.30575271,0.19858035,0.10717237,97.55231,83.42757,13.39374,164.83707,0.98062258,91.14037,89.88806,88.63575,2024-05-14,10:30
2024-05-14 11:30:00,91.19499,91.195,90.53601,90.6795,30722770,56.58842,90.49417,90.49720,0.31040204,0.22094468,0.089457351,79.14969,88.099433,13.11821,136.82962,0.95764886,91.21832,89.96167,88.70502,2024-05-14,11:30
2024-05-14 12:30:00,90.6822,90.907,90.509,90.863,18512760,58.21555,90.59228,90.57036,0.32514567,0.24178488,0.083360792,85.90353,87.53518,12.90207,117.59512,0.91767380,91.28947,90.054421,88.81937,2024-05-14,12:30
2024-05-14 13:30:00,90.865,91.541,90.611,91.34907,33012720,62.25163,90.66095,90.72610,0.37176655,0.26778122,0.10398534,93.62799,86.22707,12.31716,168.40947,0.91855416,91.37524,90.18805,89.00086207,2024-05-14,13:30
2024-05-14 14:30:00,91.3495,91.651,91.27708,91.39001,35959280,62.57946,90.79156,90.85888,0.40732180,0.29568933,0.11163246,91.64023,90.39058,11.94088,191.45197,0.87965170,91.43153,90.31805,89.20457,2024-05-14,14:30
2024-05-14 15:30:00,91.38,91.59895,91.279,91.375,23674700,62.36561,90.91345,90.96211,0.42933936,0.32241934,0.10692002,91.15949,92.14257,11.59146,155.60252,0.83967317,91.55131,90.41095,89.27059,2024-05-14,15:30
2024-05-15 09:30:00,92.472,93.519,91.599,93.38522,129933810,74.79122,91.25670,91.44673,0.60205605,0.37834668,0.22370937,97.075142,93.29162,13.46894,264.41354,0.93283939,92.28666,90.58572,88.88477,2024-05-15,09:30
2024-05-15 10:30:00,93.391,94.47799,93.301,94.051007,71005800,77.44713,91.66248,91.96758,0.78362579,0.45940250,0.32422329,92.28295,93.50586,15.88405,281.47702,0.95027870,93.031064,90.79972,88.56837,2024-05-15,10:30
2024-05-15 11:30:00,94.069568,94.675,94.029999,94.614,46746160,79.42150,92.098478,92.49687,0.96186231,0.55989446,0.40196785,98.93545,96.097848,18.24869,241.67064,0.92847317,93.77344,91.037466,88.30149,2024-05-15,11:30
2024-05-15 12:30:00,94.614,94.687,94.059998,94.544,35228680,78.50128,92.47231,92.90629,1.084961,0.66490773,0.42005305,97.50959,96.24266,20.45216,188.17200,0.90693951,94.34848,91.26777,88.18705,2024-05-15,12:30
2024-05-15 13:30:00,94.537,94.85,94.356,94.602,35524140,78.72128,92.90815,93.24544,1.17367,0.76665981,0.40700832,95.80020,97.41508,22.60766,160.16622,0.87744385,94.83137,91.50887,88.18636,2024-05-15,13:30
2024-05-15 14:30:00,94.60053,94.766,94.358,94.591,37750070,78.55703,93.32237,93.51455,1.22892,0.85911088,0.36980431,95.61384,96.30788,24.60919,130.37411,0.84391183,95.23565,91.74412,88.25258,2024-05-15,14:30
2024-05-15 15:30:00,94.5855,94.861,94.51901,94.656,34065650,78.83790,93.68980,93.74284,1.26338,0.93996482,0.32341576,96.53484,95.98296,26.53807,114.17187,0.80805999,95.56804,91.99339,88.41874,2024-05-15,15:30
2024-05-16 09:30:00,94.903,95.81899,94.402,95.233,113273070,81.19286,94.11680,94.040871,1.32201,1.016375,0.30563976,89.63038,93.92635,28.94430,114.57245,0.85155471,95.96959,92.25604,88.54249,2024-05-16,09:30
2024-05-16 10:30:00,95.257,95.632,95.037,95.45299,40212620,82.014635,94.56991,94.32329,1.37044,1.087187,0.28324906,93.10738,93.090864,31.17865,107.43523,0.83322946,96.38398,92.49214,88.60030,2024-05-16,10:30
2024-05-16 11:30:00,95.45,95.541,94.674,94.957,34500200,74.14806,94.74456,94.45004,1.35319,1.14039,0.21280202,83.76667,88.83481,32.42321,86.094944,0.83564152,96.61502,92.72927,88.84351,2024-05-16,11:30
2024-05-16 12:30:00,94.968,95.074988,94.103,94.447,31326100,67.028711,94.78855,94.44943,1.28357,1.16902,0.11454780,73.65603,83.51003,32.41728,61.68369,0.84538033,96.72106,92.93771,89.15437,2024-05-16,12:30
2024-05-16 13:30:00,94.44322,94.722,94.26512,94.44399,24717180,66.98784,94.76966,94.44834,1.21416,1.17805,0.036109380,69.72637,75.71636,32.41178,53.68739,0.81763021,96.77825,93.14511,89.51198,2024-05-16,13:30
2024-05-16 14:30:00,94.42496,95.172,94.414,94.981,30159650,70.45047,94.81822,94.55487,1.18878,1.18020,0.0085835422,81.54207,74.97482,32.84611,62.65332,0.81337060,96.86070,93.37421,89.88773,2024-05-16,14:30
2024-05-16 15:30:00,94.983,95.0030029,94.282,94.371,30738400,62.43892,94.79255,94.51810,1.10669,1.16550,-0.058807340,65.68745,72.31863,32.97320,46.22370,0.80677286,96.84122,93.55826,90.27531,2024-05-16,15:30
2024-05-17 09:30:00,94.4,94.74,92.90309,93.779,99911380,55.80614,94.70233,94.37028,0.98253362,1.12890,-0.14636980,30.039080,59.089533,30.79264,8.037168,0.88035437,96.78473,93.68824,90.59175,2024-05-17,09:30
2024-05-17 10:30:00,93.77116,94.115,93.41401,93.663,42833900,54.58264,94.59200,94.22882,0.86481094,1.076085,-0.21127398,26.060983,40.59584,28.76783,-3.56148,0.86754298,96.61030,93.83741,91.064532,2024-05-17,10:30
2024-05-17 11:30:00,93.6715,93.679,93.1,93.374,30991300,51.55023,94.38544,94.057858,0.73966843,1.0088016,-0.26913320,16.14975,24.083272,26.97284,-37.089527,0.84693261,96.39182,93.96296,91.53411,2024-05-17,11:30
2024-05-17 12:30:00,93.359,93.45598,93.040363,93.2,22507880,49.75786,94.13511,93.88629,0.61931277,0.93090386,-0.31159109,10.18250,17.46441,25.38866,-62.86753,0.81612449,96.20377,94.055511,91.90725,2024-05-17,12:30
2024-05-17 13:30:00,93.199,93.274,91.81,91.9815,52632490,39.42102,93.80450,93.50533,0.42075707,0.82887450,-0.40811743,4.27795,10.20340,25.34904,-145.42423,0.86240141,96.097757,94.085085,92.072413,2024-05-17,13:30
2024-05-17 14:30:00,91.95692,92.823,91.808,92.782,50695480,47.18375,93.61950,93.36066,0.32425612,0.72795083,-0.40369470,24.28328,12.91458,25.31422,-152.30456,0.87330105,95.85889,94.15544,92.45198,2024-05-17,14:30
2024-05-17 15:30:00,92.779,92.813,92.30601,92.494,28470440,44.95194,93.40283,93.18733,0.22198034,0.62675673,-0.40477638,17.10299,15.22141,25.28189,-141.32065,0.84713587,95.93494,94.11087,92.28681,2024-05-17,15:30
2024-05-20 09:30:00,93.75,95.2,93.44,94.82151,100829910,61.0049615,93.38511,93.51417,0.32499026,0.56640343,-0.24141318,78.80512,40.063797,24.71188,31.38920,0.97991186,95.99915,94.14940,92.29965,2024-05-20,09:30
2024-05-20 10:30:00,94.822,94.932,94.20816,94.57809,42031120,59.064990,93.40812,93.72695,0.38257428,0.52963760,-0.14706332,74.20546,56.70452,24.18259,38.22223,0.96162104,95.99562,94.14760,92.29959,2024-05-20,10:30
2024-05-20 11:30:00,94.5755,94.693,94.028998,94.54341,35053530,58.77821,93.49306,93.89024,0.42056364,0.50782281,-0.087259172,80.64292,77.88450,23.45185,24.82812,0.94036250,95.99556,94.14757,92.29959,2024-05-20,11:30
2024-05-20 12:30:00,94.524,95.163,94.48,94.718,39133510,59.83549,93.61028,94.055794,0.45946213,0.49815067,-0.038688548,85.79007,80.21282,23.23212,56.057767,0.92197958,96.0077455,94.15337,92.29900,2024-05-20,12:30
2024-05-20 13:30:00,94.7125,94.882,94.5492,94.8605,25249090,60.72102,93.77544,94.21673,0.49606954,0.49773445,-0.0016649096,89.99109,85.47469,23.028091,52.69879,0.87989535,96.037589,94.16685,92.29611,2024-05-20,13:30
2024-05-20 14:30:00,94.873,95.194,94.81,95.104,33159560,62.25252,93.98700,94.39419,0.53852182,0.50589192,0.032629902,97.16975,90.98363,23.14774,73.74424,0.84447444,96.093313,94.18925,92.28519,2024-05-20,14:30
2024-05-20 15:30:00,95.125,95.18,94.506,94.834,25529960,59.48307,94.30394,94.48215,0.54410709,0.51353496,0.030572135,89.20998,92.12361,22.77827,59.034805,0.83229763,96.037219,94.16930,92.30138,2024-05-20,15:30
2024-05-21 09:30:00,93.599,94.3229,93.18,94.057147,106703170,52.27675,94.44563,94.39715,0.48031099,0.50689016,-0.026579177,66.30739,84.22904,21.57112,-21.34830,0.89099093,95.87224,94.099507,92.32677,2024-05-21,09:30
2024-05-21 10:30:00,94.078003,94.996,94.05,94.859,54745070,57.94074,94.70841,94.48952,0.48882033,0.50327620,-0.014455865,89.94701,81.82146,20.36317,52.84200,0.89492031,95.85835,94.094607,92.33086,2024-05-21,10:30
2024-05-21 11:30:00,94.871,95.287,94.59201,95.15725,34435250,59.84949,94.74571,94.62307,0.51370848,0.50536265,0.0083458277,96.27052,84.17497,19.54310,83.54526,0.88063950,95.94857,94.13012,92.31167,2024-05-21,11:30
2024-05-21 12:30:00,95.156,95.19675,94.568,94.856,27301280,57.033981,94.77659,94.66965,0.50332208,0.50495454,-0.0016324589,87.61138,91.27630,18.75111,67.72937,0.86264766,95.99212,94.15072,92.30932,2024-05-21,12:30
2024-05-21 13:30:00,94.865,95.049103,94.78,94.79101,20387950,56.41737,94.80410,94.69392,0.48426431,0.50081649,-0.016552178,85.74331,89.87507,18.015696,67.56815,0.82025168,95.96728,94.14122,92.31516,2024-05-21,13:30
2024-05-21 14:30:00,94.80899,95.12399,94.60278,95.0935,28136080,58.65775,94.84582,94.77384,0.48794461,0.49824212,-0.010297505,93.50887,88.95452,17.081311,70.31172,0.79889198,96.048197,94.17735,92.30649,2024-05-21,14:30
2024-05-21 15:30:00,95.081,95.4,95.012891,95.351,33741580,60.51836,94.90032,94.88927,0.50580882,0.49975546,0.0060533629,97.79284,92.34834,16.56432,89.22046,0.76947893,96.18445,94.25595,92.32744,2024-05-21,15:30
2024-05-22 09:30:00,95.411,95.9835,94.090997,94.442,117815090,51.67681,94.82677,94.79982,0.44152776,0.48810992,-0.046582160,45.015087,78.77227,15.90712,50.13312,0.84969507,96.20531,94.29490,92.38449,2024-05-22,09:30
2024-05-22 10:30:00,94.436,95.0255,94.32481,95.025,37156980,56.10611,94.84799,94.84485,0.43264071,0.47701607,-0.044375370,65.81056,69.53949,15.29686,42.89133,0.83905183,96.26409,94.37745,92.49081,2024-05-22,10:30
2024-05-22 11:30:00,95.028003,95.1725,94.45,94.98399,36305520,55.71922,94.95097,94.87268,0.41747612,0.46510808,-0.047631963,64.34776,58.39114,14.51429,47.53156,0.83072653,96.28980,94.46665,92.64349,2024-05-22,11:30
2024-05-22 12:30:00,94.97337,95.11499,94.754,94.891,30364220,54.79648,94.95453,94.87634,0.39341922,0.45077031,-0.057351094,61.030728,63.72968,13.78762,51.59431,0.79717409,96.040427,94.61212,93.18381,2024-05-22,12:30
2024-05-22 13:30:00,94.89344,94.89344,93.3,93.52,73571810,43.38833,94.77261,94.60508,0.26072059,0.41276037,-0.15203977,12.12777,45.83542,14.78088,-121.12710,0.85405014,95.91523,94.64902,93.38281,2024-05-22,13:30
2024-05-22 14:30:00,93.40001,94.20075,93.386,94.20075,53086090,49.059372,94.69981,94.52421,0.20808807,0.37182591,-0.16373784,36.40987,36.52279,15.70318,-169.28598,0.85124314,95.56232,94.73436,93.90639,2024-05-22,14:30
2024-05-22 15:30:00,94.207,94.95,94.172,94.95,52844140,54.46589,94.71747,94.60937,0.22424956,0.34231064,-0.11806108,63.13533,37.22432,15.39835,0.070921501,0.84601170,95.57334,94.74078,93.90823,2024-05-22,15:30
2024-05-23 09:30:00,102.0,104.267,101.52,104.228,283248170,81.14808,95.73242,96.53310,0.97448173,0.46874486,0.50573687,99.64437,66.39653,18.49874,656.59061,1.45108,99.43732,95.22328,91.0092401,2024-05-23,09:30
2024-05-23 10:30:00,104.2225,104.727,103.52001,104.59449,104957350,81.60658,96.75947,98.14538,1.58040,0.69107610,0.88932497,98.84040,87.20670,21.47310,352.51147,1.43365,101.57556,95.72583,89.87610,2024-05-23,10:30
2024-05-23 11:30:00,104.6,105.196,104.411,105.15699,74448220,82.31743,97.95003,99.54770,2.081986,0.96925802,1.11273,99.67215,99.38564,24.33289,242.68080,1.38732,103.36929,96.24778,89.12628,2024-05-23,11:30
2024-05-23 12:30:00,105.1588,105.974,105.0,105.94999,59609330,83.29743,99.16391,100.82816,2.51450,1.27831,1.23619,99.81055,99.44103,27.14750,189.86676,1.35779,105.044085,96.80226,88.56043,2024-05-23,12:30
2024-05-23 13:30:00,105.934,106.32,103.67001,104.0014038,103783220,72.64344,100.16585,101.46281,2.66926,1.55650,1.11277,82.19207,93.89159,28.63509,135.036836,1.45009,106.017807,97.24713,88.47645,2024-05-23,13:30
2024-05-23 14:30:00,104.0,104.333,102.0030029,102.54447,106208180,65.86060,101.016234,101.67914,2.64388,1.77397,0.86990229,71.0021020,84.33491,28.80086,89.012767,1.51294,106.62031,97.63265,88.64499,2024-05-23,14:30
2024-05-23 15:30:00,102.562,104.2,102.562,103.821,61012580,68.62484,102.16079,102.10751,2.69569,1.95832,0.73737084,80.80645,78.00020876,28.95478,84.96963,1.52313,107.33643,98.12084,88.90526,2024-05-23,15:30
2024-05-24 09:30:00,104.51801,104.72799,103.0,103.97284,133461990,68.94693,103.24658,102.48058,2.71767,2.11019,0.60748519,81.97268,77.92708,29.29762,79.58696,1.53776,108.00084551,98.57653,89.15222,2024-05-24,09:30
2024-05-24 10:30:00,104.0,104.991,103.875,104.689,56994220,70.48586,104.32869,102.92226,2.76106,2.24036,0.52069562,87.47316,83.41743,29.71666,78.67385,1.50763,108.69901,99.053122,89.40723,2024-05-24,10:30
2024-05-24 11:30:00,104.69877,104.866,104.062195,104.56851,34445670,69.85856,104.36652,103.25151,2.75397,2.34308,0.41088719,86.54770,85.33118,30.10577,70.50037,1.45736,109.26812,99.53875,89.80938,2024-05-24,11:30
2024-05-24 12:30:00,104.5829,104.99301,104.51001,104.804,39670460,70.41278,104.38980,103.56201,2.73582,2.42163,0.31418951,88.35644,87.45910,30.52164,67.54885,1.38776,109.77050,100.039397,90.30829,2024-05-24,12:30
2024-05-24 13:30:00,104.801,105.789,104.775,105.537,48026010,72.13047,104.43202,103.95701,2.74889,2.48708,0.26181147,93.94622,89.61679,31.24482,69.87146,1.36107,110.29585,100.56157,90.82730,2024-05-24,13:30
2024-05-24 14:30:00,105.548,106.171,105.125,105.95776,47616430,73.096035,104.43289,104.35716,2.76138,2.54194,0.21943527,97.018180,93.10695,32.071790,70.19614,1.33856,110.78855,101.091910,91.39527,2024-05-24,14:30
2024-05-24 15:30:00,105.949,106.473,105.77,106.46899,40314790,74.26278,104.70706,104.77953,2.78047,2.58965,0.19082266,99.91916,96.96119,32.96332,73.42810,1.29316,111.15459,101.69326,92.23193,2024-05-24,15:30
2024-05-28 09:30:00,109.967,112.16199,109.95001,111.4,185237130,82.25590,105.69101,106.10362,3.15710,2.70314,0.45396155,92.49938,96.47891,35.29795,147.58061,1.60744,112.35001,102.51201,92.67401,2024-05-28,09:30
2024-05-28 10:30:00,111.40776,112.4,111.322,112.164,70920340,83.13010,106.61801,107.31570,3.47715,2.85794,0.61920730,97.73013,96.71622,37.50718,162.12704,1.56962,113.42749,103.37101,93.31453,2024-05-28,10:30
2024-05-28 11:30:00,112.16073,113.27,111.97,112.588,69193800,83.61263,107.57525,108.37016,3.72209,3.030770,0.69132360,93.94697,94.72549,39.70869,172.96747,1.55036,114.28628,104.25586,94.22544,2024-05-28,11:30
2024-05-28 12:30:00,112.6053,114.438,112.59,114.3835,75280420,85.50355,108.65242,109.57283,4.014817,3.22758,0.78723775,99.56169,97.079594,41.93963,183.48204,1.57177,114.97987,105.29904,95.61820,2024-05-28,12:30
2024-05-28 13:30:00,114.3915,114.939,113.15601,113.488,74424770,80.51358,109.64347,110.35586,4.12697,3.40746,0.71951292,88.78323,94.097295,44.087444,156.77437,1.58685,115.13899,106.26340,97.38781,2024-05-28,13:30
2024-05-28 14:30:00,113.477,114.286,112.4,113.873,78688870,81.026260,110.65114,111.059288,4.19852,3.56567,0.63285075,91.38722,93.24405,45.38995,124.59623,1.60822,115.031175,107.20955,99.38792,2024-05-28,14:30
2024-05-28 15:30:00,113.89899,114.43899,112.9312,114.0,54355730,81.20196,111.59147,111.64743,4.21686,3.69591,0.52095492,92.13501,90.76849,46.63205,109.96313,1.60105,115.92415,107.69815,99.47215,2024-05-28,15:30
2024-05-29 09:30:00,113.054504,113.94099,111.017712,113.65238,194231440,79.044408,112.44643,112.048420,4.15545,3.78782,0.36763230,88.37111,90.63111,46.15325,82.015129,1.69971,116.63695,108.15104,99.66513,2024-05-29,09:30
2024-05-29 10:30:00,113.6965,114.834,113.45601,113.6705,79089300,79.075609,113.24660,112.37284,4.061422,3.84254,0.21888402,88.33752,89.61454,45.99143,88.96017,1.67673,117.27073,108.57672,99.88270,2024-05-29,10:30
2024-05-29 11:30:00,113.634,114.32,113.312,114.24301,46315100,80.084814,113.56249,112.74687,3.98714,3.87146,0.11568176,93.32633,90.011652,45.72486,79.24600,1.62896,117.93226,108.99137,100.050475,2024-05-29,11:30
2024-05-29 12:30:00,114.21801,114.927,114.16101,114.62999,49549750,80.76031,113.83649,113.12349,3.91438,3.88004,0.034333633,96.95977,92.87454,45.67884,80.65652,1.56732,118.47761,109.52280,100.56798,2024-05-29,12:30
2024-05-29 13:30:00,114.584,115.48975,114.1345,114.921,62059620,81.27466,114.095707,113.48299,3.83597,3.87123,-0.035256072,94.51265,94.93292,45.81855,78.76392,1.55217,118.78718,110.14162,101.49607,2024-05-29,13:30
2024-05-29 14:30:00,114.90872,115.31899,114.67346,115.171,47831510,81.72662,114.18321,113.82059,3.75077,3.84714,-0.096364202,96.72059,96.064339,45.94827,77.30346,1.48741,119.10712,110.70912,102.31113,2024-05-29,14:30
2024-05-29 15:30:00,115.126,115.34899,114.227,114.75601,43316070,78.34618,114.32410,114.0076770,3.60817,3.79934,-0.19117135,86.75496,92.66273,45.63598,69.25101,1.46131,119.22095,111.24828,103.27561,2024-05-29,15:30
2024-05-30 09:30:00,114.617,115.81915,114.020996,114.2515,123880740,74.32147,114.36615,114.056442,3.41509,3.72249,-0.30740730,67.35039,83.60865,45.53158,64.74393,1.48537,119.19957,111.72641,104.25325,2024-05-30,09:30
2024-05-30 10:30:00,114.242,114.458,112.566,113.235,87747890,66.86790,114.28115,113.89215,3.14380,3.60675,-0.46295510,46.17958,66.76164,44.10539,33.72294,1.51442,118.89064,112.15973,105.42883,2024-05-30,10:30
2024-05-30 11:30:00,113.233,114.25,113.15101,113.89661,41676780,69.043969,114.30829,113.89304,2.94820,3.47504,-0.52684034,59.95897,57.82965,42.78107,38.29385,1.48474,118.46759,112.61436,106.76113,2024-05-30,11:30
2024-05-30 12:30:00,113.88199,114.042004,113.402,113.94,27397690,69.18692,114.33823,113.90244,2.76482,3.33300,-0.56817640,60.86278,55.66711,41.55134,34.33335,1.42440,117.92203,113.034512,108.14699,2024-05-30,12:30
2024-05-30 13:30:00,113.90707,114.18199,113.25,113.56331,33311780,66.32379,114.26271,113.83461,2.55959,3.17832,-0.61872653,53.017283,57.94634,40.26090,19.69410,1.38923,117.068456,113.41479,109.76112,2024-05-30,13:30
2024-05-30 14:30:00,113.5535,113.721,111.13601,111.88,58745570,55.30916,113.95716,113.44369,2.23535,2.98972,-0.75437614,17.95904,43.94637,37.46077,-121.50468,1.47464,115.65480,113.68534,111.71587,2024-05-30,14:30
2024-05-30 15:30:00,111.9035,112.093994,109.672,110.554,73810770,48.47914,113.47194,112.86575,1.85006,2.76179,-0.91173208,14.34821,28.44151,35.77304,-241.75514,1.54231,115.83122,113.64304,111.45486,2024-05-30,15:30
2024-05-31 09:30:00,112.513,112.699,109.0050049,109.52427,149641470,43.94116,112.84452,112.19745,1.44497,2.49843,-1.053459,7.62036,13.30920,34.57249,-235.71921,1.69600,116.28121,113.51105,110.74089,2024-05-31,09:30
2024-05-31 10:30:00,109.452,110.070996,108.3,109.178,88144570,42.50047,112.22474,111.59356,1.083498,2.21544,-1.13194,11.67689,11.21515,33.82525,-246.54192,1.70136,116.67854,113.34055,110.0025632,2024-05-31,10:30
2024-05-31 11:30:00,108.97562,109.28767,107.022998,107.214,67538830,35.40910,111.44280,110.71765,0.63127568,1.89861,-1.26733,2.17144,7.15623,33.72883,-231.76340,1.74160,117.21499,112.98208,108.74917,2024-05-31,11:30
2024-05-31 12:30:00,107.22719,109.017004,107.174,108.926,51756340,44.15609,110.96402,110.35932,0.40634628,1.60016,-1.19381,21.63449,11.82761,33.63930,-164.62407,1.74884,117.33094,112.75398,108.17702,2024-05-31,12:30
2024-05-31 13:30:00,108.94175,109.016003,107.93665,108.21971,42111810,41.65018,110.33326,109.93140,0.16914686,1.31395,-1.14481,13.60499,12.47031,33.55617,-134.77210,1.70102,117.42010,112.47131,107.52253,2024-05-31,13:30
2024-05-31 14:30:00,108.233,109.2825,108.126,108.99888,44444090,45.33580,109.78424,109.74490,0.043534686,1.059870,-1.016335,22.46298,19.23416,33.21473,-104.39459,1.66212,117.33834,112.22126,107.10418,2024-05-31,14:30
2024-05-31 15:30:00,108.95601,110.346,108.95601,109.5735,58403500,47.94709,109.34093,109.71062,-0.0095367761,0.84598849,-0.85552526,28.99563,21.68787,31.91204,-70.54252,1.64269,117.21449,112.017314,106.82014,2024-05-31,15:30
2024-06-03 09:30:00,113.653,114.362,113.021655,114.122,134480370,63.0099504,109.59004,110.59289,0.31183489,0.73915777,-0.42732288,95.48085,48.97982,31.055407,49.35812,1.86739,117.26942,112.039889,106.81036,2024-06-03,09:30
2024-06-03 10:30:00,114.090247,114.133,112.0040039,113.085999,64314340,58.83390,109.87137,111.091514,0.47742437,0.68681109,-0.20938672,82.61343,69.029969,29.60478,29.39679,1.88607,117.13788,111.98204,106.82620,2024-06-03,10:30
2024-06-03 11:30:00,113.085999,114.15999,112.71801,113.19795,50279850,59.14897,110.27956,111.51280,0.61064953,0.67157878,-0.060929248,84.13885,87.41104,28.27168,40.21746,1.85435,116.95579,111.91044,106.86509,2024-06-03,11:30
2024-06-03 12:30:00,113.10137,113.63499,112.528,113.595,38151170,60.30925,110.77034,111.92924,0.73974242,0.68521151,0.054530915,89.54893,85.43373,26.90495,40.59150,1.80097,116.76276,111.84414,106.92552,2024-06-03,12:30
2024-06-03 13:30:00,113.6,114.087024,113.40001,113.58,36570260,60.23968,111.47767,112.25939,0.83125766,0.71442074,0.11683692,89.34467,87.67748,25.89539,57.35474,1.72140,116.51396,111.76459,107.015213,2024-06-03,13:30
2024-06-03 14:30:00,113.60232,114.595,113.3515,114.503,40795780,63.064734,112.097338,112.70811,0.96711409,0.76495941,0.20215468,98.78510,92.55957,25.24555,73.55722,1.68726,116.47062,111.75194,107.033253,2024-06-03,14:30
2024-06-03 15:30:00,114.563,115.0,114.138,114.9995,40957710,64.52489,112.85065,113.16639,1.10214,0.83239545,0.26974418,99.99373,96.041166,24.86869,91.25060,1.62832,116.59768,111.78934,106.98099,2024-06-03,15:30
2024-06-04 09:30:00,115.55,116.123,114.1,114.62,127672070,62.49130,113.47522,113.45711,1.16510,0.89893536,0.26615965,83.48348,94.087437,25.10299,93.55189,1.65651,116.78662,111.85859,106.93055,2024-06-04,09:30
2024-06-04 10:30:00,114.601,115.23,114.228,114.34449,47482190,60.98859,114.0053263,113.63459,1.17916,0.95498116,0.22418320,80.45601,87.97774,25.32056,80.41130,1.60976,116.84976,111.88098,106.91220,2024-06-04,10:30
2024-06-04 11:30:00,114.32,114.9,114.044995,114.8516,33572630,62.76353,114.086393,113.87799,1.21720,1.0074254,0.20977696,85.79284,83.24411,25.34913,78.0026404,1.55585,116.98595,111.92656,106.86717,2024-06-04,11:30
2024-06-04 12:30:00,114.862,115.52,114.677,115.068994,39435490,63.52960,114.30673,114.11619,1.25048,1.056035,0.19443969,87.12487,84.45790,25.71876,88.21309,1.50493,117.19934,112.0018451,106.80435,2024-06-04,12:30
2024-06-04 13:30:00,115.085999,115.9,114.72501,115.88065,33037670,66.31594,114.60480,114.46908,1.32704,1.11024,0.21680416,96.96954,89.96241,26.26515,90.35620,1.48136,117.66630,112.20188,106.73745,2024-06-04,13:30
2024-06-04 14:30:00,115.885,116.6,115.55,116.090662,61385870,67.018079,114.88210,114.79340,1.38866,1.16592,0.22273706,93.33675,92.47705,27.12999,97.26472,1.45055,118.13864,112.47871,106.81878,2024-06-04,14:30
2024-06-04 15:30:00,116.087,116.52618,115.53199,116.44399,37022780,68.21841,115.20032,115.12352,1.44929,1.22260,0.22669883,96.60561,95.63730,27.91254,93.12579,1.41795,118.56534,112.82470,107.084055,2024-06-04,15:30
2024-06-05 09:30:00,118.372,119.84899,117.46801,119.7182,151435360,76.68584,115.77979,116.042455,1.74148,1.32637,0.41510411,98.33287,96.091745,29.93103,163.82265,1.55988,119.57171,113.35171,107.13171,2024-06-05,09:30
2024-06-05 10:30:00,119.728,119.99301,119.537,119.813,56977910,76.87792,116.31462,116.79656,1.95811,1.45272,0.50539007,97.58868,97.50906,31.84746,177.50317,1.48104,120.13929,113.98166,107.82402,2024-06-05,10:30
2024-06-05 11:30:00,119.83,120.0,119.7,119.9,39933330,77.064678,116.90129,117.41725,2.11246,1.58467,0.52779412,98.66167,98.19441,33.62916,167.41049,1.39668,120.74370,114.53036,108.31702,2024-06-05,11:30
2024-06-05 12:30:00,119.89751,121.229,119.822,120.86851,67936740,79.089453,117.62618,118.10750,2.28658,1.72505,0.56152938,95.42370,97.22468,35.64598,171.087441,1.39741,121.25174,115.16280,109.073850,2024-06-05,12:30
2024-06-05 13:30:00,120.87919,121.6,120.854,121.5726,53047070,80.44128,118.37296,118.80052,2.45310,1.87066,0.58244407,99.66776,97.91771,37.61890,162.92368,1.35088,121.80086,115.79148,109.78211,2024-06-05,13:30
2024-06-05 14:30:00,121.56,122.359,121.423,121.82699,62967340,80.92121,119.12384,119.40581,2.57591,2.011711,0.56420073,93.60107,96.23085,39.64750,150.056877,1.32125,122.24915,116.40416,110.55916,2024-06-05,14:30
2024-06-05 15:30:00,121.81128,122.4495,121.605,122.439,47276790,82.061597,119.85255,120.012452,2.69159,2.14769,0.54390659,99.87509,97.71464,41.55433,131.11228,1.28720,123.12194,116.82001,110.51807,2024-06-05,15:30
2024-06-06 09:30:00,124.091003,125.587,118.4,121.089001,281920950,71.85836,120.40792,120.22776,2.64386,2.24692,0.39694023,61.029316,84.83516,40.15753,103.67873,1.70861,123.53919,117.22016,110.90112,2024-06-06,09:30
2024-06-06 10:30:00,121.1738,122.383,120.045996,120.46248,88484570,67.65417,120.85442,120.27470,2.52636,2.30281,0.22354812,55.60109,72.16850,38.86051,77.41491,1.75350,123.76961,117.58338,111.39716,2024-06-06,10:30
2024-06-06 11:30:00,120.402,120.87,119.33752,119.727,58257820,62.99485,120.85540,120.16516,2.34683,2.31161,0.035220056,46.28782,54.30608,37.098672,49.29317,1.73771,123.85915,117.88998,111.92082,2024-06-06,11:30
2024-06-06 12:30:00,119.67916,120.35601,118.32,119.7795,71194190,63.18974,120.85168,120.088032,2.18363,2.28602,-0.10239059,46.53377,49.47423,34.72828,32.99127,1.75901,123.87847,118.19996,112.52145,2024-06-06,12:30
2024-06-06 13:30:00,119.7795,120.375,119.17776,119.6,41585510,61.98770,120.81834,119.99043,2.016553,2.23212,-0.21557152,40.45752,44.42637,32.53960,34.056675,1.71889,123.89946,118.45481,113.010157,2024-06-06,13:30
2024-06-06 14:30:00,119.599,120.48,119.47476,120.1615,47164110,64.27688,120.73979,120.024640,1.90747,2.16719,-0.25972681,46.041792,44.34436,30.58016,38.22569,1.66791,123.96386,118.71291,113.46196,2024-06-06,14:30
2024-06-06 15:30:00,120.14399,121.40199,120.027039,120.941,46734140,67.22753,120.66961,120.20791,1.86244,2.10624,-0.24379892,42.77621,43.091840,29.38038,55.75178,1.64699,124.010468,119.028959,114.047449,2024-06-06,15:30
2024-06-07 09:30:00,119.83997,119.84,118.022998,118.83031,118338220,54.17828,120.33664,119.93239,1.63757,2.012508,-0.37493701,10.67308,33.16369,27.73001,-10.067750,1.73778,123.75139,119.25325,114.75511,2024-06-07,09:30
2024-06-07 10:30:00,118.82366,119.451,118.70602,119.0060059,43795510,54.96196,119.95520,119.74712,1.45674,1.90136,-0.44461217,12.99587,22.14839,26.19752,-14.63593,1.66686,123.48564,119.46097,115.43630,2024-06-07,10:30
2024-06-07 11:30:00,119.025061,120.792,119.0,120.787,44458280,62.047784,119.92164,119.95509,1.44054,1.80919,-0.36865135,36.54152,20.070159,24.79158,26.36173,1.67580,123.26323,119.74687,116.23051,2024-06-07,11:30
2024-06-07 12:30:00,120.78,121.69171,120.22101,120.9975,51942430,62.79287,119.98109,120.16357,1.42822,1.73300,-0.30477583,39.32442,29.62060,24.020245,60.75959,1.66115,123.072937,120.0027124,116.93249,2024-06-07,12:30
2024-06-07 13:30:00,120.976,121.47563,119.405,120.2235,45978490,58.26344,120.036258,120.17556,1.34055,1.65451,-0.31395727,29.091751,34.98590,22.71391,15.33486,1.69040,122.70022,120.20935,117.71849,2024-06-07,13:30
2024-06-07 14:30:00,120.201,120.99399,119.95,120.64,41106510,59.93811,120.13187,120.26845,1.28981,1.58157,-0.29175740,34.59815,34.33811,21.50088,13.97300,1.64423,122.21633,120.41915,118.62198,2024-06-07,14:30
2024-06-07 15:30:00,120.64,121.265,120.5,120.865,41159870,60.85195,120.27242,120.38776,1.25331,1.51592,-0.26260844,37.57276,33.75422,20.55736,38.35055,1.58143,122.25362,120.47649,118.69937,2024-06-07,15:30
2024-06-10 09:30:00,120.099998,121.25,117.010002,119.93,97470996,55.21540,120.24670,120.29621,1.13584,1.43990,-0.30406206,54.34584,42.17225,20.61291,-93.88480,1.77132,122.25145,120.48234,118.71324,2024-06-10,09:30
2024-06-10 10:30:00,119.92,122.47,119.56,122.3083,52422800,64.27899,120.39862,120.69862,1.22058,1.39604,-0.17545497,97.038369,62.98566,19.85523,81.65448,1.85266,122.51867,120.60276,118.68685,2024-06-10,10:30
2024-06-10 11:30:00,122.295,122.73,121.62,122.23,33786036,63.82108,120.77637,121.0049003,1.26682,1.37020,-0.10337279,91.25874,80.88098,18.98681,127.72450,1.79961,122.71232,120.67083,118.62935,2024-06-10,11:30
2024-06-10 12:30:00,122.23,123.099998,121.89,122.080002,29449166,62.89661,121.11792,121.21992,1.27665,1.35149,-0.074838656,83.25128,90.51613,17.94077,128.88893,1.75750,122.79372,120.69620,118.59869,2024-06-10,12:30
2024-06-10 13:30:00,122.089401,122.79,121.080002,121.175,27701887,57.48621,121.16103,121.21094,1.19760,1.32071,-0.12310699,68.39086,80.96696,17.43694,79.49730,1.75410,122.70944,120.66361,118.61777,2024-06-10,13:30
2024-06-10 14:30:00,121.17,122.47,120.53,122.39,33066431,62.18878,121.31576,121.44675,1.21895,1.30036,-0.081409605,88.34155,79.99456,17.27239,91.60138,1.76738,122.69858,120.66116,118.62373,2024-06-10,14:30
2024-06-10 15:30:00,122.39,122.39,121.4605,121.65,22007126,57.98210,121.47426,121.48740,1.16275,1.27283,-0.11008690,76.19051,77.64097,17.11959,93.15015,1.70753,122.76452,120.68921,118.61390,2024-06-10,15:30
2024-06-11 09:30:00,122.030197,122.87,120.66,121.026802,66836727,54.63056,121.51723,121.39528,1.055753,1.22942,-0.17366566,65.95735,76.82980,17.42896,64.61296,1.74342,122.79498,120.71742,118.63987,2024-06-11,09:30
2024-06-11 10:30:00,121.055,121.4,120.010002,120.67,33197756,52.75053,121.49557,121.25022,0.93143031,1.16982,-0.23839052,60.098493,67.41545,18.059141,0.11850692,1.71818,122.79228,120.76457,118.73686,2024-06-11,10:30
2024-06-11 11:30:00,120.6797,120.78,118.74,120.605,40854838,52.39681,121.57057,121.12118,0.81822728,1.099502,-0.28127484,59.031254,61.69570,19.24455,-54.67151,1.74117,122.78469,120.80585,118.82700,2024-06-11,11:30
2024-06-11 12:30:00,120.61,120.87,119.81,120.28,17406621,50.57067,121.34520,120.95294,0.69428464,1.018459,-0.32417399,53.69456,57.60810,20.26236,-35.96613,1.69251,122.75705,120.83985,118.92264,2024-06-11,12:30
2024-06-11 13:30:00,120.2899,120.9799,120.040001,120.93,15846329,54.022018,121.20076,120.94835,0.64111847,0.94299059,-0.30187212,64.36782,59.031212,21.10058,-11.34446,1.63875,122.77019,120.87827,118.98635,2024-06-11,13:30
2024-06-11 14:30:00,120.94,121.29,120.26,120.37,18277076,50.73524,121.010757,120.83268,0.54748571,0.86388962,-0.31640391,55.17246,57.74495,21.56834,-11.47227,1.59527,122.75419,120.84972,118.94525,2024-06-11,14:30
2024-06-11 15:30:00,120.365,120.99,120.3,120.91,14607752,53.66290,120.98131,120.84815,0.51096455,0.79330460,-0.28234006,64.039472,61.19325,22.0026930,-12.69679,1.53061,122.61770,120.95371,119.28972,2024-06-11,15:30
2024-06-12 09:30:00,123.050003,126.84,122.57,126.84,114185375,72.78765,121.47576,122.046518,0.94957599,0.82455888,0.12501711,100,73.070643,22.27511,321.41777,1.84485,124.23091,121.34541,118.45990,2024-06-12,09:30
2024-06-12 10:30:00,126.835,126.88,124.77,125.54,47269209,66.32492,121.90798,122.74521,1.17869,0.89538565,0.28330707,83.53813,82.52587,22.54436,262.36997,1.86379,124.98258,121.58306,118.18353,2024-06-12,10:30
2024-06-12 11:30:00,125.54,125.95,125.13,125.58,24754779,66.42371,122.41389,123.31217,1.34796,0.98590026,0.36205843,84.029539,89.18922,22.79438,197.28836,1.78923,125.61656,121.81218,118.0077986,2024-06-12,11:30
2024-06-12 12:30:00,125.57,126.29,125.48,125.8794,22202179,67.19932,122.99271,123.82562,1.48910,1.086540,0.40255732,87.70768,85.091781,23.18195,170.23294,1.71929,126.21288,122.094976,117.97708,2024-06-12,12:30
2024-06-12 13:30:00,125.8601,126.11,124.54,125.65,27222005,65.94241,123.55327,124.19049,1.56441,1.18211,0.38229294,84.88949,85.54223,22.80422,125.56836,1.70862,126.68257,122.34548,118.0083851,2024-06-12,13:30
2024-06-12 14:30:00,125.64,126.16,124.17,124.4401,29826604,59.60962,124.015501,124.24042,1.50906,1.24750,0.26156110,70.025850,80.87434,22.17548,90.65682,1.72872,126.89706,122.52423,118.15140,2024-06-12,14:30
2024-06-12 15:30:00,124.48,125.7295,124.19,125.27,23271771,62.28510,124.49772,124.44633,1.51471,1.30094,0.21376598,80.22112,78.37882,21.59165,82.49249,1.71521,127.14994,122.79123,118.43252,2024-06-12,15:30
2024-06-13 09:30:00,129.39999,129.7394,127.4,128.25999,91856606,69.99643,125.37439,125.20906,1.74039,1.38883,0.35155717,86.55017,78.93238,22.85089,163.51481,1.91193,128.046533,123.088816,118.13110,2024-06-13,09:30
2024-06-13 10:30:00,128.28999,129.059998,127.6,128.0050049,31939114,68.70625,126.16272,125.76825,1.87703,1.48647,0.39055823,84.23195,83.66775,24.020180,132.29416,1.87965,128.75639,123.37757,117.99874,2024-06-13,10:30
2024-06-13 11:30:00,128.0050049,129.050003,127.72,127.816,24525940,67.71003,126.27117,126.17780,1.94762,1.57870,0.36891601,80.62931,83.80381,25.10595,114.65416,1.84039,129.33939,123.66437,117.98934,2024-06-13,11:30
2024-06-13 12:30:00,127.815,128.60001,127.16,128.4088,21278424,69.21762,126.58992,126.62400,2.028015,1.66856,0.35945005,86.28165,83.71430,25.63026,99.70532,1.81179,129.93750,124.026056,118.11461,2024-06-13,12:30
2024-06-13 13:30:00,128.4099,128.99001,128.050003,128.84,17185929,70.30373,126.95214,127.067201,2.10229,1.75531,0.34698007,90.51206,85.80767,26.28703,103.12875,1.74952,130.56375,124.34856,118.13336,2024-06-13,13:30
2024-06-13 14:30:00,128.83,129.72,128.78,129.089996,27268436,70.94385,127.30888,127.47176,2.15647,1.83554,0.32092645,93.12033,89.97135,27.20540,107.51456,1.69170,131.13265,124.72056,118.30846,2024-06-13,14:30
2024-06-13 15:30:00,129.089996,129.8,128.89999,129.37,19991914,71.68014,127.72221,127.85141,2.19668,1.90777,0.28890764,94.052452,92.56162,28.091918,104.46918,1.63515,131.61950,125.13771,118.65593,2024-06-13,15:30
2024-06-14 09:30:00,129.94,132.75,128.32001,132.63969,96646990,78.52398,128.63328,128.80906,2.46398,2.019010,0.44496564,98.71439,95.29572,29.93123,138.98934,1.83478,132.65318,125.73620,118.81922,2024-06-14,09:30
2024-06-14 10:30:00,132.64,132.83501,130.42999,130.6804,45049456,67.93028,129.23443,129.18333,2.48902,2.11301,0.37600974,75.13445,89.30043,31.66308,126.048941,1.87551,133.055590,126.23997,119.42435,2024-06-14,10:30
2024-06-14 11:30:00,130.6714,131.39999,129.2,130.6703,38365593,67.87943,129.50224,129.48073,2.47947,2.18630,0.29316989,75.017874,82.95557,32.15231,94.65423,1.89869,133.25521,126.75948,120.26376,2024-06-14,11:30
2024-06-14 12:30:00,130.67,132.19,130.46001,132.032394,28932111,71.028408,129.94973,129.99106,2.55240,2.25952,0.29287237,90.73732,80.29655,32.89499,114.24351,1.88664,133.61745,127.31460,121.011754,2024-06-14,12:30
2024-06-14 13:30:00,132.029999,132.58,131.56,131.8175,27131550,69.86472,130.39434,130.35635,2.56330,2.32028,0.24301965,88.25735,84.67085,33.72304,120.064882,1.82474,133.61631,127.88698,122.15765,2024-06-14,13:30
2024-06-14 14:30:00,131.815,132.10001,131.39999,131.82001,28247358,69.87091,130.77337,130.64908,2.54283,2.36479,0.17803961,88.25912,89.084595,34.34038,111.014728,1.74440,133.43178,128.43248,123.43318,2024-06-14,14:30
2024-06-14 15:30:00,131.82001,132.070007,131.57001,131.98,20092283,70.29110,131.12226,130.91526,2.51057,2.39394,0.11662902,84.93374,87.15007,34.91364,102.87889,1.65551,133.86042,128.68948,123.51854,2024-06-14,15:30
2024-06-17 09:30:00,132.78,133.73,129.58009,130.25,104654313,60.47037,131.25114,130.78221,2.31869,2.37889,-0.060205264,47.031965,73.40827,33.66855,72.96119,1.83369,133.92697,128.92498,123.92299,2024-06-17,09:30
2024-06-17 10:30:00,130.3065,131.46001,130.17,131.21001,34285425,63.51653,131.45559,130.86777,2.21851,2.34682,-0.12830804,61.64396,64.53655,32.51239,59.25432,1.79485,134.055137,129.20648,124.35782,2024-06-17,10:30
2024-06-17 11:30:00,131.22,132.0,130.45,131.98,28985968,65.79339,131.38229,131.090215,2.17616,2.31269,-0.13652400,73.36374,60.67989,31.74614,70.11227,1.77736,134.25091,129.51151,124.77211,2024-06-17,11:30
2024-06-17 12:30:00,131.985,132.46001,131.62,131.94,25974696,65.56452,131.52225,131.26017,2.11499,2.27315,-0.15815338,68.48599,67.83123,31.28966,81.72584,1.71041,134.32751,129.82601,125.32451,2024-06-17,12:30
2024-06-17 13:30:00,131.94,132.53,131.83,132.074997,21674725,65.99452,131.67832,131.42314,2.053737,2.22927,-0.17552841,69.40846,70.41940,30.90537,82.56788,1.63824,134.066587,130.20775,126.34892,2024-06-17,13:30
2024-06-17 14:30:00,132.080002,132.58,132.020004,132.25,21273256,66.57720,131.70250,131.58851,1.99630,2.18267,-0.18637276,72.64327,70.17924,30.57859,86.66468,1.56122,133.77564,130.55675,127.33787,2024-06-17,14:30
2024-06-17 15:30:00,132.24001,132.42999,130.96001,131.089996,24008812,59.32136,131.62167,131.48881,1.83601,2.11334,-0.27732754,51.20139,64.41771,29.23939,43.67049,1.55470,133.74506,130.69825,127.65145,2024-06-17,15:30
2024-06-18 09:30:00,131.039993,133.71989,130.7701,133.059998,78263233,66.081953,131.75944,131.80305,1.84666,2.060004,-0.21334431,85.20975,69.68480,28.81933,95.20376,1.65435,133.89928,130.95100,128.0027301,2024-06-18,09:30
2024-06-18 10:30:00,133.070007,133.58,132.7,133.47,31207876,67.30002,131.92500,132.13644,1.86666,2.021336,-0.15467219,94.26061,76.89058,28.42927,138.11475,1.59904,134.0042756,131.23370,128.46313,2024-06-18,10:30
2024-06-18 11:30:00,133.46181,134.8,133.32001,134.44569,35425830,70.055911,132.39119,132.59829,1.93890,2.0048482,-0.065951174,93.21235,90.89424,28.75375,197.97955,1.59054,134.32463,131.53555,128.74647,2024-06-18,11:30
2024-06-18 12:30:00,134.44,135.73,134.25,135.62,34389569,73.0047614,132.88119,133.20263,2.067071,2.017293,0.049778049,98.21134,95.22810,29.50204,240.26686,1.58264,134.90813,131.87455,128.84096,2024-06-18,12:30
2024-06-18 13:30:00,135.63989,136.33,135.070007,135.875,38022838,73.61247,133.31396,133.73710,2.16428,2.046690,0.11758798,93.25914,94.89428,30.46129,229.077092,1.55960,135.43750,132.21380,128.99010,2024-06-18,13:30
2024-06-18 14:30:00,135.86501,136.22,135.34,135.72,28647978,72.54349,133.73396,134.13368,2.20341,2.078033,0.12537483,90.96283,94.14444,31.35203,183.17607,1.51105,135.82224,132.53130,129.24036,2024-06-18,14:30
2024-06-18 15:30:00,135.7101,136.0,135.020004,135.67999,23745246,72.25183,134.13452,134.44294,2.20576,2.10358,0.10218484,90.37010,91.53069,31.80844,140.47699,1.47312,136.24959,132.68331,129.11704,2024-06-18,15:30
2024-06-20 09:30:00,139.85001,140.75999,136.13,138.1516,146856803,78.10758,134.79025,135.18468,2.37964,2.15879,0.22084713,75.36922,85.56739,33.86765,208.22834,1.73076,137.22080,133.056874,128.89295,2024-06-20,09:30
2024-06-20 10:30:00,138.16,139.53,137.85001,138.989,45306162,79.67277,135.66792,135.94554,2.55555,2.23814,0.31740495,82.82254,82.85395,35.77978,181.54057,1.72713,138.22098,133.47281,128.72464,2024-06-20,10:30
2024-06-20 11:30:00,138.98599,139.0,134.070007,134.145,58924575,55.12252,135.78848,135.58543,2.27783,2.24608,0.031749520,33.78321,63.99166,34.65233,69.29615,1.95591,138.28757,133.57844,128.86931,2024-06-20,11:30
2024-06-20 12:30:00,134.14,134.57001,130.55,131.24001,76306044,45.97339,135.54070,134.71635,1.80255,2.15737,-0.35482545,6.75811,41.12129,32.48351,-49.099635,2.10334,138.30835,133.54956,128.79078,2024-06-20,12:30
2024-06-20 13:30:00,131.24361,133.3,129.53,133.11031,63217513,51.54913,135.39232,134.39514,1.55883,2.037665,-0.47883278,31.88164,24.14099,30.87572,-54.23424,2.22239,138.31192,133.61408,128.91624,2024-06-20,13:30
2024-06-20 14:30:00,133.11,133.28999,129.83,131.2984,44957208,46.53826,134.91214,133.77579,1.20558,1.87125,-0.66566552,15.74713,18.12896,29.38277,-69.68838,2.31079,138.33431,133.58000,128.82569,2024-06-20,14:30
2024-06-20 15:30:00,131.2999,132.50999,130.60001,130.72,35806912,45.033370,134.33937,133.16463,0.86894246,1.67079,-0.80184530,10.59664,19.40847,27.99645,-76.36063,2.28216,138.29598,133.60350,128.91102,2024-06-20,15:30
2024-06-21 09:30:00,127.0,128.78,124.3,125.68,167898676,34.54948,133.22381,131.66771,0.19323847,1.37528,-1.18204,8.38395,11.57591,28.72989,-213.094580,2.57772,139.082363,133.32700,127.57164,2024-06-21,09:30
2024-06-21 10:30:00,125.6401,128.89,125.13,128.28999,57256665,42.070569,132.40270,130.99216,-0.13015683,1.074191,-1.20435,24.24054,14.40704,29.35293,-159.60531,2.66217,139.28249,133.14250,127.0025116,2024-06-21,10:30
2024-06-21 11:30:00,128.30991,130.63,127.59,129.089996,50080293,44.18764,131.39586,130.61173,-0.31822803,0.79570716,-1.11394,29.10082,20.57510,29.038370,-103.60452,2.68916,139.37288,133.00000,126.62712,2024-06-21,11:30
2024-06-21 12:30:00,129.095993,129.69,126.45,126.85,40958655,39.80156,130.047078,129.85938,-0.64064003,0.50843772,-1.14908,15.49208,22.94448,29.069593,-125.63591,2.72850,139.64772,132.73875,125.82977,2024-06-21,12:30
2024-06-21 13:30:00,126.84,127.1099,126.019997,126.665,50584726,39.45325,129.21597,129.22051,-0.90069892,0.22661039,-1.12731,14.36816,19.65369,29.21905,-132.30231,2.61146,139.85898,132.45950,125.060017,2024-06-21,13:30
2024-06-21 14:30:00,126.66,127.19,126.15,126.735,32091365,39.66839,128.71541,128.72341,-1.088600,-0.036431757,-1.052169,14.79343,14.88456,29.31309,-115.60199,2.49921,140.035435,132.24175,124.44806,2024-06-21,14:30
2024-06-21 15:30:00,126.735,127.07,125.099998,127.059998,40322778,40.72155,128.043154,128.39072,-1.19749,-0.26864245,-0.92884276,16.76790,15.30983,29.71372,-106.35437,2.46141,140.042227,131.94175,123.84127,2024-06-21,15:30
2024-06-24 09:30:00,122.94,124.46,120.74,120.89,120813827,30.010835,126.88667,126.89058,-1.76134,-0.56718213,-1.19416,0.79830505,10.78654,31.10925,-159.23452,2.73703,140.69338,131.31275,121.93211,2024-06-24,09:30
2024-06-24 10:30:00,120.85,121.89,118.29,119.82,101678036,28.60566,125.67555,125.47646,-2.26839,-0.90742410,-1.36097,7.38773,8.31798,32.83131,-161.52934,2.79867,141.084359,130.58146,120.078570,2024-06-24,10:30
2024-06-24 11:30:00,119.825,121.15,119.38,120.76,44960252,31.63412,125.12889,124.53317,-2.56482,-1.23890,-1.32591,15.17199,7.78601,34.43037,-135.060351,2.72519,140.89819,129.83846,118.77874,2024-06-24,11:30
2024-06-24 12:30:00,120.75,121.32,119.0,119.315,40844824,29.55843,124.13167,123.48954,-2.88310,-1.56774,-1.31536,6.82879,9.79617,35.98146,-127.93834,2.69625,140.60511,129.010465,117.41582,2024-06-24,12:30
2024-06-24 13:30:00,119.315,119.9292,118.51,118.67,36757889,28.65461,122.97389,122.52563,-3.15107,-1.88441,-1.26666,2.53332,8.17803,37.50934,-125.76222,2.60503,140.15423,128.15796,116.16170,2024-06-24,13:30
2024-06-24 14:30:00,118.67,120.68,118.3501,120.38,41572729,34.38301,122.25500,122.096503,-3.18869,-2.14526,-1.043428,14.69759,8.019899,38.43237,-106.49165,2.58538,139.32412,127.39296,115.46181,2024-06-24,14:30
2024-06-24 15:30:00,120.37,120.9,118.040001,118.07,40907632,30.78690,121.30000,121.29120,-3.36611,-2.38943,-0.97667250,0.23827458,5.82306,39.35758,-108.87922,2.60499,137.90208,126.38889,114.87569,2024-06-24,15:30
2024-06-25 09:30:00,121.2,122.62,119.32,121.9999,127924813,41.91688,120.77388,121.43294,-3.15325,-2.54220,-0.61105177,31.45273,15.46286,39.10218,-66.34337,2.74392,135.62742,125.53943,115.45144,2024-06-25,09:30
2024-06-25 10:30:00,121.984,124.35,121.42,124.11,59868901,46.85825,120.44610,121.96835,-2.78222,-2.59020,-0.19201708,48.21285,26.63462,37.89098,-29.19566,2.75722,134.33058,125.037680,115.74478,2024-06-25,10:30
2024-06-25 11:30:00,124.095001,125.59,123.91,124.57,51742634,47.89885,120.85499,122.48868,-2.42312,-2.55678,0.13366202,56.051484,45.23902,36.13860,-0.49885419,2.68027,133.55082,124.70418,115.85754,2024-06-25,11:30
2024-06-25 12:30:00,124.57,125.31,123.0401,124.37,40123900,47.46368,121.36054,122.86495,-2.13012,-2.47145,0.34133096,69.18034,57.81489,34.83043,-1.77296,2.65096,132.22888,124.26716,116.30545,2024-06-25,12:30
2024-06-25 13:30:00,124.36,125.17,123.95,125.1292,28842240,49.34506,121.84601,123.31780,-1.81572,-2.34031,0.52458289,77.47761,67.56981,33.61570,16.14241,2.54875,131.25728,123.95870,116.66013,2024-06-25,13:30
2024-06-25 14:30:00,125.12,126.36,124.62,126.32,34177398,52.23438,122.62434,123.91824,-1.45372,-2.16299,0.70927208,91.69435,79.45077,31.85144,47.57193,2.49098,130.45047,123.73870,117.026941,2024-06-25,14:30
2024-06-25 15:30:00,126.32,126.5,125.57,126.25,32599183,52.046447,123.46657,124.38459,-1.15911,-1.96221,0.80310280,97.044917,88.73896,30.13939,55.77175,2.37948,130.51644,123.76720,117.017974,2024-06-25,15:30
2024-06-26 09:30:00,126.099998,128.12,124.38,125.1399,106119302,49.033470,123.99545,124.53565,-1.0036381,-1.77050,0.76685924,70.43555,86.39161,28.23830,53.61655,2.47666,130.070244,123.60970,117.14916,2024-06-26,09:30
2024-06-26 10:30:00,125.11,125.86,122.6,123.4104,66126499,44.69254,124.58882,124.31060,-1.0083585,-1.61807,0.60971110,53.27780,73.58609,26.79184,15.094118,2.53261,129.27696,123.32572,117.37448,2024-06-26,10:30
2024-06-26 11:30:00,123.42,124.99,122.91,124.4501,36856476,47.69062,124.86107,124.33850,-0.91762621,-1.47798,0.56035470,63.59233,62.43523,25.44869,25.36248,2.50028,128.96145,123.20573,117.45000,2024-06-26,11:30
2024-06-26 12:30:00,124.46,124.88,123.12,123.87,31378839,46.18626,124.83440,124.24480,-0.88235826,-1.35886,0.47649812,57.83735,58.23583,24.20149,25.71673,2.44741,128.61081,123.065976,117.52114,2024-06-26,12:30
2024-06-26 13:30:00,123.87,124.18,123.27,123.5959,22246109,45.45662,124.72617,124.11502,-0.86653693,-1.26039,0.39385556,55.11809,58.84926,23.043369,23.34288,2.33759,128.20152,122.90902,117.61653,2024-06-26,13:30
2024-06-26 14:30:00,123.5999,124.4499,122.86,124.394,27273395,48.030976,124.72883,124.17082,-0.78060049,-1.16443,0.38383360,63.035714,58.66372,22.18686,35.49644,2.28418,127.76915,122.77572,117.78229,2024-06-26,14:30
2024-06-26 15:30:00,124.39,126.48,124.22,126.45,37210223,54.048019,124.87559,124.62665,-0.54036426,-1.039620,0.49925587,81.022738,66.39218,21.0088986,85.50619,2.28246,128.21260,123.053720,117.89484,2024-06-26,15:30
2024-06-27 09:30:00,124.0,126.405,123.75,124.555,72053266,48.47689,124.67948,124.61232,-0.49715482,-0.93112706,0.43397225,46.79110,63.61652,19.64150,56.45792,2.31228,128.26533,123.29047,118.31561,2024-06-27,09:30
2024-06-27 10:30:00,124.56,124.96,123.33,123.54,35910486,45.75634,124.37837,124.39786,-0.53860429,-0.85262251,0.31401822,17.029040,48.28096,18.35049,20.17873,2.26355,128.26721,123.42947,118.59173,2024-06-27,10:30
2024-06-27 11:30:00,123.53,124.18,122.94,124.16,30796076,47.68759,124.26949,124.35029,-0.51548211,-0.78519443,0.26971232,28.26098,30.69371,17.38090,7.26742,2.19044,128.13154,123.67172,119.21190,2024-06-27,11:30
2024-06-27 12:30:00,124.15,124.8,124.029999,124.61,25678151,49.10396,124.40278,124.40223,-0.45559480,-0.71927450,0.26367970,36.41310,27.23438,16.19387,33.36903,2.088977,127.80405,123.96872,120.13339,2024-06-27,12:30
2024-06-27 13:30:00,124.61,125.080002,124.19,124.53,16594108,48.85072,124.41166,124.42778,-0.40986449,-0.65739250,0.24752801,34.96379,33.21263,15.26929,32.75127,2.0033356,127.64390,124.17622,120.70855,2024-06-27,13:30
2024-06-27 14:30:00,124.525,125.0,123.87,124.31,20853277,48.11588,124.46054,124.40423,-0.38691504,-0.60329701,0.21638197,30.97826,34.11839,14.19005,1.83767,1.94095,126.53316,124.48822,122.44328,2024-06-27,14:30
2024-06-27 15:30:00,124.3069,124.38,122.92,124.089996,23652931,47.34883,124.51544,124.34138,-0.38207537,-0.55905268,0.17697731,26.99273,30.97826,13.78978,-72.46582,1.90660,126.30488,124.59273,122.88057,2024-06-27,15:30
2024-06-28 09:30:00,124.575,127.71,123.42,126.806,78660336,56.55646,124.78344,124.83430,-0.15726823,-0.47869579,0.32142756,82.30921,46.76007,14.11434,133.22274,2.076843,126.67481,124.72753,122.78024,2024-06-28,09:30
2024-06-28 10:30:00,126.81,127.2,125.11,125.96,45426717,53.42253,124.72900,125.059443,-0.046832275,-0.39232309,0.34549081,63.91751,57.73982,14.41571,122.10088,2.077783,126.81480,124.79703,122.77925,2024-06-28,10:30
2024-06-28 11:30:00,125.955,126.49,124.27,124.705,31025455,49.077926,124.74567,124.98856,-0.059888423,-0.32583615,0.26594773,38.041274,61.42267,14.12398,35.69294,2.087941,126.82263,124.81378,122.80492,2024-06-28,11:30
2024-06-28 12:30:00,124.705,124.84,122.89,124.084999,34866391,47.042518,124.80622,124.80784,-0.11889402,-0.28444773,0.16555371,25.25771,42.40550,13.21927,-64.39845,2.078088,126.78911,124.76157,122.73402,2024-06-28,12:30
2024-06-28 13:30:00,124.089996,124.59,123.7701,123.964,20565057,46.63601,124.78444,124.63907,-0.17342115,-0.26224241,0.088821261,22.76282,28.68727,12.37919,-45.98577,1.98822,126.56650,124.64376,122.72103,2024-06-28,13:30
2024-06-28 14:30:00,123.97,124.42,123.86,123.8745,19840275,46.31719,124.70272,124.48616,-0.22130517,-0.25405496,0.032749797,20.42525,22.81526,11.59911,-46.79269,1.88620,126.32578,124.52499,122.72420,2024-06-28,14:30
2024-06-28 15:30:00,123.8799,124.69,122.75,123.44,31712827,44.71891,124.58161,124.27693,-0.29095963,-0.26143590,-0.029523732,13.91134,19.033137,11.55710,-85.79390,1.89004,126.27677,124.43999,122.60322,2024-06-28,15:30
2024-07-01 09:30:00,123.455,123.78,118.83,121.8623,103223013,39.40204,124.30964,123.79400,-0.46807327,-0.30276337,-0.16530990,34.14748,22.82802,13.23033,-264.49947,2.10861,126.47604,124.36259,122.24914,2024-07-01,09:30
2024-07-01 10:30:00,121.88,124.25,121.32,124.099899,44648770,48.71517,124.31074,123.85518,-0.42300517,-0.32681173,-0.096193439,59.34571,35.80151,14.45997,-91.58948,2.16728,126.46114,124.34508,122.22902,2024-07-01,10:30
2024-07-01 11:30:00,124.095001,124.84,122.82,124.31,34102624,49.49996,124.033410,123.94614,-0.36611486,-0.33467236,-0.031442501,61.71168,51.73496,15.19678,-22.69731,2.15676,126.47205,124.36708,122.26211,2024-07-01,11:30
2024-07-01 12:30:00,124.32,124.41,122.85,123.71,23718918,47.27506,123.78341,123.89892,-0.36523355,-0.34078459,-0.024448956,54.95494,58.67078,15.88097,-52.59999,2.11414,126.46997,124.37278,122.27560,2024-07-01,12:30
2024-07-01 13:30:00,123.7,124.5,123.14,124.019897,22398563,48.56109,123.70729,123.92311,-0.33565963,-0.33975960,0.0040999754,58.44479,58.37047,16.44827,-31.77870,2.060270,126.45684,124.35408,122.25132,2024-07-01,13:30
2024-07-01 14:30:00,124.010002,124.71,123.8,124.2911,19875552,49.71697,123.73019,123.99671,-0.28702964,-0.32921361,0.042183972,61.49887,58.29953,16.80865,10.21393,1.97811,126.11621,124.24613,122.37605,2024-07-01,14:30
2024-07-01 15:30:00,124.29,124.53,123.544,124.18,18142724,49.22894,123.75419,124.033367,-0.25452084,-0.31427505,0.059754214,60.24775,60.063802,17.27846,-4.53413,1.90724,126.092214,124.22738,122.36255,2024-07-01,15:30
2024-07-02 09:30:00,121.089996,123.41,121.029999,121.5199,70582013,39.28536,123.49257,123.53067,-0.43835240,-0.33909052,-0.099261878,32.13736,51.29466,18.82638,-196.50377,1.99601,126.31918,124.12638,121.93358,2024-07-02,09:30
2024-07-02 10:30:00,121.51,122.25,121.19,121.7305,32799393,40.31325,123.30262,123.17064,-0.56058436,-0.38338929,-0.17719507,37.86552,43.41688,20.26372,-183.11177,1.92915,126.43331,124.0049038,121.57649,2024-07-02,10:30
2024-07-02 11:30:00,121.74,122.64,121.56,122.595,21961386,44.46927,123.38403,123.055511,-0.58099860,-0.42291115,-0.15808745,62.64564,44.21617,21.24845,-118.064796,1.86850,126.39030,123.90415,121.41801,2024-07-02,11:30
2024-07-02 12:30:00,122.6,123.36,122.46,122.9999,20690800,46.35339,123.26181,123.044389,-0.55807191,-0.44994331,-0.10812861,69.38274,56.63130,21.53561,-59.053184,1.79932,126.32619,123.82765,121.32911,2024-07-02,12:30
2024-07-02 13:30:00,123.0,123.059998,122.32,122.72,16128516,45.21140,123.085144,122.97951,-0.55607779,-0.47117020,-0.084907586,64.72551,65.58463,21.87448,-68.48538,1.72366,126.28118,123.74815,121.21512,2024-07-02,13:30
2024-07-02 14:30:00,122.72,122.89,122.13,122.3196,17250237,43.55820,122.93066,122.84753,-0.58011897,-0.49295996,-0.087159015,58.063300,64.057183,22.29127,-76.60638,1.65482,126.26149,123.65963,121.057766,2024-07-02,14:30
2024-07-02 15:30:00,122.31,122.71,121.78,122.66,18584269,45.38655,122.77956,122.81002,-0.56518914,-0.50740579,-0.057783349,63.72721,62.17201,22.86959,-71.79257,1.60305,125.64726,123.45233,121.25740,2024-07-02,15:30
2024-07-03 09:30:00,122.044998,122.76,121.36,121.79,55473995,41.67112,122.50166,122.60602,-0.61645301,-0.52921524,-0.087237773,19.94758,47.24603,23.63379,-92.29225,1.58855,125.22848,123.24383,121.25918,2024-07-03,09:30
2024-07-03 10:30:00,121.8,126.13,121.59,126.039902,60513686,59.22911,122.70831,123.29280,-0.31056848,-0.48548588,0.17491741,98.23342,60.63607,22.24846,110.22681,1.79936,125.55949,123.31057,121.061664,2024-07-03,10:30
2024-07-03 11:30:00,126.040001,128.0099945,125.65,127.995,47482022,64.52022,123.42777,124.23324,0.088586366,-0.37067143,0.45925780,99.78522,72.65540,21.95620,254.78278,1.83941,126.53486,123.50607,120.47729,2024-07-03,11:30
2024-07-03 12:30:00,127.985,128.28,126.37,128.28,46680380,65.22861,124.15549,125.042590,0.42303971,-0.21192920,0.63496892,100,99.33955,21.81334,230.92619,1.84445,127.39657,123.72187,120.047178,2024-07-03,12:30
2024-07-05 09:30:00,127.67,128.8452,125.68,127.1157,68987173,59.96147,124.65779,125.45721,0.58737629,-0.052068106,0.63944440,77.87005,92.55176,21.19184,174.34087,1.93879,127.84592,123.88394,119.92195,2024-07-05,09:30
2024-07-05 10:30:00,127.1196,127.53,126.21,126.955,28729689,59.25033,125.097246,125.75677,0.69661707,0.097668929,0.59894814,75.81383,84.56129,20.61474,133.48928,1.89459,128.23349,124.059685,119.88588,2024-07-05,10:30
2024-07-05 11:30:00,126.96,128.4696,126.75,128.080002,24476857,62.59492,125.69280,126.22142,0.86400950,0.25093704,0.61307246,90.20885,81.29758,20.59183,145.57581,1.88209,128.76385,124.37057,119.97729,2024-07-05,11:30
2024-07-05 12:30:00,128.059998,128.17,126.8705,127.4401,18096949,59.59852,126.26175,126.46515,0.93426499,0.38760263,0.54666236,81.64518,82.55595,20.57057,114.12334,1.84048,129.12660,124.53758,119.94856,2024-07-05,12:30
2024-07-05 13:30:00,127.4499,127.73,126.91,126.935,15432455,57.26815,126.73675,126.55912,0.93836836,0.49775578,0.44061259,74.48028,82.11144,20.55082,89.70950,1.76759,129.37301,124.66883,119.96465,2024-07-05,13:30
2024-07-05 14:30:00,126.935,127.24,126.69,127.029999,16184542,57.60392,127.31897,126.65330,0.93846805,0.58589823,0.35256982,75.74946,77.29164,20.32969,73.31522,1.68062,129.62547,124.83483,120.044186,2024-07-05,14:30
2024-07-05 15:30:00,127.019997,127.125,125.79,125.8,18266267,51.91595,127.29231,126.48264,0.82973204,0.63466499,0.19506704,59.31709,69.84895,19.33419,44.70045,1.65593,129.71675,124.92384,120.13092,2024-07-05,15:30
2024-07-08 09:30:00,127.53,130.77,127.040001,128.96069,87597406,62.23534,127.39961,126.97825,0.98721921,0.70517584,0.28204337,80.77247,71.94634,20.35666,111.58675,1.89265,130.24978,125.15732,120.064851,2024-07-08,09:30
2024-07-08 10:30:00,128.96001,129.32001,127.14,128.71001,38371522,61.11504,127.44739,127.32460,1.079358,0.78001236,0.29934608,78.10843,72.73267,21.30610,86.43148,1.91317,130.68111,125.38382,120.086526,2024-07-08,10:30
2024-07-08 11:30:00,128.7001,129.19,128.061996,128.36729,22899126,59.53718,127.58646,127.53314,1.11191,0.84639149,0.26551654,74.46643,77.78244,22.18773,83.75064,1.85709,130.86298,125.72619,120.58939,2024-07-08,11:30
2024-07-08 12:30:00,128.36121,128.75999,127.65,128.75999,15714135,60.78649,127.78701,127.77851,1.15607,0.90832620,0.24773884,78.10449,76.89312,22.62946,74.92411,1.80373,131.031469,126.077660,121.12385,2024-07-08,12:30
2024-07-08 13:30:00,128.7596,129.2,128.53,129.029602,17193114,61.66169,127.89252,128.028729,1.19899,0.96645969,0.23253393,66.0077873,72.85957,23.26188,87.38677,1.72275,131.24121,126.39939,121.55757,2024-07-08,13:30
2024-07-08 14:30:00,129.020004,129.024994,127.695,127.83,17209747,55.70440,127.93584,127.98898,1.12327,0.99782150,0.12544727,42.23968,62.11732,23.083378,59.86257,1.69502,131.25695,126.64090,122.024846,2024-07-08,14:30
2024-07-08 15:30:00,127.8399,128.39,127.68,128.19,16886074,57.045598,128.075289,128.029187,1.079857,1.014229,0.065628714,49.31238,52.51995,22.90404,53.89767,1.62466,131.20555,126.91440,122.62325,2024-07-08,15:30
2024-07-09 09:30:00,130.31,133.82001,130.261,131.966,98871596,67.99261,128.62373,128.81655,1.33476,1.078335,0.25642427,76.91155,56.15454,24.89572,217.80885,1.91076,131.68213,127.39672,123.11130,2024-07-09,09:30
2024-07-09 10:30:00,131.965,133.21001,131.36,131.57001,39801800,66.090350,129.26485,129.36724,1.48767,1.16020,0.32746653,71.98010,66.068010,26.74513,206.62810,1.90642,131.91246,127.84222,123.77197,2024-07-09,10:30
2024-07-09 11:30:00,131.577,131.75999,130.88,131.145,25260665,64.020160,129.50755,129.72279,1.55661,1.23948,0.31712806,66.68741,71.85969,28.058170,158.36930,1.83310,131.55766,128.30997,125.062270,2024-07-09,11:30
2024-07-09 12:30:00,131.14,131.28,128.66,129.815,40099885,57.90722,129.63032,129.74124,1.48679,1.28894,0.19784600,50.12451,62.93067,27.64463,78.30995,1.88931,131.63359,128.49872,125.36385,2024-07-09,12:30
2024-07-09 13:30:00,129.8,130.44,129.78999,130.16499,17349387,59.016231,129.83007,129.82599,1.44306,1.31977,0.12329543,54.48305,57.098324,27.26063,78.33284,1.80079,131.81422,128.60722,125.40022,2024-07-09,13:30
2024-07-09 14:30:00,130.17,131.38,130.020004,130.75011,24140750,60.87224,130.051192,130.010811,1.43904,1.34362,0.095413721,61.76964,55.45907,27.30268,94.19270,1.76930,132.065516,128.73073,125.39594,2024-07-09,14:30
2024-07-09 15:30:00,130.75,131.59,130.61,131.45,17918459,63.029005,130.32012,130.29865,1.47531,1.36996,0.10535207,65.044128,60.43227,27.42924,103.15517,1.71292,132.39566,128.94744,125.49923,2024-07-09,15:30
2024-07-10 09:30:00,133.45711,134.38989,132.42,134.1169,76458829,69.84897,131.018668,131.062298,1.69967,1.43590,0.26376421,96.23450,74.34942,28.53979,175.050777,1.80056,133.29652,129.30554,125.31455,2024-07-10,09:30
2024-07-10 10:30:00,134.12,134.78,133.28,134.13499,36272180,69.88956,131.67922,131.67684,1.85751,1.52022,0.33729098,90.95365,84.077426,29.68738,160.65933,1.77910,134.072104,129.60829,125.14447,2024-07-10,10:30
2024-07-10 11:30:00,134.13499,134.83,133.94,134.73,22686043,71.25953,131.98633,132.28747,2.0074825,1.61768,0.38980678,98.60716,95.26510,30.76855,151.95359,1.71559,134.84109,129.97278,125.10447,2024-07-10,11:30
2024-07-10 12:30:00,134.7299,135.089996,134.10001,134.64,25202781,70.73530,132.32744,132.75798,2.094922,1.71312,0.38179695,93.92716,94.49599,31.85732,135.43858,1.66376,135.41943,130.35803,125.29663,2024-07-10,12:30
2024-07-10 13:30:00,134.64999,134.91,134.31,134.425,14820038,69.42140,132.69189,133.091381,2.12240,1.79498,0.32742332,91.025727,94.52002,32.86832,119.064103,1.58778,135.84283,130.72778,125.61273,2024-07-10,13:30
2024-07-10 14:30:00,134.42,134.7,133.83,134.68201,19804980,70.13552,133.23267,133.40951,2.14025,1.86403,0.27621580,94.49407,93.14899,33.34764,103.80636,1.53651,136.034538,131.17188,126.30922,2024-07-10,14:30
2024-07-10 15:30:00,134.67999,135.089996,134.22,134.845,20238999,70.60440,133.75267,133.69661,2.14284,1.91980,0.22304810,96.18981,93.90320,33.95292,100.95137,1.48890,136.46806,131.46610,126.46413,2024-07-10,15:30
2024-07-11 09:30:00,135.9799,136.14999,130.2601,131.82001,101644252,53.74103,133.87154,133.32129,1.87915,1.91167,-0.032519400,42.18969,77.62452,31.59045,35.31217,1.80326,136.46193,131.62160,126.78126,2024-07-11,09:30
2024-07-11 10:30:00,131.82001,132.5,128.13,128.14,64972515,40.93271,133.50377,132.28503,1.35757,1.80085,-0.44327725,0.12461996,46.16804,30.30365,-68.34606,1.98659,136.48204,131.61023,126.73842,2024-07-11,10:30
2024-07-11 11:30:00,128.1301,130.34,127.6,129.95441,55276495,47.56791,133.041268,131.81890,1.078195,1.65632,-0.57812173,27.53695,23.28375,29.33701,-81.14964,2.040409,136.42850,131.66995,126.91140,2024-07-11,11:30
2024-07-11 12:30:00,129.9444,129.99001,128.030197,128.92999,28486318,44.52666,132.46293,131.24112,0.76530517,1.47811,-0.71280958,15.55550,14.40569,28.43941,-91.90057,2.034652,136.43476,131.66497,126.89518,2024-07-11,12:30
2024-07-11 13:30:00,128.92,128.95,127.050003,128.2,28603554,42.44416,131.73738,130.63290,0.45320853,1.27313,-0.81992497,12.63731,18.57659,28.042727,-121.97800,2.025034,136.39615,131.68347,126.97079,2024-07-11,13:30
2024-07-11 14:30:00,128.19,129.73,128.080002,128.166,34630925,42.34483,131.018046,130.13952,0.20081163,1.058669,-0.85785750,12.26372,13.48551,27.15443,-104.70552,1.99825,136.39852,131.68227,126.96602,2024-07-11,14:30
2024-07-11 15:30:00,128.16,129.19,127.16,127.46,29730261,40.23888,130.24416,129.60361,-0.055542873,0.83582673,-0.89136960,4.50546,9.80216,26.75142,-113.16838,2.00051331,136.51556,131.45697,126.39838,2024-07-11,15:30
2024-07-12 09:30:00,128.25999,130.33,127.22,129.020004,74832139,46.56294,129.61505,129.48689,-0.13131259,0.64239886,-0.77371146,21.64839,12.80585,25.63591,-76.57367,2.079762,136.49760,131.32947,126.16134,2024-07-12,09:30
2024-07-12 10:30:00,129.029999,131.050003,128.7,130.63,37619263,52.18651,129.14671,129.71551,-0.060746796,0.50176973,-0.56251653,39.34072,21.83152,24.16427,-35.78761,2.099066,136.48039,131.30372,126.12705,2024-07-12,10:30
2024-07-12 11:30:00,130.625,130.75999,129.34,129.9754,22538848,49.88772,128.94176,129.76749,-0.056986900,0.39001841,-0.44700531,32.14728,31.045463,22.79775,-39.022863,2.050561,136.47965,131.31174,126.14383,2024-07-12,11:30
2024-07-12 12:30:00,129.9601,130.95,129.86031,130.9399,16417316,53.16151,129.25286,130.0019729,0.023547908,0.31672431,-0.29317640,42.74612,38.078039,21.40486,-23.33541,1.98193,136.49499,131.35049,126.20598,2024-07-12,12:30
2024-07-12 13:30:00,130.92999,131.49001,130.77499,131.44009,23158310,54.81033,129.41793,130.28960,0.12627849,0.27863514,-0.15235665,48.24281,41.045401,19.99564,-4.68576,1.89143,136.52217,131.38498,126.24780,2024-07-12,13:30
2024-07-12 14:30:00,131.464,131.92,130.67999,131.045898,24267008,53.22031,129.65303,130.44086,0.17388054,0.25768422,-0.083803679,43.91098,44.96663,18.96553,-5.27866,1.84490,136.50397,131.36478,126.22559,2024-07-12,14:30
2024-07-12 15:30:00,131.050003,131.050003,128.84,129.17,31584753,46.33213,129.76081,130.18669,0.059549590,0.21805730,-0.15850771,23.29667,38.48349,18.37765,-47.11944,1.87098,136.17857,131.11744,126.056300,2024-07-12,15:30
2024-07-15 09:30:00,130.81,131.39,128.050003,129.19,59254878,46.41178,129.87459,129.98735,-0.029108789,0.16862408,-0.19773287,39.26607,35.49124,18.25682,-46.87024,1.97591,135.79892,130.87019,125.94145,2024-07-15,09:30
2024-07-15 10:30:00,129.23,130.69,129.14999,129.78999,26308216,48.86321,130.13348,129.94788,-0.050376241,0.12482402,-0.17520026,56.26269,39.60848,18.14463,-31.23454,1.94478,135.23861,130.62319,126.0077623,2024-07-15,10:30
2024-07-15 11:30:00,129.77,129.96001,127.26,128.345,33033257,43.68064,130.058477,129.62730,-0.18173471,0.063512271,-0.24524698,26.59136,40.70671,18.96939,-77.46273,1.99872,134.63474,130.30844,125.98213,2024-07-15,11:30
2024-07-15 12:30:00,128.34,128.88499,127.8,128.11,18844928,42.88403,129.77848,129.32384,-0.30132632,-0.0094554477,-0.29187088,21.76589,34.87331,19.73525,-86.88146,1.93345,133.97961,129.99269,126.0057655,2024-07-15,12:30
2024-07-15 13:30:00,128.10001,128.25,127.38,127.9046,20400803,42.16030,129.54839,129.039994,-0.40797461,-0.089159280,-0.31881533,15.64284,21.33336,20.64063,-106.10625,1.85749,133.10494,129.65382,126.20269,2024-07-15,13:30
2024-07-15 14:30:00,127.9,128.5,127.64,128.17,17233191,43.48741,129.24062,128.86599,-0.46571047,-0.16446952,-0.30124096,21.21840,19.54237,21.25253,-89.90648,1.78624,131.87259,129.32006,126.76754,2024-07-15,14:30
2024-07-15 15:30:00,128.16,128.5,127.18,128.44,16064452,44.87322,128.90728,128.78080,-0.48409908,-0.22839543,-0.25570365,26.58234,21.14786,22.052044,-88.092239,1.75294,131.45456,129.15106,126.84757,2024-07-15,15:30
2024-07-16 09:30:00,128.41,129.039993,124.58,125.86,67705595,35.83140,128.33107,128.19664,-0.69880143,-0.32247663,-0.37632480,17.43868,21.74647,23.84539,-172.023981,1.94630,131.72330,129.037065,126.35083,2024-07-16,09:30
2024-07-16 10:30:00,125.868,126.95,125.65,126.46,28994426,38.91405,128.029956,127.84931,-0.81118884,-0.42021907,-0.39096977,25.61305,23.21136,25.51065,-155.76655,1.90014,131.73527,128.86234,125.98942,2024-07-16,10:30
2024-07-16 11:30:00,126.45,126.95,125.26,125.48,20771347,35.88199,127.61773,127.37545,-0.96817363,-0.52980998,-0.43836365,12.26161,18.43778,27.19474,-156.16883,1.88513,131.91813,128.68984,125.46156,2024-07-16,11:30
2024-07-16 12:30:00,125.485,126.34,125.18,125.99,20702143,38.56471,127.19551,127.098358,-1.039451,-0.63173814,-0.40771263,19.20976,19.028142,28.78763,-141.71515,1.83333,132.011957,128.57934,125.14673,2024-07-16,12:30
2024-07-16 13:30:00,126.0,126.3,125.285,125.78,19849550,37.86223,126.91051,126.83469,-1.10020,-0.72543075,-0.37477042,16.34874,15.94004,30.26675,-124.71697,1.77488,132.10133,128.46004,124.81875,2024-07-16,13:30
2024-07-16 14:30:00,125.78,126.57,125.5902,125.9699,17548359,38.94532,126.67272,126.66173,-1.12011,-0.80436675,-0.31574399,20.40970,18.65607,31.31600,-102.063330,1.71809,132.16402,128.38554,124.60706,2024-07-16,14:30
2024-07-16 15:30:00,125.965,126.65,125.52,126.315,16818520,40.95932,126.49610,126.59238,-1.095415,-0.86257644,-0.23283879,25.47726,20.74523,32.19095,-86.85171,1.67608,132.12078,128.25029,124.37980,2024-07-16,15:30
2024-07-17 09:30:00,121.34,121.85,118.12,119.010002,118536934,23.37901,125.47832,125.075908,-1.64632,-1.019325,-0.62699373,7.080345,17.65577,34.97343,-272.18631,2.14172,133.10753,127.66929,122.23105,2024-07-17,09:30
2024-07-17 10:30:00,119.010002,120.34,118.98,119.78,47616254,26.93872,124.51610,124.016726,-1.99775,-1.21501,-0.78274199,14.020232,15.52594,37.55716,-216.28426,2.085881,133.47771,127.15952,120.84133,2024-07-17,10:30
2024-07-17 11:30:00,119.79,120.0,117.45,117.83,47811674,23.90928,123.62388,122.77938,-2.40588,-1.45318,-0.95269658,3.27873,8.12644,40.17254,-210.57379,2.11903,133.76698,126.50402,119.24107,2024-07-17,11:30
2024-07-17 12:30:00,117.84,118.48,116.73,118.2357,47435831,25.77939,122.71007,121.87065,-2.66586,-1.69572,-0.97013963,12.23152,9.84350,42.69422,-189.79489,2.092673,133.57731,125.84381,118.11030,2024-07-17,12:30
2024-07-17 13:30:00,118.235,119.019997,117.84,118.4542,30229069,26.82252,121.92942,121.18736,-2.82174,-1.92092,-0.90081267,14.0064890,9.83891,44.54479,-140.90212,2.027482,133.19736,125.21422,117.23109,2024-07-17,13:30
2024-07-17 14:30:00,118.45,118.95,117.59,118.9279,32007643,29.14746,121.14475,120.73547,-2.87392,-2.11152,-0.76239458,17.85460,14.69754,46.30615,-116.021064,1.97981,132.91524,124.70212,116.48899,2024-07-17,14:30
2024-07-17 15:30:00,118.92,119.099998,117.8,117.85,30255002,27.042062,120.26363,120.15837,-2.96803,-2.28282,-0.68520978,9.098262,13.65312,47.79392,-102.70793,1.93125,132.59274,124.13512,115.67749,2024-07-17,15:30
2024-07-18 09:30:00,121.825,122.4,118.834,119.98,87415469,36.76265,119.59809,120.12270,-2.83803,-2.39387,-0.44416801,31.80041,19.58442,46.49397,-57.33078,2.11830,131.86815,123.64462,115.42108,2024-07-18,09:30
2024-07-18 10:30:00,119.98,119.99,116.56,116.85,59381800,30.36108,118.54642,119.46816,-2.95353,-2.50580,-0.44772886,2.79115,14.56328,46.0053571,-90.45087,2.21199,131.50313,123.069866,114.63661,2024-07-18,10:30
2024-07-18 11:30:00,116.855,119.59,116.6101,119.5203,42273236,39.96568,118.60312,119.47859,-2.79734,-2.56411,-0.23323265,29.33898,21.31018,45.55164,-69.74286,2.26684,130.87575,122.64038,114.40501,2024-07-18,11:30
2024-07-18 12:30:00,119.53,121.38,119.26,120.44,34901585,42.88734,118.67646,119.67087,-2.56972,-2.56523,-0.0044945222,38.45395,23.52803,43.97940,-34.83759,2.25635,130.18486,122.26715,114.34945,2024-07-18,12:30
2024-07-18 13:30:00,120.45,120.94,119.5,120.315,24825653,42.58401,118.95257,119.79970,-2.37208,-2.52660,0.15451921,37.21510,35.0026755,42.51946,-32.050039,2.19804,129.34879,121.87440,114.40001,2024-07-18,13:30
2024-07-18 14:30:00,120.31,120.56,118.95,119.84,26924135,41.38610,119.13082,119.80776,-2.22809,-2.46690,0.23880654,32.50741,36.058818,41.37949,-36.43762,2.15604,128.32432,121.44440,114.56449,2024-07-18,14:30
2024-07-18 15:30:00,119.84,121.46,119.64,121.11,24196877,45.77792,119.42591,120.068205,-1.98858,-2.37123,0.38265652,77.91096,49.21115,39.73274,-11.67657,2.13204,127.78189,121.20690,114.63191,2024-07-18,15:30
2024-07-19 09:30:00,120.34,121.6,119.010002,119.2,54354646,40.82375,119.45614,119.89456,-1.93063,-2.28311,0.35248553,45.20544,51.87460,38.47639,-26.014601,2.16475,127.0074971,120.84390,114.68030,2024-07-19,09:30
2024-07-19 10:30:00,119.195,120.27,118.59,119.305,31053648,41.20049,119.61781,119.77665,-1.85485,-2.19746,0.34261283,47.0034398,56.70661,37.49040,-37.14683,2.13012,126.34751,120.53515,114.72279,2024-07-19,10:30
2024-07-19 11:30:00,119.305,119.98,118.75,119.1773,19430625,40.85980,119.52862,119.65678,-1.78452,-2.11487,0.33034874,44.81678,45.67522,36.57484,-35.86462,2.065830,125.46112,120.19452,114.92791,2024-07-19,11:30
2024-07-19 12:30:00,119.17,119.31,117.37,118.014999,25397386,37.79627,119.65807,119.32842,-1.80181,-2.052260,0.25045003,24.91440,38.91154,36.31725,-75.19849,2.056842,124.48010,119.80627,115.13243,2024-07-19,12:30
2024-07-19 13:30:00,118.0,118.5,117.64,117.99,21368087,37.73074,119.48803,119.060739,-1.79681,-2.0011707,0.20435658,24.48629,31.40582,36.078059,-82.96613,1.97135,123.18478,119.40727,115.62976,2024-07-19,13:30
2024-07-19 14:30:00,117.98,118.85,117.7002,118.775,20177064,41.17920,119.30303,119.0035916,-1.70980,-1.94290,0.23309478,37.92812,29.10960,35.55793,-51.71548,1.91267,121.088833,119.030270,116.97171,2024-07-19,14:30
2024-07-19 15:30:00,118.77,118.795,117.75,117.99,21873094,38.86151,119.044699,118.80087,-1.68477,-1.89127,0.20650404,24.48629,28.96690,35.074953,-65.71410,1.85069,121.087261,118.97927,116.87128,2024-07-19,15:30
2024-07-22 09:30:00,120.35,123.28,119.86,122.852,75950743,55.54891,119.37937,119.61110,-1.25810,-1.76464,0.50653600,93.63093,52.015116,33.43848,192.65513,2.096359,121.81999,119.13287,116.44575,2024-07-22,09:30
2024-07-22 10:30:00,122.86,123.17,120.65,120.8048,35270555,49.43100,119.34545,119.84984,-1.072790,-1.62627,0.55347739,62.89004,60.33575,31.91889,139.50529,2.12662,121.99301,119.28161,116.57021,2024-07-22,10:30
2024-07-22 11:30:00,120.8,121.92,120.35,121.77,24045869,52.10907,119.63101,120.23387,-0.83838266,-1.46869,0.63030799,74.45003,76.99033,30.31495,112.57123,2.086860,122.32998,119.45832,116.58667,2024-07-22,11:30
2024-07-22 12:30:00,121.775,122.95,121.54,122.8,20145140,54.85658,120.019344,120.74710,-0.56301001,-1.28755,0.72454451,91.87824,76.40610,29.35422,152.51918,2.038513,122.85198,119.67561,116.49925,2024-07-22,12:30
2024-07-22 13:30:00,122.81,124.07,122.6,123.515,27192892,56.71307,120.50131,121.30068,-0.28380939,-1.086805,0.80299610,91.71641,86.014893,28.98090,175.47217,1.99790,123.47081,119.90497,116.33913,2024-07-22,13:30
2024-07-22 14:30:00,123.5175,123.75,122.61,122.84,25875275,54.43704,121.037421,121.60854,-0.11567458,-0.89257931,0.77690474,81.64173,88.41213,28.63425,139.13039,1.93663,123.80748,120.15447,116.50146,2024-07-22,14:30
2024-07-22 15:30:00,122.865,123.75,122.71,123.74,20012085,56.91959,121.67631,122.034832,0.089168205,-0.69622981,0.78539801,95.074597,89.47758,28.31235,133.049507,1.87258,124.31340,120.34247,116.37154,2024-07-22,15:30
2024-07-23 09:30:00,122.965,124.69,122.7,123.705,48641719,56.79001,122.22409,122.36887,0.24584969,-0.50781391,0.75366360,86.54371,87.75335,28.46812,127.56026,1.88097,124.57369,120.68522,116.79675,2024-07-23,09:30
2024-07-23 10:30:00,123.71,124.43,122.9,124.019997,28169071,57.72290,122.89409,122.69909,0.39093193,-0.32806474,0.71899667,90.84691,90.82174,28.61277,115.31388,1.85590,125.017571,120.91020,116.80284,2024-07-23,10:30
2024-07-23 11:30:00,124.029999,124.14,123.11,123.2209,18814566,54.50787,122.93508,122.80345,0.43639981,-0.17517183,0.61157164,79.93031,85.77365,28.74708,91.78177,1.79691,125.27024,121.049249,116.82826,2024-07-23,11:30
2024-07-23 12:30:00,123.24,123.53,122.43,122.85,16864842,53.031423,123.16232,122.81276,0.43746186,-0.052645092,0.49010695,73.90066,81.55930,28.21504,64.62362,1.74713,125.45306,121.17600,116.89894,2024-07-23,12:30
2024-07-23 13:30:00,122.87,123.099998,122.099998,122.295,13664206,50.81346,123.22065,122.70921,0.38903511,0.035690948,0.35334416,65.73572,73.18890,27.41329,44.47946,1.69376,125.55626,121.29875,117.041237,2024-07-23,13:30
2024-07-23 14:30:00,122.3,123.050003,122.21,122.905,13701470,53.13355,123.23232,122.74837,0.39532149,0.10761706,0.28770443,74.27950,71.30529,26.66880,48.56107,1.63278,125.70163,121.38850,117.075371,2024-07-23,14:30
2024-07-23 15:30:00,122.9,122.99,122.24,122.43,12363261,51.11180,123.11177,122.68469,0.35785001,0.15766365,0.20018636,53.20908,64.40810,25.97749,38.78438,1.56972,125.76400,121.55000,117.33600,2024-07-23,15:30
2024-07-24 09:30:00,119.14,119.94,117.39,118.52,63484089,38.21990,122.63177,121.85175,0.012504828,0.12863188,-0.11612706,15.47941,47.65600,26.20625,-104.87521,1.81760,125.82118,121.51075,117.20032,2024-07-24,09:30
2024-07-24 10:30:00,118.52,118.89,117.55,117.995,28765995,36.87501,121.99343,121.080404,-0.30008712,0.042888082,-0.34297520,8.28771,25.65873,26.41867,-115.25403,1.78349,125.91806,121.45163,116.98521,2024-07-24,10:30
2024-07-24 11:30:00,117.99,118.12,115.55,115.92,44254236,32.071399,121.12843,120.048323,-0.70710298,-0.10711013,-0.59999285,4.048087,9.27174,27.41909,-159.64494,1.83966,126.21132,121.34688,116.48245,2024-07-24,11:30
2024-07-24 12:30:00,115.92,117.26,115.679,116.8401,28457659,36.049556,120.33067,119.40668,-0.94453320,-0.27459474,-0.66993846,14.11488,8.81689,28.34806,-147.68352,1.82119,126.33498,121.28939,116.24380,2024-07-24,12:30
2024-07-24 13:30:00,116.8499,117.33,115.79,115.88,30564696,33.82360,119.51501,118.70134,-1.19638,-0.45895175,-0.73742802,3.61044,7.25780,29.14644,-142.58578,1.80110,126.61840,121.14464,115.67088,2024-07-24,13:30
2024-07-24 14:30:00,115.875,116.099899,113.88,114.010002,46626863,29.94523,118.53279,117.76307,-1.52923,-0.67300838,-0.85622651,1.20263,6.30932,30.57189,-168.35779,1.83102,127.10956,120.94564,114.78172,2024-07-24,14:30
2024-07-24 15:30:00,114.0,115.74,113.51,114.4237,41195868,31.80813,117.65820,117.095199,-1.73959,-0.88632475,-0.85326548,8.17260,4.32856,32.011796,-139.89062,1.85952,127.23719,120.52422,113.81126,2024-07-24,15:30
2024-07-25 09:30:00,113.080002,113.91,106.3,111.36,163680513,26.24260,116.37542,115.94816,-2.12897,-1.13485,-0.99411756,27.90953,12.42825,34.76223,-184.093568,2.30696,127.85920,120.051984,112.24477,2024-07-25,09:30
2024-07-25 10:30:00,111.36,115.66,110.59,114.635,89477205,38.60852,115.50931,115.68553,-2.14853,-1.33759,-0.81093844,46.72086,27.60100,36.15906,-107.51599,2.50432,127.80215,119.69523,111.58832,2024-07-25,10:30
2024-07-25 11:30:00,114.632,116.25,112.93,116.040001,47594475,43.021962,115.23376,115.75642,-2.027284,-1.47553,-0.55175630,56.52931,43.71990,37.088591,-73.48410,2.56258,127.48184,119.35723,111.23263,2024-07-25,11:30
2024-07-25 12:30:00,116.050003,116.63,114.37,114.81,35712222,40.29114,114.87987,115.56714,-2.0073101,-1.58188,-0.42542581,50.65474,51.30164,37.71087,-63.73790,2.54097,127.041686,118.92198,110.80228,2024-07-25,12:30
2024-07-25 13:30:00,114.82,115.82,114.099998,114.805,28498920,40.27995,114.75598,115.41471,-1.96918,-1.65934,-0.30983996,50.77610,52.65339,38.35452,-64.24290,2.48233,126.61985,118.52023,110.42062,2024-07-25,13:30
2024-07-25 14:30:00,114.8,115.25,113.55,114.75,34405238,40.14783,114.52374,115.28177,-1.92126,-1.71173,-0.20953273,50.62912,50.68665,39.089037,-65.51557,2.42645,125.95675,118.070735,110.18472,2024-07-25,14:30
2024-07-25 15:30:00,114.76,115.019997,112.080002,112.34,32874816,34.76657,114.13041,114.69341,-2.054069,-1.78020,-0.27387337,44.28148,48.56223,40.11519,-84.47423,2.46313,125.32021,117.50248,109.68476,2024-07-25,15:30
2024-07-26 09:30:00,115.585,115.93,113.099998,113.8,81172349,40.012300,114.10708,114.51473,-2.018246,-1.82781,-0.19044001,59.57111,51.49390,40.42300,-58.45783,2.54362,124.36159,116.99148,109.62138,2024-07-26,09:30
2024-07-26 10:30:00,113.82,113.93,112.010002,112.605,42142091,37.36389,113.90500,114.13279,-2.062507,-1.87475,-0.18776075,53.34180,52.39813,40.98890,-85.94341,2.49908,123.48056,116.46069,109.44082,2024-07-26,10:30
2024-07-26 11:30:00,112.61,114.13,112.6,113.79,28688049,41.49902,114.17500,114.064229,-1.97915,-1.89563,-0.083523238,67.90570,60.27287,41.36869,-66.046980,2.42986,122.46677,116.0076900,109.54861,2024-07-26,11:30
2024-07-26 12:30:00,113.795,114.54,113.745,114.27,30674884,43.13660,114.13444,114.10538,-1.85300,-1.88710,0.034103516,72.25743,64.50164,41.41346,-43.61788,2.31308,121.41794,115.60644,109.79494,2024-07-26,12:30
2024-07-26 13:30:00,114.265,114.44,112.67,113.096397,29045758,40.17541,113.80738,113.90359,-1.82666,-1.87501,0.048349900,65.79282,68.65198,41.77323,-65.63704,2.27429,119.95519,115.11601,110.27683,2024-07-26,13:30
2024-07-26 14:30:00,113.089996,113.44,111.58,112.875,32996270,39.62282,113.59238,113.69787,-1.80288,-1.86059,0.057709751,63.64957,67.23327,42.40325,-96.086851,2.24470,118.21740,114.63826,111.059118,2024-07-26,14:30
2024-07-26 15:30:00,112.87,113.16,112.089996,113.059998,22079736,40.36098,113.39849,113.57029,-1.74894,-1.83826,0.089319803,65.44045,64.96095,42.98827,-83.38422,2.16079,117.52702,114.36526,111.20350,2024-07-26,15:30
2024-07-29 09:30:00,113.6409,116.28,113.32,114.93,69794891,47.36595,113.41849,113.84224,-1.53757,-1.77812,0.24054832,71.85436,66.98146,41.33325,37.50208,2.23645,116.91970,114.21201,111.50432,2024-07-29,09:30
2024-07-29 10:30:00,114.94,115.0,111.75,112.5346,40052015,40.76137,113.44011,113.58071,-1.54553,-1.73160,0.18606735,18.90294,52.065915,40.36748,-58.28059,2.30885,116.72533,114.042740,111.36015,2024-07-29,10:30
2024-07-29 11:30:00,112.525,113.53,111.43,112.952,31038965,42.27190,113.34589,113.45497,-1.50086,-1.68545,0.18459023,29.26931,40.0088686,39.58112,-78.51353,2.29393,116.23957,113.84833,111.45710,2024-07-29,11:30
2024-07-29 12:30:00,112.952,113.71,112.11,112.11,21225100,40.053178,113.29089,113.18597,-1.51593,-1.65155,0.13561918,14.020629,20.73096,38.73259,-71.94313,2.24436,115.97386,113.65984,111.34581,2024-07-29,12:30
2024-07-29 13:30:00,112.13,112.85,111.75,112.0049973,22439759,39.77282,113.092555,112.94978,-1.51884,-1.62501,0.10617149,11.85561,18.38185,38.083301,-93.84105,2.16262,115.97571,113.55958,111.14346,2024-07-29,13:30
2024-07-29 14:30:00,112.0,112.29,111.3,112.0,23617972,39.75856,112.84033,112.75982,-1.50420,-1.60085,0.096644531,14.056176,13.31081,37.65566,-106.33567,2.078862,115.91146,113.43840,110.96534,2024-07-29,14:30
2024-07-29 15:30:00,111.99,112.19,111.38,111.55,16308431,38.42234,112.66851,112.51786,-1.51149,-1.58297,0.071483801,5.020085,10.31062,37.25857,-128.43890,1.98823,115.89022,113.44790,111.0055760,2024-07-29,15:30
2024-07-30 09:30:00,111.51,111.99,107.31,107.4935,87709693,28.97026,112.070567,111.51299,-1.82357,-1.63109,-0.19247864,2.045732,7.040664,38.18896,-260.66169,2.18050,116.59283,113.090825,109.58882,2024-07-30,09:30
2024-07-30 10:30:00,107.495,107.89,104.27,106.059998,88707559,26.49021,111.29279,110.42239,-2.16165,-1.73721,-0.42444752,14.90425,7.32336,39.68237,-330.90886,2.28332,116.99808,112.59182,108.18557,2024-07-30,10:30
2024-07-30 11:30:00,106.059998,106.11,103.91,104.59,63047127,24.20216,110.14390,109.25591,-2.51916,-1.89360,-0.62556515,5.49711,7.48237,41.13370,-275.41320,2.27737,117.57558,112.080825,106.58607,2024-07-30,11:30
2024-07-30 12:30:00,104.59,105.35,102.54,105.34,60621384,27.63639,109.34450,108.47273,-2.71072,-2.057023,-0.65370180,20.37843,13.59326,42.71871,-215.40583,2.31541,117.68211,111.60757,105.53304,2024-07-30,12:30
2024-07-30 13:30:00,105.33,106.29,104.76,105.9292,42720603,30.30782,108.56419,107.96402,-2.78292,-2.20220,-0.58071415,24.66666,16.84740,43.51582,-141.61874,2.25931,117.53802,111.16653,104.79505,2024-07-30,13:30
2024-07-30 14:30:00,105.93,106.48,104.28,104.47,41919527,27.59120,107.71530,107.26522,-2.92416,-2.34659,-0.57757046,14.046584,19.69722,44.35753,-127.85336,2.25508,117.74940,110.77303,103.79667,2024-07-30,14:30
2024-07-30 15:30:00,104.47,104.71,103.41,103.7076,42864912,26.26647,106.79337,106.55369,-3.062324,-2.48974,-0.57258385,8.49784,15.73703,45.32032,-127.46259,2.18686,117.73854,110.26841,102.79829,2024-07-30,15:30
2024-07-31 09:30:00,112.299,115.77,110.88,114.1017,146489884,56.75280,107.026889,108.063296,-2.30651,-2.45309,0.14658289,87.39004,36.64482,42.88137,62.67646,2.89225,117.93451,110.34325,102.75199,2024-07-31,09:30
2024-07-31 10:30:00,114.13,115.89,114.050003,115.74,54324447,59.58896,107.49244,109.59864,-1.55738,-2.27395,0.71657529,98.87639,64.92142,40.64887,91.70717,2.81709,118.25344,110.44075,102.62806,2024-07-31,10:30
2024-07-31 11:30:00,115.73,116.47,115.41,115.4206,41236682,58.77963,108.37323,110.76303,-0.97817637,-2.014796,1.036619,92.46662,92.91102,38.73854,99.038687,2.69158,118.43881,110.49828,102.55775,2024-07-31,11:30
2024-07-31 12:30:00,115.43,116.029999,114.74,115.52,31361626,58.96641,109.42434,111.71442,-0.50531166,-1.71290,1.20759,93.18015,94.84105,36.71189,88.88937,2.59147,118.78566,110.61946,102.45326,2024-07-31,12:30
2024-07-31 13:30:00,115.53,116.43,114.25,116.24,37471590,60.36732,110.71879,112.61954,-0.071639083,-1.38465,1.31301,98.34886,94.66521,34.64170,87.42419,2.56208,119.26557,110.78771,102.30985,2024-07-31,13:30
2024-07-31 14:30:00,116.24,118.34,115.92,116.074997,64526635,59.86293,111.91157,113.31063,0.25578681,-1.056560,1.31235,85.66456,92.39786,33.31999,100.59250,2.55193,119.67583,110.93846,102.20109,2024-07-31,14:30
2024-07-31 15:30:00,116.125,117.59,116.010101,117.17,35006763,62.12462,113.16054,114.082503,0.59675265,-0.72589766,1.32265,92.59495,92.20279,32.092693,99.41307,2.48250,120.043314,111.050459,102.057605,2024-07-31,15:30
2024-08-01 09:30:00,117.6,120.16,116.3,116.3908,112132353,59.55299,114.48508,114.54416,0.79493231,-0.42173167,1.21666,78.60838,85.62263,31.69885,103.22484,2.58089,120.51614,111.24327,101.97040,2024-08-01,09:30
2024-08-01 10:30:00,116.41,116.76,113.059998,114.23,70536021,53.00089533,115.65423,114.48133,0.76877093,-0.18363115,0.95240208,66.34507,79.18280,30.025820,52.30150,2.66083,120.64365,111.30717,101.97069,2024-08-01,10:30
2024-08-01 11:30:00,114.23,114.345,111.67,112.010002,55098465,47.24921,115.42182,113.98707,0.56241909,-0.034421099,0.59684019,53.74574,66.23306,27.98798,19.77033,2.66184,120.63703,111.30217,101.96731,2024-08-01,11:30
2024-08-01 12:30:00,112.0049973,112.16,108.43,109.010101,64696302,40.80508,114.67406,112.99167,0.15502975,0.0034690714,0.15156068,33.43342,51.17474,26.86678,-23.40398,2.73814,120.53336,111.15242,101.77149,2024-08-01,12:30
2024-08-01 13:30:00,109.019997,109.97,107.0,107.5874,67144853,38.14785,113.80370,111.91082,-0.27940830,-0.053106403,-0.22630190,24.93969,37.37295,26.20564,-45.61618,2.75470,120.42945,110.93179,101.43414,2024-08-01,13:30
2024-08-01 14:30:00,107.575,108.65,106.8104,108.3599,60761865,40.41672,113.0081338,111.20063,-0.55497199,-0.15347952,-0.40149247,29.55163,29.30825,25.64224,-45.11545,2.68934,120.33001,110.77229,101.21456,2024-08-01,14:30
2024-08-01 15:30:00,108.35,109.49,107.7,109.33,43726685,43.23287,112.24036,110.82651,-0.68715808,-0.26021523,-0.42694285,18.87397,24.45510,24.78652,-31.58918,2.62510,120.32891,110.86411,101.39932,2024-08-01,15:30
2024-08-02 09:30:00,103.87,107.5,101.37,103.92,156234641,33.67425,110.88980,109.44521,-1.21446,-0.45106400,-0.76339506,13.57102,20.66554,25.48466,-96.49997,3.0061626,120.48156,110.75711,101.032673,2024-08-02,09:30
2024-08-02 10:30:00,103.915,106.28,102.41,105.9339,66201323,39.074405,109.64135,108.74294,-1.45309,-0.65146991,-0.80162366,24.28896,18.91132,26.13294,-87.57747,3.067865,120.39472,110.82431,101.25390,2024-08-02,10:30
2024-08-02 11:30:00,105.97,108.72,105.73,107.2308,71037703,42.33068,108.62357,108.44052,-1.52004,-0.82518438,-0.69485784,31.19103,23.017004,25.79640,-57.029517,3.062303,120.30629,110.91885,101.53141,2024-08-02,11:30
2024-08-02 12:30:00,107.21,107.36,104.7565,104.835,41520288,38.26230,107.57968,107.71941,-1.74629,-1.0094055,-0.73688467,18.44064,24.64021,25.70991,-80.77851,3.029531,120.37915,110.86414,101.34913,2024-08-02,12:30
2024-08-02 13:30:00,104.8245,106.37,104.56,106.07,36381667,41.38942,106.91968,107.38953,-1.80513,-1.16855,-0.63658014,25.013287,24.88165,25.67633,-81.52324,2.94242,120.26774,110.94414,101.62054,2024-08-02,13:30
2024-08-02 14:30:00,106.089996,106.45,105.18,106.040001,35049214,41.33465,106.58967,107.11962,-1.83305,-1.30145,-0.53160163,24.85363,22.76919,25.61125,-81.41637,2.82296,120.072520,111.060760,102.048999,2024-08-02,14:30
2024-08-02 15:30:00,106.040001,107.38,105.62,107.3088,32770218,44.66951,106.55871,107.15746,-1.73282,-1.38773,-0.34509884,31.60616,27.15769,25.14714,-61.59163,2.74704,119.76083,110.72111,101.68140,2024-08-02,15:30
2024-08-05 09:30:00,92.059998,102.36,90.69,98.915,219717072,31.79342,105.50928,105.50897,-2.30414,-1.57101,-0.73313285,31.54967,29.33649,27.25361,-181.081714,3.73788,119.96573,109.87986,99.79400,2024-08-05,09:30
2024-08-05 10:30:00,98.9,102.2089,98.6,100.63,69152526,35.86143,104.54261,104.53317,-2.58869,-1.77454,-0.81414337,42.020695,35.058840,29.20961,-124.041690,3.72866,119.65266,109.14033,98.62801,2024-08-05,10:30
2024-08-05 11:30:00,100.625,103.4,100.27,103.19,54584350,41.47287,104.46150,104.26454,-2.57791,-1.93522,-0.64268871,58.22077,43.93038,30.59459,-91.34796,3.68590,118.91277,108.52383,98.13490,2024-08-05,11:30
2024-08-05 12:30:00,103.16,103.185,100.040001,100.79,46683520,38.10687,103.88996,103.56963,-2.73153,-2.094480,-0.63705294,52.38589,50.87578,31.91021,-98.17182,3.64762,118.027404,107.75134,97.47527,2024-08-05,12:30
2024-08-05 13:30:00,100.81,102.099998,100.010002,100.525,35946881,37.74262,103.14487,102.96071,-2.84191,-2.24397,-0.59794185,52.31384,54.30683,33.13597,-98.46099,3.53637,116.96217,106.97384,96.98550,2024-08-05,13:30
2024-08-05 14:30:00,100.53,101.080002,98.56,99.99,49136746,36.97421,102.60653,102.36656,-2.93868,-2.38291,-0.55576755,49.46807,51.38927,34.47630,-107.33739,3.46377,115.37647,106.11484,96.85320,2024-08-05,14:30
2024-08-05 15:30:00,99.985,100.76,98.81,100.6,40986446,38.51135,101.99876,102.013251,-2.93234,-2.49279,-0.43954593,54.96393,52.24861,35.72088,-96.57522,3.35564,113.58652,105.32530,97.064066,2024-08-05,15:30
2024-08-06 09:30:00,103.84,104.85,100.55,103.64,114215712,45.62833,101.73209,102.33860,-2.65145,-2.52453,-0.12692667,71.82472,58.75224,35.20786,-33.79994,3.42310,111.99550,104.79580,97.59609,2024-08-06,09:30
2024-08-06 10:30:00,103.67,106.355,103.2,103.895,59079314,46.19094,101.35278,102.64988,-2.38083,-2.49579,0.11495968,73.23902,66.67589,34.20405,5.52348,3.40395,110.78774,104.39004,97.99235,2024-08-06,10:30
2024-08-06 11:30:00,103.9,106.040001,103.875,105.48,37350529,49.67656,102.082222,103.21590,-2.015226,-2.39967,0.38444801,88.61597,77.89324,33.27195,27.91569,3.31545,110.27774,104.21354,98.14934,2024-08-06,11:30
2024-08-06 12:30:00,105.49,107.43,105.39,106.95,42532568,52.73456,102.78444,103.96272,-1.58856,-2.23745,0.64889360,97.13260,86.32920,31.90480,67.76427,3.22435,110.18096,104.18167,98.18238,2024-08-06,12:30
2024-08-06 13:30:00,106.95,107.55,106.2,107.145,32178143,53.14135,103.22389,104.59918,-1.22061,-2.034083,0.81346973,97.59783,94.44880,30.59161,79.74316,3.090466,109.97255,104.12092,98.26930,2024-08-06,13:30
2024-08-06 14:30:00,107.155,107.71,105.35,106.284,39578841,51.052123,103.83433,104.93614,-0.98711195,-1.82469,0.83757676,91.62161,95.45068,29.61487,72.14703,3.038289,109.41450,103.96862,98.52275,2024-08-06,14:30
2024-08-06 15:30:00,106.28,106.7,104.0,104.010002,35121723,45.91758,104.22155,104.75091,-0.97432152,-1.65462,0.68029375,78.26088,89.16011,29.081524,29.51575,3.014126,109.41898,103.97312,98.52727,2024-08-06,15:30
2024-08-07 09:30:00,107.82,108.8,104.29,104.73,104921272,47.71078,104.74822,104.74673,-0.89576116,-1.50284,0.60708330,60.25393,76.71214,27.75385,54.71727,3.14097,109.29703,103.91293,98.52883,2024-08-07,09:30
2024-08-07 10:30:00,104.73,106.23,104.45,104.9,44075879,48.14793,105.22600,104.77739,-0.81044180,-1.36436,0.55392212,61.91407,66.80963,26.52102,39.11180,3.043762,108.98555,103.79639,98.60723,2024-08-07,10:30
2024-08-07 11:30:00,104.905,105.14,102.756,103.8008,42109919,45.49916,105.24387,104.58207,-0.82204622,-1.25590,0.43385416,51.17965,57.78255,25.90013,6.73225,2.99664,108.91198,103.74468,98.57738,2024-08-07,11:30
2024-08-07 12:30:00,103.81,103.94,101.57,102.25,37899748,41.98947,105.061089,104.11565,-0.94548021,-1.19382,0.24833614,36.035161,49.70963,25.66513,-25.77971,2.95188,108.64489,103.55368,98.46247,2024-08-07,12:30
2024-08-07 13:30:00,102.25,102.8,99.41,100.41,51727967,38.22219,104.49776,103.37452,-1.17819,-1.19069,0.012498367,18.066456,35.093756,26.013160,-66.60488,2.98317,108.40479,103.27218,98.13957,2024-08-07,13:30
2024-08-07 14:30:00,100.4,101.39,99.26,100.375,51064882,38.15207,103.76720,102.77462,-1.34988,-1.22253,-0.12735391,15.66568,23.25577,26.37406,-74.18330,2.92223,107.85324,102.92549,97.99774,2024-08-07,14:30
2024-08-07 15:30:00,100.36,100.58,98.69,98.75,37695630,34.94654,102.83442,101.96970,-1.59865,-1.29775,-0.30089263,0.59344763,11.44186,26.85774,-110.48787,2.84850,107.87230,102.91724,97.96218,2024-08-07,15:30
2024-08-08 09:30:00,101.55,102.17,97.52,102.040001,115266613,45.018723,102.36287,101.98376,-1.51288,-1.34078,-0.17209850,40.070937,18.77669,26.51648,-73.76136,2.97718,107.84987,102.98774,98.12561,2024-08-08,09:30
2024-08-08 10:30:00,102.040001,103.0,101.51,102.7342,58817609,46.88735,102.22111,102.13385,-1.37306,-1.34723,-0.025825405,46.22518,28.96319,25.81037,-18.87641,2.87095,107.82735,102.96495,98.10255,2024-08-08,10:30
2024-08-08 11:30:00,102.75,104.145,102.52,103.76,42794431,49.61254,102.11333,102.45908,-1.16604,-1.31100,0.14495636,55.31917,47.20509,24.63661,10.081610,2.78195,107.88158,103.11345,98.34532,2024-08-08,11:30
2024-08-08 12:30:00,103.78,104.605,102.78,104.59,37590838,51.76890,102.078889,102.88526,-0.92434455,-1.23367,0.30932059,62.67727,54.74054,23.34199,22.15203,2.71360,107.97136,103.31670,98.66204,2024-08-08,12:30
2024-08-08 13:30:00,104.58,105.5,104.46,104.8247,36015368,52.38938,102.19266,103.27315,-0.70572626,-1.12808,0.42235110,64.75797,60.91813,21.74390,47.24733,2.59406,107.99392,103.55843,99.12295,2024-08-08,13:30
2024-08-08 14:30:00,104.835,105.34,104.019997,104.205,34403070,50.54058,102.40988,103.45952,-0.57583623,-1.017629,0.44179290,59.26420,62.23314,20.44964,28.021840,2.50305,107.96677,103.73868,99.51060,2024-08-08,14:30
2024-08-08 15:30:00,104.23,105.25,103.6603,105.22,31984281,53.43886,102.94432,103.81162,-0.38653968,-0.89141124,0.50487156,68.26241,64.094859,19.40659,32.25815,2.43781,108.094209,103.81768,99.54116,2024-08-08,15:30
2024-08-09 09:30:00,105.57,106.6,103.44,104.1901,97584505,50.22293,103.36822,103.88731,-0.31598265,-0.77632552,0.46034287,73.45929,66.99530,18.24742,32.86091,2.48940,108.11196,103.83244,99.55292,2024-08-09,09:30
2024-08-09 10:30:00,104.19,105.68,103.87,104.41,41596572,50.90234,103.99711,103.99185,-0.23955994,-0.66897241,0.42941247,75.88112,72.53427,17.17106,30.64077,2.44087,108.0011081,103.77894,99.55677,2024-08-09,10:30
2024-08-09 11:30:00,104.42,104.79,103.72,104.2101,31396088,50.23113,104.23823,104.035500,-0.19290143,-0.57375821,0.38085678,73.67952,74.33998,16.091477,20.24966,2.34295,107.61406,103.64195,99.66983,2024-08-09,11:30
2024-08-09 12:30:00,104.21,105.63,104.050102,105.625,29275091,54.77648,104.55943,104.35340,-0.041277662,-0.46726210,0.42598444,89.26213,79.60759,15.51934,61.11367,2.28845,107.31919,103.56595,99.81270,2024-08-09,12:30
2024-08-09 13:30:00,105.6255,105.8299,104.63,105.1532,29262613,53.037050,104.71423,104.51336,0.040349682,-0.36573974,0.40608943,84.066080,82.33591,15.089974,69.93986,2.21069,107.12884,103.50941,99.88997,2024-08-09,13:30
2024-08-09 14:30:00,105.15,105.32,104.3,104.7401,25841030,51.49514,104.73091,104.55871,0.070888963,-0.27841400,0.34930297,79.51651,84.28157,14.48125,52.32490,2.12564,107.19938,103.54591,99.89244,2024-08-09,14:30
2024-08-09 15:30:00,104.745,105.040001,104.21,104.71,20572931,51.37794,104.71817,104.58897,0.091606921,-0.20440982,0.29601674,79.18503,80.92254,13.85645,50.82507,2.033098,107.19709,103.54491,99.89273,2024-08-09,15:30
2024-08-12 09:30:00,106.32,111.07,101.0,110.059998,102807482,66.13284,105.36872,105.68317,0.53357549,-0.056812756,0.59038825,89.97019,82.89058,15.70595,159.092161,2.60716,108.40662,103.80291,99.19920,2024-08-12,09:30
2024-08-12 10:30:00,110.059998,110.6825,108.6,109.23,53335163,62.94169,105.81428,106.39254,0.80755617,0.11606103,0.69149514,81.72794,83.62772,17.42333,211.034260,2.56969,109.25028,104.074370,98.89846,2024-08-12,10:30
2024-08-12 11:30:00,109.22,109.85,108.17,109.835,39307878,64.29417,106.44149,107.081030,1.061272,0.30510327,0.75616897,87.73584,86.47799,18.72879,180.58072,2.50614,110.12690,104.45362,98.78034,2024-08-12,11:30
2024-08-12 12:30:00,109.835,110.38,109.0,109.7899,31852587,64.10636,107.039255,107.62280,1.24436,0.49295479,0.75140607,87.28800,85.58393,20.11111,181.030705,2.42570,110.73048,104.92262,99.11475,2024-08-12,12:30
2024-08-12 13:30:00,109.785,110.17,109.059998,109.8585,24741071,64.27729,107.66685,108.069943,1.37910,0.67018336,0.70891428,87.96919,87.66435,21.39470,152.33358,2.33172,111.19061,105.39679,99.60297,2024-08-12,13:30
2024-08-12 14:30:00,109.85,110.11,109.040001,109.3302,26293122,61.83490,108.078544,108.32199,1.42680,0.82150690,0.60529416,82.72294,85.99338,22.57065,120.99437,2.24160,111.093709,105.92580,100.75789,2024-08-12,14:30
2024-08-12 15:30:00,109.315,109.69,108.68,109.1216,23392058,60.85166,108.51948,108.48192,1.43127,0.94346052,0.48781448,80.65142,83.78118,23.36307,94.81818,2.15363,111.30268,106.27988,101.25708,2024-08-12,15:30
2024-08-13 09:30:00,112.43,114.62,111.58,113.8258,96042652,71.75783,109.52900,109.55069,1.79373,1.11352,0.68021820,94.16884,85.84773,25.56623,182.29687,2.39254,112.56788,106.83446,101.10104,2024-08-13,09:30
2024-08-13 10:30:00,113.82,115.0,113.31,114.67,39974137,73.20070,110.63567,110.57455,2.12461,1.31573,0.80887814,97.64284,90.82103,27.69399,174.32313,2.34236,113.86614,107.37996,100.89378,2024-08-13,10:30
2024-08-13 11:30:00,114.66,114.91,113.85,114.515,29325937,72.46864,111.13067,111.36264,2.34727,1.52204,0.82523001,96.53571,96.11580,29.66977,151.018872,2.25076,114.92677,107.87621,100.82565,2024-08-13,11:30
2024-08-13 12:30:00,114.52,115.73,114.33,115.32,29217929,73.92703,111.80733,112.15411,2.55919,1.72947,0.82971619,97.21654,97.13170,31.69263,144.011389,2.18999,116.0054842,108.40097,100.79647,2024-08-13,12:30
2024-08-13 13:30:00,115.33,115.57,114.4301,115.47,27138655,74.20127,112.43344,112.81729,2.70802,1.92518,0.78283844,98.23488,97.32904,33.57099,129.12783,2.11499,116.90353,108.96422,101.024920,2024-08-13,13:30
2024-08-13 14:30:00,115.48,116.18,115.1401,115.67,31015798,74.58510,113.086788,113.38783,2.80972,2.10209,0.70763052,96.64030,97.36391,35.46058,126.49019,2.038195,117.74082,109.48672,101.23262,2024-08-13,14:30
2024-08-13 15:30:00,115.67,116.23,115.38,116.17,25299640,75.56392,113.78807,113.94427,2.89726,2.26112,0.63614099,99.60601,98.16040,37.22736,115.65902,1.95332,118.45336,110.085719,101.71808,2024-08-13,15:30
2024-08-14 09:30:00,118.49,118.6,114.07,115.7801,122788831,73.19651,114.50472,114.31143,2.90173,2.38925,0.51248842,72.96356,89.73662,39.37566,103.91412,2.13737,118.94681,110.65422,102.36164,2024-08-14,09:30
2024-08-14 10:30:00,115.79,117.36,114.68,117.1837,50832315,76.099473,115.40051,114.88589,2.98414,2.50822,0.47591224,86.42092,86.33016,41.37050,96.21293,2.17613,119.50689,111.30290,103.098921,2024-08-14,10:30
2024-08-14 11:30:00,117.1897,118.468,116.55,117.1105,45641634,75.63935,115.76548,115.33081,3.0088490,2.60835,0.40050018,84.98486,81.45645,43.42901,101.96770,2.15769,120.018683,111.87718,103.73568,2024-08-14,11:30
2024-08-14 12:30:00,117.12,117.59,116.22,117.1199,30744647,75.65972,116.037688,115.68863,2.99467,2.68561,0.30905900,85.079686,85.49515,45.0057742,87.043821,2.10143,120.30539,112.47551,104.64564,2024-08-14,12:30
2024-08-14 13:30:00,117.089996,117.47,116.51,117.3697,20995569,76.22806,116.35488,116.024841,2.96936,2.74236,0.22700110,87.59777,85.88744,46.46991,84.11172,2.019898,120.35511,113.10699,105.85888,2024-08-14,13:30
2024-08-14 14:30:00,117.35,117.68,116.75,117.11,21308145,74.28601,116.55377,116.24187,2.89498,2.77289,0.12209416,84.97986,85.88577,47.87854,81.92801,1.94205,120.059484,113.72699,107.39451,2024-08-14,14:30
2024-08-14 15:30:00,117.12,118.24,116.825,117.97,23950233,76.42773,116.83154,116.58750,2.87232,2.79277,0.079543492,91.025676,87.86777,49.31720,88.88692,1.90440,120.47749,114.12249,107.76750,2024-08-14,15:30
2024-08-15 09:30:00,118.92,121.059998,117.47,120.88,98148596,81.91631,117.41043,117.44600,3.053963,2.84501,0.20895172,97.67742,91.22765,51.17128,133.13492,2.024802,121.29091,114.70499,108.11908,2024-08-15,09:30
2024-08-15 10:30:00,120.89,122.49,120.67,122.019203,51715874,83.53280,118.060344,118.36064,3.25235,2.92648,0.32587274,94.55099,94.41803,53.087584,171.35992,2.010173,122.23127,115.31420,108.39713,2024-08-15,10:30
2024-08-15 11:30:00,122.010101,122.49,121.69,122.455,29671304,84.11768,118.80200,119.17951,3.40549,3.022281,0.38320528,99.58437,97.27092,54.86701,170.11798,1.92373,123.042276,115.94746,108.85264,2024-08-15,11:30
2024-08-15 12:30:00,122.45,122.48,121.84,122.0401,24981794,81.16208,119.34160,119.75163,3.45356,3.10854,0.34502033,94.65679,96.26405,56.51934,153.91813,1.83204,123.54664,116.55654,109.56644,2024-08-15,12:30
2024-08-15 13:30:00,122.050003,123.24,122.044998,122.9302,28762902,82.57648,119.98823,120.38734,3.52287,3.19140,0.33146429,96.62160,96.95426,58.16078,154.21594,1.78688,123.92179,117.23654,110.55129,2024-08-15,13:30
2024-08-15 14:30:00,122.9399,122.98,122.099998,122.355,25787258,78.47598,120.56991,120.78088,3.49114,3.25135,0.23978870,90.34902,93.87581,59.68497,128.032165,1.72211,123.81519,117.89821,111.98123,2024-08-15,14:30
2024-08-15 15:30:00,122.35,122.97,122.11,122.91,24826433,79.53210,121.18550,121.20670,3.47077,3.29523,0.17553499,96.40137,94.45733,61.10030,112.78643,1.66053,124.34342,118.35242,112.36142,2024-08-15,15:30
2024-08-16 09:30:00,121.94,125.0,121.18,124.57,101598323,82.32554,122.014390,121.87936,3.54768,3.34572,0.20195524,95.83333,94.19457,62.68586,116.70585,1.81478,125.16657,118.84742,112.52827,2024-08-16,09:30
2024-08-16 10:30:00,124.57,125.0,122.33,123.089996,56374052,72.78744,122.58328,122.12149,3.44944,3.36647,0.082975448,78.24597,90.16022,64.15817,100.70702,1.87586,125.52455,119.27617,113.027792,2024-08-16,10:30
2024-08-16 11:30:00,123.080002,124.089996,122.92,123.985,31267985,74.69665,122.92828,122.49419,3.40456,3.37408,0.030477169,88.43964,87.50631,65.52532,94.28671,1.82544,126.0019365,119.70942,113.41690,2024-08-16,11:30
2024-08-16 12:30:00,123.99,124.67,123.79,124.575,26750261,75.89714,123.21226,122.91035,3.37767,3.37480,0.0028659017,94.99407,87.22656,66.86880,99.46349,1.75791,126.48187,120.16467,113.84747,2024-08-16,12:30
2024-08-16 13:30:00,124.57,124.755,124.029999,124.625,22699616,76.0010619,123.45337,123.25328,3.32209,3.36426,-0.042166882,95.45455,92.96275,68.12717,93.37846,1.68413,126.86090,120.61242,114.36394,2024-08-16,13:30
2024-08-16 14:30:00,124.6298,124.7,123.94,124.35,21378972,74.10859,123.71002,123.47262,3.21876,3.33516,-0.11640337,92.048914,94.16584,69.15160,83.73322,1.61812,127.12235,121.021420,114.92049,2024-08-16,14:30
2024-08-16 15:30:00,124.3599,124.58,123.85,124.58,20179270,74.67655,123.89333,123.69410,3.11946,3.29202,-0.17255903,94.42233,93.97526,69.95117,79.25259,1.55469,127.24807,121.46142,115.67476,2024-08-16,15:30
2024-08-19 09:30:00,124.24,125.669,123.42,124.9535,84933999,75.61211,124.18206,123.94598,3.035910,3.24080,-0.20488748,85.68714,90.71946,70.87849,85.12361,1.60428,127.47670,121.84991,116.22311,2024-08-19,09:30
2024-08-19 10:30:00,124.955,126.57,124.83,126.39,38992239,78.84872,124.56872,124.43478,3.050445,3.20273,-0.15228141,96.66048,92.25665,71.86756,116.96203,1.61397,127.83020,122.31388,116.79756,2024-08-19,10:30
2024-08-19 11:30:00,126.38,127.6599,126.31,127.044998,37095647,80.14277,124.84372,124.95683,3.079321,3.17805,-0.098724254,90.51067,90.95276,72.91727,145.42816,1.59511,128.15110,122.81013,117.46917,2024-08-19,11:30
2024-08-19 12:30:00,127.050003,128.070007,126.45,127.9201,30152231,81.74933,125.38040,125.54948,3.13666,3.16977,-0.033107229,97.82424,94.99846,73.93662,151.82722,1.59689,128.50636,123.33765,118.16895,2024-08-19,12:30
2024-08-19 13:30:00,127.925,129.28999,127.92,129.2205,36078372,83.84146,125.96212,126.28369,3.24958,3.18573,0.063846573,99.14317,95.82603,75.0017867,187.025022,1.58068,128.88420,123.94318,119.0021563,2024-08-19,13:30
2024-08-19 14:30:00,129.22,129.28999,128.58,129.074997,30868847,82.69910,126.46212,126.84195,3.28940,3.20647,0.082938729,97.34899,98.10547,75.99087,176.015843,1.51849,129.11490,124.49843,119.88195,2024-08-19,14:30
2024-08-19 15:30:00,129.080002,130.0,128.75999,129.99001,28861712,84.16062,127.058233,127.47156,3.35611,3.23639,0.11971851,99.88668,98.79295,76.97340,166.70464,1.49860,129.84216,124.95393,120.065701,2024-08-19,15:30
2024-08-20 09:30:00,128.39999,129.88,126.67,127.3102,99170806,66.45455,127.38715,127.43929,3.15636,3.22039,-0.064028764,64.93094,87.38887,75.13138,94.91327,1.62870,130.014596,125.21848,120.42236,2024-08-20,09:30
2024-08-20 10:30:00,127.3188,127.87,125.89,127.2799,52939434,66.28472,127.68713,127.40741,2.96147,3.16860,-0.20713509,61.58051,75.46604,72.60550,56.29949,1.65379,130.15999,125.45973,120.75946,2024-08-20,10:30
2024-08-20 11:30:00,127.2593,128.39999,127.21,127.41,33310018,66.67844,127.96008,127.40793,2.78541,3.091964,-0.30655762,60.63836,62.38327,70.48532,69.096963,1.62066,130.22556,125.72822,121.23088,2024-08-20,11:30
2024-08-20 12:30:00,127.42,127.62,126.54,127.44,24478747,66.77478,128.076746,127.41434,2.61812,2.99719,-0.37907787,61.094273,61.10438,67.83725,47.71193,1.58205,130.31753,125.95371,121.58989,2024-08-20,12:30
2024-08-20 13:30:00,127.46,128.2999,127.21,127.95,21742292,68.44514,128.17730,127.52147,2.49790,2.89734,-0.39943847,68.84495,63.52586,65.70077,62.038456,1.54689,130.34889,126.23346,122.11803,2024-08-20,13:30
2024-08-20 14:30:00,127.9601,128.56,127.57,127.6201,23727927,66.12918,128.14397,127.54120,2.34892,2.78765,-0.43872846,63.83135,64.59019,63.83735,59.41687,1.50711,130.32777,126.46897,122.61016,2024-08-20,14:30
2024-08-20 15:30:00,127.64,127.85,127.12,127.27,18986615,63.66706,127.92725,127.48696,2.17751,2.66562,-0.48811319,58.51060,63.72896,61.62654,36.079205,1.45161,130.37552,126.60396,122.83241,2024-08-20,15:30
2024-08-21 09:30:00,127.315,128.88,126.87,128.043503,71460495,66.62374,127.81263,127.59827,2.080103,2.54852,-0.46841753,62.15671,61.49955,60.082564,52.36531,1.49149,130.30477,126.85164,123.39851,2024-08-21,09:30
2024-08-21 10:30:00,128.044998,129.34,127.2,128.2299,47459657,67.31404,127.61707,127.72460,1.99495,2.43781,-0.44285612,56.93198,59.19976,58.85702,63.51291,1.53781,130.30122,127.063885,123.82655,2024-08-21,10:30
2024-08-21 11:30:00,128.23,128.24001,126.66,127.6747,26783326,63.12613,127.65757,127.71462,1.86121,2.32249,-0.46127646,43.42331,54.17067,57.12834,22.66250,1.54083,130.25530,127.21887,124.18244,2024-08-21,11:30
2024-08-21 12:30:00,127.66,128.11,127.43,127.7704,16794654,63.54713,127.71207,127.72577,1.74285,2.20656,-0.46370722,45.75186,48.70238,55.52314,31.18145,1.47934,130.17546,127.37614,124.57682,2024-08-21,12:30
2024-08-21 13:30:00,127.8,129.14999,127.77,129.106,24352335,68.88603,127.90051,128.0018188,1.73681,2.11261,-0.37580428,78.24825,55.80781,54.56676,87.97563,1.47224,130.13921,127.61394,125.088672,2024-08-21,13:30
2024-08-21 14:30:00,129.095001,129.35001,127.66,128.216,30157959,62.33445,127.98673,128.044656,1.64128,2.018343,-0.37706608,56.59376,60.19796,53.77440,63.78905,1.48780,129.91147,127.79574,125.68001,2024-08-21,14:30
2024-08-21 15:30:00,128.22,128.61501,127.75,128.45,20809110,63.32214,128.042290,128.12572,1.56639,1.92795,-0.36155845,64.16025,66.33409,53.038640,43.56438,1.44331,129.65104,127.97057,126.29009,2024-08-21,15:30
2024-08-22 09:30:00,130.029999,130.75,128.23,129.14931,85725568,66.17670,128.21220,128.33044,1.54566,1.85150,-0.30583351,67.063939,62.60598,53.25495,148.55868,1.52022,129.69791,128.10853,126.51916,2024-08-22,09:30
2024-08-22 10:30:00,129.1499,129.1499,127.79,127.865,38000789,57.34902,128.27831,128.23735,1.40935,1.76307,-0.35371525,31.47262,54.23227,52.93058,18.13111,1.50877,129.66776,128.14953,126.63130,2024-08-22,10:30
2024-08-22 11:30:00,127.84,127.855,124.43,126.575,63197769,50.11741,128.11515,127.90488,1.18359,1.64717,-0.46358264,33.93982,44.15879,49.66293,-192.77594,1.64636,129.74728,128.082276,126.41727,2024-08-22,11:30
2024-08-22 12:30:00,126.58,126.9025,125.36,126.199,34041711,48.20923,127.88949,127.56370,0.96322556,1.51038,-0.54715598,27.99046,31.13430,46.62867,-182.46965,1.63894,129.70072,127.93120,126.16169,2024-08-22,12:30
2024-08-22 13:30:00,126.19,126.3,123.8,124.8951,42415090,42.20768,127.58065,127.029984,0.67558574,1.34342,-0.66783663,15.75685,25.89571,43.78571,-241.23883,1.70044,129.85256,127.72221,125.59186,2024-08-22,13:30
2024-08-22 14:30:00,124.89,125.155,123.38,123.51,36751142,36.94599,127.10727,126.32599,0.33203552,1.14115,-0.80910948,1.76397,15.17043,41.38885,-252.93813,1.70577,129.97472,127.39821,124.82169,2024-08-22,14:30
2024-08-22 15:30:00,123.52,124.17,123.099998,123.79,36397787,38.61200,126.51660,125.81879,0.081424443,0.92920089,-0.84777645,9.019638,8.84682,39.32700,-209.64548,1.66036,130.24160,127.22220,124.20279,2024-08-22,15:30
2024-08-23 09:30:00,125.87,129.60001,125.22,129.485,99471311,61.11589,126.65760,126.55203,0.33845079,0.81105087,-0.47260008,83.46406,31.41589,38.41973,47.68233,1.95676,130.50917,127.33245,124.15573,2024-08-23,09:30
2024-08-23 10:30:00,129.48,129.58,126.51,128.74001,57004779,58.11463,126.68982,126.98963,0.47653791,0.74414828,-0.26761037,73.72557,55.40309,37.57728,55.28496,2.036276,130.63452,127.39895,124.16338,2024-08-23,10:30
2024-08-23 11:30:00,128.77,129.17999,127.18,127.525,32240944,53.50024,126.50935,127.096702,0.48237180,0.69179298,-0.20942118,57.84317,71.67760,36.79499,34.71276,2.033684,130.63920,127.40320,124.16720,2024-08-23,11:30
2024-08-23 12:30:00,127.51,128.1499,126.62,128.010605,25570577,55.036883,126.52552,127.27948,0.52018298,0.65747098,-0.13728800,64.19092,65.25322,35.68065,14.34137,1.99770,130.64438,127.40623,124.16808,2024-08-23,12:30
2024-08-23 13:30:00,128.020004,128.78,127.96,128.67,20085109,57.10956,126.75830,127.55759,0.59648029,0.64527284,-0.048792551,72.81044,64.94817,34.92400,62.45754,1.91358,130.74276,127.45873,124.17469,2024-08-23,13:30
2024-08-23 14:30:00,128.67,128.88,127.875,128.83,22573146,57.62007,127.050635,127.81207,0.66222372,0.64866302,0.013560699,74.90199,70.63445,34.26620,61.15023,1.84868,130.87282,127.53673,124.20063,2024-08-23,14:30
2024-08-23 15:30:00,128.83,129.32001,128.17,129.28,27582703,59.094720,127.53785,128.10565,0.74208258,0.66734693,0.074735651,80.78430,76.16558,33.85789,78.71397,1.79878,131.014785,127.59855,124.18232,2024-08-23,15:30
2024-08-26 09:30:00,129.60001,131.25999,126.66,126.845,103393486,49.13222,127.90840,127.85352,0.60194847,0.65426724,-0.052318771,45.89466,67.19365,34.26166,42.33720,1.99886,130.94769,127.52931,124.11093,2024-08-26,09:30
2024-08-26 10:30:00,126.84,127.37,124.37,127.07,62728675,49.97149,128.27285,127.69682,0.50324557,0.62406290,-0.12081734,48.65200,58.44365,33.010405,-58.35053,2.070372,130.92247,127.49907,124.075677,2024-08-26,10:30
2024-08-26 11:30:00,127.059998,127.44,125.93,127.035004,32422470,49.83377,128.00062391,127.56446,0.41738754,0.58272783,-0.16534029,48.22313,47.58993,31.88030,-28.18666,2.030345,130.88904,127.46230,124.035558,2024-08-26,11:30
2024-08-26 12:30:00,127.025002,127.54,126.089996,126.49,28331944,47.63210,127.75062,127.34956,0.30188705,0.52655968,-0.22467263,41.54413,46.13975,30.87914,-28.28659,1.98889,130.69645,127.33150,123.96656,2024-08-26,12:30
2024-08-26 13:30:00,126.49,126.68,125.55,126.59,27701959,48.085304,127.64673,127.19765,0.21593199,0.46443414,-0.24850215,42.76960,44.17895,29.56838,-44.63836,1.92754,130.60429,127.25020,123.89611,2024-08-26,13:30
2024-08-26 14:30:00,126.59,126.99,126.33,126.64,23016655,48.32612,127.49444,127.086121,0.15011637,0.40157059,-0.25145421,43.38239,42.56537,28.52135,-21.95804,1.83700,130.47689,127.15970,123.84252,2024-08-26,14:30
2024-08-26 15:30:00,126.64,126.88,126.12,126.45,22622718,47.42588,127.24778,126.95890,0.081683808,0.33759323,-0.25590942,30.18863,38.78021,27.38926,-25.19668,1.76007,130.22472,127.024735,123.82475,2024-08-26,15:30
2024-08-27 09:30:00,125.029999,127.61,123.88,127.2016,93846227,51.29132,127.066844,127.0074365,0.087094551,0.28749349,-0.20039894,45.0081721,39.52640,25.99901,-35.12954,1.90078,130.16970,126.99157,123.81343,2024-08-27,09:30
2024-08-27 10:30:00,127.205,128.98,127.0,128.14999,50724151,55.71580,126.94129,127.23595,0.16599663,0.26319412,-0.097197491,57.85905,44.35195,24.40429,63.061117,1.90644,130.28114,127.070315,123.85949,2024-08-27,10:30
2024-08-27 11:30:00,128.11011,128.23,127.33,127.975,30391916,54.72796,127.066843,127.38376,0.21196305,0.25294791,-0.040984857,55.48784,52.78502,22.92348,46.85328,1.83455,130.36688,127.15912,123.95136,2024-08-27,11:30
2024-08-27 12:30:00,127.965,128.95,127.52,128.80499,24907233,58.48739,127.25962,127.66800,0.31177146,0.26471262,0.047058840,66.73438,60.027092,21.97143,72.49800,1.80566,130.46162,127.35461,124.24760,2024-08-27,12:30
2024-08-27 13:30:00,128.8093,129.2,128.23,128.4752,30212633,56.48045,127.41964,127.82944,0.36010808,0.28379171,0.076316374,62.26570,61.49598,21.23250,80.50183,1.74597,130.19167,127.60287,125.014068,2024-08-27,13:30
2024-08-27 14:30:00,128.47,128.78999,128.12,128.46001,22283933,56.38443,127.63853,127.95556,0.39266251,0.30556587,0.087096639,62.059772,63.68662,20.46234,66.16293,1.66911,129.76592,127.83637,125.90682,2024-08-27,14:30
2024-08-27 15:30:00,128.46001,128.75,128.2,128.34,20730115,55.58088,127.83298,128.032445,0.40411985,0.32527667,0.078843183,60.43361,61.58636,19.74720,61.65147,1.58918,129.57277,127.77912,125.98547,2024-08-27,15:30
2024-08-28 09:30:00,128.12,128.33,126.080002,127.28,74144659,48.94589,127.90409,127.88196,0.32393283,0.32500790,-0.0010750659,63.90981,62.13440,19.093997,-30.75307,1.63709,129.45570,127.70612,125.95654,2024-08-28,09:30
2024-08-28 10:30:00,127.27,127.57,122.64,123.9901,74409264,34.98624,127.63077,127.10358,-0.0050255969,0.25900120,-0.26402680,20.58076,48.30806,20.082933,-187.39894,1.87230,129.91501,127.52937,125.14374,2024-08-28,10:30
2024-08-28 11:30:00,123.9701,125.83,123.91,125.485,50989670,42.94857,127.44003,126.77987,-0.14344772,0.17851142,-0.32195914,43.36894,42.61984,21.0012305,-139.086017,1.87571,129.93629,127.40309,124.86990,2024-08-28,11:30
2024-08-28 12:30:00,125.47,126.029999,125.072998,125.675,34442445,43.88918,127.16503,126.55889,-0.23510649,0.095787836,-0.33089432,46.26532,36.73834,21.69661,-96.38772,1.81008,129.82309,127.25334,124.68360,2024-08-28,12:30
2024-08-28 13:30:00,125.67,125.87,123.8801,124.958,34490261,41.13315,126.82981,126.23872,-0.36143644,0.0043429807,-0.36577942,35.33539,41.65655,22.81820,-124.087795,1.82293,129.70743,127.059744,124.41206,2024-08-28,13:30
2024-08-28 14:30:00,124.9568,126.35,124.425,126.1699,42699297,47.17158,126.53702,126.22495,-0.35961828,-0.068449271,-0.29116901,53.80947,45.13672,23.46697,-74.30065,1.83022,129.37121,126.90424,124.43726,2024-08-28,14:30
2024-08-28 15:30:00,126.16,126.6762,125.45,125.66,35723996,45.076491,126.22422,126.11196,-0.39477099,-0.13371361,-0.26105737,46.036668,45.060508,23.80136,-52.0049063,1.78708,129.37102,126.84499,124.31896,2024-08-28,15:30
2024-08-29 09:30:00,121.355,124.11,119.23,120.74,161152730,30.84218,125.36644,125.037570,-0.81029257,-0.26902940,-0.54126316,15.14539,38.33051,26.0045309,-272.46171,2.11871,130.19240,126.52849,122.86458,2024-08-29,09:30
2024-08-29 10:30:00,120.73,122.55,120.49,120.99,59986401,32.016930,124.54978,124.22806,-1.10667,-0.43655683,-0.67010971,17.65292,26.27832,28.050333,-215.63619,2.11452,130.60145,126.22624,121.85103,2024-08-29,10:30
2024-08-29 11:30:00,120.98,121.84,120.77,121.29,32040664,33.47724,123.88422,123.64044,-1.30232,-0.60971045,-0.69261447,20.66197,17.82009,29.95001,-176.55046,2.039911,130.83773,125.96624,121.094747,2024-08-29,11:30
2024-08-29 12:30:00,121.28,121.54,120.23,120.62,29140621,31.83268,123.50977,123.036356,-1.49422,-0.78661323,-0.70761112,13.94183,17.41891,31.83855,-160.76974,1.98777,131.054173,125.66774,120.28131,2024-08-29,12:30
2024-08-29 13:30:00,120.63,121.16,119.010002,119.215,34442693,28.65381,122.81310,122.27208,-1.73962,-0.97721558,-0.76240942,2.096057,12.23329,33.85868,-158.58423,1.99936,131.34636,125.29649,119.24662,2024-08-29,13:30
2024-08-29 14:30:00,119.21,119.215,116.72,117.9313,65470215,26.090228,121.95269,121.40393,-2.014469,-1.18467,-0.82980275,10.068963,8.70228,36.15449,-171.63841,2.034764,131.68659,124.87055,118.054523,2024-08-29,14:30
2024-08-29 15:30:00,117.94,119.080002,117.5,117.5904,36214433,25.43933,121.13407,120.64122,-2.23404,-1.39454,-0.83949880,7.49698,6.55400,38.28631,-139.26735,2.0022810,131.80942,124.38999,116.97057,2024-08-29,15:30
2024-08-30 09:30:00,119.5,121.75,118.54,119.3,99496208,34.29267,120.37074,120.37298,-2.24423,-1.56448,-0.67975159,23.77882,13.78159,38.29493,-87.39598,2.15638,131.47204,123.94749,116.42295,2024-08-30,09:30
2024-08-30 10:30:00,119.3,120.21,117.47,117.8599,51928541,30.95800,119.50407,119.87036,-2.34152,-1.71989,-0.62163230,11.44915,14.24165,38.59741,-101.46666,2.19806,131.17241,123.44174,115.71107,2024-08-30,10:30
2024-08-30 11:30:00,117.85,118.89,117.22,118.3496,35816370,33.33206,119.23847,119.56621,-2.35199,-1.84631,-0.50568585,16.36770,17.19856,38.94629,-97.49357,2.16034,130.54151,122.91897,115.29643,2024-08-30,11:30
2024-08-30 12:30:00,118.3401,118.71,117.84,118.2293,24962127,33.031568,118.93172,119.29883,-2.34299,-1.94565,-0.39734882,15.15940,14.32542,39.27024,-87.41398,2.068176,129.84157,122.40668,114.97178,2024-08-30,12:30
2024-08-30 13:30:00,118.23,118.8,117.98,118.6585,19564723,35.27351,118.63933,119.17076,-2.27500,-2.011517,-0.26348701,19.47028,16.99912,39.50067,-77.29841,1.97902,128.97338,121.91660,114.85982,2024-08-30,13:30
2024-08-30 14:30:00,118.66,119.23,118.31,119.036797,28437690,37.26697,118.46342,119.14397,-2.16563,-2.042340,-0.12329202,23.26988,19.29985,39.36723,-65.16248,1.90338,127.95830,121.45144,114.94458,2024-08-30,14:30
2024-08-30 15:30:00,119.040001,119.6,118.37,119.36,26525908,38.99566,118.47953,119.18718,-2.029480,-2.039768,0.010288410,35.72395,26.15470,38.94193,-54.91252,1.85528,127.038116,121.055440,115.072764,2024-08-30,15:30
2024-09-03 09:30:00,115.26,115.3099,111.78,112.18,117229325,23.50193,117.84050,117.78574,-2.47244,-2.12630,-0.34613997,3.71403,20.90262,40.30823,-188.96278,2.26419,127.42409,120.46494,113.50578,2024-09-03,09:30
2024-09-03 10:30:00,112.1733,112.2,109.395,110.93,89524867,21.87259,117.10046,116.41459,-2.89103,-2.27925,-0.61178412,12.33430,17.25743,41.95467,-217.57244,2.30282,127.44784,119.73719,112.026532,2024-09-03,10:30
2024-09-03 11:30:00,110.93,111.42,110.0,110.2401,38413673,21.0069599,116.093800,115.17969,-3.24108,-2.47161,-0.76946253,6.84015,7.62949,43.48351,-199.65274,2.23976,127.21524,118.96544,110.71564,2024-09-03,11:30
2024-09-03 12:30:00,110.245,110.81,109.8,110.5,30491299,22.25524,115.27603,114.24375,-3.45766,-2.66882,-0.78883616,8.94377,9.37274,44.93486,-178.56966,2.15192,126.79353,118.24254,109.69155,2024-09-03,12:30
2024-09-03 13:30:00,110.5,110.66,108.019997,108.285,49654995,19.43632,114.15774,113.052005,-3.76464,-2.88799,-0.87665181,1.93013,5.90468,46.55158,-168.17927,2.18678,126.13366,117.34830,108.56293,2024-09-03,13:30
2024-09-03 14:30:00,108.29,109.21,108.020103,108.3,47703463,19.51066,113.054489,112.10160,-3.96105,-3.10260,-0.85845098,2.039376,4.30443,48.052825,-144.21372,2.11558,125.23966,116.48030,107.72094,2024-09-03,14:30
2024-09-03 15:30:00,108.305,108.48,107.29,107.98,48690229,19.10557,111.86799,111.27728,-4.095321,-3.30114,-0.79417745,4.77180,2.91377,49.55609,-128.92372,2.049463,125.11161,115.84230,106.57298,2024-09-03,15:30
2024-09-04 09:30:00,105.38,108.385,104.12,107.3601,129224624,18.31236,110.57058,110.49385,-4.20330,-3.48158,-0.72172485,20.13734,8.98284,51.35080,-127.11851,2.20772,124.81234,115.16080,105.50926,2024-09-04,09:30
2024-09-04 10:30:00,107.3501,109.99,107.205,108.27,59060788,23.34310,109.33836,110.049077,-4.16741,-3.61874,-0.54867061,26.80875,17.23930,51.89830,-88.36576,2.24895,124.17625,114.50980,104.84335,2024-09-04,10:30
2024-09-04 11:30:00,108.2625,108.86,107.5201,108.675,34813522,25.54119,108.94891,109.77426,-4.059497,-3.70689,-0.35260339,29.42507,25.45706,52.40669,-81.26226,2.18402,123.47055,113.91255,104.35455,2024-09-04,11:30
2024-09-04 12:30:00,108.675,109.51,108.22,109.010002,27408616,27.39567,108.73558,109.62141,-3.90196,-3.74591,-0.15605431,31.58915,29.27433,52.41966,-66.69139,2.12016,122.86263,113.40230,103.94197,2024-09-04,12:30
2024-09-04 13:30:00,109.010002,109.37,107.72,108.105,26157179,25.54471,108.49835,109.31813,-3.80626,-3.75798,-0.048284707,25.74291,28.91904,52.54142,-68.071560,2.086577,122.40004,112.91099,103.42193,2024-09-04,13:30
2024-09-04 14:30:00,108.099998,108.15,105.4,105.955,43757464,21.77988,107.99335,108.64550,-3.85942,-3.77827,-0.081152948,11.85400,23.062020,53.11108,-88.32642,2.13396,122.023860,112.32922,102.63457,2024-09-04,14:30
2024-09-04 15:30:00,105.9594,106.99,105.5621,106.17,33145064,23.0019608,107.75835,108.15040,-3.83993,-3.79060,-0.049333652,18.32006,18.63899,53.64005,-87.24737,2.083530,121.16645,111.67272,102.17898,2024-09-04,15:30
2024-09-05 09:30:00,105.25,109.6392,105.25,109.079498,109306898,37.28248,107.84496,108.33622,-3.54881,-3.74224,0.19343190,61.37994,30.51800,52.34509,-56.055415,2.24822,120.34680,111.23370,102.12059,2024-09-05,09:30
2024-09-05 10:30:00,109.18,109.34,106.22,106.295,49465497,31.29953,107.65773,107.92798,-3.50241,-3.69427,0.19186963,29.79448,36.49816,51.14262,-65.74912,2.31049,119.36861,110.63097,101.89332,2024-09-05,10:30
2024-09-05 11:30:00,106.305,107.6,106.07,107.4101,34225159,35.74646,107.66329,107.82440,-3.33718,-3.62286,0.28567569,49.17941,46.78461,50.072694,-67.94834,2.25474,118.19579,110.090005,101.98422,2024-09-05,11:30
2024-09-05 12:30:00,107.4199,107.7051,106.315,106.3375,21973973,33.50022,107.44857,107.52702,-3.25526,-3.54934,0.29407389,33.90670,37.62686,49.0054330,-71.85708,2.19298,116.70709,109.47396,102.24083,2024-09-05,12:30
2024-09-05 13:30:00,106.34,107.75,106.29,106.985,24341139,36.11022,107.26079,107.41862,-3.10233,-3.45994,0.35760239,48.80750,43.96454,47.98085,-67.20798,2.14063,114.68644,108.87137,103.056290,2024-09-05,13:30
2024-09-05 14:30:00,106.98,107.54,106.55,107.17,21466526,36.87256,107.056345,107.36889,-2.93241,-3.35443,0.42202441,51.95908,44.89109,47.029449,-64.59925,2.058437,111.56426,108.26187,104.95948,2024-09-05,14:30
2024-09-05 15:30:00,107.176,107.4,106.38,107.24,19508322,37.17802,106.96023,107.34311,-2.76027,-3.23560,0.47532859,53.15158,51.30605,46.21619,-62.78570,1.98426,110.80775,108.014865,105.22198,2024-09-05,15:30
2024-09-06 09:30:00,108.0,108.039902,103.6,103.7,107596416,29.42409,106.70968,106.61449,-2.87634,-3.16375,0.28740485,1.56492,35.55853,46.42344,-161.72123,2.15967,110.70320,107.65337,104.60353,2024-09-06,09:30
2024-09-06 10:30:00,103.4844,103.89,101.95,102.32,81533447,27.055198,106.28190,105.75559,-3.044589,-3.13992,0.095326733,4.81198,19.84283,47.044859,-266.30825,2.14398,110.86637,107.25736,103.64835,2024-09-06,10:30
2024-09-06 11:30:00,102.32,102.75,100.95,101.84,54783831,26.26317,105.47751,104.97247,-3.18000,-3.14793,-0.032067975,10.24259,5.53983,47.85116,-266.31811,2.11941,110.82956,106.82436,102.81916,2024-09-06,11:30
2024-09-06 12:30:00,101.859,103.27,101.6,102.615,35350486,29.83471,105.068621,104.50098,-3.18803,-3.15595,-0.032077566,19.16173,11.40543,48.16433,-185.91953,2.087306,110.88104,106.54086,102.20068,2024-09-06,12:30
2024-09-06 13:30:00,102.6,102.73,101.78,102.009903,30018251,28.66719,104.46860,104.0027633,-3.20626,-3.16601,-0.040245550,12.19797,13.86743,48.45513,-159.87288,2.0060702,110.90915,106.22635,101.54356,2024-09-06,13:30
2024-09-06 14:30:00,102.010002,103.57,101.9902,103.385,35575241,34.90173,104.14054,103.87921,-3.074308,-3.14767,0.073364211,28.023349,19.79435,47.99340,-107.83052,1.97562,110.76284,105.99660,101.23037,2024-09-06,14:30
2024-09-06 15:30:00,103.4,103.665,102.49,102.84,27855515,33.64655,103.67999,103.67137,-2.97937,-3.11401,0.13464247,21.75113,20.65748,47.48220,-92.21113,1.91844,110.68321,105.77060,100.85799,2024-09-06,15:30
2024-09-09 09:30:00,104.865,106.375,104.82,105.042,84877826,42.62470,103.44354,103.94549,-2.69538,-3.030285,0.33490888,48.77239,32.84895,44.99723,-10.15090,2.033905,110.39316,105.60920,100.82524,2024-09-09,09:30
2024-09-09 10:30:00,105.019997,105.079903,103.69,104.93,42550946,42.31111,103.18688,104.14240,-2.45109,-2.91445,0.46335449,56.13620,42.21991,43.20328,-32.95125,1.98790,109.99999,105.42195,100.84391,2024-09-09,10:30
2024-09-09 11:30:00,104.931,105.68,104.71,105.57,26639014,44.80978,103.39466,104.42792,-2.18071,-2.76770,0.58698561,65.16311,56.69057,41.15234,-1.035975,1.91520,109.52425,105.24995,100.97565,2024-09-09,11:30
2024-09-09 12:30:00,105.57,106.2,105.19,105.95,24285051,46.29709,103.79799,104.73233,-1.91372,-2.59690,0.68318757,70.52281,63.94071,38.91849,22.29064,1.85054,109.22766,105.14220,101.056740,2024-09-09,12:30
2024-09-09 13:30:00,105.945,105.945,104.91,104.94,24252460,42.98162,104.14243,104.77387,-1.76329,-2.43018,0.66689125,56.27728,63.98773,36.99112,4.48280,1.79264,109.16044,105.091449,101.022454,2024-09-09,13:30
2024-09-09 14:30:00,104.94,105.885,104.68,105.8014,22150277,46.50054,104.49648,104.97937,-1.55662,-2.25547,0.69884531,68.42690,65.075664,35.32592,14.12368,1.75067,109.12561,105.073019,101.020426,2024-09-09,14:30
2024-09-09 15:30:00,105.79,106.55,105.525,106.48,20173904,49.16235,104.99316,105.27950,-1.32283,-2.068941,0.74610847,77.99832,67.56750,33.30832,50.19862,1.69884,108.62292,104.94304,101.26317,2024-09-09,15:30
2024-09-10 09:30:00,108.044998,109.37,105.96,107.29,87846735,52.21828,105.42704,105.68160,-1.059974,-1.86715,0.80717416,75.29691,73.90738,32.026193,107.68968,1.82106,108.77005,104.99279,101.21554,2024-09-10,09:30
2024-09-10 10:30:00,107.2405,107.545,106.416,107.1178,33241896,51.50938,105.90236,105.96884,-0.85568731,-1.66486,0.80916838,73.25174,75.51566,30.83564,85.57646,1.77163,108.72001,104.97818,101.23635,2024-09-10,10:30
2024-09-10 11:30:00,107.099998,107.44,104.95,105.455,36994246,45.13730,105.94824,105.86607,-0.81852720,-1.49559,0.67706279,49.61392,66.054188,28.80589,41.76708,1.82294,108.63127,104.93405,101.23684,2024-09-10,11:30
2024-09-10 12:30:00,105.45,106.65,105.41,106.2,24532466,48.22754,106.089355,105.93286,-0.72065540,-1.34060,0.61994768,58.23446,60.36671,26.92112,50.94056,1.78130,108.52006,104.89480,101.26955,2024-09-10,12:30
2024-09-10 13:30:00,106.195,107.47,106.12,107.2942,22080720,52.46277,106.28093,106.20512,-0.54847600,-1.18218,0.63370166,71.87181,59.90673,25.64374,90.70325,1.75050,108.54223,104.90101,101.25980,2024-09-10,13:30
2024-09-10 14:30:00,107.3,107.58,107.029999,107.5499,20222622,53.42169,106.45870,106.47408,-0.38692951,-1.023128,0.63619852,73.54498,67.88375,24.52065,107.99997,1.66475,108.59980,104.91651,101.23322,2024-09-10,14:30
2024-09-10 15:30:00,107.545,108.18,107.33,108.019997,20494338,55.21051,106.80092,106.78326,-0.21845142,-0.86219271,0.64374129,76.23229,73.88303,23.82476,114.92845,1.60655,109.0068296,105.13251,101.25819,2024-09-10,15:30
2024-09-11 09:30:00,109.5,111.8501,108.5,109.315,104156541,59.79158,107.19132,107.28961,0.019341876,-0.68588579,0.70522767,68.93302,72.90343,24.77417,183.84196,1.76537,109.53660,105.48226,101.42792,2024-09-11,09:30
2024-09-11 10:30:00,109.31,109.44,107.6012,109.32,50525448,59.80866,107.50688,107.69569,0.20582538,-0.50754356,0.71336894,64.71320,69.95950,25.022484,127.41535,1.77062,109.87753,105.85626,101.83499,2024-09-11,10:30
2024-09-11 11:30:00,109.3,112.87,109.165,112.8275,59793549,69.57840,108.12215,108.72205,0.62938565,-0.28015772,0.90954337,99.48103,77.70908,26.32903,210.63218,1.90879,111.13617,106.36688,101.59759,2024-09-11,11:30
2024-09-11 12:30:00,112.8205,113.9,111.71,113.855,50045657,71.74518,108.87073,109.74864,1.036029,-0.016920472,1.052949,99.51195,87.90206,27.79969,223.61587,1.92888,112.32205,106.95914,101.59623,2024-09-11,12:30
2024-09-11 13:30:00,113.86,115.37,113.36,115.2762,50208711,74.45529,109.96198,110.85415,1.45619,0.27770132,1.17849,99.12251,99.37183,29.50282,223.059875,1.93467,113.76873,107.55370,101.33867,2024-09-11,13:30
2024-09-11 14:30:00,115.285,116.14,114.56,115.98,48831566,75.69841,111.048644,111.87932,1.82492,0.58714563,1.23778,98.57019,99.068217,31.24945,196.71878,1.90934,115.041271,108.21070,101.38013,2024-09-11,14:30
2024-09-11 15:30:00,115.985,117.18,115.66,116.85,39897445,77.17696,112.11040,112.87346,2.16242,0.90220086,1.26022,97.30170,98.33147,33.085187,176.33743,1.88153,116.42880,108.80110,101.17340,2024-09-11,15:30
2024-09-12 09:30:00,115.9297,119.82,115.4199,119.605,110940073,81.098722,113.44986,114.21977,2.62197,1.24616,1.37582,98.55416,98.14202,35.25393,172.33978,2.061426,118.27419,109.53485,100.79551,2024-09-12,09:30
2024-09-12 10:30:00,119.6001,119.99,118.29,118.67,61988443,76.30641,114.63319,115.10981,2.87755,1.57244,1.30512,91.22341,95.69309,37.29480,153.68817,2.035609,119.58166,110.18985,100.79804,2024-09-12,10:30
2024-09-12 11:30:00,118.675,119.3,117.77,119.135,39212589,77.033279,115.72430,115.91485,3.082096,1.87437,1.20773,94.13583,94.63780,38.80378,126.78479,1.99949,120.79272,110.84910,100.90548,2024-09-12,11:30
2024-09-12 12:30:00,119.1394,119.96,118.47,119.8401,30068279,78.12894,116.89320,116.69990,3.26347,2.15219,1.11129,98.91929,94.75951,40.33314,119.61747,1.96310,121.88194,111.59411,101.30627,2024-09-12,12:30
2024-09-12 13:30:00,119.855,120.79,119.4679,120.4001,38812810,78.98637,117.73460,117.43994,3.41306,2.40436,1.0086980,97.16642,96.74051,41.91018,115.47969,1.91732,122.93094,112.32404,101.71714,2024-09-12,13:30
2024-09-12 14:30:00,120.4,120.49,119.099998,119.95,35025996,76.39399,118.41182,117.94195,3.45546,2.61458,0.84087575,93.75926,96.61499,43.076641,98.53774,1.87965,123.74428,112.99754,102.25080,2024-09-12,14:30
2024-09-12 15:30:00,119.96,120.099998,119.019997,119.18,25774270,72.038174,118.84558,118.18956,3.38787,2.76924,0.61863187,87.79267,92.90612,44.092217,84.0098618,1.82253,124.32554,113.59204,102.85854,2024-09-12,15:30
2024-09-13 09:30:00,119.0,119.955,118.35,118.37,77118194,67.66730,119.11113,118.22565,3.23170,2.86173,0.36996523,81.65112,87.73435,44.46047,69.78544,1.80700,124.64868,114.15465,103.66062,2024-09-13,09:30
2024-09-13 10:30:00,117.87,119.79,117.8501,119.4102,41633016,70.17036,119.39560,118.46256,3.15549,2.92048,0.23500483,88.13076,85.85818,44.38149,66.19022,1.81649,124.78037,114.85241,104.92445,2024-09-13,10:30
2024-09-13 11:30:00,119.42,119.55,118.3,118.715,27707927,66.46683,119.29671,118.51305,3.0043615,2.93726,0.067103042,77.14753,82.30980,44.30816,58.84905,1.77603,124.69821,115.47816,106.25811,2024-09-13,11:30
2024-09-13 12:30:00,118.72,119.33,118.445,119.105,22848030,67.50304,119.34505,118.63144,2.88283,2.92637,-0.043541287,77.32170,80.86667,44.24006,56.015214,1.71238,124.60390,116.068700,107.53350,2024-09-13,12:30
2024-09-13 13:30:00,119.105,119.17,118.3688,118.615,17701903,64.79396,119.28727,118.62815,2.71567,2.88423,-0.16855869,65.088252,73.18583,44.10043,47.26085,1.64730,124.26447,116.62196,108.97944,2024-09-13,13:30
2024-09-13 14:30:00,118.62,119.13,118.42,119.059998,20818196,66.12361,119.20059,118.71452,2.58926,2.82524,-0.23597722,67.78453,70.064830,43.97077,45.96908,1.58035,123.77542,117.17396,110.57249,2024-09-13,14:30
2024-09-13 15:30:00,119.059998,119.14,118.71,119.07,17327901,66.15456,119.052800,118.78562,2.46151,2.75249,-0.29098239,67.97079,66.94786,43.85505,44.47141,1.49818,123.22894,117.66171,112.094474,2024-09-13,15:30
2024-09-16 09:30:00,116.2599,118.18,114.36,117.115,88476989,55.48683,118.73780,118.45149,2.17742,2.63748,-0.46006239,42.84599,59.53377,41.22561,-43.82318,1.72759,122.11709,118.051455,113.98582,2024-09-16,09:30
2024-09-16 10:30:00,117.13,117.2499,116.029999,116.625,35852812,53.17247,118.45391,118.086194,1.89093,2.48817,-0.59723713,35.22549,48.68076,38.78399,-61.55486,1.69133,121.60796,118.24133,114.87470,2024-09-16,10:30
2024-09-16 11:30:00,116.625,116.87,115.7109,116.1699,26871447,51.042987,118.20945,117.70293,1.60862,2.31226,-0.70363508,28.14772,35.40640,36.70715,-100.065609,1.65331,121.23645,118.35708,115.47770,2024-09-16,11:30
2024-09-16 12:30:00,116.17,116.79,115.75,116.62,18889204,53.045852,117.89943,117.48635,1.40502,2.13081,-0.72579341,35.14778,32.84033,34.77866,-107.53711,1.60951,121.065835,118.42427,115.78270,2024-09-16,12:30
2024-09-16 13:30:00,116.6208,117.074997,116.4501,116.665,17703890,53.25176,117.67166,117.32208,1.23308,1.95126,-0.71818905,37.60198,33.63249,32.76189,-97.77720,1.53918,120.98781,118.45852,115.92922,2024-09-16,13:30
2024-09-16 14:30:00,116.6606,116.685,116.099998,116.3501,17752526,51.54813,117.36555,117.12768,1.059189,1.77285,-0.71365982,34.67069,35.80682,31.13453,-117.57798,1.47102,121.034757,118.43352,115.83228,2024-09-16,14:30
2024-09-16 15:30:00,116.356,116.79,116.23,116.77,14443184,53.67625,117.16055,117.056145,0.94437992,1.60716,-0.66277552,43.074093,38.44892,29.53126,-90.10795,1.40595,120.93091,118.29177,115.65263,2024-09-16,15:30
2024-09-17 09:30:00,118.75,118.7692,116.76,117.7499,64854112,58.28136,117.014988,117.19490,0.92183622,1.47009,-0.54825537,62.42910,46.72463,28.29457,-22.31678,1.44904,120.88900,118.24576,115.60253,2024-09-17,09:30
2024-09-17 10:30:00,117.74,118.2706,117.18,117.21,28647742,55.035042,116.80832,117.19792,0.85059944,1.34619,-0.49559372,54.91324,53.47214,27.14622,-30.29341,1.42344,120.79641,118.14951,115.50262,2024-09-17,10:30
2024-09-17 11:30:00,117.206,117.52,115.97,116.5299,25503727,51.16863,116.74331,117.064314,0.73084076,1.22312,-0.49228192,43.65993,53.66742,25.29649,-70.96395,1.43248,120.60116,117.98400,115.36685,2024-09-17,11:30
2024-09-17 12:30:00,116.52,116.7,115.67,116.095001,26392736,48.80732,116.68442,116.87045,0.59399131,1.097296,-0.50330510,36.070717,44.88130,23.79790,-91.48195,1.40373,120.26080,117.76875,115.27670,2024-09-17,12:30
2024-09-17 13:30:00,116.089996,116.26,114.83,115.3791,25990083,45.11639,116.59656,116.57218,0.42289478,0.96241608,-0.53952130,21.32001,33.68355,22.99146,-118.13540,1.40560,120.028559,117.54020,115.051851,2024-09-17,13:30
2024-09-17 14:30:00,115.375,115.65,114.855,115.35,21933744,44.96754,116.45544,116.32774,0.28170424,0.82627371,-0.54456948,20.71126,26.033996,22.24263,-118.21049,1.36199,119.89170,117.34870,114.80571,2024-09-17,14:30
2024-09-17 15:30:00,115.3412,115.65,114.98,115.585,18718670,46.50262,116.33544,116.17919,0.18662104,0.69834318,-0.51172214,27.78277,23.27135,21.54728,-102.67493,1.31256,119.81767,117.20945,114.60124,2024-09-17,15:30
2024-09-18 09:30:00,116.0,116.099998,114.6192,115.12,54005316,43.89359,116.19877,115.96736,0.072905203,0.57325558,-0.50035038,12.067492,20.18717,20.46621,-104.062452,1.32458,119.54901,116.99494,114.44088,2024-09-18,09:30
2024-09-18 10:30:00,115.1293,115.4398,114.53,114.8299,24486421,42.29912,115.98320,115.73987,-0.040161120,0.45057224,-0.49073336,7.074532,15.64160,19.53879,-121.13551,1.29495,119.39261,116.80069,114.20877,2024-09-18,10:30
2024-09-18 11:30:00,114.8222,114.85,113.68,114.69,27633139,41.51590,115.64321,115.52989,-0.13944830,0.33256813,-0.47201644,19.84598,12.99600,19.37156,-149.79593,1.28603,119.10029,116.57994,114.059589,2024-09-18,11:30
2024-09-18 12:30:00,114.7,115.33,114.57,115.099998,21073731,44.74492,115.40877,115.44391,-0.18294201,0.22946611,-0.41240812,27.90217,18.27423,18.71376,-100.19926,1.24845,118.82046,116.40419,113.98792,2024-09-18,12:30
2024-09-18 13:30:00,115.095001,117.17,114.63,116.775,49042417,55.54396,115.43600,115.71013,-0.081314994,0.16730989,-0.24862488,60.81505,36.18773,18.21385,-3.36371,1.34071,118.38827,116.28994,114.19161,2024-09-18,13:30
2024-09-18 14:30:00,116.78,117.7,113.51,115.39,66458647,47.31038,115.35767,115.64611,-0.11125052,0.11159780,-0.22284833,35.74682,41.48801,16.99522,-49.11431,1.54423,117.80412,116.10594,114.40776,2024-09-18,14:30
2024-09-18 15:30:00,115.39,115.73,113.22,113.22,32757218,37.84472,115.11777,115.16088,-0.30654174,0.027969896,-0.33451163,0,32.18729,16.083350,-156.029405,1.61321,117.95916,115.91119,113.86322,2024-09-18,15:30
2024-09-19 09:30:00,117.625,119.3484,117.45,119.22,95724315,61.049719,115.54777,115.97271,0.022578157,0.026891548,-0.0043133913,97.90492,44.55058,16.82766,196.51048,1.93572,118.53385,116.040940,113.54803,2024-09-19,09:30
2024-09-19 10:30:00,119.17,119.6,118.5691,119.5252,36413974,61.83034,115.98557,116.68321,0.30452466,0.082418170,0.22210649,98.82761,65.57751,17.63222,196.83523,1.87109,119.12875,116.20871,113.28866,2024-09-19,10:30
2024-09-19 11:30:00,119.525,119.66,118.77,119.16,26693186,60.27371,116.43446,117.17857,0.49282008,0.16449855,0.32832153,92.23603,96.32285,18.40765,161.41275,1.80102,119.52481,116.33571,113.14660,2024-09-19,11:30
2024-09-19 12:30:00,119.17,119.66,118.94,119.495,23193470,61.23775,116.95280,117.64185,0.66145238,0.26388932,0.39756306,97.43787,96.16717,19.12769,144.79435,1.72380,119.95065,116.47721,113.0037593,2024-09-19,12:30
2024-09-19 13:30:00,119.5,119.5199,118.67,119.124,21799497,59.51524,117.44547,117.93828,0.75643816,0.36239909,0.39403907,91.67697,93.78363,19.53943,113.043993,1.66138,120.27456,116.61590,112.95725,2024-09-19,13:30
2024-09-19 14:30:00,119.13,119.135,117.61,118.145,29362719,55.11005,117.78380,117.97963,0.74413967,0.43874720,0.30539246,76.47506,88.52997,18.97781,68.47578,1.65164,120.40348,116.68465,112.96582,2024-09-19,14:30
2024-09-19 15:30:00,118.16,118.65,117.71,117.98,21695352,54.37952,117.91769,117.97970,0.71286201,0.49357016,0.21929185,73.91305,80.68836,18.45631,59.16697,1.60081,120.42950,116.69616,112.96281,2024-09-19,15:30
2024-09-20 09:30:00,117.4201,118.6181,116.71,117.080002,76666616,50.45091,118.10547,117.79976,0.60843795,0.51654372,0.091894230,59.93787,70.10866,17.14438,32.54105,1.62276,120.41985,116.68966,112.95946,2024-09-20,09:30
2024-09-20 10:30:00,117.07,117.42,115.3901,115.74,41470671,45.21348,118.38547,117.38781,0.41279556,0.49579409,-0.082998530,39.13037,57.66043,16.83230,-20.084163,1.65184,120.40294,116.65016,112.89738,2024-09-20,10:30
2024-09-20 11:30:00,115.74,116.82,115.7,116.6794,31124714,49.19530,118.10318,117.24613,0.32974813,0.46258490,-0.13283677,53.71731,50.92852,16.54250,-11.70127,1.61385,120.42350,116.67938,112.93526,2024-09-20,11:30
2024-09-20 12:30:00,116.66,116.67,116.019997,116.1901,18720226,47.26829,117.73261,117.034921,0.22189251,0.41444642,-0.19255391,46.11955,46.32241,16.27341,-18.17367,1.54567,120.42420,116.71993,113.015660,2024-09-20,12:30
2024-09-20 13:30:00,116.19,116.56,115.5,115.8445,27032767,45.90065,117.36422,116.79684,0.10729201,0.35301554,-0.24572353,40.75304,46.86330,16.39413,-34.042967,1.51098,120.41850,116.74466,113.070814,2024-09-20,13:30
2024-09-20 14:30:00,115.84,116.72,115.69,116.62,22337565,49.43601,117.044778,116.76147,0.078146240,0.29804168,-0.21989544,52.79503,46.55587,16.34336,-20.33700,1.47663,120.43241,116.79641,113.16040,2024-09-20,14:30
2024-09-20 15:30:00,116.625,116.89,115.72,116.080002,27559179,47.12660,116.70656,116.62518,0.011343686,0.24070208,-0.22935839,16.15734,36.56847,16.11741,-28.18206,1.45473,120.41539,116.84441,113.27342,2024-09-20,15:30
2024-09-23 09:30:00,116.46,116.99,115.45,116.175,56703926,47.59046,116.48767,116.53514,-0.033545325,0.18585260,-0.21939792,18.38225,29.11154,16.12894,-33.37076,1.46082,120.37746,116.91166,113.44586,2024-09-23,09:30
2024-09-23 10:30:00,116.175,116.24,114.86,115.525,32593605,44.70086,116.21489,116.33311,-0.12018447,0.12464518,-0.24482965,13.85418,16.13126,16.60298,-69.53986,1.45504,120.33013,116.95341,113.57669,2024-09-23,10:30
2024-09-23 11:30:00,115.53,116.35,115.44,115.495,24615527,44.56637,116.038779,116.16549,-0.18908758,0.061898631,-0.25098621,13.22920,15.15521,16.90883,-62.062896,1.41611,120.31068,116.97316,113.63564,2024-09-23,11:30
2024-09-23 12:30:00,115.49,115.78,115.27,115.67,18461327,45.59470,116.031001,116.066393,-0.22695691,0.0041275233,-0.23108443,17.38231,14.82190,17.33333,-68.63441,1.35139,120.30297,116.91791,113.53285,2024-09-23,12:30
2024-09-23 13:30:00,115.665,116.2299,115.56,116.1103,14762662,48.19849,115.96777,116.075174,-0.21891656,-0.040481293,-0.17843527,29.24672,19.95274,17.14689,-51.10773,1.30271,120.28814,116.95393,113.61971,2024-09-23,13:30
2024-09-23 14:30:00,116.11,116.605,115.91,116.529,15548684,50.61879,116.0054228,116.16594,-0.17672170,-0.067729375,-0.10899233,44.036895,30.22197,16.51422,-40.66773,1.25930,119.99255,117.11938,114.24620,2024-09-23,14:30
2024-09-23 15:30:00,116.5294,116.57,116.15,116.24,14358863,48.91980,116.049367,116.18075,-0.16470338,-0.087124176,-0.077579203,36.72059,36.66807,15.92675,-38.14211,1.19935,119.69773,116.97038,114.24302,2024-09-23,15:30
2024-09-24 09:30:00,116.515,117.61,115.84,115.9841,56053916,47.40263,115.97871,116.14142,-0.17382383,-0.10446411,-0.069359723,40.87635,40.54461,15.37871,-24.35505,1.24011,119.28374,116.79332,114.30290,2024-09-24,09:30
2024-09-24 10:30:00,115.985,117.45,115.38,117.38,37634844,55.50845,116.12316,116.38914,-0.067634984,-0.097098282,0.029463299,91.63624,56.41106,14.34529,0.13503800,1.29939,118.96687,116.70432,114.44177,2024-09-24,10:30
2024-09-24 11:30:00,117.3899,121.62,117.38,120.78,94116304,68.31637,116.63482,117.26731,0.28755737,-0.020167152,0.30772452,87.57391,73.36217,16.20548,231.88026,1.50944,119.38912,116.76857,114.14802,2024-09-24,11:30
2024-09-24 12:30:00,120.7821,121.47,120.5517,121.295,36259139,69.73745,117.27593,118.072846,0.60364754,0.10459579,0.49905175,95.19224,91.46746,17.93281,266.91589,1.46721,120.0089297,116.87712,113.74531,2024-09-24,12:30
2024-09-24 13:30:00,121.315,121.8,121.099998,121.31,30789973,69.77996,117.92204,118.72028,0.84561389,0.25279941,0.59281448,92.93940,91.90185,19.68695,226.14994,1.41241,120.68457,117.035370,113.38617,2024-09-24,13:30
2024-09-24 14:30:00,121.315,121.4,120.43,120.431,28892110,64.097159,118.45104,119.062421,0.95543256,0.39332604,0.56210652,80.27373,89.46846,20.58701,161.14850,1.38081,121.080184,117.15792,113.23566,2024-09-24,14:30
2024-09-24 15:30:00,120.435,121.18,120.099998,120.95,28259500,65.86481,118.98879,119.43994,1.071986,0.52905807,0.54292812,87.75208,86.98841,21.077014,131.67529,1.35932,121.60690,117.35142,113.095935,2024-09-24,15:30
2024-09-25 09:30:00,122.25,124.93,122.2,124.565,95740664,75.071319,119.88168,120.46495,1.43946,0.71113911,0.72832417,96.37539,88.13374,23.13490,191.029617,1.54652,123.0097723,117.79267,112.57557,2024-09-25,09:30
2024-09-25 10:30:00,124.5,124.9,124.019997,124.0252,41871889,71.95072,120.74670,121.17700,1.66791,0.90249276,0.76541461,90.63354,91.58700,25.045801,162.74865,1.49891,124.0079991,118.15996,112.31192,2024-09-25,10:30
2024-09-25 11:30:00,124.019997,124.2293,123.059998,123.7971,36973305,70.61491,121.61481,121.70102,1.80968,1.083931,0.72575298,88.27222,91.76038,25.91974,124.0052551,1.47536,124.80132,118.54031,112.27930,2024-09-25,11:30
2024-09-25 12:30:00,123.8,123.89,122.76,123.2599,27098150,67.43946,122.26813,122.012796,1.85729,1.23860,0.61868426,82.51208,87.13928,26.46135,100.51603,1.45070,125.36490,118.91108,112.45726,2024-09-25,12:30
2024-09-25 13:30:00,123.25,123.6,122.62,123.6,24215059,68.40805,122.58147,122.33024,1.90055,1.37099,0.52955521,86.073284,85.61919,26.83415,89.11912,1.41707,125.93181,119.26008,112.58835,2024-09-25,13:30
2024-09-25 14:30:00,123.56,123.6,123.21,123.29,28717686,66.46718,122.80313,122.52219,1.88805,1.47440,0.41364830,82.82724,83.80420,27.18033,82.67503,1.34371,126.34499,119.62058,112.89617,2024-09-25,14:30
2024-09-25 15:30:00,123.3,123.59,123.22,123.56,15320278,67.33642,123.053133,122.72975,1.87828,1.55518,0.32310468,85.65443,84.85165,27.50178,77.87668,1.27416,126.72791,119.98983,113.25175,2024-09-25,15:30
2024-09-26 09:30:00,126.375,127.665,125.6501,125.67,88337928,73.18616,123.63524,123.31780,2.017545,1.64765,0.36989305,83.76067,84.080776,29.41832,129.22111,1.47636,127.34094,120.49708,113.65322,2024-09-26,09:30
2024-09-26 10:30:00,125.6799,125.84,122.155,123.5391,62811667,61.25508,123.92292,123.36206,1.93368,1.70486,0.22881845,59.88431,76.43313,28.61336,69.67871,1.63412,127.45962,120.89928,114.33895,2024-09-26,10:30
2024-09-26 11:30:00,123.525,124.4885,122.95,123.4217,31071894,60.66826,123.79589,123.37399,1.83656,1.73120,0.10536547,43.90879,62.51792,27.86589,59.059075,1.62729,127.47076,121.28687,115.10298,2024-09-26,11:30
2024-09-26 12:30:00,123.4101,123.55,121.8,122.64,26191868,56.76861,123.64198,123.22719,1.67719,1.72040,-0.043205188,33.57568,45.78959,26.47878,29.63075,1.63606,127.34231,121.61335,115.88440,2024-09-26,12:30
2024-09-26 13:30:00,122.6409,124.049797,122.55,124.029297,26965092,61.50462,123.66778,123.38761,1.64404,1.70513,-0.061084320,51.94048,43.14165,25.43280,48.51894,1.62632,127.30397,121.98837,116.67277,2024-09-26,13:30
2024-09-26 14:30:00,124.025002,124.45,123.53,124.13,23400572,61.83101,123.76445,123.53609,1.60737,1.68557,-0.078207317,53.27161,46.26259,24.65631,59.67927,1.57587,127.067061,122.38287,117.69868,2024-09-26,14:30
2024-09-26 15:30:00,124.1391,124.2399,123.65,123.99,16979294,61.055938,123.80779,123.62687,1.54915,1.65829,-0.10914142,37.34008,47.51739,23.93529,54.043965,1.50545,126.47483,122.78316,119.091493,2024-09-26,15:30
2024-09-27 09:30:00,123.5,123.5,120.91,121.42,70250478,48.93026,123.60001,123.18550,1.28087,1.58280,-0.30193861,7.54988,32.72053,22.79894,-55.62145,1.61791,125.81324,122.98516,120.15709,2024-09-27,09:30
2024-09-27 10:30:00,121.433,121.5199,119.82,120.255,47482430,44.60566,123.23279,122.59940,0.96314189,1.45887,-0.49572980,5.54490,16.81162,22.25547,-139.076653,1.62377,125.87670,122.95891,120.041128,2024-09-27,10:30
2024-09-27 11:30:00,120.2592,120.955,119.96,120.83,27820965,47.091229,122.69501,122.24552,0.74910645,1.31692,-0.56781220,12.87447,8.65642,21.75082,-130.97683,1.57886,125.91292,122.93566,119.95841,2024-09-27,11:30
2024-09-27 12:30:00,120.83,121.18,120.2,120.2192,19945637,44.79204,122.32613,121.84025,0.52415312,1.15837,-0.63421242,5.088596,7.83599,21.13160,-125.40439,1.53608,126.011527,122.88112,119.75072,2024-09-27,12:30
2024-09-27 13:30:00,120.2108,120.96,119.35,119.35,24732932,41.67384,121.87372,121.34220,0.27259635,0.98121170,-0.70861535,0,5.98769,20.98694,-150.41170,1.54136,126.15587,122.82707,119.49828,2024-09-27,13:30
2024-09-27 14:30:00,119.37,120.526,119.26,120.5,27723104,46.93712,121.63594,121.17376,0.16413922,0.81779721,-0.65365799,14.75310,6.61390,20.89791,-134.022792,1.52169,126.18943,122.80457,119.41972,2024-09-27,14:30
2024-09-27 15:30:00,120.4801,121.97,120.3801,121.4,27623003,50.68753,121.34380,121.21901,0.14909014,0.68405579,-0.53496565,25.46103,13.40471,19.79468,-68.57930,1.52657,125.98276,122.64632,119.30989,2024-09-27,15:30
2024-09-30 09:30:00,118.75,121.27,118.66,120.090797,66915167,45.63473,120.89500,120.99337,0.031162587,0.55347715,-0.52231456,19.92751,20.047214,19.66677,-109.60692,1.61324,125.89966,122.44960,118.99955,2024-09-30,09:30
2024-09-30 10:30:00,120.099998,120.9738,119.66,120.9738,26449092,49.30529,120.55987,120.98945,0.0088530798,0.44455234,-0.43569926,39.69799,28.36218,19.54800,-76.63358,1.59185,125.75744,122.30844,118.85944,2024-09-30,10:30
2024-09-30 11:30:00,121.065002,121.099998,120.26,120.715,21952911,48.27647,120.48153,120.93456,-0.029372128,0.34976744,-0.37913957,35.49214,31.70588,19.34357,-63.085519,1.53815,125.66797,122.18119,118.69442,2024-09-30,11:30
2024-09-30 12:30:00,120.72,120.81,119.96,120.1007,16099303,45.83188,120.46439,120.76779,-0.10798959,0.25821604,-0.36620563,24.88253,33.35755,19.31918,-72.33642,1.48899,125.54152,122.0062290,118.47094,2024-09-30,12:30
2024-09-30 13:30:00,120.105,120.69,119.18,119.47,21885081,43.40187,120.31328,120.50823,-0.21866601,0.16283963,-0.38150564,13.98961,24.78809,19.71436,-84.88118,1.49049,125.46341,121.81523,118.16705,2024-09-30,13:30
2024-09-30 14:30:00,119.47,120.36,119.19,120.084999,23135879,46.38689,120.29837,120.42359,-0.25382672,0.079506359,-0.33333308,25.53803,21.47006,20.081302,-74.32927,1.46760,125.27168,121.64148,118.011279,2024-09-30,14:30
2024-09-30 15:30:00,120.080002,121.5,119.8197,121.49,22603713,52.54459,120.53614,120.63687,-0.16640200,0.030324688,-0.19672668,58.47100,32.66621,19.44943,-24.21392,1.48279,124.55697,121.43248,118.30799,2024-09-30,15:30
2024-10-01 09:30:00,121.5,122.3899,117.7409,117.8892,70411283,39.89727,120.24605,120.087334,-0.38325379,-0.052391008,-0.33086279,3.18994,29.066322,19.98109,-98.84668,1.70895,124.47663,121.14998,117.82333,2024-10-01,09:30
2024-10-01 10:30:00,117.6,118.47,116.2,117.42,49073519,38.59372,119.80383,119.55387,-0.58621343,-0.15915549,-0.42705794,19.70950,27.12348,21.11932,-194.65922,1.74903,124.37932,120.84990,117.32048,2024-10-01,10:30
2024-10-01 11:30:00,117.41,118.089996,116.9,117.48,32494796,38.86880,119.51374,119.13909,-0.73376016,-0.27407643,-0.45968373,20.67890,14.52611,22.17625,-175.74568,1.70910,124.30955,120.59190,116.87425,2024-10-01,11:30
2024-10-01 12:30:00,117.48,117.6,115.79,115.995,36720338,34.72313,118.96054,118.51028,-0.95945910,-0.41115296,-0.54830614,3.10614,14.49818,23.58557,-208.38404,1.71630,124.068143,120.19018,116.31223,2024-10-01,12:30
2024-10-01 13:30:00,115.9899,117.945,115.89,117.8101,29536695,42.75940,118.63778,118.37024,-0.98056092,-0.52503455,-0.45552637,30.60798,18.13101,24.58670,-150.13766,1.74050,123.43336,119.87419,116.31502,2024-10-01,13:30
2024-10-01 14:30:00,117.814,118.059998,117.24,117.475,24719590,41.73780,118.34603,118.19119,-1.012651,-0.62255778,-0.39009291,25.53066,19.74826,25.41043,-110.31088,1.67475,122.71174,119.54844,116.38514,2024-10-01,14:30
2024-10-01 15:30:00,117.47,117.47,116.72,116.9499,22720466,40.12021,118.066021,117.94293,-1.068140,-0.71167431,-0.35646613,17.57446,24.57103,26.40277,-118.33744,1.60905,122.55860,119.32493,116.091267,2024-10-01,15:30
2024-10-02 09:30:00,116.42,118.75,115.14,118.25,66749149,45.72850,117.86213,118.0043464,-0.99573092,-0.76848563,-0.22724529,42.89715,28.66742,27.93224,-87.66264,1.75197,122.46112,119.22468,115.98825,2024-10-02,09:30
2024-10-02 10:30:00,118.25,119.24,117.63,118.8728,30149593,48.22993,117.57133,118.17804,-0.87797018,-0.79038254,-0.087587639,51.48765,37.31975,28.88007,-25.90757,1.74183,122.28048,119.12682,115.97317,2024-10-02,10:30
2024-10-02 11:30:00,118.88,119.29,118.57,118.985,23327842,48.68875,117.69309,118.33943,-0.76675188,-0.78565641,0.018904531,53.035225,49.14001,29.71085,-4.52839,1.66885,122.17890,119.065115,115.95133,2024-10-02,11:30
2024-10-02 12:30:00,118.99,118.99,117.84,118.3792,17473621,46.30259,117.79967,118.34738,-0.71920279,-0.77236569,0.053162895,44.67929,49.73405,30.78582,-28.42572,1.63179,122.14133,119.016575,115.89182,2024-10-02,12:30
2024-10-02 13:30:00,118.36,118.89,117.76,118.63,17602525,47.45077,117.92744,118.40391,-0.65374687,-0.74864192,0.094895050,48.13856,48.61769,31.81698,-23.56420,1.59594,121.97577,118.92307,115.87038,2024-10-02,13:30
2024-10-02 14:30:00,118.63,119.16,118.48,119.040001,17840580,49.35725,118.26578,118.53113,-0.56230680,-0.71137490,0.14906810,53.79386,48.87057,32.46860,7.44416,1.53052,121.64038,118.80507,115.96977,2024-10-02,14:30
2024-10-02 15:30:00,119.050003,119.38,118.76,118.8399,16622500,48.43369,118.38020,118.59288,-0.50022035,-0.66914399,0.16892364,51.033771,50.98873,32.81975,16.77769,1.46548,121.51614,118.74253,115.96892,2024-10-02,15:30
2024-10-03 09:30:00,120.92,124.36,120.3401,122.26,104618154,61.64408,118.91187,119.32630,-0.17304772,-0.56992473,0.39687702,77.22345,60.68369,31.54167,194.55749,1.75510,121.83259,118.80684,115.78109,2024-10-03,09:30
2024-10-03 10:30:00,122.26,123.16,121.78,122.725,41191049,63.030791,119.55354,120.0060434,0.12234990,-0.43146981,0.55381971,82.26679,70.17467,30.35487,187.85994,1.72831,122.29215,118.90734,115.52253,2024-10-03,10:30
2024-10-03 11:30:00,122.72,123.33,122.6968,123.040001,24893614,63.98082,120.085767,120.61283,0.37752087,-0.26967167,0.64719255,85.68330,81.72451,29.34309,182.072898,1.65008,122.86239,119.054305,115.24622,2024-10-03,11:30
2024-10-03 12:30:00,123.050003,123.07,121.46,122.7,29056405,62.12508,120.51101,121.030267,0.54601610,-0.10653412,0.65255022,81.99562,83.31524,27.53857,132.62599,1.64722,123.34144,119.21580,115.090172,2024-10-03,12:30
2024-10-03 13:30:00,122.7,123.2,122.382,122.745,20102782,62.28103,120.92879,121.37321,0.67539583,0.049851871,0.62554396,82.48376,83.38756,25.94283,126.99216,1.58799,123.74085,119.34880,114.95676,2024-10-03,13:30
2024-10-03 14:30:00,122.745,122.8799,122.1125,122.1605,18091694,58.88958,121.34893,121.53067,0.72243786,0.18436907,0.53806879,76.14424,80.20787,24.27043,104.38506,1.52938,123.84884,119.38233,114.91582,2024-10-03,14:30
2024-10-03 15:30:00,122.17,123.0,122.155,122.84,18226899,61.51335,121.81671,121.79254,0.80526611,0.30854848,0.49671763,83.51406,80.71402,22.80123,97.57443,1.48049,124.28281,119.62987,114.97693,2024-10-03,15:30
2024-10-04 09:30:00,124.8089,124.83,121.9,122.52,80373372,59.58469,122.20338,121.93803,0.83545618,0.41393002,0.42152616,67.91662,75.85830,22.57097,96.082696,1.58403,124.58419,119.88487,115.18555,2024-10-04,09:30
2024-10-04 10:30:00,122.53,124.099998,122.355,123.59,36945317,63.68478,122.73117,122.26842,0.93494460,0.51813293,0.41681166,82.46102,77.96390,22.35716,91.68184,1.59553,125.017292,120.19037,115.36345,2024-10-04,10:30
2024-10-04 11:30:00,123.58,124.35,123.26,123.83,25045462,64.55342,122.90561,122.58074,1.021382,0.61878284,0.40259962,85.85573,78.74446,22.30485,94.40348,1.55942,125.25272,120.58212,115.91152,2024-10-04,11:30
2024-10-04 12:30:00,123.83,124.49,123.77,124.035004,18530654,65.31655,123.051166,122.87159,1.093818,0.71378991,0.38002827,88.75533,85.69069,22.34091,93.43980,1.49946,125.61297,120.89336,116.17376,2024-10-04,12:30
2024-10-04 13:30:00,124.040001,124.6,123.76,124.5934,22292813,67.37680,123.22377,123.21595,1.18265,0.80756172,0.37508727,96.27397,90.29501,22.44405,92.29305,1.45235,125.95767,121.24928,116.54090,2024-10-04,13:30
2024-10-04 14:30:00,124.59,124.7,124.3,124.555,18383132,67.081707,123.42988,123.48376,1.23571,0.89319041,0.34251475,95.46950,93.49960,22.60632,93.43152,1.37719,126.11052,121.62954,117.14856,2024-10-04,14:30
2024-10-04 15:30:00,124.555,125.019997,124.48,124.89,24014244,68.38273,123.66821,123.76501,1.28991,0.97253530,0.31737955,97.22222,96.32190,22.97423,99.64965,1.31739,126.37517,121.96154,117.54791,2024-10-04,15:30
2024-10-07 09:30:00,124.95,127.81,124.95,127.245,80097596,75.66431,124.23316,124.46101,1.50555,1.079138,0.42641213,91.10244,94.59805,24.73488,161.44175,1.43186,127.11873,122.38015,117.64157,2024-10-07,09:30
2024-10-07 10:30:00,127.245,128.61,126.51,128.5992,47996805,78.70182,124.87307,125.28865,1.76537,1.21638,0.54898165,99.84891,96.057855,26.66261,191.52463,1.47958,128.053132,122.86086,117.66859,2024-10-07,10:30
2024-10-07 11:30:00,128.5999,129.64999,128.55,129.5563,46157340,80.54966,125.65488,126.14218,2.025156,1.37814,0.64701815,98.85606,96.60247,28.79318,209.42597,1.45247,128.95679,123.41971,117.88264,2024-10-07,11:30
2024-10-07 12:30:00,129.5594,129.7,128.81,129.4297,29126052,79.56629,126.30373,126.79968,2.19552,1.54161,0.65390409,96.53469,98.41322,30.78739,181.72668,1.41229,129.62790,123.95970,118.29150,2024-10-07,12:30
2024-10-07 13:30:00,129.4498,130.64,129.17,129.73,49595566,80.18424,126.95929,127.38575,2.32793,1.69888,0.62905073,89.58806,94.99293,32.92787,168.98138,1.41641,130.22171,124.49420,118.76669,2024-10-07,13:30
2024-10-07 14:30:00,129.73,129.77991,127.94,128.245,43181861,69.061589,127.42707,127.55760,2.28668,1.81644,0.47023963,72.59720,86.23998,33.58025,112.54557,1.44666,130.28792,124.96445,119.64099,2024-10-07,14:30
2024-10-07 15:30:00,128.25,128.62,127.52,127.79,26902103,66.038969,127.78224,127.60408,2.19200,1.89155,0.30045240,67.39131,76.52552,33.76991,79.86360,1.42190,130.54825,125.24095,119.93366,2024-10-07,15:30
2024-10-08 09:30:00,130.33,131.88,129.42,131.6398,88240738,75.72145,128.56944,128.41122,2.39995,1.99323,0.40672319,97.47818,79.15556,35.10871,138.88059,1.61248,131.54295,125.68669,119.83044,2024-10-08,09:30
2024-10-08 10:30:00,131.63499,132.92,131.535,131.894,53037326,76.20387,129.34767,129.10778,2.55581,2.10575,0.45006086,89.37887,84.74945,36.62538,143.0026936,1.59623,132.43946,126.12939,119.81933,2024-10-08,10:30
2024-10-08 11:30:00,131.9001,132.575,131.61,132.565,27024947,77.47617,129.93878,129.79922,2.70232,2.22506,0.47725545,96.12450,94.32718,38.033706,128.72149,1.55114,133.31405,126.62264,119.93124,2024-10-08,11:30
2024-10-08 12:30:00,132.56,132.69,131.7,132.050003,21136447,74.19722,130.32220,130.24938,2.74522,2.32909,0.41613046,90.50223,92.0018664,39.37336,112.80985,1.51106,133.92845,127.087895,120.24734,2024-10-08,12:30
2024-10-08 13:30:00,132.064102,132.6306,131.99989,132.61929,17193286,75.43487,130.66253,130.72336,2.79297,2.42187,0.37110113,96.51154,94.37942,40.61732,108.10915,1.44818,134.46377,127.61083,120.75790,2024-10-08,13:30
2024-10-08 14:30:00,132.61501,133.3,132.27,133.28999,32581100,76.84407,131.091454,131.23669,2.85205,2.50790,0.34414669,99.88651,95.63343,41.97190,110.66834,1.41831,135.044852,128.13333,121.22182,2024-10-08,14:30
2024-10-08 15:30:00,133.28999,133.48,132.744,132.936,23691861,74.41760,131.44768,131.57655,2.83760,2.57384,0.26375662,93.62261,96.67355,43.28276,103.29934,1.36957,135.36199,128.65413,121.94628,2024-10-08,15:30
2024-10-09 09:30:00,134.13,134.465,131.38,133.9095,87025783,76.60541,132.077066,132.043141,2.87160,2.63339,0.23820409,93.017013,95.50871,43.0069913,99.41987,1.49210,135.82782,129.17011,122.51240,2024-10-09,09:30
2024-10-09 10:30:00,133.905,133.96001,132.50999,133.14059,36984056,71.41076,132.67158,132.26263,2.80417,2.66755,0.13662329,80.93014,89.18992,42.75092,90.59042,1.48910,136.031563,129.63564,123.23972,2024-10-09,10:30
2024-10-09 11:30:00,133.14931,133.42909,131.47,132.30991,31493459,66.18883,132.74603,132.27209,2.65313,2.66467,-0.011539754,68.96918,80.97211,41.48373,64.74071,1.52267,135.99749,130.049385,124.10127,2024-10-09,11:30
2024-10-09 12:30:00,132.30341,132.56,131.67,131.985,20003973,64.21104,132.75614,132.21467,2.47863,2.62746,-0.14882850,64.29092,71.39675,40.30705,50.21562,1.47748,135.86226,130.41896,124.97567,2024-10-09,12:30
2024-10-09 13:30:00,131.9846,132.67999,131.48,132.63091,21393569,66.36288,132.76347,132.29792,2.36520,2.57501,-0.20981050,73.59120,68.95043,39.023037,50.40625,1.45766,135.62677,130.82276,126.018747,2024-10-09,13:30
2024-10-09 14:30:00,132.64,132.69,132.12,132.3309,17609317,64.42530,132.79468,132.30451,2.22544,2.50509,-0.27965556,69.27150,69.051205,37.83748,49.49629,1.39425,135.18733,131.19481,127.20228,2024-10-09,14:30
2024-10-09 15:30:00,132.33501,132.84,132.31,132.625,16425633,65.48906,132.79531,132.36861,2.11404,2.42688,-0.31284288,63.52831,68.79700,36.84312,53.23045,1.33252,135.060984,131.46381,127.86663,2024-10-09,15:30
2024-10-10 09:30:00,131.52,134.28999,131.3019,134.265,73574479,70.74282,132.90365,132.74789,2.13350,2.36820,-0.23470880,93.67719,75.49233,36.82597,81.028367,1.45078,135.28925,131.74710,128.20494,2024-10-10,09:30
2024-10-10 10:30:00,134.25999,134.77,133.46001,134.080093,37325114,69.45891,133.030767,133.014330,2.10968,2.31650,-0.20682278,80.10700,79.10416,37.064142,119.061433,1.44072,135.50469,131.97328,128.44188,2024-10-10,10:30
2024-10-10 11:30:00,134.085007,135.0,133.94009,134.3847,27402661,70.41160,133.083567,133.28840,2.091271,2.27145,-0.18018186,83.36187,85.71535,37.40557,139.83104,1.41352,135.69873,132.22103,128.74334,2024-10-10,11:30
2024-10-10 12:30:00,134.37,134.89999,133.95,134.7957,25312958,71.69456,133.26747,133.58986,2.085805,2.23432,-0.14851805,94.47555,85.98147,37.72262,140.94882,1.38041,135.92721,132.47432,129.021427,2024-10-10,12:30
2024-10-10 13:30:00,134.81,134.98,134.13,134.34,18223135,68.16529,133.49303,133.73989,2.021401,2.19174,-0.17033808,82.15292,86.66345,38.063637,128.79909,1.34252,135.72350,132.77907,129.83464,2024-10-10,13:30
2024-10-10 14:30:00,134.33141,134.75,133.52,134.645,26083908,69.25615,133.78859,133.92091,1.97224,2.14784,-0.17560181,90.40060,89.0096922,37.52137,111.68654,1.33449,135.10120,133.12182,131.14244,2024-10-10,14:30
2024-10-10 15:30:00,134.64,134.85001,134.164,134.8,17638828,69.82208,134.029600,134.096731,1.92361,2.10299,-0.17938545,94.59191,89.048478,37.090748,122.76110,1.28817,135.26530,133.27983,131.29436,2024-10-10,15:30
2024-10-11 09:30:00,134.020004,135.78,133.66,135.0298,62079200,70.68370,134.32948,134.28334,1.88192,2.058777,-0.17686073,83.24741,89.41331,37.31809,123.098032,1.34758,135.45457,133.43662,131.41867,2024-10-11,09:30
2024-10-11 10:30:00,135.029907,135.42999,134.17999,134.9501,29731851,69.93791,134.58782,134.41670,1.82145,2.011311,-0.18986248,81.46771,86.43568,37.52920,108.30399,1.34061,135.63467,133.55588,131.47708,2024-10-11,10:30
2024-10-11 11:30:00,134.9415,135.25,134.67999,135.12,17430163,70.64886,134.68282,134.55736,1.76687,1.96242,-0.19555349,85.26154,83.32555,37.72523,106.020545,1.28557,135.77406,133.70937,131.64469,2024-10-11,11:30
2024-10-11 12:30:00,135.13,135.14999,134.67,134.85001,12064169,67.90063,134.76837,134.61589,1.68243,1.90643,-0.22399037,79.23244,81.98723,37.89004,86.94124,1.22803,135.87900,133.82091,131.76283,2024-10-11,12:30
2024-10-11 13:30:00,134.84,135.1499,134.77,134.899,11584827,68.14282,134.82551,134.67251,1.60102,1.84534,-0.24432581,80.32657,81.60685,38.043088,81.87965,1.16745,135.99562,133.90136,131.80711,2024-10-11,13:30
2024-10-11 14:30:00,134.89999,134.97,134.56,134.82001,12431698,67.26168,134.82821,134.70201,1.51268,1.77881,-0.26612862,78.56254,79.37385,37.78338,65.0076874,1.11334,136.077102,133.99556,131.91402,2024-10-11,14:30
2024-10-11 15:30:00,134.81911,134.92999,134.685,134.75,11468505,66.44171,134.87377,134.71161,1.42065,1.70718,-0.28652809,76.99922,78.62944,37.54223,60.40275,1.051319,136.14427,134.037586,131.93091,2024-10-11,15:30
2024-10-14 09:30:00,136.42999,139.53,136.3,139.315,80017009,81.91976,135.39266,135.63229,1.69652,1.70505,-0.0085300383,96.45805,84.0066035,39.68469,271.15293,1.31765,137.42302,134.34631,131.26959,2024-10-14,09:30
2024-10-14 10:30:00,139.3,139.60001,137.72,138.020004,35806055,71.80238,135.75044,136.10983,1.79001,1.72204,0.067972565,74.013136,82.49013,41.69316,248.80073,1.35782,137.94994,134.63181,131.31369,2024-10-14,10:30
2024-10-14 11:30:00,138.020004,138.52,137.42999,138.5,22565261,73.12716,136.13601,136.58786,1.88116,1.75386,0.12729237,81.90780,84.12633,43.13467,201.52182,1.33869,138.44711,134.95756,131.46801,2024-10-14,11:30
2024-10-14 12:30:00,138.49001,138.7399,138.14,138.59,16453146,73.37970,136.54045,136.98829,1.93831,1.79075,0.14755372,83.38800,79.76965,44.54958,172.96534,1.28592,138.91312,135.25552,131.59791,2024-10-14,12:30
2024-10-14 13:30:00,138.59,138.99001,138.49001,138.6908,13863861,73.67806,136.93720,137.32879,1.96903,1.82641,0.14262499,85.045889,83.44723,45.95132,145.98511,1.22978,139.26447,135.57351,131.88255,2024-10-14,13:30
2024-10-14 14:30:00,138.7,139.050003,138.41,138.74001,19238805,73.83225,137.36942,137.61103,1.97459,1.85605,0.11854854,85.52188,84.65192,47.12031,121.049749,1.18766,139.55565,135.87926,132.20287,2024-10-14,14:30
2024-10-14 15:30:00,138.74001,138.89999,137.86,138.14011,20398623,68.55954,137.72955,137.71685,1.90859,1.86655,0.042038002,75.42257,81.99678,47.30998,89.042147,1.17711,139.79683,136.073016,132.34920,2024-10-14,15:30
2024-10-15 09:30:00,137.58,138.57001,131.86,132.11,98327499,38.66713,137.42843,136.59548,1.35410,1.76406,-0.40996530,3.22997,54.72481,45.46572,-70.046219,1.57232,139.99629,135.97451,131.95273,2024-10-15,09:30
2024-10-15 10:30:00,132.1044,132.81799,128.74001,131.79601,96019919,37.74429,137.10021,135.63558,0.87918547,1.58709,-0.70790223,28.13996,35.59750,44.93305,-170.37823,1.75129,140.21477,135.84508,131.47539,2024-10-15,10:30
2024-10-15 11:30:00,131.78,132.395,130.0099945,130.83501,43374304,34.99174,136.15799,134.67547,0.42042298,1.35375,-0.93333178,19.29099,16.88697,44.43844,-155.25237,1.79656,140.51913,135.64704,130.77495,2024-10-15,11:30
2024-10-15 12:30:00,130.84,131.7,130.8335,131.080002,27417003,36.26778,135.38688,133.95638,0.075746299,1.098153,-1.022407,21.54693,22.99262,43.97916,-137.43421,1.73013,140.72435,135.48404,130.24373,2024-10-15,12:30
2024-10-15 13:30:00,131.085007,132.25,130.83,131.84,26669839,40.18977,134.64688,133.53310,-0.13453640,0.85161517,-0.98615157,28.54503,23.12765,43.11625,-114.079214,1.70797,140.81163,135.34379,129.87596,2024-10-15,13:30
2024-10-15 14:30:00,131.83,132.19,130.645,131.1909,28013192,38.036823,133.82476,133.064660,-0.34953416,0.61138530,-0.96091947,22.56811,24.22002,42.39175,-112.31489,1.69633,140.92156,135.16334,129.40512,2024-10-15,14:30
2024-10-15 15:30:00,131.2,131.98,130.64999,131.61,26366584,40.26199,133.038003,132.77373,-0.48056410,0.39299542,-0.87355953,26.42721,25.84679,41.71901,-100.041708,1.67017,140.95572,134.99235,129.028973,2024-10-15,15:30
2024-10-16 09:30:00,133.955,134.64999,131.58,134.422,76813534,52.56948,132.55822,133.10338,-0.35342757,0.24371082,-0.59713839,52.32036,33.77189,39.10937,-38.19657,1.77015,140.93450,134.96594,128.99738,2024-10-16,09:30
2024-10-16 10:30:00,134.44,134.78,132.673,134.16,40168282,51.50479,132.11599,133.31471,-0.27069127,0.14083041,-0.41152167,52.57031,43.77263,36.60470,-27.52477,1.79421,140.89621,134.91794,128.93967,2024-10-16,10:30
2024-10-16 11:30:00,134.16,134.34,133.74001,134.22,22304078,51.74581,132.35044,133.49577,-0.19799845,0.073064636,-0.27106308,53.15225,52.68098,34.27893,-20.097258,1.70891,140.87244,134.88644,128.90044,2024-10-16,11:30
2024-10-16 12:30:00,134.22009,135.696,134.13,135.47701,27949316,56.61125,132.75944,133.89201,-0.038515182,0.050748673,-0.089263855,65.34434,57.022301,32.40309,6.074280,1.69870,140.90689,134.91534,128.92380,2024-10-16,12:30
2024-10-16 13:30:00,135.48,136.44,135.47,136.42,30790484,59.87946,133.37999,134.39761,0.16209954,0.073018846,0.089080692,74.49073,64.32911,31.082435,30.085264,1.64665,141.022279,134.99534,128.96840,2024-10-16,13:30
2024-10-16 14:30:00,136.425,136.62,135.91,136.026001,26041553,57.91653,133.92955,134.72329,0.28599905,0.11561489,0.17038416,71.71264,70.51590,29.95712,29.59919,1.57975,141.10134,135.059142,129.016948,2024-10-16,14:30
2024-10-16 15:30:00,136.029999,136.070007,135.31059,135.7099,19418534,56.32132,134.35953,134.92061,0.35459603,0.16341111,0.19118491,70.90430,72.36922,28.45387,21.80980,1.52115,140.60954,134.87889,129.14823,2024-10-16,15:30
2024-10-17 09:30:00,139.35001,140.89,137.375,139.6006,121786439,68.0031107,135.29395,135.85661,0.71466845,0.27366258,0.44100587,89.38766,77.33487,29.17349,113.74672,1.78251,140.89938,134.95792,129.016454,2024-10-17,09:30
2024-10-17 10:30:00,139.605,139.74001,138.39,139.64999,40698586,68.11968,136.18728,136.61529,0.99257226,0.41744452,0.57512775,88.60290,82.96495,29.84172,109.19799,1.75161,141.11309,135.015416,128.91774,2024-10-17,10:30
2024-10-17 11:30:00,139.64999,140.252,139.22,139.4601,32335890,67.10744,136.74707,137.18425,1.18384,0.57072430,0.61311914,86.042930,88.011163,30.63132,114.97060,1.70021,141.26936,135.058921,128.84848,2024-10-17,11:30
2024-10-17 12:30:00,139.465,139.67999,138.8934,139.5399,21696482,67.32717,137.34483,137.65538,1.32657,0.72189440,0.60468037,86.82188,87.15590,31.10511,106.084924,1.63495,141.42119,135.10138,128.78156,2024-10-17,12:30
2024-10-17 13:30:00,139.535,139.92,138.31,138.664,23245295,62.40006,137.83861,137.85710,1.35341,0.84819777,0.50521349,78.27234,83.71238,31.081879,95.39306,1.63317,141.40872,135.097576,128.78643,2024-10-17,13:30
2024-10-17 14:30:00,138.66499,138.98,137.91,137.92619,23161284,58.51546,138.11074,137.87092,1.30016,0.93858962,0.36156740,71.056596,78.71694,30.74544,78.49902,1.59294,141.37806,135.086880,128.79570,2024-10-17,14:30
2024-10-17 15:30:00,137.95,138.17,136.87,136.92,23689363,53.61361,138.16630,137.68074,1.16335,0.98354184,0.17980889,57.35766,68.89553,29.65460,50.11713,1.57202,141.51182,135.32738,129.14294,2024-10-17,15:30
2024-10-18 09:30:00,138.71001,138.89999,137.38,138.2227,59459699,58.46486,138.41038,137.78913,1.14683,1.016199,0.13062905,67.53926,65.31784,29.011167,64.12650,1.60116,141.73285,135.64872,129.56458,2024-10-18,09:30
2024-10-18 10:30:00,138.2211,138.35001,137.45,137.965,21659549,57.19062,138.66094,137.82430,1.10026,1.033011,0.067245619,59.090831,61.32925,28.41370,52.56408,1.55108,141.74516,136.0052147,130.26527,2024-10-18,10:30
2024-10-18 11:30:00,137.98,138.10001,137.28,137.554,15798333,55.12705,138.43354,137.77024,1.018444,1.030097,-0.011653544,50.65087,59.093654,27.71878,39.88963,1.49886,141.63514,136.32891,131.022686,2024-10-18,11:30
2024-10-18 12:30:00,137.55,138.67,137.53,138.34,19479007,58.23101,138.28799,137.88419,1.0054397,1.025166,-0.019725916,54.29616,54.67929,27.39560,49.31492,1.47323,141.60491,136.65391,131.70292,2024-10-18,12:30
2024-10-18 13:30:00,138.34,138.5,138.0099945,138.27,12656560,57.84727,138.15575,137.96136,0.97821011,1.015775,-0.037564427,53.041690,52.66291,27.095506,46.41865,1.40300,141.31655,137.0078697,132.69919,2024-10-18,13:30
2024-10-18 14:30:00,138.265,138.33,137.87,138.1801,13544144,57.32472,138.0046658,138.0051044,0.93855678,1.00033098,-0.061774206,51.43032,52.92272,26.68000,36.12103,1.33564,140.88327,137.33637,133.78948,2024-10-18,14:30
2024-10-18 15:30:00,138.185,138.185,137.89,137.98,12321477,56.10980,137.92867,138.000082636,0.88083085,0.97643096,-0.095600102,27.61193,44.027979,26.29417,25.97208,1.26131,140.80638,137.51427,134.22216,2024-10-18,15:30
2024-10-21 09:30:00,138.145,141.8,138.0099945,141.42999,78715899,68.50378,138.31798,138.68606,1.10078,1.0013007,0.099478808,92.49473,57.17899,27.72255,139.72263,1.44407,141.21331,137.87777,134.54224,2024-10-21,09:30
2024-10-21 10:30:00,141.4301,141.53,139.94,140.355,37727208,62.57435,138.69964,139.019851,1.17480,1.036001,0.13880318,70.68955,63.59874,29.048904,150.0021964,1.45450,141.23426,138.18452,135.13479,2024-10-21,10:30
2024-10-21 11:30:00,140.35001,141.55,140.285,141.076797,22578413,64.77879,139.016764,139.43124,1.27699,1.084200,0.19279332,85.33054,82.83827,30.28832,152.41637,1.44096,141.49671,138.46451,135.43232,2024-10-21,11:30
2024-10-21 12:30:00,141.089096,141.7,140.69,141.53571,17172594,66.14417,139.41351,139.85213,1.37911,1.14318,0.23592875,94.63900,83.55303,31.50111,149.72366,1.41018,141.87988,138.72030,135.56072,2024-10-21,12:30
2024-10-21 13:30:00,141.535,142.46001,141.53,142.069901,30023012,67.71321,139.91528,140.29569,1.48601,1.21175,0.27426633,93.021370,90.99697,32.93261,167.48631,1.37588,142.24891,139.022494,135.79607,2024-10-21,13:30
2024-10-21 14:30:00,142.060104,142.61,141.78,142.47,21972410,68.87664,140.37417,140.73055,1.58475,1.28635,0.29840430,97.56099,95.073788,34.32049,163.026103,1.33689,142.54408,139.36050,136.17692,2024-10-21,14:30
2024-10-21 15:30:00,142.48,143.71001,142.14,143.7,27144345,72.19387,140.97750,141.32444,1.74217,1.37751,0.36465871,99.84433,96.80890,36.010713,169.97299,1.35354,143.26977,139.56547,135.86116,2024-10-21,15:30
2024-10-22 09:30:00,142.27,144.42,141.78,143.52,79487923,71.0012815,141.57082,141.76355,1.83129,1.46827,0.36302444,87.39504,94.93345,37.80769,143.51780,1.44543,143.84533,139.75897,135.67261,2024-10-22,09:30
2024-10-22 10:30:00,143.52,143.75,142.33,143.2601,32440573,69.22307,142.15750,142.062862,1.85952,1.54652,0.31299742,83.75494,90.33144,39.47630,118.054246,1.44361,144.30645,139.94897,135.59149,2024-10-22,10:30
2024-10-22 11:30:00,143.26601,143.49001,142.53,142.61501,17057980,64.87974,142.28917,142.17329,1.80898,1.59901,0.20996578,73.80272,81.65090,41.025732,96.50597,1.40907,144.60619,140.10272,135.59926,2024-10-22,11:30
2024-10-22 12:30:00,142.62,143.42,141.96001,143.41991,21629451,67.61048,142.62971,142.42261,1.81297,1.64180,0.17116982,84.73143,80.76303,41.65136,88.43153,1.41271,145.014036,140.34052,135.66700,2024-10-22,12:30
2024-10-22 13:30:00,143.4198,144.059906,143.3,143.35001,22305926,67.12237,142.88229,142.60809,1.78987,1.67142,0.11845137,83.66425,80.73280,42.51450,99.46259,1.36608,145.32267,140.61171,135.90075,2024-10-22,13:30
2024-10-22 14:30:00,143.36,143.75,143.1115,143.74001,17050545,68.48924,143.12721,142.83447,1.78248,1.69363,0.088849905,89.58663,85.99411,43.048571,90.36245,1.31411,145.53087,140.95271,136.37455,2024-10-22,14:30
2024-10-22 15:30:00,143.74001,143.86,143.45,143.57001,14702197,67.17819,143.29389,142.98158,1.74282,1.70347,0.039349246,86.73962,86.66350,43.59834,85.85227,1.24953,145.75363,141.22008,136.68653,2024-10-22,15:30
2024-10-23 09:30:00,142.014999,142.42999,138.25999,140.34,85128048,48.27101,143.057226,142.45326,1.43421,1.64962,-0.21540149,33.76624,70.030832,41.52946,-31.59205,1.53956,145.64376,141.33883,137.033890,2024-10-23,09:30
2024-10-23 10:30:00,140.35001,141.41,139.6201,139.73199,40222146,45.66562,142.61634,141.90901,1.12759,1.54521,-0.41762310,23.89609,48.13399,39.60835,-42.84478,1.55745,145.46474,141.44773,137.43071,2024-10-23,10:30
2024-10-23 11:30:00,139.71001,140.7,139.35001,139.405,25775688,44.28132,142.15911,141.40821,0.84841679,1.40585,-0.55743469,18.58772,25.41669,37.98001,-66.41134,1.54263,145.37758,141.50098,137.62437,2024-10-23,11:30
2024-10-23 12:30:00,139.39999,139.87,137.7,138.4388,31996546,40.38569,141.62341,140.81433,0.54294916,1.23327,-0.69032186,10.99405,17.82595,37.32188,-116.20552,1.58744,145.35848,141.50942,137.66035,2024-10-23,12:30
2024-10-23 13:30:00,138.4308,138.5,137.46001,138.44501,27671609,40.42197,141.16008,140.34046,0.29793062,1.046203,-0.74827232,14.15232,14.57803,36.82276,-138.63558,1.54834,145.32738,141.52266,137.71795,2024-10-23,13:30
2024-10-23 14:30:00,138.44501,139.24001,138.22,138.92,30472018,43.26593,140.66009,140.056369,0.14046032,0.86505441,-0.72459410,20.97691,15.37443,35.72512,-115.50585,1.51060,145.21818,141.56966,137.92114,2024-10-23,14:30
2024-10-23 15:30:00,138.925,139.85989,138.64,139.57001,20135088,46.99478,140.24009,139.95910,0.067338042,0.70551114,-0.63817310,30.31614,21.81513,34.20362,-86.13661,1.48983,145.22805,141.47666,137.72527,2024-10-23,15:30
2024-10-24 09:30:00,140.82001,141.35001,138.46001,138.53,57260778,42.21409,139.66120,139.67328,-0.073682519,0.54967241,-0.62335493,16.21225,22.50177,31.79551,-77.19816,1.58985,145.32553,141.38541,137.44529,2024-10-24,09:30
2024-10-24 10:30:00,138.53999,140.029694,138.52,139.705,26348227,48.57869,139.23176,139.67962,-0.089596590,0.42181861,-0.51141520,34.015597,26.84799,29.55941,-71.82661,1.58412,145.32325,141.31682,137.31040,2024-10-24,10:30
2024-10-24 11:30:00,139.7,139.85001,138.78999,139.425,17309886,47.24335,139.13009,139.62870,-0.12337992,0.31277890,-0.43615882,29.77313,26.66699,27.48303,-66.81220,1.54668,145.29945,141.21129,137.12312,2024-10-24,11:30
2024-10-24 12:30:00,139.42999,140.059998,139.145,139.537,14765867,47.86074,139.10842,139.61036,-0.13950787,0.22232155,-0.36182942,31.47011,31.75295,25.71438,-53.41247,1.50156,145.21528,141.084642,136.95401,2024-10-24,12:30
2024-10-24 13:30:00,139.53999,140.14,139.25999,139.85719,12461923,49.67394,139.15867,139.65973,-0.12501164,0.15285491,-0.27786655,37.45607,32.89977,24.13540,-43.21200,1.45717,145.066345,140.95400,136.84166,2024-10-24,13:30
2024-10-24 14:30:00,139.87601,140.53999,139.60001,140.53,14405766,53.34544,139.39102,139.83378,-0.058558438,0.11057224,-0.16913068,47.96867,38.96495,22.99140,-22.32809,1.42022,144.71197,140.79550,136.87903,2024-10-24,14:30
2024-10-24 15:30:00,140.52499,140.84,140.25,140.39999,13277656,52.54771,139.60824,139.94702,-0.016197393,0.085218315,-0.10141571,59.15484,48.19319,22.16813,-7.16088,1.36092,144.35273,140.63950,136.92627,2024-10-24,15:30
2024-10-25 09:30:00,140.94,143.55,140.8,143.4501,59197655,65.56024,140.11159,140.64764,0.26048965,0.12027258,0.14021707,98.35962,68.49438,23.058072,85.40001,1.48871,144.38987,140.64900,136.90813,2024-10-25,09:30
2024-10-25 10:30:00,143.46001,144.11,143.020004,143.7299,30500802,66.46863,140.57380,141.26409,0.49661897,0.19554186,0.30107711,94.28426,83.93290,24.14134,124.0017921,1.46023,144.59153,140.70475,136.81797,2024-10-25,10:30
2024-10-25 11:30:00,143.74001,144.050003,143.31,143.62,21348925,65.73517,141.13936,141.73527,0.66719342,0.28987217,0.37732125,92.63149,95.091788,25.14722,120.29089,1.40879,144.63036,140.71475,136.79915,2024-10-25,11:30
2024-10-25 12:30:00,143.6199,143.63,142.50999,142.5199,16722765,58.74744,141.45212,141.89220,0.70547395,0.37299253,0.33248142,76.088652,87.66813,25.25650,92.84014,1.38816,144.49265,140.67325,136.85384,2024-10-25,12:30
2024-10-25 13:30:00,142.50999,142.74001,140.942,141.9599,31614170,55.51249,141.73378,141.90574,0.68275406,0.43494484,0.24780923,63.49574,77.40529,24.0016840,58.27133,1.41744,144.19066,140.58424,136.97782,2024-10-25,13:30
2024-10-25 14:30:00,141.96001,142.2999,141.675,141.9429,15965833,55.41274,142.0010986,141.91317,0.65581692,0.47911925,0.17669767,61.64422,67.076205,22.83650,71.85345,1.36083,143.90377,140.50288,137.10200,2024-10-25,14:30
2024-10-25 15:30:00,141.94501,142.19,141.38,141.47,13457139,52.58208,142.18030,141.82454,0.58951437,0.50119828,0.088316096,53.27430,59.47142,21.51092,51.49895,1.32148,143.98503,140.55938,137.13374,2024-10-25,15:30
2024-10-28 09:30:00,142.3698,142.39,140.89,141.46001,50583546,52.52101,142.28363,141.75163,0.53005254,0.50696913,0.023083409,52.59400,55.83751,20.068171,42.31775,1.33423,144.070763,140.64579,137.22081,2024-10-28,09:30
2024-10-28 10:30:00,141.4649,141.7,140.78999,141.015396,25699061,49.75297,142.35201,141.60438,0.44195763,0.49396683,-0.052009196,41.83082,49.23304,18.81057,20.72676,1.30393,144.10624,140.72631,137.34637,2024-10-28,10:30
2024-10-28 11:30:00,141.029999,141.070007,140.050003,140.53999,23088092,46.90629,142.028666,141.39151,0.32997698,0.46116886,-0.13119188,28.096476,40.84043,18.23449,-12.32271,1.28365,144.046984,140.83137,137.61575,2024-10-28,11:30
2024-10-28 12:30:00,140.53999,141.28,140.17999,141.17,15707963,50.91440,141.74423,141.34720,0.28873923,0.42668293,-0.13794370,39.38147,36.43626,17.49944,-3.63558,1.27053,143.99250,140.96761,137.94273,2024-10-28,12:30
2024-10-28 13:30:00,141.17999,141.49001,141.0099945,141.24001,13475289,51.35387,141.47979,141.32576,0.25872461,0.39309127,-0.13436666,36.36367,34.61387,16.61240,10.26814,1.21407,143.95979,141.083615,138.20744,2024-10-28,13:30
2024-10-28 14:30:00,141.24001,141.33,140.73,141.2307,12228507,51.28813,141.33654,141.30675,0.23151794,0.36077660,-0.12925866,29.081165,34.94210,16.037443,-3.58810,1.17021,143.95788,141.16665,138.37542,2024-10-28,14:30
2024-10-28 15:30:00,141.235,141.33,140.39999,140.61,13105912,46.96955,141.18656,141.16740,0.15804950,0.32023118,-0.16218168,13.79305,26.41263,15.79414,-29.038701,1.15305,143.80428,141.27065,138.73702,2024-10-28,15:30
2024-10-29 09:30:00,140.25,140.73,138.89999,140.33,41937597,45.12373,141.0073446,140.99992,0.076351542,0.27145526,-0.19510371,27.44733,23.44052,16.68429,-85.22340,1.20140,143.77214,141.30190,138.83166,2024-10-29,09:30
2024-10-29 10:30:00,140.33,141.11,140.2,141.038895,19797823,50.43455,140.95944,141.0077159,0.068022920,0.23076879,-0.16274587,41.53198,27.59079,17.084658,-38.54372,1.18059,143.70322,141.38259,139.061965,2024-10-29,10:30
2024-10-29 11:30:00,141.039993,142.0,140.7,141.6801,18855359,54.70459,140.98390,141.14219,0.11187270,0.20698957,-0.095116871,58.77588,42.58506,16.53912,3.47427,1.18912,143.65212,141.48975,139.32738,2024-10-29,11:30
2024-10-29 12:30:00,141.696,141.85001,141.19791,141.485,14274390,53.20273,141.036077,141.21075,0.12938959,0.19146957,-0.062079982,67.31768,55.87518,16.032540,0.66512635,1.15076,143.60001,141.57114,139.54227,2024-10-29,12:30
2024-10-29 13:30:00,141.5,141.7599,141.25,141.7,10575850,54.67933,141.16497,141.30860,0.15878984,0.18493363,-0.026143791,80.22919,68.77425,15.56215,-0.044794339,1.10498,143.60173,141.62964,139.65755,2024-10-29,13:30
2024-10-29 14:30:00,141.69,142.255,141.62,142.089996,14725585,57.31069,141.26719,141.46488,0.21112571,0.19017204,0.020953663,91.40394,79.65027,14.59373,32.10779,1.071414,143.61166,141.71414,139.81662,2024-10-29,14:30
2024-10-29 15:30:00,142.085007,142.13879,141.020004,141.2,13662138,50.15419,141.26274,141.41190,0.17872650,0.18788293,-0.0091564355,65.90256,79.17856,14.26506,-13.66466,1.074798,143.33371,141.60163,139.86956,2024-10-29,15:30
2024-10-30 09:30:00,139.44,139.91499,136.81,139.37,61262191,39.29007,141.055998,141.0035227,0.0053226832,0.15137088,-0.14604820,47.015503,68.10733,16.41051,-255.96554,1.31160,143.086619,141.38364,139.68066,2024-10-30,09:30
2024-10-30 10:30:00,139.37,140.17999,138.83,140.1799,19613802,44.97132,141.0082092,140.83880,-0.065987778,0.10789915,-0.17388693,61.88979,58.26928,18.14308,-141.74043,1.31434,142.65085,141.21163,139.77242,2024-10-30,10:30
2024-10-30 11:30:00,140.17,140.17999,139.47,139.55499,14023471,41.72669,140.92210,140.58204,-0.17095605,0.052128112,-0.22308416,50.41307,53.10612,19.75190,-123.57342,1.27117,142.54326,141.063389,139.58352,2024-10-30,11:30
2024-10-30 12:30:00,139.5699,140.33,139.36,139.8299,11934951,43.65266,140.78776,140.43161,-0.22931839,-0.0041611891,-0.22515720,55.46177,55.92154,21.082363,-99.76579,1.24966,142.46957,140.95689,139.44421,2024-10-30,12:30
2024-10-30 13:30:00,139.8092,140.28,138.96001,139.97,14964589,44.65661,140.59775,140.33929,-0.26125400,-0.055579752,-0.20567425,58.034884,54.63657,22.51422,-96.88290,1.25468,142.35812,140.85824,139.35837,2024-10-30,13:30
2024-10-30 14:30:00,139.96001,140.16,139.32001,139.42,12164956,41.52855,140.36831,140.15543,-0.32717241,-0.10989828,-0.21727413,47.93383,53.81016,23.84380,-92.79312,1.22506,142.35151,140.75574,139.15998,2024-10-30,14:30
2024-10-30 15:30:00,139.41499,139.99001,139.13,139.17999,14161047,40.20509,140.088308,139.96034,-0.39423516,-0.16676566,-0.22746950,43.52602,49.83158,25.17932,-97.52003,1.19899,142.34229,140.64174,138.94119,2024-10-30,15:30
2024-10-31 09:30:00,137.61,137.61,132.3701,133.81,82190143,22.74179,139.16831,138.73027,-0.87066018,-0.30754456,-0.56311562,14.56661,35.34216,28.38536,-350.37464,1.59977,143.69897,140.28147,136.86397,2024-10-31,09:30
2024-10-31 10:30:00,133.81,134.17999,133.020004,133.83051,31508825,22.87956,138.34948,137.75032,-1.23237,-0.49250958,-0.73986006,14.77408,24.28891,31.36241,-297.12240,1.56835,144.36627,139.94600,135.52573,2024-10-31,10:30
2024-10-31 11:30:00,133.82001,133.94,132.3,133.58501,27723566,22.36541,137.70670,136.91726,-1.52130,-0.69826768,-0.82303240,12.90812,14.082938,34.24625,-232.56590,1.57347,144.73939,139.56675,134.39410,2024-10-31,11:30
2024-10-31 12:30:00,133.58,133.84,133.23,133.325,14574708,21.80648,136.94504,136.19881,-1.75107,-0.90882911,-0.84224573,10.29627,12.65949,36.92411,-172.21782,1.50465,144.94696,139.17100,133.39504,2024-10-31,12:30
2024-10-31 13:30:00,133.325,133.42999,132.50999,132.64529,17674160,20.37314,136.17730,135.48810,-1.96536,-1.12014,-0.84522779,3.46852,8.89097,39.53354,-151.77924,1.46289,145.089415,138.74173,132.39404,2024-10-31,13:30
2024-10-31 14:30:00,132.6499,134.039993,132.11301,133.6279,26786914,27.76504,135.48819,135.11606,-2.032472,-1.30260,-0.72986902,15.10996,9.62492,41.30492,-117.16759,1.49604,145.051286,138.39262,131.73396,2024-10-31,14:30
2024-10-31 15:30:00,133.63,134.55,132.41,132.69501,25757359,25.35818,134.67986,134.63185,-2.13631,-1.46934,-0.66696284,7.082890,8.55379,42.41903,-100.73661,1.54204,145.046265,138.010873,130.97548,2024-10-31,15:30
2024-11-01 09:30:00,134.66,137.31,134.57001,137.174,61795417,48.45945,134.43030,135.14028,-1.83602,-1.54268,-0.29333684,61.59173,27.92819,41.11618,-30.13155,1.76153,144.72079,137.81763,130.91447,2024-11-01,09:30
2024-11-01 10:30:00,137.19,137.22929,135.9005,137.0063019,33476020,47.86218,134.18878,135.51348,-1.59320,-1.55278,-0.040415650,59.55091,42.74184,39.90639,-18.087132,1.73062,144.26100,137.58394,130.90688,2024-11-01,10:30
2024-11-01 11:30:00,137.0099945,137.13,136.090897,136.39,16481307,45.63601,134.47545,135.68879,-1.43396,-1.52902,0.095054544,52.050569,57.73107,38.78301,-17.31977,1.68123,143.77628,137.32919,130.88210,2024-11-01,11:30
2024-11-01 12:30:00,136.3999,136.685,135.5,136.33,19429424,45.41455,134.75317,135.81703,-1.29765,-1.48275,0.18509259,51.63462,54.41203,38.025952,-20.85263,1.64579,143.19710,137.060689,130.92428,2024-11-01,12:30
2024-11-01 13:30:00,136.325,136.36,134.95,135.474,18874792,42.26341,134.96306,135.74842,-1.24435,-1.43507,0.19071363,41.76704,48.48408,37.58092,-29.83031,1.62894,142.44500,136.72989,131.014777,2024-11-01,13:30
2024-11-01 14:30:00,135.4791,136.080002,135.3311,135.595,14485066,42.86689,135.21528,135.71774,-1.17876,-1.38381,0.20504458,44.20458,45.86875,37.16767,-22.088458,1.56608,141.79843,136.44964,131.10085,2024-11-01,14:30
2024-11-01 15:30:00,135.59,136.029999,135.035004,135.42,14798805,42.18020,135.52358,135.65819,-1.12790,-1.33262,0.20472578,60.16000,48.71054,36.93225,-23.44081,1.52529,141.44443,136.25214,131.059850,2024-11-01,15:30
2024-11-04 09:30:00,137.23,137.9953,135.57001,137.825,60781340,53.26098,135.98992,136.091552,-0.88334365,-1.24277,0.35942458,97.10481,67.15647,35.0048058,33.54126,1.60029,141.065290,136.13439,131.20350,2024-11-04,09:30
2024-11-04 10:30:00,137.81,138.96001,137.21001,138.60609,25903089,56.19709,136.64671,136.59446,-0.61936441,-1.11809,0.49872305,94.83113,84.031982,32.53717,76.25670,1.61099,140.90218,136.086949,131.27171,2024-11-04,10:30
2024-11-04 11:30:00,138.61,138.73,137.029999,137.752,22303822,52.32631,136.71093,136.82597,-0.47361776,-0.98919352,0.51557576,82.35712,91.43102,30.36702,68.74480,1.61734,140.55425,135.98305,131.41186,2024-11-04,11:30
2024-11-04 12:30:00,137.7599,138.080002,137.32001,137.77,15805625,52.40074,136.79579,137.014776,-0.35259511,-0.86187384,0.50927873,82.62009,86.60278,28.35187,72.22380,1.55610,140.15172,135.87305,131.59439,2024-11-04,12:30
2024-11-04 13:30:00,137.765,138.38989,137.64999,137.8799,11550013,52.88425,136.96133,137.18780,-0.24499216,-0.73849750,0.49350534,84.22508,83.067432,26.41301,89.30049,1.49780,139.86699,135.79605,131.72511,2024-11-04,13:30
2024-11-04 14:30:00,137.87,138.14999,137.49001,137.5,14224016,50.95721,137.091332,137.25024,-0.18820117,-0.62843824,0.44023706,77.70983,81.51833,24.57003,86.79832,1.43796,139.56365,135.71205,131.86045,2024-11-04,14:30
2024-11-04 15:30:00,137.5,137.55,136.0,136.080002,18100851,44.43891,137.15867,137.016192,-0.25483828,-0.55371824,0.29887996,34.39624,65.44372,23.94298,33.23653,1.44596,139.57879,135.82555,132.072312,2024-11-04,15:30
2024-11-05 09:30:00,137.42999,139.35001,137.35001,138.7701,44790395,55.93787,137.51145,137.36697,-0.089548308,-0.46088426,0.37133595,86.82025,66.30877,22.47584,108.076334,1.57625,139.91711,136.072530,132.22795,2024-11-05,09:30
2024-11-05 10:30:00,138.7809,139.73,138.73,139.645,18847028,58.91598,137.98090,137.82258,0.11076614,-0.34655418,0.45732032,98.22194,73.14614,21.36407,137.24219,1.53509,140.34145,136.37553,132.40961,2024-11-05,10:30
2024-11-05 11:30:00,139.64999,140.3701,139.62,139.6904,20776294,59.070554,138.18817,138.19614,0.27006662,-0.22323002,0.49329664,87.45960,90.83393,20.74271,147.55690,1.47902,140.65106,136.69380,132.73654,2024-11-05,11:30
2024-11-05 12:30:00,139.6991,139.97,139.35001,139.5601,14092325,58.39147,138.29417,138.46894,0.38140311,-0.10230339,0.48370651,85.055685,90.24574,19.94596,124.063764,1.41766,140.72014,137.039540,133.35894,2024-11-05,12:30
2024-11-05 13:30:00,139.57001,140.0,139.080002,139.82001,14137270,59.39426,138.52395,138.73915,0.48501909,0.015161104,0.46985798,89.68914,87.40147,18.98246,114.96697,1.38211,140.86791,137.34915,133.83038,2024-11-05,13:30
2024-11-05 14:30:00,139.825,139.95,139.25011,139.8734,12962335,59.60960,138.75766,138.96600,0.56493148,0.12511518,0.43981630,90.68988,88.47823,18.087783,111.48058,1.33338,140.67599,137.70807,134.74014,2024-11-05,14:30
2024-11-05 15:30:00,139.86,139.94,139.1293,139.91,14420996,59.76715,138.98322,139.15480,0.62402306,0.22489676,0.39912631,90.41481,90.26461,17.14592,99.36262,1.29605,140.95073,137.84487,134.73900,2024-11-05,15:30
2024-11-06 09:30:00,142.92999,144.63,141.96001,144.065002,78272745,72.75664,139.71267,140.13684,0.99466141,0.37884969,0.61581172,93.45305,91.51924,18.84710,240.71615,1.54062,142.28993,138.19780,134.10567,2024-11-06,09:30
2024-11-06 10:30:00,144.065002,144.31,143.23,144.050003,23301199,72.66543,140.59822,140.91947,1.27252,0.55758292,0.71493295,93.27924,92.38237,20.42677,206.50395,1.50772,143.30889,138.58080,133.85271,2024-11-06,10:30
2024-11-06 11:30:00,144.054993,145.0,143.89999,144.8811,22389081,74.56783,141.27723,141.71180,1.54201,0.75446736,0.78753776,98.67893,95.13707,22.14987,192.72109,1.47859,144.35149,139.0083557,133.66522,2024-11-06,11:30
2024-11-06 12:30:00,144.8813,146.33501,144.67999,146.17,33826579,77.21612,142.0022244,142.60344,1.83839,0.97125159,0.86713693,98.40340,96.78719,24.19503,196.067959,1.49120,145.47313,139.54316,133.61318,2024-11-06,12:30
2024-11-06 13:30:00,146.17,146.23,145.42,146.020004,17108631,76.22140,142.70551,143.28675,2.037682,1.18454,0.85314442,96.95208,98.011471,26.094102,165.73583,1.44254,146.33737,140.064406,133.79144,2024-11-06,13:30
2024-11-06 14:30:00,145.99001,146.49001,145.89999,146.24001,20189742,76.69561,143.44773,143.87740,2.18815,1.38526,0.80289170,97.61678,97.65742,27.94456,141.63204,1.38164,147.046903,140.60541,134.16391,2024-11-06,14:30
2024-11-06 15:30:00,146.24001,146.34,145.32159,145.62,18744290,72.31849,144.092168,144.22592,2.23165,1.55454,0.67710860,90.48129,95.016716,29.054959,110.60321,1.35570,147.65611,140.99516,134.33420,2024-11-06,15:30
2024-11-07 09:30:00,146.40199,148.75,146.17,148.12,61418761,77.81617,145.0084568,145.0047360,2.43972,1.73157,0.70814676,93.71253,93.93686,30.89652,130.18452,1.48243,148.71477,141.47085,134.22693,2024-11-07,09:30
2024-11-07 10:30:00,148.125,148.38,147.28999,147.96181,26539772,76.77712,145.90310,145.59615,2.56232,1.89772,0.66459705,91.84909,92.014302,32.60654,116.71454,1.45440,149.53730,141.98134,134.42539,2024-11-07,10:30
2024-11-07 11:30:00,147.96001,148.2999,147.71001,148.029999,14263951,76.92019,146.34366,146.082920,2.63461,2.045102,0.58951230,92.55428,92.70530,34.19441,106.27421,1.39265,150.22803,142.49434,134.76065,2024-11-07,11:30
2024-11-07 12:30:00,148.029999,148.25,147.45,147.78999,14763668,75.16502,146.75921,146.42433,2.64208,2.16450,0.47758603,90.072318,91.49190,35.37751,93.44539,1.35032,150.74730,142.98985,135.23240,2024-11-07,12:30
2024-11-07 13:30:00,147.785,148.495,147.64999,147.91,16271871,75.46647,147.095756,146.72147,2.62740,2.25708,0.37032242,91.26886,91.29849,36.56768,89.93600,1.31423,151.12009,143.51035,135.90060,2024-11-07,13:30
2024-11-07 14:30:00,147.91499,148.4799,147.56,148.27499,22875030,76.40454,147.32964,147.032174,2.61507,2.32868,0.28639423,95.062664,92.13461,37.56212,86.084033,1.28606,151.18547,144.12010,137.054725,2024-11-07,14:30
2024-11-07 15:30:00,148.27,148.92,148.059998,148.89,16759777,77.93545,147.64853,147.40374,2.62467,2.38788,0.23679451,99.56898,95.30017,38.66572,90.36998,1.25563,151.53415,144.62609,137.71804,2024-11-07,15:30
2024-11-08 09:30:00,148.77,149.75999,146.25999,147.089996,66991864,64.70338,147.74298,147.34099,2.45869,2.40204,0.056651406,59.11181,84.58115,37.68720,65.24616,1.41594,151.58764,144.99834,138.40904,2024-11-08,09:30
2024-11-08 10:30:00,147.080002,147.58,146.35001,147.25,23309931,65.26788,147.92409,147.32279,2.31339,2.38431,-0.070916432,57.16733,71.94938,36.77857,45.95369,1.40266,151.55908,145.37632,139.19356,2024-11-08,10:30
2024-11-08 11:30:00,147.25,147.97,147.13,147.52,15218271,66.24883,147.85742,147.36223,2.19473,2.34639,-0.15166218,55.90572,57.39496,36.17083,54.93468,1.36247,151.40871,145.77432,140.13993,2024-11-08,11:30
2024-11-08 12:30:00,147.515,147.85001,147.22,147.4599,9951775,65.80330,147.80165,147.38177,2.071958,2.29151,-0.21954902,48.17740,53.75015,35.60650,49.74987,1.31015,151.12019,146.15631,141.19243,2024-11-08,12:30
2024-11-08 13:30:00,147.45,147.73,147.1301,147.3,10606342,64.55940,147.72054,147.36541,1.93940,2.22109,-0.28168553,44.57482,49.55264,34.97588,39.39874,1.25942,150.58414,146.52764,142.47114,2024-11-08,13:30
2024-11-08 14:30:00,147.295,147.45,146.85001,147.25011,12668465,64.15188,147.66056,147.34235,1.80946,2.13876,-0.32929854,43.45062,45.40095,34.050094,20.86023,1.21232,149.58949,146.89465,144.19980,2024-11-08,14:30
2024-11-08 15:30:00,147.24001,147.84,147.11,147.5,12861470,65.33218,147.61500,147.37388,1.70697,2.052403,-0.34543016,37.047443,41.69096,33.48751,32.11263,1.17786,149.43623,147.066396,144.69656,2024-11-08,15:30
2024-11-11 09:30:00,148.67999,148.77,143.57001,145.0054932,69855426,48.25297,147.25172,146.90020,1.40823,1.92357,-0.51533809,23.19045,34.56284,32.31429,-101.29820,1.46516,149.26748,147.11417,144.96086,2024-11-11,09:30
2024-11-11 10:30:00,145.0,146.49001,145.0,145.46989,24566872,50.83009,146.87171,146.61414,1.19517,1.77789,-0.58271803,30.69291,30.31027,31.22487,-125.20745,1.46693,149.18730,147.14361,145.099915,2024-11-11,10:30
2024-11-11 11:30:00,145.47,145.60001,144.69501,144.9601,16148542,48.0038283,146.63506,146.28333,0.97395682,1.61710,-0.64314610,22.45709,25.44682,30.40939,-161.53345,1.42680,149.30258,147.083115,144.86365,2024-11-11,11:30
2024-11-11 12:30:00,144.97,145.60001,144.47,144.8871,14842047,47.59574,146.37251,146.0040870,0.78371811,1.45043,-0.66670785,21.27780,24.80926,29.79897,-154.98175,1.40560,149.40379,147.026469,144.64915,2024-11-11,12:30
2024-11-11 13:30:00,144.8891,145.14,144.63,144.69501,10777542,46.47605,146.058623,145.74227,0.61041578,1.28242,-0.67200815,18.17451,20.63647,29.23214,-146.40343,1.34162,149.51655,146.94922,144.38189,2024-11-11,13:30
2024-11-11 14:30:00,144.69411,145.89999,144.63,145.345,14414068,50.70214,145.82363,145.66282,0.51953265,1.12985,-0.61031302,28.67524,22.70918,27.91164,-109.69621,1.33651,149.53389,146.93547,144.33705,2024-11-11,14:30
2024-11-11 15:30:00,145.345,145.6899,144.88499,145.28,11927016,50.27463,145.59919,145.58625,0.43722195,0.99132093,-0.55409898,27.62512,24.82496,26.68546,-94.46307,1.29854,149.42760,146.79347,144.15934,2024-11-11,15:30
2024-11-12 09:30:00,146.735,149.55,146.0099945,149.22,64360187,67.92718,145.81807,146.31300,0.68205311,0.92946736,-0.24741426,94.48157,50.26065,26.77703,81.62102,1.51078,149.65413,146.85638,144.058631,2024-11-12,09:30
2024-11-12 10:30:00,149.21001,149.62,147.92999,148.645,28290014,64.33756,145.94529,146.77940,0.82023100,0.90762009,-0.087389087,83.88442,68.66370,26.89695,105.067543,1.52359,149.74859,146.88713,144.025667,2024-11-12,10:30
2024-11-12 11:30:00,148.64,149.37,147.55,148.085007,21174825,60.95889,146.28746,147.040524,0.87447051,0.90099017,-0.026519667,74.62824,84.33141,26.65846,79.42058,1.54476,149.78477,146.90188,144.018991,2024-11-12,11:30
2024-11-12 12:30:00,148.070007,148.13,146.58,147.12,19093300,55.54559,146.47080,147.056418,0.83001939,0.88679602,-0.056776629,58.67760,72.39675,25.59973,21.66734,1.54513,149.71037,146.86238,144.014387,2024-11-12,12:30
2024-11-12 13:30:00,147.089005,148.56,147.080002,148.2309,13856982,59.95427,146.83422,147.29131,0.87435297,0.88430741,-0.0099544339,77.039638,70.11516,24.88947,62.053235,1.54048,149.70386,146.86018,144.016495,2024-11-12,13:30
2024-11-12 14:30:00,148.22501,148.745,147.55,147.78619,12812037,57.49610,147.15634,147.39029,0.86364831,0.88017559,-0.016527275,69.68917,68.46880,24.34851,69.17496,1.51580,149.52928,146.80499,144.080688,2024-11-12,14:30
2024-11-12 15:30:00,147.78,148.52991,147.62,148.39999,14689439,59.93768,147.56801,147.59223,0.89438343,0.88301716,0.011366275,79.83465,75.52115,23.84619,75.92472,1.47252,149.68068,146.87048,144.060289,2024-11-12,15:30
2024-11-13 09:30:00,149.050003,149.33,146.72,147.244,52893721,53.68320,147.77901,147.52259,0.81605548,0.86962482,-0.053569346,53.86418,67.79600,22.54229,48.19248,1.55377,149.68022,146.87019,144.060150,2024-11-13,09:30
2024-11-13 10:30:00,147.25,147.75999,146.55,147.325,20149948,54.045027,148.0062324,147.48307,0.75184867,0.84606959,-0.094220919,55.43688,63.045236,21.18124,17.48991,1.52922,149.66273,146.86043,144.058144,2024-11-13,10:30
2024-11-13 11:30:00,147.3035,147.42,145.91,146.96001,21564919,52.070893,147.75512,147.37846,0.66386009,0.80962769,-0.14576760,48.34968,52.55025,19.97168,-6.48196,1.52784,149.62479,146.83544,144.046095,2024-11-13,11:30
2024-11-13 12:30:00,146.96001,147.34,146.41,147.024994,14159243,52.40426,147.57512,147.30776,0.59254197,0.76621055,-0.17366857,47.99587,50.59414,18.84851,4.47166,1.48514,149.60444,146.82169,144.038937,2024-11-13,12:30
2024-11-13 13:30:00,147.024994,147.84,146.53,146.8499,14839533,51.36759,147.43789,147.21619,0.51594568,0.71615757,-0.20021189,44.48695,46.94416,17.67109,13.73442,1.47263,149.57757,146.80168,144.025790,2024-11-13,13:30
2024-11-13 14:30:00,146.84,147.19991,146.35001,146.49001,14872318,49.21264,147.36789,147.070953,0.42134514,0.65719509,-0.23584995,33.89674,42.12652,16.41544,-7.62886,1.42815,149.51112,146.75118,143.99124,2024-11-13,14:30
2024-11-13 15:30:00,146.47501,147.039993,145.95,146.42,15990373,48.78392,147.16668,146.94076,0.33684162,0.59312439,-0.25628277,13.74660,30.71010,15.63710,-23.39663,1.40400,149.46949,146.82190,144.17432,2024-11-13,15:30
2024-11-14 09:30:00,147.28999,148.57001,145.675,148.3152,54326268,59.15714,147.22546,147.21565,0.41798077,0.55809567,-0.14011490,66.92533,38.18956,15.50400,38.85211,1.51050,149.61165,146.96417,144.31669,2024-11-14,09:30
2024-11-14 10:30:00,148.31,148.99001,147.69,148.86501,25114123,61.58775,147.27712,147.54552,0.52064707,0.55060595,-0.029958876,86.33315,55.66836,15.69623,97.59448,1.49546,149.76250,147.15942,144.55633,2024-11-14,10:30
2024-11-14 11:30:00,148.875,149.0,147.6712,147.755,18105254,54.53191,147.33390,147.58742,0.50660328,0.54180542,-0.035202135,56.90845,70.055640,15.85392,66.43969,1.48356,149.69698,147.30281,144.90864,2024-11-14,11:30
2024-11-14 12:30:00,147.75391,147.87,147.27,147.42751,16034380,52.61656,147.34529,147.55544,0.46370175,0.52618468,-0.062482937,47.94814,63.72991,15.54869,11.039951,1.42044,149.51317,147.43944,145.36570,2024-11-14,12:30
2024-11-14 13:30:00,147.42999,147.52,146.47,146.8026,25311371,49.074586,147.32780,147.40487,0.37495483,0.49593871,-0.12098388,30.85079,45.23580,14.44218,-54.57156,1.39398,149.37857,147.51232,145.64606,2024-11-14,13:30
2024-11-14 14:30:00,146.8,147.10519,145.85001,146.16,19908657,45.67004,147.23169,147.15589,0.24988978,0.44672893,-0.19683915,13.26959,30.68951,13.97360,-126.53803,1.38407,149.24281,147.55632,145.86982,2024-11-14,14:30
2024-11-14 15:30:00,146.17,146.89011,145.75999,146.80009,13599159,49.43324,147.22616,147.084735,0.20011797,0.39740674,-0.19728876,30.78233,24.96757,13.61913,-102.38542,1.36593,148.96715,147.43532,145.90349,2024-11-14,15:30
2024-11-15 09:30:00,144.78999,145.24001,141.81,142.39,67749741,32.65214,146.77060,146.14579,-0.19296004,0.27933338,-0.47229342,8.066782,17.37290,15.67351,-350.61855,1.62480,149.72135,147.12257,144.52379,2024-11-15,09:30
2024-11-15 10:30:00,142.38,143.53,142.3,142.97,26546345,35.74170,146.38727,145.51063,-0.45246022,0.13297466,-0.58543488,16.13356,18.32756,17.58114,-280.49172,1.59660,149.99020,146.86682,143.74344,2024-11-15,10:30
2024-11-15 11:30:00,142.96001,143.10001,140.84,141.81,29495799,32.52773,145.66447,144.77050,-0.74315199,-0.042250671,-0.70090132,11.88726,12.029204,19.91165,-252.43360,1.64399,150.41904,146.60132,142.78359,2024-11-15,11:30
2024-11-15 12:30:00,141.795,142.19,140.72,141.235,22083629,31.037860,144.81669,144.063403,-1.0083017,-0.23546087,-0.77284081,6.21980,11.41354,22.11795,-207.25976,1.63156,150.64629,146.25153,141.85676,2024-11-15,12:30
2024-11-15 13:30:00,141.22,141.33611,140.080002,140.12,24284572,28.32823,143.96835,143.27472,-1.29350,-0.44706785,-0.84642790,0.44835532,6.18514,24.39118,-182.89158,1.60474,150.94506,145.86822,140.79137,2024-11-15,13:30
2024-11-15 14:30:00,140.13,142.34,140.10001,142.070007,32047194,38.44870,143.37308,143.033779,-1.34664,-0.62698251,-0.71965865,22.30948,9.65921,25.43095,-123.025521,1.65012,150.74565,145.55172,140.35778,2024-11-15,14:30
2024-11-15 15:30:00,142.050003,142.315,141.545,141.97031,20081701,38.15207,142.83616,142.82108,-1.38089,-0.77776327,-0.60312304,21.19176,14.64987,26.39645,-94.16752,1.58725,150.64446,145.28803,139.93160,2024-11-15,15:30
2024-11-18 09:30:00,139.84,140.13,137.14999,140.0099945,74927921,32.79472,142.15282,142.25887,-1.54836,-0.93188224,-0.61647589,24.13501,22.54542,28.73605,-144.69885,1.81818,150.65796,144.92228,139.18661,2024-11-18,09:30
2024-11-18 10:30:00,140.0099945,141.17,139.64,141.029999,24675009,37.69705,141.51170,142.013093,-1.58056,-1.061617,-0.51893842,32.74264,26.023138,30.024464,-93.83940,1.79760,150.52034,144.62578,138.73122,2024-11-18,10:30
2024-11-18 11:30:00,141.020004,141.28,139.35001,139.53,22711727,33.79312,141.19392,141.51647,-1.70743,-1.19078,-0.51664815,22.20154,26.35973,31.30761,-95.25670,1.80706,150.43377,144.25103,138.068294,2024-11-18,11:30
2024-11-18 12:30:00,139.53,140.050003,138.88,139.84351,16132498,35.30123,140.84653,141.18188,-1.76236,-1.30510,-0.45726572,25.97405,26.97274,32.64140,-95.51896,1.76155,150.24656,143.90071,137.55486,2024-11-18,12:30
2024-11-18 13:30:00,139.86,140.39999,139.353,139.71001,15415554,34.93629,140.61320,140.88751,-1.79597,-1.40327,-0.39269663,25.71533,24.63031,33.56065,-82.91621,1.71051,150.041032,143.56171,137.082390,2024-11-18,13:30
2024-11-18 14:30:00,139.72,141.55,139.56,141.5,15272534,43.38718,140.64265,141.010005,-1.65904,-1.45442,-0.20461364,44.66074,32.11671,33.42269,-54.97499,1.73048,149.71538,143.31571,136.91605,2024-11-18,14:30
2024-11-18 15:30:00,141.47,141.5,139.5,140.2,18040131,39.38604,140.65154,140.84800,-1.63655,-1.49085,-0.14570414,37.70085,36.025640,33.32062,-61.54000,1.74973,149.012384,142.90995,136.80752,2024-11-18,15:30
2024-11-19 09:30:00,141.325,143.55,140.99001,142.98,59592508,50.0040340,140.75264,141.27440,-1.37852,-1.46838,0.089862051,91.093648,57.81841,31.67960,-2.28638,1.86403,148.074804,142.61570,137.15660,2024-11-19,09:30
2024-11-19 10:30:00,142.97,144.55,142.77,143.67999,29728176,52.27122,140.94261,141.75552,-1.10481,-1.39567,0.29085880,88.24312,72.34587,29.53059,42.068155,1.85803,147.36975,142.41195,137.45415,2024-11-19,10:30
2024-11-19 11:30:00,143.6805,144.16,143.16,143.60001,17453921,51.98115,141.34150,142.12442,-0.88415388,-1.29337,0.40921186,87.16222,88.83300,27.53508,53.50727,1.79674,146.65729,142.22057,137.78386,2024-11-19,11:30
2024-11-19 12:30:00,143.60001,144.645,143.41,144.6192,16184668,55.37900,141.74030,142.62337,-0.61989605,-1.15867,0.53877575,99.65574,91.68702,25.76441,87.44780,1.75662,146.18430,142.11141,138.038511,2024-11-19,12:30
2024-11-19 13:30:00,144.5407,146.31,144.5407,146.034607,25203402,59.64924,142.46303,143.30562,-0.29288227,-0.98551390,0.69263162,96.99355,94.60384,25.067564,148.93402,1.75752,146.15339,142.10514,138.056879,2024-11-19,13:30
2024-11-19 14:30:00,146.035004,146.97,145.78,146.6349,26511111,61.33912,143.21763,143.97148,0.014549652,-0.78550119,0.80005084,96.58760,97.74563,24.75054,183.29400,1.71699,146.10728,142.096876,138.086472,2024-11-19,14:30
2024-11-19 15:30:00,146.63,147.13,146.13,146.99001,21863148,62.34376,144.026523,144.57518,0.28357658,-0.57168563,0.85526221,98.59720,97.39278,24.53644,165.68294,1.66577,146.87034,142.32688,137.78341,2024-11-19,15:30
2024-11-20 09:30:00,146.36,147.38,142.73,143.8345,70469342,49.92775,144.28591,144.42705,0.23940004,-0.40946850,0.64886854,58.28822,84.49100,23.35836,81.87129,1.87893,146.95349,142.37010,137.78671,2024-11-20,09:30
2024-11-20 10:30:00,143.83,146.58,143.78999,144.78999,39725344,52.98128,144.79591,144.49964,0.27828202,-0.27191840,0.55020041,69.52928,75.47156,22.26443,84.39535,1.94401,147.21241,142.51910,137.82580,2024-11-20,10:30
2024-11-20 11:30:00,144.81081,146.22,144.2,145.3101,28787398,54.60412,145.054813,144.66173,0.34706414,-0.14812189,0.49518603,75.64823,67.82191,21.24863,80.43750,1.94944,147.52798,142.72286,137.91773,2024-11-20,11:30
2024-11-20 12:30:00,145.315,145.5,144.38,145.020996,19184166,53.49877,145.20381,144.73358,0.37393536,-0.043710438,0.41764580,70.61161,71.92970,20.30540,64.80316,1.89019,147.71662,142.96791,138.21919,2024-11-20,12:30
2024-11-20 13:30:00,145.020004,145.050003,143.24001,143.47,22144642,47.89711,145.18937,144.48087,0.26700085,0.018431819,0.24856903,50.38069,65.54684,20.082416,29.64987,1.88446,147.77287,143.037906,138.30294,2024-11-20,13:30
2024-11-20 14:30:00,143.46001,144.57001,143.41,144.47,25982186,51.42838,145.17279,144.47869,0.25994958,0.066735371,0.19321421,63.071042,61.35445,19.87536,33.52576,1.83272,147.91048,143.16289,138.41530,2024-11-20,14:30
2024-11-20 15:30:00,144.46001,146.16,144.4511,145.92999,29516785,56.10583,145.16117,144.76895,0.36792925,0.12697415,0.24095510,77.30810,63.58661,18.52371,71.46430,1.82387,148.12069,143.45889,138.79709,2024-11-20,15:30
2024-11-21 09:30:00,149.315,152.89,141.020004,141.196,161498901,41.98687,144.55684,144.054363,0.070695272,0.11571837,-0.045023100,1.48269,47.28728,19.92335,51.73963,2.54145,148.11223,143.46719,138.82216,2024-11-21,09:30
2024-11-21 10:30:00,141.1523,145.089905,140.7,144.98199,53973735,52.32071,144.33373,144.23989,0.13903074,0.12038084,0.018649892,35.12713,37.97264,21.031289,-7.96793,2.67349,148.056935,143.73979,139.42265,2024-11-21,10:30
2024-11-21 11:30:00,144.99001,145.455,143.14999,144.28,36140681,50.52362,144.38323,144.24791,0.13498585,0.12330185,0.011684008,29.36834,21.99272,22.16764,13.37837,2.64717,147.89393,143.96161,140.029303,2024-11-21,11:30
2024-11-21 12:30:00,144.31,145.42,143.71001,145.17999,25072264,52.76369,144.42656,144.43433,0.20207287,0.13905605,0.063016820,36.75139,33.74895,23.22282,29.34860,2.58023,147.67685,144.23511,140.79338,2024-11-21,12:30
2024-11-21 13:30:00,145.2,147.61,145.19,147.10159,40308019,57.21755,144.62562,144.96778,0.40562116,0.19236907,0.21325208,52.51513,39.54496,24.83137,130.74301,2.56950,147.93264,144.51519,141.097751,2024-11-21,13:30
2024-11-21 14:30:00,147.10989,148.55,146.95,148.175,34275796,59.51398,144.97606,145.60922,0.64610199,0.28311566,0.36298634,61.32079,50.19577,26.55992,199.81037,2.50025,148.075836,144.91394,141.75205,2024-11-21,14:30
2024-11-21 15:30:00,148.175,148.42999,146.3,146.63,24086105,54.94264,145.32718,145.81338,0.70390221,0.36727297,0.33662924,48.64649,54.16080,27.70528,131.16309,2.47380,148.21177,145.096445,141.98112,2024-11-21,15:30
2024-11-22 09:30:00,145.91,147.16,142.46001,142.745,72309140,45.48212,145.13551,145.19970,0.43125028,0.38006843,0.051181854,16.77603,42.24777,26.57349,-72.34766,2.63281,148.27477,145.049695,141.82462,2024-11-22,09:30
2024-11-22 10:30:00,142.75999,143.89,142.0099945,142.27991,35885016,44.49439,144.72994,144.61574,0.17561855,0.33917845,-0.16355991,12.96071,26.12774,25.31095,-158.41764,2.57904,148.37452,144.98369,141.59286,2024-11-22,10:30
2024-11-22 11:30:00,142.28,142.38,141.53011,142.097198,29752903,44.089314,144.83008,144.11204,-0.041239138,0.26309493,-0.30433407,11.46186,13.73287,23.90901,-182.097931,2.45553,148.47338,144.85759,141.24180,2024-11-22,11:30
2024-11-22 12:30:00,142.089996,142.33,141.78999,141.99001,17601923,43.83716,144.49763,143.68763,-0.21922293,0.16663136,-0.38585429,10.58251,11.66836,22.60721,-153.49116,2.31871,148.43397,144.65536,140.87675,2024-11-22,12:30
2024-11-22 13:30:00,141.985,142.17,141.10001,141.46001,21078391,42.54164,144.18430,143.24210,-0.39844976,0.053615139,-0.45206489,6.23470,9.42636,21.044294,-155.14831,2.22951,148.30410,144.39661,140.48913,2024-11-22,13:30
2024-11-22 14:30:00,141.465,142.22,141.43089,142.0,20326048,44.34629,143.83097,142.99368,-0.49125251,-0.055358391,-0.43589412,10.66450,9.16057,19.61888,-124.20374,2.12663,147.99718,144.14711,140.29705,2024-11-22,14:30
2024-11-22 15:30:00,141.99989,142.13,141.48,141.89999,18195187,44.070229,143.25301,142.77495,-0.56634060,-0.15755483,-0.40878576,9.84411,8.91444,18.29529,-110.73427,2.021155,148.022286,144.050389,140.078492,2024-11-22,15:30
2024-11-25 09:30:00,141.97,142.050003,136.49001,137.17,93982573,33.46055,142.030234,141.65396,-0.99603786,-0.32525144,-0.67078643,5.63841,8.71567,19.054096,-209.64929,2.27393,148.62458,143.66939,138.71420,2024-11-25,09:30
2024-11-25 10:30:00,137.14,138.34,136.22,138.2793,36654509,37.27449,141.10238,140.97902,-1.23285,-0.50677182,-0.72608153,16.70150,10.72801,19.84503,-198.080043,2.26293,148.73373,143.31785,137.90197,2024-11-25,10:30
2024-11-25 11:30:00,138.285,138.66,136.64,136.96201,26386230,34.72882,140.45982,140.17562,-1.50943,-0.70730265,-0.80212334,6.017877,9.45260,20.38204,-168.93332,2.24558,148.93001,142.91490,136.89979,2024-11-25,11:30
2024-11-25 12:30:00,136.96989,137.89,136.45,137.089798,25854910,35.19123,139.88314,139.55846,-1.69872,-0.90558578,-0.79313249,7.054312,9.92456,20.95022,-149.81982,2.18804,149.11503,142.59589,136.076750,2024-11-25,12:30
2024-11-25 13:30:00,137.080002,137.2,136.3,136.927,21813470,34.85249,139.30868,139.032165,-1.84065,-1.092599,-0.74805309,5.73399,6.26873,21.53547,-136.73659,2.096037,149.12200,142.21874,135.31548,2024-11-25,13:30
2024-11-25 14:30:00,136.92,137.41499,136.35001,136.72501,20414076,34.40990,138.72368,138.57073,-1.94699,-1.26348,-0.68351391,4.13600,5.64143,21.92127,-121.78779,2.022391,148.83586,141.75849,134.68112,2024-11-25,14:30
2024-11-25 15:30:00,136.73,137.1483,135.82001,135.94,25894894,32.67340,138.11034,138.044587,-2.070739,-1.42493,-0.64580928,1.058158,3.64271,22.50601,-115.94005,1.97281,149.013712,141.49569,133.97767,2024-11-25,15:30
2024-11-26 09:30:00,137.8799,139.3,136.31,136.9631,69450533,37.12677,137.55069,137.82829,-2.062479,-1.55244,-0.51003959,14.16478,6.45298,21.56678,-78.14492,2.071897,148.68129,141.094746,133.50820,2024-11-26,09:30
2024-11-26 10:30:00,136.98,137.17,136.17,136.925,27347660,37.028544,136.99791,137.64763,-2.035543,-1.64906,-0.38648288,16.84445,10.68913,20.76619,-83.45926,1.99533,148.37310,140.72700,133.080895,2024-11-26,10:30
2024-11-26 11:30:00,136.91,137.14,136.48,136.81619,15867762,36.72967,136.95860,137.48135,-1.99992,-1.71923,-0.28068972,15.30240,15.43721,20.022785,-74.054263,1.89995,147.84912,140.30881,132.76849,2024-11-26,11:30
2024-11-26 12:30:00,136.825,137.10001,136.375,136.63499,12135169,36.20559,136.77590,137.31207,-1.96368,-1.76812,-0.19555612,12.73419,14.96035,19.39345,-69.78567,1.81603,146.80202,139.78548,132.76893,2024-11-26,12:30
2024-11-26 13:30:00,136.63,136.855,135.67,135.96001,14953767,34.24535,136.66457,137.041661,-1.96675,-1.80785,-0.15890117,4.42761,10.82140,19.21758,-76.70206,1.77095,145.22368,139.17473,133.12578,2024-11-26,13:30
2024-11-26 14:30:00,135.95,136.845,135.81,136.8399,13655903,38.89013,136.63680,137.0013100,-1.87655,-1.82159,-0.054961858,18.10999,11.75726,19.054268,-65.45421,1.71839,143.74540,138.68522,133.62504,2024-11-26,14:30
2024-11-26 15:30:00,136.83501,137.10001,136.56,136.82001,13840913,38.82335,136.62491,136.96505,-1.78608,-1.81449,0.028403739,18.025208,13.52094,18.68287,-52.86873,1.63422,143.14857,138.38897,133.62937,2024-11-26,15:30
2024-11-27 09:30:00,135.0099945,135.12,132.25,132.35989,72333292,27.44576,136.13990,136.044018,-2.050643,-1.86172,-0.18892499,1.55878,12.56466,20.33055,-161.56339,1.84392,142.98333,137.89297,132.80261,2024-11-27,09:30
2024-11-27 10:30:00,132.3781,133.080002,132.0,132.41499,34357713,27.72754,135.74823,135.31821,-2.23015,-1.93541,-0.29474941,5.68484,8.42294,21.94304,-185.094625,1.78935,142.64727,137.40886,132.17046,2024-11-27,10:30
2024-11-27 11:30:00,132.41,132.78999,131.89999,132.595,20553359,28.70177,135.26289,134.77357,-2.33102,-2.014529,-0.31649446,9.39198,5.54520,23.47488,-182.16859,1.72511,142.13483,136.93911,131.74339,2024-11-27,11:30
2024-11-27 12:30:00,132.59,133.6599,132.23,133.6599,17619519,34.34056,134.90010,134.55084,-2.29854,-2.071331,-0.22720744,23.78244,12.95309,24.14448,-142.32053,1.70402,141.49380,136.54911,131.60441,2024-11-27,12:30
2024-11-27 13:30:00,133.65089,134.57001,133.62,134.14999,19717594,36.81721,134.60385,134.47067,-2.20780,-2.098624,-0.10917270,30.40537,21.19326,24.040502,-89.85688,1.65017,140.52038,136.15660,131.79283,2024-11-27,13:30
2024-11-27 14:30:00,134.145,135.17,133.98,134.4399,19235243,38.29976,134.35995,134.46451,-2.088417,-2.096583,0.0081658082,34.32295,29.50359,23.49260,-59.26194,1.61730,139.31603,135.78360,132.25117,2024-11-27,14:30
2024-11-27 15:30:00,134.435,135.42,134.17999,135.42,14427684,43.15599,134.29995,134.65561,-1.89290,-2.055846,0.16294524,47.56757,37.43196,22.79608,-31.63125,1.59035,139.17309,135.69610,132.21911,2024-11-27,15:30
2024-11-29 09:30:00,136.81,139.33,136.059998,138.675,57723240,55.64259,134.50385,135.45949,-1.45849,-1.93637,0.47788570,91.18441,57.69164,22.42538,100.17209,1.75604,139.25539,135.71589,132.17638,2024-11-29,09:30
2024-11-29 10:30:00,138.66,139.145,138.2114,138.35001,23605834,54.35866,134.67385,136.037592,-1.12744,-1.77459,0.64714573,86.81030,75.18743,22.081162,118.54045,1.69729,139.47120,135.78529,132.099366,2024-11-29,10:30
2024-11-29 11:30:00,138.38,139.078705,138.145,138.82001,19256095,55.94196,135.39164,136.59408,-0.81773443,-1.58322,0.76548316,93.13602,90.37691,21.71618,116.051975,1.64275,139.75221,135.87180,131.99138,2024-11-29,11:30
2024-11-29 12:30:00,138.84,139.029404,138.24001,138.25,40522073,53.51722,136.039978,136.92526,-0.61123730,-1.38882,0.77758423,85.46432,88.47021,21.37728,101.57160,1.58180,139.93151,135.93795,131.94438,2024-11-29,12:30
2024-11-29 15:30:00,138.25,138.25,138.25,138.25,511735,53.51722,136.66831,137.19021,-0.44248614,-1.19955,0.75706831,85.46432,88.021555,21.062575,85.95517,1.46881,140.12157,136.014195,131.90682,2024-11-29,15:30
2024-12-02 09:30:00,138.84,140.45,138.089996,139.17,53770929,57.0055310,137.28054,137.58617,-0.23184094,-1.0060118,0.77417081,85.029259,85.31930,21.85336,111.72119,1.53247,140.50662,136.17570,131.84477,2024-12-02,09:30
2024-12-02 10:30:00,139.16,139.27,138.3,138.994,21954384,56.13762,137.81877,137.86773,-0.078202949,-0.82044999,0.74224704,82.97084,84.48814,22.58766,92.64129,1.49229,140.76949,136.27724,131.78499,2024-12-02,10:30
2024-12-02 11:30:00,138.9899,139.6499,138.72,139.16499,14733385,56.82539,138.34378,138.12719,0.056700128,-0.64501997,0.70172010,84.97072,84.32361,23.44054,94.92799,1.45212,141.049068,136.38924,131.72941,2024-12-02,11:30
2024-12-02 12:30:00,139.17,139.23,138.28999,138.295,13513148,52.32940,138.66322,138.16075,0.092345947,-0.49754678,0.58989273,74.79534,80.91230,23.83628,70.015514,1.41554,141.19415,136.46318,131.73221,2024-12-02,12:30
2024-12-02 13:30:00,138.3,138.84,137.825,138.1286,14799496,51.49028,138.60251,138.15432,0.10594736,-0.37684795,0.48279532,71.75918,77.17508,23.78163,54.62890,1.38693,141.32415,136.53786,131.75157,2024-12-02,13:30
2024-12-02 14:30:00,138.1261,138.87,138.080002,138.7988,10879220,54.64488,138.65238,138.28321,0.16885934,-0.26770650,0.43656584,75.82432,74.12628,23.74831,59.18148,1.34429,141.55664,136.67980,131.80296,2024-12-02,14:30
2024-12-02 15:30:00,138.795,138.89,137.89,138.64,14377830,53.75292,138.63238,138.35457,0.20355736,-0.17345372,0.37701109,72.024773,73.20276,23.53077,51.51940,1.31970,141.72102,136.76980,131.81859,2024-12-02,15:30
2024-12-03 09:30:00,138.315,140.53999,137.95,138.52991,44241821,53.10573,138.66348,138.38964,0.21964040,-0.094834899,0.31447530,68.39488,72.081323,24.26542,62.095818,1.41044,141.86573,136.85530,131.84487,2024-12-03,09:30
2024-12-03 10:30:00,138.53,139.39999,138.10001,139.1792,20134225,56.43704,138.76672,138.54755,0.28153342,-0.019561235,0.30109465,69.62510,70.014917,24.94759,55.24445,1.40255,141.85220,137.19626,132.54033,2024-12-03,10:30
2024-12-03 11:30:00,139.185,139.45,138.495,138.78,19621458,53.90171,138.72339,138.59404,0.29497169,0.043345350,0.25162634,35.17507,57.73168,25.60835,53.28652,1.37058,141.66206,137.51451,133.36697,2024-12-03,11:30
2024-12-03 12:30:00,138.785,139.44,138.50999,139.058701,14091472,55.40784,138.73058,138.68697,0.32437137,0.099550555,0.22482082,45.44034,50.080171,26.22191,56.22891,1.33911,141.36203,137.83770,134.31337,2024-12-03,12:30
2024-12-03 13:30:00,139.050003,139.39999,138.92,139.2659,9524141,56.54456,138.74179,138.80276,0.36023748,0.15168794,0.20854954,53.071995,44.56247,26.79165,68.58955,1.27774,141.12196,138.11800,135.11404,2024-12-03,13:30
2024-12-03 14:30:00,139.27,140.28,139.265,140.23,15387277,61.46666,138.95679,139.088205,0.46114038,0.21357843,0.24756195,88.58203,62.36479,27.85040,130.82106,1.25898,140.95127,138.42200,135.89273,2024-12-03,14:30
2024-12-03 15:30:00,140.2236,140.28,139.72,140.25,15928668,61.56394,139.19250,139.32056,0.53653598,0.27816994,0.25836604,89.31883,76.99095,28.83352,166.77206,1.20905,140.59837,138.71251,136.82664,2024-12-03,15:30
2024-12-04 09:30:00,142.020004,142.63,140.28999,141.8,50608437,68.25207,139.52597,139.81645,0.71313920,0.36516379,0.34797541,82.72632,86.87573,30.82544,326.30002,1.29269,140.73088,139.031506,137.33213,2024-12-04,09:30
2024-12-04 10:30:00,141.8,143.0,141.62,142.95,24494468,72.12726,140.0048557,140.44316,0.93511401,0.47915383,0.45596018,99.033758,90.35964,32.80501,303.59394,1.29893,141.64330,139.24526,136.84721,2024-12-04,10:30
2024-12-04 11:30:00,142.9411,144.58,142.91,144.575,32275847,76.49351,140.67653,141.26953,1.22800,0.62892286,0.59907610,99.92591,93.89533,35.12284,282.84508,1.32543,142.85560,139.55650,136.25741,2024-12-04,11:30
2024-12-04 12:30:00,144.575,144.62,143.81,143.83009,21547289,71.0027167,141.19330,141.78164,1.38405,0.77994837,0.60410206,88.37525,95.77830,37.28602,211.20130,1.28861,143.57228,139.80701,136.041740,2024-12-04,12:30
2024-12-04 13:30:00,143.8338,145.52,143.75301,145.505,24719833,75.29654,141.94052,142.52631,1.62415,0.94878900,0.67536250,99.80342,96.034857,39.53256,193.042821,1.32278,144.60366,140.16976,135.73586,2024-12-04,13:30
2024-12-04 14:30:00,145.505,145.78999,145.25999,145.38,24269319,74.41096,142.64289,143.097052,1.78378,1.11579,0.66799641,94.81027,94.32964,41.68600,168.17557,1.26616,145.40922,140.52626,135.64330,2024-12-04,14:30
2024-12-04 15:30:00,145.37,145.67,144.58,145.1382,20550348,72.63138,143.29537,143.50528,1.86924,1.26648,0.60275809,91.68629,95.43333,42.76901,129.67921,1.25357,146.056615,140.82467,135.59272,2024-12-04,15:30
2024-12-05 09:30:00,145.12,146.070007,143.95,144.61,47984197,68.76282,143.78203,143.72623,1.87275,1.38773,0.48501578,81.68122,89.39259,42.98859,105.26100,1.31546,146.51411,141.10547,135.69683,2024-12-05,09:30
2024-12-05 10:30:00,144.61011,146.19,144.24001,145.94501,23943465,72.71805,144.41481,144.16998,1.96065,1.50232,0.45833719,96.81618,90.061232,43.24737,105.66540,1.36079,147.16503,141.44447,135.72391,2024-12-05,10:30
2024-12-05 11:30:00,145.9498,146.53999,145.75999,146.0,18441563,72.87044,144.88148,144.53599,2.011568,1.60417,0.40740194,93.27530,90.59090,43.65036,107.73444,1.31930,147.68616,141.82972,135.97328,2024-12-05,11:30
2024-12-05 12:30:00,145.99001,146.1799,144.66,144.92,18051433,65.17143,145.10037,144.61279,1.94238,1.67181,0.27057196,78.74021,89.61056,42.68265,78.18022,1.33363,147.91446,142.16929,136.42412,2024-12-05,12:30
2024-12-05 13:30:00,144.91499,145.1711,144.31,144.87601,15370696,64.87078,145.13381,144.66543,1.86253,1.70995,0.15257678,77.12732,83.047609,41.39890,60.61740,1.29988,148.11503,142.47315,136.83127,2024-12-05,13:30
2024-12-05 14:30:00,144.86,145.5,144.85001,144.9899,12772741,65.31688,145.26268,144.73033,1.78783,1.72553,0.062300331,77.27131,77.71295,40.42333,63.042088,1.25346,148.24553,142.79065,137.33576,2024-12-05,14:30
2024-12-05 15:30:00,144.98,145.25,144.88,145.0099945,12218215,65.40037,145.20768,144.78626,1.71053,1.72253,-0.011997929,75.52002,76.63955,39.51745,56.21536,1.19035,148.28091,143.11465,137.94839,2024-12-05,15:30
2024-12-06 09:30:00,144.63,145.7,144.175,144.55,44083095,61.73694,145.11546,144.73901,1.59378,1.69678,-0.10299724,59.55303,70.78145,37.84625,45.27881,1.21426,148.25312,143.38319,138.51326,2024-12-06,09:30
2024-12-06 10:30:00,144.55,144.705,141.72,142.69,35632112,49.63078,144.84343,144.32921,1.33577,1.62458,-0.28880467,20.12454,51.73253,36.10125,-16.67371,1.34074,147.98568,143.57869,139.17170,2024-12-06,10:30
2024-12-06 11:30:00,142.67999,143.23,141.31,142.911,27987480,50.86365,144.65466,144.045564,1.13604,1.52687,-0.39083326,30.61184,36.76314,34.75145,-47.38931,1.38211,147.67980,143.77131,139.86281,2024-12-06,11:30
2024-12-06 12:30:00,142.9171,142.92999,142.029999,142.6709,14468084,49.44757,144.29087,143.77063,0.94744872,1.41099,-0.46353730,26.021071,25.58582,33.49807,-59.14418,1.34768,147.30946,143.94156,140.57365,2024-12-06,12:30
2024-12-06 13:30:00,142.6799,142.7,142.17999,142.58501,11155484,48.92283,143.91142,143.53351,0.78204541,1.28520,-0.50315249,24.37878,27.0038969,32.33421,-75.87314,1.28856,147.042635,144.059306,141.075976,2024-12-06,13:30
2024-12-06 14:30:00,142.59,142.71001,141.88,142.105,13885046,45.98583,143.59864,143.24780,0.60525224,1.14921,-0.54395652,15.20074,21.86686,31.48082,-104.62665,1.25580,146.74581,144.15206,141.55830,2024-12-06,14:30
2024-12-06 15:30:00,142.105,142.48,141.78999,142.39999,14636169,48.049936,143.32353,143.078242,0.48337424,1.016042,-0.53266762,20.84125,20.14026,30.75816,-110.22915,1.21539,146.67834,144.18205,141.68577,2024-12-06,15:30
2024-12-09 09:30:00,138.9875,139.95,137.42999,138.66,63026259,31.57552,142.62021,142.19459,0.084030433,0.82963958,-0.74560914,13.50177,16.51459,32.27910,-252.55311,1.48358,147.40884,143.96756,140.52627,2024-12-09,09:30
2024-12-09 10:30:00,138.66,138.86729,137.13,138.089996,31023372,29.89329,141.85132,141.37367,-0.27527405,0.60865685,-0.88393090,10.20183,14.84828,33.78765,-215.016207,1.50170,147.91615,143.64331,139.37046,2024-12-09,10:30
2024-12-09 11:30:00,138.089996,138.71001,137.88,138.45,14990840,32.34486,141.17354,140.78894,-0.52492538,0.38194040,-0.90686579,14.58571,12.76311,35.18844,-165.98907,1.45372,148.20699,143.37430,138.54161,2024-12-09,11:30
2024-12-09 12:30:00,138.455,139.783,138.4304,139.565,14749724,39.41178,140.82632,140.54415,-0.62559280,0.18043376,-0.80602656,28.41307,17.73354,35.34517,-118.87594,1.44650,148.076922,143.077300,138.077679,2024-12-09,12:30
2024-12-09 13:30:00,139.57001,139.84,138.64,138.67999,11428516,36.18128,140.35621,140.17132,-0.76793309,-0.0092396065,-0.75869348,18.086222,20.36167,35.43245,-111.25851,1.42889,147.97241,142.74230,137.51219,2024-12-09,13:30
2024-12-09 14:30:00,138.69,138.77,138.050003,138.285,12452486,34.80987,139.86889,139.79406,-0.90221097,-0.18783388,-0.71437709,13.47724,19.99218,35.79476,-116.70947,1.37825,147.85031,142.39964,136.94896,2024-12-09,14:30
2024-12-09 15:30:00,138.3,139.14,138.24001,138.80499,11453233,38.13437,139.44889,139.59624,-0.95565224,-0.34139755,-0.61425469,19.54480,17.036089,35.72736,-92.75159,1.34409,147.67536,142.10939,136.54342,2024-12-09,15:30
2024-12-10 09:30:00,138.89999,141.82001,138.81,140.070007,46374574,45.42589,139.22278,139.69100,-0.88571870,-0.45026178,-0.43545692,38.81193,23.94466,33.36372,-44.59927,1.46344,147.15645,141.81564,136.47482,2024-12-10,09:30
2024-12-10 10:30:00,140.059998,140.16,137.070007,137.1799,29845197,35.21436,138.64277,139.18878,-1.051384,-0.57048614,-0.48089745,1.78399,20.046907,32.16427,-91.26892,1.57963,146.71716,141.37463,136.032107,2024-12-10,10:30
2024-12-10 11:30:00,137.19,137.25999,135.76489,136.28999,26121686,32.77149,138.37943,138.60902,-1.24019,-0.70442616,-0.53576008,7.32859,15.97484,31.66805,-122.94955,1.57359,146.46171,140.94313,135.42456,2024-12-10,11:30
2024-12-10 12:30:00,136.28999,136.85001,135.9601,136.41,13846109,33.44205,138.19277,138.16922,-1.36440,-0.83642131,-0.52798058,9.28870,6.13376,31.20728,-112.57405,1.52476,146.065486,140.51983,134.97418,2024-12-10,12:30
2024-12-10 13:30:00,136.41,136.64999,135.63,135.89,14589609,31.95477,137.90832,137.71337,-1.48765,-0.96666803,-0.52098689,3.67224,6.76318,30.93700,-113.49490,1.48870,145.56183,140.064839,134.56784,2024-12-10,13:30
2024-12-10 14:30:00,135.8801,135.96941,133.8,134.58,28768670,28.51435,137.35443,137.086699,-1.67177,-1.10769,-0.56408045,8.98617,7.31570,31.46237,-139.40673,1.53732,145.043783,139.54334,134.042896,2024-12-10,14:30
2024-12-10 15:30:00,134.59,135.38,134.44,135.0,19039483,31.076500,136.94554,136.66936,-1.76346,-1.23884,-0.52461874,14.96255,9.20698,31.95022,-129.63377,1.49466,144.40043,139.065839,133.73124,2024-12-10,15:30
2024-12-11 09:30:00,137.405,138.050003,135.21001,136.205,48972591,37.94822,136.71443,136.57649,-1.71908,-1.33489,-0.38418883,29.98750,17.97874,30.40615,-76.35091,1.60575,143.94229,138.74159,133.54089,2024-12-11,09:30
2024-12-11 10:30:00,136.198,137.71001,135.44,137.64999,22771117,45.026302,136.58610,136.79119,-1.54945,-1.37780,-0.17164431,48.0048478,30.98497,28.97238,-56.28240,1.65320,143.32952,138.47854,133.62755,2024-12-11,10:30
2024-12-11 11:30:00,137.64999,139.050003,137.17999,138.63,21971597,49.25408,136.42610,137.15895,-1.32071,-1.36638,0.045675512,60.22443,46.072259,26.99458,-0.76169532,1.66869,142.73275,138.27649,133.82024,2024-12-11,11:30
2024-12-11 12:30:00,138.63989,139.17999,138.23,139.1788,14256316,51.50332,136.64820,137.56292,-1.082666,-1.30964,0.22697301,67.067289,58.43219,25.23477,33.0057627,1.61735,142.13015,138.10618,134.082214,2024-12-11,12:30
2024-12-11 13:30:00,139.17979,139.92999,139.10001,139.4545,16419617,52.63901,136.99981,137.94124,-0.86183591,-1.22008,0.35824246,70.50489,65.93220,24.042272,72.47361,1.56111,141.61887,137.97366,134.32845,2024-12-11,13:30
2024-12-11 14:30:00,139.45039,140.17,139.35001,140.1116,18622791,55.32439,137.41110,138.37531,-0.62658082,-1.10138,0.47479804,78.69821,72.090130,23.074468,102.57236,1.50817,141.057815,137.85924,134.66066,2024-12-11,14:30
2024-12-11 15:30:00,140.11501,140.11501,138.94,139.27,13537749,51.31152,137.78666,138.55425,-0.50225969,-0.98155502,0.47929533,68.20447,72.46919,21.87744,76.79813,1.48438,141.12964,137.88974,134.64984,2024-12-11,15:30
2024-12-12 09:30:00,137.10001,137.55,135.8,136.674,52104111,41.34864,138.019323,138.17820,-0.60622232,-0.90648848,0.30026616,45.11766,64.0067799,21.66854,-55.50494,1.62621,141.099871,137.81894,134.53801,2024-12-12,09:30
2024-12-12 10:30:00,136.66,137.53,136.38,136.72,18891350,41.56517,138.21043,137.88656,-0.67709608,-0.86061000,0.18351392,45.83988,53.054004,21.47456,-41.49281,1.59219,141.033419,137.73244,134.43146,2024-12-12,10:30
2024-12-12 11:30:00,136.73,137.39,136.090103,137.3701,13556780,44.67359,138.33989,137.78327,-0.67304787,-0.82309758,0.15004971,56.045551,49.0010316,21.43810,-33.48151,1.57131,140.81689,137.62270,134.42850,2024-12-12,11:30
2024-12-12 12:30:00,137.37,138.41,136.95,138.205,16490344,48.46507,138.40156,137.86761,-0.59560443,-0.77759895,0.18199452,69.15231,57.012581,20.66158,13.13331,1.56336,140.76831,137.59895,134.42958,2024-12-12,12:30
2024-12-12 13:30:00,138.205,138.25,137.32001,137.96091,13279870,47.44144,138.32721,137.88627,-0.54761381,-0.73160192,0.18398811,65.32036,63.50607,19.94053,14.15270,1.51812,140.74120,137.58274,134.42428,2024-12-12,13:30
2024-12-12 14:30:00,137.96001,138.12,137.27,137.38499,11982914,45.025138,138.12790,137.78602,-0.54971545,-0.69522463,0.14550918,51.39606,61.95624,19.30204,4.41818,1.47040,140.62056,137.51174,134.40292,2024-12-12,14:30
2024-12-12 15:30:00,137.39,137.75,137.0,137.31,9286520,44.70582,137.88962,137.69081,-0.55108013,-0.66639573,0.11531560,42.33860,53.018340,18.88399,-0.67452821,1.41894,140.25259,137.37374,134.49489,2024-12-12,15:30
2024-12-13 09:30:00,139.0,139.60001,136.45,136.49001,49347246,41.26028,137.48722,137.45065,-0.61128168,-0.65537292,0.044091239,22.19886,38.64450,17.94151,11.12092,1.54259,140.24299,137.33925,134.43550,2024-12-13,09:30
2024-12-13 10:30:00,136.50999,137.0,132.53999,132.95,55221021,30.37593,136.78500,136.55052,-0.93387580,-0.71107349,-0.22280231,5.37357,23.30367,18.34807,-170.88287,1.75098,140.62957,137.17225,133.71492,2024-12-13,10:30
2024-12-13 11:30:00,132.95171,134.14999,132.89999,133.28,31987618,32.17221,136.40789,135.89642,-1.14965,-0.79878941,-0.35086368,9.69862,12.42368,18.72558,-180.43328,1.71519,140.85877,137.015746,133.17272,2024-12-13,11:30
2024-12-13 12:30:00,133.3,134.53,132.85001,134.5295,18658386,38.62853,136.16450,135.62303,-1.20593,-0.88021813,-0.32571486,26.074714,13.71564,18.80834,-138.29610,1.71268,140.91422,136.94772,132.98122,2024-12-13,12:30
2024-12-13 13:30:00,134.52499,134.75,133.95,134.6348,14065097,39.15417,135.86058,135.42538,-1.22788,-0.94975131,-0.27813272,27.45480,21.076047,18.72630,-114.25763,1.64749,140.91049,136.95046,132.99043,2024-12-13,13:30
2024-12-13 14:30:00,134.63229,134.92,133.64999,133.987,22835599,37.051736,135.39191,135.13771,-1.28277,-1.016354,-0.26641114,19.10236,24.21063,18.80614,-120.76365,1.62052,140.98235,136.89981,132.81727,2024-12-13,14:30
2024-12-13 15:30:00,133.98,134.31,133.72,134.22,14372220,38.33434,134.97625,134.95417,-1.29256,-1.071595,-0.22096304,23.79610,23.45109,18.88027,-108.91859,1.54691,141.039360,136.80056,132.56176,2024-12-13,15:30
2024-12-16 09:30:00,134.16499,134.39999,130.42,132.2901,73858692,32.43867,134.41015,134.42135,-1.43945,-1.14517,-0.29428606,20.37146,21.089976,20.39672,-144.96101,1.72071,141.18065,136.53257,131.88448,2024-12-16,09:30
2024-12-16 10:30:00,132.3,132.46001,130.89,130.9299,27172789,29.047801,133.70125,133.72306,-1.64664,-1.24546,-0.40118101,5.55449,16.57402,21.80486,-147.41949,1.70994,141.28662,136.14756,131.0085050,2024-12-16,10:30
2024-12-16 11:30:00,130.9201,131.57001,130.44,130.963,23176778,29.24162,133.087143,133.17105,-1.78757,-1.35388,-0.43368335,5.91502,10.61366,23.27689,-137.97211,1.66852,141.14724,135.73677,130.32630,2024-12-16,11:30
2024-12-16 12:30:00,130.96001,132.039993,130.82001,131.31841,19102314,31.40844,132.90585,132.80052,-1.84925,-1.45296,-0.39629641,9.78656,7.085358,24.22210,-113.096584,1.63648,140.78444,135.32997,129.87549,2024-12-16,12:30
2024-12-16 13:30:00,131.31,131.78,130.71001,131.61,23414928,33.21545,132.72030,132.56242,-1.85325,-1.53301,-0.32023322,12.96298,9.55485,25.14669,-104.64062,1.59602,140.12248,134.90489,129.68729,2024-12-16,13:30
2024-12-16 14:30:00,131.63,132.78,131.59,132.39999,22170031,37.98232,132.48369,132.52993,-1.77224,-1.58086,-0.19137940,21.56856,14.77270,25.10457,-73.63207,1.56702,139.48027,134.56138,129.64250,2024-12-16,14:30
2024-12-16 15:30:00,132.39,132.44,131.52,131.99001,16535787,36.52524,132.18982,132.42195,-1.72128,-1.60894,-0.11233601,17.10246,17.21133,25.10254,-76.077186,1.52080,139.26740,134.32719,129.38697,2024-12-16,15:30
2024-12-17 09:30:00,129.0,129.61,126.86,127.62,87462311,25.35862,131.48238,131.46156,-2.010343,-1.68922,-0.32111923,7.49509,15.38870,26.86880,-176.61938,1.77860,139.47841,133.87219,128.26596,2024-12-17,09:30
2024-12-17 10:30:00,127.62,129.3,127.62,128.99001,33653414,32.34210,130.90127,130.96725,-2.10462,-1.77230,-0.33231621,26.42687,17.0081399,28.50889,-138.92904,1.77156,139.20188,133.45318,127.70448,2024-12-17,10:30
2024-12-17 11:30:00,128.98,131.21001,128.81,131.19,30929782,41.76457,130.77903,131.011799,-1.97900,-1.81364,-0.16535728,53.72212,29.21469,28.57919,-80.72961,1.81645,138.49353,133.10243,127.71133,2024-12-17,11:30
2024-12-17 12:30:00,131.2,131.59,129.71001,129.7243,20569000,37.97054,130.64508,130.75430,-1.97495,-1.84590,-0.12904517,35.53728,38.56209,28.38308,-75.89714,1.82099,137.78441,132.69060,127.59679,2024-12-17,12:30
2024-12-17 13:30:00,129.72501,130.19991,129.25,129.89999,16935727,38.68952,130.52697,130.58344,-1.93525,-1.86377,-0.071479829,37.71705,42.32548,28.38921,-87.88781,1.75877,137.063632,132.31635,127.56907,2024-12-17,13:30
2024-12-17 14:30:00,129.89999,130.0099945,129.10001,129.32491,15589185,37.17075,130.30547,130.33173,-1.92797,-1.87661,-0.051361037,32.69107,35.31513,28.45787,-92.28702,1.69814,136.24162,131.91710,127.59257,2024-12-17,14:30
2024-12-17 15:30:00,129.325,130.41,128.82001,130.35001,19970966,41.57349,130.16547,130.33539,-1.81853,-1.86500,0.046469721,46.28659,38.89824,28.20580,-72.74580,1.69041,135.43545,131.61010,127.78474,2024-12-17,15:30
2024-12-18 09:30:00,133.87,135.78,132.81,135.56371,51919555,57.77876,130.51699,131.38105,-1.29614,-1.75123,0.45508105,97.57519,58.85095,27.36187,123.39237,1.95753,135.90398,131.74078,127.57759,2024-12-18,09:30
2024-12-18 10:30:00,135.5601,136.7,134.955,135.25,24134694,56.75867,130.87921,132.15484,-0.89712540,-1.58041,0.68328026,85.26425,76.37534,26.92168,145.35909,1.94235,136.23046,131.83928,127.44810,2024-12-18,10:30
2024-12-18 11:30:00,135.27,135.86,134.66,135.61501,14119530,57.69457,131.76755,132.84687,-0.54516257,-1.37336,0.82819447,88.97366,90.60437,26.34436,127.49571,1.88932,136.44047,131.89356,127.34664,2024-12-18,11:30
2024-12-18 12:30:00,135.6199,136.42,135.11,135.985,44594875,58.67105,132.54477,133.47450,-0.23368025,-1.14542,0.91174143,92.73377,88.99056,26.030224,135.92582,1.84794,136.70462,131.96107,127.21751,2024-12-18,12:30
2024-12-18 13:30:00,135.98,136.33501,133.74001,133.87,18631505,51.37156,132.84255,133.55360,-0.15569677,-0.94747670,0.79177993,71.23981,84.31575,24.94042,92.74750,1.90130,136.68904,131.95522,127.22139,2024-12-18,13:30
2024-12-18 14:30:00,133.85201,134.45,130.78999,130.97,23848618,43.39868,132.98096,133.036879,-0.32416281,-0.82281392,0.49865111,41.76831,68.58063,23.77604,8.66944,2.026924,136.42648,131.79272,127.15895,2024-12-18,14:30
2024-12-18 15:30:00,130.955,131.5799,128.41,128.83,141774928,38.63371,132.86207,132.19550,-0.62316992,-0.78288512,0.15971520,20.020345,44.34282,23.55713,-73.21743,2.10856,136.42160,131.61971,126.81783,2024-12-18,15:30
2024-12-19 09:30:00,131.72,132.059998,129.8217,130.22,56394762,43.010577,132.96152,131.80040,-0.73944996,-0.77419809,0.034748132,28.63436,30.14101,23.11325,-33.033967,2.18867,136.41637,131.58422,126.75206,2024-12-19,09:30
2024-12-19 10:30:00,130.22,133.44,129.55,133.1499,33597597,50.95168,133.27262,132.070303,-0.58840146,-0.73703876,0.14863730,57.17615,35.27695,22.034653,11.73581,2.31019,136.56337,131.69356,126.82376,2024-12-19,10:30
2024-12-19 11:30:00,133.12,134.029999,131.45,131.61729,22742846,47.24326,132.83413,131.97970,-0.58561252,-0.70675352,0.12114099,38.68870,41.49974,20.76063,20.94325,2.32946,136.57545,131.70851,126.84157,2024-12-19,11:30
2024-12-19 12:30:00,131.605,132.59,131.52,131.74001,18404115,47.57228,132.44413,131.93176,-0.56696489,-0.67879579,0.11183090,40.16893,45.34459,19.57760,5.66483,2.23950,136.58175,131.71501,126.84826,2024-12-19,12:30
2024-12-19 13:30:00,131.745,132.95,131.57001,132.040894,13856362,48.42171,132.047011,131.95359,-0.52189131,-0.64741489,0.12552359,43.79847,40.88537,18.29761,14.019895,2.17811,136.55620,131.69705,126.83790,2024-12-19,13:30
2024-12-19 14:30:00,132.059998,132.089996,130.95,131.5701,15554561,47.13489,131.55647,131.87689,-0.51818604,-0.62156912,0.10338308,38.11939,40.69560,17.41297,-7.76605,2.10396,136.53359,131.67606,126.81852,2024-12-19,14:30
2024-12-19 15:30:00,131.59,131.89999,130.3,130.672,15479724,44.69477,131.20113,131.63591,-0.58102125,-0.61345955,0.032438297,27.28583,36.40123,16.90450,-35.63809,2.067959,136.34682,131.82866,127.31050,2024-12-19,15:30
2024-12-20 09:30:00,129.81,132.5,128.22,132.44679,73961621,50.18325,131.36522,131.79809,-0.48205066,-0.58717777,0.10512711,49.84426,38.41650,17.31850,-38.97095,2.22596,136.33267,132.0014954,127.67032,2024-12-20,09:30
2024-12-20 10:30:00,132.44051,134.14999,132.36,133.91,32094005,54.21721,131.92967,132.22047,-0.28229276,-0.52620077,0.24390801,69.39030,48.84013,16.77687,51.28736,2.19482,136.52861,132.13750,127.74638,2024-12-20,10:30
2024-12-20 11:30:00,133.91,135.0099945,133.82001,134.98489,25135974,56.97356,132.45910,132.77336,-0.036824042,-0.42832542,0.39150138,82.49872,67.24443,15.83507,84.040644,2.12305,136.81210,132.40052,127.98895,2024-12-20,11:30
2024-12-20 12:30:00,134.98,135.28,133.53999,133.69,20457543,52.84596,132.51911,132.95668,0.052618222,-0.33213669,0.38475492,67.40601,73.098343,15.093134,59.092708,2.095687,136.87959,132.59003,128.30046,2024-12-20,12:30
2024-12-20 13:30:00,133.6971,134.99001,133.58,134.9297,16952324,56.12333,132.88715,133.35129,0.22098790,-0.22151177,0.44249968,95.038298,81.64768,14.40419,63.43740,2.046710,136.99929,132.87027,128.74124,2024-12-20,13:30
2024-12-20 14:30:00,134.92,135.029999,133.7,133.88989,18593721,52.80799,133.12603,133.45901,0.26743527,-0.12372237,0.39115764,80.31010,80.91814,13.74051,45.84310,1.99552,137.029864,133.047260,129.064655,2024-12-20,14:30
2024-12-20 15:30:00,133.89,135.0099945,132.89999,134.96001,24109745,55.70782,133.45038,133.75921,0.38614319,-0.021749253,0.40789245,95.46753,90.27198,13.55867,50.77983,2.0036937,136.93150,133.017075,129.10265,2024-12-20,15:30
2024-12-23 09:30:00,136.28,137.82001,135.1201,136.2,49997537,58.86223,133.96481,134.24737,0.57366409,0.097333414,0.47633067,83.12490,86.30085,13.34051,132.54032,2.064858,137.10719,133.064574,129.021964,2024-12-23,09:30
2024-12-23 10:30:00,136.2,137.50999,135.83,137.2599,19316408,61.39320,134.69680,134.84987,0.79859559,0.23758585,0.56100974,94.16558,90.91934,13.13793,142.75185,2.037368,137.45203,133.14682,128.84161,2024-12-23,10:30
2024-12-23 11:30:00,137.25,138.47,136.85001,137.92999,18596455,62.94538,135.30604,135.46590,1.019178,0.39390420,0.62527341,94.73162,90.67404,13.40861,164.10330,2.0075557,137.87675,133.24407,128.61139,2024-12-23,11:30
2024-12-23 12:30:00,137.92999,139.0,137.755,138.53,16154943,64.32833,135.81938,136.078718,1.22825,0.56077286,0.66747461,95.64006,94.84576,13.90280,164.90282,1.95309,138.64954,133.47707,128.30460,2024-12-23,12:30
2024-12-23 13:30:00,138.5399,139.7,138.52,139.35001,17563953,66.18575,136.30439,136.73298,1.44347,0.73731133,0.70615388,96.95130,95.77433,14.67473,161.074418,1.89787,139.52576,133.89607,128.26638,2024-12-23,13:30
2024-12-23 14:30:00,139.35921,139.52,138.34,139.059998,18497265,64.89869,136.90106,137.19838,1.57250,0.90434881,0.66814995,94.42509,95.67215,15.25787,139.33228,1.84659,139.96158,134.40757,128.85356,2024-12-23,14:30
2024-12-23 15:30:00,139.070007,139.78999,138.89,139.655,14565048,66.34473,137.42609,137.68970,1.70314,1.064107,0.63903110,98.83324,96.73654,15.92977,131.27437,1.77898,140.53236,134.87932,129.22628,2024-12-23,15:30
2024-12-24 09:30:00,139.98,141.89999,139.3103,140.8201,44242762,69.034795,138.19611,138.31578,1.87902,1.22709,0.65193362,88.68034,93.97955,17.44737,138.99195,1.83688,141.41335,135.26283,129.11231,2024-12-24,09:30
2024-12-24 10:30:00,140.82001,141.4099,140.25999,141.395,19812344,70.29644,138.91111,138.93163,2.041274,1.38993,0.65134721,94.38900,93.96753,18.85658,127.29018,1.78781,142.21202,135.75171,129.29140,2024-12-24,10:30
2024-12-24 11:30:00,141.39999,141.39999,140.46001,140.7645,14936430,67.068963,139.41828,139.29820,2.094834,1.53091,0.56392568,87.38336,90.15090,20.16512,110.20137,1.72726,142.73961,136.20294,129.66627,2024-12-24,11:30
2024-12-24 12:30:00,140.755,140.83,138.64999,140.22,23139816,64.32246,139.74718,139.48256,2.069489,1.63862,0.43086428,81.33341,87.70192,19.90007,80.17997,1.75959,143.078879,136.61189,130.14491,2024-12-24,12:30
2024-12-26 09:30:00,139.52499,140.85001,137.73,138.72,38224769,57.35448,139.83496,139.33005,1.90639,1.69218,0.21421183,64.66675,77.79451,19.018676,55.91965,1.85677,143.061643,136.96939,130.87714,2024-12-26,09:30
2024-12-26 10:30:00,138.71001,139.66,138.40601,139.37,16077919,59.40660,139.92829,139.33804,1.80873,1.71549,0.093242767,71.88890,72.62969,18.20024,51.23915,1.81371,142.84305,137.40429,131.96552,2024-12-26,10:30
2024-12-26 11:30:00,139.36011,140.44,139.23,139.94009,13461581,61.17144,139.99385,139.45845,1.75708,1.72381,0.033276366,71.092461,69.21604,17.90146,65.52401,1.77059,142.81774,137.77895,132.74017,2024-12-26,11:30
2024-12-26 12:30:00,139.96001,140.39999,139.36,140.22,11051236,62.043971,140.12274,139.61076,1.71892,1.72283,-0.0039064091,72.32298,71.76812,17.62403,64.29490,1.71841,142.90997,138.094454,133.27894,2024-12-26,12:30
2024-12-26 13:30:00,140.21001,140.35001,139.85001,139.99001,9968537,60.83430,140.15997,139.68661,1.65109,1.70848,-0.057391578,62.17836,68.53127,17.36642,62.15524,1.63138,143.0055503,138.34471,133.68387,2024-12-26,13:30
2024-12-26 14:30:00,140.0,140.28999,139.85001,140.16499,8107739,61.45013,140.087177,139.78229,1.59309,1.68540,-0.092315081,58.39325,64.29820,17.12720,60.049592,1.54628,142.86770,138.66846,134.46922,2024-12-26,14:30
2024-12-26 15:30:00,140.14999,140.28,139.82001,139.89,8622750,59.85728,139.91995,139.80383,1.50755,1.64983,-0.14228012,51.79867,57.45676,16.87575,52.71628,1.46869,142.77527,138.91647,135.057675,2024-12-26,15:30
2024-12-27 09:30:00,138.55499,139.020004,134.71001,135.63989,51034871,41.81633,139.35055,138.97104,1.084319,1.53673,-0.45241179,12.93307,41.041664,17.92614,-122.99657,1.73378,142.46137,139.0039742,135.54658,2024-12-27,09:30
2024-12-27 10:30:00,135.63499,136.87,135.14999,136.8638,21330869,46.78992,138.97764,138.54959,0.83800166,1.39698,-0.55898330,29.95545,31.56240,18.90151,-151.32225,1.73279,142.19152,139.099164,136.0068039,2024-12-27,10:30
2024-12-27 11:30:00,136.86,136.92999,135.17999,135.7,18977464,43.023808,138.64209,137.97967,0.54262912,1.22611,-0.68348467,13.76901,18.88584,19.75657,-165.94752,1.73402,142.26635,139.074164,135.88198,2024-12-27,11:30
2024-12-27 12:30:00,135.7,136.5699,135.36,135.9599,14807348,44.10580,138.26319,137.57572,0.32576108,1.046043,-0.72028217,18.65543,20.79330,20.55056,-154.52322,1.69659,142.39362,139.0091637,135.62471,2024-12-27,12:30
2024-12-27 13:30:00,135.94119,136.83,135.855,136.23129,11959118,45.27447,137.85110,137.30683,0.17378742,0.87159208,-0.69780467,22.73974,18.38806,21.041312,-123.48774,1.64504,142.49299,138.92423,135.35546,2024-12-27,13:30
2024-12-27 14:30:00,136.23,136.99001,136.16,136.76849,14163644,47.60955,137.46760,137.19917,0.095592883,0.71639224,-0.62079936,33.52585,24.97367,21.34074,-94.71756,1.58683,142.52443,138.83615,135.14787,2024-12-27,14:30
2024-12-27 15:30:00,136.77,137.14,136.3,137.14,16695144,49.22313,137.15093,137.18733,0.062875767,0.58568895,-0.52281318,39.57643,31.94734,21.46636,-74.42782,1.53348,142.47760,138.72565,134.97370,2024-12-27,15:30
2024-12-30 09:30:00,135.1344,138.67,134.020004,136.71001,51292533,47.40331,136.76704,137.091867,0.0022247561,0.46899611,-0.46677135,41.90036,38.33421,22.78097,-79.47815,1.75609,142.45681,138.60815,134.75950,2024-12-30,09:30
2024-12-30 10:30:00,136.7,138.28999,136.64999,137.55991,21647966,51.24046,136.50814,137.18548,0.022479038,0.37969270,-0.35721366,55.13867,45.53849,24.0016875,-36.091819,1.74780,142.34642,138.50340,134.66038,2024-12-30,10:30
2024-12-30 11:30:00,137.55,139.070007,137.3924,139.020004,15602989,57.039060,136.88371,137.55238,0.15456668,0.33466749,-0.18010081,78.37003,58.46969,24.33953,5.77956,1.74278,142.11696,138.41339,134.70983,2024-12-30,11:30
2024-12-30 12:30:00,139.029999,140.27,138.89999,139.55,22612504,58.94751,137.18218,137.95191,0.29857181,0.32744836,-0.028876543,87.36172,73.62348,23.58140,53.79419,1.71616,141.80865,138.32114,134.83364,2024-12-30,12:30
2024-12-30 13:30:00,139.53999,139.94,138.84,139.011002,14240428,56.21262,137.55007,138.16372,0.36499655,0.33495800,0.030038556,79.60137,81.77771,22.91586,46.38132,1.67215,141.55509,138.23347,134.91185,2024-12-30,13:30
2024-12-30 14:30:00,139.020004,139.5,138.57001,138.5999,14145908,54.14909,137.84340,138.25096,0.38008473,0.34398334,0.036101391,73.16133,80.041475,22.47753,33.32552,1.61914,141.35317,138.15246,134.95176,2024-12-30,14:30
2024-12-30 15:30:00,138.60001,138.825,137.38,137.41,13996718,48.58926,137.97437,138.082768,0.29265406,0.33371749,-0.041063425,54.23999,69.00089643,22.79717,-9.74324,1.60670,141.29214,138.086964,134.88179,2024-12-30,15:30
2024-12-31 09:30:00,137.60001,137.78999,135.67,137.47,37279353,48.87431,138.052314,137.96021,0.22560529,0.31209505,-0.086489759,55.19995,60.86709,23.92399,-46.056277,1.64336,141.15170,137.99196,134.83222,2024-12-31,09:30
2024-12-31 10:30:00,137.49001,137.625,135.080002,135.11,19151346,39.57851,137.82676,137.39017,-0.017758960,0.24612425,-0.26388321,17.43994,42.29329,25.21519,-86.22087,1.70776,141.014317,137.75046,134.48660,2024-12-31,10:30
2024-12-31 11:30:00,135.10001,136.2,134.92999,135.050003,16280814,39.37348,137.64231,136.92214,-0.21301270,0.15429686,-0.36730956,16.47998,29.70662,26.47652,-103.69917,1.67650,140.75144,137.49196,134.23248,2024-12-31,11:30
2024-12-31 12:30:00,135.029999,135.7224,134.256,134.42999,16882852,37.22729,137.29455,136.42371,-0.41302131,0.040833223,-0.45385453,6.55981,13.49325,27.92475,-123.54481,1.66149,140.52186,137.21396,133.90606,2024-12-31,12:30
2024-12-31 13:30:00,134.4399,134.83501,133.8316,134.12,14681046,36.16582,136.75010,135.96297,-0.58974556,-0.085282532,-0.50446302,4.47924,9.17301,29.43692,-144.21665,1.61448,140.19036,136.91171,133.63306,2024-12-31,13:30
2024-12-31 14:30:00,134.12,135.62,133.89,135.4615,16433112,43.65326,136.29582,135.86267,-0.61446918,-0.19111986,-0.42334932,25.31526,12.11810,29.98277,-101.84801,1.62273,139.72344,136.69028,133.65713,2024-12-31,14:30
2024-12-31 15:30:00,135.45,135.5699,134.0,134.28999,16463481,39.31626,135.77127,135.54814,-0.72029073,-0.29695404,-0.42333670,7.11961,12.30470,30.48963,-110.93522,1.61896,139.80295,136.62279,133.44263,2024-12-31,15:30
2025-01-02 09:30:00,135.955,138.37,134.63,136.98,57155225,51.28454,135.59128,135.83451,-0.58040383,-0.35364399,-0.22675983,48.90022,27.11170,28.51201,-0.57484114,1.79475,139.81092,136.62860,133.44627,2025-01-02,09:30
2025-01-02 10:30:00,136.98,138.070007,136.41,137.9213,22388712,54.65471,135.64809,136.25187,-0.38910212,-0.36073562,-0.028366503,63.52030,39.84671,26.67565,39.43741,1.78512,139.93960,136.73966,133.53973,2025-01-02,10:30
2025-01-02 11:30:00,137.92,138.88,136.9115,137.0099945,22996889,50.97779,135.59697,136.40349,-0.30748401,-0.35008530,0.042601291,49.36615,53.92889,25.13835,42.13854,1.79822,139.97361,136.79217,133.61073,2025-01-02,11:30
2025-01-02 12:30:00,137.0,137.0097046,135.16,136.3699,23813747,48.50922,135.73696,136.39677,-0.29109548,-0.33828734,0.047191851,41.55426,51.48024,24.12162,-34.91102,1.80192,139.97623,136.79910,133.62197,2025-01-02,12:30
2025-01-02 13:30:00,136.355,137.36,135.53,137.3022,15287714,52.14415,135.98721,136.57786,-0.20056689,-0.31074325,0.11017635,61.22713,50.71585,22.92526,-5.25298,1.80393,140.010392,136.82579,133.64118,2025-01-02,13:30
2025-01-02 14:30:00,137.28999,138.039993,136.64999,137.91499,16465639,54.42171,136.37443,136.84529,-0.078470505,-0.26428870,0.18581819,80.88481,61.22207,21.33568,35.77335,1.77436,140.082181,136.86453,133.64689,2025-01-02,14:30
2025-01-02 15:30:00,137.92999,138.62601,137.31,138.28,14882303,55.77192,136.83665,137.13223,0.047200558,-0.20199085,0.24919141,88.11493,76.74229,20.15749,58.48126,1.74162,140.21787,136.94303,133.66820,2025-01-02,15:30
2025-01-03 09:30:00,140.020004,144.21989,139.77,143.1127,79451070,68.90594,137.68679,138.32832,0.53063763,-0.055465151,0.58610279,89.34191,86.11388,21.51142,225.98570,2.041497,141.45778,137.22067,132.98357,2025-01-03,09:30
2025-01-03 10:30:00,143.12,143.72,142.7529,143.4601,27319795,69.60470,138.70569,139.35468,0.93106429,0.14184074,0.78922356,92.68603,90.047625,22.76863,221.69974,1.96475,142.43211,137.44268,132.45324,2025-01-03,10:30
2025-01-03 11:30:00,143.47,144.13,143.1801,143.6803,19087152,70.063918,139.45016,140.21980,1.25174,0.36382144,0.88792280,94.80572,92.27789,24.065240,200.81448,1.89227,143.27212,137.64919,132.026268,2025-01-03,11:30
2025-01-03 12:30:00,143.69,144.74001,143.64,144.4953,20329289,71.76427,140.18061,141.074902,1.55374,0.60180490,0.95193386,97.75673,95.082828,25.46095,183.35430,1.83568,144.27317,137.92341,131.57365,2025-01-03,12:30
2025-01-03 13:30:00,144.5,144.89999,143.82001,144.371,19541645,71.10097,140.99850,141.73412,1.76272,0.83398837,0.92873385,95.19535,95.91927,26.80801,152.047483,1.78170,145.15524,138.21196,131.26868,2025-01-03,13:30
2025-01-03 14:30:00,144.37,144.55,144.039993,144.32001,15989401,70.81180,141.88184,142.25130,1.90230,1.047651,0.85464909,94.67902,95.87703,28.058845,123.54760,1.69086,145.97802,138.55746,131.13691,2025-01-03,14:30
2025-01-03 15:30:00,144.3,144.72,144.059998,144.59,17801822,71.47331,142.69160,142.71904,2.011514,1.24042,0.77109091,96.98152,95.61863,29.28148,107.38562,1.61723,146.76200,138.91346,131.064928,2025-01-03,15:30
2025-01-06 09:30:00,148.5925,151.7,147.8201,151.5312,91209338,82.47187,144.20451,144.48147,2.62787,1.51791,1.10996,98.97949,96.88001,32.0015155,177.26645,2.0095709,149.10742,139.73452,130.36163,2025-01-06,09:30
2025-01-06 10:30:00,151.52,152.15601,151.035004,151.88879,34163496,82.83895,145.71660,145.96294,3.10935,1.83620,1.27315,98.42780,98.12960,34.59180,166.30773,1.94610,151.072750,140.57646,130.080177,2025-01-06,10:30
2025-01-06 11:30:00,151.88,151.91859,150.89,151.30969,21844568,79.91993,146.62738,147.032287,3.40495,2.14995,1.25500,95.020514,97.47593,36.88420,141.0034444,1.88057,152.50230,141.42045,130.33860,2025-01-06,11:30
2025-01-06 12:30:00,151.3019,151.85001,150.81,151.675,19322484,80.38938,147.54014,147.96083,3.62688,2.44534,1.18155,97.10693,96.85175,38.94679,128.0021700,1.82053,153.70423,142.29820,130.89217,2025-01-06,12:30
2025-01-06 13:30:00,151.66879,151.8389,149.66,150.295,23113785,73.40762,148.27511,148.42766,3.64934,2.68614,0.96320508,87.99815,93.37520,39.92546,106.54545,1.84612,154.50019,143.039874,131.57956,2025-01-06,13:30
2025-01-06 14:30:00,150.3,150.62,149.37,150.52499,18639381,73.81578,148.94508,148.84713,3.64370,2.87765,0.76604948,89.013801,91.37296,40.60492,93.23885,1.80354,155.013899,143.85162,132.68935,2025-01-06,14:30
2025-01-06 15:30:00,150.52,150.83,148.255,149.5101,25098803,68.79777,149.51609,148.97972,3.51680,3.0054799,0.51131552,78.63794,85.21663,40.38081,76.93235,1.85865,155.43195,144.47813,133.52431,2025-01-06,15:30
2025-01-07 09:30:00,153.048004,153.13,143.53,143.658,116718490,48.37615,149.44253,147.91538,2.91046,2.98648,-0.076018311,8.72214,58.79129,37.54412,30.78195,2.41160,155.30978,144.76496,134.22015,2025-01-07,09:30
2025-01-07 10:30:00,143.64999,143.85001,140.44,142.76669,79926159,46.13018,149.23994,146.88564,2.33114,2.85541,-0.52427133,18.33483,35.23164,35.95536,-41.57175,2.48292,155.034407,145.052799,135.071191,2025-01-07,10:30
2025-01-07 11:30:00,142.75999,149.42999,141.12,141.429,32583750,42.91027,148.11748,145.79431,1.74398,2.63312,-0.88914506,7.79352,11.61683,34.23583,-23.52687,2.89914,154.62908,145.30575,135.98243,2025-01-07,11:30
2025-01-07 12:30:00,141.42999,143.45,141.31,143.11501,23029395,47.85101,147.14261,145.25845,1.39857,2.38621,-0.98763918,21.079610,15.73599,32.63913,-55.30477,2.84491,154.24134,145.59639,136.95145,2025-01-07,12:30
2025-01-07 13:30:00,143.11,143.17,141.39999,141.64011,18605910,44.24377,146.068212,144.53478,0.99436272,2.10784,-1.11348,9.45708,12.77674,31.15647,-73.15623,2.76813,153.90213,145.78265,137.66317,2025-01-07,13:30
2025-01-07 14:30:00,141.645,141.66,140.44,140.605,24935062,41.85882,144.83821,143.74883,0.58376966,1.80303,-1.21926,1.30018,10.61229,29.39439,-101.54079,2.65755,153.64329,145.89890,138.15451,2025-01-07,14:30
2025-01-07 15:30:00,140.61,141.3,140.0099945,140.12,25410017,40.75041,143.70766,143.023060,0.21673778,1.48577,-1.26903,0.83841862,3.86523,27.58529,-105.70790,2.55987,153.81230,145.74926,137.68623,2025-01-07,15:30
2025-01-08 09:30:00,142.66,143.95,139.4301,140.59,79115408,42.34372,142.60377,142.53645,-0.035799778,1.18146,-1.21726,8.46646,3.53502,26.80361,-85.42106,2.69987,153.92476,145.60576,137.28676,2025-01-08,09:30
2025-01-08 10:30:00,140.58,141.5,139.42999,140.031006,25664293,40.93382,141.55053,142.035359,-0.27784070,0.88959630,-1.16744,4.38695,4.56394,26.077723,-97.53531,2.65488,154.057334,145.42329,136.78926,2025-01-08,10:30
2025-01-08 11:30:00,140.039993,140.85001,138.029999,138.12981,15334100,36.48430,140.93629,141.25425,-0.61597025,0.58848299,-1.20445,0.66097814,4.50480,24.78430,-110.34194,2.66668,154.30329,145.10502,135.90675,2025-01-08,11:30
2025-01-08 12:30:00,138.13,140.85001,137.89,140.62,16764343,44.92831,140.69777,141.12740,-0.67521943,0.33574251,-1.010962,17.91335,7.65376,23.52201,-88.70020,2.68763,154.31868,144.91747,135.51626,2025-01-08,12:30
2025-01-08 13:30:00,140.62,141.020004,139.57001,140.71001,15996345,45.21184,140.61788,141.043920,-0.70676452,0.12724110,-0.83400562,18.50398,12.35944,22.41809,-72.12032,2.59923,154.31411,144.73697,135.15983,2025-01-08,13:30
2025-01-08 14:30:00,140.7,140.7,139.7001,139.9989,11401439,43.31457,140.27165,140.83492,-0.78015138,-0.054237393,-0.72591399,13.83793,16.75175,21.39302,-70.55330,2.48570,154.30519,144.50742,134.70964,2025-01-08,14:30
2025-01-08 15:30:00,139.98,140.27,139.78,140.059998,9199211,43.53381,140.096078,140.67993,-0.82388383,-0.20816668,-0.61571715,14.23883,15.52691,20.44117,-67.19675,2.34315,153.35562,143.93385,134.51209,2025-01-08,15:30
2025-01-10 09:30:00,137.37,137.675,134.22,136.15131,71482682,34.37390,139.60122,139.77421,-1.16056,-0.39864586,-0.76191673,12.69761,13.59146,20.68763,-125.44103,2.59293,152.40713,143.14698,133.88683,2025-01-10,09:30
2025-01-10 10:30:00,136.159,137.42,135.12,135.62,30237419,33.34678,139.10122,138.94336,-1.45350,-0.60961674,-0.84388351,9.20444,12.046957,20.91649,-122.11177,2.57200,151.37881,142.36250,133.34618,2025-01-10,10:30
2025-01-10 11:30:00,135.61,136.2,135.0,136.17,19282492,35.49552,138.61011,138.38869,-1.62257,-0.81220756,-0.81036327,20.041087,13.98104,21.16894,-124.73702,2.47400,149.90678,141.58725,133.26771,2025-01-10,11:30
2025-01-10 12:30:00,136.16,136.895,136.10001,136.53,15418478,36.92875,138.22111,138.016953,-1.70782,-0.99133098,-0.71649371,23.74099,17.66217,21.013807,-107.75027,2.35408,148.46670,140.89900,133.33130,2025-01-10,12:30
2025-01-10 13:30:00,136.52,137.10989,135.77,136.24001,15407385,36.23040,138.011134,137.66156,-1.77829,-1.14872,-0.62956722,20.76059,21.51422,20.99657,-109.098793,2.28163,146.59089,140.18475,133.77860,2025-01-10,13:30
2025-01-10 14:30:00,136.23,136.46671,135.4214,135.64999,14693543,34.78895,137.45891,137.25925,-1.86030,-1.29104,-0.56926090,14.69675,19.73278,21.11823,-114.055454,2.19332,144.57486,139.49174,134.40863,2025-01-10,14:30
2025-01-10 15:30:00,135.64,136.13,135.42,135.86,13963294,35.76851,136.92002,136.97940,-1.88660,-1.41015,-0.47644819,16.85509,17.43747,21.23178,-101.37057,2.087373,144.041104,139.10184,134.16258,2025-01-10,15:30
2025-01-13 09:30:00,129.995,132.61,129.50999,130.74989,78759504,25.66561,135.89235,135.73350,-2.29335,-1.58679,-0.70655782,10.34110,13.96431,23.12340,-195.85959,2.39185,144.35054,138.50100,132.65146,2025-01-13,09:30
2025-01-13 10:30:00,130.72,133.11,130.72,131.63499,27378480,29.38596,134.95624,134.91380,-2.51528,-1.77249,-0.74279560,18.46219,15.21946,24.57780,-150.58389,2.39171,144.41221,138.011300,131.61039,2025-01-13,10:30
2025-01-13 11:30:00,131.63,132.84,131.14,132.63,19761358,33.42015,134.56499,134.45704,-2.58113,-1.93422,-0.64691149,27.10693,18.63674,25.92831,-125.81909,2.34231,143.84742,137.48705,131.12668,2025-01-13,11:30
2025-01-13 12:30:00,132.63,132.91,131.955,132.515,13032729,33.18417,134.21999,134.068631,-2.61247,-2.069868,-0.54260652,26.10775,23.89229,27.13492,-109.19354,2.24321,143.44300,137.030795,130.61859,2025-01-13,12:30
2025-01-13 13:30:00,132.52,132.63,131.57001,132.295,13159817,32.70838,133.78943,133.71390,-2.62481,-2.18086,-0.44395523,24.88832,26.034335,28.36431,-106.97438,2.15870,143.12347,136.61529,130.10712,2025-01-13,13:30
2025-01-13 14:30:00,132.2995,132.63989,131.94,132.1908,14548338,32.47091,133.30730,133.40928,-2.61288,-2.26726,-0.34561713,24.91449,25.30352,29.49827,-97.020566,2.054497,142.79046,136.21883,129.64721,2025-01-13,14:30
2025-01-13 15:30:00,132.2,133.49001,132.16,133.24001,14212783,37.39929,132.97397,133.37543,-2.49005,-2.31182,-0.17823461,45.68288,31.82856,29.89284,-73.36637,2.0027475,142.22310,135.85134,129.47957,2025-01-13,15:30
2025-01-14 09:30:00,136.059998,136.38,132.5144,132.56,56331222,35.58655,132.63063,133.21234,-2.41969,-2.33339,-0.086299230,38.55881,36.38539,28.43060,-44.48392,2.13581,141.69983,135.47778,129.25574,2025-01-14,09:30
2025-01-14 10:30:00,132.56,132.95039,130.32001,130.981,37323371,31.73953,132.088521,132.76607,-2.46295,-2.35931,-0.10364661,19.35563,34.53244,27.94127,-94.72238,2.17114,141.51099,135.12034,128.72970,2025-01-14,10:30
2025-01-14 11:30:00,130.99001,131.24001,130.45,131.13,16714373,32.48128,132.13076,132.43886,-2.45689,-2.37882,-0.078067981,21.31621,26.41021,27.48689,-96.42104,2.072484,140.73478,134.64585,128.55691,2025-01-14,11:30
2025-01-14 12:30:00,131.13499,131.78999,130.58,131.65601,14111137,35.15991,132.13309,132.28229,-2.38218,-2.37950,-0.0026879082,28.23737,22.96973,26.73885,-79.47547,2.010877,139.73285,134.19314,128.65344,2025-01-14,12:30
2025-01-14 13:30:00,131.65581,132.36,131.46001,131.705,16793453,35.41693,132.030312,132.16683,-2.29260,-2.36212,0.069519977,31.55237,27.035316,25.70802,-60.87549,1.93153,138.72792,133.77845,128.82898,2025-01-14,13:30
2025-01-14 14:30:00,131.7095,132.039993,130.050003,130.79581,21614619,32.81733,131.83929,131.89263,-2.26881,-2.34345,0.074646383,18.71631,26.16868,25.35709,-83.88315,1.93570,137.50173,133.31524,129.12875,2025-01-14,14:30
2025-01-14 15:30:00,130.795,131.85001,130.46001,131.85001,15064220,38.45784,131.78985,131.88410,-2.14022,-2.30281,0.16258778,34.061253,28.10998,25.031222,-64.51434,1.89673,137.12043,133.10018,129.079925,2025-01-14,15:30
2025-01-15 09:30:00,133.63,134.55,131.28999,134.2,53514058,48.78115,132.013092,132.34728,-1.82762,-2.20777,0.38014979,65.56071,39.44609,23.28444,13.66874,1.99410,136.91688,133.029176,129.14147,2025-01-15,09:30
2025-01-15 10:30:00,134.21001,135.59,133.94,134.38989,28204124,49.51806,132.14086,132.75580,-1.54673,-2.075561,0.52883188,68.56064,56.060865,22.14798,71.74938,1.96952,136.61167,132.94017,129.26867,2025-01-15,10:30
2025-01-15 11:30:00,134.38,134.91,133.49001,134.8813,18294033,51.46415,132.39878,133.18090,-1.26983,-1.91442,0.64458377,76.32381,70.14839,20.85590,72.93196,1.93027,136.26787,132.85774,129.44761,2025-01-15,11:30
2025-01-15 12:30:00,134.88499,135.74989,134.86,135.5247,17977109,53.96636,132.90364,133.64966,-0.98709214,-1.72895,0.74185845,86.48814,77.12420,20.056547,124.31669,1.85596,136.10198,132.82197,129.54196,2025-01-15,12:30
2025-01-15 13:30:00,135.5287,135.97,135.1201,135.9399,12270239,55.55857,133.43807,134.10771,-0.72120314,-1.52740,0.80619796,93.047249,85.28640,19.41898,140.13920,1.78410,136.16849,132.83647,129.50444,2025-01-15,13:30
2025-01-15 14:30:00,135.9386,136.24001,135.25999,136.067001,15108793,56.059633,133.92818,134.49957,-0.49452722,-1.32083,0.82629910,95.055238,91.53021,18.96015,148.36380,1.72666,136.21740,132.84682,129.47623,2025-01-15,14:30
2025-01-15 15:30:00,136.059998,136.425,135.71001,136.2,14667621,56.61087,134.42762,134.83965,-0.30068715,-1.11680,0.81611134,96.47049,94.85766,18.62885,137.43100,1.65440,136.64539,133.11932,129.59325,2025-01-15,15:30
2025-01-16 09:30:00,138.7,138.7,136.2941,137.2,59856624,60.61205,135.13920,135.31172,-0.065619440,-0.90656268,0.84094324,82.65895,91.39489,19.34933,162.54703,1.71480,137.27226,133.39757,129.52288,2025-01-16,09:30
2025-01-16 10:30:00,137.205,137.38,135.11,135.24001,26009111,50.73641,135.51587,135.29738,-0.037054375,-0.73266102,0.69560664,60.000070561,79.70984,19.22710,90.81939,1.75446,137.46586,133.52807,129.59028,2025-01-16,10:30
2025-01-16 11:30:00,135.25,135.61,134.11,135.5657,81955163,52.13213,135.66761,135.35104,0.011729609,-0.58378289,0.59551250,63.76538,68.80813,18.50364,54.12017,1.73628,137.68538,133.68061,129.67583,2025-01-16,11:30
2025-01-16 12:30:00,135.57001,135.67,134.24001,134.25999,9448216,46.45046,135.65318,135.13283,-0.054342181,-0.47789475,0.42355257,48.67046,57.47863,17.86217,36.11582,1.71440,137.73901,133.77886,129.81871,2025-01-16,12:30
2025-01-16 13:30:00,134.25999,135.32001,133.55,135.125,61265074,50.31380,135.68026,135.13127,-0.036485258,-0.38961285,0.35312759,58.67053,57.035453,16.83893,30.13417,1.71838,137.85682,133.92557,129.99432,2025-01-16,13:30
2025-01-16 14:30:00,135.13,135.86861,134.99001,135.2001,12931625,50.64673,135.64419,135.14503,-0.016087821,-0.31490785,0.29882002,57.52552,54.95550,16.19681,52.30279,1.65839,137.97922,134.023571,130.067918,2025-01-16,14:30
2025-01-16 15:30:00,135.205,135.35001,133.5,133.60001,10841797,43.89790,135.38420,134.83603,-0.12756670,-0.27743962,0.14987291,31.17425,49.12343,15.37010,4.67235,1.67208,137.97991,134.075571,130.17123,2025-01-16,15:30
2025-01-17 09:30:00,136.21001,137.6291,135.47,136.75,65138447,56.25581,135.46009,135.21882,0.037827607,-0.21438617,0.25221378,62.57197,50.42391,15.13783,96.48378,1.84044,138.16222,134.36402,130.56583,2025-01-17,09:30
2025-01-17 10:30:00,136.75,138.24001,136.72009,138.1292,27170977,60.37178,135.67445,135.80090,0.27700031,-0.11610888,0.39310918,89.044113,60.93011,15.19929,136.83846,1.81754,138.54542,134.71398,130.88254,2025-01-17,10:30
2025-01-17 11:30:00,138.13499,138.22009,137.65379,137.96851,19344161,59.66735,135.75984,136.23442,0.44841103,-0.0032048958,0.45161592,85.93286,79.18298,15.25636,137.50177,1.72817,138.84138,135.029606,131.21784,2025-01-17,11:30
2025-01-17 12:30:00,137.965,138.5,137.58,138.25999,13857648,60.56620,136.095389,136.63953,0.60084973,0.11760603,0.48324370,91.53841,88.83846,15.44691,134.71543,1.67044,139.095858,135.35736,131.61885,2025-01-17,12:30
2025-01-17 13:30:00,138.25999,138.31,137.47,138.089996,15651447,59.73015,136.37587,136.92963,0.69987337,0.23405950,0.46581387,88.26921,88.58016,15.54290,119.17024,1.61112,139.0047876,135.72206,132.43934,2025-01-17,13:30
2025-01-17 14:30:00,138.080002,138.16499,137.31,137.685,16738044,57.68712,136.75642,137.080701,0.73717263,0.33468212,0.40249051,80.48077,86.76280,15.50834,98.55074,1.55712,138.87875,136.013815,133.14888,2025-01-17,14:30
2025-01-17 15:30:00,137.67999,138.10001,137.53,137.73,15314643,57.85959,137.045866,137.21056,0.76158447,0.42006259,0.34152188,81.34612,83.36537,15.47625,90.71600,1.48661,139.021270,136.19031,133.35936,2025-01-17,15:30
2025-01-21 09:30:00,139.16,140.21001,137.089996,138.5166,52007076,60.86270,137.41437,137.47177,0.83478071,0.50300622,0.33177449,74.76299,78.86329,16.56803,118.78484,1.60328,139.27381,136.39665,133.51949,2025-01-21,09:30
2025-01-21 10:30:00,138.50999,139.22,138.13,138.98,17474761,62.55562,138.012143,137.77341,0.91958094,0.58632116,0.33325978,81.66901,79.25937,17.58183,114.13780,1.56662,139.59917,136.60158,133.60400,2025-01-21,10:30
2025-01-21 11:30:00,138.97009,139.49001,138.33,139.33009,12989005,63.82864,138.29882,138.084750,1.0034683,0.66975060,0.33371773,86.88655,81.10618,18.65526,113.51491,1.53757,139.96955,136.79185,133.61416,2025-01-21,11:30
2025-01-21 12:30:00,139.35001,141.83,139.28999,141.57961,26808979,70.71739,138.68220,138.78372,1.23720,0.78324143,0.45396333,96.99404,88.51653,20.61232,175.72382,1.60917,140.84465,137.073840,133.30303,2025-01-21,12:30
2025-01-21 13:30:00,141.58,141.75999,140.7626,141.28,17160453,68.83702,139.050142,139.28298,1.38233,0.90305958,0.47927260,93.39732,92.42597,22.42959,168.67149,1.56548,141.49176,137.33449,133.17722,2025-01-21,13:30
2025-01-21 14:30:00,141.28751,141.59,140.94,141.58,14044572,69.70566,139.41903,139.74238,1.50421,1.023291,0.48092416,96.99880,95.79672,24.11705,153.86373,1.50008,142.11358,137.60349,133.093403,2025-01-21,14:30
2025-01-21 15:30:00,141.575,141.72,140.58,140.83,13699719,64.83976,139.72348,139.95991,1.52274,1.12318,0.39955610,84.27673,91.55762,25.29883,124.47404,1.47436,142.50289,137.78499,133.067085,2025-01-21,15:30
2025-01-22 09:30:00,144.75,147.42999,143.67,146.37891,82029594,77.40625,140.68947,141.24371,1.96254,1.29105,0.67148909,90.18584,90.48712,28.035329,241.34939,1.84048,144.21506,138.34193,132.46881,2025-01-22,09:30
2025-01-22 10:30:00,146.375,147.17999,145.47,146.0050049,31864934,75.44942,141.60891,142.19597,2.25493,1.48383,0.77109906,86.21868,86.89375,30.57636,205.077356,1.83116,145.46745,138.86390,132.26035,2025-01-22,10:30
2025-01-22 11:30:00,146.009903,146.9299,145.7,146.75929,21005879,76.72757,142.52477,143.10863,2.51848,1.69076,0.82771949,93.51354,89.97269,32.93590,172.085633,1.78821,146.57919,139.48886,132.39854,2025-01-22,11:30
2025-01-22 12:30:00,146.7597,147.10001,146.38,146.60001,15569337,75.82976,143.37143,143.80691,2.68355,1.88932,0.79423806,91.97305,90.56842,35.16376,149.43469,1.71191,147.49639,140.062615,132.62884,2025-01-22,12:30
2025-01-22 13:30:00,146.595,147.71001,146.53999,147.3701,22193366,77.21774,144.26477,144.51955,2.84374,2.080201,0.76353846,96.79939,94.095326,37.36558,138.88582,1.67321,148.39970,140.67112,132.94253,2025-01-22,13:30
2025-01-22 14:30:00,147.38,147.78999,147.029999,147.058105,18442995,75.33035,144.87349,145.027257,2.91194,2.24655,0.66539492,93.15992,93.97746,39.42782,124.34577,1.60798,148.83257,141.34402,133.85547,2025-01-22,14:30
2025-01-22 15:30:00,147.054993,147.45,146.7,147.039993,17907158,75.21541,145.51349,145.42980,2.93075,2.38339,0.54736211,92.99065,94.31666,40.97067,102.63188,1.54669,149.42736,141.85852,134.28968,2025-01-22,15:30
2025-01-23 09:30:00,145.020004,145.92999,143.72,145.28999,49364950,64.91030,145.92571,145.40184,2.77249,2.46121,0.31127798,74.12005,86.75688,39.71695,54.85379,1.67336,149.72309,142.21656,134.71003,2025-01-23,09:30
2025-01-23 10:30:00,145.2905,146.28999,145.050003,145.715,21249120,66.12417,146.46849,145.46447,2.65080,2.49913,0.15167164,78.065552,81.72542,38.71408,60.78721,1.64240,149.99216,142.60388,135.21561,2025-01-23,10:30
2025-01-23 11:30:00,145.71001,146.3199,145.28,145.38,12997316,64.23786,146.35750,145.44758,2.49853,2.49901,-0.00047983692,71.64720,74.61093,37.79683,54.056621,1.59937,150.16038,142.95988,135.75939,2025-01-23,11:30
2025-01-23 12:30:00,145.38499,146.11,144.98,145.905,12459325,65.88057,146.34639,145.53906,2.39263,2.47773,-0.085099371,73.85580,74.52285,36.69657,48.72823,1.56584,150.29527,143.35063,136.40600,2025-01-23,12:30
2025-01-23 13:30:00,145.89999,146.72,145.88,146.5899,12121155,67.94899,146.32757,145.74923,2.33704,2.44959,-0.11255612,83.35520,76.28607,35.99127,58.46016,1.51399,150.36198,143.79588,137.22978,2025-01-23,13:30
2025-01-23 14:30:00,146.59,146.86,146.0,146.48,15219675,67.24449,146.31423,145.89538,2.25808,2.41129,-0.15321172,81.83080,79.68060,35.40905,55.34341,1.46728,150.26910,144.23338,138.19766,2025-01-23,14:30
2025-01-23 15:30:00,146.47501,147.23,146.070007,147.2,15857774,69.47708,146.29533,146.15631,2.22792,2.37462,-0.14669672,85.67968,83.62190,35.064696,61.48909,1.44533,150.22631,144.66755,139.10879,2025-01-23,15:30
2025-01-24 09:30:00,148.3575,148.97,145.75999,146.050003,63304737,62.18642,146.18332,146.13505,2.087164,2.31713,-0.22996202,44.38099,70.63049,35.54653,62.42533,1.57138,149.95182,145.021050,140.090280,2025-01-24,09:30
2025-01-24 10:30:00,146.039993,146.57001,144.92,145.2,27038728,57.39249,145.97888,145.94804,1.88529,2.23076,-0.34546630,28.19039,52.75036,35.20856,11.42977,1.57700,149.49748,145.31455,141.13161,2025-01-24,10:30
2025-01-24 11:30:00,145.19,145.39999,144.14,144.435,22004122,53.40242,145.88388,145.64543,1.64462,2.11353,-0.46891011,13.61898,28.73012,34.22235,-38.32833,1.55435,149.30181,145.45732,141.61282,2025-01-24,11:30
2025-01-24 12:30:00,144.42999,144.6154,142.62,143.39,25876751,48.44751,145.62554,145.19434,1.35396,1.96162,-0.60765927,12.12604,17.97847,32.16887,-110.26221,1.58586,149.041381,145.56282,142.084249,2025-01-24,12:30
2025-01-24 13:30:00,143.39,143.57001,141.94009,142.3101,30513147,43.91311,145.28444,144.61750,1.024654,1.77422,-0.74957011,5.26337,10.33613,29.92796,-176.71438,1.58900,148.92175,145.59932,142.27689,2025-01-24,13:30
2025-01-24 14:30:00,142.31,142.85001,141.88,142.035004,20342241,42.81378,144.85444,144.10100,0.73303079,1.56599,-0.83295493,2.18616,6.52519,27.88697,-215.051562,1.54479,148.66217,145.65957,142.65697,2025-01-24,14:30
2025-01-24 15:30:00,142.024994,142.836,141.89999,142.6004,21485810,45.81606,144.41117,143.80088,0.54130025,1.36105,-0.81974838,10.16077,5.87010,25.99177,-162.0096747,1.50130,148.73271,145.47065,142.20858,2025-01-24,15:30
2025-01-27 09:30:00,124.79,128.39999,123.050003,124.029999,243794418,16.036448,141.91672,139.84670,-1.096484,0.86954202,-1.96603,3.78085,5.37593,28.96543,-488.23668,2.79053,154.25598,144.37189,134.48781,2025-01-27,09:30
2025-01-27 10:30:00,124.019997,124.96,119.0,119.15,111964137,13.54494,138.80006,135.70736,-2.75644,0.14434541,-2.90079,0.50050557,4.81404,32.037808,-347.54478,3.016916,157.69386,142.99143,128.28900,2025-01-27,10:30
2025-01-27 11:30:00,119.145,121.75,117.26,119.76,119667017,15.31607,135.87895,132.51789,-3.97690,-0.67990434,-3.29700,7.88395,4.055101,35.0080095,-248.31190,3.12214,159.37774,141.64943,123.92112,2025-01-27,11:30
2025-01-27 12:30:00,119.77,121.015404,117.8,117.875,64458183,14.33854,132.84283,129.58931,-5.038156,-1.55155,-3.48660,1.93944,3.44130,37.76605,-186.34092,3.12880,160.47474,140.17467,119.87461,2025-01-27,12:30
2025-01-27 13:30:00,117.8709,119.96,117.36,118.805,65261226,17.14812,129.99506,127.43245,-5.73802,-2.38885,-3.34917,4.87227,4.89856,40.35893,-147.66529,3.091027,160.80667,138.76202,116.71737,2025-01-27,13:30
2025-01-27 14:30:00,118.805,119.47,116.7,117.78,78174325,16.50556,127.14950,125.50196,-6.30272,-3.17162,-3.13110,3.34677,3.38616,42.81581,-125.51641,3.068097,160.78837,137.29902,113.80967,2025-01-27,14:30
2025-01-27 15:30:00,117.78,118.63,117.775,118.51,61664583,18.83812,124.50505,124.10357,-6.61509,-3.86032,-2.75477,5.60894,4.60933,45.097195,-104.89609,2.91002,160.50410,135.96002,111.41594,2025-01-27,15:30
2025-01-28 09:30:00,121.81,122.2,116.26,121.77,5287864,28.45105,122.25338,123.63685,-6.52438,-4.39313,-2.13125,18.17881,9.044840,45.43252,-82.73726,3.12645,159.62072,134.76277,109.90482,2025-01-28,09:30
2025-01-28 10:30:00,121.785,121.805,119.36,120.77,2110591,27.37978,119.82778,123.063484,-6.45873,-4.80625,-1.65248,15.47701,13.088255,45.74390,-70.81433,3.077771,158.60169,133.53227,108.46285,2025-01-28,10:30
2025-01-28 11:30:00,120.765,126.62,120.665,125.72,2665453,39.51948,120.015556,123.59479,-5.93883,-5.032765,-0.90606066,33.36225,22.33936,44.078928,-45.47425,3.28329,157.13990,132.52302,107.90614,2025-01-28,11:30
2025-01-28 12:30:00,126.015,126.92,124.92,126.315,2507241,40.80053,120.81167,124.13883,-5.41635,-5.10948,-0.30686514,36.81801,28.55242,42.42701,-31.67441,3.19162,155.38421,131.50928,107.63434,2025-01-28,12:30
2025-01-28 13:30:00,126.065,127.4,125.47,126.99,1067887,42.29381,121.61500,124.70906,-4.89143,-5.065870,0.17444446,40.35351,36.84459,40.71656,-24.20798,3.10151,153.45800,130.53478,107.61155,2025-01-28,13:30
2025-01-28 14:30:00,126.76,127.87,126.65,127.39,1454176,43.20804,122.67222,125.24525,-4.39251,-4.93120,0.53868697,41.87989,39.68380,38.94977,-15.46258,2.96711,151.17716,129.54428,107.91139,2025-01-28,14:30
2025-01-28 15:30:00,127.57,129.0,126.92,129.0,3092915,46.85746,123.80500,125.99620,-3.82313,-4.70959,0.88645149,100,60.74447,36.88018,-2.98494,2.90375,148.95618,128.69178,108.42737,2025-01-28,15:30
2025-01-29 09:30:00,126.48,126.89,123.715,124.0,97792943,38.56852,124.49611,125.59696,-3.73233,-4.51413,0.78180238,60.75353,67.54448,35.83662,-24.0062338,3.073839,146.50106,127.63178,108.76249,2025-01-29,09:30
2025-01-29 10:30:00,123.99,124.35,121.72,122.9816,63385709,37.12789,124.99296,125.073888,-3.69990,-4.35129,0.65138943,52.75980,71.17111,35.33327,-35.54520,3.042136,143.85947,126.55911,109.25874,2025-01-29,10:30
2025-01-29 11:30:00,122.98,123.23,121.88,122.9984,37340162,37.16958,125.12944,124.65879,-3.63098,-4.20723,0.57624420,52.89166,55.46833,34.86587,-33.38562,2.92127,141.064490,125.53953,110.014561,2025-01-29,11:30
2025-01-29 12:30:00,122.998,123.4899,120.050003,121.59,53048844,35.069943,125.22055,124.045031,-3.64796,-4.095373,0.44741255,41.83671,49.16272,34.84852,-39.58416,2.95831,138.053449,124.50352,110.95359,2025-01-29,12:30
2025-01-29 13:30:00,121.59,122.089996,120.3,120.91,37832248,34.069293,124.68611,123.41803,-3.67394,-4.011086,0.33715045,36.49924,43.74254,34.83242,-41.60474,2.87486,134.41313,123.44727,112.48141,2025-01-29,13:30
2025-01-29 14:30:00,120.91,123.35,120.55,123.15,45222438,40.12951,124.33444,123.36442,-3.47373,-3.90361,0.42988605,54.081645,44.13920,34.22707,-2.22906,2.86951,129.041028,122.47475,115.90847,2025-01-29,14:30
2025-01-29 15:30:00,123.17,123.81,121.61,123.81,37735388,41.82622,123.98111,123.45354,-3.22463,-3.76782,0.54318351,59.26215,49.94768,33.45223,19.57283,2.82169,129.020299,122.46375,115.90720,2025-01-29,15:30
2025-01-30 09:30:00,123.080002,124.15,119.45,119.57,90528663,34.96982,123.11222,122.67683,-3.33096,-3.68045,0.34948530,2.17842,38.50740,33.31558,-33.71594,2.95586,129.0012786,122.48475,115.96822,2025-01-30,09:30
2025-01-30 10:30:00,119.5814,120.4,118.099998,119.054703,64130432,34.23531,122.0071886,121.95240,-3.41741,-3.62784,0.21042731,8.75875,23.39977,33.51578,-81.88669,2.90901,129.031914,122.44948,115.86706,2025-01-30,10:30
2025-01-30 11:30:00,119.050102,120.89,118.44,119.29,39764703,34.90764,121.48386,121.41992,-3.42743,-3.58776,0.16032802,10.91745,7.28488,33.45395,-74.37667,2.87622,128.93269,122.52023,116.10778,2025-01-30,11:30
2025-01-30 12:30:00,119.285,120.2,119.11,119.475,23780625,35.46624,121.094233,121.030938,-3.38146,-3.54650,0.16503711,12.61468,10.76363,33.39653,-75.29690,2.74864,128.89481,122.55373,116.21266,2025-01-30,12:30
2025-01-30 13:30:00,119.48,121.57,119.38,121.455,32649141,41.27501,120.92274,121.11575,-3.14896,-3.46699,0.31802910,30.77984,18.10399,32.62016,-49.11613,2.70873,128.71728,122.73749,116.75769,2025-01-30,13:30
2025-01-30 14:30:00,121.4543,123.48,121.0,123.415,43926561,46.41665,121.12552,121.57560,-2.77457,-3.32851,0.55394037,48.76148,30.71867,30.99957,-3.61260,2.69240,128.64267,122.98273,117.32280,2025-01-30,14:30
2025-01-30 15:30:00,123.41,125.0,121.93,124.91,47647645,50.011805,121.56997,122.24248,-2.33036,-3.12888,0.79851946,77.47445,52.33859,28.85896,31.81931,2.71937,128.83051,123.13974,117.44896,2025-01-30,15:30
2025-01-31 09:30:00,123.81,126.63,123.21,126.186,84699752,52.91553,121.90730,123.031185,-1.85398,-2.87390,1.019913,94.79484,73.67693,27.34104,67.57905,2.76941,129.13980,123.41054,117.68127,2025-01-31,09:30
2025-01-31 10:30:00,126.18,127.85,125.75,126.75,61031902,54.18242,122.23397,123.77495,-1.41464,-2.58205,1.16741,88.71796,86.99575,26.35708,101.74996,2.72160,129.29106,123.46204,117.63301,2025-01-31,10:30
2025-01-31 11:30:00,126.74,126.97,124.059998,125.31,44879038,50.45002,122.87174,124.081958,-1.16917,-2.29947,1.13030,73.94871,85.82050,24.73158,64.62278,2.73505,129.15831,123.41178,117.66526,2025-01-31,11:30
2025-01-31 12:30:00,125.32,125.9548,124.11,124.17,27608473,47.65147,123.44011,124.099566,-1.054472,-2.050472,0.99599963,62.25641,74.97436,23.22218,49.035238,2.67147,128.79321,123.27078,117.74835,2025-01-31,12:30
2025-01-31 13:30:00,124.1511,124.4276,122.57,123.010002,34339688,44.92089,123.85344,123.88165,-1.045126,-1.84940,0.80427699,50.35901,62.18804,21.93432,12.52556,2.61333,128.24075,123.051785,117.86282,2025-01-31,13:30
2025-01-31 14:30:00,123.025002,123.13,119.8801,120.1099,48003349,38.91667,123.92399,123.12730,-1.25724,-1.73097,0.47373042,20.61439,44.40994,21.67070,-61.19161,2.65880,127.16686,122.60728,118.047702,2025-01-31,14:30
2025-01-31 15:30:00,120.105,120.35,119.19,120.0,40804602,38.70553,123.76232,122.50184,-1.41787,-1.66835,0.25048378,19.48720,30.15353,21.63988,-96.38905,2.55174,127.055010,122.40728,117.75955,2025-01-31,15:30
2025-02-03 09:30:00,114.71,116.39,113.010002,115.76,133603571,31.58586,122.91177,121.15347,-1.86579,-1.70784,-0.15795040,18.53100,19.54420,23.080164,-222.40583,2.86876,127.50982,122.046200,116.58258,2025-02-03,09:30
2025-02-03 10:30:00,115.75,117.99,115.42,116.537,54937016,33.98241,121.98143,120.23018,-2.13348,-1.79296,-0.34051264,23.76686,20.59502,23.73023,-146.89207,2.84742,127.66641,121.72313,115.77985,2025-02-03,10:30
2025-02-03 11:30:00,116.54,117.4,115.85,115.89,28736939,32.94743,120.83743,119.36214,-2.37051,-1.90847,-0.46203300,19.40699,20.56828,24.33387,-133.20438,2.75475,127.90336,121.43813,114.97290,2025-02-03,11:30
2025-02-03 12:30:00,115.88,116.49,115.51,115.9399,28422904,33.11663,119.63631,118.67770,-2.52522,-2.031822,-0.49339513,19.74327,20.97237,24.97407,-125.50914,2.62798,128.084735,121.18963,114.29452,2025-02-03,12:30
2025-02-03 13:30:00,115.94,118.57,115.9,117.6448,36003187,38.79865,118.78462,118.47112,-2.48165,-2.12179,-0.35986157,31.23179,23.46069,24.63763,-82.30611,2.63098,127.91322,120.91437,113.91551,2025-02-03,13:30
2025-02-03 14:30:00,117.645,118.1314,117.15,117.4699,27327687,38.43790,118.040168,118.27087,-2.43319,-2.18407,-0.24911833,30.053241,27.0094343,24.32522,-69.76512,2.51315,127.61719,120.59736,113.57753,2025-02-03,14:30
2025-02-03 15:30:00,117.47,117.93,116.010002,116.66,25588651,36.73454,117.33461,117.94870,-2.43209,-2.23367,-0.19842151,24.59570,28.62691,24.36837,-77.57726,2.47079,127.66870,120.45186,113.23502,2025-02-03,15:30
2025-02-04 09:30:00,116.94,121.2,116.7,119.93,77281308,46.95541,117.31462,118.34496,-2.14267,-2.21547,0.072803361,46.63073,33.75989,23.042443,-24.89059,2.61859,127.68862,120.49563,113.30263,2025-02-04,09:30
2025-02-04 10:30:00,119.945,120.36,119.28,120.11,33507532,47.45860,117.32685,118.69797,-1.87713,-2.14780,0.27067061,50.85959,40.69534,21.81122,-11.32080,2.50869,127.71099,120.53663,113.36226,2025-02-04,10:30
2025-02-04 11:30:00,120.11,120.17,117.86,117.89,29580724,42.14811,117.56351,118.53637,-1.82480,-2.083202,0.25840680,37.69851,45.062943,21.14953,-37.90426,2.49450,127.71147,120.45738,113.20328,2025-02-04,11:30
2025-02-04 12:30:00,117.89,119.33,117.8501,119.090103,20084695,45.68628,117.84719,118.64712,-1.66726,-2.000013560,0.33275394,53.25203,47.27004,20.53845,-32.71387,2.42202,127.60141,120.33913,113.076848,2025-02-04,12:30
2025-02-04 13:30:00,119.089996,119.82,119.0,119.31,17759010,46.33394,118.22719,118.77970,-1.50729,-1.90147,0.39417667,62.25295,51.067830,19.74718,-16.54725,2.30759,127.26773,120.13388,113.000026777,2025-02-04,13:30
2025-02-04 14:30:00,119.31,119.6,118.35,118.465,21662859,44.15502,118.50776,118.71676,-1.43219,-1.80761,0.37542118,66.60559,60.70352,19.25974,-25.48603,2.23205,126.62861,119.81163,112.99465,2025-02-04,14:30
2025-02-04 15:30:00,118.4661,118.955,118.080002,118.68,17723334,44.86548,118.62278,118.70940,-1.33988,-1.71407,0.37418613,69.23079,66.029776,18.91172,-25.87587,2.13512,125.60378,119.43633,113.26888,2025-02-04,15:30
2025-02-05 09:30:00,121.7525,123.39,120.76,122.31,88881320,55.22296,119.16057,119.42952,-0.96271590,-1.56380,0.60108134,86.44916,74.095181,18.40667,88.61690,2.31904,124.58033,119.21433,113.84833,2025-02-05,09:30
2025-02-05 10:30:00,122.3154,123.5,122.029999,123.226,32583793,57.39785,119.89012,120.18882,-0.58317345,-1.36767,0.78449902,96.57069,84.083547,17.97603,124.31151,2.25839,124.063694,119.11013,114.15657,2025-02-05,10:30
2025-02-05 11:30:00,123.22,124.64,123.050003,124.035004,30969306,59.27907,120.34623,120.95806,-0.21462922,-1.13706,0.92243461,93.37354,92.13113,17.97431,162.16213,2.21065,124.029641,119.10338,114.17712,2025-02-05,11:30
2025-02-05 12:30:00,124.040001,124.23,122.9,123.2399,19752387,56.63222,120.69400,121.41442,0.013135006,-0.90702406,0.92015907,83.98054,91.30825,17.89745,146.16200,2.14775,124.078476,119.11488,114.15128,2025-02-05,12:30
2025-02-05 13:30:00,123.23,123.55,122.33,123.325,20373343,56.85427,121.29789,121.79654,0.19822154,-0.68597494,0.88419648,84.76242,87.37217,17.53156,122.69563,2.081480,124.55587,119.27563,113.99539,2025-02-05,13:30
2025-02-05 14:30:00,123.33,124.5,123.2,124.44,20964315,59.76139,121.89232,122.32523,0.42991973,-0.46279601,0.89271573,97.68254,88.80850,17.56276,131.29688,2.025661,125.23462,119.49763,113.76064,2025-02-05,14:30
2025-02-05 15:30:00,124.43,125.0,123.545,124.955,24966962,61.066252,122.51954,122.85119,0.64763285,-0.24071024,0.88834308,99.45785,93.96760,17.78300,123.96102,1.98490,125.89288,119.95738,114.021880,2025-02-05,15:30
2025-02-06 09:30:00,127.42,127.5,125.21,126.2216,72706327,64.14576,123.38139,123.52527,0.91186482,-0.010195225,0.92206004,86.75223,94.63087,18.83491,144.96428,2.024906,126.75038,120.44161,114.13284,2025-02-06,09:30
2025-02-06 10:30:00,126.23,127.0,125.93,126.86,26082492,65.62172,124.29028,124.19222,1.15942,0.22372758,0.93569123,93.36781,93.19263,19.81167,131.69087,1.95670,127.52409,120.99011,114.45613,2025-02-06,10:30
2025-02-06 11:30:00,126.86,128.24001,126.6,127.7353,36681781,67.59161,124.89309,124.90083,1.40998,0.46097865,0.94900428,95.14233,91.75413,21.10043,135.82230,1.93408,128.31042,121.57988,114.84934,2025-02-06,11:30
2025-02-06 12:30:00,127.75,128.32001,127.4,128.11,21309637,68.42568,125.43576,125.54267,1.62012,0.69280622,0.92731025,97.94915,95.48643,22.32141,130.49783,1.86164,129.14845,122.10314,115.057826,2025-02-06,12:30
2025-02-06 13:30:00,128.105,128.44,127.48,127.6948,20105477,66.38683,125.84240,125.97309,1.73317,0.90087834,0.83228849,92.80694,95.29947,23.49387,117.37202,1.79724,129.72430,122.61439,115.50447,2025-02-06,13:30
2025-02-06 14:30:00,127.7,128.25,124.83,128.125,25923574,67.46844,126.38519,126.40347,1.83631,1.087964,0.74834189,96.95944,95.90518,22.87374,93.013961,1.91315,130.13162,123.18764,116.24365,2025-02-06,14:30
2025-02-06 15:30:00,128.13,128.75,127.925,128.685,19331163,68.87256,126.98075,126.85978,1.94086,1.25854,0.68231544,99.18645,96.31761,22.50390,112.90836,1.83543,130.79296,123.62538,116.45781,2025-02-06,15:30
2025-02-07 09:30:00,129.16,130.37,127.8,129.11,77600882,69.93322,127.49963,127.30982,2.034558,1.41375,0.62081205,84.89215,93.67934,22.78152,114.69600,1.88790,131.43125,124.075385,116.71952,2025-02-07,09:30
2025-02-07 10:30:00,129.10001,129.89999,128.23,128.7,32942875,67.54217,127.91574,127.58786,2.052076,1.54141,0.51066460,79.22886,87.76915,23.039314,100.71307,1.87233,131.65619,124.61588,117.57558,2025-02-07,10:30
2025-02-07 11:30:00,128.7,129.059601,127.6,128.235,27757064,64.83472,128.13946,127.71729,2.0053227,1.63419,0.37112869,73.44532,79.18878,22.86811,78.018290,1.84285,131.79937,125.073130,118.34689,2025-02-07,11:30
2025-02-07 12:30:00,128.23,129.64999,128.020004,129.255,17653887,67.87661,128.40557,128.024830,2.027207,1.71280,0.31441076,86.13195,79.60204,22.95789,86.36666,1.82765,131.98194,125.57038,119.15882,2025-02-07,12:30
2025-02-07 13:30:00,129.2599,129.42999,127.9088,128.13,16675456,61.55236,128.44942,128.045865,1.93151,1.75654,0.17496902,68.75885,76.11204,22.96303,69.76787,1.80576,131.65605,126.053630,120.45122,2025-02-07,13:30
2025-02-07 14:30:00,128.14,129.089905,127.97,128.9485,16455557,64.16818,128.54259,128.22639,1.89981,1.78519,0.11461799,79.17225,78.021014,22.96780,71.74577,1.75677,131.16429,126.56706,121.96982,2025-02-07,14:30
2025-02-07 15:30:00,128.94501,130.0,128.82001,129.86,21996032,66.87130,128.78317,128.55311,1.92604,1.81336,0.11267714,90.79431,79.57513,23.39707,95.010659,1.71557,131.31591,126.94456,122.57320,2025-02-07,15:30
2025-02-10 09:30:00,130.67999,134.785,129.97,134.41,77729092,76.42996,129.48150,129.72449,2.28760,1.90821,0.37939241,96.23305,88.73320,25.33973,198.28242,1.94481,132.62616,127.50376,122.38135,2025-02-10,09:30
2025-02-10 10:30:00,134.42999,134.84,133.45,133.47501,27522226,71.84265,130.013724,130.47459,2.47022,2.020613,0.44960985,86.36373,91.13036,27.15688,206.72876,1.90518,133.45960,127.97576,122.49191,2025-02-10,10:30
2025-02-10 11:30:00,133.50031,134.2,132.99001,134.029007,20328035,72.88125,130.56028,131.18548,2.62934,2.14236,0.48698498,91.89820,91.49833,28.49204,182.60608,1.85553,134.15003,128.51521,122.88039,2025-02-10,11:30
2025-02-10 12:30:00,134.026001,134.49001,133.99001,134.33,13225907,73.45416,131.18584,131.81438,2.74806,2.26350,0.48455974,94.90515,91.055692,29.81584,174.65169,1.75870,134.71478,129.065462,123.41614,2025-02-10,12:30
2025-02-10 13:30:00,134.33,134.69,134.11,134.515,15173655,73.82024,131.88361,132.35451,2.82451,2.37570,0.44880844,96.75328,94.51888,31.10515,148.58611,1.67451,135.27537,129.56921,123.86305,2025-02-10,13:30
2025-02-10 14:30:00,134.5121,135.0,134.22,134.5193,19897766,73.82928,132.46854,132.78746,2.85256,2.47107,0.38148873,93.50409,95.054170,32.39851,126.76233,1.61062,135.72968,130.047427,124.36517,2025-02-10,14:30
2025-02-10 15:30:00,134.50999,134.67,133.39,133.50999,17439573,67.90598,133.066313,132.93197,2.76152,2.52916,0.23235579,79.86479,90.040719,32.86110,92.070250,1.58700,135.99999,130.41185,124.82371,2025-02-10,15:30
2025-02-11 09:30:00,132.37,134.48,132.0099945,133.94501,52708843,69.058223,133.62148,133.13458,2.69342,2.56201,0.13140528,85.74335,86.37074,32.19595,72.26488,1.65007,136.30675,130.76610,125.22544,2025-02-11,09:30
2025-02-11 10:30:00,133.94,134.38,133.64999,133.96989,18685572,69.12651,134.078135,133.30164,2.61136,2.57188,0.039473825,86.079657,83.89593,31.57831,75.89076,1.58435,136.60285,131.077826,125.55280,2025-02-11,10:30
2025-02-11 11:30:00,133.97,134.089996,131.020004,132.71001,30097141,61.70216,133.88925,133.18331,2.41680,2.54087,-0.12406677,67.70656,79.84319,29.37112,36.51051,1.69047,136.70092,131.30783,125.91473,2025-02-11,11:30
2025-02-11 12:30:00,132.72,132.87,131.91,132.83231,14579500,62.12738,133.81784,133.11311,2.24658,2.48201,-0.23542680,69.43122,74.40581,27.32158,30.20788,1.63829,136.72954,131.56470,126.39986,2025-02-11,12:30
2025-02-11 13:30:00,132.84,133.89999,132.81,133.035004,17292595,62.86334,133.70739,133.097491,2.10379,2.40637,-0.30257595,72.048411,69.72873,25.90975,44.17823,1.59913,136.76000,131.81020,126.86040,2025-02-11,13:30
2025-02-11 14:30:00,133.029999,133.74001,132.98,133.4514,13156103,64.39406,133.60977,133.16827,2.0011563,2.32532,-0.32416709,74.94173,72.14045,24.59875,44.074470,1.53919,136.82959,132.048522,127.26745,2025-02-11,14:30
2025-02-11 15:30:00,133.455,133.5099,132.41,132.87,13494512,60.63587,133.42699,133.10862,1.85156,2.23057,-0.37901010,57.65397,68.21470,22.99828,26.070260,1.50782,136.83274,132.23652,127.64030,2025-02-11,15:30
2025-02-12 09:30:00,130.0099945,132.24001,129.080002,131.32021,53158470,51.93486,133.071535,132.75094,1.58963,2.10238,-0.51275593,37.84129,56.81233,22.94226,-48.95303,1.67083,136.69456,132.36753,128.040509,2025-02-12,09:30
2025-02-12 10:30:00,131.33,132.0,130.36,130.6199,19237656,48.54500,132.75041,132.32473,1.31043,1.94399,-0.63356437,26.011862,40.50237,22.89024,-55.33538,1.66863,136.46943,132.48678,128.50412,2025-02-12,10:30
2025-02-12 11:30:00,130.61,132.0,130.61,131.575,17020004,53.046302,132.48708,132.17478,1.15294,1.78578,-0.63284344,42.14520,35.33279,22.84194,-49.11927,1.64872,136.32905,132.60278,128.87651,2025-02-12,11:30
2025-02-12 12:30:00,131.575,131.62,130.8212,130.97501,14244469,50.082304,132.15431,131.93483,0.96854551,1.62233,-0.65378750,32.010217,33.38909,22.79708,-75.0019001,1.58801,135.95952,132.74503,129.53054,2025-02-12,12:30
2025-02-12 13:30:00,130.98,131.1156,130.19,130.6899,13621244,48.69006,131.92986,131.68584,0.79029827,1.45593,-0.66562779,27.19416,33.78319,23.074327,-114.021966,1.54070,135.70692,132.83210,129.95727,2025-02-12,13:30
2025-02-12 14:30:00,130.685,131.705,130.59,131.52499,12791678,52.82661,131.78460,131.65367,0.70825715,1.30639,-0.59813513,43.73871,34.31436,22.83802,-93.14307,1.51029,135.52531,132.91535,130.30538,2025-02-12,14:30
2025-02-12 15:30:00,131.50999,131.61,130.97,131.079895,11269249,50.49020,131.56737,131.53892,0.60040215,1.16519,-0.56479211,37.035101,35.98932,22.61859,-84.89398,1.44813,135.38095,132.74884,130.11673,2025-02-12,15:30
2025-02-13 09:30:00,131.55499,134.95,131.17,134.55,54411865,63.89665,131.68943,132.14113,0.78587591,1.089331,-0.30345467,93.18579,57.98653,21.84922,48.33451,1.62113,135.53386,132.80259,130.071323,2025-02-13,09:30
2025-02-13 10:30:00,134.55,136.5,134.5466,135.715,36850417,67.11602,132.0055440,132.85591,1.015168,1.074498,-0.059329908,89.42043,73.21377,21.86864,148.40205,1.64486,135.85792,132.88689,129.91586,2025-02-13,10:30
2025-02-13 11:30:00,135.71001,135.98,134.63,135.0099945,19354752,63.42990,132.41552,133.28672,1.12700,1.084999,0.042005373,79.91906,87.50843,21.88667,121.53414,1.62380,135.97169,132.92089,129.87009,2025-02-13,11:30
2025-02-13 12:30:00,135.0050049,135.57001,133.4207,134.52499,18628170,60.94989,132.84942,133.53438,1.16309,1.10062,0.062475034,73.38266,80.90738,21.071298,85.0045248,1.66133,135.97324,132.92139,129.86954,2025-02-13,12:30
2025-02-13 13:30:00,134.495,135.28999,133.83,135.1203,17283443,62.86891,133.24334,133.85156,1.22560,1.12561,0.099986914,81.40566,78.23579,20.31416,96.43819,1.64695,136.076585,132.95144,129.82629,2025-02-13,13:30
2025-02-13 14:30:00,135.125,135.55,134.97,135.3613,15429824,63.64775,133.73071,134.15351,1.27983,1.15646,0.12337502,84.65360,79.81397,19.75969,115.0063079,1.57074,136.33511,133.044005,129.75290,2025-02-13,14:30
2025-02-13 15:30:00,135.36,135.39,134.73,135.25,15333903,62.99063,134.23739,134.37281,1.29886,1.18494,0.11392075,83.15363,83.070966,19.063335,96.87667,1.50569,136.51884,133.10925,129.69967,2025-02-13,15:30
2025-02-14 09:30:00,136.41,138.17,135.5,138.00010681,57840894,70.96691,134.95684,135.098267,1.51835,1.25162,0.26672561,97.87103,88.55942,19.82910,167.37080,1.60671,137.32309,133.31077,129.29844,2025-02-14,09:30
2025-02-14 10:30:00,138.0099945,138.31,136.24001,136.58,29479423,63.37170,135.56797,135.39461,1.55972,1.31324,0.24647997,78.69462,86.57310,20.59924,137.26411,1.63980,137.74860,133.50426,129.25993,2025-02-14,10:30
2025-02-14 11:30:00,136.59,137.050003,136.0099945,136.7401,17594915,63.84153,135.81131,135.66371,1.58713,1.36802,0.21911385,80.66624,85.74396,21.12394,105.67075,1.59696,138.15673,133.69965,129.24258,2025-02-14,11:30
2025-02-14 12:30:00,136.75,137.74001,136.56,137.3376,13675504,65.61427,135.99160,135.99849,1.63819,1.42205,0.21613431,88.024662,82.46184,21.92955,110.73239,1.56718,138.63060,133.91478,129.19896,2025-02-14,12:30
2025-02-14 13:30:00,137.33,137.99001,137.080002,137.82001,13748369,67.020125,136.30382,136.36279,1.69800,1.47724,0.22075816,93.65298,87.44796,22.79141,109.41740,1.52024,139.13874,134.13321,129.12769,2025-02-14,13:30
2025-02-14 14:30:00,137.815,138.48,137.64999,138.3651,16155253,68.58315,136.73050,136.76325,1.76899,1.53559,0.23340241,98.47006,93.38257,23.81513,112.51199,1.47093,139.70098,134.40797,129.11496,2025-02-14,14:30
2025-02-14 15:30:00,138.37,139.2,138.35001,138.86,24516103,69.97452,137.14602,137.18260,1.84394,1.59726,0.24667613,95.76592,95.96299,25.079039,121.92190,1.42658,140.21679,134.78496,129.35313,2025-02-14,15:30
2025-02-18 09:30:00,141.25,143.44,140.3,140.66,75623001,74.41303,137.73477,137.87808,2.025230,1.68286,0.34237473,72.25357,88.82985,27.53408,180.97717,1.65183,140.93766,135.28696,129.63626,2025-02-18,09:30
2025-02-18 10:30:00,140.66499,141.22,138.98,141.19501,34097010,75.56902,138.39532,138.54147,2.18687,1.78366,0.40320932,77.59330,81.87093,28.75179,135.019714,1.69384,141.70347,135.76796,129.83246,2025-02-18,10:30
2025-02-18 11:30:00,141.19,141.19,139.8549,139.965,15582760,67.96632,138.61365,138.82617,2.19046,1.86502,0.32544468,65.31689,71.72125,29.88251,118.083115,1.66857,141.99246,136.21746,130.44247,2025-02-18,11:30
2025-02-18 12:30:00,139.965,140.7,139.95,140.1514,12499776,68.48379,139.010468,139.091218,2.18319,1.92865,0.25453563,65.77935,69.56318,30.93247,107.79790,1.60296,142.11638,136.69054,131.26470,2025-02-18,12:30
2025-02-18 13:30:00,140.155,140.39999,139.091995,139.575,16587058,64.98782,139.32546,139.18797,2.10663,1.96425,0.14238034,55.62569,62.24064,31.18068,84.24101,1.58189,142.10494,137.093040,132.081142,2025-02-18,13:30
2025-02-18 14:30:00,139.5675,140.16991,139.42999,139.5499,12892226,64.83261,139.57127,139.26036,2.020635,1.97553,0.045110215,55.33751,58.91418,31.41117,77.50405,1.52175,141.80342,137.51654,133.22966,2025-02-18,14:30
2025-02-18 15:30:00,139.53,139.72,137.925,139.41,22832152,63.91640,139.74793,139.29029,1.91908,1.96424,-0.045159668,49.24436,53.40252,30.42293,47.11675,1.54127,141.89453,137.75954,133.62455,2025-02-18,15:30
2025-02-19 09:30:00,139.50999,140.0,137.22,139.33,43638802,63.36491,139.85514,139.29823,1.81125,1.93364,-0.12238483,44.68377,49.75521,29.0062414,36.17167,1.62975,142.017629,137.94029,133.86295,2025-02-19,09:30
2025-02-19 10:30:00,139.33501,140.45509,139.33189,139.9483,26073700,65.81956,139.97607,139.42824,1.75546,1.89800,-0.14254251,53.0054443,48.97786,27.94409,68.68554,1.59370,142.12039,138.18721,134.25402,2025-02-19,10:30
2025-02-19 11:30:00,139.94,140.11,139.49001,139.815,13424823,64.81133,139.88218,139.50560,1.68111,1.85462,-0.17351532,47.31108,48.33343,26.95781,58.83956,1.52415,142.062476,138.45171,134.84094,2025-02-19,11:30
2025-02-19 12:30:00,139.815,141.36,139.74001,140.63989,19599460,68.070757,139.82050,139.73246,1.66950,1.81760,-0.14809822,55.97312,52.096549,26.73006,85.39298,1.53100,142.11457,138.72769,135.34080,2025-02-19,12:30
2025-02-19 13:30:00,140.64,140.85001,140.12,140.4451,13213960,66.50418,139.87384,139.87498,1.62584,1.77925,-0.15340571,51.85043,51.71155,26.51858,76.0069201,1.47378,142.069904,138.98188,135.89385,2025-02-19,13:30
2025-02-19 14:30:00,140.44,140.845,139.020004,139.3194,20162981,58.17235,139.78140,139.76387,1.48331,1.72006,-0.23675130,33.75234,47.19196,25.41394,32.71869,1.49887,141.75590,139.18535,136.61480,2025-02-19,14:30
2025-02-19 15:30:00,139.32001,139.86,138.7724,139.24001,14622733,57.62403,139.74418,139.65909,1.34840,1.64573,-0.29732785,32.47595,39.35957,24.19545,2.38378,1.46949,141.75971,139.24734,136.73497,2025-02-19,15:30
2025-02-20 09:30:00,140.13,140.53,136.7901,138.62061,45160191,53.39540,139.64092,139.45140,1.17793,1.55217,-0.37424210,40.055694,35.42799,23.21103,-46.76188,1.63167,141.56882,139.34937,137.12992,2025-02-20,09:30
2025-02-20 10:30:00,138.61,139.070007,137.11,138.3,20898864,51.29710,139.51759,139.22112,1.0053646,1.44281,-0.43744299,33.040171,35.19060,22.29692,-93.48131,1.65512,141.36649,139.42737,137.48824,2025-02-20,10:30
2025-02-20 11:30:00,138.3,139.97,138.23,139.58,17027606,58.33667,139.54537,139.29289,0.96081776,1.34641,-0.38559187,61.049507,44.71512,20.78892,-21.65062,1.66118,141.22506,139.53949,137.85391,2025-02-20,11:30
2025-02-20 12:30:00,139.5603,139.8396,139.089996,139.49001,11187948,57.70513,139.49445,139.33232,0.90778770,1.25869,-0.35089755,59.080179,51.056619,19.38863,-12.98573,1.59607,141.11377,139.62299,138.13220,2025-02-20,12:30
2025-02-20 13:30:00,139.49001,140.0,139.38499,139.8049,10655696,59.36286,139.49332,139.42683,0.88101465,1.18315,-0.30213648,65.97082,62.033503,18.041836,5.19189,1.52599,141.070430,139.69498,138.31952,2025-02-20,13:30
2025-02-20 14:30:00,139.78999,140.32001,139.38,139.89999,14152452,59.87432,139.41111,139.52147,0.85758431,1.11804,-0.26045345,68.051674,64.36756,17.041358,15.64186,1.48414,141.069862,139.74698,138.42409,2025-02-20,14:30
2025-02-20 15:30:00,139.89,140.2,139.69,140.12,10091197,61.094339,139.37499,139.64117,0.84700412,1.063831,-0.21682691,72.86581,68.96277,16.11234,45.81110,1.41456,140.98813,139.71998,138.45182,2025-02-20,15:30
2025-02-21 09:30:00,140.0,141.46001,138.95,139.23,48808452,53.94822,139.36506,139.55894,0.75806522,1.0026779,-0.24461265,52.24720,64.38823,16.19901,34.55899,1.49280,140.70914,139.62172,138.53431,2025-02-21,09:30
2025-02-21 10:30:00,139.23,139.72,138.55,139.1992,23381184,53.71412,139.36052,139.48699,0.67728848,0.93759999,-0.26031152,51.58783,58.90028,15.90063,-58.83057,1.46974,140.67373,139.58344,138.49314,2025-02-21,10:30
2025-02-21 11:30:00,139.19,139.8,138.37,138.9911,15825238,52.069692,139.40169,139.38781,0.58968294,0.86801658,-0.27833364,47.13165,50.32223,15.45202,-65.070015,1.46691,140.61213,139.52542,138.43871,2025-02-21,11:30
2025-02-21 12:30:00,139.0,139.059998,136.059998,137.17,29842368,40.41045,139.27613,138.94425,0.36905268,0.76822380,-0.39917112,20.55553,39.75834,15.45085,-228.65519,1.57641,140.89923,139.40517,137.91111,2025-02-21,12:30
2025-02-21 13:30:00,137.17,138.065002,135.345,135.3967,24903198,32.72604,138.81132,138.23474,0.050528649,0.62468477,-0.57415612,0.84540852,22.84420,15.87738,-272.22751,1.65810,141.49296,139.19751,136.90206,2025-02-21,13:30
2025-02-21 14:30:00,135.38,136.25999,134.58,135.10001,30385659,31.64189,138.32354,137.60779,-0.22327077,0.45509366,-0.67836444,7.55820,9.65305,16.69676,-259.21380,1.65966,141.88584,138.98201,136.078182,2025-02-21,14:30
2025-02-21 15:30:00,135.10001,135.2,134.039993,134.27,25630708,28.77046,137.70856,136.94024,-0.50145257,0.26378442,-0.76523698,3.099873,3.83449,17.73901,-228.069187,1.62397,142.27761,138.72901,135.18041,2025-02-21,15:30
2025-02-24 09:30:00,136.755,138.59,131.92999,132.92999,76292889,24.84969,136.93411,136.13819,-0.82058222,0.046911090,-0.86749331,10.49316,7.050411,16.75268,-178.91600,1.98369,142.68256,138.37810,134.073634,2025-02-24,09:30
2025-02-24 10:30:00,132.92,134.28999,130.61,134.039993,37651734,32.99539,136.25856,135.71855,-0.97271415,-0.15701396,-0.81570019,31.61282,15.068618,16.025945,-190.060819,2.10485,142.73109,138.089345,133.44760,2025-02-24,10:30
2025-02-24 11:30:00,134.039993,134.99001,133.49001,134.60001,26471760,36.72197,135.74411,135.49484,-1.036147,-0.33284064,-0.70330674,36.77422,26.29340,14.93551,-118.20568,2.061649,142.51123,137.78735,133.063475,2025-02-24,11:30
2025-02-24 12:30:00,134.60001,134.89,134.19,134.62,13394332,36.85697,135.23531,135.31987,-1.072443,-0.48076117,-0.59168211,36.95845,35.11517,13.92296,-96.74311,1.96439,142.24682,137.49610,132.74537,2025-02-24,12:30
2025-02-24 13:30:00,134.63,134.875,132.66,132.72,15517929,30.25094,134.53852,134.79990,-1.24023,-0.63265396,-0.60757116,19.44700,31.059892,13.84447,-115.068600,1.98229,142.26820,137.16613,132.064048,2025-02-24,13:30
2025-02-24 14:30:00,132.7101,133.14999,131.92,132.57001,18193639,29.79689,134.027412,134.35392,-1.36951,-0.78002513,-0.58948470,18.064568,24.82334,14.14238,-121.67012,1.92855,142.21324,136.83263,131.45202,2025-02-24,14:30
2025-02-24 15:30:00,132.58,133.080002,130.089798,130.10001,23873374,23.53299,133.43889,133.50314,-1.65223,-0.95446640,-0.69776506,0.089779617,12.53378,15.22067,-139.40455,2.0043858,142.46062,136.40660,130.35257,2025-02-24,15:30
2025-02-25 09:30:00,129.96001,130.2,124.44,125.34,85363681,16.38464,132.35444,131.87051,-2.23462,-1.21050,-1.024126,5.85934,8.0045608,17.80276,-206.91253,2.27264,143.42335,135.75860,128.093836,2025-02-25,09:30
2025-02-25 10:30:00,125.35,127.34,125.050003,126.19,38552542,20.99949,131.45667,130.73441,-2.59764,-1.48793,-1.10972,11.39323,5.78078,20.20042,-186.52870,2.27388,143.59477,135.089095,126.58342,2025-02-25,10:30
2025-02-25 11:30:00,126.2,128.53999,125.75,128.52499,26597121,32.087842,130.96722,130.29252,-2.66619,-1.72358,-0.94260888,27.94113,15.064564,21.65341,-140.60478,2.31075,143.25222,134.54084,125.82946,2025-02-25,11:30
2025-02-25 12:30:00,128.5287,129.89,128.3201,128.37,26372346,31.76908,130.33722,129.90802,-2.70187,-1.91924,-0.78263487,27.77381,22.36939,22.20200,-103.89361,2.25783,142.72435,133.96910,125.21385,2025-02-25,12:30
2025-02-25 13:30:00,128.38,129.0,127.040001,127.27,22835671,29.52726,129.52278,129.38041,-2.78679,-2.092748,-0.69404125,19.99997,25.23830,23.091525,-110.11117,2.23656,142.11255,133.33760,124.56265,2025-02-25,13:30
2025-02-25 14:30:00,127.26,129.38,127.18,128.815,23200458,36.32391,128.87778,129.26733,-2.69831,-2.21386,-0.48445185,30.91874,26.23084,23.69140,-86.81508,2.23395,141.17546,132.77235,124.36924,2025-02-25,14:30
2025-02-25 15:30:00,128.82001,128.88,126.19,126.63,25422556,31.67177,128.20111,128.73986,-2.77255,-2.32560,-0.44694809,15.47700,22.13190,24.55122,-97.50127,2.26652,140.40250,132.14235,123.88220,2025-02-25,15:30
2025-02-26 09:30:00,130.25,131.6098,129.050003,130.45,61030281,44.94687,127.96555,129.081891,-2.49438,-2.35935,-0.13502621,56.96676,34.45417,23.84478,-31.71729,2.46033,139.32576,131.70489,124.084021,2025-02-26,09:30
2025-02-26 10:30:00,130.77,133.73,130.45,132.41499,39300271,50.29633,128.22277,129.74851,-2.091267,-2.30574,0.21446994,75.59231,49.34536,22.24768,12.82525,2.51888,138.24109,131.37608,124.51108,2025-02-26,10:30
2025-02-26 11:30:00,132.41499,133.0,131.72,132.55679,24468214,50.66885,129.024641,130.31017,-1.74029,-2.19265,0.45235479,77.67266,70.077242,20.76465,25.20474,2.43038,137.50784,131.14542,124.78301,2025-02-26,11:30
2025-02-26 12:30:00,132.59,132.74001,130.35001,130.3752,25366256,45.071938,129.48966,130.32317,-1.61951,-2.078021,0.45850889,56.87779,70.047586,19.94547,1.17927,2.42750,136.95506,130.89435,124.83364,2025-02-26,12:30
2025-02-26 13:30:00,130.355,131.12,128.49001,129.89,54264063,43.91021,129.64133,130.23654,-1.54513,-1.97144,0.42631102,58.66524,64.40523,19.85785,-27.23008,2.44196,136.38928,130.63385,124.87842,2025-02-26,13:30
2025-02-26 14:30:00,129.88,130.88,128.96001,130.74001,26930354,46.51125,129.90466,130.33723,-1.40144,-1.85744,0.45600077,67.81494,61.11932,19.77648,-12.35510,2.40468,135.96719,130.45735,124.94751,2025-02-26,14:30
2025-02-26 15:30:00,130.7,132.089996,130.020004,131.52,30301575,48.85506,130.37689,130.57379,-1.21067,-1.72809,0.51741707,76.21105,67.56374,19.084614,23.49216,2.38077,135.80363,130.38685,124.97007,2025-02-26,15:30
2025-02-27 09:30:00,135.0,135.0,125.28,127.48,140390951,39.25939,130.22855,129.95503,-1.36969,-1.65641,0.28671900,24.42212,56.14937,19.94920,-32.83858,2.90500,135.34392,130.058850,124.77378,2025-02-27,09:30
2025-02-27 10:30:00,127.48,128.069901,125.51,126.28,47430174,36.93862,130.18967,129.22002,-1.57440,-1.64001,0.065611308,10.28806,36.97375,20.75203,-106.93155,2.88035,134.73905,129.64285,124.54665,2025-02-27,10:30
2025-02-27 11:30:00,126.29,127.41,125.65,127.080002,31842499,39.50602,129.81522,128.79202,-1.65302,-1.64261,-0.010408211,18.51855,17.74291,21.49752,-94.76151,2.80033,133.93083,129.26585,124.60087,2025-02-27,11:30
2025-02-27 12:30:00,127.080002,128.45,126.28,127.61,28567618,41.21358,129.28133,128.55562,-1.65350,-1.64479,-0.0087115265,23.97121,17.59261,21.62358,-63.37412,2.75530,133.44465,129.010350,124.57605,2025-02-27,12:30
2025-02-27 13:30:00,127.615,127.91,123.69,123.745,40681735,33.73522,128.30225,127.59349,-1.94335,-1.70450,-0.23885134,0.48629812,14.32535,22.50499,-134.34119,2.85993,133.24828,128.56910,123.88991,2025-02-27,13:30
2025-02-27 14:30:00,123.745,124.69,121.5714,121.91,61051900,30.87112,127.36167,126.45680,-2.29468,-1.82253,-0.47214329,2.52149,8.99300,23.83948,-189.85389,2.87840,133.60239,128.15960,122.71681,2025-02-27,14:30
2025-02-27 15:30:00,121.905,122.5573,120.010002,120.010002,47543937,28.20132,126.26389,125.16744,-2.69535,-1.99710,-0.69825359,0,1.0025947,25.41429,-211.70742,2.85475,134.29880,127.89310,121.48740,2025-02-27,15:30
2025-02-28 09:30:00,118.035004,122.775,116.41,122.73,121872633,36.64800,125.37389,124.67995,-2.76157,-2.14999,-0.61158025,33.99678,12.17275,27.51644,-187.26964,3.10548,134.47767,127.72010,120.96253,2025-02-28,09:30
2025-02-28 10:30:00,122.735,123.7,121.42,121.56,53003489,34.75401,124.26722,124.055959,-2.87532,-2.29506,-0.58026100,27.70304,20.56661,28.98401,-124.83203,3.046521,134.62715,127.37185,120.11655,2025-02-28,10:30
2025-02-28 11:30:00,121.54,122.795,121.14,122.181,26348990,36.62610,123.67845,123.68097,-2.88213,-2.41247,-0.46965793,31.043557,30.91446,30.39898,-112.028082,2.94713,134.64172,127.062400,119.48308,2025-02-28,11:30
2025-02-28 12:30:00,122.19,122.2776,118.845,120.5799,36004561,33.92349,123.045102,123.060755,-2.98235,-2.52645,-0.45589805,22.43088,27.059157,32.11713,-122.47532,2.98180,134.81458,126.72790,118.64121,2025-02-28,12:30
2025-02-28 13:30:00,120.5876,121.23,119.68,120.47,26666843,33.73945,122.31066,122.54260,-3.035642,-2.62829,-0.40735520,21.83969,25.10471,33.71256,-107.93789,2.87953,134.77582,126.31065,117.84547,2025-02-28,13:30
2025-02-28 14:30:00,120.4639,122.23,120.29,121.885,29137364,38.37495,121.67455,122.41108,-2.92993,-2.68861,-0.24131161,29.45132,24.57396,34.61043,-79.48147,2.81242,134.75273,126.073396,117.39406,2025-02-28,14:30
2025-02-28 15:30:00,121.88,125.07,121.27,125.050003,42860959,47.26216,121.81955,122.93887,-2.56123,-2.66314,0.10190579,46.47661,32.58920,33.98911,-35.43497,2.88296,134.25430,125.80340,117.35249,2025-02-28,15:30
2025-03-03 09:30:00,123.505,123.7,118.3,119.51,90292423,37.16018,121.55288,122.25309,-2.68512,-2.66753,-0.017584855,25.74751,33.89181,34.12961,-84.63045,3.15918,133.46062,125.15815,116.85567,2025-03-03,09:30
2025-03-03 10:30:00,119.515,120.2,118.51,119.22,38941419,36.71775,121.46510,121.64648,-2.77472,-2.68897,-0.085745232,23.33886,31.85433,34.26007,-97.86692,3.054239,132.44472,124.49131,116.53790,2025-03-03,10:30
2025-03-03 11:30:00,119.24,119.5,118.25,118.41,30591168,35.44826,120.98510,120.99918,-2.87791,-2.72676,-0.15114925,16.61130,21.89923,34.44333,-101.71883,2.92536,131.78592,123.89305,116.00017105,2025-03-03,11:30
2025-03-03 12:30:00,118.41,118.43,114.51,115.24,64601109,30.93976,120.28288,119.84734,-3.17884,-2.81717,-0.36166276,5.44773,15.13263,35.39767,-141.97532,2.99641,131.40273,123.16055,114.91836,2025-03-03,12:30
2025-03-03 13:30:00,115.2444,117.27,115.040001,116.044998,40434891,33.26109,119.60110,119.086875,-3.31416,-2.91657,-0.39759273,14.53595,12.19833,36.28384,-134.29352,2.94167,130.45143,122.42580,114.40016,2025-03-03,13:30
2025-03-03 14:30:00,116.030098,117.62,112.28,113.17,65189266,29.45333,118.77778,117.90350,-3.61177,-3.055611,-0.55615642,6.95856,8.98075,37.58944,-163.27903,3.11298,129.35919,121.50830,113.65740,2025-03-03,14:30
2025-03-03 15:30:00,113.16,114.2,112.5,114.010002,44205633,31.90617,118.060001,117.12480,-3.73676,-3.19184,-0.54492192,13.52622,11.67357,38.80177,-167.36789,3.012049,128.83072,120.83480,112.83887,2025-03-03,15:30
2025-03-04 09:30:00,111.895,115.14,110.11,111.61,127887000,28.82269,116.91833,116.021840,-3.98356,-3.35019,-0.63337773,10.026739,10.17050,40.30097,-169.47701,3.15619,128.63781,120.10130,111.56478,2025-03-04,09:30
2025-03-04 10:30:00,111.6,113.3,110.9,111.83,46791250,29.49533,115.44945,115.18347,-4.11398,-3.50294,-0.61103445,11.49734,11.68343,41.69309,-148.53702,3.10217,127.96949,119.33880,110.70811,2025-03-04,10:30
2025-03-04 11:30:00,111.82,116.6,111.82,116.010201,51255627,40.91988,115.060578,115.34882,-3.83581,-3.56952,-0.26629249,39.43984,20.32130,41.20988,-81.95267,3.22202,126.61225,118.75881,110.90536,2025-03-04,11:30
2025-03-04 12:30:00,116.014999,117.58,115.099998,116.2,40436938,41.38430,114.72502,115.51905,-3.55902,-3.56742,0.0083995634,40.70853,30.54857,40.30435,-44.70981,3.16902,125.96076,118.38156,110.80235,2025-03-04,12:30
2025-03-04 13:30:00,116.21,118.25,115.88,117.7699,33842281,45.22014,114.65390,115.96922,-3.17637,-3.48921,0.31284175,51.20252,43.78363,39.15388,-18.87277,3.11195,125.58116,118.17455,110.76794,2025-03-04,13:30
2025-03-04 14:30:00,117.765,119.31,117.040001,118.89,34300518,47.84273,115.059455,116.55338,-2.75102,-3.34157,0.59055325,58.68984,50.20030,37.60356,8.23589,3.051807,125.48563,118.11855,110.75147,2025-03-04,14:30
2025-03-04 15:30:00,118.9,119.014999,115.050003,115.96,34552128,42.15714,115.050011,116.43470,-2.62015,-3.19728,0.57713833,43.046358,50.97957,36.74762,-26.98232,3.11703,124.88599,117.78005,110.67412,2025-03-04,15:30
2025-03-05 09:30:00,117.52,118.0,114.64,115.97,78072523,42.18240,115.36112,116.34176,-2.48696,-3.055218,0.56826292,58.077331,53.27117,36.066987,-32.78386,3.13439,124.42727,117.50055,110.57383,2025-03-05,09:30
2025-03-05 10:30:00,115.97,116.86,114.51,115.4099,39193117,41.10001,115.51667,116.15539,-2.39894,-2.92396,0.52501999,56.44192,52.52187,35.47284,-42.66780,3.078361,123.79629,117.16200,110.52770,2025-03-05,10:30
2025-03-05 11:30:00,115.4,116.82,114.52,116.5631,29044947,44.27072,116.067011,116.23693,-2.21066,-2.78130,0.57064587,70.14244,61.55390,34.92113,-28.55218,3.022764,123.41002,116.96116,110.51229,2025-03-05,11:30
2025-03-05 12:30:00,116.56,117.91,116.11,116.27,29735293,43.62788,116.56034,116.24354,-2.061327,-2.63731,0.57598033,66.95650,64.51362,33.80522,-1.45440,2.93542,122.99972,116.75116,110.50259,2025-03-05,12:30
2025-03-05 13:30:00,116.3,118.23,115.82,117.1098,26002248,46.045338,116.68252,116.41680,-1.85385,-2.48061,0.62676829,76.084826,71.061255,32.59445,16.059033,2.89789,122.30644,116.51240,110.71835,2025-03-05,13:30
2025-03-05 14:30:00,117.11,118.2781,116.73,117.66,26217630,47.62989,116.84474,116.66544,-1.62627,-2.30975,0.68347283,82.065278,75.035535,31.44257,53.89812,2.80148,120.46841,116.14290,111.81738,2025-03-05,14:30
2025-03-05 15:30:00,117.625,118.209,117.17,117.29,20809411,46.63795,116.79142,116.79035,-1.45896,-2.13959,0.68063017,78.043507,78.73120,30.37298,65.97350,2.67559,120.11314,116.031895,111.95065,2025-03-05,15:30
2025-03-06 09:30:00,113.5,115.35,112.3,114.8444,73446901,40.61684,116.34191,116.40116,-1.50634,-2.012938,0.50660227,46.90129,69.0033598,31.047974,-79.53233,2.84090,119.64904,115.81311,111.97719,2025-03-06,09:30
2025-03-06 10:30:00,114.84,115.34,113.57,114.059998,34221965,38.88290,116.13080,115.93293,-1.58886,-1.92812,0.33926098,29.90652,51.61711,31.67476,-62.83625,2.76441,119.30924,115.59561,111.88199,2025-03-06,10:30
2025-03-06 11:30:00,114.040001,114.76,111.21,111.6356,41307149,34.045251,115.64920,115.073461,-1.82881,-1.90826,0.079448836,5.25430,27.35404,32.84048,-124.43700,2.82052,119.51077,115.41539,111.32002,2025-03-06,11:30
2025-03-06 12:30:00,111.64,112.29,110.95,111.535,33581282,33.85703,115.21866,114.36577,-2.0039905,-1.92741,-0.076583614,6.99769,14.052836,33.98184,-138.52217,2.71477,119.60588,115.18989,110.77391,2025-03-06,12:30
2025-03-06 13:30:00,111.53,111.905,110.34,110.53,33771494,31.95614,114.54831,113.59862,-2.19857,-1.98164,-0.21693235,2.11820,4.79006,35.18248,-142.040612,2.63265,119.84936,115.057895,110.26643,2025-03-06,13:30
2025-03-06 14:30:00,110.52,112.22,110.22,111.097198,39231805,34.20145,113.97356,113.098332,-2.28072,-2.041456,-0.23926468,9.97382,6.36324,36.071485,-121.10032,2.58746,119.99075,114.91225,109.83376,2025-03-06,14:30
2025-03-06 15:30:00,111.089996,111.4999,110.41,110.58,30010571,33.12799,113.24802,112.59467,-2.36035,-2.10523,-0.25511421,4.46756,5.51986,36.89699,-125.13220,2.48049,120.090785,114.86075,109.63072,2025-03-06,15:30
2025-03-07 09:30:00,111.18,113.48,110.73,111.040001,76654784,35.079667,112.51247,112.28373,-2.35914,-2.15602,-0.20312580,10.17610,8.20583,36.26510,-95.72254,2.51045,120.15319,114.82125,109.48932,2025-03-07,09:30
2025-03-07 10:30:00,111.019997,111.79,109.5119,109.7,54624751,32.13724,111.66913,111.76699,-2.43821,-2.21245,-0.22575221,2.14569,5.59645,36.093402,-118.80893,2.49386,120.24979,114.50574,108.76170,2025-03-07,10:30
2025-03-07 11:30:00,109.705,110.0,107.56,109.0049973,51020128,30.69897,111.020310,111.21459,-2.52781,-2.27552,-0.25228244,13.48186,8.60121,36.51184,-137.25997,2.49001,120.30667,114.14599,107.98532,2025-03-07,11:30
2025-03-07 12:30:00,109.0,111.29,108.7,110.5089,45996375,37.24392,110.62574,111.073451,-2.44923,-2.31027,-0.13896470,27.51332,14.38029,36.088345,-92.28396,2.49715,119.90225,113.78294,107.66364,2025-03-07,12:30
2025-03-07 13:30:00,110.53,112.515,110.33,112.25,34597993,43.85489,110.69401,111.30876,-2.22087,-2.29239,0.071520389,43.75777,28.25099,34.98901,-48.41041,2.47486,119.13061,113.45094,107.77128,2025-03-07,13:30
2025-03-07 14:30:00,112.26,112.92,111.295,112.605,32459442,45.12425,110.81290,111.56801,-1.98832,-2.23157,0.24325388,47.37539,39.54883,33.74192,-29.26821,2.41415,118.85366,113.28320,107.71273,2025-03-07,14:30
2025-03-07 15:30:00,112.6,113.099998,111.035004,112.73,29030527,45.59070,111.057345,111.80041,-1.77349,-2.13996,0.36646336,66.36720,52.50012,32.68890,-24.89453,2.38921,118.55650,113.12120,107.68590,2025-03-07,15:30
2025-03-10 09:30:00,109.89,111.85,108.010002,108.0644,74631134,33.98051,110.72037,111.053207,-1.95716,-2.10340,0.14623971,6.48332,40.075303,32.76721,-101.10730,2.55570,118.50453,112.75392,107.0033091,2025-03-10,09:30
2025-03-10 10:30:00,108.07,108.47,106.18,107.6582,62375242,33.18808,110.39572,110.37421,-2.11115,-2.10495,-0.0062045859,17.22847,30.026330,33.34262,-145.069778,2.53672,118.18812,112.30868,106.42923,2025-03-10,10:30
2025-03-10 11:30:00,107.6601,108.92,106.85,108.084999,43556364,34.90575,110.067390,109.91636,-2.17370,-2.11870,-0.055000934,26.095863,16.60255,33.60156,-123.23159,2.50338,117.75838,111.89943,106.040468,2025-03-10,11:30
2025-03-10 12:30:00,108.089996,108.85,106.51,107.060097,36616744,32.72967,109.77407,109.34511,-2.27969,-2.15090,-0.12879341,12.056111,18.46015,33.94011,-130.37929,2.49171,117.10410,111.39694,105.68978,2025-03-10,12:30
2025-03-10 13:30:00,107.055,107.32,106.23,106.76,31503406,32.098681,109.52462,108.82809,-2.36069,-2.19286,-0.16783556,7.94523,15.36573,34.33797,-142.47067,2.39159,116.12817,110.85194,105.57571,2025-03-10,13:30
2025-03-10 14:30:00,106.76,107.4,105.46,106.6499,44667206,31.85603,109.095846,108.39245,-2.40603,-2.23549,-0.17054268,14.83669,11.61268,34.93710,-137.62193,2.35933,115.0048217,110.31994,105.63505,2025-03-10,14:30
2025-03-10 15:30:00,106.65,107.91,106.29,107.019997,39086074,33.67118,108.51473,108.11796,-2.38462,-2.26532,-0.11930022,19.45133,14.077750,35.12099,-104.16831,2.30652,114.33550,109.92872,105.52193,2025-03-10,15:30
2025-03-11 09:30:00,107.0049973,110.99,106.099998,106.31,97478690,31.91484,107.81529,107.75637,-2.39730,-2.29171,-0.10558655,11.12564,15.13789,33.40601,-69.94524,2.49106,113.78676,109.54122,105.29567,2025-03-11,09:30
2025-03-11 10:30:00,106.305,109.44,104.77,108.895,61183867,43.47532,107.38918,107.98409,-2.17371,-2.26811,0.094405637,49.51980,26.69892,32.33392,-66.13529,2.64670,113.54613,109.40419,105.26224,2025-03-11,10:30
2025-03-11 11:30:00,108.88,110.6,108.28,108.82,36915567,43.24590,107.47313,108.15128,-1.97974,-2.21044,0.23069978,48.61947,36.42164,30.73390,-5.63846,2.62336,113.29860,109.26843,105.23827,2025-03-11,11:30
2025-03-11 12:30:00,108.805,109.4,107.48,107.56,28235528,39.47672,107.46222,108.033020,-1.90572,-2.14949,0.24377437,33.49340,43.87756,29.57249,-43.64176,2.57312,113.17203,109.11993,105.067845,2025-03-11,12:30
2025-03-11 13:30:00,107.565,110.74,107.45,110.43,32990769,50.13715,107.72278,108.51242,-1.59706,-2.039007,0.44194360,67.94721,50.020028,27.81244,16.11909,2.62433,113.083614,109.086575,105.089536,2025-03-11,13:30
2025-03-11 14:30:00,110.44,112.236,109.98,110.8086,45716228,51.35440,108.13928,108.97165,-1.30684,-1.89257,0.58573550,72.49224,57.97762,26.15631,77.044701,2.59802,113.11333,109.098005,105.082683,2025-03-11,14:30
2025-03-11 15:30:00,110.81,111.0299,108.64,108.64,24887618,44.63324,108.34817,108.90532,-1.23755,-1.76157,0.52401536,51.83500,64.091481,24.56116,17.43565,2.58315,112.89628,108.97800,105.059728,2025-03-11,15:30
2025-03-12 09:30:00,114.12,116.76,113.88,114.6501,103960062,60.18552,109.23708,110.054278,-0.68973016,-1.54720,0.85747114,82.40283,68.91002,24.54426,224.83154,2.97864,113.85564,109.22551,104.59538,2025-03-12,09:30
2025-03-12 10:30:00,114.65,115.2291,112.88,114.51,47259223,59.76410,110.069299,110.94542,-0.26383945,-1.29053,1.026689,81.23437,71.82407,24.098005,156.20959,2.93367,114.66898,109.50076,104.33254,2025-03-12,10:30
2025-03-12 11:30:00,114.5109,116.15,114.3601,115.835,33813684,62.44259,111.12763,111.92334,0.17854009,-0.99671513,1.17526,92.28522,85.30747,23.95137,161.17524,2.85198,115.61925,109.76707,103.91488,2025-03-12,11:30
2025-03-12 12:30:00,115.85,116.6,115.44,116.115,31306972,63.0030862,111.92986,112.76167,0.54543519,-0.68828506,1.23372,94.62048,89.38002,23.94646,153.55471,2.73112,116.35758,109.96031,103.56305,2025-03-12,12:30
2025-03-12 13:30:00,116.11,116.26,114.3,115.555,29673338,61.041036,112.67819,113.32034,0.78200066,-0.39422792,1.17623,89.94995,92.28522,23.40720,122.76914,2.67604,116.86793,110.10781,103.34770,2025-03-12,13:30
2025-03-12 14:30:00,115.56,116.040001,115.080002,115.45,25861035,60.65958,113.55486,113.74627,0.95005595,-0.12537115,1.075427,89.074190,91.21487,22.90647,114.0065710,2.55347,117.31190,110.24381,103.17573,2025-03-12,14:30
2025-03-12 15:30:00,115.43,115.9799,114.98,115.74,25027420,61.37745,114.14486,114.14501,1.094030,0.11850915,0.97552118,91.49288,90.17234,22.39070,99.17180,2.44250,118.0073163,110.62759,103.24787,2025-03-12,15:30
2025-03-13 09:30:00,117.019997,117.76,113.79,116.655,85359507,63.63238,114.79445,114.64701,1.26735,0.34827826,0.91907645,91.49343,90.68683,22.54321,95.91033,2.55160,118.76855,111.077434,103.38631,2025-03-13,09:30
2025-03-13 10:30:00,116.655,117.25,115.61,116.080002,39400479,61.21375,115.62112,114.93361,1.34284,0.54719034,0.79564833,83.70515,88.89715,22.68483,88.83597,2.48649,119.33392,111.47718,103.62045,2025-03-13,10:30
2025-03-13 11:30:00,116.080002,116.7,115.41,115.8609,31839699,60.27363,115.75566,115.11907,1.36920,0.71159175,0.65760564,81.58002,85.59287,22.69646,74.52102,2.40103,119.72075,111.91722,104.11370,2025-03-13,11:30
2025-03-13 12:30:00,115.85,116.8,114.45,115.265,30548149,57.67906,115.83954,115.14825,1.32671,0.83461522,0.49209389,75.80018,80.36178,22.13572,59.58925,2.39738,119.89852,112.34247,104.78643,2025-03-13,12:30
2025-03-13 13:30:00,115.265,116.95,115.1102,116.95,28164566,62.58372,115.96343,115.50860,1.41272,0.95023561,0.46248154,91.11837,82.83285,21.68097,69.95827,2.35755,120.19217,112.85748,105.52279,2025-03-13,13:30
2025-03-13 14:30:00,116.95,117.73,115.89,116.0049973,31767650,58.48970,115.95121,115.60788,1.38862,1.037912,0.35070625,80.75653,82.55836,21.60307,69.78690,2.32059,120.24622,113.30673,106.36724,2025-03-13,14:30
2025-03-13 15:30:00,116.010002,116.35,115.12,115.71,26425577,57.23109,115.96843,115.62830,1.33038,1.096406,0.23397453,57.99178,76.62223,21.036671,48.36100,2.24269,119.99261,113.77673,107.56084,2025-03-13,15:30
2025-03-14 09:30:00,118.62,120.565,118.15,119.5249,80054675,67.092809,116.42120,116.40762,1.57391,1.19191,0.38200650,86.46585,75.071388,22.068845,139.068881,2.42928,120.58113,114.30822,108.035322,2025-03-14,09:30
2025-03-14 10:30:00,119.529,121.19,119.5001,120.93,38117429,69.85031,116.99787,117.31210,1.85887,1.32530,0.53356834,96.48646,80.31470,23.20602,170.23645,2.37647,121.28775,114.91372,108.53970,2025-03-14,10:30
2025-03-14 11:30:00,120.93,121.88,120.5,120.515,34285520,68.036897,117.42676,117.95268,2.027833,1.46581,0.56202694,83.12734,88.69322,24.45721,194.12676,2.30529,121.42742,115.56147,109.69553,2025-03-14,11:30
2025-03-14 12:30:00,120.5101,121.285,120.36,120.545,22384234,68.10136,117.92287,118.47114,2.13950,1.60054,0.53895284,83.49815,87.70398,25.52314,169.92677,2.20670,121.81934,116.067225,110.31510,2025-03-14,12:30
2025-03-14 13:30:00,120.54,120.8594,120.11,120.275,19740299,66.79556,118.41332,118.83191,2.18106,1.71665,0.46441522,80.16074,82.26207,26.33358,133.40858,2.10261,122.036108,116.54054,111.044981,2025-03-14,13:30
2025-03-14 14:30:00,120.28,121.068497,120.25,120.585,23734973,67.56456,119.0044327,119.18253,2.21350,1.81602,0.39748404,83.99260,82.55049,27.15813,117.28522,2.010884,121.56071,117.13779,112.71488,2025-03-14,14:30
2025-03-14 15:30:00,120.59,121.8,120.58,121.45,29113451,69.67500,119.50443,119.63602,2.28270,1.90935,0.37334195,94.68479,86.27937,28.17558,116.76349,1.95439,122.12333,117.47779,112.83224,2025-03-14,15:30
2025-03-17 09:30:00,122.7375,122.89,119.5,119.535,74711623,60.31801,119.89666,119.61582,2.15813,1.95911,0.19902132,60.24888,79.64209,29.46969,85.24171,2.056936,122.24716,117.72904,113.21091,2025-03-17,09:30
2025-03-17 10:30:00,119.54,120.27,118.88,119.295,34677303,59.24416,120.29499,119.55166,2.016798,1.97065,0.046150088,57.40521,70.77963,30.16311,45.23325,2.0092977,122.38163,117.90204,113.42245,2025-03-17,10:30
2025-03-17 11:30:00,119.305,119.71,118.28,118.3651,24940931,55.14757,120.16612,119.31434,1.80890,1.93830,-0.12939604,46.38743,54.68051,30.32740,21.050853,1.96792,122.42139,118.014544,113.60770,2025-03-17,11:30
2025-03-17 12:30:00,118.37,119.25,118.029999,119.1749,24739657,57.87906,119.97111,119.28645,1.69001,1.88864,-0.19863341,52.24681,52.013149,30.27947,17.77654,1.91450,122.47907,118.19554,113.91201,2025-03-17,12:30
2025-03-17 13:30:00,119.175,120.57,119.0,120.5,24394177,61.96129,119.96944,119.52916,1.68330,1.84757,-0.16427070,69.24066,55.95830,30.77525,51.51544,1.88989,122.64901,118.44804,114.24707,2025-03-17,13:30
2025-03-17 14:30:00,120.49,121.080002,120.23,120.3644,25289938,61.30652,119.94938,119.69621,1.64805,1.80767,-0.15961894,67.49552,62.99433,31.42766,64.93127,1.81561,122.76607,118.67926,114.59244,2025-03-17,14:30
2025-03-17 15:30:00,120.36,120.465,119.42,119.48,21588433,57.070433,119.86104,119.65297,1.53110,1.75235,-0.22125629,29.83548,55.52389,31.35141,33.15193,1.76057,122.81187,118.82051,114.82915,2025-03-17,15:30
2025-03-18 09:30:00,118.245,118.52,114.54,115.84,72291232,43.68980,119.33382,118.89038,1.13165,1.62821,-0.49656339,15.56881,37.63327,29.80120,-100.60761,1.98767,122.83405,118.80851,114.78297,2025-03-18,09:30
2025-03-18 10:30:00,115.83,116.96,115.48,116.755,33542033,47.050512,118.81215,118.46330,0.87878698,1.47833,-0.59954075,26.52691,23.97707,28.36171,-99.013375,1.95141,122.76508,118.85321,114.94135,2025-03-18,10:30
2025-03-18 11:30:00,116.755,117.68,116.1802,117.64,26841463,50.14951,118.60160,118.29864,0.74125909,1.33091,-0.58965492,37.12574,26.40715,26.63427,-76.82684,1.91915,122.57275,118.97196,115.37118,2025-03-18,11:30
2025-03-18 12:30:00,117.64,119.019997,116.94,117.155,37041485,48.47510,118.36382,118.069911,0.58637241,1.18201,-0.59563328,31.31735,31.65666,25.10993,-60.49969,1.93064,122.56101,118.98221,115.40341,2025-03-18,12:30
2025-03-18 13:30:00,117.17,117.65,115.7407,116.6387,38658434,46.68803,118.17200,117.78367,0.41715411,1.029035,-0.61188126,25.13415,31.19241,23.54419,-106.10507,1.92912,122.49663,119.013900,115.53116,2025-03-18,13:30
2025-03-18 14:30:00,116.64,117.58,115.97,116.135,32486323,44.94710,117.83423,117.45394,0.23964056,0.87115641,-0.63151585,19.10181,25.18444,22.090286,-116.79195,1.90632,122.44133,119.035150,115.62897,2025-03-18,14:30
2025-03-18 15:30:00,116.14,116.29,114.95,115.58,26592776,43.042604,117.28757,117.079149,0.053558510,0.70763683,-0.65407832,12.45510,18.89702,21.24931,-134.70493,1.86587,122.55087,118.83790,115.12494,2025-03-18,15:30
2025-03-19 09:30:00,117.305,118.16,115.68,116.99,64459531,48.95961,116.91263,117.061319,0.019635696,0.57003660,-0.55040091,37.46172,23.0062131,19.99457,-72.49849,1.91688,122.30675,118.64090,114.97506,2025-03-19,09:30
2025-03-19 10:30:00,116.9857,117.42,116.295,117.245,25415406,49.97185,116.66430,117.098056,0.013176494,0.45866458,-0.44548809,41.36088,30.42590,18.82946,-62.91546,1.86032,122.085560,118.47740,114.86925,2025-03-19,10:30
2025-03-19 11:30:00,117.245,118.099998,117.0,118.025002,26896489,53.039663,116.90708,117.28344,0.070187831,0.38096923,-0.31078140,53.28746,44.036688,18.097061,-29.47030,1.80601,121.83583,118.35140,114.86698,2025-03-19,11:30
2025-03-19 12:30:00,118.019997,118.25,117.27,117.4586,19938862,50.61257,116.98526,117.31848,0.068872175,0.31854982,-0.24967764,44.62694,46.42509,17.49485,-27.061751,1.74701,121.59899,118.21059,114.82218,2025-03-19,12:30
2025-03-19 13:30:00,117.46,119.26,117.337,118.536,31708228,54.84537,117.084813,117.56198,0.15300298,0.28544045,-0.13243747,61.10094,53.0051139,17.44916,9.60579,1.75958,121.32262,118.10814,114.89365,2025-03-19,13:30
2025-03-19 14:30:00,118.531,120.445,118.18,118.25,42933049,53.53372,117.20648,117.69959,0.19435874,0.26722411,-0.072865370,62.61607,56.11465,17.94936,46.50536,1.79568,120.77673,117.94814,115.11954,2025-03-19,14:30
2025-03-19 15:30:00,118.265,119.080002,117.39,117.52,28863345,50.23160,117.30440,117.66367,0.16631117,0.24704152,-0.080730347,50.46565,58.060885,17.86660,4.16762,1.78813,120.58478,117.84739,115.10999,2025-03-19,15:30
2025-03-20 09:30:00,117.235,119.44,116.76,118.9,59212296,55.78405,117.61162,117.91093,0.25252716,0.24813865,0.0043885128,71.88358,61.65510,17.37087,30.56520,1.85184,120.52843,117.82764,115.12684,2025-03-20,09:30
2025-03-20 10:30:00,118.91,119.905,118.6801,119.63,29473663,58.42630,118.061623,118.25475,0.37543078,0.27359708,0.10183370,85.16830,69.17251,17.15474,89.64877,1.80706,120.69627,117.89088,115.085492,2025-03-20,10:30
2025-03-20 11:30:00,119.6398,120.2,118.1899,118.29,36312796,52.25355,118.20607,118.26180,0.36055007,0.29098768,0.069562399,60.78257,72.61148,16.61303,58.72181,1.82156,120.59700,117.84664,115.096273,2025-03-20,11:30
2025-03-20 12:30:00,118.31,118.775,117.82,117.889,29469743,50.53298,118.27762,118.18724,0.31279389,0.29534892,0.017444971,53.48501,66.47863,15.85316,22.88717,1.75966,120.18360,117.71609,115.24857,2025-03-20,12:30
2025-03-20 13:30:00,117.9,119.07,117.84,118.079102,20595474,51.35080,118.28363,118.16561,0.28697827,0.29367479,-0.0066965153,56.94455,57.070712,15.33167,46.70307,1.72183,119.76053,117.60182,115.44311,2025-03-20,13:30
2025-03-20 14:30:00,118.065002,118.68,117.74,118.044998,21977978,51.18731,118.34879,118.14149,0.26076146,0.28709212,-0.026330665,56.32392,55.58450,14.77061,43.13270,1.66598,119.52336,117.53007,115.53678,2025-03-20,14:30
2025-03-20 15:30:00,118.050003,118.92,118.050003,118.47,18320216,53.18760,118.34146,118.20719,0.27115295,0.28390429,-0.012751335,58.55197,57.27348,14.41464,63.91961,1.60949,119.53492,117.66157,115.78822,2025-03-20,15:30
2025-03-21 09:30:00,116.958,117.67,115.42,116.4694,77078818,44.039065,118.14361,117.85963,0.11661214,0.25044586,-0.13383372,20.88358,45.25316,14.47080,-103.75331,1.71238,119.55216,117.64729,115.74242,2025-03-21,09:30
2025-03-21 10:30:00,116.47,117.050003,116.019997,116.29,23739474,43.31951,118.0069444,117.54571,-0.020106680,0.19633535,-0.21644203,17.31348,32.24968,14.52294,-101.49661,1.66364,119.57447,117.57979,115.58512,2025-03-21,10:30
2025-03-21 11:30:00,116.295,117.63,116.27,117.35,22252430,48.65749,117.83472,117.50656,-0.042435218,0.14858124,-0.19101646,38.40795,25.53501,14.11871,-45.68660,1.64195,119.57771,117.58954,115.60137,2025-03-21,11:30
2025-03-21 12:30:00,117.355,117.99,116.97,117.065002,27230579,47.36589,117.54972,117.41825,-0.082180220,0.10242895,-0.18460917,32.73639,29.48594,13.46755,-29.30346,1.59752,119.56667,117.61086,115.65504,2025-03-21,12:30
2025-03-21 13:30:00,117.065002,117.56,116.82,117.1911,14765667,48.023309,117.42762,117.37282,-0.10232379,0.061478399,-0.16380219,35.24582,35.46339,12.96921,-46.10341,1.53627,119.51127,117.66366,115.81605,2025-03-21,13:30
2025-03-21 14:30:00,117.19,117.41,116.685,116.785,17897704,46.029356,117.30496,117.25526,-0.14933494,0.019315731,-0.16865067,28.55661,32.17961,12.60636,-78.30607,1.47833,119.36258,117.72391,116.085244,2025-03-21,14:30
2025-03-21 15:30:00,116.78,117.8,116.4,117.635,23788360,50.64825,117.25561,117.33121,-0.11665907,-0.0078792299,-0.10877984,46.33901,36.71381,11.92679,-51.34652,1.47273,119.36082,117.75616,116.15150,2025-03-21,15:30
2025-03-24 09:30:00,119.89,121.07,119.34,120.48,60100425,62.28320,117.52617,117.96097,0.13722279,0.021141175,0.11608162,89.55759,54.81773,12.96344,202.29636,1.61289,119.89323,117.91791,115.94259,2025-03-24,09:30
2025-03-24 10:30:00,120.47,122.22,120.33,122.040001,34041886,66.89230,117.92283,118.77677,0.45901354,0.10871565,0.35029790,97.35294,77.74984,14.44030,246.26730,1.63269,120.79012,118.11866,115.44720,2025-03-24,10:30
2025-03-24 11:30:00,122.0401,122.22,121.35,121.75,21429703,65.29488,118.50957,119.37142,0.68276390,0.22352530,0.45923860,93.088220,93.33292,15.81167,211.69304,1.57821,121.41588,118.33323,115.25058,2025-03-24,11:30
2025-03-24 12:30:00,121.755,122.080002,121.38,121.7288,15509433,65.17234,119.11388,119.84289,0.84859477,0.34853919,0.50005558,92.77643,94.40586,17.085081,166.24251,1.51548,121.91318,118.49287,115.072556,2025-03-24,12:30
2025-03-24 13:30:00,121.725,121.98,121.56,121.815,13064300,65.45619,119.60999,120.23732,0.97572536,0.47397643,0.50174893,94.044138,93.30293,18.26754,141.41111,1.43723,122.38151,118.67112,114.96073,2025-03-24,13:30
2025-03-24 14:30:00,121.815,122.080002,121.65,121.795,16563480,65.32314,120.13555,120.54885,1.062614,0.59170393,0.47091001,93.74996,93.52351,19.41918,121.74505,1.36529,122.79267,118.88487,114.97707,2025-03-24,14:30
2025-03-24 15:30:00,121.795,122.009903,121.23,121.23,19638306,61.51960,120.58431,120.68508,1.073509,0.68806488,0.38544379,85.44121,91.078437,20.021087,93.14276,1.32347,123.040741,119.0013706,114.96200,2025-03-24,15:30
2025-03-25 09:30:00,120.53,120.93,118.93,119.965,2493143,53.94584,120.93765,120.54107,0.96889875,0.74423165,0.22466710,63.62904,80.94007,18.63952,32.78378,1.39323,123.070537,119.018121,114.96570,2025-03-25,09:30
2025-03-25 10:30:00,119.98,120.43,119.45,120.26,1011632,55.32704,121.22931,120.48485,0.89943060,0.77527144,0.12415916,67.058828,72.043027,17.35663,33.67042,1.36371,123.18917,119.11662,115.044068,2025-03-25,10:30
2025-03-25 11:30:00,120.27,120.99,120.04,120.67,800976,57.24620,121.25042,120.52188,0.86746062,0.79370928,0.073751342,73.36768,68.018514,16.49459,47.55133,1.33416,123.34095,119.25567,115.17039,2025-03-25,11:30
2025-03-25 12:30:00,120.665,121.13,120.17,120.25,663624,54.65588,121.051534,120.46751,0.79902305,0.79477203,0.0042510159,66.15118,68.85923,15.80039,41.67520,1.30743,123.43402,119.36422,115.29441,2025-03-25,12:30
2025-03-25 13:30:00,120.24,121.015,120.24,120.71,626500,56.95329,120.93598,120.51600,0.77299335,0.79041630,-0.017422947,74.054960,71.19127,15.15577,42.59342,1.26940,123.56028,119.49747,115.43466,2025-03-25,13:30
2025-03-25 14:30:00,120.72,120.95,120.51,120.7,503612,56.88582,120.82167,120.55280,0.74299295,0.78093163,-0.037938678,73.88314,71.36309,14.55719,41.36830,1.21016,123.67526,119.60897,115.54267,2025-03-25,14:30
2025-03-25 15:30:00,120.71,121.29,120.515,120.66,693558,56.59697,120.69333,120.57424,0.70783032,0.76631137,-0.058481044,52.58357,66.84056,14.30419,41.23719,1.17908,123.64063,119.81850,115.99636,2025-03-25,15:30
2025-03-26 09:30:00,118.755,118.84,114.455,115.115,89092370,32.19328,119.95111,119.48239,0.22987846,0.65902478,-0.42914632,8.49963,44.98878,16.19137,-145.46803,1.53807,123.82539,119.75975,115.69410,2025-03-26,09:30
2025-03-26 10:30:00,115.115,115.64,114.74,115.165,34117276,32.47603,119.27722,118.61892,-0.14321610,0.49857661,-0.64179271,9.14358,23.40893,17.94376,-166.49781,1.49249,124.071203,119.65050,115.22979,2025-03-26,10:30
2025-03-26 11:30:00,115.16,115.4,113.57,114.035004,35802958,29.48392,118.61833,117.70213,-0.52403679,0.29405393,-0.81809072,5.46421,7.70247,19.97107,-172.14343,1.51660,124.44072,119.49900,114.55727,2025-03-26,11:30
2025-03-26 12:30:00,114.035004,114.28,113.39,113.46,28403778,28.066860,117.86278,116.85371,-0.86229796,0.062783550,-0.92508151,0.80551985,5.13777,21.91266,-166.88833,1.47184,124.83603,119.31244,113.78885,2025-03-26,12:30
2025-03-26 13:30:00,113.465,113.79,112.71,113.645,29558918,29.24511,117.082222,116.21196,-1.10273,-0.17031976,-0.93241324,9.97863,5.41612,23.93833,-154.20142,1.44386,125.11848,119.15544,113.19240,2025-03-26,13:30
2025-03-26 14:30:00,113.65,113.77,112.765,113.265,26875607,28.22252,116.30611,115.62257,-1.30885,-0.39802670,-0.91082775,5.96781,5.58398,25.81932,-136.63977,1.41251,125.40563,118.93694,112.46825,2025-03-26,14:30
2025-03-26 15:30:00,113.265,114.15,113.18,113.7,24048584,31.18872,115.52722,115.23806,-1.42073,-0.60256720,-0.81816202,11.53844,9.16162,27.17053,-107.41813,1.38090,125.40920,118.59794,111.78668,2025-03-26,15:30
2025-03-27 09:30:00,111.345,113.2874,110.67,112.815,68494954,28.59928,114.65111,114.75345,-1.56279,-0.79461128,-0.76817633,20.19778,12.56801,29.24484,-117.78560,1.49869,125.19793,118.13669,111.075449,2025-03-27,09:30
2025-03-27 10:30:00,112.81,114.45,112.65,113.55,33925620,33.53482,113.86111,114.51276,-1.59764,-0.95521800,-0.64242685,27.11869,19.61830,30.12381,-81.68079,1.52022,124.85305,117.72669,110.60033,2025-03-27,10:30
2025-03-27 11:30:00,113.55,113.56,111.96,112.505,28975493,30.32521,113.57111,114.11121,-1.69011,-1.10220,-0.58791372,17.27871,21.53172,31.17626,-88.35424,1.52591,124.48936,117.26550,110.041642,2025-03-27,11:30
2025-03-27 12:30:00,112.5,112.79,111.65,111.6914,18461760,28.072465,113.18516,113.62724,-1.80820,-1.24340,-0.56479999,9.61771,18.0050327,32.25851,-91.28290,1.49835,124.055468,116.75932,109.46317,2025-03-27,12:30
2025-03-27 13:30:00,111.69,112.535,111.52,112.145,18439363,31.14360,112.97515,113.33079,-1.84392,-1.36350,-0.48042163,13.88887,13.59509,33.30904,-84.16813,1.46382,123.45243,116.27682,109.10121,2025-03-27,13:30
2025-03-27 14:30:00,112.13,112.97,111.95,112.67,16703652,34.62299,112.88738,113.19864,-1.80902,-1.45261,-0.35641526,18.83239,14.11299,33.85315,-69.91295,1.43212,122.80954,115.84882,108.88810,2025-03-27,14:30
2025-03-27 15:30:00,112.6637,112.685,111.18,111.43,19127222,30.67973,112.64127,112.84491,-1.85998,-1.53408,-0.32589722,9.30235,14.0078715,34.66493,-80.22518,1.43733,122.36755,115.42207,108.47658,2025-03-27,15:30
2025-03-28 09:30:00,111.485,112.87,109.26,109.2788,67383364,25.29699,112.19835,112.13169,-2.050310,-1.63733,-0.41298364,0.29465261,9.47646,36.057454,-102.80486,1.59252,121.93705,114.87301,107.80896,2025-03-28,09:30
2025-03-28 10:30:00,109.28,110.15,109.079903,109.655,30806013,27.68641,111.74891,111.63635,-2.14605,-1.73907,-0.40698319,9.099480,6.23216,37.40363,-118.58656,1.55520,121.20789,114.32226,107.43663,2025-03-28,10:30
2025-03-28 11:30:00,109.655,110.1839,109.099998,109.585,24313542,27.51008,111.39002,111.22608,-2.20220,-1.83170,-0.37049992,9.40573,6.26662,38.61739,-118.0080834,1.52154,120.40227,113.78901,107.17575,2025-03-28,11:30
2025-03-28 12:30:00,109.58,110.145,109.24,109.475,22879578,27.21675,110.93724,110.87586,-2.22986,-1.91133,-0.31853145,7.35733,8.62085,39.74445,-118.25760,1.47750,119.27830,113.22726,107.17622,2025-03-28,12:30
2025-03-28 13:30:00,109.485,110.4182,109.36,110.014999,19879394,31.10067,110.66058,110.70369,-2.18305,-1.96567,-0.21737385,17.41304,11.39203,40.46321,-104.26193,1.44755,117.82806,112.69301,107.55796,2025-03-28,13:30
2025-03-28 14:30:00,110.011002,110.61,109.86,109.91,21216107,30.75700,110.46264,110.54495,-2.12987,-1.99851,-0.13135505,15.45785,13.40941,40.89544,-93.68914,1.39773,115.90618,112.15551,108.40484,2025-03-28,14:30
2025-03-28 15:30:00,109.91,110.029999,109.4,109.64,21276130,29.84370,110.18431,110.36396,-2.085468,-2.015903,-0.069565271,10.42992,14.43360,41.50202,-101.90574,1.34289,115.52616,111.88176,108.23736,2025-03-28,15:30
2025-03-31 09:30:00,105.11,106.010002,103.65,103.89,87254622,17.75349,109.20876,109.069170,-2.48561,-2.10984,-0.37576287,2.22220,9.36999,43.58240,-257.39458,1.67482,116.074910,111.31801,106.56111,2025-03-31,09:30
2025-03-31 10:30:00,103.895,105.53,103.895,105.1896,38379406,25.13564,108.51538,108.29326,-2.66711,-2.22130,-0.44581109,15.53579,9.39597,45.51418,-200.74168,1.67234,116.15596,110.87574,105.59552,2025-03-31,10:30
2025-03-31 11:30:00,105.18,106.010002,104.77,105.98,26317547,29.29241,108.14884,107.83060,-2.71586,-2.32021,-0.39565285,25.000020465,14.25267,46.83214,-153.79574,1.64146,116.049642,110.50174,104.95384,2025-03-31,11:30
2025-03-31 12:30:00,105.975,106.25,105.31,105.72,20941158,28.72736,107.71162,107.40848,-2.74385,-2.40494,-0.33891368,22.21030,20.91537,47.81481,-131.19858,1.59135,115.82809,110.10549,104.38289,2025-03-31,12:30
2025-03-31 13:30:00,105.7289,107.57,105.56,107.5501,21222498,37.81958,107.48552,107.43681,-2.58852,-2.44165,-0.14686612,41.84658,29.68563,47.48042,-87.68128,1.62126,115.45278,109.81974,104.18671,2025-03-31,13:30
2025-03-31 14:30:00,107.55,108.14,107.12,107.24,30430998,36.95920,107.23719,107.39745,-2.46206,-2.44574,-0.016325500,38.93705,34.33131,46.67798,-61.70998,1.57831,114.94041,109.49674,104.053079,2025-03-31,14:30
2025-03-31 15:30:00,107.25,108.96,107.1301,108.77,30493185,43.75754,107.098856,107.67196,-2.21287,-2.39916,0.18628890,55.53139,45.43834,45.25772,-32.30395,1.59628,114.52645,109.29449,104.062541,2025-03-31,15:30
2025-04-01 09:30:00,108.5325,109.093697,106.47,107.13,57000038,38.91339,106.78997,107.56356,-2.12325,-2.34398,0.22072989,49.99995,48.15613,44.23554,-46.33358,1.66967,113.90059,108.97349,104.046394,2025-04-01,09:30
2025-04-01 10:30:00,107.1435,109.49,107.074997,108.9109,31564803,45.91534,106.70895,107.83303,-1.88677,-2.25254,0.36576827,75.58758,60.37297,42.95545,-11.78105,1.72290,113.44713,108.79379,104.14044,2025-04-01,10:30
2025-04-01 11:30:00,108.92,109.9299,108.58,109.4,25262943,47.68877,107.32118,108.14642,-1.64098,-2.13023,0.48925085,82.61495,69.40083,41.40067,20.85073,1.69626,113.15084,108.67922,104.20760,2025-04-01,11:30
2025-04-01 12:30:00,109.41,109.455,108.45,108.8012,19506972,45.71253,107.72247,108.27738,-1.47747,-1.99967,0.52220682,74.011495,77.40468,40.028717,13.29261,1.64689,112.69344,108.51203,104.33061,2025-04-01,12:30
2025-04-01 13:30:00,108.8,109.23,107.41,107.7199,18840174,42.30336,107.91579,108.16588,-1.41878,-1.88350,0.46471272,58.47559,71.70068,39.30480,-8.91576,1.65925,111.99373,108.26452,104.53532,2025-04-01,13:30
2025-04-01 14:30:00,107.76,108.96,107.64,108.6113,20398385,45.88622,108.23704,108.25497,-1.28553,-1.76390,0.47837379,77.76329,70.083460,38.63260,11.00043510,1.63502,111.56561,108.12359,104.68157,2025-04-01,14:30
2025-04-01 15:30:00,108.61,110.2,108.56,110.19,23878460,51.61669,108.53037,108.64197,-1.040541,-1.61923,0.57868957,99.84741,78.69543,36.89149,71.79377,1.63537,111.69425,108.16915,104.64405,2025-04-01,15:30
2025-04-02 09:30:00,107.3,109.72,106.79,108.9986,52456911,47.52634,108.72577,108.71330,-0.93178194,-1.48174,0.54995914,80.94527,86.18533,36.23113,21.080520,1.76142,111.61743,108.13633,104.65523,2025-04-02,09:30
2025-04-02 10:30:00,109.0,110.49,108.68,110.25,25023989,51.84304,108.89021,109.020639,-0.73612594,-1.33262,0.59649212,95.80423,92.19897,34.99638,83.33488,1.76489,111.71745,108.16958,104.62171,2025-04-02,10:30
2025-04-02 11:30:00,110.24,111.155,109.61,111.1524,20802108,54.73479,109.33714,109.44699,-0.50245920,-1.16659,0.66412709,99.95549,92.23500,33.34327,117.87420,1.74918,111.99483,108.25345,104.51207,2025-04-02,11:30
2025-04-02 12:30:00,111.1513,111.98,110.15,111.235,24736543,55.0011571,109.59538,109.80459,-0.30707148,-0.99468332,0.68761184,88.39561,94.71844,31.21876,133.25791,1.75496,112.20551,108.31445,104.42339,2025-04-02,12:30
2025-04-02 13:30:00,111.22,111.25,109.32,109.325,23167039,47.97161,109.58704,109.70867,-0.30285552,-0.85631776,0.55346225,51.81478,80.055294,29.75568,81.46369,1.76746,112.13643,108.28520,104.43397,2025-04-02,13:30
2025-04-02 14:30:00,109.3,110.13,108.85,109.65,20996629,49.16225,109.68135,109.69694,-0.27017477,-0.73908916,0.46891439,57.71323,65.97454,28.67250,62.81926,1.73264,112.13764,108.28570,104.43376,2025-04-02,14:30
2025-04-02 15:30:00,109.645,110.76,109.39,110.38,18771615,51.82877,109.97692,109.83355,-0.18325801,-0.62792293,0.44466492,70.96179,60.16327,27.18632,87.62002,1.70674,111.99088,108.61020,105.22952,2025-04-02,15:30
2025-04-03 09:30:00,103.505,105.63,103.2622,105.15,88390819,36.89690,109.59233,108.89684,-0.53028005,-0.60839436,0.078114302,21.65456,50.10986,28.31173,-189.98779,2.093242,111.99695,108.60822,105.21949,2025-04-03,09:30
2025-04-03 10:30:00,105.15,105.4291,102.010002,102.9699,61359360,32.67146,108.79010,107.71145,-0.97003142,-0.68072177,-0.28930965,9.62788,34.081410,29.67181,-224.84868,2.18795,112.50364,108.45771,104.41179,2025-04-03,10:30
2025-04-03 11:30:00,102.955,104.19,102.885,103.661,32422689,35.20470,108.19703,106.90136,-1.24838,-0.79425360,-0.45412731,16.55969,15.94738,30.93475,-196.22086,2.12488,112.76269,108.35476,103.94684,2025-04-03,11:30
2025-04-03 12:30:00,103.67,103.87,102.75,103.019997,30347849,33.92955,107.39370,106.12509,-1.50337,-0.93607664,-0.56729219,10.13033,12.10597,32.14347,-176.35180,2.053101,113.10691,108.12826,103.14960,2025-04-03,12:30
2025-04-03 13:30:00,103.019897,103.36,102.3,102.625,22282652,33.13314,106.44621,105.42507,-1.71752,-1.092366,-0.62515709,6.16848,10.95283,33.38960,-155.88641,1.98217,113.41778,107.89751,102.37724,2025-04-03,13:30
2025-04-03 14:30:00,102.63,104.099998,102.535,102.6685,33686143,33.31878,105.49438,104.87376,-1.86226,-1.24635,-0.61591878,6.60482,7.63455,33.95298,-121.083002,1.95237,113.54368,107.59243,101.64119,2025-04-03,14:30
2025-04-03 15:30:00,102.67,103.010002,101.6,101.82,26747161,31.48286,104.66049,104.26301,-2.022130,-1.40150,-0.62062768,2.11946,4.96425,34.77098,-122.26013,1.91363,113.78889,107.32693,100.86498,2025-04-03,15:30
2025-04-04 09:30:00,98.9,100.1241,94.56,94.605,144458774,20.92462,102.98882,102.33141,-2.69989,-1.66118,-1.038712,0.25835697,2.99421,36.94635,-200.74240,2.29551,115.072017,106.61164,98.15126,2025-04-04,09:30
2025-04-04 10:30:00,94.605,96.57,92.11,95.099998,99664313,22.83658,101.29105,100.88512,-3.16065,-1.96107,-1.19957,15.047798,5.80854,39.26382,-191.55755,2.45012,115.61681,105.89664,96.17647,2025-04-04,10:30
2025-04-04 11:30:00,95.099998,95.85,93.63,93.8299,50949627,21.40637,100.033257,99.47408,-3.58694,-2.28625,-1.30069,8.65577,7.98731,41.41576,-164.23112,2.43368,116.087646,105.14808,94.20850,2025-04-04,11:30
2025-04-04 12:30:00,93.83,94.58,93.24,94.1001,42351032,22.51809,99.047723,98.39928,-3.85849,-2.60070,-1.25780,10.39758,11.36705,43.46129,-148.20530,2.35556,116.33755,104.46708,92.59662,2025-04-04,12:30
2025-04-04 13:30:00,94.11,96.1299,93.665,94.010002,43326877,22.40429,97.97539,97.52143,-4.034469,-2.88745,-1.14702,10.18767,9.74701,44.33141,-123.61793,2.36337,116.27541,103.73702,91.19863,2025-04-04,13:30
2025-04-04 14:30:00,94.025002,95.56,93.2649,95.165,54076988,27.46518,97.10261,97.050142,-4.034227,-3.11681,-0.91742087,16.38070,12.32198,45.21229,-109.98378,2.35849,115.68700,102.98577,90.28454,2025-04-04,14:30
2025-04-04 15:30:00,95.17,96.38,94.21,94.32,48493840,26.12282,96.17983,96.50411,-4.055471,-3.30454,-0.75093171,16.34615,14.30484,45.48929,-92.78798,2.34503,115.17295,102.25184,89.33073,2025-04-04,15:30
2025-04-07 09:30:00,87.53,101.74,86.63,93.61,241296096,25.016452,95.17333,95.92529,-4.082537,-3.46014,-0.62239808,37.12945,23.28543,46.92795,-91.96661,3.25681,114.31667,101.41984,88.52301,2025-04-07,09:30
2025-04-07 10:30:00,93.5,98.28,92.019997,93.88,100029158,26.29484,94.29111,95.51623,-4.035679,-3.57525,-0.46043258,41.28700,31.58753,48.26386,-73.86887,3.47133,113.037016,100.55622,88.075424,2025-04-07,10:30
2025-04-07 11:30:00,93.86,97.57,93.86,95.87,52286254,35.080085,94.43167,95.58699,-3.79423,-3.61904,-0.17518676,52.89070,43.76905,49.50434,-54.52763,3.48837,111.40667,99.78797,88.16927,2025-04-07,11:30
2025-04-07 12:30:00,95.86,98.32,94.812,98.2329,44582320,43.66627,94.77977,96.11617,-3.37333,-3.56990,0.19657225,66.41617,53.53129,50.19955,-31.54430,3.48978,110.0063233,99.23337,88.46041,2025-04-07,12:30
2025-04-07 13:30:00,98.21,99.69,97.175,97.41,54154785,41.60265,95.17756,96.37494,-3.070763,-3.47007,0.39930956,61.70581,60.33756,50.042359,-11.49030,3.42015,108.29205,98.62137,88.95068,2025-04-07,13:30
2025-04-07 14:30:00,97.4307,99.029999,96.42,96.65,41244887,39.73495,95.46088,96.42995,-2.85934,-3.34793,0.48858335,61.17217,63.098050,50.045724,-15.28332,3.36228,105.98230,97.93487,89.88743,2025-04-07,14:30
2025-04-07 15:30:00,96.67,98.37,96.27,97.71,32364653,43.54199,95.87199,96.68596,-2.57656,-3.19365,0.61709506,73.32893,65.40230,50.079253,-7.86094,3.27212,104.89813,97.56287,90.22760,2025-04-07,15:30
2025-04-08 09:30:00,103.805,105.85,102.59,104.73,131855772,61.078115,96.93477,98.29477,-1.76564,-2.90805,1.14241,94.17276,76.22462,46.73325,135.020455,3.61983,105.27986,97.65087,90.021882,2025-04-08,09:30
2025-04-08 10:30:00,104.72,105.23,102.019997,102.059998,62204585,54.18456,97.79477,99.047814,-1.32318,-2.59108,1.26790,80.28095,82.59422,43.79995,109.92776,3.59055,104.97620,97.57082,90.16544,2025-04-08,10:30
2025-04-08 11:30:00,102.059998,104.3657,100.95,101.585,53337417,53.037711,98.68088,99.55525,-0.99932822,-2.27273,1.27340,77.80958,84.087765,41.40193,95.87781,3.57806,104.71731,97.49907,90.28083,2025-04-08,11:30
2025-04-08 12:30:00,101.58,101.82,98.7,98.78,54463549,46.74559,99.22532,99.40020,-0.95797402,-2.0097757,1.051802,63.21540,73.76865,39.80798,48.090606,3.54534,104.16454,97.30682,90.44910,2025-04-08,12:30
2025-04-08 13:30:00,98.755,101.0,98.58,99.4299,37886532,48.27667,99.62087,99.40614,-0.86281286,-1.78038,0.91757027,66.59679,69.20726,38.36045,53.88577,3.46496,103.63144,97.14489,90.65834,2025-04-08,13:30
2025-04-08 14:30:00,99.4283,101.0,95.27,96.32,55183916,42.047043,99.40832,98.78891,-1.026507,-1.62961,0.60310084,50.41624,60.076146,37.84047,7.71195,3.62675,102.99669,96.86989,90.74309,2025-04-08,14:30
2025-04-08 15:30:00,96.31,96.75,94.46,96.71,44320325,43.039700,99.33054,98.37313,-1.11195,-1.52608,0.41412763,52.44538,56.48614,37.53691,-33.83779,3.53127,103.014387,96.97514,90.93589,2025-04-08,15:30
2025-04-09 09:30:00,98.88,101.18,97.5301,99.9794,110121099,50.66820,99.70048,98.69438,-0.90541084,-1.40194,0.49653214,57.55172,53.47111,35.56980,56.57347,3.59832,103.32945,97.21911,91.10877,2025-04-09,09:30
2025-04-09 10:30:00,99.97,100.87,97.74,99.1688,49156562,48.91889,99.86257,98.78927,-0.79793887,-1.28114,0.48320329,44.27690,51.42467,33.74320,42.17229,3.56487,103.44543,97.48606,91.52668,2025-04-09,10:30
2025-04-09 11:30:00,99.17,99.71,98.0,99.44,33664067,49.54651,99.27479,98.91941,-0.68300951,-1.16152,0.47850611,43.72260,48.51707,32.047066,30.71953,3.43238,103.55819,97.75305,91.94791,2025-04-09,11:30
2025-04-09 12:30:00,99.44,109.85,99.15,106.47,86419213,62.43194,99.76479,100.42953,-0.024383938,-0.93408929,0.90970535,78.037704,55.34573,31.67991,172.12725,3.95150,105.050039,98.37605,91.70206,2025-04-09,12:30
2025-04-09 13:30:00,106.47,112.99,101.57,112.029999,114934175,69.14394,100.92534,102.74963,0.93544370,-0.56018269,1.49563,94.81922,72.19317,31.86433,220.32801,4.48496,107.98980,99.21930,90.44880,2025-04-09,13:30
2025-04-09 14:30:00,112.029999,113.3,110.099998,112.79,79368009,69.93466,102.48201,104.75770,1.73741,-0.10066375,1.83808,97.29298,90.049968,32.085292,225.31352,4.39318,110.41619,100.14280,89.86941,2025-04-09,14:30
2025-04-09 15:30:00,112.7976,115.099998,112.775,114.25,69889080,71.44836,104.12869,106.65616,2.46240,0.41194948,2.050453,95.88179,95.99800,32.57889,203.68963,4.24545,112.68781,101.17480,89.66179,2025-04-09,15:30
2025-04-10 09:30:00,109.32,110.029999,106.94,109.080002,103900783,59.94006,105.54647,107.14093,2.58993,0.84754593,1.74239,70.83335,88.0027073,31.26877,103.67141,4.46435,113.42805,101.93480,90.44155,2025-04-10,09:30
2025-04-10 10:30:00,109.050003,110.86,107.89,107.895,49419171,57.64804,106.78924,107.29174,2.56580,1.19120,1.37461,65.092044,77.26906,30.21494,94.0015099,4.35761,113.95521,102.53605,91.11689,2025-04-10,10:30
2025-04-10 11:30:00,107.8913,108.268,103.010002,104.050003,64357100,50.85320,107.24153,106.64339,2.21094,1.39514,0.81579021,46.46320,60.79620,28.075261,34.016545,4.42192,114.088066,102.82691,91.56574,2025-04-10,11:30
2025-04-10 12:30:00,104.029999,108.37,103.94,106.47,52957278,54.48912,108.052778,106.60872,2.10076,1.53627,0.56448998,58.18800,56.58108,26.074484,45.55075,4.42250,114.36046,103.27991,92.19935,2025-04-10,12:30
2025-04-10 13:30:00,106.45,108.57,106.050003,108.444,43347805,57.26631,109.053223,106.97577,2.14797,1.65861,0.48935852,67.75195,57.46771,24.26498,60.17716,4.28660,114.72917,103.86961,93.010036,2025-04-10,13:30
2025-04-10 14:30:00,108.45,108.9387,106.41,106.44,42888124,53.68472,109.049889,106.86862,2.00061062,1.72701,0.27360294,58.042654,61.32753,22.67882,48.28781,4.16104,114.83708,104.30611,93.77513,2025-04-10,14:30
2025-04-10 15:30:00,106.44,108.059998,105.5,107.7,39204146,55.56639,108.56878,107.034894,1.96288,1.77418,0.18869390,57.88251,61.22570,21.16024,42.11302,4.046680,115.088555,104.45461,93.82065,2025-04-10,15:30
2025-04-11 09:30:00,108.59,110.69,107.56,107.7,81909147,55.56639,108.0032221,107.16791,1.91094,1.80153,0.10940805,57.37326,57.76614,20.24205,60.66949,3.98120,115.40068,104.73661,94.072530,2025-04-11,09:30
2025-04-11 10:30:00,107.71,109.835,107.48,108.64,41874415,57.075283,107.37989,107.46233,1.92346,1.82592,0.097542387,62.22222,59.15933,19.36522,56.038857,3.86505,115.77980,105.089355,94.39891,2025-04-11,10:30
2025-04-11 11:30:00,108.65,109.99,108.43,109.44,31153652,58.37094,107.41989,107.85787,1.97517,1.85577,0.11939966,64.51412,61.36987,18.59369,60.85128,3.70040,116.061378,105.62236,95.18333,2025-04-11,11:30
2025-04-11 12:30:00,109.47,111.059998,109.43,109.74,35792537,58.87227,107.62489,108.23429,2.017102,1.88804,0.12906656,60.38432,62.37356,18.17791,68.56642,3.55251,116.31784,106.13786,95.95788,2025-04-11,12:30
2025-04-11 13:30:00,109.74,111.5499,109.2901,110.35,36180706,59.92899,108.32489,108.65743,2.075630,1.92555,0.15007567,60.71132,61.86992,17.93011,70.63878,3.46018,116.10941,106.83936,97.56931,2025-04-11,13:30
2025-04-11 14:30:00,110.36,110.52,109.58,110.11,24853430,59.28360,108.72933,108.94795,2.078686,1.95618,0.12250554,58.72623,59.94062,17.70001,62.079903,3.28016,115.61842,107.50936,99.40030,2025-04-11,14:30
2025-04-11 15:30:00,110.105,111.0,109.83,110.69,29628386,60.39368,108.97889,109.29636,2.10366,1.98568,0.11798341,89.93086,69.78947,17.63621,68.20712,3.12944,115.48081,108.044890,100.60897,2025-04-11,15:30
2025-04-14 09:30:00,114.14,114.29,111.3801,112.567,82789779,63.83043,109.65967,109.95049,2.24898,2.038338,0.21064679,84.72518,77.79409,18.49013,127.43457,3.16305,115.18247,108.71480,102.24713,2025-04-14,09:30
2025-04-14 10:30:00,112.565,112.99,111.3,111.3335,32614822,60.13737,110.063389,110.22709,2.23882,2.078434,0.16038188,73.78992,82.81532,19.24592,97.26683,3.057831,114.26763,109.30948,104.35132,2025-04-14,10:30
2025-04-14 11:30:00,111.35,111.66,109.07,110.029999,42210370,56.42228,110.32228,110.18767,2.10135,2.083017,0.018333994,58.84055,72.45188,18.95760,32.15190,3.024414,114.27787,109.48748,104.69708,2025-04-14,11:30
2025-04-14 12:30:00,110.029999,111.19,109.935,110.44,23588472,57.31549,110.52228,110.23814,2.0024109,2.066896,-0.064484958,56.20025,62.94357,18.68989,38.72141,2.89803,114.078222,109.40798,104.73773,2025-04-14,12:30
2025-04-14 13:30:00,110.43,111.36,109.78,111.2,21463425,58.99334,110.71783,110.43051,1.96270,2.046057,-0.083356286,64.84637,59.96239,18.49826,52.95273,2.80388,113.81630,109.32848,104.84065,2025-04-14,13:30
2025-04-14 14:30:00,111.1911,111.88,111.099998,111.35,20101443,59.33311,110.89672,110.61441,1.92119,2.021083,-0.099895558,66.55288,62.53317,18.50061,91.37512,2.65932,113.18716,109.18348,105.17979,2025-04-14,14:30
2025-04-14 15:30:00,111.36,111.79,110.64,110.7,21299355,57.12429,110.93561,110.63153,1.81492,1.97985,-0.16493277,47.28333,59.56086,18.26715,67.29588,2.55151,113.32170,109.26447,105.20725,2025-04-14,15:30
2025-04-15 09:30:00,110.97,112.76,110.5,111.014999,58880939,57.94144,111.036167,110.70822,1.73610,1.93110,-0.19499798,51.90892,55.24837,18.41032,75.68520,2.53069,113.49497,109.42048,105.34598,2025-04-15,09:30
2025-04-15 10:30:00,111.040001,112.49,111.0,112.029999,26928914,60.55042,111.18506,110.97258,1.73554,1.89199,-0.15645073,61.43341,53.54189,18.54326,90.34534,2.45635,113.21922,109.81947,106.41973,2025-04-15,10:30
2025-04-15 11:30:00,112.035004,113.615,111.79,113.265,35167817,63.51597,111.26261,111.43106,1.81383,1.87636,-0.062522697,80.36396,64.56876,19.088371,136.42766,2.41126,113.50990,110.15922,106.80855,2025-04-15,11:30
2025-04-15 12:30:00,113.27,113.4,111.7301,111.8401,23656467,58.090140,111.31890,111.51287,1.74084,1.84925,-0.10841282,53.067104,64.95483,19.55644,100.59417,2.35830,113.65895,110.32903,106.99911,2025-04-15,12:30
2025-04-15 13:30:00,111.835,112.64,111.77,112.12,19596078,58.83406,111.55112,111.63430,1.68614,1.81663,-0.13048943,58.42916,63.95341,19.99108,85.32674,2.25200,113.50826,110.61303,107.71780,2025-04-15,13:30
2025-04-15 14:30:00,112.115,112.72,111.995,112.2101,17827629,59.085808,111.74780,111.74946,1.63126,1.77956,-0.14829835,60.15513,57.21713,20.42923,85.91195,2.14292,113.48276,110.83853,108.19431,2025-04-15,14:30
2025-04-15 15:30:00,112.215,112.35,111.95,112.099998,14179266,58.61407,111.84780,111.81956,1.56089,1.73582,-0.17493678,58.045940,58.87674,20.80072,67.84522,2.018430,113.32713,111.058535,108.78994,2025-04-15,15:30
2025-04-16 09:30:00,104.55,106.79,104.35,105.52,101562531,38.71840,111.20002,110.55965,0.96306222,1.58127,-0.61820827,12.62815,43.60974,21.22228,-317.57795,2.42783,114.067086,110.90253,107.73798,2025-04-16,09:30
2025-04-16 10:30:00,105.525,105.5847,103.8,105.1751,46612325,37.99049,110.58614,109.48274,0.45619394,1.35626,-0.90006124,14.010188,28.22809,21.77835,-284.26365,2.38189,114.68496,110.68929,106.69362,2025-04-16,10:30
2025-04-16 11:30:00,105.18,105.365,103.58,103.915,32352826,35.37384,109.79726,108.36919,-0.046644788,1.075675,-1.12232,3.33831,9.99222,22.36247,-236.76301,2.33926,115.36030,110.39804,105.43578,2025-04-16,11:30
2025-04-16 12:30:00,103.915,104.16,103.15,103.935,28022826,35.44982,108.89781,107.48235,-0.43848001,0.77284415,-1.21132,7.50116,8.28322,23.041760,-192.057565,2.24431,115.78397,110.077290,104.37061,2025-04-16,12:30
2025-04-16 13:30:00,103.94,103.98,101.7412,102.185,46963938,31.91362,107.66670,106.42288,-0.88007764,0.44225979,-1.32234,3.73759,4.85902,24.10094,-171.27956,2.24392,116.34404,109.68104,103.018035,2025-04-16,13:30
2025-04-16 14:30:00,102.185,102.255,100.45,101.0049973,52578363,29.75807,106.46280,105.33931,-1.31016,0.091775754,-1.40194,4.21573,5.15149,25.43925,-160.49791,2.21256,116.83281,109.19679,101.56077,2025-04-16,14:30
2025-04-16 15:30:00,101.010002,104.55,101.010002,104.5,48163675,42.20875,105.61613,105.17144,-1.35339,-0.19725651,-1.15613,30.76341,12.90558,25.32787,-101.013991,2.30774,116.52638,108.79344,101.060502,2025-04-16,15:30
2025-04-17 09:30:00,104.425,104.47,100.48,100.495,82712336,34.63299,104.31445,104.23616,-1.69132,-0.49606825,-1.19525,0.34185944,11.77366,25.39817,-110.91238,2.43004,116.68395,108.25151,99.81908,2025-04-17,09:30
2025-04-17 10:30:00,100.4957,101.33,100.050003,100.3982,50819134,34.47195,103.014255,103.46857,-1.94452,-0.78575915,-1.15876,2.56689,11.22405,25.60641,-113.65502,2.34790,116.81871,107.76992,98.72113,2025-04-17,10:30
2025-04-17 11:30:00,100.395,101.4,100.16,101.235,34589269,37.19095,102.53814,103.021852,-2.053992,-1.039406,-1.014586,8.87639,3.92838,25.75634,-96.046524,2.26876,116.69842,107.30967,97.92093,2025-04-17,11:30
2025-04-17 12:30:00,101.2351,101.84,100.7517,100.8312,26631436,36.40592,102.055489,102.58372,-2.14856,-1.26124,-0.88732558,6.16572,5.86966,25.61204,-83.99121,2.18444,116.40584,106.79123,97.17663,2025-04-17,12:30
2025-04-17 13:30:00,100.84,102.38,100.79,102.1563,26656995,40.82048,101.86008,102.49824,-2.092465,-1.42748,-0.66498265,16.62431,10.55547,25.12929,-68.68853,2.14198,115.90941,106.33155,96.75369,2025-04-17,13:30
2025-04-17 14:30:00,102.16,102.49,101.019997,101.215,27771508,38.76202,101.55786,102.24159,-2.099759,-1.56194,-0.53782086,9.47149,10.75384,24.60817,-66.60342,2.093983,115.46224,105.85730,96.25236,2025-04-17,14:30
2025-04-17 15:30:00,101.21,101.7,100.85,101.41,22752612,39.44331,101.47174,102.075273,-2.065988,-1.66275,-0.40324005,20.17806,15.42462,24.20692,-66.32899,2.0051269,114.86218,105.37705,95.89192,2025-04-17,15:30
2025-04-21 09:30:00,98.735,99.43,95.57,95.835,83473343,29.37999,100.89730,100.82722,-2.46072,-1.82234,-0.63837371,2.64610,10.76522,25.68713,-130.60919,2.27905,114.40105,104.56730,94.73355,2025-04-21,09:30
2025-04-21 10:30:00,95.835,96.57,95.65,95.89,33159945,29.57090,99.94063,99.83977,-2.73754,-2.0053820,-0.73216239,3.26697,8.69704,27.061615,-141.40526,2.18197,113.37392,103.69855,94.023177,2025-04-21,10:30
2025-04-21 11:30:00,95.89,96.28,95.74,95.8,23386474,29.43070,99.41897,99.031820,-2.93042,-2.19039,-0.74002684,2.56128,2.82479,28.33792,-137.68811,2.064688,112.39709,102.89655,93.39600,2025-04-21,11:30
2025-04-21 12:30:00,95.8,96.39,95.15,95.3686,24254282,28.72760,98.86012,98.29918,-3.082544,-2.36882,-0.71372453,2.32550,2.71792,29.69133,-139.40873,2.0057817,111.10187,102.058975,93.016083,2025-04-21,12:30
2025-04-21 13:30:00,95.36,95.68,95.040001,95.59,21645802,29.65639,98.23290,97.75734,-3.14894,-2.52484,-0.62409900,5.78334,3.55671,30.98013,-139.45265,1.90823,109.39939,101.22797,93.056550,2025-04-21,13:30
2025-04-21 14:30:00,95.59,95.86,95.15,95.6,25081227,29.70096,97.65166,97.32587,-3.16428,-2.65273,-0.51155031,5.88851,4.66578,32.020855,-120.42439,1.82264,107.23994,100.40297,93.56600,2025-04-21,14:30
2025-04-21 15:30:00,95.6,97.2,95.6,96.8,28458934,35.020531,97.056511,97.22070,-3.044513,-2.73109,-0.31342472,18.66386,10.11190,31.88553,-82.93522,1.80674,106.55053,99.96697,93.38341,2025-04-21,15:30
2025-04-22 09:30:00,98.765,99.38,97.36,99.019997,59653341,43.53334,96.81262,97.58056,-2.73889,-2.73265,-0.0062395778,53.42278,25.99172,30.30443,-28.40811,1.86197,105.80078,99.65921,93.51765,2025-04-22,09:30
2025-04-22 10:30:00,99.025,99.45,98.3501,98.895,29230048,43.19024,96.53318,97.84345,-2.47820,-2.68176,0.20356103,51.74493,41.27719,28.79403,-15.12285,1.80753,105.23585,99.40821,93.58058,2025-04-22,10:30
2025-04-22 11:30:00,98.8964,99.811,98.3,99.65,30596290,45.96061,96.95707,98.20476,-2.18548,-2.58250,0.39702070,61.87923,55.68231,27.16508,-0.14866669,1.78635,104.64292,99.19396,93.74501,2025-04-22,11:30
2025-04-22 12:30:00,99.655,99.77,97.96,98.105,28063300,41.50063,97.20318,98.18481,-2.054489,-2.47690,0.42241101,41.14099,51.58838,25.84463,-13.26749,1.78804,104.27887,98.98997,93.70106,2025-04-22,12:30
2025-04-22 13:30:00,98.099998,98.56,97.57,98.485,20303566,42.96656,97.50151,98.24484,-1.89813,-2.36115,0.46301364,46.24163,49.75395,24.84120,-21.64005,1.73104,104.074333,98.86397,93.65360,2025-04-22,13:30
2025-04-22 14:30:00,98.4958,98.83,97.6,97.705,17537365,40.71140,97.76111,98.13688,-1.81622,-2.25216,0.43593906,40.015053,42.46589,23.71122,-20.33139,1.69525,103.063144,98.52422,93.98529,2025-04-22,14:30
2025-04-22 15:30:00,97.7,99.0,97.28,98.88,24642393,45.36357,98.12667,98.28550,-1.63762,-2.12925,0.49163459,80.48626,55.58098,22.86151,-3.064342,1.69702,102.89591,98.44347,93.99102,2025-04-22,15:30
2025-04-23 09:30:00,104.5201,104.8,102.58,104.185,83247065,60.45197,99.080555,99.46540,-1.055833,-1.91457,0.85873589,93.69872,71.40001,23.37780,176.82255,1.99866,103.68352,98.63280,93.58209,2025-04-23,09:30
2025-04-23 10:30:00,104.185,104.74,102.94,103.137,34974533,57.097403,99.78467,100.19972,-0.67158723,-1.66597,0.99438559,82.96105,85.71534,23.85722,151.50869,1.98447,104.036092,98.72790,93.41972,2025-04-23,10:30
2025-04-23 11:30:00,103.15,103.47,102.62,103.36,25976963,57.63611,100.26689,100.83178,-0.34509716,-1.40180,1.056701,85.24588,87.30188,24.084778,126.91424,1.90344,104.46856,98.85434,93.24013,2025-04-23,11:30
2025-04-23 12:30:00,103.355,104.33,103.11,103.96,20566700,59.12332,100.82967,101.45742,-0.037504237,-1.12894,1.091435,91.39340,86.53344,24.62688,135.44336,1.85462,104.81989,98.94453,93.069173,2025-04-23,12:30
2025-04-23 13:30:00,103.97,104.24,103.56,103.715,15975552,58.22447,101.28133,101.90894,0.18437039,-0.86627712,1.050648,88.75641,88.46523,25.13025,125.57814,1.77072,105.23214,99.069530,92.90692,2025-04-23,13:30
2025-04-23 14:30:00,103.715,103.92,102.32,102.42,20008243,53.58709,101.76078,102.011148,0.25279800,-0.64246210,0.89526009,74.13039,84.76007,24.69513,94.57593,1.75852,105.37440,99.12003,92.86566,2025-04-23,14:30
2025-04-23 15:30:00,102.42,102.87,102.019997,102.535,20806368,53.93796,102.21078,102.11592,0.31270271,-0.45142913,0.76413185,69.88034,77.58905,24.083690,73.51668,1.69363,105.68739,99.45503,93.22267,2025-04-23,15:30
2025-04-24 09:30:00,103.475,105.385,103.11,105.3687,56039411,61.63406,103.062299,102.76648,0.58212274,-0.24471876,0.82684150,99.79884,81.26986,24.59703,108.17587,1.77623,106.44021,99.92896,93.41772,2025-04-24,09:30
2025-04-24 10:30:00,105.365,105.98,104.73,105.345,31801634,61.54145,103.78063,103.28218,0.78468258,-0.038838491,0.82352107,92.70113,87.46010,25.28952,109.41501,1.73864,107.035111,100.40621,93.77732,2025-04-24,10:30
2025-04-24 11:30:00,105.35,105.88,105.037903,105.7489,22022097,62.57360,103.95440,103.77552,0.96666102,0.16226141,0.80439960,97.34366,96.61454,25.93254,102.17473,1.67460,107.52054,100.92523,94.32992,2025-04-24,11:30
2025-04-24 12:30:00,105.74,106.38,105.67,106.295,24284792,63.98114,104.30529,104.27942,1.14178,0.35816591,0.78361800,99.065944,96.37024,26.72245,104.72963,1.60570,107.97401,101.46048,94.94695,2025-04-24,12:30
2025-04-24 13:30:00,106.2983,106.46,105.86,106.3347,16704091,64.086892,104.63581,104.69048,1.26914,0.54036151,0.72878239,98.63510,98.34823,27.48758,100.39716,1.53387,108.25471,101.99721,95.73972,2025-04-24,13:30
2025-04-24 14:30:00,106.33,106.5,105.5101,105.725,18390301,61.11932,104.83192,104.89738,1.30583,0.69345458,0.61237231,91.59434,96.43180,27.88345,88.82441,1.49501,108.42149,102.44346,96.46544,2025-04-24,14:30
2025-04-24 15:30:00,105.725,106.54,105.67,106.38,18998196,63.096327,105.12803,105.19390,1.37194,0.82915097,0.54278556,96.46010,95.56318,28.26985,90.60246,1.45037,108.80733,102.81146,96.81560,2025-04-24,15:30
2025-04-25 09:30:00,106.86,108.099998,105.73,107.541,56519423,66.36138,105.69703,105.66332,1.50071,0.96346335,0.53724951,90.80595,92.95347,29.30369,108.87307,1.51605,109.29428,103.24376,97.19325,2025-04-25,09:30
2025-04-25 10:30:00,107.56,108.98,107.31,108.66,27611533,69.19073,106.37759,106.26266,1.67377,1.10552,0.56824459,95.40231,94.22279,30.58777,133.18537,1.52705,109.94575,103.69426,97.44278,2025-04-25,10:30
2025-04-25 11:30:00,108.66,109.52,108.48,109.475,25166396,71.097466,106.83384,106.90513,1.85529,1.25548,0.59981558,99.40002,95.20276,31.96753,144.42637,1.49226,110.44530,104.26276,98.080232,2025-04-25,11:30
2025-04-25 12:30:00,109.47,111.92,109.32,111.87,39851113,75.83117,107.55884,107.89810,2.16743,1.43787,0.72955797,99.49500,98.099109,33.93705,180.028573,1.57139,111.36083,104.93201,98.50320,2025-04-25,12:30
2025-04-25 13:30:00,111.8599,111.8995,109.8212,110.835,33902808,70.46047,108.12397,108.48548,2.30471,1.61124,0.69347307,89.040415,95.97848,35.76589,162.61973,1.60759,111.59924,105.58851,99.57779,2025-04-25,13:30
2025-04-25 14:30:00,110.84,111.44,110.6,110.735,25044117,69.94503,108.61730,108.93539,2.37803,1.76459,0.61343174,88.030330,92.18858,37.46410,151.20685,1.55277,111.75081,106.18126,100.61172,2025-04-25,14:30
2025-04-25 15:30:00,110.74,111.0,110.2,110.96,23072925,70.46849,109.13122,109.34031,2.42632,1.89694,0.52937770,89.10330,88.72468,38.60226,123.37442,1.49900,112.37928,106.52001,100.66075,2025-04-25,15:30
2025-04-28 09:30:00,109.69,110.36,107.86,108.525,3085411,58.57778,109.44233,109.17725,2.24226,1.96600,0.27625342,52.78163,76.63842,37.52023,63.26339,1.61335,112.49518,106.78941,101.083650,2025-04-28,09:30
2025-04-28 10:30:00,108.53,108.68,106.39,106.595,1844416,51.20296,109.46622,108.66080,1.91854,1.95651,-0.037973395,22.62534,54.83676,35.48679,10.65290,1.66169,112.43810,106.95116,101.46423,2025-04-28,10:30
2025-04-28 11:30:00,106.605,107.52,106.545,106.56,1197783,51.077370,109.35722,108.24064,1.64025,1.89326,-0.25300478,16.37934,30.59544,33.59860,-4.43968,1.61264,112.39907,107.081165,101.76326,2025-04-28,11:30
2025-04-28 12:30:00,106.58,107.255,106.02,106.28,972410,50.020385,109.092778,107.84851,1.38120,1.79085,-0.40964877,12.011093,17.0052556,31.48624,-21.10080,1.58566,112.31592,107.20942,102.10291,2025-04-28,12:30
2025-04-28 13:30:00,106.28,107.395,106.17,107.3,711355,53.77323,108.85111,107.73881,1.24386,1.68145,-0.43758849,27.92399,18.77147,29.61432,-14.38406,1.55990,112.063428,107.45342,102.84340,2025-04-28,13:30
2025-04-28 14:30:00,107.295,108.28,107.08,108.19,867345,56.81991,108.44222,107.82905,1.19308,1.58377,-0.39069318,40.32003,26.75170,28.42868,9.053648,1.53419,111.76143,107.73617,103.71090,2025-04-28,14:30
2025-04-28 15:30:00,108.18,108.85,108.115,108.68,1008572,58.44381,108.20278,107.99924,1.17879,1.50278,-0.32398764,47.65750,38.63384,27.66083,30.50157,1.47711,111.79407,107.90173,104.0093880,2025-04-28,15:30
2025-04-29 09:30:00,107.87,109.71,107.82,108.53,45041087,57.72808,107.95778,108.10539,1.14219,1.43066,-0.28846720,42.54237,43.50663,27.41898,30.58727,1.50660,111.77857,108.060980,104.34339,2025-04-29,09:30
2025-04-29 10:30:00,108.54,109.099998,108.38,108.8098,19083368,58.74303,107.71887,108.24627,1.12283,1.36909,-0.24626860,47.28475,45.82820,27.19442,28.47195,1.45042,111.78751,108.21402,104.64054,2025-04-29,10:30
2025-04-29 11:30:00,108.81,109.27,108.535,108.875,13963878,58.99013,107.75776,108.37202,1.10006,1.31529,-0.21523034,48.38985,46.072319,27.083460,29.66365,1.39931,111.81492,108.34302,104.87113,2025-04-29,11:30
2025-04-29 12:30:00,108.88,109.080002,108.22,108.735,12800451,58.18431,107.99553,108.44461,1.058512,1.26393,-0.20541907,46.17742,47.28400,26.66861,14.23237,1.36079,111.81274,108.46304,105.11334,2025-04-29,12:30
2025-04-29 13:30:00,108.74,110.1999,108.74,109.9801,21179656,63.022245,108.37554,108.75171,1.11323,1.23379,-0.12056468,73.064590,55.87729,26.94361,59.42624,1.36823,111.83813,108.67580,105.51346,2025-04-29,13:30
2025-04-29 14:30:00,109.9852,110.080002,108.8201,109.4,22598643,59.56451,108.72221,108.88137,1.097130,1.20646,-0.10932831,67.87152,62.37118,27.19896,41.91345,1.36049,111.82011,108.82680,105.83348,2025-04-29,14:30
2025-04-29 15:30:00,109.4,109.53,108.77,108.92,16544045,56.78812,108.90221,108.88910,1.033726,1.17191,-0.13818615,66.82023,69.25211,27.37963,14.51847,1.31760,111.83036,108.89575,105.96113,2025-04-29,15:30
2025-04-30 09:30:00,104.47,106.12,104.080002,105.985,59488326,43.45149,108.65721,108.30828,0.73813857,1.085157,-0.34701852,31.12796,55.27324,26.81277,-189.78420,1.56920,111.95946,108.76200,105.56453,2025-04-30,09:30
2025-04-30 10:30:00,105.98,106.53,105.67,106.375,23723179,45.29013,108.40110,107.92162,0.52925255,0.97397618,-0.44472363,37.50061,45.14960,25.99243,-122.19163,1.51854,111.94849,108.60700,105.26550,2025-04-30,10:30
2025-04-30 11:30:00,106.375,106.905,105.88,106.055,19101518,44.025257,108.12610,107.54830,0.33403699,0.84598834,-0.51195135,32.27177,33.63344,24.96031,-102.45238,1.48329,111.47860,108.31625,105.15389,2025-04-30,11:30
2025-04-30 12:30:00,106.059998,106.5,105.64,106.47,14908641,46.12662,107.86612,107.33264,0.21038913,0.71886850,-0.50847937,39.052942,36.27511,24.14168,-94.45072,1.43877,111.13491,108.097995,105.061075,2025-04-30,12:30
2025-04-30 13:30:00,106.4701,107.77,106.38,107.195,21407425,49.68061,107.67946,107.30511,0.16895106,0.60888501,-0.43993395,50.89952,40.74141,22.47389,-42.17859,1.43528,110.72633,107.92100,105.11566,2025-04-30,13:30
2025-04-30 14:30:00,107.19,107.835,107.040001,107.255,16187996,49.97473,107.51501,107.29509,0.13934610,0.51497723,-0.37563113,51.87989,47.27745,20.88106,-21.11854,1.38955,110.17997,107.73574,105.29152,2025-04-30,14:30
2025-04-30 15:30:00,107.25,108.88,107.040001,108.775,24138337,56.85498,107.38111,107.59107,0.23581725,0.45914523,-0.22332799,76.71699,59.83213,20.063950,32.93350,1.42172,110.21097,107.74825,105.28552,2025-04-30,15:30
2025-05-01 09:30:00,113.099998,114.079803,112.080002,113.33,69672901,70.11823,107.81778,108.73886,0.67207452,0.50173109,0.17034343,92.50183,73.69957,21.50231,261.57537,1.69909,111.48744,108.084995,104.68255,2025-05-01,09:30
2025-05-01 10:30:00,113.32,114.94,113.1337,114.325,38782979,72.13343,108.41833,109.85608,1.085585,0.61850195,0.46708344,94.33697,87.85193,23.081662,249.28365,1.70675,112.75064,108.47325,104.19585,2025-05-01,10:30
2025-05-01 11:30:00,114.33,114.42,113.050003,113.6518,28376525,68.75495,109.27020,110.61523,1.34349,0.76349909,0.57998856,88.13812,91.65897,24.48723,194.82947,1.68269,113.54865,108.84184,104.13502,2025-05-01,11:30
2025-05-01 12:30:00,113.65,113.87,112.86,113.5648,16605965,68.30964,110.069066,111.20514,1.52330,0.91545863,0.60783817,87.33696,89.93735,25.64636,151.67728,1.63464,114.22927,109.15507,104.080884,2025-05-01,12:30
2025-05-01 13:30:00,113.57,113.92,112.9,113.67,15678013,68.57467,110.91518,111.69811,1.65521,1.063408,0.59179755,88.30567,87.92692,26.73981,127.95370,1.59074,114.84551,109.42907,104.012643,2025-05-01,13:30
2025-05-01 14:30:00,113.67,113.75,112.88,113.0,15249098,64.85466,111.64073,111.95849,1.68624,1.18798,0.49826799,82.13626,85.92630,27.73765,101.96696,1.53926,115.26550,109.64507,104.024648,2025-05-01,14:30
2025-05-01 15:30:00,113.0,113.040001,111.32,111.53,22930513,57.48626,112.12240,111.87279,1.57408,1.26520,0.30888286,68.60034,79.68076,27.38362,59.67694,1.55217,115.44849,109.79507,104.14166,2025-05-01,15:30
2025-05-02 09:30:00,114.18,115.4,113.37,113.905,66603751,64.50326,112.86129,112.27923,1.65772,1.34370,0.31402018,84.68235,78.47298,28.0030018,103.015650,1.71773,115.95624,110.049835,104.14343,2025-05-02,09:30
2025-05-02 10:30:00,113.9,114.8,113.49,114.6501,23623374,66.37816,113.51408,112.75341,1.76380,1.42772,0.33607910,92.31659,81.86643,28.57815,92.23330,1.68860,116.54412,110.33859,104.13306,2025-05-02,10:30
2025-05-02 11:30:00,114.66,115.25,114.55,114.745,20729043,66.62000,113.67130,113.15173,1.83438,1.50905,0.32532755,93.28895,90.095964,29.27948,92.64291,1.61799,117.082408,110.63909,104.19577,2025-05-02,11:30
2025-05-02 12:30:00,114.745,114.9799,113.95,114.3645,15564881,64.61328,113.67569,113.39428,1.83842,1.57493,0.26349406,88.51997,91.37517,29.43685,75.42199,1.57598,117.49254,110.85831,104.22408,2025-05-02,12:30
2025-05-02 13:30:00,114.365,114.88,114.19,114.8,14510300,65.88008,113.80327,113.67543,1.85538,1.63102,0.22435960,92.82299,91.54397,29.58298,72.43271,1.51270,117.94032,111.12831,104.31630,2025-05-02,13:30
2025-05-02 14:30:00,114.81,115.029999,114.22,114.47,19985024,64.010135,113.90385,113.83434,1.82119,1.66905,0.15213997,88.87560,90.072849,29.78855,65.95241,1.46251,118.28720,111.40581,104.52442,2025-05-02,14:30
2025-05-02 15:30:00,114.47,114.63,113.9,114.39,19368086,63.53928,113.98385,113.94547,1.76727,1.68870,0.078576731,75.24506,85.64788,29.67893,57.13793,1.41018,118.34918,111.82606,105.30294,2025-05-02,15:30
2025-05-05 09:30:00,112.905,114.38,112.77,113.245,38031331,57.068959,114.011068,113.80538,1.61355,1.67367,-0.060116927,47.18143,70.43403,28.58988,33.90570,1.42517,118.21431,112.16956,106.12481,2025-05-05,09:30
2025-05-05 10:30:00,113.247,113.97,112.66,113.9199,17940252,59.67553,114.27661,113.82828,1.52856,1.64464,-0.11608419,63.72299,62.049825,27.48731,30.72758,1.41694,117.95313,112.56281,107.17248,2025-05-05,10:30
2025-05-05 11:30:00,113.92,114.12,113.4,113.785,13139046,58.90569,114.26328,113.81963,1.43379,1.60247,-0.16868067,60.41674,57.10705,26.56362,34.46510,1.36716,117.55401,112.92856,108.30310,2025-05-05,11:30
2025-05-05 12:30:00,113.78,114.16,113.61,114.13,11249702,60.31570,114.20549,113.88170,1.37073,1.55613,-0.18539738,68.87246,64.33740,25.73407,39.70133,1.30879,117.099939,113.27531,109.45067,2025-05-05,12:30
2025-05-05 13:30:00,114.135,114.53,114.099998,114.371,9164969,61.31430,114.16393,113.97956,1.32492,1.50988,-0.18496278,74.77944,68.022878,25.23072,60.79380,1.24602,116.29808,113.63111,110.96413,2025-05-05,13:30
2025-05-05 14:30:00,114.37,114.66,114.040001,114.374,11760297,61.32733,114.16499,114.058449,1.27417,1.46274,-0.18856830,74.85293,72.83494,24.85831,58.60949,1.20131,115.39203,113.91106,112.43008,2025-05-05,14:30
2025-05-05 15:30:00,114.36,114.62,113.67,113.81,11600077,57.40792,114.054989,114.0087587,1.17490,1.40517,-0.23027201,41.97061,63.86766,24.10328,13.28256,1.18336,115.39296,113.93506,112.47715,2025-05-05,15:30
2025-05-06 09:30:00,111.445,112.97,110.822,112.655,44297315,50.31608,113.85332,113.73801,0.99159962,1.32246,-0.33085988,41.39565,52.73973,23.67550,-193.35988,1.31226,115.39910,113.85156,112.30401,2025-05-06,09:30
2025-05-06 10:30:00,112.65,113.25,112.58,113.07,18594366,52.58269,113.70666,113.60441,0.86979149,1.23193,-0.36213441,50.76785,44.71137,23.032411,-89.15602,1.26638,115.40541,113.82247,112.23952,2025-05-06,10:30
2025-05-06 11:30:00,113.065002,113.79,112.6,113.017899,15157659,52.26034,113.68142,113.48710,0.76028940,1.13760,-0.37730920,52.18393,48.11581,21.96777,-67.67064,1.26093,115.41342,113.79512,112.17682,2025-05-06,11:30
2025-05-06 12:30:00,113.010101,113.4,112.61,112.92,13211868,51.62000,113.57032,113.37368,0.65802318,1.041684,-0.38366033,49.85740,50.93639,20.97918,-77.97032,1.22729,115.41994,113.75762,112.095300,2025-05-06,12:30
2025-05-06 13:30:00,112.93,113.78,112.72,113.68,11895316,56.11539,113.55865,113.43495,0.63102818,0.95955245,-0.32852426,67.91829,56.65321,19.71747,-37.94230,1.21534,115.41799,113.79162,112.16525,2025-05-06,13:30
2025-05-06 14:30:00,113.67,114.3,113.56,114.23,16085333,59.078762,113.56977,113.59396,0.64656194,0.89695434,-0.25039240,88.79625,68.85732,18.52651,18.97913,1.18139,115.18664,113.92662,112.66660,2025-05-06,14:30
2025-05-06 15:30:00,114.2314,114.74,113.38,113.445,15975805,53.52345,113.46688,113.56417,0.58874266,0.83531201,-0.24656935,66.94746,74.55400,17.78841,0.33780934,1.19415,115.18105,113.90362,112.62619,2025-05-06,15:30
2025-05-07 09:30:00,113.044998,113.65,112.615,113.4803,36330539,53.73414,113.36758,113.54739,0.53954939,0.77615948,-0.23661009,67.84846,74.53073,16.63156,-65.88514,1.18278,115.087117,113.84513,112.60314,2025-05-07,09:30
2025-05-07 10:30:00,113.48,113.67,112.9301,113.295,16266482,52.39154,113.31036,113.49691,0.48007696,0.71694298,-0.23686602,63.11894,65.97162,15.53891,-52.79161,1.15114,114.96430,113.77263,112.58096,2025-05-07,10:30
2025-05-07 11:30:00,113.29,114.22,113.23,113.6799,15074340,54.91162,113.42423,113.53351,0.45871529,0.66529744,-0.20658215,72.94291,67.97010,14.84006,3.26114,1.13963,114.89903,113.73840,112.57777,2025-05-07,11:30
2025-05-07 12:30:00,113.68,114.13,113.5949,113.945,9835847,56.61499,113.52146,113.61581,0.45789889,0.62381773,-0.16591884,79.70908,71.92364,14.19113,34.29762,1.096453,114.75531,113.69565,112.63599,2025-05-07,12:30
2025-05-07 13:30:00,113.95,114.0,112.2818,113.000099182,20558834,49.44482,113.51948,113.49267,0.37666435,0.57438705,-0.19772270,55.59216,69.41472,13.99225,-71.17205,1.14086,114.66047,113.62215,112.58384,2025-05-07,13:30
2025-05-07 14:30:00,112.995,113.88,112.77,113.235,19343637,51.10275,113.55448,113.44113,0.32746516,0.52500268,-0.19753751,61.58761,65.62962,13.80757,-36.14729,1.13866,114.55275,113.56441,112.57606,2025-05-07,14:30
2025-05-07 15:30:00,113.23,117.68,113.19,117.019997,63856483,68.83679,113.92559,114.15691,0.58712400,0.53742694,0.049697060,90.37615,69.18531,14.81244,284.80296,1.37804,115.54261,113.75315,111.96370,2025-05-07,15:30
2025-05-08 09:30:00,118.48,118.59,116.49,117.24,59707764,69.52855,114.26003,114.77352,0.80141950,0.59022545,0.21119404,78.59930,76.85435,16.17495,329.98334,1.42961,116.26819,113.91916,111.57013,2025-05-08,09:30
2025-05-08 10:30:00,117.23,117.595,115.85,117.26,31401104,69.59465,114.68392,115.27082,0.96177762,0.66453589,0.29724174,78.91641,82.63062,16.87223,213.69333,1.45214,116.85440,114.092910,111.33141,2025-05-08,10:30
2025-05-08 11:30:00,117.26,118.45,117.029999,118.049896,28059942,72.16222,115.19165,115.82664,1.13947,0.75952179,0.37994361,91.43812,82.98461,17.93609,208.45434,1.44984,117.54520,114.28890,111.032607,2025-05-08,11:30
2025-05-08 12:30:00,118.044998,118.245,117.73,117.9049,13310250,70.97736,115.70387,116.24229,1.25413,0.85844292,0.39568451,89.13958,86.49804,18.92397,167.94053,1.38307,118.083931,114.46560,110.84727,2025-05-08,12:30
2025-05-08 13:30:00,117.905,118.191,117.53,117.975,13827447,71.22336,116.18110,116.58883,1.33526,0.95380678,0.38145545,90.25081,90.27617,19.64451,133.65728,1.33149,118.57301,114.64565,110.71829,2025-05-08,13:30
2025-05-08 14:30:00,117.9746,118.68,117.86,118.5405,15953072,73.19708,116.69171,116.97916,1.42872,1.048790,0.37993353,97.81965,92.40335,20.57815,126.12814,1.29496,119.13596,114.88217,110.62839,2025-05-08,14:30
2025-05-08 15:30:00,118.55,118.6,117.295,117.37,16200137,63.49031,117.17725,117.057331,1.39229,1.11749,0.27480307,79.52553,89.19866,20.86716,91.43974,1.29567,119.37447,115.11792,110.86138,2025-05-08,15:30
2025-05-09 09:30:00,117.345,118.23,115.85,116.1316,42049471,55.15631,117.49910,116.87219,1.24910,1.14381,0.10528374,60.17004,79.17174,19.85569,50.67600,1.37313,119.44127,115.27100,111.10074,2025-05-09,09:30
2025-05-09 10:30:00,116.13,116.77,115.21,116.3775,28547889,56.38067,117.42771,116.77325,1.14228,1.14351,-0.0012218004,64.013355,67.90298,18.44752,25.51282,1.38647,119.50197,115.43898,111.37600,2025-05-09,10:30
2025-05-09 11:30:00,116.38,116.77,115.98,116.285,12954336,55.76391,117.32160,116.67560,1.038204,1.12245,-0.084241545,62.56766,62.25035,17.13994,28.87253,1.34387,119.51475,115.60723,111.69972,2025-05-09,11:30
2025-05-09 12:30:00,116.2802,116.67,116.11,116.43,9605723,56.56600,117.22938,116.62648,0.95639551,1.089236,-0.13284041,64.83386,63.80496,15.92575,26.91520,1.28788,119.56385,115.74473,111.92562,2025-05-09,12:30
2025-05-09 13:30:00,116.4215,116.92,116.23,116.58,9257679,57.42604,117.066056,116.61718,0.89336701,1.050062,-0.15669513,64.46705,63.95619,14.99526,30.065161,1.24517,119.63199,115.86223,112.092482,2025-05-09,13:30
2025-05-09 14:30:00,116.5802,116.8,116.47,116.7252,8950592,58.28703,116.93498,116.63879,0.84538739,1.0091272,-0.16373980,64.39337,64.56476,14.13124,30.0052352,1.17980,119.64340,116.026245,112.40909,2025-05-09,14:30
2025-05-09 15:30:00,116.725,116.865,116.43,116.6207,11620676,57.38749,116.78450,116.63517,0.78982630,0.96526701,-0.17544071,40.65410,56.50484,13.39184,24.13142,1.12660,119.61247,116.18326,112.75406,2025-05-09,15:30
2025-05-12 09:30:00,121.94,122.82,120.47,120.86,70528533,74.54808,117.042223,117.48014,1.075473,0.98730816,0.088164578,74.24443,59.76397,15.95133,237.46771,1.48894,120.28886,116.56151,112.83417,2025-05-12,09:30
2025-05-12 10:30:00,120.86,121.85,120.28,121.6514,28095532,76.45437,117.51793,118.31439,1.35015,1.059876,0.29026955,84.64386,66.51413,18.15778,199.41494,1.49473,121.056225,116.96009,112.86395,2025-05-12,10:30
2025-05-12 11:30:00,121.655,122.72,121.445,122.3713,22575292,78.063880,118.21123,119.12577,1.60739,1.16938,0.43800840,94.10381,84.33070,20.48381,201.43448,1.47903,121.86542,117.38140,112.89739,2025-05-12,11:30
2025-05-12 12:30:00,122.395,122.93,122.33,122.6615,17996416,78.69607,118.90946,119.83292,1.81376,1.29825,0.51550597,96.52200,91.75656,22.70924,189.34032,1.41624,122.43718,117.86447,113.29177,2025-05-12,12:30
2025-05-12 13:30:00,122.665,122.94,122.47,122.735,15984292,78.86224,119.62612,120.41333,1.96064,1.43073,0.52991104,97.34797,95.99126,24.77901,156.91884,1.34866,122.86332,118.33947,113.81563,2025-05-12,13:30
2025-05-12 14:30:00,122.735,123.0,122.47,122.585,19606969,77.53317,120.31001,120.84767,2.041413,1.55287,0.48854459,94.67265,96.18087,26.72208,128.20031,1.29018,123.45634,118.61772,113.77911,2025-05-12,14:30
2025-05-12 15:30:00,122.58,123.0,122.070099,122.99,24973516,78.58268,121.022232,121.27613,2.11374,1.66504,0.44869546,99.87160,97.29741,28.069049,108.53095,1.26445,124.055494,118.90522,113.75496,2025-05-12,15:30
2025-05-13 09:30:00,124.97,129.49989,124.47,129.215,97107956,87.92191,122.40999,122.86391,2.64289,1.86061,0.78228243,98.0063054,97.51685,30.96959,198.69495,1.63912,126.27150,119.50297,112.73445,2025-05-13,09:30
2025-05-13 10:30:00,129.22501,130.83,128.92,129.83,69962989,88.45743,123.87769,124.25712,3.076419,2.10377,0.97264510,93.26599,97.047967,33.85431,199.37764,1.65847,128.17483,120.091980,112.0091285,2025-05-13,10:30
2025-05-13 11:30:00,129.83501,130.48,129.32001,130.46001,33679000,88.99568,124.94436,125.49770,3.43127,2.36927,1.061999,97.48645,96.25291,36.53299,170.91219,1.62286,129.90117,120.71973,111.53830,2025-05-13,11:30
2025-05-13 12:30:00,130.45,130.99001,130.089996,130.83501,24889147,89.31508,125.96476,126.56516,3.70010,2.63544,1.064664,98.94987,96.56744,39.095298,156.59130,1.57123,131.44251,121.36274,111.28296,2025-05-13,12:30
2025-05-13 13:30:00,130.83501,131.2189,129.86,130.44501,29883803,86.50308,126.86184,127.34113,3.83745,2.87584,0.96160687,94.76705,97.067791,41.25928,134.0023638,1.55607,132.68593,121.95796,111.22999,2025-05-13,13:30
2025-05-13 14:30:00,130.45,130.675,129.72,130.215,25419839,84.80722,127.70111,127.91590,3.88297,3.077268,0.80570658,93.21176,95.64290,43.13158,114.78831,1.51313,133.68467,122.60021,111.51575,2025-05-13,14:30
2025-05-13 15:30:00,130.215,130.45,129.82001,129.84,22868247,81.98518,128.49056,128.30072,3.84448,3.23071,0.61376835,87.39448,91.79110,44.87015,97.66628,1.45005,134.38069,123.28563,112.19057,2025-05-13,15:30
2025-05-14 09:30:00,133.17,134.86,131.67999,132.66,92146747,85.80934,129.61000,129.17258,3.99546,3.38366,0.61180294,84.91086,88.50570,47.16478,120.67161,1.70505,135.43468,124.099755,112.76483,2025-05-14,09:30
2025-05-14 10:30:00,132.64,134.28,132.37,134.155,35483978,87.34326,130.85056,130.16906,4.18748,3.54443,0.64305825,94.74468,89.016670,49.29550,112.21487,1.71969,136.53858,124.99326,113.44793,2025-05-14,10:30
2025-05-14 11:30:00,134.155,135.11,133.96001,134.97,30186219,88.098533,131.49000,131.12925,4.35522,3.70658,0.64863600,98.92638,92.86064,51.37273,112.88573,1.67899,137.54344,125.92026,114.29707,2025-05-14,11:30
2025-05-14 12:30:00,134.9783,135.435,133.96001,134.46001,25502850,84.69273,132.0044471,131.79540,4.39632,3.84453,0.55179058,92.70484,95.45863,53.33974,102.79270,1.66442,138.17379,126.81426,115.45472,2025-05-14,12:30
2025-05-14 13:30:00,134.46091,135.14999,134.23,134.56,18795906,84.81667,132.46000,132.34832,4.38640,3.95291,0.43349529,93.45300,95.028072,55.16625,96.84204,1.61125,138.54572,127.70600,116.86627,2025-05-14,13:30
2025-05-14 14:30:00,134.55499,135.32001,134.5515,134.89,21685495,85.24137,132.91056,132.85666,4.35497,4.033318,0.32164761,95.92217,94.026669,56.88454,95.47825,1.55105,138.61482,128.61946,118.62410,2025-05-14,14:30
2025-05-14 15:30:00,134.89,135.395,134.25999,135.34711,23440039,85.83252,133.45523,133.35475,4.31717,4.090088,0.22708291,99.19844,96.19120,58.14032,91.34541,1.52134,139.081312,129.34382,119.60632,2025-05-14,15:30
2025-05-15 09:30:00,133.85249,134.72,132.66,133.27,64545441,71.76576,133.79468,133.33780,4.072667,4.086604,-0.013936871,66.76909,87.29657,57.61643,65.43198,1.60461,139.12894,129.92475,120.72055,2025-05-15,09:30
2025-05-15 10:30:00,133.3,134.49001,132.8401,134.38499,26958012,74.20921,134.29968,133.54724,3.92364,4.054011,-0.13037352,82.82903,82.93219,57.12996,67.24686,1.60784,139.23415,130.52543,121.81671,2025-05-15,10:30
2025-05-15 11:30:00,134.39999,135.25,134.21001,135.2166,22394144,75.88546,134.58375,133.88111,3.82850,4.0089087,-0.18040798,96.17849,81.92554,56.92250,78.91859,1.56728,139.29558,131.15319,123.010790,2025-05-15,11:30
2025-05-15 12:30:00,135.215,136.3,135.10001,136.22,27539610,77.76341,134.81319,134.34889,3.79038,3.96520,-0.17482497,98.78417,92.59723,57.036331,92.10279,1.54105,139.27334,131.82744,124.38153,2025-05-15,12:30
2025-05-15 13:30:00,136.22,136.22,134.75999,135.36,22560474,72.54855,134.85652,134.55111,3.64871,3.90190,-0.25319425,85.71425,93.55897,56.78364,78.83215,1.53526,138.72884,132.46619,126.20354,2025-05-15,13:30
2025-05-15 14:30:00,135.36,135.59,133.59,133.735,23291803,63.83729,134.77597,134.38789,3.36651,3.79482,-0.42831835,60.41660,81.63834,55.39795,45.10073,1.56845,137.52324,133.0034363,128.48364,2025-05-15,14:30
2025-05-15 15:30:00,133.735,134.95,133.73,134.89999,19243632,66.90536,134.81374,134.49031,3.19998,3.67585,-0.47587913,69.69684,71.94257,54.11123,48.11334,1.54356,137.52494,133.28769,129.050432,2025-05-15,15:30
2025-05-16 09:30:00,136.25,136.31,135.020004,135.425,57460183,68.21414,134.87319,134.67725,3.074917,3.55567,-0.48075014,77.53822,69.21722,53.47094,84.12010,1.53402,137.58786,133.56744,129.54701,2025-05-16,09:30
2025-05-16 10:30:00,135.425,135.42999,133.46001,134.86501,35056854,65.25004,134.81962,134.71480,2.89722,3.42398,-0.52675555,60.41111,69.21539,51.49943,39.32918,1.56516,137.57916,133.78769,129.99621,2025-05-16,10:30
2025-05-16 11:30:00,134.86,135.33,134.57001,134.795,17561863,64.87054,134.98907,134.73084,2.71940,3.28306,-0.56366091,58.49310,65.48081,49.66875,50.072970,1.50765,137.54626,133.98569,130.42511,2025-05-16,11:30
2025-05-16 12:30:00,134.8,135.8299,134.42999,135.82179,19290065,67.82620,135.14871,134.94903,2.63100,3.15265,-0.52164788,86.62450,68.50957,48.21789,72.91379,1.49996,137.50346,134.25452,131.0055865,2025-05-16,12:30
2025-05-16 13:30:00,135.8201,136.25,134.952,135.035004,25639188,63.42280,135.12853,134.96622,2.46900,3.015920,-0.54692243,65.068602,70.062066,47.076695,78.51875,1.48553,137.17537,134.49553,131.81568,2025-05-16,13:30
2025-05-16 14:30:00,135.035004,135.64,135.014999,135.080307,17202833,63.56946,135.0019006,134.98904,2.31755,2.87625,-0.55869786,66.30979,72.66763,46.017015,64.46965,1.42406,136.38252,134.75754,133.13257,2025-05-16,14:30
2025-05-16 15:30:00,135.085007,135.42,134.875,135.32001,18371101,64.38319,134.99746,135.055234,2.19160,2.73932,-0.54771568,72.87693,68.085109,44.88628,53.37061,1.36127,136.21460,134.89054,133.56648,2025-05-16,15:30
2025-05-19 09:30:00,132.41,135.87,132.41,135.285,70608935,64.15782,135.16968,135.10119,2.065157,2.60448,-0.53932778,73.71806,70.96826,41.72030,-51.19230,1.51118,136.23672,134.94704,133.65736,2025-05-19,09:30
2025-05-19 10:30:00,135.295,135.39999,134.28,134.925,30377827,61.76326,135.17246,135.065951,1.91384,2.46636,-0.55251695,64.48726,70.36075,38.78047,0.0015419352,1.48324,136.23446,134.94479,133.65512,2025-05-19,10:30
2025-05-19 11:30:00,134.92,135.72,132.85001,135.22501,17839663,63.0025032,135.15024,135.097762,1.79741,2.33257,-0.53515961,72.17966,70.12833,36.92394,-41.70095,1.58229,136.25823,134.98304,133.70786,2025-05-19,11:30
2025-05-19 12:30:00,135.2211,135.7,134.69,135.27499,15733373,63.21642,135.19579,135.13321,1.68969,2.20399,-0.51430187,73.46140,70.042777,35.20002,50.33414,1.54142,136.28459,135.018791,133.75300,2025-05-19,12:30
2025-05-19 13:30:00,135.28,135.69,133.0,135.085007,13132000,61.75493,135.22801,135.12357,1.57088,2.077369,-0.50648598,68.58993,71.41033,34.55832,-42.99557,1.62346,136.29322,135.028542,133.76386,2025-05-19,13:30
2025-05-19 14:30:00,135.085007,135.47,134.99001,135.12,13714659,61.92949,135.15004,135.12285,1.46269,1.95443,-0.49174240,69.48707,70.51280,33.96246,44.53646,1.54178,136.27428,135.017186,133.76010,2025-05-19,14:30
2025-05-19 15:30:00,135.12,135.60001,135.080002,135.49001,13501113,63.81062,135.20059,135.19628,1.39077,1.84170,-0.45092846,78.97453,72.35051,33.28700,66.13340,1.46880,136.11062,135.12819,134.14575,2025-05-19,15:30
