datetime,open,high,low,close,volume,RSI_rsi,SMA_sma,EMA_ema,MACD_macd,MACD_macd_signal,MACD_macd_hist,STOCH_slow_k,STOCH_slow_d,ADX_adx,CCI_cci,ATR_atr,BBANDS_upper_band,BBANDS_middle_band,BBANDS_lower_band,Date,Time
2025-03-21 09:30:00,116.958,117.67,115.42,115.99,44583799,34.23563,118.028634,117.86816,-0.23698107,-0.062630367,-0.17435070,15.61642,40.76391,15.12187,-298.37317,0.96352436,119.95767,118.39517,116.83267,2025-03-21,09:30
2025-03-21 09:45:00,115.98,116.78,115.735,116.084999,11026204,35.099899,117.71474,117.51153,-0.37205740,-0.12451577,-0.24754162,18.21920,29.57434,17.27592,-279.63431,0.96934400,119.97239,118.21792,116.46345,2025-03-21,09:45
2025-03-21 10:00:00,116.074997,116.38,115.5289,115.95,10700578,34.40789,117.47818,117.19922,-0.48441586,-0.19649579,-0.28792007,14.52051,16.11871,19.42795,-240.76875,0.96089780,119.90382,118.029416,116.15501,2025-03-21,10:00
2025-03-21 10:15:00,115.94,117.099998,115.7544,116.4694,10768237,39.36130,117.32033,117.053256,-0.52549184,-0.26229500,-0.26319684,28.75068,20.49680,20.083761,-146.99812,0.98837626,119.76187,117.88239,116.0029023,2025-03-21,10:15
2025-03-21 10:30:00,116.47,116.69,116.040001,116.435,7107491,39.15042,117.14533,116.92960,-0.55442961,-0.32072192,-0.23370769,27.80819,23.69313,20.69273,-122.96322,0.96420664,119.62350,117.74441,115.86532,2025-03-21,10:30
2025-03-21 10:45:00,116.435,116.8,116.019997,116.79,5808526,42.56988,116.97811,116.90168,-0.54246400,-0.36507034,-0.17739366,37.53431,31.36439,21.055240,-93.27930,0.95104948,119.57496,117.66941,115.76386,2025-03-21,10:45
2025-03-21 11:00:00,116.7957,117.050003,116.4,116.445,6000689,40.20529,116.80033,116.81035,-0.55442878,-0.40294203,-0.15148675,28.082222,31.14157,20.93101,-74.73194,0.92954605,119.55810,117.58923,115.62035,2025-03-21,11:00
2025-03-21 11:15:00,116.44,116.61,116.22,116.29,4822768,39.15306,116.54715,116.70628,-0.56984919,-0.43632346,-0.13352573,24.85722,30.15792,21.036122,-82.42556,0.89100701,119.53450,117.50047,115.46645,2025-03-21,11:15
2025-03-21 11:30:00,116.295,116.73,116.27,116.35,4770574,39.80972,116.31160,116.63502,-0.57065057,-0.46318888,-0.10746169,26.57144,26.50363,20.90001,-68.55582,0.86022127,119.42333,117.39041,115.35750,2025-03-21,11:30
2025-03-21 11:45:00,116.34,116.89,116.32,116.6901,5015572,43.53009,116.38939,116.64604,-0.53764456,-0.47808002,-0.059564541,36.28867,29.23911,20.45908,-50.35940,0.83949116,119.37173,117.33047,115.28921,2025-03-21,11:45
2025-03-21 12:00:00,116.69,117.2799,116.44,117.15,5469930,48.19326,116.50772,116.74683,-0.46897109,-0.47625823,0.0072871400,49.42862,37.42958,19.32499,-24.29835,0.83952016,119.23184,117.26261,115.29338,2025-03-21,12:00
2025-03-21 12:15:00,117.19,117.63,117.099998,117.35,6996354,50.12221,116.66328,116.86746,-0.39386840,-0.45978027,0.065911865,55.14287,46.95339,18.20581,8.61022,0.81741149,119.12032,117.21311,115.30590,2025-03-21,12:15
2025-03-21 12:30:00,117.355,117.86,117.3,117.3993,6131317,50.61039,116.76660,116.97383,-0.32660588,-0.43314539,0.10653951,56.55147,53.70765,17.52987,27.39757,0.79902478,118.88276,117.13757,115.39239,2025-03-21,12:30
2025-03-21 12:45:00,117.4,117.99,117.4,117.97,5497843,55.98135,116.93716,117.17307,-0.22465926,-0.39144816,0.16678890,99.22192,70.30542,17.10514,54.012425,0.78414431,118.86615,117.13212,115.39809,2025-03-21,12:45
2025-03-21 13:00:00,117.975,117.975,117.21,117.2651,10715860,48.90692,116.98994,117.19147,-0.19845789,-0.35285011,0.15439222,70.54569,75.43969,16.33842,31.24994,0.78277682,118.80135,117.10087,115.40040,2025-03-21,13:00
2025-03-21 13:15:00,117.27,117.32,116.97,117.065002,4885559,47.087849,117.058833,117.16618,-0.19163020,-0.32060613,0.12897593,62.41533,77.39431,15.17252,3.51239,0.75186408,118.70215,117.053625,115.40510,2025-03-21,13:15
2025-03-21 13:30:00,117.065002,117.48,116.82,117.365,4933018,50.085413,117.17828,117.20594,-0.16016579,-0.28851806,0.12835227,72.043246,68.33476,14.38365,19.91114,0.74530262,118.56281,117.0071246,115.45143,2025-03-21,13:30
2025-03-21 13:45:00,117.37,117.56,117.2,117.28,3370554,49.23434,117.28161,117.22075,-0.14046950,-0.25890835,0.11843885,63.95946,66.13935,13.79950,40.69513,0.71778105,118.45675,116.96887,115.48100,2025-03-21,13:45
2025-03-21 14:00:00,117.275,117.55,117.25,117.4,3401378,50.51286,117.36049,117.25660,-0.11386426,-0.22989953,0.11603527,70.050966,68.68456,13.25708,57.77991,0.68793976,118.22401,116.91044,115.59687,2025-03-21,14:00
2025-03-21 14:15:00,117.39,117.44,117.080002,117.1911,3060717,48.23547,117.36506,117.24350,-0.10838653,-0.20559693,0.097210397,54.86450,62.95831,12.36884,51.73362,0.66451554,117.95934,116.84650,115.73366,2025-03-21,14:15
2025-03-21 14:30:00,117.19,117.41,116.98,117.388,4187472,50.50076,117.36928,117.27240,-0.087152615,-0.18190807,0.094755453,65.98878,63.63475,11.65072,49.64350,0.64776445,117.97979,116.91640,115.85301,2025-03-21,14:30
2025-03-21 14:45:00,117.38,117.39,117.07,117.18,3487712,48.10583,117.34491,117.25392,-0.086115769,-0.16274961,0.076633839,52.90715,57.92015,10.98390,38.19457,0.62435268,117.96838,116.97115,115.97392,2025-03-21,14:45
2025-03-21 15:00:00,117.19,117.21,116.73,116.95,5047802,45.53431,117.23158,117.19314,-0.10266989,-0.15073367,0.048063771,37.72443,52.20679,11.12722,-9.32079,0.61404147,117.90206,117.021150,116.14024,2025-03-21,15:00
2025-03-21 15:15:00,116.95,117.0,116.685,116.785,5174718,43.72850,117.17823,117.11151,-0.12763148,-0.14611323,0.018481747,22.25821,37.62993,11.35563,-39.66884,0.59268154,117.88856,117.036930,116.18530,2025-03-21,15:15
2025-03-21 15:30:00,116.78,116.86,116.59,116.655,5600017,42.30485,117.13268,117.020208,-0.15610455,-0.14811149,-0.0079930577,4.64303,21.54189,11.77393,-68.71665,0.56963316,117.87346,117.047930,116.22240,2025-03-21,15:30
2025-03-21 15:45:00,116.65,117.8,116.4,117.635,18188343,54.36579,117.16268,117.14317,-0.098456635,-0.13818052,0.039723886,77.67317,34.85814,11.91540,40.053737,0.62894519,117.94457,117.090180,116.23579,2025-03-21,15:45
2025-03-24 09:30:00,119.89,121.07,119.58,120.135,28192421,71.013013,117.47990,117.74153,0.14726132,-0.081092153,0.22835348,79.97863,54.098277,15.11108,465.94163,0.82937750,118.81246,117.27468,115.73690,2025-03-24,09:30
2025-03-24 09:45:00,120.155,120.49,119.62,120.035004,11073108,69.91437,117.77268,118.20023,0.33012011,0.0011503008,0.32896981,77.83734,78.49638,18.078496,296.55486,0.83227876,119.34726,117.46193,115.57660,2025-03-24,09:45
2025-03-24 10:00:00,120.050003,120.45,119.34,120.135,11137627,70.40742,118.099779,118.58718,0.47760058,0.096440357,0.38116023,79.97863,79.26487,20.30722,207.0051556,0.85211603,119.79431,117.65118,115.50805,2025-03-24,10:00
2025-03-24 10:15:00,120.13,120.58,119.97,120.48,9697269,72.10586,118.44333,118.96575,0.61522668,0.20019762,0.41502906,87.36624,81.72740,22.46006,179.92001,0.83482208,120.26247,117.84068,115.41889,2025-03-24,10:15
2025-03-24 10:30:00,120.47,121.17,120.33,121.1313,9493522,75.020568,118.88237,119.39886,0.76799770,0.31375764,0.45424007,99.18876,88.84454,24.81673,166.86867,0.83519167,120.82843,118.039741,115.25105,2025-03-24,10:30
2025-03-24 10:45:00,121.13,121.94,121.050003,121.715,10026063,77.30894,119.41181,119.86209,0.92550051,0.43610621,0.48939430,95.93852,94.16451,27.40072,162.32868,0.83910650,121.45058,118.25799,115.065403,2025-03-24,10:45
2025-03-24 11:00:00,121.715,122.099998,121.51,122.043297,8492285,78.50187,119.99607,120.29833,1.064542,0.56179344,0.50274891,99.0052335,98.044170,29.87557,144.60940,0.82131292,122.053222,118.49019,114.92716,2025-03-24,11:00
2025-03-24 11:15:00,122.055,122.22,121.9,122.040001,6030016,78.45728,120.59440,120.64666,1.16108,0.68165151,0.47943229,96.90721,97.28365,32.23165,127.44054,0.78550483,122.56611,118.69369,114.82127,2025-03-24,11:15
2025-03-24 11:30:00,122.0401,122.059998,121.415,121.49,6094758,71.18963,121.022734,120.81533,1.17962,0.78124422,0.39837085,87.45699,94.45648,33.42831,98.46794,0.77546853,122.90154,118.90494,114.90833,2025-03-24,11:30
2025-03-24 11:45:00,121.495,121.79,121.35,121.69,4956777,72.19817,121.19551,120.99026,1.19665,0.86432453,0.33232123,90.89349,91.75256,34.41021,86.66218,0.75150667,123.21457,119.13619,115.057805,2025-03-24,11:45
2025-03-24 12:00:00,121.685,122.17,121.63,122.145,5139206,74.39418,121.42996,121.22121,1.23265,0.93798917,0.29465856,98.71126,92.35391,35.59005,89.96536,0.73639912,123.56898,119.37519,115.18140,2025-03-24,12:00
2025-03-24 12:15:00,122.144,122.22,121.71,121.75,5238962,69.27819,121.60940,121.32697,1.21530,0.99345082,0.22184661,91.92438,93.84304,36.72055,79.92366,0.72022790,123.79845,119.59869,115.39892,2025-03-24,12:15
2025-03-24 12:30:00,121.755,121.9893,121.6101,121.835,3619426,69.76012,121.75995,121.42857,1.19463,1.033688,0.16094726,93.38484,94.67349,37.54323,71.83581,0.69586904,124.00071493,119.82044,115.64016,2025-03-24,12:30
2025-03-24 12:45:00,121.835,122.080002,121.79,121.9099,3384981,70.20365,121.84647,121.52484,1.17081,1.061112,0.10969548,89.23251,91.51391,38.38151,71.79278,0.66687846,124.14814,120.056375,115.96461,2025-03-24,12:45
2025-03-24 13:00:00,121.9082,122.0,121.615,121.7001,3250505,67.22914,121.84481,121.55989,1.12206,1.073301,0.048758982,81.94804,88.18846,38.73212,61.75406,0.64674444,124.23089,120.27198,116.31307,2025-03-24,13:00
2025-03-24 13:15:00,121.705,121.7485,121.38,121.7288,5254521,67.43239,121.80987,121.59367,1.073370,1.073315,0.000055249496,82.94436,84.70830,38.49642,51.092787,0.62686982,124.23819,120.49942,116.76065,2025-03-24,13:15
2025-03-24 13:30:00,121.725,121.98,121.62,121.841,3439884,68.26135,121.78776,121.64314,1.031942,1.065040,-0.033098718,83.15565,82.68268,38.53112,55.52720,0.60780773,124.14684,120.74397,117.34111,2025-03-24,13:30
2025-03-24 13:45:00,121.8401,121.95,121.68,121.84,2803009,68.24456,121.82664,121.68251,0.98764297,1.049561,-0.061917932,79.89392,81.99798,38.56335,52.62443,0.58367837,123.90009,120.99672,118.093355,2025-03-24,13:45
2025-03-24 14:00:00,121.85,121.95,121.56,121.63,3494090,64.67238,121.81998,121.67201,0.92492876,1.024634,-0.099705715,49.57223,70.87393,38.27565,41.15534,0.56984415,123.36493,121.24547,119.12601,2025-03-24,14:00
2025-03-24 14:15:00,121.635,121.94,121.58,121.815,3327317,66.34379,121.78331,121.70061,0.88001144,0.99570987,-0.11569842,53.44856,60.97157,38.0084958,42.62889,0.55485533,122.78683,121.45447,120.12211,2025-03-24,14:15
2025-03-24 14:30:00,121.815,122.050003,121.65,121.975,4373797,67.76420,121.80831,121.75549,0.84755441,0.96607878,-0.11852437,71.83885,58.28655,37.91424,54.53519,0.54379434,122.74951,121.54647,120.34343,2025-03-24,14:30
2025-03-24 14:45:00,121.9799,121.9982,121.6801,121.905,3627711,66.44299,121.81609,121.78539,0.80688235,0.93423949,-0.12735714,63.79294,63.026785,37.82672,49.63228,0.52767332,122.63050,121.63997,120.64944,2025-03-24,14:45
2025-03-24 15:00:00,121.91,122.080002,121.83,121.905,4327934,66.44299,121.81554,121.80931,0.76582154,0.90055590,-0.13473437,63.79294,66.47491,37.87021,66.77584,0.50783951,122.44323,121.72847,121.013712,2025-03-24,15:00
2025-03-24 15:15:00,121.905,122.050003,121.73,121.795,4234038,64.16305,121.82609,121.80645,0.71614909,0.86367454,-0.14752545,49.40464,58.99684,37.56406,39.33726,0.49442238,122.22170,121.79422,121.36674,2025-03-24,15:15
2025-03-24 15:30:00,121.795,121.87,121.44,121.752,6554352,63.24939,121.82867,121.79556,0.66564055,0.82406774,-0.15842719,44.28570,52.49443,36.33844,-75.77226,0.48982080,122.12750,121.82525,121.52301,2025-03-24,15:30
2025-03-24 15:45:00,121.755,122.009903,121.23,121.23,13083954,53.32278,121.76078,121.68245,0.57684202,0.77462260,-0.19778058,0,31.23011,34.58597,-189.76760,0.51054072,122.19778,121.80100,121.40423,2025-03-24,15:45
2025-03-25 09:30:00,120.53,120.93,119.52,119.875,1091067,37.062257,121.54244,121.32096,0.39260538,0.69821915,-0.30561377,13.86718,19.38429,34.34836,-505.73030,0.59621662,122.60942,121.69259,120.77576,2025-03-25,09:30
2025-03-25 09:45:00,119.88,119.99,118.93,119.48,599304,33.82416,121.30356,120.95277,0.21227633,0.60103059,-0.38875426,17.46031,10.44249,34.74244,-382.71747,0.62934400,122.87989,121.56459,120.24929,2025-03-25,09:45
2025-03-25 10:00:00,119.52,119.79,119.15,119.76,498194,37.96189,121.075222,120.71421,0.090909966,0.49900646,-0.40809650,26.34919,19.22556,35.10838,-240.74081,0.63010515,123.011151,121.47809,119.94503,2025-03-25,10:00
2025-03-25 10:15:00,119.73,119.975,119.555,119.965,304578,40.87665,120.85189,120.56437,0.011139624,0.40143310,-0.39029347,32.85712,25.55554,35.013134,-157.73490,0.61509764,123.055999,121.39184,119.72768,2025-03-25,10:15
2025-03-25 10:30:00,119.98,120.27,119.45,120.245,251564,44.69847,120.66744,120.50050,-0.029149273,0.31531662,-0.34446590,41.74601,33.65077,34.25986,-115.90684,0.62973352,122.99476,121.29684,119.59892,2025-03-25,10:30
2025-03-25 10:45:00,120.24,120.35,119.785,119.925,272356,41.40439,120.44744,120.38540,-0.085909528,0.23507139,-0.32098092,31.58728,35.39680,33.38333,-95.70181,0.62510970,122.99023,121.20559,119.42095,2025-03-25,10:45
2025-03-25 11:00:00,119.92,120.26,119.9,120.075,216388,43.50608,120.25633,120.32332,-0.11743497,0.16457012,-0.28200509,36.34919,36.56083,32.56941,-78.98560,0.60617329,122.94252,121.11759,119.29266,2025-03-25,11:00
2025-03-25 11:15:00,120.065,120.43,120.05,120.26,271324,46.075050,120.090556,120.31065,-0.12603827,0.10644844,-0.23248671,42.22220,36.71956,31.40597,-58.40511,0.59001805,122.85847,121.035095,119.21172,2025-03-25,11:15
2025-03-25 11:30:00,120.27,120.56,120.04,120.56,162704,50.042335,120.016111,120.36052,-0.10741079,0.063676594,-0.17108739,51.74600,43.43913,30.017497,-42.67151,0.58501676,122.78596,120.97809,119.17022,2025-03-25,11:30
2025-03-25 11:45:00,120.55,120.87,120.34,120.46,203474,48.75473,120.081111,120.38042,-0.099569766,0.031027322,-0.13059709,48.57140,47.51320,28.032522,-26.40126,0.58108700,122.70162,120.91465,119.12768,2025-03-25,11:45
2025-03-25 12:00:00,120.47,120.93,120.47,120.77,206221,52.80847,120.22444,120.45833,-0.067562469,0.011309364,-0.078871832,58.97430,53.097234,26.059298,-10.13086,0.57315221,122.59729,120.86110,119.12491,2025-03-25,12:00
2025-03-25 12:15:00,120.765,120.99,120.64,120.67,228577,51.39608,120.32556,120.50067,-0.049692792,-0.00089106752,-0.048801724,56.49529,54.68033,24.30378,-2.65931,0.55721277,122.48079,120.80260,119.12441,2025-03-25,12:15
2025-03-25 12:30:00,120.665,120.88,120.43,120.87,171882,54.043449,120.42611,120.57453,-0.019171617,-0.0045471774,-0.014624439,62.98900,59.48620,22.94201,-2.0065297,0.54955471,122.40000,120.76460,119.12920,2025-03-25,12:30
2025-03-25 12:45:00,120.88,121.13,120.83,120.9,148870,54.44428,120.49889,120.63963,0.0073526270,-0.0021672165,0.0095198435,89.54545,69.67658,21.51738,24.034683,0.53172938,122.28383,120.71885,119.15387,2025-03-25,12:45
2025-03-25 13:00:00,120.895,121.12,120.83,120.855,127929,53.68785,120.60222,120.68270,0.024460195,0.0031582659,0.021301930,87.50000,80.011484,20.19452,28.94613,0.51446299,122.12050,120.66285,119.20520,2025-03-25,13:00
2025-03-25 13:15:00,120.845,120.89,120.17,120.25,214943,44.69667,120.62167,120.59616,-0.010677296,0.00039115355,-0.011068449,55.55556,77.53367,19.96009,-17.47394,0.52914421,121.93023,120.58010,119.22997,2025-03-25,13:15
2025-03-25 13:30:00,120.24,120.74,120.24,120.615,204536,50.12364,120.66111,120.59993,-0.0089681817,-0.0014807135,-0.0074874682,69.34524,70.80026,19.74240,1.81114,0.52706248,121.72199,120.51560,119.30921,2025-03-25,13:30
2025-03-25 13:45:00,120.61,120.69,120.4,120.62,154043,50.19574,120.66778,120.60394,-0.0071280702,-0.0026101848,-0.0045178854,69.64286,64.84788,19.54025,17.62538,0.51012944,121.51344,120.45685,119.40026,2025-03-25,13:45
2025-03-25 14:00:00,120.62,120.82,120.445,120.775,114046,52.48864,120.70278,120.63815,0.0067595165,-0.00073624458,0.0074957611,73.60595,70.86468,18.97346,46.89946,0.50047734,121.29772,120.40800,119.51828,2025-03-25,14:00
2025-03-25 14:15:00,120.785,121.015,120.64,120.71,153875,51.41955,120.69611,120.65252,0.012377888,0.0018865819,0.010491306,65.85366,69.70082,17.90250,77.011178,0.49151467,121.20176,120.38200,119.56224,2025-03-25,14:15
2025-03-25 14:30:00,120.72,120.915,120.64,120.76,102047,52.22564,120.70611,120.67402,0.020627291,0.0056347237,0.014992567,66.055046,68.50488,16.90804,68.12261,0.47604934,121.22709,120.42625,119.62541,2025-03-25,14:30
2025-03-25 14:45:00,120.74,120.86,120.51,120.82,129577,53.22857,120.70056,120.70322,0.031641754,0.010836130,0.020805625,71.55963,67.82278,16.32873,56.024329,0.46704581,121.18268,120.49325,119.80382,2025-03-25,14:45
2025-03-25 15:00:00,120.81,120.935,120.65,120.71,130332,51.11017,120.67944,120.70457,0.031135801,0.014896064,0.016239737,56.25000,64.62156,15.55587,59.82269,0.45404254,121.14751,120.54075,119.93399,2025-03-25,15:00
2025-03-25 15:15:00,120.73,120.95,120.665,120.7,141656,50.91180,120.66222,120.70366,0.029586855,0.017834222,0.011752632,55.20833,61.0059888,14.78946,57.39388,0.44196808,121.12661,120.57750,120.028387,2025-03-25,15:15
2025-03-25 15:30:00,120.71,121.29,120.7,120.79,253513,52.69144,120.72222,120.72093,0.035215607,0.021310499,0.013905108,55.35714,55.60516,14.40949,97.016882,0.45254178,121.13905,120.60475,120.070452,2025-03-25,15:30
2025-03-25 15:45:00,120.8,120.96,120.515,120.66,440045,49.87854,120.72722,120.70874,0.028853911,0.022819182,0.0060347294,43.75000,51.43849,13.47803,22.24533,0.45200309,121.075402,120.64150,120.20760,2025-03-25,15:45
2025-03-26 09:30:00,118.755,118.84,117.38,117.59,30444018,21.15586,120.39056,120.084992,-0.22135972,-0.026016599,-0.19534312,5.37082,34.82599,16.57765,-545.19200,0.65400306,121.90457,120.51725,119.12993,2025-03-26,09:30
2025-03-26 09:45:00,117.59,117.72,115.815,116.325,22265319,16.85010,119.89611,119.33299,-0.51578506,-0.12397029,-0.39181477,9.31497,19.47860,20.18283,-404.44086,0.74335990,122.61649,120.32050,118.024506,2025-03-26,09:45
2025-03-26 10:00:00,116.325,116.77,115.24,115.62,18068985,15.015886,119.33056,118.59039,-0.79682114,-0.25854046,-0.53828068,6.28107,6.98895,23.73150,-284.62195,0.79954839,123.14515,120.073500,117.0018530,2025-03-26,10:00
2025-03-26 10:15:00,115.635,115.6356,114.455,115.115,18314048,13.85263,118.70333,117.89532,-1.048211,-0.41647453,-0.63173628,9.65613,8.41739,27.26681,-229.096994,0.82676603,123.55282,119.80625,116.059679,2025-03-26,10:15
2025-03-26 10:30:00,115.115,115.435,114.93,114.97,10256793,13.52857,118.053333,117.31025,-1.24479,-0.58213758,-0.66265221,7.53474,7.82398,30.54961,-172.28064,0.80378255,123.78152,119.51625,115.25098,2025-03-26,10:30
2025-03-26 10:45:00,114.98,115.52,114.74,115.365,8849458,19.081936,117.45944,116.92120,-1.35311,-0.73633193,-0.61677739,13.31377,10.16821,33.65598,-136.49239,0.80208371,123.84354,119.25100,114.65846,2025-03-26,10:45
2025-03-26 11:00:00,115.365,115.64,115.28,115.375,7279598,19.22340,116.86778,116.61196,-1.42176,-0.87341696,-0.54834014,13.46011,11.43621,36.28893,-109.20643,0.77050634,123.80014,118.97625,114.15236,2025-03-26,11:00
2025-03-26 11:15:00,115.375,115.59,114.79,115.165,7731427,18.49241,116.24278,116.32257,-1.47609,-0.99395171,-0.48213898,10.38770,12.38719,38.90588,-100.93493,0.77261271,123.70008,118.68950,113.67891,2025-03-26,11:15
2025-03-26 11:30:00,115.16,115.4,114.83,114.905,5966025,17.60006,115.60333,116.039055,-1.52258,-1.099677,-0.42290191,6.58372,10.14384,41.33590,-92.33510,0.75814035,123.55713,118.39200,113.22687,2025-03-26,11:30
2025-03-26 11:45:00,114.89,115.080002,113.93,114.089996,11285177,15.13467,115.21444,115.64924,-1.60666,-1.20107,-0.40559005,2.17386,6.38176,43.87904,-98.26262,0.78613043,123.49788,118.083999,112.67012,2025-03-26,11:45
2025-03-26 12:00:00,114.0877,114.25,113.595,113.7799,11124908,14.31313,114.93166,115.27537,-1.67897,-1.29665,-0.38231730,2.40284,3.72014,46.33292,-99.54317,0.77676389,123.33392,117.74224,112.15057,2025-03-26,12:00
2025-03-26 12:15:00,113.775,114.13,113.57,114.035004,7426848,18.24479,114.75554,115.027300,-1.69614,-1.37655,-0.31958719,6.023367,3.53335,48.61850,-89.38225,0.76128058,123.063268,117.41299,111.76272,2025-03-26,12:15
2025-03-26 12:30:00,114.035004,114.28,113.8,113.85,6968369,17.61360,114.61499,114.79184,-1.70502,-1.44224,-0.26277273,3.78889,4.071698,50.38185,-80.92974,0.74118880,122.69919,117.066745,111.43430,2025-03-26,12:30
2025-03-26 12:45:00,113.845,113.955,113.39,113.5342,8978438,16.56042,114.45546,114.54031,-1.71773,-1.49734,-0.22039224,2.64593,4.15273,52.16531,-84.36613,0.72860406,122.28026,116.70795,111.13565,2025-03-26,12:45
2025-03-26 13:00:00,113.54,113.855,113.41,113.85,6940457,21.60828,114.28712,114.40225,-1.68293,-1.53446,-0.14847130,10.62353,5.68612,53.82138,-78.10210,0.70834661,121.74045,116.36245,110.98445,2025-03-26,13:00
2025-03-26 13:15:00,113.845,113.86,113.39,113.46,5516514,19.99916,114.074344,114.21380,-1.66760,-1.56109,-0.10650902,2.070999,5.11349,55.36675,-78.97121,0.69132194,121.10250,115.99445,110.88641,2025-03-26,13:15
2025-03-26 13:30:00,113.465,113.48,112.71,113.028503,10701935,18.36927,113.83696,113.97674,-1.67100,-1.58307,-0.087929403,10.87045,7.85499,57.040924,-93.92627,0.69694210,120.38679,115.61038,110.83396,2025-03-26,13:30
2025-03-26 13:45:00,113.019997,113.26,112.88,112.94,5901247,18.044450,113.61862,113.76939,-1.66168,-1.59879,-0.062890039,7.84994,6.93047,58.59551,-97.50568,0.67430373,119.51858,115.22238,110.92618,2025-03-26,13:45
2025-03-26 14:00:00,112.945,113.21,112.77,113.155,5748090,21.66821,113.51473,113.64651,-1.61830,-1.60269,-0.015602605,15.18770,11.30270,60.076837,-96.012153,0.65756792,118.38033,114.84063,111.30093,2025-03-26,14:00
2025-03-26 14:15:00,113.155,113.79,113.074997,113.645,7207646,29.33691,113.49974,113.64621,-1.52677,-1.58751,0.060736119,31.91118,18.31627,59.86238,-67.22709,0.66167050,116.84579,114.48988,112.13397,2025-03-26,14:15
2025-03-26 14:30:00,113.65,113.77,113.050003,113.095001,5292403,26.23254,113.39530,113.53597,-1.48154,-1.56632,0.084773454,13.36814,20.15567,59.68080,-75.88830,0.66583643,116.21839,114.26513,112.31187,2025-03-26,14:30
2025-03-26 14:45:00,113.093201,113.14,112.765,112.8399,6963017,24.91558,113.28307,113.39675,-1.44957,-1.54297,0.093395278,4.82892,16.70275,59.71251,-100.16354,0.64506240,115.89405,114.090875,112.28770,2025-03-26,14:45
2025-03-26 15:00:00,112.835,113.5,112.83,113.26,7152070,31.054137,113.25260,113.36940,-1.37449,-1.50927,0.13478038,23.20685,13.80131,58.80349,-73.37612,0.64684353,115.66585,113.97287,112.27990,2025-03-26,15:00
2025-03-26 15:15:00,113.265,113.7,113.21,113.265,7468117,31.12627,113.18760,113.34852,-1.29961,-1.46734,0.16773301,35.35034,21.12871,57.46811,-51.67475,0.63564027,115.51477,113.88037,112.24598,2025-03-26,15:15
2025-03-26 15:30:00,113.265,113.6775,113.18,113.625,7594348,36.29683,113.20593,113.40382,-1.19741,-1.41335,0.21594607,58.28032,38.94584,56.26022,-37.10339,0.62577293,115.37157,113.81312,112.25468,2025-03-26,15:30
2025-03-26 15:45:00,113.625,114.15,113.52,113.7,16454236,37.35199,113.28054,113.46305,-1.097706,-1.35022,0.25251622,63.057201,52.22929,54.0052412,2.28110,0.62607521,115.11621,113.72987,112.34354,2025-03-26,15:45
2025-03-27 09:30:00,111.345,112.58,110.67,111.68,35265342,25.23018,113.14054,113.10644,-1.16822,-1.31382,0.14559862,29.023022,50.12018,54.18706,-246.69391,0.79778404,114.98891,113.54512,112.10134,2025-03-27,09:30
2025-03-27 09:45:00,111.675,113.2874,111.66,112.78,15209424,37.18500,113.098877,113.041154,-1.12241,-1.27554,0.15312943,60.63214,50.90412,53.21983,-119.32405,0.85704201,114.69863,113.42587,112.15312,2025-03-27,09:45
2025-03-27 10:00:00,112.7852,113.059998,112.070099,112.9,10921227,38.34320,113.016100,113.012924,-1.064154,-1.23326,0.16910944,64.080494,51.24522,52.32169,-96.35583,0.86653177,114.41991,113.32562,112.23134,2025-03-27,10:00
2025-03-27 10:15:00,112.9,112.95,112.3,112.815,7098961,37.81140,112.98499,112.97334,-1.013164,-1.18924,0.17607940,61.63799,62.11688,51.48771,-84.92572,0.85106478,114.31852,113.26188,112.20523,2025-03-27,10:15
2025-03-27 10:30:00,112.81,113.89,112.65,113.575,10253812,45.13815,113.066666,113.093671,-0.90104226,-1.13160,0.23056083,83.47690,69.73179,49.26378,23.51377,0.87884572,114.29183,113.25163,112.21143,2025-03-27,10:30
2025-03-27 10:45:00,113.575,114.45,113.2301,114.075699,9938598,49.37029,113.15730,113.29008,-0.76298735,-1.057880,0.29489260,90.097931,78.40427,46.47035,110.64078,0.90320634,114.30012,113.25366,112.20721,2025-03-27,10:45
2025-03-27 11:00:00,114.079903,114.32,113.46,113.595,8081379,45.72353,113.19397,113.35106,-0.68447590,-0.98319913,0.29872323,77.38106,83.65196,43.87645,93.74453,0.90012021,114.26395,113.24091,112.21788,2025-03-27,11:00
2025-03-27 11:15:00,113.595,113.77,113.27,113.55,5651831,45.38557,113.18563,113.39085,-0.61875339,-0.91030999,0.29155659,76.19063,81.22321,41.67488,52.51832,0.87154020,114.26567,113.24170,112.21774,2025-03-27,11:15
2025-03-27 11:30:00,113.55,113.56,112.55,112.725,7369066,39.60556,113.077300,113.25768,-0.62602240,-0.85345247,0.22743006,54.36510,69.31226,40.35312,-38.26802,0.88142979,114.19305,113.18545,112.17786,2025-03-27,11:30
2025-03-27 11:45:00,112.72,112.85,112.099998,112.205,8159902,36.45427,113.13563,113.047144,-0.66606456,-0.81597489,0.14991033,40.60858,57.054770,39.52432,-116.73020,0.87204195,114.20745,113.12271,112.037958,2025-03-27,11:45
2025-03-27 12:00:00,112.21,112.59,111.96,112.525,7583565,39.63726,113.10730,112.94272,-0.66431909,-0.78564373,0.12132464,49.074179,48.015953,38.87561,-106.16067,0.85475304,114.21280,113.097530,111.98226,2025-03-27,12:00
2025-03-27 12:15:00,112.535,113.050003,112.455,112.505,5862960,39.50404,113.063411,112.85517,-0.65697676,-0.75991033,0.10293358,48.54497,46.075906,37.55080,-55.34230,0.83619934,114.21910,113.075780,111.93246,2025-03-27,12:15
2025-03-27 12:30:00,112.5,112.79,112.28,112.59,4381818,40.42030,113.038411,112.80214,-0.63695675,-0.73531962,0.098362869,50.79362,49.47092,36.49584,-65.013513,0.81289954,114.20939,113.047530,111.88566,2025-03-27,12:30
2025-03-27 12:45:00,112.5801,112.65,111.75,111.795,5026290,35.070146,112.84063,112.60071,-0.67743144,-0.72374198,0.046310537,29.76191,43.033499,36.019548,-116.95936,0.81912111,114.20326,112.95503,111.70680,2025-03-27,12:45
2025-03-27 13:00:00,111.795,112.185,111.7,112.155,4820396,39.0071661,112.62722,112.51157,-0.67270438,-0.71353446,0.040830084,17.74180,32.76578,35.62332,-110.16677,0.79525536,114.20160,112.90803,111.61446,2025-03-27,13:00
2025-03-27 13:15:00,112.155,112.33,111.65,111.6914,4233256,35.98146,112.41571,112.34753,-0.69831704,-0.71049098,0.012173940,1.47847,16.32740,34.99549,-109.95376,0.78702286,114.24891,112.85060,111.45230,2025-03-27,13:15
2025-03-27 13:30:00,111.69,111.88,111.52,111.7386,4266184,36.52137,112.21444,112.22575,-0.70666042,-0.70972486,0.0030644463,7.46092,8.89373,34.54954,-116.91281,0.75652127,114.23942,112.77453,111.30965,2025-03-27,13:30
2025-03-27 13:45:00,111.74,112.43,111.74,111.904,4758560,38.47923,112.12322,112.16140,-0.69195003,-0.70616990,0.014219866,13.10589,7.34843,33.15401,-76.77681,0.75186965,114.20008,112.70648,111.21289,2025-03-27,13:45
2025-03-27 14:00:00,111.9,112.535,111.83,112.28,5367140,42.79844,112.13155,112.18512,-0.64254507,-0.69344493,0.050899861,25.93864,15.50182,31.68179,-50.58792,0.74852195,114.081587,112.63923,111.19688,2025-03-27,14:00
2025-03-27 14:15:00,112.285,112.44,112.029999,112.145,4047479,41.66730,112.089332,112.17709,-0.60728443,-0.67621283,0.068928400,22.32140,20.45531,30.31472,-46.51484,0.72434207,113.93262,112.56148,111.19035,2025-03-27,14:15
2025-03-27 14:30:00,112.13,112.73,111.95,112.5779,4293483,46.54603,112.097432,112.25726,-0.53820405,-0.64861108,0.11040702,47.018094,31.75938,28.52805,-25.23029,0.72831810,113.91657,112.60638,111.29619,2025-03-27,14:30
2025-03-27 14:45:00,112.58,112.87,112.175,112.22,4188902,43.32021,112.056322,112.24980,-0.50649850,-0.62018856,0.11369006,34.31393,34.55114,26.62553,-23.52465,0.72593821,113.89644,112.57838,111.26032,2025-03-27,14:45
2025-03-27 15:00:00,112.205,112.72,112.155,112.7089,3675937,48.56420,112.15787,112.34162,-0.43688540,-0.58352793,0.14664253,77.70581,53.012611,24.89364,-7.94189,0.71444280,113.88018,112.56882,111.25747,2025-03-27,15:00
2025-03-27 15:15:00,112.705,112.97,112.53,112.67,4545330,48.18220,112.21509,112.40730,-0.38046978,-0.54291630,0.16244652,75.16318,62.39431,23.40288,18.76157,0.69483992,113.86900,112.56157,111.25415,2025-03-27,15:15
2025-03-27 15:30:00,112.6637,112.685,112.07,112.155,5504452,43.32386,112.26660,112.35684,-0.37301624,-0.50893629,0.13592004,41.50323,64.79074,22.26308,-34.93432,0.68913691,113.72218,112.49057,111.25897,2025-03-27,15:30
2025-03-27 15:45:00,112.155,112.17,111.18,111.43,13622770,37.57920,112.23231,112.17147,-0.42076032,-0.49130109,0.070540775,13.96647,43.54430,22.43967,-143.61841,0.71062698,113.43963,112.35829,111.27695,2025-03-27,15:45
2025-03-28 09:30:00,111.485,112.87,110.81,111.9812,28474411,43.69231,112.24089,112.13342,-0.40940122,-0.47492112,0.065519902,54.22230,36.56400,21.38647,-87.58878,0.80701114,113.20808,112.27760,111.34711,2025-03-28,09:30
2025-03-28 09:45:00,112.0,112.405,111.23,111.56,10449563,40.43363,112.16089,112.018733,-0.42943638,-0.46582417,0.036387789,34.72216,34.30364,20.40850,-111.82834,0.83329573,112.95617,112.17810,111.40003,2025-03-28,09:45
2025-03-28 10:00:00,111.56,111.84,109.825,110.31,16535414,32.65085,111.95700,111.67699,-0.53995469,-0.48065027,-0.059304412,15.42130,34.78859,21.091195,-279.23375,0.91770313,113.14602,112.057349,110.96868,2025-03-28,10:00
2025-03-28 10:15:00,110.301,110.46,109.26,109.2788,11923976,27.88277,111.59043,111.19735,-0.70265047,-0.52505031,-0.17760016,0.50670708,16.88339,22.19838,-326.10891,0.93786698,113.53563,111.91104,110.28645,2025-03-28,10:15
2025-03-28 10:30:00,109.28,110.0,109.079903,109.975,11186037,34.80490,111.34099,110.95288,-0.76657414,-0.57335508,-0.19321906,23.0095924,12.97920,23.36894,-238.67912,0.93659772,113.58591,111.78354,109.98117,2025-03-28,10:30
2025-03-28 10:45:00,109.98,110.11,109.47,109.72,6772107,33.53523,111.0088882,110.70630,-0.82826256,-0.62433658,-0.20392599,16.45456,13.32362,24.25524,-180.65326,0.91541212,113.62381,111.64429,109.66477,2025-03-28,10:45
2025-03-28 11:00:00,109.72,110.089996,109.28,109.9701,7030139,36.0011772,110.70890,110.55906,-0.84720412,-0.66891008,-0.17829404,22.88368,20.78261,25.24492,-143.91614,0.90788251,113.57037,111.51329,109.45622,2025-03-28,11:00
2025-03-28 11:15:00,109.975,110.15,109.48,109.655,5817730,34.27573,110.43112,110.37825,-0.87752594,-0.71063326,-0.16689269,14.78359,18.040609,26.043476,-119.97243,0.89089077,113.61096,111.40629,109.20163,2025-03-28,11:15
2025-03-28 11:30:00,109.655,110.1839,109.545,110.070099,6029674,38.46008,110.28002,110.31662,-0.85816866,-0.74014034,-0.11802832,25.45427,21.040513,26.71316,-92.61451,0.87289149,113.55195,111.30205,109.052147,2025-03-28,11:30
2025-03-28 11:45:00,110.074997,110.15,109.3688,109.385,5578878,34.55042,109.99156,110.13030,-0.88787459,-0.76968719,-0.11818740,7.84298,16.026945,27.51782,-97.067334,0.86634240,113.57704,111.18673,108.79642,2025-03-28,11:45
2025-03-28 12:00:00,109.39,110.050003,109.385,109.7199,4808289,37.87505,109.78710,110.048217,-0.87431458,-0.79061266,-0.083701911,16.45201,16.58309,28.26501,-81.35347,0.85196086,113.54389,111.085795,108.62770,2025-03-28,12:00
2025-03-28 12:15:00,109.715,109.8,109.099998,109.585,7896701,37.058439,109.70654,109.95557,-0.86448842,-0.80538782,-0.059100607,13.32673,12.54057,29.26538,-84.21220,0.84110684,113.48083,110.96984,108.45886,2025-03-28,12:15
2025-03-28 12:30:00,109.58,110.145,109.57,109.78,6487007,39.10234,109.76223,109.92046,-0.83138262,-0.81058678,-0.020795843,18.47171,16.083482,29.35345,-59.49000,0.82209899,113.33128,110.84484,108.35841,2025-03-28,12:30
2025-03-28 12:45:00,109.78,110.059998,109.43,109.515,5467620,37.32833,109.71112,109.83937,-0.81711013,-0.81189145,-0.0052186832,11.47982,14.42609,29.60848,-63.16622,0.80837744,113.18899,110.71334,108.23770,2025-03-28,12:45
2025-03-28 13:00:00,109.51,109.63,109.24,109.5211,4938534,37.39877,109.68902,109.77571,-0.79612930,-0.80873902,0.012609722,13.26880,14.40677,30.077810,-69.96833,0.77849329,112.93208,110.56050,108.18893,2025-03-28,13:00
2025-03-28 13:15:00,109.5399,109.99,109.4,109.475,5986417,37.059901,109.63401,109.71557,-0.77429647,-0.80185051,0.027554041,14.31458,13.021066,29.63718,-56.068048,0.76502922,112.71102,110.42325,108.13549,2025-03-28,13:15
2025-03-28 13:30:00,109.485,109.7975,109.36,109.64,4334222,39.18376,109.63234,109.70046,-0.73520462,-0.78852133,0.053316713,40.58388,22.72242,29.28600,-54.20601,0.74163428,112.32348,110.26981,108.21614,2025-03-28,13:30
2025-03-28 13:45:00,109.6394,109.93,109.5,109.89,4222222,42.35757,109.61233,109.73837,-0.67625568,-0.76606820,0.089812521,73.37858,42.75901,28.63335,-37.10918,0.71937471,111.86775,110.13081,108.39387,2025-03-28,13:45
2025-03-28 14:00:00,109.88,110.4182,109.7013,110.145,6328300,45.48274,109.69678,109.81969,-0.60202233,-0.73325903,0.13123669,79.27468,64.41238,26.93757,2.41059,0.71919766,111.49902,110.030310,108.56160,2025-03-28,14:00
2025-03-28 14:15:00,110.14,110.33,109.92,110.014999,4994650,44.16805,109.72957,109.85875,-0.54737180,-0.69608158,0.14870978,69.41295,74.022068,25.36292,14.21297,0.69711238,111.28066,109.95956,108.63846,2025-03-28,14:15
2025-03-28 14:30:00,110.011002,110.19,109.8628,110.040001,3860869,44.50032,109.78012,109.89500,-0.49632216,-0.65612970,0.15980754,71.30959,73.33241,24.015965,27.91780,0.67069020,110.80670,109.86250,108.91830,2025-03-28,14:30
2025-03-28 14:45:00,110.030098,110.39,109.87,110.3844,4882134,49.0025678,109.84728,109.99288,-0.42319652,-0.60954306,0.18634654,97.43603,79.38619,22.30851,125.41831,0.65992637,110.40027,109.80372,109.20717,2025-03-28,14:45
2025-03-28 15:00:00,110.3801,110.61,110.089996,110.115,6443534,45.86804,109.91394,110.017305,-0.38257232,-0.56414891,0.18157659,67.21841,78.65468,21.18187,170.49389,0.64993194,110.36284,109.79397,109.22510,2025-03-28,15:00
2025-03-28 15:15:00,110.12,110.23,109.86,109.91,6029570,43.58348,109.95716,109.99584,-0.36273726,-0.52386658,0.16112932,53.64265,72.76570,19.73133,63.095675,0.62993699,110.34441,109.82553,109.30665,2025-03-28,15:15
2025-03-28 15:30:00,109.91,110.029999,109.43,109.565,8075523,39.97485,109.96716,109.90968,-0.37058468,-0.49321020,0.12262552,30.79492,50.55199,19.25415,-51.37051,0.62779853,110.33102,109.80503,109.27904,2025-03-28,15:30
2025-03-28 15:45:00,109.56,109.87,109.4,109.64,13200607,41.11621,109.96716,109.85574,-0.36652709,-0.46787358,0.10134649,29.19713,37.87824,18.86785,-60.91220,0.61652729,110.33075,109.80103,109.27131,2025-03-28,15:45
2025-03-31 09:30:00,105.11,105.7899,103.75,103.849,42819321,15.92914,109.29593,108.65439,-0.82113127,-0.53852512,-0.28260615,1.44313,20.47840,22.50736,-649.029374,0.99320387,112.13799,109.49497,106.85196,2025-03-31,09:30
2025-03-31 09:45:00,103.84,105.15,103.65,104.8001,16859220,24.14764,108.70206,107.88353,-1.092074,-0.64923480,-0.44283873,16.52444,15.72157,25.91328,-330.88315,1.029404,112.59185,109.25223,105.91261,2025-03-31,09:45
2025-03-31 10:00:00,104.79,106.010002,104.7309,105.545,13903099,29.92541,108.20539,107.41583,-1.23248,-0.76588445,-0.46659860,27.22697,15.064846,27.83885,-189.81427,1.047239,112.70881,109.025975,105.34314,2025-03-31,10:00
2025-03-31 10:15:00,105.54,105.58,103.7701,103.89,13672982,25.31216,107.52206,106.71066,-1.46047,-0.90480112,-0.55566669,3.44825,15.73322,29.99408,-178.73397,1.10171,113.053686,108.75122,104.44876,2025-03-31,10:15
2025-03-31 10:30:00,103.895,104.885,103.895,103.961,11484045,25.84033,106.80834,106.16073,-1.61678,-1.047197,-0.56958397,4.46835,11.71452,31.99537,-145.95249,1.094092,113.21524,108.46328,103.71132,2025-03-31,10:30
2025-03-31 10:45:00,103.965,104.81,103.96,104.6801,8556037,31.15094,106.20447,105.86460,-1.66346,-1.17045,-0.49301009,14.80026,7.57228,33.85370,-114.47353,1.076657,113.21317,108.21803,103.22290,2025-03-31,10:45
2025-03-31 11:00:00,104.69,105.2699,104.35,104.43,9536225,30.33725,105.59558,105.57768,-1.70103,-1.27656,-0.42446064,11.20688,10.15850,34.88834,-93.12021,1.065460,113.15121,107.95053,102.74986,2025-03-31,11:00
2025-03-31 11:15:00,104.4386,105.53,104.37,105.1896,8803099,35.82053,105.10942,105.50007,-1.65048,-1.35135,-0.29913029,22.12064,16.042595,35.46820,-73.48286,1.072213,113.015835,107.73426,102.45269,2025-03-31,11:15
2025-03-31 11:30:00,105.18,105.67,104.93,105.3081,8380599,36.65816,104.62810,105.46167,-1.58261,-1.39760,-0.18501240,23.82323,19.050250,35.79815,-59.21866,1.048483,112.83927,107.52361,102.20796,2025-03-31,11:30
2025-03-31 11:45:00,105.305,105.58,105.0,105.175,5887349,36.088452,104.77543,105.40434,-1.52202,-1.42249,-0.099538997,21.91094,22.61827,36.10452,-54.55884,1.015020,112.63899,107.30861,101.97824,2025-03-31,11:45
2025-03-31 12:00:00,105.18,105.5099,104.77,105.095001,6127527,35.72901,104.80820,105.34247,-1.46359,-1.43071,-0.032884932,21.96048,22.56488,36.54922,-52.50789,0.99536908,112.38224,107.081365,101.78049,2025-03-31,12:00
2025-03-31 12:15:00,105.099998,106.010002,105.0049973,105.98,5922072,42.54618,104.85653,105.46998,-1.33053,-1.41067,0.080138673,36.52042,26.79728,36.14282,-34.39077,0.99605735,112.044481,106.88587,101.72725,2025-03-31,12:15
2025-03-31 12:30:00,105.975,106.25,105.675,105.915,5803504,42.19219,105.081534,105.55898,-1.21631,-1.37180,0.15549120,36.41477,31.63189,35.39170,-22.69842,0.96598161,111.62376,106.67437,101.72497,2025-03-31,12:30
2025-03-31 12:45:00,105.91,106.0,105.36,105.375,4615051,39.26917,105.23864,105.52219,-1.15603,-1.32865,0.17261443,66.34613,46.42711,34.97841,-29.45943,0.94269716,111.17385,106.44237,101.71088,2025-03-31,12:45
2025-03-31 13:00:00,105.3801,106.16,105.31,106.010002,5157449,44.16754,105.38641,105.61975,-1.044976,-1.27191,0.22693556,90.76931,64.51007,34.33145,-16.78578,0.93607637,110.67633,106.24087,101.80541,2025-03-31,13:00
2025-03-31 13:15:00,106.019997,106.07,105.54,105.72,5365154,42.48231,105.52975,105.63980,-0.96919241,-1.21137,0.24217526,78.62819,78.58121,33.73069,-12.63302,0.90707083,110.017162,106.0076454,101.99813,2025-03-31,13:15
2025-03-31 13:30:00,105.7289,105.98,105.6144,105.74,3203519,42.64481,105.59090,105.65984,-0.89717777,-1.14853,0.25135192,79.43454,82.94401,33.17285,-3.59324,0.86839439,109.32797,105.78890,102.24982,2025-03-31,13:30
2025-03-31 13:45:00,105.73,105.98,105.56,105.64,3547350,42.0056701,105.62778,105.65587,-0.83850888,-1.086526,0.24801665,74.097676,77.38680,32.71798,7.26540,0.83636663,108.56713,105.57540,102.58366,2025-03-31,13:45
2025-03-31 14:00:00,105.64,106.77,105.6,106.545,6637573,49.39738,105.78000,105.83370,-0.71079394,-1.011379,0.30058527,91.99293,81.84172,30.87153,79.34503,0.86019745,107.84594,105.42439,103.0028450,2025-03-31,14:00
2025-03-31 14:15:00,106.54,107.57,106.38,107.5501,7834056,56.090988,106.052789,106.17698,-0.52245291,-0.91359395,0.39114104,99.38207,88.49089,29.29316,209.17343,0.88375495,107.10026,105.31990,103.53954,2025-03-31,14:15
2025-03-31 14:30:00,107.55,108.14,107.365,107.92,9407170,58.27826,106.26834,106.52558,-0.33943103,-0.79876137,0.45933034,94.16442,95.17981,28.48546,234.91574,0.87598685,107.50420,105.52345,103.54270,2025-03-31,14:30
2025-03-31 14:45:00,107.91,107.945,107.145,107.1801,7927396,52.63064,106.40891,106.65649,-0.25119292,-0.68924768,0.43805476,71.51635,88.35428,27.39601,170.51348,0.87055944,107.71873,105.64245,103.56617,2025-03-31,14:45
2025-03-31 15:00:00,107.185,108.0,107.15,107.65,6251628,55.57510,106.66169,106.85519,-0.14171283,-0.57974071,0.43802788,85.46002,83.71359,26.45086,157.13738,0.86909080,107.99954,105.74770,103.49586,2025-03-31,15:00
2025-03-31 15:15:00,107.64,107.7999,107.12,107.24,6844804,52.50820,106.79836,106.93215,-0.087029720,-0.48119851,0.39416879,73.29375,76.75670,25.52216,118.99335,0.85557670,108.086319,105.91520,103.74408,2025-03-31,15:15
2025-03-31 15:30:00,107.25,108.0,107.1301,107.6856,7526260,55.38958,107.016755,107.082840,-0.0076484032,-0.38648849,0.37884009,85.50562,81.41979,24.92591,116.29396,0.85660005,108.20811,106.10143,103.99475,2025-03-31,15:30
2025-03-31 15:45:00,107.66,108.96,107.29,108.77,22966925,61.50968,107.35342,107.42027,0.14113665,-0.28096346,0.42210011,94.79446,84.53127,25.44861,145.44807,0.91469992,108.60615,106.30592,104.0056960,2025-03-31,15:45
2025-04-01 09:30:00,108.5325,109.093697,106.8,107.7402,23623304,53.94144,107.58678,107.48426,0.17394842,-0.18998108,0.36392951,64.22812,81.50940,25.075194,98.77122,1.013199,108.68256,106.47143,104.26031,2025-04-01,09:30
2025-04-01 09:45:00,107.745,108.55,107.34,107.55,11767520,52.65290,107.69844,107.49741,0.18250123,-0.11548462,0.29798585,59.20147,72.74135,24.72845,83.75537,1.027257,108.76602,106.58946,104.41290,2025-04-01,09:45
2025-04-01 10:00:00,107.52,107.8,106.6,106.9,12307175,48.39782,107.62621,107.37792,0.13527038,-0.065333621,0.20060400,38.27004,53.89987,23.22692,30.99218,1.039596,108.76738,106.66905,104.57072,2025-04-01,10:00
2025-04-01 10:15:00,106.94,107.43,106.47,107.13,9302039,49.93942,107.53843,107.32834,0.11507185,-0.029252526,0.14432438,44.42936,47.30029,21.64502,19.87007,1.033911,108.75698,106.76680,104.77662,2025-04-01,10:15
2025-04-01 10:30:00,107.1435,108.12,107.074997,107.9178,7991263,54.90855,107.62040,107.44623,0.16078017,0.0087540135,0.15202616,66.72338,49.80759,21.069712,66.27440,1.034703,108.80191,106.90794,105.013971,2025-04-01,10:30
2025-04-01 10:45:00,107.91,108.5,107.77,108.341,7211881,57.35729,107.69718,107.62519,0.22851902,0.052707016,0.17581201,78.45569,63.20281,20.96615,99.72518,1.012939,108.96761,107.025990,105.084367,2025-04-01,10:45
2025-04-01 11:00:00,108.32,108.87,108.24,108.8499,6561214,60.15914,107.87606,107.87013,0.31958225,0.10608206,0.21350019,91.016053,78.73171,21.26143,127.031422,0.98558651,109.19813,107.17273,105.14734,2025-04-01,11:00
2025-04-01 11:15:00,108.849,109.49,108.7,108.9109,9800445,60.49420,108.012199,108.078282,0.39215198,0.16329605,0.22885593,80.82443,83.43206,22.12170,148.22344,0.97161611,109.33323,107.34953,105.36583,2025-04-01,11:15
2025-04-01 11:30:00,108.92,109.1098,108.58,109.055,6065855,61.32178,108.043866,108.27363,0.45603511,0.22184386,0.23419125,85.59609,85.81219,22.70797,129.56046,0.94005785,109.51802,107.50178,105.48554,2025-04-01,11:30
2025-04-01 11:45:00,109.050003,109.49,108.94,109.352,6811465,63.040258,108.22296,108.48930,0.52458109,0.28239131,0.24218979,95.43044,87.28365,23.60460,149.34600,0.91219625,109.67913,107.68338,105.68763,2025-04-01,11:45
2025-04-01 12:00:00,109.365,109.73,109.14,109.45,5893033,63.61472,108.43407,108.68144,0.58012471,0.34193799,0.23818672,91.41085,90.81246,24.64948,150.65147,0.88918251,109.79611,107.86888,105.94165,2025-04-01,12:00
2025-04-01 12:15:00,109.56,109.9299,109.1101,109.4,6492590,63.076093,108.71184,108.82515,0.61304243,0.39615888,0.21688356,84.68454,90.50861,25.79422,135.035152,0.88422671,109.80277,108.056879,106.31099,2025-04-01,12:15
2025-04-01 12:30:00,109.41,109.455,108.56,108.5635,6036665,54.72680,108.87112,108.77282,0.56511693,0.42995049,0.13516644,60.50748,78.86762,25.80298,69.29572,0.88499654,109.77074,108.15780,106.54487,2025-04-01,12:30
2025-04-01 12:45:00,108.5749,109.35,108.45,109.035004,5654067,58.093970,108.99526,108.82526,0.55874125,0.45570864,0.10303261,74.13516,73.10906,25.61241,69.55656,0.88606832,109.86286,108.23205,106.60124,2025-04-01,12:45
2025-04-01 13:00:00,109.040001,109.32,108.76,109.145,4328209,58.86261,109.084588,108.88921,0.55615301,0.47579751,0.080355493,77.31424,70.65230,25.43544,73.65166,0.86277756,109.96415,108.29330,106.62244,2025-04-01,13:00
2025-04-01 13:15:00,109.14,109.24,108.67,108.8012,3488031,55.43975,109.079177,108.87160,0.52036195,0.48471040,0.035651549,67.37766,72.94236,25.090510,52.031343,0.84186485,109.97724,108.37435,106.77147,2025-04-01,13:15
2025-04-01 13:30:00,108.8,109.23,108.76,108.95,3778035,56.61562,109.083522,108.88728,0.49826025,0.48742037,0.010839877,71.67825,72.12339,24.77021,53.80415,0.81530316,110.024808,108.43935,106.85390,2025-04-01,13:30
2025-04-01 13:45:00,108.94,109.099998,108.51,108.575,3819922,52.83180,109.030188,108.82483,0.44535139,0.47900657,-0.033655186,52.54117,63.86569,23.93828,24.47427,0.79920982,109.99333,108.50610,107.018882,2025-04-01,13:45
2025-04-01 14:00:00,108.58,108.65,107.685,107.9257,6178485,46.97740,108.87171,108.64500,0.34702737,0.45261073,-0.10558337,10.72205,44.98049,22.75088,-47.95570,0.81105226,109.98234,108.51811,107.053875,2025-04-01,14:00
2025-04-01 14:15:00,107.93,107.97,107.41,107.7199,5063732,45.26531,108.67948,108.45998,0.24962143,0.41201287,-0.16239144,12.29806,25.18709,22.051503,-81.98624,0.79311978,109.96484,108.46560,106.96637,2025-04-01,14:15
2025-04-01 14:30:00,107.76,108.11,107.64,108.1099,4956535,49.054587,108.53613,108.38996,0.20157261,0.36992482,-0.16835221,27.77485,16.93165,21.14137,-56.43632,0.77003988,109.95595,108.48409,107.012224,2025-04-01,14:30
2025-04-01 14:45:00,108.11,108.32,107.75,108.155,4510338,49.49004,108.49074,108.34297,0.16522791,0.32898544,-0.16375752,29.56450,23.21247,19.90892,-46.20245,0.75575130,109.93204,108.51434,107.096636,2025-04-01,14:45
2025-04-01 15:00:00,108.1501,108.46,108.050003,108.3817,4763848,51.72389,108.41815,108.35072,0.15295410,0.29377917,-0.14082507,38.56089,31.96675,18.50930,-32.53404,0.73105449,109.80095,108.58842,107.37589,2025-04-01,15:00
2025-04-01 15:15:00,108.3805,108.96,108.36,108.6113,6167664,53.94543,108.35885,108.40283,0.15991039,0.26700541,-0.10709503,47.67233,38.59924,18.0018132,-0.46463450,0.72169335,109.67392,108.66249,107.65106,2025-04-01,15:15
2025-04-01 15:30:00,108.61,109.41,108.56,109.325,7531480,60.092966,108.41705,108.58727,0.22047141,0.25769861,-0.037227204,75.99489,54.076039,18.17422,61.77035,0.73085855,109.72283,108.73285,107.74287,2025-04-01,15:30
2025-04-01 15:45:00,109.325,110.2,109.25,110.19,16346980,66.014221,108.55483,108.90781,0.33441030,0.27304095,0.061369347,99.64177,74.43633,19.25112,168.72346,0.74651129,109.98281,108.82530,107.66779,2025-04-01,15:45
2025-04-02 09:30:00,107.3,108.88,106.79,108.73,24862113,51.99194,108.57206,108.87225,0.30340055,0.27911287,0.024287679,56.89163,77.50943,18.84182,-93.36698,0.93604631,109.97748,108.81930,107.66113,2025-04-02,09:30
2025-04-02 09:45:00,108.76,109.59,108.7101,108.84,9507180,52.80528,108.67364,108.86580,0.28442197,0.28017469,0.0042472839,60.11724,72.21688,17.66413,39.51143,0.93203572,109.97323,108.81576,107.65829,2025-04-02,09:45
2025-04-02 10:00:00,108.84,109.72,108.11,108.5101,10558887,50.065642,108.76144,108.79466,0.23999503,0.27213876,-0.032143726,50.44289,55.81725,17.14373,1.72148,0.98046178,109.94782,108.78851,107.62920,2025-04-02,10:00
2025-04-02 10:15:00,108.5151,109.2765,108.34,108.9986,7528731,53.88124,108.86019,108.83545,0.24142087,0.26599518,-0.024574314,64.76827,58.44280,16.66050,18.72045,0.97732169,109.90578,108.77084,107.63591,2025-04-02,10:15
2025-04-02 10:30:00,109.0,109.36,108.68,108.835,6108156,52.43615,108.93574,108.83536,0.22673626,0.25814340,-0.031407139,59.97069,58.39395,16.10860,37.20789,0.95608445,109.83228,108.74009,107.64791,2025-04-02,10:30
2025-04-02 10:45:00,108.835,109.46,108.8,109.38,5104599,56.61099,109.046666,108.94429,0.25612297,0.25773931,-0.0016163421,75.95306,66.89734,15.46696,81.78611,0.93493528,109.82889,108.73909,107.64929,2025-04-02,10:45
2025-04-02 11:00:00,109.375,109.55,108.975,109.065002,5415597,53.67837,109.097077,108.96843,0.25110017,0.25641148,-0.0053113093,66.71566,67.54647,14.74998,74.18291,0.90922594,109.85972,108.76417,107.66862,2025-04-02,11:00
2025-04-02 11:15:00,109.065002,110.49,108.85,110.25,8395637,61.71360,109.19986,109.22474,0.33883312,0.27289581,0.065937306,93.51357,78.72743,14.44705,158.66018,0.96142405,110.094695,108.82492,107.55514,2025-04-02,11:15
2025-04-02 11:30:00,110.24,110.43,109.88,109.915,6017773,58.61792,109.16930,109.36279,0.37698483,0.29371361,0.083271217,84.45953,81.56292,14.16576,166.089697,0.93203683,110.21381,108.86342,107.51302,2025-04-02,11:30
2025-04-02 11:45:00,109.91,110.12,109.61,109.93,5061393,58.71777,109.30263,109.47624,0.40377618,0.31572613,0.088050057,84.86492,87.61267,13.52610,123.62095,0.90189150,110.34729,108.91986,107.49242,2025-04-02,11:45
2025-04-02 12:00:00,109.94,110.39,109.8,110.2802,3961734,61.079048,109.46265,109.63703,0.44810105,0.34220111,0.10589994,94.32971,87.88472,13.26457,134.86948,0.87961327,110.53227,108.98637,107.44047,2025-04-02,12:00
2025-04-02 12:15:00,110.28,111.155,110.27,111.1524,5761208,66.25594,109.75624,109.94010,0.54729916,0.38322072,0.16407844,99.94040,93.045007,13.86057,176.18219,0.87999819,110.91186,109.11524,107.31862,2025-04-02,12:15
2025-04-02 12:30:00,111.1513,111.35,110.625,110.99,7004698,64.53474,109.97751,110.15008,0.60582652,0.42774188,0.17808464,92.10525,95.45845,14.60737,161.15967,0.86892678,111.15363,109.26845,107.38328,2025-04-02,12:30
2025-04-02 12:45:00,110.995,111.55,110.83,111.245,7236388,66.027152,110.24529,110.36907,0.66511955,0.47521741,0.18990213,93.59243,95.21269,15.49944,153.25746,0.85828924,111.37639,109.44471,107.51303,2025-04-02,12:45
2025-04-02 13:00:00,111.25,111.98,111.2,111.75,5892967,68.82496,110.50862,110.64525,0.74427917,0.52902977,0.21524941,94.056765,93.25148,16.73605,161.49940,0.85269761,111.70166,109.62671,107.55177,2025-04-02,13:00
2025-04-02 13:15:00,111.7525,111.78,110.15,111.235,4602490,63.11635,110.74973,110.76320,0.75673444,0.57457070,0.18216374,80.74930,89.46617,16.26283,104.52742,0.90821901,111.85307,109.78071,107.70836,2025-04-02,13:15
2025-04-02 13:30:00,111.22,111.25,110.15,110.755,5524506,58.26551,110.80584,110.76156,0.71957821,0.60357220,0.11600601,66.34605,80.38404,15.82342,71.93937,0.92191755,111.90854,109.89938,107.89021,2025-04-02,13:30
2025-04-02 13:45:00,110.755,110.755,110.099998,110.335,5941441,54.33082,110.85251,110.67625,0.64876276,0.61261031,0.036152448,50.15143,65.74893,15.34183,41.33033,0.90285192,111.91252,109.98556,108.058610,2025-04-02,13:45
2025-04-02 14:00:00,110.3301,110.58,109.53,109.865,6392232,50.24197,110.84529,110.51400,0.54839429,0.59976711,-0.051372820,33.49040,49.99596,14.39973,3.97795,0.91336272,111.91674,110.012564,108.10839,2025-04-02,14:00
2025-04-02 14:15:00,109.86,110.0383,109.32,109.325,5308860,45.96206,110.73915,110.27620,0.42043152,0.56389999,-0.14346847,15.17565,32.93916,13.79927,-31.58373,0.89942965,111.89458,109.96931,108.044049,2025-04-02,14:15
2025-04-02 14:30:00,109.3,110.13,109.23,109.865,5187902,50.50286,110.59611,110.19396,0.35846154,0.52281230,-0.16435076,32.42804,27.031364,13.10448,-25.59313,0.89946996,111.86692,110.026064,108.18520,2025-04-02,14:30
2025-04-02 14:45:00,109.85,109.96,108.97,108.9887,4676194,44.036134,110.37374,109.95291,0.23592049,0.46543394,-0.22951344,0.62125026,16.074981,12.81867,-69.42302,0.90593624,111.85625,110.033499,108.21075,2025-04-02,14:45
2025-04-02 15:00:00,108.985,109.58,108.985,109.1049,5172042,45.041052,110.13595,109.78330,0.14649317,0.40164579,-0.25515261,4.48157,12.51029,12.55327,-81.96756,0.88372659,111.80312,110.063239,108.32336,2025-04-02,15:00
2025-04-02 15:15:00,109.099998,109.7,108.85,109.65,5960491,49.61218,109.90262,109.75664,0.11824375,0.34496538,-0.22672163,25.55916,10.22066,12.50559,-69.45829,0.88131744,111.77819,110.095809,108.41343,2025-04-02,15:15
2025-04-02 15:30:00,109.645,110.27,109.39,110.105,6439986,53.11739,109.77707,109.82632,0.13105995,0.30218429,-0.17112434,40.095940,23.37889,11.73988,-21.84282,0.88122314,111.73930,110.15931,108.57932,2025-04-02,15:30
2025-04-02 15:45:00,110.105,110.76,110.040001,110.38,12331629,55.14817,109.73540,109.93705,0.16154440,0.27405632,-0.11251191,48.88167,38.17893,11.74182,24.48108,0.86970729,111.75030,110.20931,108.66832,2025-04-02,15:45
2025-04-03 09:30:00,103.505,105.1696,103.2622,104.49,44657050,27.58588,109.085954,108.84764,-0.28627023,0.16199101,-0.44826123,14.083804,34.35381,14.87022,-457.39020,1.31600,112.88668,109.98056,107.074436,2025-04-03,09:30
2025-04-03 09:45:00,104.48,105.58,103.96,105.089996,17599231,31.34984,108.55540,108.096112,-0.58599668,0.012393470,-0.59839015,20.96625,27.97724,17.35537,-280.27150,1.33771,113.32093,109.72256,106.12418,2025-04-03,09:45
2025-04-03 10:00:00,105.080002,105.49,104.32,104.82,13738208,30.57957,108.054843,107.44089,-0.83568527,-0.15722228,-0.67846299,18.28876,17.77961,19.66302,-208.23472,1.32573,113.64971,109.46781,105.28591,2025-04-03,10:00
2025-04-03 10:15:00,104.83,105.63,104.59,105.15,12396330,32.75436,107.53095,106.98271,-0.99546182,-0.32487019,-0.67059163,23.63357,20.96286,21.64838,-154.24294,1.30532,113.80547,109.22881,104.65215,2025-04-03,10:15
2025-04-03 10:30:00,105.15,105.4291,103.67,103.795,15553152,28.76903,106.95388,106.34517,-1.21739,-0.50337415,-0.71401586,7.10607,16.34280,23.84619,-145.98538,1.33774,114.024061,108.90455,103.78504,2025-04-03,10:30
2025-04-03 10:45:00,103.78,103.85,102.51,102.78,19247302,26.19764,106.25111,105.63214,-1.45836,-0.69437144,-0.76398917,3.27269,11.33744,26.27316,-148.52803,1.33790,114.14277,108.48593,102.82908,2025-04-03,10:45
2025-04-03 11:00:00,102.77,103.2,102.010002,102.755,14818735,26.13567,105.48500,105.056708,-1.63253,-0.88200319,-0.75052697,8.51423,6.29766,28.67768,-132.041204,1.32733,114.12698,108.074179,102.021380,2025-04-03,11:00
2025-04-03 11:15:00,102.75,103.58,102.485,102.9699,11740171,27.71835,104.69221,104.63935,-1.73324,-1.052251,-0.68098949,10.97028,7.58573,30.46050,-106.43720,1.31074,113.91754,107.66042,101.40331,2025-04-03,11:15
2025-04-03 11:30:00,102.955,103.83,102.885,103.565,9180290,32.059589,103.93499,104.42448,-1.74492,-1.19078,-0.55413507,17.77143,12.41865,31.81804,-85.96970,1.28461,113.45530,107.25117,101.047052,2025-04-03,11:30
2025-04-03 11:45:00,103.56,103.7,103.010002,103.1499,7895246,30.67562,103.78609,104.16956,-1.76730,-1.30609,-0.46121106,13.027431,13.92305,33.078624,-80.15106,1.24214,113.013552,106.84692,100.68029,2025-04-03,11:45
2025-04-03 12:00:00,103.145,103.99,103.080002,103.83,6842646,35.58220,103.64609,104.10165,-1.71044,-1.38696,-0.32348094,20.80000,17.19962,33.87298,-65.94728,1.21842,112.52674,106.50067,100.47460,2025-04-03,12:00
2025-04-03 12:15:00,103.835,104.19,103.38,103.661,8504507,34.92078,103.51731,104.013521,-1.65988,-1.44154,-0.21833744,18.86858,17.56534,34.34791,-58.25617,1.18924,112.044082,106.16697,100.28986,2025-04-03,12:15
2025-04-03 12:30:00,103.67,103.87,102.85,103.185,10855430,33.056917,103.29898,103.84782,-1.63932,-1.48110,-0.15822523,13.42852,17.69903,35.077140,-64.15668,1.17716,111.58949,105.83297,100.076445,2025-04-03,12:30
2025-04-03 12:45:00,103.1899,103.62,102.88,103.025101,7544825,32.43073,103.21343,103.68327,-1.61729,-1.50834,-0.10895498,28.041435,20.11285,35.75428,-63.60343,1.14593,111.16409,105.51797,99.87186,2025-04-03,12:45
2025-04-03 13:00:00,103.035004,103.5491,103.0,103.1289,6033857,33.31383,103.25220,103.57240,-1.57332,-1.52133,-0.051986390,30.90878,24.12625,36.38306,-59.66554,1.10330,110.54653,105.18117,99.81581,2025-04-03,13:00
2025-04-03 13:15:00,103.12,103.31,102.75,103.019997,5913737,32.82905,103.28165,103.46192,-1.52963,-1.52299,-0.0066345310,27.90044,28.95022,37.11913,-63.72608,1.064493,110.027203,104.88273,99.73827,2025-04-03,13:15
2025-04-03 13:30:00,103.019897,103.36,102.88,103.2985,5225761,35.41737,103.31816,103.42923,-1.45575,-1.50954,0.053797193,35.59391,31.46771,37.71659,-55.46687,1.022744,109.39502,104.59241,99.78981,2025-04-03,13:30
2025-04-03 13:45:00,103.29,103.36,102.725,102.73,4944907,32.65155,103.22538,103.28939,-1.42662,-1.49296,0.066336570,21.058222,28.18419,38.37526,-64.028347,0.99504814,108.50835,104.24641,99.98448,2025-04-03,13:45
2025-04-03 14:00:00,102.725,102.97,102.4327,102.455,6116596,31.37516,103.14817,103.12251,-1.40948,-1.47626,0.066779599,20.41283,25.68832,39.18166,-82.31528,0.96235185,107.23379,103.86391,100.49404,2025-04-03,14:00
2025-04-03 14:15:00,102.45,102.7,102.3,102.625,5995388,33.11576,103.014278,103.023009,-1.36643,-1.45430,0.087864284,28.21091,23.22732,40.018594,-103.68591,0.92218343,105.079213,103.47617,101.87312,2025-04-03,14:15
2025-04-03 14:30:00,102.63,103.2501,102.535,103.195,7057794,38.72750,102.96250,103.057407,-1.27166,-1.41777,0.14610837,47.35434,31.99269,39.73265,-51.85376,0.90739143,104.94870,103.41142,101.87413,2025-04-03,14:30
2025-04-03 14:45:00,103.1989,104.099998,103.040001,103.75,9598288,43.68226,103.025278,103.19593,-1.13865,-1.36195,0.22329975,76.71944,50.76156,38.097530,32.28381,0.91829187,104.68780,103.34442,102.0010321,2025-04-03,14:45
2025-04-03 15:00:00,103.74,103.98,103.275,103.565,7278217,42.45003,103.085267,103.26974,-1.036212,-1.29680,0.26058656,66.93121,63.66833,36.57921,45.0063152,0.90305687,104.44922,103.28167,102.11411,2025-04-03,15:00
2025-04-03 15:15:00,103.575,103.5799,102.62,102.6685,9751844,37.0026363,103.034112,103.14949,-1.015665,-1.24057,0.22490699,19.49735,54.38266,35.83402,-53.56076,0.90711709,103.98140,103.15759,102.33378,2025-04-03,15:15
2025-04-03 15:30:00,102.67,102.95,102.45,102.9068,10560027,39.23476,103.021534,103.10095,-0.96898300,-1.18625,0.21727131,32.10563,39.51140,35.30206,-87.15252,0.87803729,103.88913,103.11318,102.33723,2025-04-03,15:30
2025-04-03 15:45:00,102.9035,103.010002,101.6,101.82,16187134,33.41901,102.85726,102.84476,-1.0080624,-1.15062,0.14255356,8.80001,20.13433,35.52619,-193.20794,0.91603478,104.016573,103.065181,102.11379,2025-04-03,15:45
2025-04-04 09:30:00,98.9,100.1241,96.2101,96.58,72260603,18.88438,102.17392,101.59181,-1.44520,-1.20953,-0.23566547,4.68832,15.19799,37.88646,-533.73725,1.25131,105.74242,102.75643,99.77045,2025-04-04,09:30
2025-04-04 09:45:00,96.57,98.48,96.41,97.64,25692633,25.90474,101.63892,100.80145,-1.68666,-1.30496,-0.38169821,18.12318,10.53717,40.078149,-323.066675,1.30979,106.21263,102.48994,98.76724,2025-04-04,09:45
2025-04-04 10:00:00,97.645,97.86,95.31,95.823,21829728,22.33614,100.88314,99.80576,-2.0015558,-1.44428,-0.55727920,5.83618,9.54923,42.34636,-257.49396,1.39838,106.78445,102.10284,97.42122,2025-04-04,10:00
2025-04-04 10:15:00,95.79,96.26,94.56,94.605,24675810,20.31578,99.92870,98.76561,-2.32263,-1.61995,-0.70267884,0.47175885,8.14371,44.59507,-215.64749,1.41992,107.35112,101.67559,96.000061044,2025-04-04,10:15
2025-04-04 10:30:00,94.605,95.3,94.22,94.578,21063265,20.27201,98.90959,97.92809,-2.54986,-1.80593,-0.74393130,3.62350,3.31048,46.74563,-174.28413,1.39564,107.57715,101.21299,94.84883,2025-04-04,10:30
2025-04-04 10:45:00,94.57,94.72,92.11,94.18,33534890,19.60154,97.86681,97.17847,-2.73059,-1.99086,-0.73972471,17.26439,7.11988,49.072525,-158.92699,1.48238,107.68859,100.73894,93.78929,2025-04-04,10:45
2025-04-04 11:00:00,94.18,96.18,93.63,95.8,24619049,29.78161,97.10365,96.90278,-2.71183,-2.13505,-0.57677543,30.77567,17.22119,49.69913,-106.13306,1.55864,107.54146,100.36969,93.19792,2025-04-04,11:00
2025-04-04 11:15:00,95.7907,96.57,94.96,95.099998,20447109,28.12447,96.23622,96.54222,-2.72207,-2.25246,-0.46961424,24.93743,24.32583,49.90546,-86.66112,1.56231,107.38625,99.97344,92.56062,2025-04-04,11:15
2025-04-04 11:30:00,95.099998,95.65,94.019997,94.83,13473710,27.48913,95.45956,96.19978,-2.72061,-2.34609,-0.37452505,22.68559,26.13290,50.36654,-88.51397,1.56714,107.14537,99.55849,91.97161,2025-04-04,11:30
2025-04-04 11:45:00,94.82,95.85,94.43,94.6588,14086748,27.071507,95.24609,95.89158,-2.70212,-2.41730,-0.28482873,21.47259,23.031872,50.59469,-77.057880,1.55663,106.83891,99.14043,91.44195,2025-04-04,11:45
2025-04-04 12:00:00,94.66,95.74,94.62,95.34,9353374,31.52881,94.99053,95.78126,-2.60251,-2.45434,-0.14816712,28.16062,24.10627,50.80655,-65.93838,1.52544,106.36248,98.74251,91.12253,2025-04-04,12:00
2025-04-04 12:15:00,95.345,95.49,93.63,93.8299,14035795,27.51417,94.76908,95.39099,-2.61526,-2.48652,-0.12873803,15.77892,21.80404,51.31248,-76.12846,1.54934,105.97335,98.29750,90.62166,2025-04-04,12:15
2025-04-04 12:30:00,93.83,94.44,93.24,93.945,12110952,28.26393,94.69574,95.10179,-2.58627,-2.50647,-0.079797218,16.83485,20.25813,51.89669,-78.71063,1.52439,105.52225,97.87200,90.22175,2025-04-04,12:30
2025-04-04 12:45:00,93.945,94.48,93.75,94.087601,8549927,29.24048,94.64126,94.89895,-2.52271,-2.50972,-0.012987473,24.67651,19.096760,52.39151,-70.13348,1.46765,104.93803,97.44513,89.95223,2025-04-04,12:45
2025-04-04 13:00:00,94.080002,94.58,93.68,93.78,9147638,28.34414,94.59681,94.67516,-2.46870,-2.50151,0.032818595,26.21660,22.57599,52.72461,-67.72209,1.42710,104.13899,96.97438,89.80978,2025-04-04,13:00
2025-04-04 13:15:00,93.78,94.54,93.3901,94.1001,12542515,30.72400,94.40793,94.56015,-2.37271,-2.47575,0.10304234,34.61038,28.50117,53.13701,-65.026364,1.40730,103.039469,96.49189,89.94430,2025-04-04,13:15
2025-04-04 13:30:00,94.11,94.89,93.665,94.52,9776349,33.82866,94.34349,94.55212,-2.23697,-2.42800,0.19102351,54.035797,38.28759,53.045952,-53.94001,1.39428,101.76891,96.039635,90.31036,2025-04-04,13:30
2025-04-04 13:45:00,94.505,95.74,94.48,95.73,10624030,41.90800,94.44349,94.78770,-2.0086100,-2.34412,0.33551003,81.16600,56.60406,51.89082,-17.85649,1.38469,100.54801,95.69271,90.83741,2025-04-04,13:45
2025-04-04 14:00:00,95.73,96.1299,94.43,94.5166,12422047,37.025836,94.42769,94.73348,-1.90360,-2.25602,0.35241782,53.95967,63.053823,50.36370,-20.35706,1.40720,98.84224,95.27320,91.70416,2025-04-04,14:00
2025-04-04 14:15:00,94.51,94.54,93.81,94.010002,10504451,35.18298,94.27991,94.58878,-1.84004,-2.17282,0.33277864,23.12324,52.74964,49.31167,-73.22959,1.35883,96.85123,94.88270,92.91417,2025-04-04,14:15
2025-04-04 14:30:00,94.025002,94.29,93.465,93.515,11477846,33.43201,94.24492,94.37403,-1.80877,-2.10001,0.29124365,8.25830,28.44707,48.52934,-98.21921,1.32070,96.62130,94.72945,92.83760,2025-04-04,14:30
2025-04-04 14:45:00,93.515,94.49,93.2649,93.93,11874335,36.29453,94.24326,94.28522,-1.73054,-2.026117,0.29557263,23.87634,18.41929,47.91627,-79.48116,1.31387,95.91327,94.54395,93.17463,2025-04-04,14:45
2025-04-04 15:00:00,93.93,95.19,93.6988,95.105,13689811,43.67912,94.35630,94.44918,-1.55581,-1.93205,0.37624922,64.53529,32.22331,46.46296,16.036140,1.32654,95.77519,94.50805,93.24091,2025-04-04,15:00
2025-04-04 15:15:00,95.105,95.56,94.1988,95.165,17034996,44.035850,94.51019,94.59234,-1.39639,-1.82492,0.42853521,66.61140,51.67434,44.67672,57.29535,1.32901,95.83487,94.53605,93.23723,2025-04-04,15:15
2025-04-04 15:30:00,95.17,96.38,94.92,96.0,17369845,48.88795,94.72129,94.87387,-1.18896,-1.69773,0.50876768,87.89817,73.014956,42.12756,138.18603,1.33837,96.054562,94.60715,93.15974,2025-04-04,15:30
2025-04-04 15:45:00,95.995,96.32,94.21,94.32,31123995,41.15642,94.69907,94.76310,-1.14692,-1.58757,0.44064957,34.39497,62.96818,40.32836,37.58427,1.39349,96.054569,94.61415,93.17373,2025-04-04,15:45
2025-04-07 09:30:00,87.53,88.99,86.63,87.5119,102347462,24.35026,93.78595,93.31286,-1.64400,-1.59885,-0.045148482,9.045175,43.77944,41.63056,-503.21975,1.84324,97.54564,94.19975,90.85385,2025-04-07,09:30
2025-04-07 09:45:00,87.49,94.3,87.15,93.8905,44175755,46.42435,93.71638,93.42839,-1.50589,-1.58026,0.074373332,74.46672,39.30229,39.73286,-160.85925,2.22229,97.46153,94.13927,90.81701,2025-04-07,09:45
2025-04-07 10:00:00,93.9,101.46,92.58,99.21,45887245,57.54913,94.29416,94.58471,-0.95616866,-1.45544,0.49927327,84.82805,56.11332,38.16018,217.18568,2.69784,98.34482,94.35827,90.37172,2025-04-07,10:00
2025-04-07 10:15:00,99.209,101.74,93.0,93.61,48885634,46.58299,94.30471,94.38977,-0.96130474,-1.35661,0.39530975,46.19459,68.49646,36.76951,107.79162,3.12943,98.30277,94.30583,90.30889,2025-04-07,10:15
2025-04-07 10:30:00,93.5,96.07,92.019997,94.375,30461826,48.039610,94.35416,94.38681,-0.89334811,-1.26396,0.37061311,51.25746,60.76004,35.11555,-4.77096,3.19518,98.22662,94.25758,90.28854,2025-04-07,10:30
2025-04-07 10:45:00,94.42,97.7264,93.7109,96.94,24386543,52.69723,94.55805,94.89745,-0.62530954,-1.13623,0.51092134,68.23299,55.22835,34.025436,101.70485,3.25378,98.54335,94.41309,90.28283,2025-04-07,10:45
2025-04-07 11:00:00,96.91,98.28,94.26,94.71,24204991,48.61702,94.50749,94.85996,-0.58607379,-1.026199,0.44012567,53.47453,57.65499,33.15825,72.42450,3.30851,98.57771,94.45134,90.32496,2025-04-07,11:00
2025-04-07 11:15:00,94.7001,95.49,93.64,93.88,20975798,47.15361,94.27193,94.66397,-0.61486559,-0.94393269,0.32906709,47.98147,56.56300,32.094813,-5.055276,3.20433,98.57198,94.44096,90.30993,2025-04-07,11:15
2025-04-07 11:30:00,93.86,97.31,93.86,97.019997,15626648,52.92647,94.57193,95.13517,-0.37993198,-0.83113255,0.45120057,68.76240,56.73947,31.60773,80.67915,3.22187,98.86949,94.60296,90.33642,2025-04-07,11:30
2025-04-07 11:45:00,97.040001,97.57,95.72,95.7676,13324261,50.55438,95.48923,95.26166,-0.29144368,-0.72319477,0.43175110,60.47388,59.072583,31.22490,86.88775,3.12388,98.97541,94.68633,90.39725,2025-04-07,11:45
2025-04-07 12:00:00,95.75,96.029999,94.56,95.45,10489633,49.94307,95.66251,95.29933,-0.24412988,-0.62738179,0.38325192,58.37193,62.53607,30.33869,32.85743,3.0057487,99.033842,94.73283,90.43182,2025-04-07,12:00
2025-04-07 12:15:00,95.43,96.26,94.71,95.87,12845712,50.79050,95.29140,95.41346,-0.17077382,-0.53606020,0.36528638,61.15159,59.99913,29.58774,45.20363,2.90177,99.047761,94.73983,90.43190,2025-04-07,12:15
2025-04-07 12:30:00,95.86,96.785,95.36,95.73,9093846,50.48370,95.52696,95.47677,-0.12252302,-0.45335276,0.33082974,60.22505,59.91619,29.059981,58.53404,2.79628,99.12828,94.80050,90.47272,2025-04-07,12:30
2025-04-07 12:45:00,95.68,96.0,94.812,95.16,8586406,49.18114,95.61418,95.41342,-0.12879348,-0.38844091,0.25964743,56.45272,59.27645,28.28879,25.027028,2.68141,99.17278,94.85800,90.54322,2025-04-07,12:45
2025-04-07 13:00:00,95.16,97.72,95.019997,96.85,13543458,53.049140,95.60418,95.70073,0.0025759006,-0.31023754,0.31281345,66.48389,61.053888,28.14588,79.29179,2.68273,99.37664,95.024751,90.67286,2025-04-07,13:00
2025-04-07 13:15:00,96.85,98.32,96.4132,98.2329,13358610,56.00036180,95.99561,96.20717,0.21578841,-0.20503235,0.42082076,63.91878,62.28513,28.20046,124.35221,2.62731,99.77559,95.23990,90.70420,2025-04-07,13:15
2025-04-07 13:30:00,98.21,98.99,97.175,98.76,13096391,57.10706,96.53783,96.71773,0.42242395,-0.079541094,0.50196504,69.34161,66.58143,28.45944,141.21800,2.56929,100.20946,95.42265,90.63583,2025-04-07,13:30
2025-04-07 13:45:00,98.75,99.5,98.0,99.4,14869565,58.47285,96.80228,97.25419,0.63055802,0.062478729,0.56807929,98.66312,77.30784,28.85834,151.88849,2.49291,100.72211,95.63440,90.54668,2025-04-07,13:45
2025-04-07 14:00:00,99.42,99.69,97.8702,98.37,13671281,55.41466,97.091435,97.47735,0.70427504,0.19083799,0.51343705,78.18183,82.062189,29.28945,122.60207,2.44483,100.97770,95.75290,90.52809,2025-04-07,14:00
2025-04-07 14:15:00,98.38,99.63,97.31,97.41,12517548,52.65069,97.30921,97.46388,0.67742349,0.28815509,0.38926840,62.31409,79.71968,29.31108,91.68907,2.43591,101.13633,95.90740,90.67847,2025-04-07,14:15
2025-04-07 14:30:00,97.4307,99.029999,97.38,98.36,10181149,55.040514,97.58588,97.64311,0.72444925,0.37541392,0.34903533,78.016510,72.83748,29.33116,94.71824,2.37978,100.092750,96.44980,92.80685,2025-04-07,14:30
2025-04-07 14:45:00,98.365,98.88,96.84,97.18,9910064,51.55950,97.74699,97.55048,0.65890589,0.43211232,0.22679357,56.94680,65.75913,28.96020,54.039467,2.35551,100.072528,96.61428,93.15602,2025-04-07,14:45
2025-04-07 15:00:00,97.18,98.24,96.48,96.82,9978524,50.50994,97.93143,97.40439,0.57132736,0.45995532,0.11137203,44.054581,59.67263,28.35567,31.57985,2.31297,99.74490,96.49478,93.24465,2025-04-07,15:00
2025-04-07 15:15:00,96.81,97.86,96.42,96.65,11175150,49.99243,97.90921,97.25351,0.48263974,0.46449221,0.018147530,40.74078,47.24739,27.74924,17.69575,2.25062,99.61516,96.64678,93.67839,2025-04-07,15:15
2025-04-07 15:30:00,96.67,98.37,96.65,97.044998,12993977,51.24247,97.77722,97.21181,0.43916467,0.45942670,-0.020262030,46.88750,43.89429,27.44797,32.60047,2.21272,99.56228,96.78028,93.99827,2025-04-07,15:30
2025-04-07 15:45:00,97.044998,97.8282,96.27,97.71,19370676,53.35642,97.66056,97.31145,0.45314679,0.45817072,-0.0050239293,59.40958,49.012618,26.85580,24.23554,2.16596,99.62972,96.81878,94.0078340,2025-04-07,15:45
2025-04-08 09:30:00,103.805,104.87,102.59,103.99,65381357,67.62967,98.17056,98.64716,0.95990594,0.55851776,0.40138818,91.25070,65.84926,28.69679,330.23128,2.52268,101.33692,97.28278,93.22863,2025-04-08,09:30
2025-04-08 09:45:00,103.985,105.099998,103.93,104.57,26837571,68.58579,98.85944,99.83173,1.39227,0.72526787,0.66700044,94.74208,81.80078,30.45485,279.42258,2.42606,102.67508,97.81728,92.95947,2025-04-08,09:45
2025-04-08 10:00:00,104.55,105.59,104.13,105.22,22219348,69.66709,99.72722,100.90938,1.76700,0.93361418,0.83338525,96.030095,94.0076248,32.19367,226.68702,2.35706,104.037511,98.22728,92.41704,2025-04-08,10:00
2025-04-08 10:15:00,105.2,105.85,104.71,104.73,17417496,67.77324,100.43500,101.67350,2.0013673,1.14716,0.85420249,88.30903,93.027067,33.86606,178.27180,2.27012,105.015954,98.67540,92.33484,2025-04-08,10:15
2025-04-08 10:30:00,104.72,105.23,104.019997,104.079903,15633400,65.23930,101.20166,102.15478,2.11032,1.33980,0.77052523,81.52301,88.62071,34.87825,130.13077,2.19440,105.68101,99.10689,92.53277,2025-04-08,10:30
2025-04-08 10:45:00,104.080002,104.59,103.28,103.32,16121771,62.30681,101.92388,102.38783,2.11102,1.49404,0.61697585,73.59083,81.14096,35.25558,95.14514,2.13123,106.12157,99.47939,92.83721,2025-04-08,10:45
2025-04-08 11:00:00,103.32,104.25,102.63,102.865,14605396,60.55174,102.61443,102.48326,2.051207,1.60547,0.44573314,68.84134,74.65173,35.12628,73.055661,2.094714,106.40047,99.83614,93.27182,2025-04-08,11:00
2025-04-08 11:15:00,102.87,103.12,102.019997,102.059998,15844018,57.46750,103.17166,102.39861,1.91676,1.66773,0.24902543,60.43841,67.62353,34.56595,47.31899,2.023663,106.44454,100.18114,93.91774,2025-04-08,11:15
2025-04-08 11:30:00,102.059998,103.535,102.010002,103.33,14115064,60.85509,103.79610,102.58489,1.89088,1.71236,0.17852286,73.69524,67.65833,34.21567,52.88561,1.98804,106.71594,100.50514,94.29434,2025-04-08,11:30
2025-04-08 11:45:00,103.325,104.3657,101.3623,102.675,15135259,58.27706,103.64999,102.60291,1.79681,1.72925,0.067562992,66.85809,66.99725,34.22154,44.18802,2.060570,106.91479,100.72725,94.53970,2025-04-08,11:45
2025-04-08 12:00:00,102.68,102.72,101.86,102.095001,11906566,56.014177,103.37499,102.50133,1.65637,1.71467,-0.058305881,60.80379,67.11904,34.22699,27.54469,1.97482,107.040103,100.89400,94.74789,2025-04-08,12:00
2025-04-08 12:15:00,102.099998,102.21,100.95,101.585,12180528,54.027590,102.97110,102.31806,1.48677,1.66909,-0.18232107,55.48018,61.047356,33.49086,10.033207,1.92376,107.11684,101.0032455,94.88966,2025-04-08,12:15
2025-04-08 12:30:00,101.58,101.82,99.38,99.75,18098333,47.50002,102.41777,101.80445,1.19057,1.57339,-0.38281598,36.32571,50.86989,31.69612,-23.061860,1.96063,107.095888,101.072245,95.048603,2025-04-08,12:30
2025-04-08 12:45:00,99.745,100.9025,99.53,99.62,13161348,47.066179,101.92222,101.36756,0.93457184,1.44563,-0.51105489,3.70951,31.83847,30.029567,-34.30130,1.91862,107.011538,101.18275,95.35395,2025-04-08,12:45
2025-04-08 13:00:00,99.62,100.38,98.9,99.4379,11703051,46.42648,101.49088,100.98163,0.70882261,1.29827,-0.58944329,7.73950,15.92491,28.054808,-49.041902,1.88729,106.97933,101.23664,95.49395,2025-04-08,13:00
2025-04-08 13:15:00,99.44,100.24,98.7,98.78,11500817,44.094784,101.036989,100.54130,0.47139392,1.13289,-0.66149758,1.11891,4.18931,26.085650,-62.50045,1.86249,106.87260,101.31664,95.76068,2025-04-08,13:15
2025-04-08 13:30:00,98.755,101.0,98.58,100.58,12776942,51.30127,100.87255,100.54904,0.42359227,0.99103166,-0.56743939,27.51033,12.12291,24.75796,-47.17061,1.90231,106.68073,101.50464,96.32855,2025-04-08,13:30
2025-04-08 13:45:00,100.615,100.66,99.7301,100.3398,9549739,50.36819,100.54030,100.50719,0.36215201,0.86525573,-0.50310372,26.46309,18.36411,23.52510,-50.43893,1.83285,106.40226,101.68913,96.97600,2025-04-08,13:45
2025-04-08 14:00:00,100.33,100.38,99.29,99.49,7783263,47.10404,100.18641,100.30375,0.24209765,0.74062411,-0.49852647,15.14138,23.038267,22.033386,-76.13656,1.77979,106.14814,101.81138,97.47462,2025-04-08,14:00
2025-04-08 14:15:00,99.485,100.27,99.33,99.4299,7776588,46.87269,99.89029,100.12898,0.14048497,0.62059628,-0.48011132,14.68966,18.76471,20.64823,-87.88377,1.71980,105.96529,101.89738,97.82946,2025-04-08,14:15
2025-04-08 14:30:00,99.4283,101.0,98.48,98.485,12295426,43.27403,99.54584,99.80019,-0.016103752,0.49325628,-0.50936003,0.084905049,9.97198,19.65846,-90.39636,1.77696,105.82901,101.62213,97.41524,2025-04-08,14:30
2025-04-08 14:45:00,98.485,99.27,98.3,98.455,9331200,43.16073,99.40196,99.53115,-0.14099677,0.36640567,-0.50740244,2.55533,5.77663,18.87607,-103.38483,1.71932,105.51067,101.31638,97.12208,2025-04-08,14:45
2025-04-08 15:00:00,98.46,98.66,96.010002,96.040001,17261478,35.17645,99.0041775,98.83292,-0.42989027,0.20714648,-0.63703675,0.35902184,0.99975346,19.58102,-151.77214,1.78580,105.24711,100.85738,96.46764,2025-04-08,15:00
2025-04-08 15:15:00,96.044998,96.75,95.27,96.32,16295812,36.63993,98.65774,98.33034,-0.62899621,0.039917943,-0.66891415,14.093992,5.66945,20.59683,-167.62162,1.76395,104.87315,100.43688,96.00059535,2025-04-08,15:15
2025-04-08 15:30:00,96.31,96.34,94.77,94.91,15941981,32.64330,98.22775,97.64627,-0.89030116,-0.14612588,-0.74417528,1.88181,5.44494,21.77227,-183.90958,1.75010,104.70010,99.97838,95.25666,2025-04-08,15:30
2025-04-08 15:45:00,94.905,96.75,94.46,96.71,28378344,41.42695,97.79774,97.45902,-0.94129200,-0.30515910,-0.63613290,30.57065,15.51549,22.45688,-145.22070,1.78867,104.31274,99.64788,94.98302,2025-04-08,15:45
2025-04-09 09:30:00,98.88,100.3863,97.5301,98.72,57609071,49.36724,97.61777,97.71121,-0.81017307,-0.40616190,-0.40401117,65.13764,32.53003,21.27922,-29.36364,1.92350,103.87812,99.44063,95.0031412,2025-04-09,09:30
2025-04-09 09:45:00,98.705,100.4399,98.48,99.795,18784632,53.034268,97.65166,98.12797,-0.61245707,-0.44742093,-0.16503614,81.57490,59.094395,20.21585,4.92418,1.92610,103.60440,99.32738,95.050360,2025-04-09,09:45
2025-04-09 10:00:00,100.605,101.18,98.99,99.14,19347060,50.62828,97.61944,98.33038,-0.50282242,-0.45850123,-0.044321194,69.64285,72.11846,19.64695,22.43426,1.94495,102.98054,99.11788,95.25522,2025-04-09,10:00
2025-04-09 10:15:00,99.11,100.58,99.065002,99.9794,14380336,53.53735,97.78549,98.66018,-0.34423538,-0.43564806,0.091412680,82.13394,77.78389,19.11869,36.88894,1.91424,102.51373,98.98310,95.45247,2025-04-09,10:15
2025-04-09 10:30:00,99.97,100.87,99.64,100.11,12457583,53.99158,97.96938,98.95014,-0.20564513,-0.38964747,0.18400234,84.077388,78.61806,18.80152,61.89503,1.86536,102.16152,98.88385,95.60618,2025-04-09,10:30
2025-04-09 10:45:00,100.11,100.6,97.84,97.86,15951987,45.70208,98.17160,98.73212,-0.27420667,-0.36655931,0.092352643,50.59525,72.26886,17.68822,-8.24532,1.92927,101.75616,98.69760,95.63904,2025-04-09,10:45
2025-04-09 11:00:00,97.875,99.31,97.74,99.040001,11876241,50.034739,98.47382,98.79369,-0.23066703,-0.33938086,0.10871382,68.15478,67.60914,16.71839,-7.87869,1.90360,101.68727,98.66210,95.63693,2025-04-09,11:00
2025-04-09 11:15:00,99.044998,99.85,99.029999,99.1688,8870751,50.49904,98.94702,98.86871,-0.18365150,-0.30823499,0.12458348,70.071435,62.94049,15.61017,33.12736,1.82620,101.64245,98.63954,95.63663,2025-04-09,11:15
2025-04-09 11:30:00,99.17,99.59,98.0,98.080002,8983938,46.56022,99.099245,98.71097,-0.23157880,-0.29290375,0.061324949,53.86908,64.031763,15.095186,-11.54335,1.80933,101.56065,98.57165,95.58264,2025-04-09,11:30
2025-04-09 11:45:00,98.080002,99.14,98.070702,98.57,8667249,48.50676,99.082578,98.68278,-0.22740145,-0.27980329,0.052401837,61.16071,61.70041,14.61698,-7.40699,1.75647,101.54863,98.56115,95.57366,2025-04-09,11:45
2025-04-09 12:00:00,98.57,99.63,98.12,99.59,8920902,52.39409,99.059800,98.86422,-0.14016988,-0.25187661,0.11170673,76.33923,63.78967,13.78771,28.26006,1.73887,101.39466,98.51165,95.62863,2025-04-09,12:00
2025-04-09 12:15:00,99.59,99.71,99.029999,99.44,7091978,51.77510,99.093134,98.97938,-0.082194001,-0.21794009,0.13574608,74.10718,70.53571,12.95387,49.90009,1.66323,101.26087,98.46666,95.67244,2025-04-09,12:15
2025-04-09 12:30:00,99.44,100.68,99.15,100.255,9516933,54.89331,99.12376,99.23450,0.029179210,-0.16851623,0.19769544,86.23508,78.89383,12.61950,89.32179,1.65372,101.37405,98.50491,95.63576,2025-04-09,12:30
2025-04-09 12:45:00,100.25,101.3,99.7,100.6692,17106405,56.43505,99.18589,99.52144,0.14914648,-0.10498369,0.25413016,83.26732,81.20319,12.73773,117.37613,1.64988,101.56392,98.56687,95.56982,2025-04-09,12:45
2025-04-09 13:00:00,100.66,102.24,100.59,101.61,16684816,59.79637,99.60256,99.93915,0.31648811,-0.020689327,0.33717743,86.000061035,85.16749,13.43856,155.68510,1.64989,101.99962,98.72312,95.44662,2025-04-09,13:00
2025-04-09 13:15:00,101.61,109.85,100.28,106.47,43111059,71.87051,100.42811,101.24532,0.83168188,0.14978491,0.68189696,72.089207,80.45220,16.61744,295.92772,2.21561,103.82297,99.12387,94.42477,2025-04-09,13:15
2025-04-09 13:30:00,106.47,110.42,101.57,107.19,35749872,73.15671,101.31936,102.43426,1.28328,0.37648430,0.90679755,74.52685,77.53871,19.67604,266.55132,2.68950,105.33369,99.68137,94.029048,2025-04-09,13:30
2025-04-09 13:45:00,107.2,110.18,107.050003,110.1284,25894544,77.64846,102.65807,103.97309,1.85688,0.67256294,1.18431,97.70035,81.43880,22.51618,271.14259,2.72096,107.41525,100.37179,93.32833,2025-04-09,13:45
2025-04-09 14:00:00,110.125,111.6,109.566,111.055,28634274,78.85031,104.045289,105.38947,2.35903,1.0098566,1.34917,96.067834,89.43168,25.42332,230.23751,2.67189,109.17052,101.17904,93.18756,2025-04-09,14:00
2025-04-09 14:15:00,111.059998,112.99,110.43,112.029999,24655485,80.064973,105.42751,106.71758,2.80335,1.36856,1.43480,93.70492,95.82437,28.35774,193.17190,2.66390,110.94898,101.94504,92.94110,2025-04-09,14:15
2025-04-09 14:30:00,112.029999,112.76,110.54,110.83,21254396,74.40136,106.69307,107.54006,3.023791,1.69960,1.32419,85.59042,91.78773,31.082554,147.72727,2.63219,112.21039,102.55054,92.89069,2025-04-09,14:30
2025-04-09 14:45:00,110.84,112.34,110.099998,111.059998,18852780,74.76974,107.89362,108.24405,3.18039,1.99576,1.18463,87.12475,88.80670,33.23474,120.70021,2.60418,113.36110,103.11379,92.86648,2025-04-09,14:45
2025-04-09 15:00:00,111.080002,112.49,110.38,112.49,16810587,76.98717,109.20704,109.093238,3.38091,2.27279,1.10812,96.64864,89.78793,35.26516,111.20600,2.56888,114.62793,103.78129,92.93465,2025-04-09,15:00
2025-04-09 15:15:00,112.49,113.3,111.83,112.79,22450246,77.43523,110.44927,109.83259,3.52342,2.52292,1.00050098,96.64030,93.47123,37.32269,106.98883,2.49039,115.79499,104.42182,93.048655,2025-04-09,15:15
2025-04-09 15:30:00,112.7976,114.4358,112.775,114.16,24092685,79.40704,111.30371,110.69807,3.70420,2.75917,0.94502900,98.20980,97.16625,39.45573,107.38369,2.43113,117.066805,105.12432,93.18184,2025-04-09,15:30
2025-04-09 15:45:00,114.16,115.099998,113.4,114.25,45796395,79.53356,112.088156,111.40846,3.81081,2.96950,0.84130876,94.67085,96.50698,41.55775,101.75969,2.37891,118.028445,105.94382,93.85920,2025-04-09,15:45
2025-04-10 09:30:00,109.32,110.029999,108.33,108.9,48784053,57.081595,111.95167,110.90677,3.42412,3.060424,0.36369936,59.74028,84.20698,39.90851,35.46219,2.63184,118.15353,106.43682,94.72011,2025-04-10,09:30
2025-04-10 09:45:00,108.89,109.6,107.42,107.47,20211983,52.79179,111.55333,110.21941,2.96807,3.041954,-0.073883264,48.51554,67.64223,37.91543,19.60543,2.59957,118.087573,106.85188,95.61619,2025-04-10,09:45
2025-04-10 10:00:00,107.48,108.3891,106.94,107.8993,19600254,53.91159,111.094367,109.75539,2.61119,2.95580,-0.34461458,51.41229,53.22270,35.82424,8.75393,2.51739,117.83603,107.34285,96.84966,2025-04-10,10:00
2025-04-10 10:15:00,107.895,109.76,107.85,109.080002,15304493,56.93706,110.89992,109.62031,2.39600,2.84384,-0.44783627,55.50630,51.81138,34.43469,20.17230,2.47401,117.57470,107.86835,98.16200,2025-04-10,10:15
2025-04-10 10:30:00,109.050003,110.86,109.050003,109.93,16681401,59.022554,110.77437,109.68225,2.26792,2.72866,-0.46073914,36.64215,47.85358,33.55144,32.18790,2.42658,117.34570,108.38535,99.42499,2025-04-10,10:30
2025-04-10 10:45:00,109.94,110.07,108.92,109.415,12151423,57.21461,110.43270,109.62880,2.10064,2.60305,-0.50241640,30.33088,40.82644,32.65632,16.54393,2.33539,116.85286,108.88410,100.91533,2025-04-10,10:45
2025-04-10 11:00:00,109.41,109.955,108.65,109.1011,10703544,56.086885,110.022823,109.52326,1.92060,2.46656,-0.54596554,26.48402,31.15235,31.66202,1.98678,2.26179,116.24274,109.32640,102.41006,2025-04-10,11:00
2025-04-10 11:15:00,109.105,109.1083,107.89,107.895,9882803,51.85748,109.32671,109.19761,1.66144,2.30554,-0.64409856,11.70337,22.83942,30.27989,-38.55170,2.18726,115.40905,109.68769,103.96633,2025-04-10,11:15
2025-04-10 11:30:00,107.8913,108.268,107.63,107.73,10328462,51.28771,108.60227,108.90409,1.42630,2.12969,-0.70339034,9.68139,15.95626,28.83969,-70.89361,2.076598,114.47433,109.99369,105.51305,2025-04-10,11:30
2025-04-10 11:45:00,107.7225,108.049103,105.59,105.965,18842321,45.52530,108.27616,108.31627,1.085020,1.92075,-0.83573498,3.94322,8.44266,27.17184,-123.42380,2.10392,114.53313,109.96844,105.40375,2025-04-10,11:45
2025-04-10 12:00:00,105.9687,106.44,105.010002,105.31,15540908,43.56895,108.036155,107.71501,0.75302085,1.68721,-0.93418708,2.97320,5.53260,25.90388,-153.50185,2.055783,114.73215,109.87444,105.016733,2025-04-10,12:00
2025-04-10 12:15:00,105.29,105.48,103.010002,104.050003,19645409,40.0073325,107.60846,106.98201,0.38381396,1.42653,-1.042715,8.60216,5.17286,25.59208,-174.21599,2.085370,115.047724,109.57052,104.093316,2025-04-10,12:15
2025-04-10 12:30:00,104.029999,106.29,103.94,105.97,15280913,47.10335,107.26290,106.77961,0.24333761,1.18989,-0.94655322,24.48304,12.019467,24.82392,-120.15587,2.10427,114.96368,109.31627,103.66886,2025-04-10,12:30
2025-04-10 12:45:00,105.965,107.14,105.464,107.017998,12922695,50.54207,106.93934,106.82729,0.21410557,0.99473378,-0.78062821,51.057279,28.047494,23.62951,-78.30128,2.073681,114.65365,109.065670,103.47769,2025-04-10,12:45
2025-04-10 13:00:00,107.0,108.37,105.060097,105.35,13503166,45.47495,106.48768,106.53183,0.055703253,0.80692767,-0.75122442,29.80888,35.11640,22.0096253,-78.81915,2.16198,114.54179,108.79167,103.041547,2025-04-10,13:00
2025-04-10 13:15:00,105.34,106.71,104.7,106.47,11250504,49.16062,106.19533,106.51946,0.020309029,0.64960394,-0.62929492,44.076430,41.64753,20.55507,-79.96203,2.15113,114.29821,108.56217,102.82613,2025-04-10,13:15
2025-04-10 13:30:00,106.45,107.46,106.050003,107.23,10120954,51.55372,106.12144,106.66157,0.052974020,0.53027796,-0.47730394,53.75799,42.54776,19.36537,-46.10664,2.098189,113.76679,108.29917,102.83155,2025-04-10,13:30
2025-04-10 13:45:00,107.24,107.88,106.64,107.475,9984933,52.33267,106.093111,106.82426,0.097506327,0.44372363,-0.34621731,56.87895,51.57112,18.47928,-26.74878,2.036890,113.10439,108.033420,102.96245,2025-04-10,13:45
2025-04-10 14:00:00,107.44,108.315,106.41,106.45,11957290,48.79759,106.14700,106.74941,0.049518625,0.36488263,-0.31536401,48.72516,53.12070,17.88448,-28.98098,2.027469,111.90406,107.64792,103.39178,2025-04-10,14:00
2025-04-10 14:15:00,106.44,108.57,106.12,108.444,11284628,55.14533,106.49522,107.088324,0.17042290,0.32599068,-0.15556779,78.24332,61.28247,17.14303,16.31918,2.057650,110.38861,107.35762,104.32663,2025-04-10,14:15
2025-04-10 14:30:00,108.45,108.9387,107.9,108.7828,10584982,56.14027,107.021088,107.42722,0.29023299,0.31883915,-0.028606157,94.66244,73.87697,16.66507,64.046970,1.98487,110.37123,107.35176,104.33229,2025-04-10,14:30
2025-04-10 14:45:00,108.78,108.82,107.45,108.029999,9830712,53.31067,107.24998,107.54778,0.32074137,0.31921959,0.0015217830,84.67287,85.85954,15.90409,39.96983,1.94095,110.41345,107.37976,104.34607,2025-04-10,14:45
2025-04-10 15:00:00,108.029999,108.75,106.77,107.255,11003418,50.48932,107.27631,107.48922,0.27916530,0.31120873,-0.032043433,71.60083,83.64538,14.80365,12.28396,1.94374,110.37215,107.34754,104.32294,2025-04-10,15:00
2025-04-10 15:15:00,107.25,108.11,106.41,106.44,11469012,47.63436,107.39742,107.27938,0.17839625,0.28464624,-0.10624999,57.85421,71.37597,14.022200,-17.0094194,1.92633,110.15544,107.21554,104.27565,2025-04-10,15:15
2025-04-10 15:30:00,106.44,107.7399,105.5502,105.78,14960438,45.39568,107.32076,106.97950,0.044763270,0.23666964,-0.19190637,46.72186,58.72563,13.84615,-47.95599,1.94514,109.73004,107.0080444,104.28605,2025-04-10,15:30
2025-04-10 15:45:00,105.76,108.059998,105.5,107.7,24243708,52.40354,107.37298,107.12360,0.092717190,0.20787915,-0.11516196,75.21952,59.93186,13.43493,8.035845,1.98906,109.43565,106.92229,104.40894,2025-04-10,15:45
2025-04-11 09:30:00,108.59,110.34,107.9,109.77,33323286,58.57607,107.62798,107.65288,0.29435950,0.22517522,0.069184278,89.89362,70.61166,13.38419,172.27722,2.035554,109.59864,106.95574,104.31284,2025-04-11,09:30
2025-04-11 09:45:00,110.000099182,110.69,109.36,110.35,17341636,60.13603,108.061310,108.19230,0.49525479,0.27919114,0.21606366,94.32381,86.47898,13.52941,203.13461,1.98516,110.087209,107.078489,104.069770,2025-04-11,09:45
2025-04-11 10:00:00,110.29,110.6,108.72,109.8,16140043,57.90902,108.21198,108.51384,0.60313319,0.34397955,0.25915364,85.14193,89.78645,13.19209,152.25487,1.97765,110.40782,107.18199,103.95616,2025-04-11,10:00
2025-04-11 10:15:00,109.77,110.3299,107.56,107.7,15104182,50.25617,108.091665,108.35107,0.51325812,0.37783526,0.13542286,42.38913,73.95162,12.40223,72.71871,2.034236,110.45203,107.26874,104.085451,2025-04-11,10:15
2025-04-11 10:30:00,107.71,109.67,107.48,109.61,12589524,55.95716,108.26722,108.60286,0.58935906,0.42014002,0.16921904,79.19073,68.90726,11.72061,84.91782,2.045362,110.68958,107.48374,104.27790,2025-04-11,10:30
2025-04-11 10:45:00,109.61,109.835,108.38,108.4599,9872443,52.086188,108.40110,108.57427,0.55052003,0.44621602,0.10430401,57.030800,59.53689,10.96866,75.12852,2.0031931,110.51766,107.70423,104.89080,2025-04-11,10:45
2025-04-11 11:00:00,108.44,109.67,107.86,108.12,11186914,50.96410,108.58777,108.48341,0.48670256,0.45431333,0.032389228,50.48172,62.23442,10.63820,46.99279,1.98939,110.51400,107.81173,105.10947,2025-04-11,11:00
2025-04-11 11:15:00,108.12,108.785,107.94,108.64,8225534,52.64487,108.90554,108.51473,0.47263786,0.45797824,0.014659623,60.50092,56.0044826,10.33134,35.76523,1.90765,110.59230,107.89283,105.19337,2025-04-11,11:15
2025-04-11 11:30:00,108.65,109.4,108.43,109.019997,8432774,53.88871,109.052210,108.61578,0.48654549,0.46369169,0.022853805,67.82264,59.60176,9.64709,62.75035,1.84068,110.54885,108.076334,105.60382,2025-04-11,11:30
2025-04-11 11:45:00,109.019997,109.5,108.75,109.46,8616175,55.35112,109.017766,108.78463,0.52699702,0.47635275,0.050644265,76.30052,68.20803,9.093565,76.74148,1.76277,110.65292,108.22583,105.79874,2025-04-11,11:45
2025-04-11 12:00:00,109.455,109.99,109.18,109.77,8013582,56.40026,108.95332,108.98170,0.57741330,0.49656486,0.080848434,82.27350,75.46555,8.98202,99.76081,1.69472,110.82362,108.35283,105.88204,2025-04-11,12:00
2025-04-11 12:15:00,109.78,109.89,109.080002,109.44,6091121,54.92084,108.91332,109.073361,0.58400870,0.51405363,0.069955067,75.91523,78.16309,8.78269,80.33791,1.63152,110.93069,108.45108,105.97148,2025-04-11,12:15
2025-04-11 12:30:00,109.47,111.059998,109.47,110.9801,12497654,60.17169,109.27778,109.45471,0.70537765,0.55231843,0.15305922,98.56304,85.58392,9.50714,147.50973,1.63070,111.21167,108.67759,106.14351,2025-04-11,12:30
2025-04-11 12:45:00,110.985,111.010002,110.39,110.435,7693779,57.61372,109.36944,109.65077,0.74894464,0.59164367,0.15730096,82.54187,85.67338,10.17984,138.36196,1.55851,111.42075,108.77714,106.13352,2025-04-11,12:45
2025-04-11 13:00:00,110.435,110.595,109.86,110.13,7503202,56.17475,109.55501,109.74661,0.75021283,0.62335750,0.12685532,74.022296,85.042402,10.23905,96.040607,1.49968,111.55311,108.84450,106.13589,2025-04-11,13:00
2025-04-11 13:15:00,110.13,110.39,109.43,109.74,8097902,54.30697,109.73501,109.74529,0.71154592,0.64099519,0.070550736,63.12844,73.23087,9.85821,65.50539,1.46113,111.63833,108.93000,106.22167,2025-04-11,13:15
2025-04-11 13:30:00,109.74,110.68,109.2901,110.5,8568175,57.28739,109.94168,109.89623,0.73376951,0.65955005,0.074219457,84.35758,73.83611,9.76531,79.99403,1.45605,111.76837,109.092249,106.41613,2025-04-11,13:30
2025-04-11 13:45:00,110.49,111.5499,110.040001,110.98,10940403,59.10185,110.15946,110.11299,0.78110997,0.68386204,0.097247934,85.99735,77.82779,10.39964,124.63470,1.45989,111.82151,109.31925,106.81698,2025-04-11,13:45
2025-04-11 14:00:00,110.97,111.099998,110.32,110.68,8418669,57.45894,110.29501,110.22639,0.78536667,0.70416296,0.081203707,76.42492,82.25995,10.98867,108.055628,1.41133,111.53562,109.56425,107.59288,2025-04-11,14:00
2025-04-11 14:15:00,110.675,110.82,109.71,110.35,8253459,55.62715,110.35946,110.25111,0.75342671,0.71401571,0.039410998,67.48153,76.63460,10.83785,65.88133,1.38981,111.49799,109.69675,107.89551,2025-04-11,14:15
2025-04-11 14:30:00,110.36,110.4599,109.87,110.33,5740735,55.51166,110.45834,110.26689,0.71822129,0.71485683,0.0033644643,66.20692,70.037787,10.69780,53.16035,1.33267,111.54696,109.72475,107.90254,2025-04-11,14:30
2025-04-11 14:45:00,110.34,110.52,109.58,109.735,6319279,52.049094,110.32000,110.16051,0.63498936,0.69888333,-0.063893977,41.82833,58.50559,10.23004,26.66342,1.30462,111.49359,109.69400,107.89441,2025-04-11,14:45
2025-04-11 15:00:00,109.735,110.52,109.72,110.42,6744701,55.49114,110.31833,110.21241,0.61718649,0.68254396,-0.065357479,59.64500,55.89342,9.79569,50.40349,1.26858,111.55197,109.72500,107.89803,2025-04-11,15:00
2025-04-11 15:15:00,110.42,110.46,110.040001,110.11,6048715,53.61544,110.31611,110.19193,0.57147575,0.66033032,-0.088854569,41.70214,47.72516,9.39236,43.80201,1.20796,111.42324,109.84550,108.26776,2025-04-11,15:15
2025-04-11 15:30:00,110.105,110.56,109.83,110.52,8645212,55.74602,110.40278,110.25754,0.56185619,0.64063550,-0.078779304,58.30188,53.21634,8.73671,50.15940,1.17382,111.49128,109.89100,108.29072,2025-04-11,15:30
2025-04-11 15:45:00,110.515,111.0,110.059998,110.69,20983174,56.63549,110.42389,110.34403,0.56147830,0.62480406,-0.063325760,61.94817,53.98406,8.68792,77.40707,1.15712,111.49556,110.0025047,108.50945,2025-04-11,15:45
2025-04-14 09:30:00,114.14,114.29,111.3801,111.815,44495223,62.068594,110.51667,110.63823,0.64452720,0.62874869,0.015778516,50.49905,56.91637,11.18768,287.067043,1.33161,111.61588,110.18725,108.75863,2025-04-14,09:30
2025-04-14 09:45:00,111.815,112.73,111.61,111.676,15583699,61.050818,110.62733,110.84578,0.69116065,0.64123108,0.049929574,47.71899,53.38874,13.50888,204.050117,1.31650,111.72226,110.33905,108.95585,2025-04-14,09:45
2025-04-14 10:00:00,111.69,113.040001,111.69,112.33,13077927,64.038697,110.84733,111.14263,0.77199124,0.66738311,0.10460813,60.79924,53.0057613,15.82771,201.12046,1.31989,112.0040526,110.50456,109.0050576,2025-04-14,10:00
2025-04-14 10:15:00,112.35,112.78,111.76,112.567,9632930,65.084004,111.095890,111.42750,0.84542838,0.70299217,0.14243621,65.53932,58.019187,17.98090,166.54809,1.29847,112.32858,110.65991,108.99123,2025-04-14,10:15
2025-04-14 10:30:00,112.565,112.99,112.3618,112.57,8521769,65.097826,111.41089,111.65600,0.89356927,0.74110759,0.15246168,63.48192,63.27350,20.099659,154.89786,1.25059,112.61026,110.79991,108.98955,2025-04-14,10:30
2025-04-14 10:45:00,112.5615,112.77,112.17,112.185,7563160,61.71919,111.60700,111.76180,0.89039094,0.77096426,0.11942669,55.30778,61.44301,21.75570,111.26253,1.20412,112.73044,110.93716,109.14387,2025-04-14,10:45
2025-04-14 11:00:00,112.19,112.6,111.91,112.010002,7895408,60.19004,111.81811,111.81144,0.86379415,0.78953024,0.074263913,51.59237,56.79402,22.87056,82.85762,1.16740,112.84205,110.98865,109.13525,2025-04-14,11:00
2025-04-14 11:15:00,112.019997,112.255,111.3,111.3335,8634485,54.56217,111.90850,111.71585,0.77914671,0.78745353,-0.0083068204,37.22935,48.043165,22.97824,39.021496,1.15223,112.87463,111.033575,109.19252,2025-04-14,11:15
2025-04-14 11:30:00,111.35,111.66,110.235,110.655,12602015,49.55724,111.90461,111.50368,0.64982258,0.75992734,-0.11010476,22.82372,37.21515,21.73744,-19.037100,1.17171,112.86319,111.059826,109.25647,2025-04-14,11:30
2025-04-14 11:45:00,110.65,110.6793,109.205,109.645,13000895,43.20414,111.66350,111.13195,0.46052489,0.70004685,-0.23952196,8.65280,22.90196,20.80891,-92.31557,1.19332,112.87276,111.055075,109.23739,2025-04-14,11:45
2025-04-14 12:00:00,109.66,110.235,109.07,109.75,8491198,44.0078023,111.44950,110.85556,0.31534293,0.62310607,-0.30776313,13.026823,14.83445,20.069344,-100.049075,1.19130,112.90897,111.017575,109.12618,2025-04-14,12:00
2025-04-14 12:15:00,109.76,110.47,109.53,110.029999,8116262,46.19416,111.19394,110.69044,0.22033882,0.54255262,-0.32221380,18.39078,13.35680,19.11384,-71.25690,1.17335,112.90995,110.97008,109.030197,2025-04-14,12:15
2025-04-14 12:30:00,110.029999,111.12,109.935,111.072701,7140592,53.47918,111.027911,110.76690,0.22657289,0.47935667,-0.25278378,38.36591,23.26117,17.97261,-23.15147,1.17418,112.92539,110.98971,109.054029,2025-04-14,12:30
2025-04-14 12:45:00,111.074997,111.084,110.099998,110.1219,5426384,47.20315,110.75590,110.63790,0.15302797,0.41409093,-0.26106296,20.15139,25.63603,16.91289,-42.76031,1.16060,112.93154,110.97831,109.025074,2025-04-14,12:45
2025-04-14 13:00:00,110.14,111.19,110.040001,110.515,5908994,49.82486,110.57034,110.61332,0.12502156,0.35627706,-0.23125549,36.39797,31.63842,16.047354,-34.38895,1.15984,112.93014,110.98756,109.044969,2025-04-14,13:00
2025-04-14 13:15:00,110.525,111.1599,110.25,110.44,5112502,49.32166,110.39590,110.57865,0.095671810,0.30415601,-0.20848420,34.50887,30.35274,15.24364,-35.29206,1.14199,112.89760,111.022805,109.14801,2025-04-14,13:15
2025-04-14 13:30:00,110.43,110.62,109.86,109.92,5363381,45.86300,110.23884,110.44692,0.030104889,0.24934578,-0.21924090,21.68364,30.86350,14.32201,-69.70601,1.11470,112.91690,110.99781,109.078713,2025-04-14,13:30
2025-04-14 13:45:00,109.92,110.7061,109.78,110.625,5234131,50.89104,110.23551,110.48254,0.034631181,0.20640286,-0.17177168,39.66839,31.95364,13.34975,-53.59942,1.10123,112.90781,111.023555,109.13930,2025-04-14,13:45
2025-04-14 14:00:00,110.61,111.3,110.56,110.8299,6345745,52.27831,110.36717,110.55201,0.054128274,0.17594795,-0.12181967,47.56498,36.30567,13.10673,-17.98537,1.075431,112.91155,111.039051,109.16655,2025-04-14,14:00
2025-04-14 14:15:00,110.8268,111.36,110.68,111.2,4520168,54.76394,110.52828,110.68161,0.098310120,0.16042038,-0.062110261,60.33989,49.19109,12.95428,-6.30201,1.047186,112.93122,111.064550,109.19788,2025-04-14,14:15
2025-04-14 14:30:00,111.1911,111.64,111.099998,111.635,4863706,57.56190,110.70661,110.87229,0.16650645,0.16163759,0.0048688566,80.53389,62.81292,13.15681,28.54081,1.010958,112.90935,111.055550,109.20175,2025-04-14,14:30
2025-04-14 14:45:00,111.63,111.66,111.12,111.18,4312308,53.81265,110.71853,110.93383,0.18174267,0.16565861,0.016084063,81.46708,74.11362,13.36981,21.052299,0.97731834,112.86384,111.030750,109.19766,2025-04-14,14:45
2025-04-14 15:00:00,111.17,111.88,111.11,111.82,5300582,57.96046,110.90721,111.11106,0.24266283,0.18105945,0.061603372,97.86485,86.62194,13.84796,51.55011,0.96250964,112.77855,111.0052502,109.23195,2025-04-14,15:00
2025-04-14 15:15:00,111.83,111.83,111.24,111.35,5624847,54.11690,110.99999,111.15885,0.25013393,0.19487435,0.055259579,81.13882,86.82358,14.29195,46.93365,0.93590210,112.57711,110.94440,109.31169,2025-04-14,15:15
2025-04-14 15:30:00,111.36,111.79,111.047501,111.575,8244398,55.63368,111.12610,111.24208,0.27108542,0.21011656,0.060968858,87.021255,88.67498,14.31536,57.89146,0.92208768,112.38020,110.89465,109.40910,2025-04-14,15:30
2025-04-14 15:45:00,111.575,111.62,110.64,110.7,13054957,48.86808,111.21277,111.13366,0.21461055,0.21101536,0.0035951867,43.80947,70.65651,13.57009,14.77786,0.92622452,112.18399,110.82040,109.45681,2025-04-14,15:45
2025-04-15 09:30:00,110.97,112.76,110.96,111.49,25510954,54.27474,111.30888,111.20493,0.23093816,0.21499992,0.015938242,57.38245,62.73773,14.38931,114.033401,1.0072088,112.084100,110.79440,109.50470,2025-04-15,09:30
2025-04-15 09:45:00,111.495,112.22,111.13,111.73,12674943,55.80371,111.40889,111.30994,0.26024442,0.22404882,0.036195597,65.43632,55.54275,15.15002,107.49489,1.013123,112.14790,110.81422,109.48055,2025-04-15,09:45
2025-04-15 10:00:00,111.73,112.3,111.61,111.93,8538954,57.091299,111.49000,111.43396,0.29619358,0.23847777,0.057715810,72.14762,64.98880,15.95063,121.18794,0.99004276,112.29444,110.87797,109.46151,2025-04-15,10:00
2025-04-15 10:15:00,111.94,112.17,110.5,111.014999,12156088,49.92505,111.42111,111.35016,0.24799193,0.24038060,0.0076113267,41.44293,59.67562,14.81473,32.22240,1.038611,112.24544,110.94647,109.64751,2025-04-15,10:15
2025-04-15 10:30:00,111.040001,111.85,111.0,111.75,7377088,54.82988,111.48444,111.43013,0.26603351,0.24551119,0.020522327,66.10735,59.89930,13.75996,64.64601,1.025139,112.26718,111.046475,109.82577,2025-04-15,10:30
2025-04-15 10:45:00,111.755,111.8393,111.099998,111.5924,6512651,53.61716,111.45915,111.46259,0.26456482,0.24932191,0.015242909,48.33622,51.96217,12.78053,55.71608,1.0047219,112.27293,111.12459,109.97626,2025-04-15,10:45
2025-04-15 11:00:00,111.6099,112.115,111.52,112.050003,6376130,56.61753,111.53693,111.58007,0.29690313,0.25883816,0.038064977,68.58414,61.0092366,12.30423,103.46925,0.97545613,112.38995,111.17346,109.95697,2025-04-15,11:00
2025-04-15 11:15:00,112.054901,112.49,112.010002,112.029999,6663045,56.44563,111.58749,111.67005,0.31726012,0.27052255,0.046737574,67.69900,61.53979,12.40935,135.28760,0.94006610,112.43892,111.26886,110.098810,2025-04-15,11:15
2025-04-15 11:30:00,112.035004,112.4,111.79,112.243,8830553,57.91092,111.75893,111.78464,0.34658508,0.28573506,0.060850026,77.12365,71.13560,12.10841,121.65421,0.91648999,112.54492,111.35526,110.16560,2025-04-15,11:30
2025-04-15 11:45:00,112.24,112.787,111.99,112.7191,7629430,61.064124,111.89550,111.97153,0.40359065,0.30930618,0.094284478,97.030978,80.61788,12.38638,165.63624,0.90795533,112.72134,111.46922,110.21709,2025-04-15,11:45
2025-04-15 12:00:00,112.7101,113.615,112.67,113.37,10291156,64.93215,112.077722,112.25123,0.49557761,0.34656046,0.14901714,92.13498,88.76320,13.62717,242.64900,0.91060135,112.94225,111.64172,110.34119,2025-04-15,12:00
2025-04-15 12:15:00,113.36,113.5399,113.059998,113.265,8416678,63.83051,112.22606,112.45398,0.55362321,0.38797301,0.16565020,88.76409,92.64335,14.77934,209.82608,0.87983727,113.16725,111.77372,110.38019,2025-04-15,12:15
2025-04-15 12:30:00,113.27,113.4,112.89,113.11,5238248,62.15418,112.45883,112.58519,0.58042686,0.42646378,0.15396308,83.78820,88.22909,15.50133,157.65831,0.85342048,113.32610,111.88772,110.44935,2025-04-15,12:30
2025-04-15 12:45:00,113.115,113.34,112.293,112.465,6841586,55.60933,112.53828,112.56115,0.54335899,0.44984282,0.093516170,63.081788,78.54469,15.062849,90.67517,0.86724737,113.37399,111.95097,110.52796,2025-04-15,12:45
2025-04-15 13:00:00,112.46,112.81,112.3,112.6586,5145062,57.070567,112.65674,112.58064,0.52356925,0.46458811,0.058981137,69.29699,72.055660,14.65569,68.21497,0.84172931,113.44945,112.0021545,110.55486,2025-04-15,13:00
2025-04-15 13:15:00,112.65,112.7,111.7301,111.8401,6431571,49.63217,112.63342,112.43253,0.43680467,0.45903142,-0.022226750,43.020997,58.46659,13.88510,5.43478,0.85088396,113.43530,112.035160,110.63502,2025-04-15,13:15
2025-04-15 13:30:00,111.835,112.38,111.785,112.295,5159925,53.27700,112.66287,112.40502,0.40013682,0.44725250,-0.047115681,57.62438,56.64746,13.16956,10.14211,0.83260608,113.45976,112.058910,110.65806,2025-04-15,13:30
2025-04-15 13:45:00,112.31,112.64,112.13,112.4901,4772195,54.78813,112.69032,112.42204,0.38241193,0.43428439,-0.051872461,56.98273,52.54270,12.39895,39.016054,0.80956294,113.48925,112.11591,110.74258,2025-04-15,13:45
2025-04-15 14:00:00,112.497,112.625,111.92,112.044998,4778329,50.75503,112.61542,112.34663,0.32866047,0.41315960,-0.084499136,37.57455,50.72722,11.70687,5.50522,0.80209429,113.49083,112.13941,110.78800,2025-04-15,14:00
2025-04-15 14:15:00,112.031097,112.3,111.77,112.12,4885629,51.40422,112.47653,112.30131,0.28878535,0.38828475,-0.099499400,28.63989,41.065723,11.32025,-22.48529,0.78265944,113.39018,112.21041,111.030648,2025-04-15,14:15
2025-04-15 14:30:00,112.115,112.445,112.0,112.405,3827948,53.89148,112.38098,112.32204,0.27698789,0.36602538,-0.089037489,35.80550,34.0066483,10.68081,7.13168,0.75854089,113.39074,112.25616,111.12159,2025-04-15,14:30
2025-04-15 14:45:00,112.4099,112.72,112.29,112.63,4956481,55.81427,112.32764,112.38363,0.28253690,0.34932768,-0.066790780,47.74242,37.39594,10.26166,42.70623,0.73507370,113.41997,112.30116,111.18236,2025-04-15,14:45
2025-04-15 15:00:00,112.62,112.71,112.23,112.5,4471426,54.40268,112.33153,112.40691,0.27329448,0.33412104,-0.060826566,40.84563,41.46452,9.75106,28.0070255,0.71685385,113.43819,112.32966,111.22114,2025-04-15,15:00
2025-04-15 15:15:00,112.505,112.55,111.995,112.2101,4571774,51.28754,112.28170,112.36755,0.23981273,0.31525938,-0.075446652,25.46538,38.017812,9.30367,-19.54833,0.70529288,113.32309,112.38942,111.45575,2025-04-15,15:15
2025-04-15 15:30:00,112.215,112.33,112.03,112.26,2221041,51.79917,112.32835,112.34604,0.21482845,0.29517319,-0.080344748,29.27935,31.86345,8.88823,-37.011774,0.67634352,113.30414,112.41492,111.52569,2025-04-15,15:30
2025-04-15 15:45:00,112.12,112.35,111.95,112.099998,11958225,49.98631,112.30669,112.29683,0.18004202,0.27214696,-0.092104936,22.15080,25.63184,8.67242,-63.064211,0.65660481,113.26047,112.44030,111.62013,2025-04-15,15:45
2025-04-16 09:30:00,104.55,106.79,104.35,106.029999,53251524,20.57173,111.58890,111.043463,-0.33348056,0.15102146,-0.48450201,18.68744,23.37253,13.28672,-658.80232,1.16328,115.054465,112.13930,109.22413,2025-04-16,09:30
2025-04-16 09:45:00,106.040001,106.3999,105.21,105.225,18318808,18.97686,110.83112,109.87977,-0.79622926,-0.038428688,-0.75780058,10.34279,17.060342,17.57143,-336.37570,1.16518,115.99360,111.79905,107.60450,2025-04-16,09:45
2025-04-16 10:00:00,105.21,105.66,104.89,105.039001,16352228,18.61770,110.044343,108.91162,-1.16455,-0.26365199,-0.90089321,8.23181,12.42068,21.61459,-233.99529,1.13695,116.55505,111.43885,106.32265,2025-04-16,10:00
2025-04-16 10:15:00,105.035004,105.75,104.5801,105.52,13639971,22.69240,109.27934,108.23329,-1.40147,-0.49121572,-0.91025494,13.97847,10.85102,25.43174,-171.71283,1.13930,116.76537,111.078894,105.39242,2025-04-16,10:15
2025-04-16 10:30:00,105.525,105.5847,104.75,105.16,9702869,21.81216,108.44934,107.61863,-1.59984,-0.71294103,-0.88690121,9.67748,10.62925,28.97623,-139.16714,1.11755,116.80181,110.66839,104.53498,2025-04-16,10:30
2025-04-16 10:45:00,105.155,105.155,104.07,104.3599,12884787,19.95906,107.54489,106.96689,-1.80086,-0.93052393,-0.87033162,3.35146,9.0024703,32.40958,-127.22170,1.11558,116.81379,110.22314,103.63249,2025-04-16,10:45
2025-04-16 11:00:00,104.355,104.7891,103.8,104.7099,13847295,23.039225,106.71153,106.51549,-1.90990,-1.12640,-0.78350241,10.20064,7.74319,35.65174,-109.54745,1.10655,116.66924,109.80313,102.93703,2025-04-16,11:00
2025-04-16 11:15:00,104.715,105.44,104.41,105.1751,10177374,27.057176,105.92432,106.24741,-1.93646,-1.28841,-0.64804976,15.41591,9.65601,37.66118,-85.47088,1.10108,116.47275,109.43864,102.40453,2025-04-16,11:15
2025-04-16 11:30:00,105.18,105.365,104.76,104.895,6758372,26.17120,105.12377,105.97693,-1.95755,-1.42224,-0.53530830,12.27572,12.63076,39.52709,-75.94899,1.065644,116.18707,109.050460,101.91385,2025-04-16,11:30
2025-04-16 11:45:00,104.895,105.019997,104.34,104.4182,7509521,24.68920,104.94468,105.66518,-1.98979,-1.53575,-0.45404431,6.93821,11.54328,41.40382,-75.20259,1.038098,115.96740,108.67936,101.39132,2025-04-16,11:45
2025-04-16 12:00:00,104.415,104.48,103.83,104.0049973,9572661,23.44991,104.80912,105.33315,-2.025345,-1.63367,-0.39167620,2.34279,7.18557,43.31236,-76.49734,1.010376,115.62582,108.26486,100.90391,2025-04-16,12:00
2025-04-16 12:15:00,104.010002,104.12,103.58,103.915,8512272,23.17703,104.68423,105.049517,-2.037297,-1.71439,-0.32290227,3.81983,4.36695,45.16337,-74.44403,0.97677816,115.16155,107.83611,100.51067,2025-04-16,12:15
2025-04-16 12:30:00,103.915,104.16,103.68,103.96,6546943,23.65540,104.51090,104.83161,-2.019854,-1.77549,-0.24436755,4.33292,3.49852,46.81052,-68.35553,0.94129425,114.67550,107.43186,100.18822,2025-04-16,12:30
2025-04-16 12:45:00,103.95,103.96,103.56,103.65,6054685,22.61083,104.34312,104.59529,-2.0078990,-1.82197,-0.18592990,2.78650,3.64642,48.38266,-68.61566,0.90263048,114.094801,107.0083594,99.92192,2025-04-16,12:45
2025-04-16 13:00:00,103.65,103.8198,103.15,103.2883,8210981,21.42219,104.22405,104.33389,-2.0045041,-1.85848,-0.14602799,4.25545,3.79163,49.98652,-72.68871,0.88599972,113.35910,106.55252,99.74594,2025-04-16,13:00
2025-04-16 13:15:00,103.29,104.0,103.25,103.935,7210217,28.64480,104.13795,104.25411,-1.92741,-1.87226,-0.055149095,30.19217,12.41137,51.11343,-64.83930,0.87628545,112.40718,106.11777,99.82837,2025-04-16,13:15
2025-04-16 13:30:00,103.94,103.98,103.029999,103.095001,10246617,25.38140,103.90683,104.022291,-1.91206,-1.88022,-0.031834491,2.38979,12.27914,52.25174,-77.87354,0.88155111,111.33549,105.64752,99.95956,2025-04-16,13:30
2025-04-16 13:45:00,103.095001,103.095001,101.9,102.014999,16141018,21.92313,103.58683,103.62083,-1.96439,-1.89706,-0.067334101,3.12096,11.90097,53.71378,-124.68705,0.90394029,110.17157,105.13777,100.10397,2025-04-16,13:45
2025-04-16 14:00:00,102.014999,102.74,101.96,102.325,10574412,25.078625,103.35425,103.36167,-1.95828,-1.90930,-0.048976391,12.0055173,5.83876,55.071399,-132.70814,0.89508733,108.61459,104.64102,100.66745,2025-04-16,14:00
2025-04-16 14:15:00,102.33,102.5399,101.7412,102.185,10001891,24.59518,103.15203,103.12633,-1.94234,-1.91591,-0.026430424,11.99833,9.041602,56.40454,-153.42273,0.88820240,106.35554,104.14527,101.93500,2025-04-16,14:15
2025-04-16 14:30:00,102.185,102.255,100.73,100.7986,14540005,20.40104,102.80577,102.66079,-2.018311,-1.93639,-0.081923263,1.45639,8.48675,57.93560,-191.032857,0.93368751,106.36185,103.88370,101.40555,2025-04-16,14:30
2025-04-16 14:45:00,100.795,101.25,100.45,101.044998,13959946,22.91691,102.48188,102.33763,-2.035178,-1.95615,-0.079032263,12.10582,8.52018,59.42777,-182.65534,0.92413862,106.36139,103.67470,100.98801,2025-04-16,14:45
2025-04-16 15:00:00,101.050003,101.51,100.9,101.395,12365801,26.47195,102.23132,102.14910,-1.99728,-1.96437,-0.032907342,20.67833,11.41351,60.26892,-135.22348,0.90170019,106.27686,103.49250,100.70814,2025-04-16,15:00
2025-04-16 15:15:00,101.39,101.52,100.67,101.0049973,11712611,25.083724,101.97762,101.92028,-1.97594,-1.96669,-0.0092521153,13.77170,15.51862,61.13025,-126.52460,0.89800721,106.088842,103.26675,100.44466,2025-04-16,15:15
2025-04-16 15:30:00,101.010002,102.54,101.010002,102.175,21763627,35.93763,101.78207,101.97123,-1.84337,-1.94202,0.098656471,46.49604,26.98202,59.99648,-69.26493,0.94350696,105.83717,103.11750,100.39783,2025-04-16,15:30
2025-04-16 15:45:00,102.17,104.55,102.15,104.5,26400048,51.099225,101.93818,102.47698,-1.53302,-1.86022,0.32720066,98.78042,53.016050,56.34964,35.83857,1.047542,105.85763,103.12450,100.39138,2025-04-16,15:45
2025-04-17 09:30:00,104.425,104.47,102.51,102.6501,36262825,42.48382,102.0087433,102.51160,-1.41997,-1.77217,0.35219837,53.66099,66.31248,52.96329,9.72997,1.11486,105.66156,103.021514,100.38147,2025-04-17,09:30
2025-04-17 09:45:00,102.66,103.6,102.029999,102.915,15920465,43.94137,102.074299,102.59228,-1.29409,-1.67656,0.38246550,60.12196,70.85445,50.24004,-5.87514,1.14737,105.35666,102.90851,100.46036,2025-04-17,09:45
2025-04-17 10:00:00,102.915,103.059998,101.75,101.9,13850933,39.78148,102.042633,102.45383,-1.26168,-1.59358,0.33189682,35.36591,49.71629,47.94911,-38.70628,1.15899,105.064824,102.75876,100.45269,2025-04-17,10:00
2025-04-17 10:15:00,101.895,102.080002,100.48,100.495,16678113,34.86164,102.0089001,102.062062,-1.33400,-1.54166,0.20766741,1.097701,32.19519,46.75899,-110.047969,1.19049,104.93709,102.56260,100.18811,2025-04-17,10:15
2025-04-17 10:30:00,100.4957,101.019997,100.12,100.865,17100840,37.068831,101.98890,101.82265,-1.34593,-1.50252,0.15658384,16.81704,17.76022,45.88290,-121.47302,1.16974,104.79304,102.40560,100.018161,2025-04-17,10:30
2025-04-17 10:45:00,100.8689,101.089996,100.12,100.14,11309117,34.59514,101.84946,101.48612,-1.39778,-1.48157,0.083787737,0.45139146,6.12205,44.97643,-123.84578,1.15547,104.69239,102.21685,99.74131,2025-04-17,10:45
2025-04-17 11:00:00,100.14,101.23,100.050003,101.025002,12797259,39.87009,101.85168,101.39390,-1.35188,-1.45563,0.10375423,21.66663,12.97836,43.94046,-92.33345,1.15722,104.46144,102.070100,99.67875,2025-04-17,11:00
2025-04-17 11:15:00,101.017502,101.33,100.29,100.3982,9611918,37.55963,101.65426,101.19476,-1.35051,-1.43461,0.084099659,7.73773,9.95192,42.83440,-89.14920,1.14885,104.28924,101.90751,99.52578,2025-04-17,11:15
2025-04-17 11:30:00,100.395,101.050003,100.395,100.565,7341663,38.57967,101.21703,101.068806,-1.32074,-1.41183,0.091095840,11.44443,13.61627,41.80735,-81.020634,1.11358,104.13304,101.77134,99.40965,2025-04-17,11:30
2025-04-17 11:45:00,100.57,100.665,100.23,100.2717,7615104,37.42200,100.95277,100.90938,-1.30576,-1.39062,0.084858936,4.92655,8.036239,41.00050272,-92.81447,1.065105,103.81459,101.58818,99.36177,2025-04-17,11:45
2025-04-17 12:00:00,100.275,101.25,100.16,100.86,11603475,41.23125,100.72443,100.89951,-1.23222,-1.35894,0.12672343,17.99995,11.45698,39.32955,-60.93276,1.066883,103.61159,101.47643,99.34127,2025-04-17,12:00
2025-04-17 12:15:00,100.8501,101.4,100.65,101.235,8029027,43.58847,100.65054,100.96661,-1.13064,-1.31328,0.18264104,26.33328,16.41993,37.55468,-30.86947,1.044249,103.56028,101.43743,99.31458,2025-04-17,12:15
2025-04-17 12:30:00,101.2351,101.7091,100.7601,100.857,7896272,41.76978,100.69077,100.94469,-1.068323,-1.26429,0.19596471,17.93332,20.75551,35.45116,-26.30846,1.037445,103.46040,101.36403,99.26766,2025-04-17,12:30
2025-04-17 12:45:00,100.857,101.71,100.7517,101.58,5593464,46.37830,100.77021,101.071749,-0.94965063,-1.20136,0.25170935,34.61537,26.29399,33.50857,-2.096318,1.031792,103.39912,101.33378,99.26844,2025-04-17,12:45
2025-04-17 13:00:00,101.55,101.84,101.3,101.4301,5970797,45.57296,100.91356,101.14342,-0.85780981,-1.13265,0.27484013,38.87601,30.47490,31.50057,13.095775,0.99666324,103.41626,101.36536,99.31445,2025-04-17,13:00
2025-04-17 13:15:00,101.435,101.58,100.82,100.8312,7170903,42.40481,100.89202,101.080975,-0.82385463,-1.070891,0.24703625,25.95342,33.14827,30.27809,-29.38784,0.97975888,103.41435,101.35467,99.29498,2025-04-17,13:15
2025-04-17 13:30:00,100.84,101.28,100.79,101.0077972,5291632,43.64880,100.95976,101.066339,-0.77377535,-1.011468,0.23769243,47.18201,37.33715,29.18179,-32.70886,0.94477595,103.40038,101.33531,99.27023,2025-04-17,13:30
2025-04-17 13:45:00,101.0049973,101.71,100.981,101.485,7101724,46.98125,101.061978,101.15007,-0.68765399,-0.94670502,0.25905103,80.16776,51.10106,27.43045,-0.27893292,0.92936311,103.41962,101.35931,99.29899,2025-04-17,13:45
2025-04-17 14:00:00,101.485,102.059998,101.4301,101.7299,7056861,48.65923,101.22400,101.26604,-0.59280762,-0.87592554,0.28311792,83.57702,70.30893,25.68095,33.76836,0.90797275,103.37108,101.33705,99.30302,2025-04-17,14:00
2025-04-17 14:15:00,101.73,102.38,101.685,102.1563,7206778,51.53536,101.36803,101.44409,-0.47772678,-0.79628578,0.31855901,90.39938,84.71472,24.51907,86.40047,0.89276039,102.70841,101.21987,99.73133,2025-04-17,14:15
2025-04-17 14:30:00,102.16,102.49,102.0,102.1979,6177002,51.81891,101.47502,101.59485,-0.37880139,-0.71278891,0.33398752,87.46353,87.14664,23.59617,121.36649,0.86399164,102.61002,101.19726,99.78449,2025-04-17,14:30
2025-04-17 14:45:00,102.2,102.32,101.421,101.421,7299959,46.36285,101.53769,101.56008,-0.35895395,-0.64202191,0.28306797,54.12005,77.32765,22.040627,74.46738,0.86649239,102.30301,101.12256,99.94210,2025-04-17,14:45
2025-04-17 15:00:00,101.425,101.82,101.099998,101.215,7720784,45.0095824,101.49713,101.49106,-0.35574647,-0.58476683,0.22902036,45.27877,62.28745,21.065877,35.72875,0.85602873,102.21507,101.088305,99.96154,2025-04-17,15:00
2025-04-17 15:15:00,101.21,101.52,101.019997,101.215,6573763,45.0095824,101.47323,101.43585,-0.34917939,-0.53764934,0.18846995,45.27877,48.22586,20.27629,13.60254,0.83059811,102.21848,101.12430,100.030129,2025-04-17,15:15
2025-04-17 15:30:00,101.21,101.7,101.16,101.31,6769129,45.85487,101.52643,101.41068,-0.33247655,-0.49661478,0.16413823,35.86942,42.14232,19.22069,31.041240,0.80984062,102.23682,101.14655,100.056285,2025-04-17,15:30
2025-04-17 15:45:00,101.3186,101.54,100.85,101.41,15983483,46.78224,101.57112,101.41054,-0.30762368,-0.45881656,0.15119288,37.87054,39.67291,18.71785,4.19526,0.80128075,102.20193,101.21005,100.21818,2025-04-17,15:45
2025-04-21 09:30:00,98.735,99.43,97.465,97.85,33638024,28.23985,101.16723,100.69844,-0.56863539,-0.48078032,-0.087855061,7.66173,27.13390,21.098943,-381.30236,1.025833,102.82166,101.051305,99.28095,2025-04-21,09:30
2025-04-21 09:45:00,97.8579,98.19,96.8,96.84,17775778,25.18943,100.62391,99.92675,-0.84722154,-0.55406857,-0.29315297,0.70287034,15.41171,23.61009,-330.77415,1.051845,103.41687,100.87339,98.32992,2025-04-21,09:45
2025-04-21 10:00:00,96.84,97.050003,95.91,96.2101,17490880,23.48558,99.96322,99.18342,-1.10608,-0.66447093,-0.44160944,4.56071,4.30844,26.29230,-272.38073,1.058141,103.91293,100.65565,97.39837,2025-04-21,10:00
2025-04-21 10:15:00,96.205,96.31,95.57,95.835,14568661,22.50917,99.25623,98.51373,-1.32621,-0.79681825,-0.52938929,3.82947,3.031018,28.90527,-215.89614,1.035417,104.31083,100.43381,96.55680,2025-04-21,10:15
2025-04-21 10:30:00,95.835,96.5,95.65,96.1147,10942656,25.012696,98.66664,98.033927,-1.46125,-0.92970380,-0.53154221,7.87140,5.42053,31.030794,-159.78902,1.022173,104.49779,100.19655,95.89531,2025-04-21,10:30
2025-04-21 10:45:00,96.1144,96.42,95.75,96.365,7930138,27.27693,98.12775,97.70014,-1.53043,-1.049848,-0.48057797,11.48842,7.72976,33.0044958,-127.78932,0.99701731,104.53388,99.95305,95.37222,2025-04-21,10:45
2025-04-21 11:00:00,96.365,96.57,95.925,96.17,7949859,26.60298,97.56720,97.39411,-1.58274,-1.15643,-0.42631503,8.67050,9.34344,34.57513,-107.066452,0.97187298,104.56258,99.71870,94.87482,2025-04-21,11:00
2025-04-21 11:15:00,96.175,96.42,95.7701,95.89,6337292,25.62398,96.96498,97.093290,-1.62803,-1.25075,-0.37728188,4.62427,8.26106,36.11418,-97.74781,0.94887453,104.47189,99.43420,94.39651,2025-04-21,11:15
2025-04-21 11:30:00,95.89,96.040001,95.75,95.825,6057605,25.39037,96.34442,96.83963,-1.65014,-1.33063,-0.31951659,3.77774,5.69084,37.55424,-90.0038807,0.90181213,104.33783,99.15394,93.97005,2025-04-21,11:30
2025-04-21 11:45:00,95.825,96.029999,95.74,95.8374,6174652,25.52991,96.12080,96.63919,-1.64767,-1.39404,-0.25363808,4.27844,4.22682,38.89728,-80.63610,0.85811133,104.22032,98.90425,93.58819,2025-04-21,11:45
2025-04-21 12:00:00,95.84,96.28,95.84,96.17,5701749,29.34513,96.046355,96.54535,-1.60043,-1.43532,-0.16511593,9.78791,5.94803,39.60979,-67.89105,0.82843170,104.013699,98.66236,93.31103,2025-04-21,12:00
2025-04-21 12:15:00,96.175,96.28,95.76,95.8,5452468,27.64818,96.00078837,96.39628,-1.57469,-1.46319,-0.11150305,3.75210,5.93948,40.33068,-65.97188,0.80640062,103.70341,98.37811,93.052819,2025-04-21,12:15
2025-04-21 12:30:00,95.8,96.39,95.772,96.325,5114706,33.52240,96.055233,96.38202,-1.49470,-1.46949,-0.025210835,12.64652,8.72884,40.74915,-55.75155,0.79294316,103.27147,98.10787,92.94427,2025-04-21,12:30
2025-04-21 12:45:00,96.325,96.38,95.68,95.7119,6309414,30.41661,96.010477,96.24800,-1.46391,-1.46838,0.0044676457,3.67614,6.69159,41.21729,-58.031394,0.78630415,102.69662,97.78565,92.87467,2025-04-21,12:45
2025-04-21 13:00:00,95.715,95.85,95.15,95.37,8195024,28.81344,95.89992,96.072399,-1.45037,-1.46478,0.014403244,7.23688,7.85318,42.080330,-69.037426,0.78013935,102.018633,97.44425,92.86987,2025-04-21,13:00
2025-04-21 13:15:00,95.37,95.54,95.195,95.3686,4635138,28.80673,95.81088,95.93164,-1.42335,-1.45649,0.033140137,11.50512,7.47271,42.88173,-70.33154,0.74905805,101.41450,97.14163,92.86877,2025-04-21,13:15
2025-04-21 13:30:00,95.36,95.588,95.050003,95.1772,6656657,27.85378,95.73168,95.78075,-1.40123,-1.44544,0.044210735,8.36826,9.036752,43.74212,-73.41732,0.73398208,100.75717,96.83974,92.92232,2025-04-21,13:30
2025-04-21 13:45:00,95.17,95.28,95.07,95.165,4253674,27.79068,95.65834,95.65760,-1.36890,-1.43013,0.061231218,7.56567,9.14635,44.54107,-81.36975,0.69655472,99.95961,96.53724,93.11488,2025-04-21,13:45
2025-04-21 14:00:00,95.17,95.595,95.040001,95.535,6011082,32.76591,95.62474,95.63308,-1.29845,-1.40380,0.10534042,32.35315,16.095691,44.38972,-76.80010,0.68644369,98.89880,96.24849,93.59819,2025-04-21,14:00
2025-04-21 14:15:00,95.535,95.68,95.2801,95.59,4724389,33.49929,95.56030,95.62446,-1.22408,-1.36785,0.14377274,35.94744,25.28875,44.016048,-74.11963,0.66597645,97.15911,95.95749,94.75588,2025-04-21,14:15
2025-04-21 14:30:00,95.59,95.8099,95.3,95.42,6432796,32.32545,95.51808,95.58357,-1.16542,-1.32737,0.16194612,27.53609,31.94556,43.30778,-70.61006,0.65482780,96.68822,95.83599,94.98376,2025-04-21,14:30
2025-04-21 14:45:00,95.415,95.545,95.15,95.295,4721054,31.45271,95.40363,95.52586,-1.11615,-1.28512,0.16897150,18.88871,27.45741,42.85367,-92.89917,0.63626843,96.50665,95.75874,95.010842,2025-04-21,14:45
2025-04-21 15:00:00,95.295,95.83,95.2084,95.515,6822020,34.78970,95.38176,95.52369,-1.047281,-1.23755,0.19027328,35.18511,27.20330,41.63676,-47.45058,0.63522104,96.44902,95.72399,94.99896,2025-04-21,15:00
2025-04-21 15:15:00,95.515,95.86,95.46,95.6,7105357,36.084327,95.40731,95.53895,-0.97460766,-1.18497,0.21035738,41.48135,31.85172,40.42471,-18.86136,0.61841964,96.43731,95.71224,94.98717,2025-04-21,15:15
2025-04-21 15:30:00,95.6,96.23,95.6,96.175,9243087,44.16061,95.49691,95.66616,-0.86069383,-1.12011,0.25941697,84.074327,53.58026,38.33605,60.52680,0.61924716,96.44746,95.71525,94.98305,2025-04-21,15:30
2025-04-21 15:45:00,96.175,97.2,96.025002,96.8,19215847,51.35560,95.67722,95.89293,-0.71177908,-1.038444,0.32666538,81.48173,69.012468,36.65679,186.54142,0.65894347,96.56473,95.73700,94.90928,2025-04-21,15:45
2025-04-22 09:30:00,98.765,98.8899,97.36,98.73,29320984,65.94724,96.073334,96.46034,-0.43303639,-0.91736284,0.48432645,95.84673,87.13426,36.95323,377.78539,0.76115444,97.40569,95.86501,94.32432,2025-04-22,09:30
2025-04-22 09:45:00,98.735,99.27,98.4601,98.9399,12995719,67.10299,96.45166,96.95625,-0.19296921,-0.77248411,0.57951491,92.19637,89.84161,37.51939,312.53462,0.76463615,98.059941,96.017500,93.97506,2025-04-22,09:45
2025-04-22 10:00:00,98.94,99.26,98.64,99.025002,9052875,67.58336,96.83332,97.37000,0.0041051624,-0.61716626,0.62127142,94.20815,94.083747,38.045119,227.59647,0.75430519,98.60047,96.17750,93.75453,2025-04-22,10:00
2025-04-22 10:15:00,99.025002,99.38,98.775,99.019997,8283763,67.52092,97.23332,97.70000,0.15806213,-0.46212058,0.62018271,91.70505,92.70319,38.63004,176.63010,0.74364023,99.049986,96.33663,93.62327,2025-04-22,10:15
2025-04-22 10:30:00,99.025,99.040001,98.7,98.8388,6865830,65.17297,97.62708,97.92776,0.26242785,-0.31721090,0.57963875,87.52997,91.14772,39.0032142,132.92527,0.71480907,99.39200,96.47007,93.54814,2025-04-22,10:30
2025-04-22 10:45:00,98.835,98.8399,98.3501,98.645,6754555,62.66311,97.97486,98.071209,0.32574526,-0.18861966,0.51436492,83.064488,87.43317,38.57326,101.57053,0.69873696,99.66404,96.61232,93.56060,2025-04-22,10:45
2025-04-22 11:00:00,98.65,99.45,98.58,99.080002,8946858,65.84281,98.36152,98.27297,0.40634199,-0.069627335,0.47596932,91.39539,87.32995,38.76886,104.96683,0.71096990,99.98094,96.75007,93.51920,2025-04-22,11:00
2025-04-22 11:15:00,99.074799,99.3,98.81,98.895,6662805,63.37101,98.66374,98.39737,0.45009864,0.034317861,0.41578078,87.092941,87.18427,38.95048,89.98130,0.69518673,100.23214,96.90923,93.58631,2025-04-22,11:15
2025-04-22 11:30:00,98.8964,99.040001,98.56,98.572,6333661,59.19295,98.86063,98.43230,0.45348537,0.11815136,0.33533401,79.58136,86.023228,38.55629,69.61946,0.67981649,100.38871,97.069325,93.74994,2025-04-22,11:30
2025-04-22 11:45:00,98.575,98.93,98.3,98.87,7064871,61.70177,98.87619,98.51984,0.47474327,0.18946974,0.28527353,86.32599,84.33343,37.63002,61.75962,0.67625797,100.55585,97.24440,93.93294,2025-04-22,11:45
2025-04-22 12:00:00,98.885,99.49,98.8731,99.48,9205748,66.27274,98.93620,98.71187,0.53464916,0.25850563,0.27614354,99.75200,88.55311,37.40766,78.19214,0.67223920,100.76491,97.45954,94.15416,2025-04-22,12:00
2025-04-22 12:15:00,99.4814,99.811,99.32,99.65,7992010,67.43908,99.0056441,98.89950,0.58905222,0.32461495,0.26443727,96.17679,94.084924,37.52373,84.51238,0.65929335,100.94431,97.68379,94.42326,2025-04-22,12:15
2025-04-22 12:30:00,99.655,99.77,99.0,99.23,5759745,61.75687,99.028978,98.96560,0.59145872,0.37798370,0.21347502,84.65414,93.52764,36.94697,68.62451,0.66720073,101.038583,97.86854,94.69849,2025-04-22,12:30
2025-04-22 12:45:00,99.235,99.34,98.93,99.1626,3842260,60.87044,99.064956,99.0049988,0.58122679,0.41863232,0.16259447,73.54548,84.79213,36.26365,56.45020,0.64882896,101.083305,98.047165,95.011026,2025-04-22,12:45
2025-04-22 13:00:00,99.165,99.6,98.585,98.7141,7441342,55.19375,99.072634,98.94682,0.53080936,0.44106773,0.089741636,27.40584,61.86849,34.91779,44.41927,0.67498399,101.0079733,98.21187,95.41577,2025-04-22,13:00
2025-04-22 13:15:00,98.71,98.78,97.96,98.105,11019953,48.56906,98.96430,98.77846,0.43667022,0.44018823,-0.0035180083,7.83384,36.26172,32.55808,-3.44051,0.68534226,100.80999,98.35237,95.89475,2025-04-22,13:15
2025-04-22 13:30:00,98.099998,98.52,97.975,98.19,5416764,49.48033,98.88597,98.66077,0.36471873,0.42509433,-0.060375596,12.42591,15.88853,30.36691,-20.76287,0.67531768,100.57501,98.48612,96.39723,2025-04-22,13:30
2025-04-22 13:45:00,98.18,98.23,97.57,97.76,6090022,45.12448,98.79575,98.48061,0.26988813,0.39405309,-0.12416496,8.47848,9.57941,28.72175,-79.15265,0.67422382,100.25434,98.59412,96.93390,2025-04-22,13:45
2025-04-22 14:00:00,97.7649,98.3,97.71,98.209,4762921,50.067406,98.72230,98.42629,0.22833246,0.36090896,-0.13257650,28.51409,16.47283,27.067139,-85.91908,0.66820812,99.95049,98.69582,97.44116,2025-04-22,14:00
2025-04-22 14:15:00,98.2,98.56,98.044998,98.485,4033859,52.87728,98.61175,98.43803,0.21518970,0.33176511,-0.11657541,40.83008,25.94088,25.20521,-71.92532,0.65726464,99.69432,98.78007,97.86582,2025-04-22,14:15
2025-04-22 14:30:00,98.4958,98.72,98.41,98.55,3658361,53.54039,98.48952,98.46043,0.20762573,0.30693723,-0.099311501,43.73068,37.69161,23.75590,-40.19042,0.63245985,99.69065,98.77107,97.85150,2025-04-22,14:30
2025-04-22 14:45:00,98.55,98.83,98.51,98.685,3613422,54.95795,98.42897,98.50534,0.21010224,0.28757024,-0.077467996,49.75454,44.77176,22.60329,-16.90166,0.61014126,99.67525,98.75833,97.84140,2025-04-22,14:45
2025-04-22 15:00:00,98.685,98.82,98.2,98.265,4401257,49.86065,98.32923,98.45727,0.17614407,0.26528500,-0.089140935,31.012964,41.49939,21.055390,-57.046929,0.61084566,99.65275,98.72033,97.78790,2025-04-22,15:00
2025-04-22 15:15:00,98.26,98.3,97.6,97.705,5864325,44.00071957,98.21711,98.30682,0.10285915,0.23279983,-0.12994068,6.024199,28.93057,20.62357,-140.45061,0.61721415,99.67455,98.65458,97.63460,2025-04-22,15:15
2025-04-22 15:30:00,97.7,98.38,97.28,98.074997,9887917,48.32221,98.21378,98.26045,0.073785290,0.20099692,-0.12721163,31.41046,22.81587,20.68067,-116.012917,0.65169874,99.66276,98.61639,97.57001,2025-04-22,15:30
2025-04-22 15:45:00,98.074997,99.0,98.020103,98.88,14754476,56.23550,98.29044,98.38436,0.11438231,0.18367400,-0.069291687,64.25702,33.89723,19.55392,0.081050114,0.67514144,99.68079,98.62814,97.57548,2025-04-22,15:45
2025-04-23 09:30:00,104.5201,104.8,102.83,103.7388,43564683,78.066645,98.95476,99.45525,0.53248240,0.25343568,0.27904672,85.88827,60.51858,22.13887,467.39748,1.049775,101.32562,98.86108,96.39653,2025-04-23,09:30
2025-04-23 09:45:00,103.71,104.1899,102.61,103.4199,16295548,75.40786,99.53374,100.24818,0.82854612,0.36845777,0.46008835,81.64756,77.26428,24.28252,287.61115,1.087641,102.25364,99.087321,95.92100,2025-04-23,09:45
2025-04-23 10:00:00,103.42,103.965,102.58,103.76,12354269,76.33360,100.11986,100.95054,1.078193,0.51040491,0.56778857,86.17021,84.56868,26.23636,211.89757,1.10888,103.097735,99.34672,95.59571,2025-04-23,10:00
2025-04-23 10:15:00,103.77,104.1856,103.050003,104.185,11032565,77.47470,100.74597,101.59744,1.29540,0.66740429,0.62799752,91.82174,86.54650,28.14061,174.70240,1.11079,103.90478,99.61247,95.32016,2025-04-23,10:15
2025-04-23 10:30:00,104.185,104.74,103.87,104.2025,11292730,77.52276,101.35902,102.11845,1.45221,0.82436604,0.62784699,92.054477,90.015475,30.13038,151.37140,1.093589,104.58263,99.84860,95.11456,2025-04-23,10:30
2025-04-23 10:45:00,104.21,104.3,103.75,103.865,6557434,74.23333,101.98124,102.46776,1.53160,0.96581247,0.56578571,87.56643,90.48088,31.80958,116.81767,1.054762,105.10433,100.059345,95.014364,2025-04-23,10:45
2025-04-23 11:00:00,103.87,104.3,103.48,104.205,7528854,75.36728,102.70347,102.81521,1.60346,1.093343,0.51012061,92.087754,90.56955,32.98109,100.21120,1.037993,105.64702,100.30810,94.96918,2025-04-23,11:00
2025-04-23 11:15:00,104.21,104.277,102.94,103.137,9595515,65.60115,103.26591,102.87957,1.55630,1.18593,0.37036433,77.88562,85.84660,33.32023,75.31139,1.059350,105.95514,100.50682,95.058493,2025-04-23,11:15
2025-04-23 11:30:00,103.15,103.47,102.62,102.94,8149463,63.95493,103.71702,102.89165,1.48589,1.24593,0.23996877,75.26596,81.74645,33.21033,57.37999,1.044397,106.19962,100.71811,95.23660,2025-04-23,11:30
2025-04-23 11:45:00,102.9483,103.355,102.64,103.27,7144949,65.51600,103.66493,102.96732,1.44013,1.28477,0.15536039,79.65418,77.60192,33.10827,53.38590,1.020869,106.42768,100.97636,95.52504,2025-04-23,11:45
2025-04-23 12:00:00,103.26,103.4,102.955,103.14,4856475,64.33397,103.63383,103.0018572,1.37749,1.30331,0.074176161,77.92550,77.61521,33.047579,50.072489,0.97973518,106.59558,101.22386,95.85214,2025-04-23,12:00
2025-04-23 12:15:00,103.1501,103.3997,102.65,103.36,5826076,65.46940,103.58939,103.073486,1.33026,1.30870,0.021560957,80.85104,79.47691,32.53240,44.73783,0.96330373,106.70528,101.50386,96.30244,2025-04-23,12:15
2025-04-23 12:30:00,103.355,103.84,103.11,103.765,6014374,67.51937,103.54272,103.21179,1.31041,1.30904,0.0013674104,84.73423,81.17026,32.42593,52.0045483,0.94663887,106.84105,101.78166,96.72227,2025-04-23,12:30
2025-04-23 12:45:00,103.77,104.185,103.44,104.055,5762888,68.94123,103.52633,103.38043,1.30306,1.30785,-0.0047883014,66.44134,77.34220,32.60255,57.41648,0.93223574,106.97414,102.060160,97.14618,2025-04-23,12:45
2025-04-23 13:00:00,104.050003,104.33,103.49,104.135,5188741,69.33997,103.55633,103.53135,1.28883,1.30404,-0.015213415,71.99089,74.38882,32.88136,57.42233,0.92564776,107.054495,102.33941,97.62432,2025-04-23,13:00
2025-04-23 13:15:00,104.1398,104.2799,103.93,103.96,3600697,67.30443,103.52911,103.61708,1.24903,1.29304,-0.044007148,63.88888,67.44037,33.14026,58.18755,0.88452287,107.053787,102.60316,98.15253,2025-04-23,13:15
2025-04-23 13:30:00,103.97,104.13,103.56,104.040001,4323501,67.77022,103.62944,103.70166,1.21000,1.27643,-0.066430442,66.98120,67.62032,32.71675,51.85879,0.86205693,106.90732,102.89191,98.87650,2025-04-23,13:30
2025-04-23 13:45:00,104.040298,104.24,103.844,104.080002,4179879,68.015574,103.75611,103.77733,1.16882,1.25491,-0.086086759,68.86804,66.57937,32.43442,62.67854,0.82876687,106.46929,103.21066,99.95203,2025-04-23,13:45
2025-04-23 14:00:00,104.084999,104.15,103.765,103.96,3691231,66.38289,103.83278,103.81386,1.11367,1.22666,-0.11299322,78.36240,71.40388,32.022947,57.44791,0.79706939,105.76536,103.50491,101.24446,2025-04-23,14:00
2025-04-23 14:15:00,103.96,104.115,103.6401,103.715,3780941,63.054943,103.89667,103.79409,1.038221,1.18897,-0.15075313,64.034747,70.42173,31.39751,27.58580,0.77405724,104.52558,103.74666,102.96774,2025-04-23,14:15
2025-04-23 14:30:00,103.715,103.92,103.31,103.32,3924431,58.0059979,103.89222,103.69927,0.93576778,1.13833,-0.20256499,40.93552,61.11089,30.19065,-32.086148,0.76233891,104.52657,103.72572,102.92487,2025-04-23,14:30
2025-04-23 14:45:00,103.3101,103.76,103.27,103.5,4021910,59.59379,103.86278,103.65942,0.85919323,1.082505,-0.22331164,51.46186,52.14404,28.99481,-35.084566,0.74288652,104.52520,103.72972,102.93425,2025-04-23,14:45
2025-04-23 15:00:00,103.49,103.6699,103.041603,103.1044,4587002,54.69880,103.75716,103.54841,0.75784976,1.017574,-0.25972408,27.47932,39.95890,27.45077,-80.16571,0.73470148,104.53748,103.69694,102.85641,2025-04-23,15:00
2025-04-23 15:15:00,103.109,103.15,102.32,102.42,7474900,47.43897,103.56660,103.32273,0.61521693,0.93710246,-0.32188553,4.97504,27.97207,26.14432,-173.29276,0.74150864,104.58534,103.60869,102.63205,2025-04-23,15:15
2025-04-23 15:30:00,102.42,102.7,102.019997,102.22,7023907,45.53698,103.37327,103.10218,0.48050238,0.84578244,-0.36528007,8.65819,13.70418,25.34978,-197.21727,0.73711519,104.61849,103.50957,102.40065,2025-04-23,15:30
2025-04-23 15:45:00,102.22,102.87,102.035004,102.535,13782461,49.0049616,103.20604,102.98875,0.39460937,0.75554783,-0.36093846,22.29463,11.97595,24.30079,-144.52167,0.74410690,104.61640,103.44307,102.26974,2025-04-23,15:45
2025-04-24 09:30:00,103.475,104.099998,103.11,103.9788,23063132,61.20000,103.19480,103.18676,0.43799178,0.69203662,-0.25404484,84.79640,38.58307,23.60458,46.49889,0.80274175,104.57958,103.43176,102.28394,2025-04-24,09:30
2025-04-24 09:45:00,103.9748,105.15,103.9609,104.9487,14160473,66.92261,103.30466,103.53915,0.54436059,0.66250141,-0.11814082,93.56865,66.88656,24.015237,165.51690,0.83033892,104.83669,103.52234,102.20800,2025-04-24,09:45
2025-04-24 10:00:00,104.945,105.019997,104.46,104.79,10168611,65.22740,103.42410,103.78932,0.60883469,0.65176807,-0.042933381,88.49840,88.95448,24.39657,154.66580,0.81102882,105.010138,103.61484,102.21955,2025-04-24,10:00
2025-04-24 10:15:00,104.8,105.385,104.6294,105.3687,8647195,68.37344,103.65173,104.10519,0.69857417,0.66112929,0.037444883,99.51548,93.86084,25.080032,175.15749,0.80706962,105.29909,103.71978,102.14047,2025-04-24,10:15
2025-04-24 10:30:00,105.365,105.59,104.97,105.025002,8922154,64.63327,103.82118,104.28916,0.73350453,0.67560434,0.057900196,84.17381,90.72923,25.89382,160.84602,0.79370716,105.46696,103.81403,102.16110,2025-04-24,10:30
2025-04-24 10:45:00,105.019997,105.135,104.73,104.85,7064508,62.75101,104.015133,104.40132,0.73855224,0.68819392,0.050358324,79.27177,87.65369,26.20403,115.66927,0.76594227,105.58658,103.88853,102.19048,2025-04-24,10:45
2025-04-24 11:00:00,104.85,105.97,104.76,105.9197,8967952,68.74302,104.40399,104.70500,0.81942282,0.71443970,0.10498312,98.72660,87.39073,27.22053,159.62780,0.79766053,105.90913,103.99627,102.083403,2025-04-24,11:00
2025-04-24 11:15:00,105.92,105.98,105.23,105.345,6847020,62.88972,104.75121,104.83300,0.82759983,0.73707173,0.090528108,83.96462,87.32100,28.17244,132.19941,0.79425621,106.062147,104.060765,102.059384,2025-04-24,11:15
2025-04-24 11:30:00,105.35,105.54,105.1316,105.295,5808751,62.39194,105.057877,104.92540,0.82058615,0.75377461,0.066811535,82.70192,88.46438,28.86007,98.86563,0.76669515,106.19136,104.11876,102.046173,2025-04-24,11:30
2025-04-24 11:45:00,105.295,105.74,105.24,105.2987,5928113,62.41565,105.20453,105.000059173,0.80603486,0.76422666,0.041808198,82.79536,83.15397,29.68091,93.77756,0.74764550,106.31904,104.18570,102.052364,2025-04-24,11:45
2025-04-24 12:00:00,105.3,105.43,105.037903,105.425,4783647,63.26686,105.25746,105.085048,0.79552428,0.77048618,0.025038093,85.98486,83.82738,30.014542,75.25280,0.72224921,106.45378,104.25495,102.056116,2025-04-24,12:00
2025-04-24 12:15:00,105.425,105.88,105.34,105.7489,5501586,65.42915,105.36400,105.21782,0.80406173,0.77720129,0.026860437,94.16410,87.64811,30.76035,90.24281,0.70923148,106.62909,104.33839,102.047702,2025-04-24,12:15
2025-04-24 12:30:00,105.74,106.22,105.7,105.84,7230043,66.034719,105.41637,105.34225,0.80885435,0.78353190,0.025322450,90.91983,90.35627,31.75204,97.46097,0.69571525,106.80605,104.43239,102.058736,2025-04-24,12:30
2025-04-24 12:45:00,105.84,106.27,105.67,106.15,6621629,68.083638,105.54137,105.50380,0.82812131,0.79244978,0.035671522,96.20268,93.76220,32.71645,95.89562,0.68887834,107.016271,104.55415,102.092019,2025-04-24,12:45
2025-04-24 13:00:00,106.155,106.37,105.94,106.2682,5879790,68.85511,105.69894,105.65668,0.84320845,0.80260152,0.040606934,95.77440,94.29897,33.70262,99.91130,0.67038705,107.20318,104.70156,102.19993,2025-04-24,13:00
2025-04-24 13:15:00,106.2688,106.38,105.91,106.295,4553330,69.037806,105.74064,105.78435,0.84755710,0.81159263,0.035964466,95.57296,95.85001,34.54056,94.17143,0.65607323,107.37094,104.84131,102.31167,2025-04-24,13:15
2025-04-24 13:30:00,106.2983,106.46,105.86,106.028397,4605216,64.95492,105.81658,105.83316,0.82003803,0.81328171,0.0067563161,76.42286,89.25674,35.40010,84.64223,0.65206789,107.43537,104.98750,102.53964,2025-04-24,13:30
2025-04-24 13:45:00,106.029602,106.38,105.94,106.26,3904343,66.79226,105.92380,105.91853,0.80760800,0.81214697,-0.0045389740,88.43945,86.81176,36.19825,89.51108,0.63691981,107.38178,105.17951,102.97723,2025-04-24,13:45
2025-04-24 14:00:00,106.255,106.45,106.17,106.28,4061308,66.95336,106.032834,105.99082,0.79026103,0.80776978,-0.017508752,89.59533,84.81921,37.018636,99.97405,0.61142545,107.16454,105.38251,103.60047,2025-04-24,14:00
2025-04-24 14:15:00,106.28,106.4398,106.089996,106.3347,4133224,67.41899,106.13391,106.059597,0.77202803,0.80062143,-0.028593401,92.62954,90.22144,37.51751,97.72093,0.59273793,106.83383,105.57249,104.31115,2025-04-24,14:15
2025-04-24 14:30:00,106.33,106.5,106.28,106.3353,3823860,67.42437,106.19907,106.11474,0.74899235,0.79029562,-0.041303266,88.73513,90.32000,38.059942,101.19109,0.56611388,106.75982,105.69031,104.62081,2025-04-24,14:30
2025-04-24 14:45:00,106.34,106.45,106.14,106.1683,3611318,64.22105,106.23554,106.12545,0.70908700,0.77405389,-0.064966890,77.31319,86.22595,38.073985,76.44530,0.54781986,106.78312,105.75129,104.71947,2025-04-24,14:45
2025-04-24 15:00:00,106.16,106.22,105.5101,105.73,5875938,56.61825,106.18888,106.046360,0.63477779,0.74619867,-0.11142089,47.33615,71.12816,36.24762,5.93619,0.55939700,106.73162,105.79829,104.86497,2025-04-24,15:00
2025-04-24 15:15:00,105.725,106.059998,105.69,105.725,5079185,56.53594,106.12852,105.98209,0.56892513,0.71074396,-0.14181883,46.99384,57.21440,34.55171,1.12749,0.54586830,106.72934,105.81611,104.90288,2025-04-24,15:15
2025-04-24 15:30:00,105.725,106.18,105.67,106.074997,5070730,60.82484,106.10408,106.00066927,0.53876780,0.67634873,-0.13758093,63.36192,52.56397,33.22397,22.98912,0.54330643,106.71194,105.86861,105.025281,2025-04-24,15:30
2025-04-24 15:45:00,106.074997,106.54,105.98,106.38,13927466,64.14517,106.14314,106.076535,0.53333096,0.64774518,-0.11441422,84.46415,64.93997,32.67080,82.43947,0.54449865,106.67489,105.94511,105.21533,2025-04-24,15:45
2025-04-25 09:30:00,106.86,107.72,105.73,107.014999,25735037,69.87075,106.22703,106.26423,0.57364893,0.63292593,-0.059276999,68.098020,71.97470,33.67722,175.26103,0.64774859,106.86555,105.99987,105.13420,2025-04-25,09:30
2025-04-25 09:45:00,107.014999,107.21,106.35,106.86,9680440,67.055955,106.29148,106.38338,0.58633519,0.62360778,-0.037272587,61.084183,71.21545,34.61175,155.15857,0.66290945,106.96367,106.075624,105.18758,2025-04-25,09:45
2025-04-25 10:00:00,106.9,108.099998,106.77,108.040001,12293531,75.23536,106.48095,106.71471,0.68372377,0.63563098,0.048092793,97.68340,75.62187,36.23961,281.13698,0.71055891,107.38042,106.21287,105.045330,2025-04-25,10:00
2025-04-25 10:15:00,108.040001,108.07,107.17,107.541,8810415,67.59264,106.61492,106.87996,0.71242733,0.65099025,0.061437080,78.41620,79.061262,37.75120,225.68790,0.72409052,107.54913,106.32499,105.10085,2025-04-25,10:15
2025-04-25 10:30:00,107.56,108.49,107.31,108.35,8198844,72.47457,106.85733,107.17397,0.79133250,0.67905870,0.11227380,95.30187,90.46716,39.45484,225.71603,0.75665551,107.91037,106.47124,105.032107,2025-04-25,10:30
2025-04-25 10:45:00,108.35,108.505,107.82,108.090103,7387315,68.88448,107.11957,107.35720,0.82340237,0.70792743,0.11547494,86.14663,86.62157,41.047153,183.59884,0.75153708,108.14909,106.58830,105.027505,2025-04-25,10:45
2025-04-25 11:00:00,108.099998,108.49,107.89,108.46,4975070,71.080218,107.42346,107.57776,0.86865220,0.74007239,0.12857981,98.49750,93.31533,42.52573,160.98023,0.74071290,108.43863,106.71930,104.99997,2025-04-25,11:00
2025-04-25 11:15:00,108.455,108.98,108.28,108.66,7050304,72.22166,107.71068,107.79421,0.91015996,0.77408990,0.13607006,90.77785,91.80733,44.24083,161.27041,0.73780516,108.73730,106.84480,104.95230,2025-04-25,11:15
2025-04-25 11:30:00,108.66,109.32,108.6,109.07,7149530,74.44808,108.0095673,108.049366,0.96501432,0.81227478,0.15273954,93.43815,94.23783,46.037929,156.11780,0.73653345,109.088898,106.98489,104.88088,2025-04-25,11:30
2025-04-25 11:45:00,109.080002,109.28,108.9,109.019997,6299801,73.67253,108.23234,108.24349,0.99300523,0.84842087,0.14458435,92.12569,92.11390,47.70666,135.40111,0.71106658,109.37630,107.12114,104.86598,2025-04-25,11:45
2025-04-25 12:00:00,109.025002,109.095001,108.48,108.8883,6390315,71.55815,108.45771,108.37245,0.99311325,0.87735935,0.11575390,88.17256,91.24547,47.93495,103.91483,0.70420453,109.58571,107.26413,104.94256,2025-04-25,12:00
2025-04-25 12:15:00,108.8885,109.52,108.792,109.475,5326750,75.00031928,108.61716,108.59296,1.028683,0.90762401,0.12105866,98.83122,93.043157,48.51986,116.61269,0.70590398,109.88705,107.42488,104.96272,2025-04-25,12:15
2025-04-25 12:30:00,109.47,110.67,109.32,110.405,13343981,79.28085,108.93538,108.95537,1.11902,0.94990234,0.16911329,94.63563,93.87980,49.80441,149.12233,0.75191073,110.35256,107.63113,104.90971,2025-04-25,12:30
2025-04-25 12:45:00,110.405,111.019897,110.12,110.97,7730405,81.36809,109.22649,109.35830,1.22211,1.0043436,0.21776487,99.056763,97.50787,51.16933,158.17502,0.76248101,110.87699,107.86290,104.84880,2025-04-25,12:45
2025-04-25 13:00:00,110.972,111.305,110.5448,111.2699,8342976,82.38258,109.57980,109.74062,1.31288,1.066050,0.24682541,99.29157,97.66132,52.56860,154.98717,0.76231812,111.38012,108.10963,104.83914,2025-04-25,13:00
2025-04-25 13:15:00,111.265,111.92,111.135,111.87,10433751,84.23265,109.95869,110.16649,1.41690,1.13622,0.28067934,99.029215,99.12585,54.12110,162.42377,0.76393797,111.92251,108.39471,104.86692,2025-04-25,13:15
2025-04-25 13:30:00,111.8599,111.8995,110.5,110.73,11806688,69.33657,110.18869,110.27920,1.39131,1.18724,0.20407385,74.94748,91.089420,54.083892,119.60567,0.80933511,112.089405,108.64471,105.20002,2025-04-25,13:30
2025-04-25 13:45:00,110.73,110.77,109.8212,110.3687,10177420,65.38968,110.33299,110.29710,1.32659,1.21511,0.11147965,66.34924,80.10865,52.72959,77.48497,0.81929683,112.12339,108.87690,105.63041,2025-04-25,13:45
2025-04-25 14:00:00,110.36,110.73,110.15,110.479,5911274,66.025490,110.49510,110.33348,1.26956,1.22600,0.043560515,64.85360,68.71677,51.47203,76.42634,0.80220433,112.14488,109.097100,106.049316,2025-04-25,14:00
2025-04-25 14:15:00,110.475,111.089996,110.41,110.835,6007426,68.064691,110.71140,110.43378,1.23881,1.22856,0.010248677,73.076938,68.093260,50.62352,83.76479,0.79347493,112.18656,109.31985,106.45314,2025-04-25,14:15
2025-04-25 14:30:00,110.84,111.44,110.83,111.249,6539380,70.29741,110.90851,110.59682,1.23363,1.22957,0.0040522649,81.56600,73.16551,50.12591,93.58720,0.78036962,112.31015,109.53155,106.75295,2025-04-25,14:30
2025-04-25 14:45:00,111.25,111.3781,110.9043,111.089996,6920308,68.32174,110.98462,110.69546,1.20282,1.22422,-0.021401016,75.87200,76.83831,49.66385,82.45740,0.75847183,112.31210,109.74305,107.17400,2025-04-25,14:45
2025-04-25 15:00:00,111.089996,111.19,110.6,110.785,5742575,64.57296,110.96407,110.71337,1.14065,1.20751,-0.066857693,67.0059239,74.81464,48.58292,61.53733,0.74643842,112.36258,109.88030,107.39802,2025-04-25,15:00
2025-04-25 15:15:00,110.7801,111.050003,110.68,110.735,5841854,63.95340,110.90463,110.71769,1.074954,1.18100,-0.10604397,65.55234,69.47676,47.57921,54.34654,0.71955015,112.30083,110.040000,107.77917,2025-04-25,15:15
2025-04-25 15:30:00,110.74,110.75,110.22,110.5,7980206,60.99155,110.75241,110.67416,0.99248494,1.14330,-0.15081029,54.60362,62.38729,45.68421,28.37079,0.70601077,112.27734,110.14750,108.017658,2025-04-25,15:30
2025-04-25 15:45:00,110.51,111.0,110.2,110.96,15092719,64.46112,110.77797,110.73132,0.95325727,1.10529,-0.15203037,63.076937,61.077632,44.23700,40.15983,0.71272450,112.22473,110.29099,108.35726,2025-04-25,15:45
2025-04-28 09:30:00,109.69,110.36,108.1,109.1,1244607,46.46486,110.63700,110.40506,0.76328402,1.036887,-0.27360290,26.17802,47.95286,42.25226,-92.75785,0.86610126,112.15286,110.32299,108.49313,2025-04-28,09:30
2025-04-28 09:45:00,109.1,109.56,108.25,108.46,777102,42.10867,110.41267,110.016048,0.55469205,0.94044794,-0.38575589,9.42409,32.89302,40.40929,-131.58678,0.89780831,112.18089,110.31299,108.44510,2025-04-28,09:45
2025-04-28 10:00:00,108.46,108.81,107.86,108.29,696795,41.0088646,110.12989,109.67084,0.37138277,0.82663491,-0.45525214,10.59114,15.39775,39.098302,-157.58391,0.90153629,112.27211,110.27399,108.27588,2025-04-28,10:00
2025-04-28 10:15:00,108.3,108.915,108.3,108.525,366907,43.21670,109.82722,109.44167,0.24227853,0.70976363,-0.46748510,16.46244,12.15922,37.71462,-129.15203,0.88178370,112.31982,110.24924,108.17866,2025-04-28,10:15
2025-04-28 10:30:00,108.53,108.68,108.1,108.57,395260,43.65160,109.54722,109.26734,0.14195723,0.59620235,-0.45424512,19.83239,15.62866,36.64573,-134.13305,0.86022772,112.34989,110.23333,108.11677,2025-04-28,10:30
2025-04-28 10:45:00,108.585,108.68,107.73,107.795,377242,38.22211,109.21500,108.97287,-0.000083188385,0.47694525,-0.47702843,1.75202,12.68228,36.038327,-145.84620,0.86664003,112.50001,110.14933,107.79865,2025-04-28,10:45
2025-04-28 11:00:00,107.83,107.99,107.12,107.48,479866,36.24858,108.85333,108.67430,-0.13649567,0.35425706,-0.49075274,8.33333,9.97258,36.040255,-148.14016,0.86688002,112.62073,110.0030799,107.38543,2025-04-28,11:00
2025-04-28 11:15:00,107.47,107.48,106.39,106.595,592048,31.35084,108.41944,108.25844,-0.31241434,0.22092278,-0.53333712,4.059404,4.71492,36.61025,-156.10232,0.88281716,112.75026,109.78433,106.81840,2025-04-28,11:15
2025-04-28 11:30:00,106.605,107.52,106.605,107.2,461369,37.56171,108.0016667,108.046749,-0.39841997,0.097054232,-0.49547420,16.23866,9.54380,37.064560,-121.94682,0.88583022,112.66717,109.58083,106.49450,2025-04-28,11:30
2025-04-28 11:45:00,107.2,107.45,106.965,107.265,233531,38.20854,107.79778,107.89040,-0.45607771,-0.013572156,-0.44250555,18.22916,12.84241,37.48641,-104.078618,0.85719949,112.40639,109.35058,106.29478,2025-04-28,11:45
2025-04-28 12:00:00,107.27,107.33,106.86,106.965,253015,36.33749,107.63167,107.70532,-0.51998531,-0.11485479,-0.40513052,12.33905,15.60229,37.96656,-101.83589,0.82954239,112.31731,109.16233,106.0073637,2025-04-28,12:00
2025-04-28 12:15:00,106.96,107.16,106.545,106.56,249868,33.92242,107.43944,107.47626,-0.59643730,-0.21117129,-0.38526601,3.68764,11.41861,38.67358,-103.97560,0.81421793,112.26919,108.97190,105.67461,2025-04-28,12:15
2025-04-28 12:30:00,106.58,106.94,106.56,106.93,205871,37.97799,107.26222,107.36700,-0.62002291,-0.29294161,-0.32708130,11.71367,9.24678,39.33010,-92.94394,0.78320236,112.12999,108.79445,105.45891,2025-04-28,12:30
2025-04-28 12:45:00,106.92,107.255,106.54,106.7,254885,36.47916,107.054444,107.23360,-0.64978346,-0.36430998,-0.28547347,7.80856,7.73662,39.19367,-85.48672,0.77833077,111.90423,108.58770,105.27117,2025-04-28,12:45
2025-04-28 13:00:00,106.69,106.82,106.115,106.135,285908,33.030561,106.87000,107.013883,-0.71076641,-0.43360127,-0.27716514,0.58055152,6.70093,39.48306,-100.97373,0.77309286,111.57615,108.33200,105.087851,2025-04-28,13:00
2025-04-28 13:15:00,106.115,106.55,106.02,106.28,225746,34.73577,106.73667,106.86711,-0.73887822,-0.49465666,-0.24422156,8.98100,5.79004,39.84063,-97.12978,0.75572908,111.19214,108.091500,104.99086,2025-04-28,13:15
2025-04-28 13:30:00,106.28,106.65,106.17,106.635,167386,38.84161,106.74111,106.82068,-0.72416379,-0.54055808,-0.18360570,21.24352,10.26836,39.92246,-80.43039,0.73603415,110.78487,107.88400,104.98313,2025-04-28,13:30
2025-04-28 13:45:00,106.63,107.04,106.605,106.99,182771,42.72219,106.71778,106.85455,-0.67606372,-0.56765921,-0.10840451,36.46617,22.23023,39.067872,-53.46765,0.71453171,110.30615,107.69675,105.087346,2025-04-28,13:45
2025-04-28 14:00:00,106.99,107.08,106.7,107.055,172157,43.42997,106.69444,106.89464,-0.62548887,-0.57922514,-0.046263727,38.90977,32.20649,38.18198,-44.56475,0.69063658,109.80508,107.52450,105.24392,2025-04-28,14:00
2025-04-28 14:15:00,107.07,107.395,107.03,107.3,189041,46.13194,106.73167,106.97571,-0.55919246,-0.57521861,0.016026146,64.97462,46.78352,36.64530,-13.20743,0.66737683,108.98972,107.34150,105.69328,2025-04-28,14:15
2025-04-28 14:30:00,107.295,107.53,107.08,107.43,195053,47.56311,106.82833,107.066569,-0.49050789,-0.55827646,0.067768570,93.37748,65.75396,34.92550,6.031676,0.65184991,108.69739,107.25800,105.81861,2025-04-28,14:30
2025-04-28 14:45:00,107.43,107.6,107.33,107.47,162930,48.020720,106.88833,107.14725,-0.42791448,-0.53220407,0.10428958,91.77215,83.37475,33.17378,30.73393,0.62457492,108.54344,107.20850,105.87356,2025-04-28,14:45
2025-04-28 15:00:00,107.48,107.87,107.41,107.86,214672,52.38386,107.017222,107.28980,-0.34288643,-0.49434054,0.15145411,99.45946,94.86970,30.96336,70.96589,0.61281957,108.46418,107.18700,105.90982,2025-04-28,15:00
2025-04-28 15:15:00,107.86,108.28,107.86,108.19,294690,55.76721,107.24556,107.46984,-0.24603669,-0.44467977,0.19864308,96.017699,95.74977,29.38113,136.026740,0.59904674,108.38401,107.17025,105.95649,2025-04-28,15:15
2025-04-28 15:30:00,108.18,108.52,108.115,108.26,350412,56.47371,107.46556,107.62787,-0.16176938,-0.38809769,0.22632831,89.60000,95.025720,28.32707,167.54553,0.58518626,108.30275,107.15475,106.0067497,2025-04-28,15:30
2025-04-28 15:45:00,108.27,108.85,108.255,108.68,658160,60.54564,107.69278,107.83830,-0.060400183,-0.32255819,0.26215801,93.99293,93.20354,27.87425,195.017645,0.58588724,108.50029,107.19900,105.89771,2025-04-28,15:45
2025-04-29 09:30:00,107.87,108.87,107.82,108.8012,18159730,61.66029,107.89402,108.030880,0.029376894,-0.25217117,0.28154807,97.58590,93.72628,26.50334,156.80227,0.61903837,108.73935,107.26506,105.79077,2025-04-29,09:30
2025-04-29 09:45:00,108.81,109.2198,108.46,108.8,9783679,61.64176,108.087912,108.18470,0.099284728,-0.18187999,0.28116472,86.88045,92.81976,25.79332,161.71631,0.62909304,108.95845,107.37531,105.79217,2025-04-29,09:45
2025-04-29 10:00:00,108.8,109.71,108.55,109.035004,10176260,63.93243,108.28069,108.35476,0.17167086,-0.11116982,0.28284068,81.70744,88.72460,25.82081,156.10431,0.66701468,109.20413,107.46706,105.72999,2025-04-29,10:00
2025-04-29 10:15:00,109.029999,109.13,108.2975,108.53,6921418,56.16966,108.40291,108.38981,0.18614199,-0.051707460,0.23784945,66.66665,78.41818,25.30481,98.80875,0.67883482,109.32453,107.53031,105.73609,2025-04-29,10:15
2025-04-29 10:30:00,108.54,109.099998,108.44,108.6,5882275,56.94994,108.52847,108.43185,0.20094251,-0.0011774657,0.20211998,64.25118,70.87509,24.82566,91.48910,0.67748920,109.44439,107.61206,105.77973,2025-04-29,10:30
2025-04-29 10:45:00,108.59,108.97,108.38,108.8501,4867118,59.70976,108.63848,108.51550,0.23019935,0.045097898,0.18510146,71.43184,67.44989,24.24274,83.50752,0.67124025,109.56780,107.72657,105.88533,2025-04-29,10:45
2025-04-29 11:00:00,108.855,109.089996,108.45,108.5986,4962153,55.83358,108.68388,108.53212,0.23043572,0.082165462,0.14827026,58.52996,64.73766,23.90321,73.78711,0.66900876,109.65051,107.81000,105.96948,2025-04-29,11:00
2025-04-29 11:15:00,108.6,108.91,108.5009,108.8098,3371822,58.28274,108.74497,108.58766,0.24484247,0.11470086,0.13014161,65.77186,65.24455,23.58793,69.16834,0.65044409,109.73111,107.91549,106.099862,2025-04-29,11:15
2025-04-29 11:30:00,108.81,109.23,108.535,109.19,3955757,62.33229,108.80163,108.70812,0.28366919,0.14849453,0.13517466,78.15139,67.48440,23.84080,83.13934,0.65362663,109.76941,108.068235,106.36706,2025-04-29,11:30
2025-04-29 11:45:00,109.18,109.24,108.81,108.9301,3351101,58.17502,108.81596,108.75252,0.29012329,0.17682028,0.11330301,66.091308,70.0048523,24.092175,79.86369,0.63765333,109.72809,108.20074,106.67339,2025-04-29,11:45
2025-04-29 12:00:00,108.93,109.27,108.87,109.14,3321914,60.46815,108.85373,108.83002,0.30861782,0.20317979,0.10543803,69.84128,71.36133,24.37840,86.22388,0.62067765,109.72462,108.32599,106.92736,2025-04-29,12:00
2025-04-29 12:15:00,109.1321,109.14,108.71,108.875,3335106,56.27334,108.83596,108.83901,0.29845127,0.22223409,0.076217188,55.82014,63.91757,24.13879,62.88757,0.60705784,109.69458,108.42024,107.14590,2025-04-29,12:15
2025-04-29 12:30:00,108.88,109.080002,108.7,108.89,2983657,56.45747,108.87596,108.84921,0.28828141,0.23544355,0.052837858,56.61376,60.75839,23.88427,57.94218,0.59083977,109.63521,108.51199,107.38877,2025-04-29,12:30
2025-04-29 12:45:00,108.88,108.915,108.22,108.375,4256042,48.85139,108.85096,108.75437,0.23594574,0.23554399,0.00040174815,29.36510,47.26633,22.26397,-6.98204,0.59827977,109.54556,108.56574,107.58592,2025-04-29,12:45
2025-04-29 13:00:00,108.375,108.59,108.28,108.525,2602131,50.92521,108.81483,108.70849,0.20421910,0.22927901,-0.025059913,20.46985,35.48290,20.75939,-28.53237,0.57768818,109.45140,108.62049,107.78958,2025-04-29,13:00
2025-04-29 13:15:00,108.5299,108.88,108.48,108.735,2958621,53.75227,108.82999,108.71380,0.19378682,0.22218057,-0.028393749,34.56377,28.13291,20.076486,10.027902,0.56499573,109.32585,108.68374,108.041635,2025-04-29,13:15
2025-04-29 13:30:00,108.74,109.13,108.74,109.066002,3128317,57.87178,108.85846,108.78424,0.20980965,0.21970639,-0.0098967344,80.57184,45.20182,19.98712,84.64076,0.55285294,109.28373,108.74404,108.20435,2025-04-29,13:30
2025-04-29 13:45:00,109.065002,109.68,108.98,109.43,5940890,61.89180,108.88512,108.91339,0.24900907,0.22556692,0.023442146,82.87670,66.0041041,20.88448,187.22064,0.56336323,109.36157,108.80604,108.25051,2025-04-29,13:45
2025-04-29 14:00:00,109.43,109.91,109.31,109.845,5733263,65.88841,108.98678,109.099712,0.30998864,0.24245127,0.067537373,96.15371,86.53408,22.058641,242.35227,0.56598057,109.54842,108.88529,108.22216,2025-04-29,14:00
2025-04-29 14:15:00,109.8488,110.1999,109.78,109.9801,6377186,67.098145,109.080123,109.27579,0.36500934,0.26696288,0.098046454,88.89865,89.30969,23.54123,254.64189,0.55554618,109.75908,108.95030,108.14151,2025-04-29,14:15
2025-04-29 14:30:00,109.9852,110.080002,109.7,110.054497,3972151,67.77584,109.21118,109.43153,0.40989165,0.29554864,0.11434301,92.65613,92.56950,24.65900,198.20076,0.54300751,109.94989,109.012960,108.076033,2025-04-29,14:30
2025-04-29 14:45:00,110.055,110.065002,109.55,109.565,4074561,59.14377,109.28618,109.45823,0.40133675,0.31670626,0.084630489,67.93290,83.16256,25.21226,126.63602,0.54100693,110.012387,109.051210,108.090033,2025-04-29,14:45
2025-04-29 15:00:00,109.565,109.8799,109.1901,109.7,6568767,60.63288,109.43340,109.50658,0.40082934,0.33353087,0.067298466,74.75116,78.44673,24.66795,88.83521,0.55163475,110.086244,109.084460,108.082676,2025-04-29,15:00
2025-04-29 15:15:00,109.7,109.7499,108.8201,109.4,7983164,55.76837,109.53062,109.48526,0.37193269,0.34121124,0.030721449,59.59909,67.42772,23.23680,37.75467,0.57864670,110.10491,109.12796,108.15101,2025-04-29,15:15
2025-04-29 15:30:00,109.4,109.53,108.78,108.88,5954459,48.50418,109.54673,109.36421,0.30357249,0.33368349,-0.030111001,33.33487,55.89504,21.81297,-9.87258,0.59088622,110.096001,109.14196,108.18792,2025-04-29,15:30
2025-04-29 15:45:00,108.8912,109.34,108.77,108.92,10589586,49.053917,109.53051,109.27537,0.24974536,0.31689586,-0.067150498,35.35523,42.76306,20.46575,-22.26498,0.58939432,110.095698,109.14546,108.19521,2025-04-29,15:45
2025-04-30 09:30:00,104.47,105.44,104.080002,105.050003,32046685,23.22329,109.043844,108.43030,-0.10399054,0.23271858,-0.33670912,15.84996,28.18002,23.44001,-493.10469,0.89300875,110.98589,108.96803,106.95016,2025-04-30,09:30
2025-04-30 09:45:00,105.050003,105.537,104.56,104.65,10733491,21.93746,108.46662,107.67424,-0.41185793,0.10380328,-0.51566121,9.31388,20.17302,26.041108,-307.65388,0.89900849,111.52098,108.76004,105.99909,2025-04-30,09:45
2025-04-30 10:00:00,104.655,105.84,104.57,105.7799,9299607,33.19029,107.99993,107.29537,-0.55823672,-0.028604722,-0.52963200,27.77658,17.64681,27.94708,-197.48951,0.92550764,111.63022,108.58953,105.54884,2025-04-30,10:00
2025-04-30 10:15:00,105.79,106.12,105.6,105.985,7408543,35.021351,107.54777,107.033295,-0.65019795,-0.15292337,-0.49727459,31.12796,22.73947,29.25321,-133.095112,0.89654311,111.68150,108.44228,105.20305,2025-04-30,10:15
2025-04-30 10:30:00,105.98,106.44,105.67,106.3653,7436962,38.39298,107.19224,106.89970,-0.68450017,-0.25923873,-0.42526144,37.34216,32.082233,29.94677,-99.67129,0.88750462,111.64734,108.30354,104.95975,2025-04-30,10:30
2025-04-30 10:45:00,106.36,106.39,105.82,106.0049973,6259170,36.46260,106.78169,106.72076,-0.73231690,-0.35385436,-0.37846254,31.45471,33.30828,30.59079,-88.61972,0.86482570,111.63710,108.16004,104.68298,2025-04-30,10:45
2025-04-30 11:00:00,105.97,106.53,105.9686,106.28,5292523,38.98423,106.43502,106.63261,-0.73949721,-0.43098293,-0.30851428,35.94827,34.91505,30.94459,-70.52823,0.84315262,111.58231,108.029540,104.47677,2025-04-30,11:00
2025-04-30 11:15:00,106.2786,106.51,106.020103,106.375,4734524,39.87202,106.15669,106.58108,-0.72911705,-0.49060976,-0.23850729,38.24997,35.21765,31.27312,-61.30412,0.81792020,111.54973,107.92954,104.30935,2025-04-30,11:15
2025-04-30 11:30:00,106.375,106.9,106.26,106.89,4979365,44.57960,105.93113,106.64287,-0.67159284,-0.52680637,-0.14478647,46.95066,40.38297,30.86525,-42.10072,0.80521157,111.48431,107.84779,104.21127,2025-04-30,11:30
2025-04-30 11:45:00,106.89,106.8986,106.27,106.6216,4371807,42.70311,106.10576,106.63861,-0.64028154,-0.54950141,-0.090780131,43.82140,43.0073431,30.48652,-41.055746,0.79259653,111.39217,107.74212,104.092066,2025-04-30,11:45
2025-04-30 12:00:00,106.625,106.905,106.47,106.5901,3970639,42.47717,106.32132,106.62891,-0.61096558,-0.56179424,-0.049171342,44.27065,45.014238,30.12228,-34.98529,0.76705375,111.24827,107.61833,103.98838,2025-04-30,12:00
2025-04-30 12:15:00,106.6,106.67,105.88,106.055,5779707,38.72788,106.35189,106.51413,-0.62372094,-0.57417958,-0.049541358,36.23852,41.44352,30.43421,-47.64317,0.76869283,111.040528,107.44958,103.85862,2025-04-30,12:15
2025-04-30 12:30:00,106.059998,106.41,105.75,106.14,4454705,39.63929,106.36911,106.43930,-0.61982597,-0.58330886,-0.036517109,39.16349,39.89089,30.85551,-47.42809,0.76092932,110.72164,107.26432,103.80701,2025-04-30,12:30
2025-04-30 12:45:00,106.135,106.45,105.99,106.3584,3076719,42.025474,106.36834,106.42312,-0.59228866,-0.58510482,-0.0071838423,80.65129,52.017770,31.15678,-36.46698,0.73943430,110.32530,107.083240,103.84118,2025-04-30,12:45
2025-04-30 13:00:00,106.355,106.4516,105.64,105.8183,4094340,38.022362,106.34760,106.30216,-0.60704903,-0.58949366,-0.017555368,53.65885,57.82455,31.80784,-47.24771,0.74458898,109.85234,106.87143,103.89052,2025-04-30,13:00
2025-04-30 13:15:00,105.81,106.5,105.8002,106.47,3282877,44.84888,106.36871,106.33573,-0.55970779,-0.58353649,0.023828699,81.37055,71.89357,32.29433,-27.39070,0.74138966,109.43168,106.71668,104.0016839,2025-04-30,13:15
2025-04-30 13:30:00,106.4701,107.050003,106.38,107.0308,5305560,49.95688,106.44158,106.47474,-0.47150256,-0.56112970,0.089627141,98.67565,77.90168,31.49827,22.29180,0.73629082,108.93687,106.58322,104.22957,2025-04-30,13:30
2025-04-30 13:45:00,107.040001,107.27,106.83,107.050003,4265615,50.12722,106.45936,106.58979,-0.39549077,-0.52800192,0.13251114,86.50344,88.84988,30.31350,60.29191,0.71512682,108.45095,106.46572,104.48049,2025-04-30,13:45
2025-04-30 14:00:00,107.059998,107.77,106.86,107.4212,6980020,53.42726,106.54820,106.75608,-0.30181892,-0.48276532,0.18094639,83.62472,89.60127,28.29470,116.45226,0.72904605,108.10647,106.39278,104.67910,2025-04-30,14:00
2025-04-30 14:15:00,107.435,107.7304,107.0,107.195,4856230,51.20378,106.61541,106.84386,-0.24303452,-0.43481916,0.19178464,73.0048033,81.044320,26.42010,148.27321,0.72914276,107.63254,106.30653,104.98052,2025-04-30,14:15
2025-04-30 14:30:00,107.19,107.5,107.040001,107.145,3833365,50.70147,106.73652,106.90409,-0.19819759,-0.38749484,0.18929726,70.65724,75.76225,24.67940,121.20717,0.70991821,107.65194,106.41128,105.17062,2025-04-30,14:30
2025-04-30 14:45:00,107.15,107.835,107.13,107.39,4468737,53.12777,106.87541,107.0012699,-0.14126590,-0.33824905,0.19698316,79.72666,74.46290,23.39438,136.78126,0.70956704,107.56579,106.54828,105.53077,2025-04-30,14:45
2025-04-30 15:00:00,107.39,107.67,107.345,107.5399,3493755,54.60004,107.0066893,107.10900,-0.083093406,-0.28721792,0.20412452,86.55593,78.97994,22.20114,132.048996,0.68209775,107.67692,106.63628,105.59564,2025-04-30,15:00
2025-04-30 15:15:00,107.53,107.545,107.099998,107.255,4392139,51.30181,107.16632,107.13820,-0.059297157,-0.24163377,0.18233661,73.57622,79.95294,20.65361,89.95515,0.66516218,107.72863,106.69978,105.67093,2025-04-30,15:15
2025-04-30 15:30:00,107.25,107.6,107.040001,107.58,4416601,54.66605,107.28966,107.22656,-0.014051331,-0.19611728,0.18206595,88.38281,82.83832,19.34128,93.088921,0.65765042,107.84512,106.76051,105.67591,2025-04-30,15:30
2025-04-30 15:45:00,107.58,108.88,107.57,108.775,19721736,64.40348,107.48346,107.53625,0.11688542,-0.13351674,0.25040216,96.75939,86.23947,19.89579,194.73048,0.70424664,108.23958,106.89902,105.55845,2025-04-30,15:45
2025-05-01 09:30:00,113.099998,114.079803,112.080002,112.991,37581516,80.39935,108.14357,108.62720,0.55445792,0.0040781890,0.55037973,87.099154,90.74712,23.31044,472.67599,1.032858,110.18288,107.23456,104.28625,2025-05-01,09:30
2025-05-01 09:45:00,112.991,113.87,112.77,112.8,13956693,78.67455,108.74121,109.46176,0.87573075,0.17840870,0.69732205,84.83614,89.56489,26.48118,311.82959,1.037654,111.34089,107.55582,103.77074,2025-05-01,09:45
2025-05-01 10:00:00,112.8,113.4,112.36,112.825,10138337,78.73883,109.36677,110.13441,1.11945,0.36661780,0.75283641,84.84460,85.59330,28.84497,207.92243,1.037822,112.26150,107.85257,103.44363,2025-05-01,10:00
2025-05-01 10:15:00,112.825,113.4365,112.75,113.33,7996355,80.047466,110.053989,110.77352,1.33793,0.56088097,0.77705266,90.26207,86.64760,31.053270,168.57054,1.012727,113.15650,108.18799,103.21947,2025-05-01,10:15
2025-05-01 10:30:00,113.32,113.68,113.1337,113.2203,7103147,78.91120,110.70180,111.26288,1.48511,0.74572650,0.73938211,88.14444,87.75037,33.19626,139.98133,0.97941128,113.88612,108.51950,103.15287,2025-05-01,10:30
2025-05-01 10:45:00,113.225,113.58,113.14,113.525,5840924,79.77015,111.36681,111.71530,1.60780,0.91814102,0.68965808,92.31555,90.24069,35.18617,117.57855,0.94088207,114.55329,108.89300,103.23270,2025-05-01,10:45
2025-05-01 11:00:00,113.53,113.59,113.3,113.5184,4436805,79.69444,112.062745,112.075924,1.68508,1.071528,0.61354733,92.070382,90.84346,37.038201,101.49907,0.89439002,115.11492,109.26192,103.40891,2025-05-01,11:00
2025-05-01 11:15:00,113.515,114.94,113.5,114.325,21402103,81.94941,112.81219,112.52574,1.79076,1.21537,0.57538550,92.21512,92.20035,39.26314,103.95489,0.93336233,115.74825,109.66025,103.57224,2025-05-01,11:15
2025-05-01 11:30:00,114.33,114.42,113.83,113.9248,8077531,77.35908,113.38439,112.80555,1.82123,1.33655,0.48468359,87.14930,90.47827,41.32915,88.096716,0.90883619,116.15588,110.065570,103.97526,2025-05-01,11:30
2025-05-01 11:45:00,113.93,114.13,113.050003,113.26,8166566,70.31328,113.41428,112.89644,1.77131,1.42350,0.34781479,78.73418,86.032867,41.94248,67.87360,0.92106176,116.41224,110.40507,104.39790,2025-05-01,11:45
2025-05-01 12:00:00,113.26,113.9,113.24,113.75,7026195,72.31479,113.51983,113.067152,1.75111,1.48902,0.26208781,84.93668,83.60672,42.51201,64.78491,0.90241476,116.70720,110.74103,104.77486,2025-05-01,12:00
2025-05-01 12:15:00,113.7476,113.78,113.16,113.6518,5106233,71.27764,113.61170,113.18408,1.70749,1.53271,0.17477484,83.69367,82.45484,42.90425,57.40878,0.88224192,116.91313,111.071120,105.22911,2025-05-01,12:15
2025-05-01 12:30:00,113.65,113.8,113.31,113.475,4085849,69.34910,113.62781,113.24227,1.63975,1.55412,0.085630115,80.12207,82.91747,43.28119,53.039600,0.85422504,117.053070,111.37381,105.69455,2025-05-01,12:30
2025-05-01 12:45:00,113.47,113.4999,112.86,113.13,4754353,65.61819,113.61778,113.21981,1.54047,1.55139,-0.010918747,36.71312,66.84295,42.82056,40.25968,0.83891612,117.058147,111.67056,106.28297,2025-05-01,12:45
2025-05-01 13:00:00,113.13,113.75,113.010002,113.6705,4198550,68.47929,113.63394,113.30995,1.48825,1.53876,-0.050511341,50.79458,55.87659,42.59060,45.60540,0.83185053,117.027152,111.99683,106.96652,2025-05-01,13:00
2025-05-01 13:15:00,113.67,113.87,113.4,113.5648,3567213,67.29978,113.63910,113.36092,1.42195,1.51540,-0.093453809,46.69748,44.73506,42.47262,47.49386,0.80600415,116.90665,112.30557,107.70450,2025-05-01,13:15
2025-05-01 13:30:00,113.57,113.73,112.9,113.1045,4188008,62.27004,113.50349,113.30964,1.31707,1.47574,-0.15866099,16.18719,37.89308,41.45306,30.42591,0.80771827,116.63912,112.58380,108.52849,2025-05-01,13:30
2025-05-01 13:45:00,113.099998,113.375,112.96,113.32,3331826,63.64013,113.43629,113.31171,1.23709,1.42801,-0.19091562,22.11532,28.33333,40.50632,23.11129,0.77966703,116.12849,112.88705,109.64562,2025-05-01,13:45
2025-05-01 14:00:00,113.32,113.68,113.23,113.66,3283132,65.75315,113.48073,113.38137,1.18745,1.37990,-0.19244469,38.46165,25.58805,39.93547,43.46972,0.75611917,115.34135,113.19105,111.040757,2025-05-01,14:00
2025-05-01 14:15:00,113.65,113.92,113.4,113.67,4875047,65.81604,113.47184,113.43909,1.13582,1.33108,-0.19525724,38.94216,33.17304,39.63903,62.39873,0.73925327,114.16364,113.43580,112.70797,2025-05-01,14:15
2025-05-01 14:30:00,113.67,113.75,113.32,113.51,3376225,63.79640,113.45609,113.45328,1.069669,1.27880,-0.20913016,31.25005,36.21795,39.19789,18.71126,0.71716378,114.16074,113.46175,112.76277,2025-05-01,14:30
2025-05-01 14:45:00,113.515,113.6173,113.23,113.26,3369918,60.66392,113.43220,113.41462,0.98570451,1.22018,-0.23447548,25.64116,31.94446,38.59478,-35.37302,0.69360198,114.12274,113.48475,112.84677,2025-05-01,14:45
2025-05-01 15:00:00,113.2655,113.29,112.97,113.21,4486098,60.029032,113.44109,113.37370,0.90469866,1.15708,-0.25238507,27.55901,28.15007,37.47999,-117.60109,0.66691610,114.081570,113.50401,112.92644,2025-05-01,15:00
2025-05-01 15:15:00,113.2,113.28,112.88,113.0,4016857,57.31605,113.36659,113.29896,0.81417051,1.088501,-0.27433057,13.20752,22.13590,36.25453,-147.61545,0.64785077,114.10170,113.48750,112.87331,2025-05-01,15:15
2025-05-01 15:30:00,113.0,113.040001,112.31,112.3477,6262280,49.78890,113.23136,113.10871,0.68193044,1.0071870,-0.32525651,2.34189,14.36947,34.010231,-245.82485,0.65371881,114.22821,113.44388,112.65954,2025-05-01,15:30
2025-05-01 15:45:00,112.35,112.75,111.32,111.53,16668233,42.29104,113.056412,112.79296,0.50532237,0.90681404,-0.40149166,8.076893,7.87543,32.68874,-301.92661,0.70916749,114.48721,113.34412,112.20104,2025-05-01,15:45
2025-05-02 09:30:00,114.18,115.4,113.9501,114.55,38133945,63.90855,113.19308,113.14437,0.60210759,0.84587275,-0.24376516,79.16671,29.86183,32.20576,212.39924,0.93494144,114.65299,113.39571,112.13842,2025-05-02,09:30
2025-05-02 09:45:00,114.56,114.715,113.61,113.93,12282575,59.020495,113.22308,113.30150,0.62161593,0.80102139,-0.17940545,63.97057,50.40473,31.33238,119.43228,0.94708817,114.58574,113.37596,112.16617,2025-05-02,09:45
2025-05-02 10:00:00,113.92,114.255,113.47,113.895,9002774,58.74730,113.24808,113.42020,0.62702399,0.76622191,-0.13919792,63.11264,68.74998,30.34560,84.80584,0.93551016,114.58161,113.37447,112.16732,2025-05-02,10:00
2025-05-02 10:15:00,113.8905,114.1196,113.37,113.905,7184457,58.80598,113.29197,113.51716,0.62491338,0.73796020,-0.11304682,63.35779,63.48034,29.29893,65.84015,0.92223056,114.63420,113.40672,112.17923,2025-05-02,10:15
2025-05-02 10:30:00,113.9,114.19,113.49,113.945,6325582,59.056795,113.36808,113.60273,0.61932922,0.71423400,-0.094904788,64.33821,63.60288,28.39711,75.29906,0.90635727,114.65772,113.41646,112.17521,2025-05-02,10:30
2025-05-02 10:45:00,113.93,114.4499,113.81,114.435,6299652,62.10090,113.50419,113.76918,0.64698442,0.70078409,-0.053799667,76.34795,68.014650,27.82294,121.89553,0.88732462,114.77129,113.45562,112.13996,2025-05-02,10:45
2025-05-02 11:00:00,114.43,114.65,114.3,114.479,5643280,62.37144,113.66852,113.91114,0.66478843,0.69358496,-0.028796525,77.42635,72.70417,27.49103,139.39207,0.84894418,114.89517,113.50582,112.11648,2025-05-02,11:00
2025-05-02 11:15:00,114.47,114.8,114.3498,114.6501,5354860,63.46370,113.92434,114.058935,0.68481086,0.69183014,-0.0070192751,81.62009,78.46480,27.33517,136.43260,0.82046267,115.044979,113.58183,112.11868,2025-05-02,11:15
2025-05-02 11:30:00,114.66,114.84,114.5532,114.77,3727466,64.24686,114.28434,114.20115,0.70225819,0.69391575,0.0083424404,84.55871,81.20172,27.23265,131.39900,0.78234366,115.18906,113.63680,112.084551,2025-05-02,11:30
2025-05-02 11:45:00,114.765,114.85,114.55,114.7599,3426282,64.12225,114.30767,114.31290,0.70711961,0.69655652,0.010563088,84.31132,83.49670,27.14870,113.86126,0.74789021,115.32335,113.69656,112.069771,2025-05-02,11:45
2025-05-02 12:00:00,114.765,115.23,114.65,115.155,8928835,66.83397,114.44378,114.48132,0.73438769,0.70412275,0.030264933,93.99503,87.62169,27.49333,129.55782,0.73589819,115.51946,113.79908,112.078707,2025-05-02,12:00
2025-05-02 12:15:00,115.15,115.25,114.65,114.745,4646460,61.62846,114.53822,114.53406,0.71467624,0.70623345,0.0084427877,83.94612,87.41749,27.83528,103.74834,0.72619106,115.62317,113.87034,112.11750,2025-05-02,12:15
2025-05-02 12:30:00,114.745,114.9799,114.67,114.695,3403109,61.0044002,114.62600,114.56624,0.68709949,0.70240666,-0.015307168,82.72055,86.88723,28.15280,83.33086,0.69645587,115.70783,113.92208,112.13634,2025-05-02,12:30
2025-05-02 12:45:00,114.695,114.7,114.4117,114.425,3726032,57.61200,114.67933,114.53800,0.63612539,0.68915040,-0.053025016,51.97049,72.87905,27.84920,51.51251,0.66730185,115.75457,113.95984,112.16510,2025-05-02,12:45
2025-05-02 13:00:00,114.43,114.455,113.95,114.095001,5058722,53.68264,114.64156,114.44940,0.56261419,0.66384316,-0.10122897,38.56380,57.75162,26.60552,14.93343,0.65570921,115.77257,113.98909,112.20560,2025-05-02,13:00
2025-05-02 13:15:00,114.095497,114.48,114.095497,114.3645,3377018,56.30373,114.62883,114.43242,0.52010702,0.63509593,-0.11498891,52.89897,47.81109,25.49096,26.26137,0.63637299,115.80229,114.044310,112.28633,2025-05-02,13:15
2025-05-02 13:30:00,114.365,114.64,114.19,114.595,3398934,58.46849,114.62271,114.46493,0.49926394,0.60792953,-0.10866559,65.15959,52.20745,24.72043,39.36484,0.62306042,115.84352,114.11356,112.38360,2025-05-02,13:30
2025-05-02 13:45:00,114.598,114.76,114.336,114.4553,3904045,56.63709,114.58775,114.46301,0.46609997,0.57956362,-0.11346365,54.84661,57.63506,24.20298,39.92814,0.60884207,115.84371,114.18633,112.52894,2025-05-02,13:45
2025-05-02 14:00:00,114.455,114.8782,114.43,114.76,3968744,59.60881,114.58776,114.52241,0.45911190,0.55547328,-0.096361379,65.97243,61.99288,23.91896,58.81751,0.59736738,115.74863,114.30694,112.86525,2025-05-02,14:00
2025-05-02 14:15:00,114.775,114.88,114.585,114.8,3238577,59.99639,114.54831,114.57793,0.45159582,0.53469779,-0.083101964,65.38493,62.067990,23.65833,70.019423,0.57576958,115.16172,114.47044,113.77916,2025-05-02,14:15
2025-05-02 14:30:00,114.81,115.029999,114.67,114.75,4637463,59.23125,114.54887,114.61234,0.43657192,0.51507261,-0.078500692,61.53855,64.29864,23.68249,80.49581,0.56035751,115.18175,114.48044,113.77913,2025-05-02,14:30
2025-05-02 14:45:00,114.76,114.77,114.33,114.5,4417396,55.42538,114.52720,114.58987,0.39988286,0.49203466,-0.092151803,42.30783,56.41044,22.79795,11.36801,0.55176018,115.16321,114.50894,113.85467,2025-05-02,14:45
2025-05-02 15:00:00,114.5,114.525,114.22,114.315,3591128,52.72556,114.51498,114.53490,0.35182316,0.46399236,-0.11216920,28.077280,43.97455,21.70272,-43.88376,0.53413447,115.12864,114.52994,113.93124,2025-05-02,15:00
2025-05-02 15:15:00,114.31,114.55,114.3,114.47,7339037,54.71586,114.55665,114.52192,0.32252474,0.43569884,-0.11317410,40.00023475,36.79511,20.74099,-33.10746,0.51383915,115.085311,114.55819,114.031070,2025-05-02,15:15
2025-05-02 15:30:00,114.47,114.48,114.12,114.2699,5213938,51.69025,114.54613,114.47151,0.27993195,0.40454546,-0.12461351,24.60767,30.89506,19.37723,-96.34021,0.50285068,115.041578,114.57444,114.10729,2025-05-02,15:30
2025-05-02 15:45:00,114.265,114.63,113.9,114.39,14154148,53.35736,114.52336,114.45521,0.25295221,0.37422681,-0.12127460,43.36275,35.99022,18.41410,-93.45594,0.51907533,115.042416,114.57219,114.10195,2025-05-02,15:45
2025-05-05 09:30:00,112.905,114.18,112.77,113.88,16659109,46.084728,114.45943,114.34017,0.18824765,0.33703098,-0.14878333,49.11502,39.028482,19.47570,-269.47205,0.59771300,115.10046,114.54224,113.98401,2025-05-05,09:30
2025-05-05 09:45:00,113.875,114.38,113.64,113.7465,7121172,44.37954,114.34682,114.22143,0.12475842,0.29457647,-0.16981805,43.20799,45.22859,19.96125,-149.23277,0.60787621,115.15109,114.49706,113.84302,2025-05-05,09:45
2025-05-05 10:00:00,113.76,114.2,113.11,113.305,7411061,39.21217,114.18071,114.038148,0.038375202,0.24333621,-0.20496101,23.67271,38.66524,21.098857,-201.67447,0.64231336,115.24576,114.42381,113.60186,2025-05-05,10:00
2025-05-05 10:15:00,113.31,113.6,112.915,113.245,6839989,38.55518,114.013489,113.87952,-0.034527413,0.18776349,-0.22229090,21.017949,29.29955,22.38021,-212.20737,0.64536223,115.30094,114.34806,113.39518,2025-05-05,10:15
2025-05-05 10:30:00,113.247,113.41,112.66,113.369,6000043,40.76419,113.88782,113.77742,-0.081359590,0.13393887,-0.21529846,29.91566,24.86877,23.85183,-188.63989,0.65283636,115.22704,114.25876,113.29048,2025-05-05,10:30
2025-05-05 10:45:00,113.3751,113.72,113.3,113.56,4052155,44.097857,113.80393,113.73393,-0.10188828,0.086773442,-0.18866172,37.97450,29.63604,24.42063,-106.0043927,0.63620506,115.18637,114.19951,113.21265,2025-05-05,10:45
2025-05-05 11:00:00,113.57,113.81,113.45,113.71,4181178,46.63784,113.71949,113.72915,-0.10484496,0.048449761,-0.15329472,44.30370,37.39795,24.72436,-74.51394,0.61647617,115.13159,114.15026,113.16893,2025-05-05,11:00
2025-05-05 11:15:00,113.7104,113.97,113.56,113.9199,3706876,50.057437,113.68060,113.76730,-0.089222482,0.020915312,-0.11013779,53.16025,45.14615,24.60523,-44.088858,0.60172813,115.10274,114.12501,113.14727,2025-05-05,11:15
2025-05-05 11:30:00,113.92,114.12,113.4,113.54,5180270,44.49925,113.58616,113.72184,-0.10627113,-0.0045219755,-0.10174915,41.70617,46.39004,24.74134,-57.54027,0.61017621,115.10778,114.097255,113.086733,2025-05-05,11:30
2025-05-05 11:45:00,113.53,113.7955,113.48,113.565,2873955,44.93260,113.55116,113.69047,-0.11642284,-0.026902148,-0.089520689,45.93917,46.93520,24.86773,-61.49668,0.58912779,115.085453,114.057280,113.029108,2025-05-05,11:45
2025-05-05 12:00:00,113.565,113.8,113.56,113.7499,2388098,48.15656,113.55153,113.70236,-0.10829997,-0.043181712,-0.065118258,55.32491,47.65675,24.97188,-44.051306,0.56419048,115.020542,114.015025,113.0095087,2025-05-05,12:00
2025-05-05 12:15:00,113.745,113.95,113.71,113.785,2696723,48.76978,113.60487,113.71889,-0.097901488,-0.054125667,-0.043775820,57.10678,52.79029,24.61859,-24.064036,0.54103387,114.97064,113.98151,112.99238,2025-05-05,12:15
2025-05-05 12:30:00,113.78,114.059998,113.61,114.021301,2899045,52.81573,113.69112,113.77937,-0.069788890,-0.057258312,-0.012530578,69.10163,60.51111,23.96565,-6.22297,0.53453128,114.86763,113.94458,113.021518,2025-05-05,12:30
2025-05-05 12:45:00,114.027298,114.059998,113.85,114.019302,2436917,52.77776,113.76338,113.82736,-0.047127492,-0.055232148,0.0081046559,79.029289,68.41257,23.35935,15.58125,0.51135040,114.74262,113.90554,113.068459,2025-05-05,12:45
2025-05-05 13:00:00,114.014999,114.099998,113.88,113.945,2924715,51.30129,113.80616,113.85088,-0.034763049,-0.051138328,0.016375279,74.70935,74.28009,22.66661,26.95494,0.49053975,114.60820,113.86529,113.12238,2025-05-05,13:00
2025-05-05 13:15:00,113.945,114.16,113.87,114.13,2989025,54.69930,113.85282,113.90671,-0.0099220069,-0.042895064,0.032973057,95.45455,83.064395,21.82215,54.32342,0.47621555,114.54248,113.84679,113.15110,2025-05-05,13:15
2025-05-05 13:30:00,114.135,114.37,114.099998,114.1999,2533414,55.95000,113.88393,113.96535,0.015229528,-0.031270145,0.046499674,90.052335,86.73874,20.36168,99.64862,0.46148617,114.52291,113.84104,113.15916,2025-05-05,13:30
2025-05-05 13:45:00,114.2,114.36,114.16,114.26,2071063,57.048093,113.96393,114.024277,0.039556242,-0.017104868,0.056661110,93.56721,93.024698,19.0055315,115.063329,0.44280837,114.47899,113.83054,113.18208,2025-05-05,13:45
2025-05-05 14:00:00,114.27,114.53,114.21,114.455,2720915,60.48938,114.062823,114.11042,0.073720381,0.0010601818,0.072660199,93.90267,92.50740,18.087352,146.20739,0.43403632,114.51768,113.83979,113.16190,2025-05-05,14:00
2025-05-05 14:15:00,114.455,114.47,114.29,114.371,1839577,58.32169,114.13183,114.16254,0.092946212,0.019437388,0.073508824,85.92947,91.13312,17.23476,137.91749,0.41589089,114.51369,113.83884,113.16399,2025-05-05,14:15
2025-05-05 14:30:00,114.37,114.66,114.34,114.655,2776159,63.13214,114.22850,114.26103,0.12960497,0.041470904,0.088134064,99.60279,93.14498,17.031563,154.73289,0.40904206,114.64068,113.87759,113.11450,2025-05-05,14:30
2025-05-05 14:45:00,114.65,114.66,114.13,114.18,3154806,52.26635,114.24613,114.24482,0.11895762,0.056968247,0.061989372,61.90456,82.47894,16.069871,92.10221,0.41768237,114.67081,113.89927,113.12773,2025-05-05,14:45
2025-05-05 15:00:00,114.18,114.34,114.040001,114.1699,2697533,52.061137,114.26287,114.22984,0.10845423,0.067265444,0.041188789,58.46572,73.32435,14.97667,56.16770,0.40927616,114.67177,113.94251,113.21326,2025-05-05,15:00
2025-05-05 15:15:00,114.165,114.42,114.14,114.374,3131799,55.83434,114.31053,114.25867,0.11527075,0.076866505,0.038404241,73.99986,64.79005,14.12943,77.088384,0.40004206,114.67646,113.99896,113.32147,2025-05-05,15:15
2025-05-05 15:30:00,114.36,114.62,114.25,114.29,3394146,53.95222,114.32831,114.26494,0.11259687,0.084012577,0.028584289,64.76177,65.74245,13.99279,86.37570,0.39789640,114.66798,114.045010,113.42204,2025-05-05,15:30
2025-05-05 15:45:00,114.28,114.37,113.67,113.81,8205931,44.68305,114.28499,114.17395,0.070927925,0.081395646,-0.010467722,19.047320,52.60298,13.93882,-28.85516,0.41947555,114.65035,114.057510,113.46467,2025-05-05,15:45
2025-05-06 09:30:00,111.445,112.010002,111.12,111.5099,17547956,23.68469,113.97942,113.64114,-0.14601031,0.035914456,-0.18192476,11.014127,31.60774,17.097887,-446.68603,0.58165550,115.20328,113.94751,112.69173,2025-05-06,09:30
2025-05-06 09:45:00,111.51,111.85,110.822,111.099998,8980402,21.72526,113.60664,113.13291,-0.34701116,-0.040670667,-0.30634049,7.24334,12.43493,20.21413,-321.43371,0.61353724,115.57257,113.80651,112.040454,2025-05-06,09:45
2025-05-06 10:00:00,111.11,112.13,110.9203,111.9151,8690386,33.50566,113.33377,112.88935,-0.43551356,-0.11963925,-0.31587431,28.48098,15.57948,22.43848,-201.57881,0.65611986,115.67304,113.72527,111.77749,2025-05-06,10:00
2025-05-06 10:15:00,111.915,112.97,111.79,112.655,9078571,42.033869,113.11154,112.84248,-0.44086668,-0.18388473,-0.25698194,47.75919,27.82784,22.79038,-102.95429,0.69353989,115.68214,113.67977,111.67739,2025-05-06,10:15
2025-05-06 10:30:00,112.65,113.23,112.59,113.035004,6565996,45.87346,112.98432,112.88098,-0.40972281,-0.22905235,-0.18067046,57.66030,44.63349,22.66062,-54.61314,0.68971612,115.66554,113.64402,111.62250,2025-05-06,10:30
2025-05-06 10:45:00,113.050003,113.25,112.7,112.715,4683595,43.27394,112.82267,112.84779,-0.40618079,-0.26447804,-0.14170275,49.32244,51.58064,22.50435,-53.020435,0.67973661,115.65056,113.59052,111.53048,2025-05-06,10:45
2025-05-06 11:00:00,112.71,112.93,112.58,112.69,3785844,43.068662,112.63556,112.81623,-0.40077068,-0.29173656,-0.10903411,48.67122,51.88465,22.50724,-57.51141,0.65618400,115.60988,113.52396,111.43803,2025-05-06,11:00
2025-05-06 11:15:00,112.71,113.13,112.58,113.07,3558931,47.17185,112.50000,112.86698,-0.36165163,-0.30571958,-0.055932050,58.57212,52.18859,22.11890,-38.87243,0.64859910,115.55837,113.47649,111.39461,2025-05-06,11:15
2025-05-06 11:30:00,113.065002,113.16,112.76,112.815,2978898,44.83655,112.38944,112.85659,-0.34722307,-0.31402028,-0.033202797,51.92812,53.057154,21.69837,-35.83668,0.63084213,115.50927,113.41999,111.33071,2025-05-06,11:30
2025-05-06 11:45:00,112.8149,112.94,112.63,112.73,3123052,44.053657,112.52501,112.83127,-0.33874225,-0.31896467,-0.019777576,50.23704,53.57909,21.50147,-41.51037,0.60792520,115.43323,113.34999,111.26676,2025-05-06,11:45
2025-05-06 12:00:00,112.72,113.79,112.6,113.6797,4434863,53.76722,112.81165,113.00095708,-0.25247792,-0.30566732,0.053189403,75.24226,59.13581,20.18902,3.42444,0.64950215,115.37689,113.32398,111.27107,2025-05-06,12:00
2025-05-06 12:15:00,113.69,113.69,112.83,113.017899,4620846,47.56910,112.93418,113.0043454,-0.23480816,-0.29149549,0.056687328,57.81721,61.098835,18.97032,-6.019406,0.66453775,115.27248,113.26188,111.25127,2025-05-06,12:15
2025-05-06 12:30:00,113.010101,113.4,112.93,113.010002,3705166,47.49875,112.97362,113.0054767,-0.21891837,-0.27698006,0.058061693,61.66857,64.90935,17.83867,-6.64250,0.65064229,115.12602,113.18963,111.25323,2025-05-06,12:30
2025-05-06 12:45:00,113.010002,113.050003,112.62,112.63,3658810,44.11705,112.92862,112.93038,-0.23428809,-0.26844167,0.034153580,60.91635,60.13404,16.91516,-31.27701,0.63488215,114.97415,113.10258,111.23100,2025-05-06,12:45
2025-05-06 13:00:00,112.63,113.115,112.61,112.965,3207254,47.65512,112.95640,112.93730,-0.21693637,-0.25814061,0.041204241,72.20337,64.92943,15.92804,-13.40252,0.62560465,114.74898,113.018075,111.28717,2025-05-06,13:00
2025-05-06 13:15:00,112.97,113.12,112.67,112.92,2640638,47.22263,112.98196,112.93384,-0.20445910,-0.24740431,0.042945204,69.68312,67.60095,15.00087929,-6.28837,0.61306179,114.60191,112.95508,111.30824,2025-05-06,13:15
2025-05-06 13:30:00,112.93,113.099998,112.72,112.79,2392358,45.92591,112.95084,112.90507,-0.20272360,-0.23846817,0.035744565,50,63.96216,14.13995,-2.91031,0.59641432,114.43634,112.88608,111.33582,2025-05-06,13:30
2025-05-06 13:45:00,112.79,113.0765,112.7347,112.875,2645416,46.95164,112.95751,112.89906,-0.19227308,-0.22922915,0.036956066,24.38015,48.021089,13.34051,10.84483,0.57822736,114.20328,112.81113,111.41898,2025-05-06,13:45
2025-05-06 14:00:00,112.88,113.305,112.88,113.235,2868149,51.17590,113.013622,112.96625,-0.15317621,-0.21401856,0.060842350,54.13224,42.83746,12.73215,61.48335,0.56763972,113.99348,112.75838,111.52328,2025-05-06,14:00
2025-05-06 14:15:00,113.2313,113.78,113.23,113.68,3989393,55.85538,113.013655,113.10900,-0.085300611,-0.18827497,0.10297436,90.90905,56.47381,13.15001,136.10684,0.56637941,113.96597,112.75188,111.53779,2025-05-06,14:15
2025-05-06 14:30:00,113.67,113.88,113.56,113.625,3803785,55.15180,113.081111,113.21220,-0.035537123,-0.15772740,0.12219028,80.38476,75.14202,13.72258,163.57741,0.54878086,113.98601,112.85764,111.72926,2025-05-06,14:30
2025-05-06 14:45:00,113.62,114.12,113.58,114.050102,4736324,59.40782,113.19668,113.37978,0.037767635,-0.11862839,0.15639603,95.40129,88.89837,14.68112,201.53658,0.54815372,113.92858,113.0051403,112.081700,2025-05-06,14:45
2025-05-06 15:00:00,114.050003,114.099998,113.78,114.070999,3250713,59.61072,113.35679,113.51802,0.096436728,-0.075615370,0.17205210,96.77609,90.85405,15.57120,186.53308,0.53185700,114.0050322,113.11294,112.22084,2025-05-06,15:00
2025-05-06 15:15:00,114.0755,114.3,113.99,114.23,4294511,61.20000,113.49734,113.66042,0.15398764,-0.029694767,0.18368241,95.88238,96.019922,16.75295,184.0036476,0.51601045,114.18096,113.19169,112.20241,2025-05-06,15:15
2025-05-06 15:30:00,114.2314,114.69,114.165,114.675,5041188,65.31364,113.69235,113.86334,0.23282110,0.022808406,0.21001269,99.27888,97.31245,18.45822,190.48266,0.51665267,114.45135,113.27369,112.096019,2025-05-06,15:30
2025-05-06 15:45:00,114.675,114.74,113.38,113.445,10934617,49.64581,113.76512,113.77967,0.19381204,0.057009134,0.13680291,39.20189,78.12105,17.89515,79.57357,0.57689180,114.46128,113.31019,112.15909,2025-05-06,15:45
2025-05-07 09:30:00,113.044998,113.42,112.615,113.145,18065567,46.70305,113.79512,113.65273,0.13710884,0.073029075,0.064079767,25.11722,54.53266,17.30841,-39.47004,0.59497109,114.45163,113.33294,112.21424,2025-05-07,09:30
2025-05-07 09:45:00,113.145,113.525,112.77,113.26,7783895,47.97612,113.79790,113.57419,0.10029499,0.078482259,0.021812732,30.51654,31.61188,16.55704,-23.24073,0.60640208,114.45525,113.34244,112.22962,2025-05-07,09:45
2025-05-07 10:00:00,113.27,113.65,113.030098,113.425,5526327,49.82780,113.76957,113.54435,0.083471733,0.079480153,0.0039915796,38.11789,31.25055,15.60995,1.40026,0.60736647,114.45938,113.37294,112.28649,2025-05-07,10:00
2025-05-07 10:15:00,113.425,113.52,113.1448,113.4803,4954750,50.46414,113.75349,113.53154,0.073751098,0.078334342,-0.0045832447,40.72014,36.45153,14.73050,-1.45468,0.59078303,114.45657,113.41045,112.36433,2025-05-07,10:15
2025-05-07 10:30:00,113.48,113.67,113.34,113.46,4345162,50.21234,113.68792,113.51723,0.063675229,0.075402520,-0.011727291,39.76476,39.53427,13.76389,15.48185,0.57215580,114.43863,113.39947,112.36030,2025-05-07,10:30
2025-05-07 10:45:00,113.4502,113.5,112.95,113.1803,4813176,46.75133,113.58896,113.44985,0.032743036,0.066870623,-0.034127587,26.60235,35.69575,13.48036,-31.47102,0.57057346,114.43719,113.40759,112.37798,2025-05-07,10:45
2025-05-07 11:00:00,113.18,113.38,112.9301,113.14,3923382,46.25663,113.46784,113.38788,0.0049205808,0.054480614,-0.049560034,24.70595,30.35769,13.25530,-41.96271,0.56195397,114.43518,113.41409,112.39299,2025-05-07,11:00
2025-05-07 11:15:00,113.145,113.5,113.125,113.295,3184762,48.51331,113.31451,113.36930,-0.0045691394,0.042670664,-0.047239803,32.000014361,27.76944,12.75393,-21.39592,0.54860011,114.40550,113.44734,112.48917,2025-05-07,11:15
2025-05-07 11:30:00,113.29,114.040001,113.23,114.019897,4691782,57.50118,113.37839,113.49942,0.045874689,0.043311469,0.0025632200,66.11292,40.93963,12.55397,52.61538,0.56727136,114.46236,113.50008,112.53780,2025-05-07,11:30
2025-05-07 11:45:00,114.023697,114.22,113.7,114.010002,4771384,57.35400,113.47450,113.60154,0.084084047,0.051465984,0.032618063,65.64726,54.58673,12.70192,81.25339,0.56389514,114.50264,113.55458,112.60652,2025-05-07,11:45
2025-05-07 12:00:00,114.0,114.0049973,113.82,113.875,2492393,55.27520,113.54283,113.65623,0.10229253,0.061631294,0.040661237,59.29422,63.68480,12.83929,60.28864,0.53718852,114.49802,113.60883,112.71964,2025-05-07,12:00
2025-05-07 12:15:00,113.8772,113.89,113.5,113.6799,3118781,52.32369,113.57116,113.66096,0.099829266,0.069270888,0.030558378,50.11309,58.35152,12.17583,15.017947,0.52667501,114.47217,113.64908,112.82598,2025-05-07,12:15
2025-05-07 12:30:00,113.68,113.99,113.5949,113.91,2624593,55.35179,113.61890,113.71077,0.11511746,0.078440203,0.036677258,60.94145,56.78292,11.77669,38.56611,0.51727650,114.49045,113.68283,112.87520,2025-05-07,12:30
2025-05-07 12:45:00,113.905,114.099998,113.76,113.9298,2388351,55.61301,113.67110,113.75458,0.12736286,0.088224734,0.039138127,81.91909,64.32454,11.64603,54.52439,0.50461363,114.51008,113.69532,112.88056,2025-05-07,12:45
2025-05-07 13:00:00,113.92,114.13,113.81,114.059998,2489175,57.37899,113.76884,113.81566,0.14589138,0.099758064,0.046133318,88.96530,77.27528,11.59192,63.41417,0.49142692,114.54625,113.71707,112.88788,2025-05-07,13:00
2025-05-07 13:15:00,114.059998,114.07,113.775,113.945,2333728,55.28667,113.85829,113.84153,0.14957183,0.10972082,0.039851014,78.68043,83.18827,11.43902,49.15040,0.47739629,114.53379,113.71181,112.88983,2025-05-07,13:15
2025-05-07 13:30:00,113.95,114.0,113.58,113.5854,3405301,49.24014,113.89056,113.79030,0.12206511,0.11218968,0.0098754347,50.80263,72.81612,10.73291,10.37330,0.47329643,114.49418,113.68753,112.88088,2025-05-07,13:30
2025-05-07 13:45:00,113.585,113.77,113.15,113.335,4264629,45.50779,113.81446,113.69924,0.079147930,0.10558133,-0.026433397,31.38996,53.62434,10.91649,-45.84439,0.48377490,114.42296,113.64278,112.86261,2025-05-07,13:45
2025-05-07 14:00:00,113.33,113.75,112.51,112.69,7550239,37.60155,113.66779,113.49739,-0.0068313369,0.083098794,-0.089930131,10.52634,30.90631,12.26322,-126.66732,0.53779083,114.27683,113.54353,112.81023,2025-05-07,14:00
2025-05-07 14:15:00,112.685,113.080002,112.2818,113.000099182,5338665,42.75117,113.57058,113.39794,-0.049379098,0.056603216,-0.10598231,37.060116,26.32547,13.85477,-149.10182,0.55639166,114.29127,113.52129,112.75130,2025-05-07,14:15
2025-05-07 14:30:00,112.995,113.54,112.8001,113.34,5294092,47.83313,113.53281,113.38635,-0.055037211,0.034275130,-0.089312341,54.59684,34.061099,14.096796,-60.87382,0.56949931,114.28651,113.53104,112.77556,2025-05-07,14:30
2025-05-07 14:45:00,113.34,113.825,112.77,113.76,5245042,53.34450,113.51614,113.46108,-0.025338265,0.022352451,-0.047690716,76.26671,55.97456,13.65978,-16.43388,0.60417795,114.30706,113.55604,112.80501,2025-05-07,14:45
2025-05-07 15:00:00,113.75,113.88,113.44,113.685,4394003,52.28222,113.48894,113.50586,-0.0077643754,0.016329086,-0.024093461,72.39691,67.75349,13.12936,28.29693,0.59245058,114.31954,113.56903,112.81853,2025-05-07,15:00
2025-05-07 15:15:00,113.685,113.82,113.15,113.235,4410500,46.32227,113.39728,113.45169,-0.029804368,0.0071023951,-0.036906763,51.57463,66.74608,13.19968,-31.23019,0.59798970,114.32057,113.55677,112.79297,2025-05-07,15:15
2025-05-07 15:30:00,113.23,117.55,113.19,116.91,25820890,73.19579,113.72672,114.14335,0.24643012,0.054967940,0.19146218,87.85166,70.60773,15.63314,368.63636,0.86670476,115.37588,113.72927,112.082657,2025-05-07,15:30
2025-05-07 15:45:00,116.91,117.68,114.8501,117.019997,38035593,73.62146,114.10834,114.71868,0.46881920,0.13773819,0.33108101,87.77364,75.73331,17.96731,334.97342,1.0069332,116.082135,113.92126,111.76037,2025-05-07,15:45
2025-05-08 09:30:00,118.48,118.59,117.21,117.79,30723620,76.44194,114.60334,115.33295,0.69913783,0.25001812,0.44911971,87.31816,87.64782,20.61405,313.76165,1.047152,116.86014,114.15376,111.44737,2025-05-08,09:30
2025-05-08 09:45:00,117.82,117.88,116.49,117.44,13031556,72.64000,115.13112,115.75436,0.84369941,0.36875438,0.47494503,81.76985,85.62055,21.96890,191.23844,1.071641,117.38840,114.36101,111.33361,2025-05-08,09:45
2025-05-08 10:00:00,117.44,117.64,116.71,117.040001,9901684,68.44988,115.58000,116.011486,0.91543615,0.47809073,0.43734542,75.42887,81.50563,23.22697,143.84213,1.061524,117.75023,114.51201,111.27379,2025-05-08,10:00
2025-05-08 10:15:00,117.049301,117.44,116.98,117.24,6050904,69.40029,116.013334,116.25719,0.97716200,0.57790498,0.39925701,78.59930,78.59934,24.39518,122.24567,1.018558,118.11149,114.67351,111.23553,2025-05-08,10:15
2025-05-08 10:30:00,117.23,117.2699,116.081497,116.44,8388643,61.42889,116.31111,116.29375,0.95056965,0.65243792,0.29813174,65.91746,73.31521,24.14021,81.0089182,1.030690,118.30183,114.80176,111.30169,2025-05-08,10:30
2025-05-08 10:45:00,116.44,116.76,115.85,116.145,8211264,58.74909,116.58444,116.26400,0.89536927,0.70102419,0.19434508,61.24091,68.58589,23.59324,58.59995,1.022069,118.43199,114.92502,111.41804,2025-05-08,10:45
2025-05-08 11:00:00,116.145,116.88,115.99,116.82,6164689,62.75297,116.98278,116.37520,0.89576386,0.73997212,0.15579174,71.94132,66.36656,23.20268,64.0091542,1.012636,118.63791,115.070515,111.50312,2025-05-08,11:00
2025-05-08 11:15:00,116.82,117.595,116.6202,117.26,8636508,65.12897,117.021667,116.55216,0.92096480,0.77617066,0.14479414,77.14786,70.11003,23.49545,78.99065,1.0099331,118.88585,115.23703,111.58820,2025-05-08,11:15
2025-05-08 11:30:00,117.26,118.2,117.029999,118.13,9494404,69.29913,117.14500,116.86773,0.99961511,0.82085955,0.17875556,92.096235,80.39514,24.24849,93.23372,1.021366,119.25433,115.44053,111.62672,2025-05-08,11:30
2025-05-08 11:45:00,118.14,118.375,117.825,117.9899,8166394,67.89113,117.16721,117.092162,1.038668,0.86442127,0.17424688,88.96878,86.070961,25.079928,94.59324,0.98769750,119.54585,115.64277,111.73969,2025-05-08,11:45
2025-05-08 12:00:00,117.9807,118.31,117.8301,118.21,5181568,68.95820,117.25277,117.31573,1.074986,0.90653430,0.16845214,93.014750,91.35992,25.85198,89.79677,0.95142601,119.80995,115.87400,111.93805,2025-05-08,12:00
2025-05-08 12:15:00,118.21,118.45,118.019997,118.049896,5217576,67.20853,117.36498,117.46256,1.078419,0.94091117,0.13750749,89.99814,90.66056,26.68506,86.85991,0.91418131,119.97329,116.10974,112.24620,2025-05-08,12:15
2025-05-08 12:30:00,118.044998,118.22,117.73,117.9516,3921704,66.099626,117.44404,117.56037,1.060977,0.96492428,0.096052404,82.93009,88.64766,26.93252,75.53515,0.88388250,119.97695,116.37282,112.76870,2025-05-08,12:30
2025-05-08 12:45:00,117.9599,118.245,117.81,118.175,3539127,67.41551,117.63682,117.68330,1.053042,0.98254778,0.070494024,84.85425,85.92749,27.18700,78.44631,0.85181983,119.96270,116.63157,113.30044,2025-05-08,12:45
2025-05-08 13:00:00,118.1713,118.2001,117.82,117.845,3023816,63.49484,117.82571,117.71564,1.0084996,0.98773815,0.020761466,76.73092,81.50509,27.42330,68.26728,0.81812585,119.86033,116.85682,113.85331,2025-05-08,13:00
2025-05-08 13:15:00,117.8333,118.059998,117.78,117.9049,2825603,63.90516,117.94626,117.75349,0.96688723,0.98356796,-0.016680734,79.034705,80.20662,27.55791,62.59280,0.77968820,119.73819,117.064065,114.38994,2025-05-08,13:15
2025-05-08 13:30:00,117.905,117.9562,117.53,117.8501,3811529,63.20517,118.011821,117.77281,0.91889461,0.97063329,-0.051738681,76.92694,77.56419,27.14994,49.69732,0.75443911,119.46718,117.27232,115.077463,2025-05-08,13:30
2025-05-08 13:45:00,117.8587,118.1883,117.77,117.865,3596140,63.32281,117.98238,117.79125,0.87201045,0.95090872,-0.078898278,77.50002,77.82055,27.075608,57.78055,0.73042949,118.69264,117.50382,116.31500,2025-05-08,13:45
2025-05-08 14:00:00,117.875,118.089996,117.81,117.94,3072451,63.94763,117.97683,117.82100,0.83132367,0.92699171,-0.095668045,80.38482,78.27059,27.0065872,53.25796,0.69825586,118.72588,117.55532,116.38476,2025-05-08,14:00
2025-05-08 14:15:00,117.94,118.191,117.9101,117.975,3347327,64.25363,117.95072,117.85180,0.79276449,0.90014627,-0.10738178,80.69111,79.52532,27.083905,58.76489,0.66844466,118.76022,117.60307,116.44592,2025-05-08,14:15
2025-05-08 14:30:00,117.9746,118.38,117.9746,118.2902,3621356,66.97261,117.97742,117.93948,0.77866419,0.87584985,-0.097185667,91.26691,84.11428,27.41881,79.98514,0.64965544,118.82137,117.62808,116.43479,2025-05-08,14:30
2025-05-08 14:45:00,118.29,118.3,117.95,118.019997,3020584,62.57835,117.98502,117.95558,0.73718864,0.84811761,-0.11092897,69.71825,80.55876,27.66268,59.20405,0.62825191,118.85884,117.65708,116.45532,2025-05-08,14:45
2025-05-08 15:00:00,118.010002,118.2,117.86,118.11,3325753,63.43888,117.97780,117.98647,0.70347235,0.81918856,-0.11571621,63.043803,74.67632,27.63382,51.49140,0.60766223,118.89280,117.71058,116.52836,2025-05-08,15:00
2025-05-08 15:15:00,118.1054,118.68,118.019997,118.5405,5985379,67.31089,118.055077,118.097272,0.70338126,0.79602710,-0.092645842,87.86928,73.54378,28.31176,98.76633,0.61140090,118.98977,117.77560,116.56144,2025-05-08,15:15
2025-05-08 15:30:00,118.55,118.6,117.82,117.8342,5155175,56.70098,118.047221,118.044658,0.63895122,0.76461192,-0.12566070,26.45207,59.12172,28.37937,47.28987,0.62344361,118.89349,117.84531,116.79714,2025-05-08,15:30
2025-05-08 15:45:00,117.84,117.98,117.295,117.37,11044962,51.010101,117.99388,117.90973,0.54416053,0.72052164,-0.17636112,5.41548,39.91228,27.15372,-87.45229,0.62784086,118.64861,117.90656,117.16452,2025-05-08,15:45
2025-05-09 09:30:00,117.345,118.23,117.13,117.525,17642862,52.71661,117.95610,117.83278,0.47605763,0.67162884,-0.19557121,25.48410,19.11722,26.43913,-113.43432,0.66156695,118.52376,117.94181,117.35987,2025-05-09,09:30
2025-05-09 09:45:00,117.53,117.99,117.41,117.75,6453112,55.15847,117.93499,117.81623,0.43522410,0.62434789,-0.18912379,40.000098444,23.63323,25.77558,-109.97214,0.65574033,118.46696,117.96631,117.46567,2025-05-09,09:45
2025-05-09 10:00:00,117.72,117.88,117.48,117.63,5556570,53.56947,117.89665,117.77898,0.38869933,0.57721818,-0.18851885,32.25800,32.58073,25.15942,-125.12767,0.63747273,118.45649,117.94131,117.42614,2025-05-09,10:00
2025-05-09 10:15:00,117.625,117.63,115.85,116.1316,12396927,38.61206,117.65681,117.44950,0.22828836,0.50743222,-0.27914385,9.95056,27.40289,25.085072,-363.99750,0.71908173,118.78936,117.84840,116.90743,2025-05-09,10:15
2025-05-09 10:30:00,116.13,116.49,115.21,115.755,11114960,35.89899,117.40514,117.11060,0.069966343,0.41993904,-0.34997270,15.70599,19.30485,25.71871,-348.015999,0.75914723,119.020045,117.72565,116.43125,2025-05-09,10:30
2025-05-09 10:45:00,115.76,116.31,115.42,116.275,7290802,41.96290,117.20125,116.94348,-0.013390641,0.33327311,-0.34666375,30.69170,18.78275,26.30708,-230.77041,0.76849382,119.066522,117.63690,116.20729,2025-05-09,10:45
2025-05-09 11:00:00,116.27,116.695,116.010002,116.63,5790000,45.73684,116.98898,116.88079,-0.050227473,0.25657299,-0.30680046,40.92212,29.10661,26.059781,-136.31484,0.76252980,119.057198,117.57082,116.084451,2025-05-09,11:00
2025-05-09 11:15:00,116.66,116.77,116.29,116.3775,4352127,43.56684,116.82712,116.78013,-0.098657882,0.18552682,-0.28418470,33.64562,35.086481,25.68007,-109.68499,0.74234879,119.026522,117.48095,115.93538,2025-05-09,11:15
2025-05-09 11:30:00,116.38,116.64,116.12,116.36,3781048,43.41309,116.71490,116.69610,-0.13687379,0.12104670,-0.25792048,33.14124,35.90299,25.55437,-101.75192,0.72646650,119.016525,117.40670,115.79687,2025-05-09,11:30
2025-05-09 11:45:00,116.355,116.77,116.35,116.72,3064238,47.51610,116.62546,116.70088,-0.13653721,0.069529915,-0.20606712,43.51590,36.76759,25.15484,-68.86500,0.70457590,118.96677,117.34745,115.72814,2025-05-09,11:45
2025-05-09 12:00:00,116.72,116.7599,115.98,116.26,3473218,43.20526,116.45990,116.61271,-0.17141261,0.021341410,-0.19275402,30.25944,35.63886,25.29378,-82.63532,0.70995617,118.93614,117.26795,115.59976,2025-05-09,12:00
2025-05-09 12:15:00,116.2699,116.48,116.07,116.285,2635832,43.50526,116.31046,116.54717,-0.19478880,-0.021884633,-0.17290417,31.71106,35.16213,25.42280,-77.52533,0.68853099,118.88596,117.18895,115.49194,2025-05-09,12:15
2025-05-09 12:30:00,116.2802,116.66,116.22,116.485,2126334,45.96415,116.34972,116.53473,-0.19492949,-0.056493605,-0.13843589,42.21853,34.72968,25.10761,-56.60615,0.67077895,118.80290,117.11620,115.42950,2025-05-09,12:30
2025-05-09 12:45:00,116.485,116.4932,116.16,116.345,2232838,44.50394,116.41528,116.49679,-0.20398634,-0.085992153,-0.11799419,37.58280,37.17080,24.91034,-60.66195,0.64666606,118.70498,117.034700,115.36442,2025-05-09,12:45
2025-05-09 13:00:00,116.35,116.58,116.21,116.3001,2368815,44.020930,116.41807,116.45745,-0.21233922,-0.11126157,-0.10107766,39.21236,39.67123,24.50285,-53.11658,0.62690440,118.52985,116.93520,115.34055,2025-05-09,13:00
2025-05-09 13:15:00,116.3,116.67,116.11,116.43,2877736,45.85193,116.39585,116.45196,-0.20610144,-0.13022954,-0.075871901,45.69296,40.82937,24.30258,-45.32865,0.62212534,118.38321,116.85570,115.32818,2025-05-09,13:15
2025-05-09 13:30:00,116.4215,116.58,116.23,116.5275,2205964,47.24663,116.41251,116.46707,-0.19108810,-0.14240125,-0.048686844,54.44208,46.44913,24.11661,-37.28435,0.60268770,118.19613,116.77657,115.35701,2025-05-09,13:30
2025-05-09 13:45:00,116.525,116.81,116.3301,116.7703,2622054,50.65537,116.45810,116.52771,-0.15777876,-0.14547675,-0.012302008,97.51901,65.88468,23.28275,-9.29161,0.59391691,117.85491,116.68806,115.52121,2025-05-09,13:45
2025-05-09 14:00:00,116.76,116.92,116.66,116.745,2423104,50.29073,116.46088,116.57117,-0.13190182,-0.14276177,0.010859950,88.33364,80.098243,22.20566,21.45550,0.57006531,117.67648,116.63360,115.59072,2025-05-09,14:00
2025-05-09 14:15:00,116.745,116.8399,116.51,116.58,2006557,47.87042,116.49643,116.57294,-0.12328717,-0.13886685,0.015579678,63.82998,83.22754,21.54947,8.79556,0.55291029,117.58075,116.59410,115.60745,2025-05-09,14:15
2025-05-09 14:30:00,116.5802,116.73,116.5,116.61,1849219,48.35705,116.53255,116.58035,-0.11273975,-0.13364143,0.020901675,67.021354,73.061657,20.96347,15.72547,0.52984551,117.43820,116.54835,115.65850,2025-05-09,14:30
2025-05-09 14:45:00,116.61,116.7099,116.54,116.6124,1621433,48.39847,116.54670,116.58676,-0.10300022,-0.12751319,0.024512966,67.27621,66.042514,20.41933,39.67357,0.50413504,117.19213,116.49147,115.79081,2025-05-09,14:45
2025-05-09 15:00:00,116.61,116.788,116.47,116.6213,2758456,48.56362,116.57740,116.59367,-0.093485492,-0.12070765,0.027222157,68.22340,67.50699,19.64794,77.10695,0.49083974,116.91524,116.44104,115.96683,2025-05-09,15:00
2025-05-09 15:15:00,116.625,116.8,116.51,116.7252,2721484,50.55232,116.62463,116.61997,-0.076677482,-0.11190162,0.035224134,79.27634,71.59198,18.88929,92.26585,0.47649411,116.93799,116.47072,116.0034373,2025-05-09,15:15
2025-05-09 15:30:00,116.725,116.7599,116.43,116.735,3932970,50.74584,116.65852,116.64298,-0.061852928,-0.10189188,0.040038950,78.23554,75.24509,18.42776,70.29695,0.46602329,116.86651,116.51972,116.17293,2025-05-09,15:30
2025-05-09 15:45:00,116.73,116.865,116.5,116.6207,7687706,48.36905,116.66888,116.63852,-0.058651608,-0.093243824,0.034592216,63.049130,73.52034,17.59581,72.20608,0.45880719,116.86735,116.53700,116.20665,2025-05-09,15:45
2025-05-12 09:30:00,121.94,122.82,120.6801,121.3,40773743,83.15405,117.17218,117.57082,0.31780292,-0.011034476,0.32883739,77.34729,72.87732,21.60562,666.66667,0.86884258,118.87444,116.77050,114.66656,2025-05-12,09:30
2025-05-12 09:45:00,121.3,122.078499,120.89,121.38,11861843,83.36044,117.68718,118.33265,0.61550554,0.11427353,0.50123201,78.53945,72.97862,25.32901,327.75482,0.89167521,119.91802,117.020625,114.12323,2025-05-12,09:45
2025-05-12 10:00:00,121.38,121.47,120.94,121.425,8621993,83.48304,118.22551,118.95112,0.84532423,0.26048367,0.58484056,79.21018,78.36564,28.78644,213.46743,0.86584118,120.72797,117.27388,113.81978,2025-05-12,10:00
2025-05-12 10:15:00,121.425,121.695,120.47,120.86,9270954,75.92002,118.69773,119.33290,0.97067687,0.40252231,0.56815456,70.25796,76.0025331,31.13836,152.53616,0.89149527,121.25845,117.48088,113.70330,2025-05-12,10:15
2025-05-12 10:30:00,120.86,120.96,120.28,120.8889,7685455,76.039590,119.17290,119.64410,1.060131,0.53404409,0.52608712,70.24454,73.23756,32.98454,114.29294,0.87638849,121.72239,117.71232,113.70225,2025-05-12,10:30
2025-05-12 10:45:00,120.88,120.98,120.48,120.8726,5650904,75.81088,119.64527,119.88980,1.11683,0.65060220,0.46623244,69.52421,70.0089052,34.70901,98.62630,0.84950360,122.12024,117.94170,113.76316,2025-05-12,10:45
2025-05-12 11:00:00,120.878,121.28,120.71,121.275,8388683,77.60154,120.15080,120.16684,1.18063,0.75660848,0.42402513,75.82162,71.86346,36.46544,93.89078,0.82953903,122.54337,118.18120,113.81903,2025-05-12,11:00
2025-05-12 11:15:00,121.28,121.85,121.24,121.6514,6370490,79.15587,120.69707,120.46375,1.24719,0.85472477,0.39246518,81.71202,75.68595,38.36948,95.24327,0.81385772,122.97213,118.44652,113.92091,2025-05-12,11:15
2025-05-12 11:30:00,121.655,121.88,121.52,121.6518,4415723,79.15754,121.25608,120.70136,1.28515,0.94081072,0.34434378,81.71835,79.75066,40.15146,86.93970,0.78143935,123.33233,118.71410,114.095876,2025-05-12,11:30
2025-05-12 11:45:00,121.6515,121.84,121.445,121.7201,3917551,79.45751,121.30276,120.90511,1.30570,1.013789,0.29191260,82.78718,82.072513,41.64219,77.67485,0.75383630,123.64894,118.97861,114.30828,2025-05-12,11:45
2025-05-12 12:00:00,121.73,122.48,121.65,122.3813,7985095,82.13774,121.41401,121.20035,1.35967,1.082964,0.27670102,93.13462,85.88005,43.34495,83.63880,0.75927670,124.023496,119.27130,114.51910,2025-05-12,12:00
2025-05-12 12:15:00,122.39,122.72,122.33,122.3713,6256923,81.96353,121.51916,121.43454,1.38565,1.14350,0.24215009,92.97809,89.63330,45.034960,84.96593,0.73289975,124.34099,119.55135,114.76171,2025-05-12,12:15
2025-05-12 12:30:00,122.395,122.6,122.33,122.44,3584598,82.24214,121.69471,121.63563,1.39570,1.19394,0.20175968,93.98738,93.36670,46.60426,78.90107,0.69983524,124.60161,119.83610,115.070592,2025-05-12,12:30
2025-05-12 12:45:00,122.4416,122.731,122.41,122.56,4462269,82.74353,121.88039,121.82050,1.39724,1.23460,0.16264005,89.76370,92.24306,48.12556,78.26125,0.67277552,124.79514,120.13510,115.47506,2025-05-12,12:45
2025-05-12 13:00:00,122.57,122.93,122.33,122.6713,6443156,83.21689,122.080245,121.99066,1.39140,1.26596,0.12544238,90.23784,91.32964,49.63585,78.60234,0.66757716,124.92701,120.43816,115.94932,2025-05-12,13:00
2025-05-12 13:15:00,122.675,122.82,122.48,122.6615,3506393,83.00092099,122.23430,122.12483,1.37019,1.28681,0.083384514,89.86788,89.95647,51.038261,79.12114,0.64417853,124.96498,120.74062,116.51626,2025-05-12,13:15
2025-05-12 13:30:00,122.665,122.75,122.47,122.5401,3337750,80.22449,122.33305,122.20788,1.32827,1.29510,0.033173323,85.28679,88.46417,52.31055,76.64789,0.61816569,124.87697,121.036560,117.19615,2025-05-12,13:30
2025-05-12 13:45:00,122.545,122.871,122.54,122.815,4904062,81.71599,122.46229,122.32931,1.30223,1.29653,0.0056993511,95.66046,90.27171,53.56152,85.36301,0.59765395,124.70154,121.34105,117.98056,2025-05-12,13:45
2025-05-12 14:00:00,122.815,122.94,122.54,122.65,4209100,77.91740,122.56561,122.39345,1.25381,1.28798,-0.034169729,88.21134,89.71953,54.76373,85.30091,0.58353592,124.29058,121.63680,118.98302,2025-05-12,14:00
2025-05-12 14:15:00,122.655,122.79,122.5,122.735,3533380,78.47257,122.60491,122.46176,1.20838,1.27206,-0.063685524,90.80711,91.55964,55.73861,77.79094,0.56256913,123.31278,121.94252,120.57225,2025-05-12,14:15
2025-05-12 14:30:00,122.735,122.85,122.57,122.765,3807242,78.67632,122.64866,122.52241,1.16140,1.24993,-0.088529652,89.70573,89.57473,56.68544,75.33887,0.54238553,123.39740,122.015765,120.63413,2025-05-12,14:30
2025-05-12 14:45:00,122.765,122.91,122.565,122.59,4399270,74.26062,122.66532,122.53592,1.097400,1.21942,-0.12202426,76.58826,85.70037,57.60773,65.41260,0.52828665,123.44717,122.076265,120.70536,2025-05-12,14:45
2025-05-12 15:00:00,122.595,123.0,122.48,122.8725,6340190,76.54875,122.70004,122.60324,1.057287,1.18700,-0.12971001,91.80049,86.031494,58.53033,70.053122,0.52769451,123.52719,122.14864,120.77009,2025-05-12,15:00
2025-05-12 15:15:00,122.8701,122.93,122.47,122.585,5060267,69.75289,122.69046,122.59959,0.99087571,1.14777,-0.15689678,69.25916,79.21597,59.34276,53.34115,0.52285912,123.49052,122.23489,120.97926,2025-05-12,15:15
2025-05-12 15:30:00,122.58,122.59,122.070099,122.315,7029951,64.0059775,122.65196,122.54267,0.90601410,1.099421,-0.19340671,26.33652,62.46539,58.45508,5.88594,0.52264758,123.39945,122.30620,121.21294,2025-05-12,15:30
2025-05-12 15:45:00,122.315,123.0,122.18,122.99,17943565,70.54064,122.70194,122.63214,0.88304793,1.056146,-0.17309830,98.92439,64.84002,58.12365,60.66647,0.54388701,123.32467,122.41207,121.49946,2025-05-12,15:45
2025-05-13 09:30:00,124.97,126.57,124.47,126.515,38172269,85.42354,123.11305,123.40871,1.13619,1.072155,0.064033390,98.77774,74.67955,59.62801,531.36536,0.76075236,124.58888,122.67407,120.75925,2025-05-13,09:30
2025-05-13 09:45:00,126.51,127.89,126.37,127.725,18269146,87.71739,123.67694,124.27197,1.41809,1.14134,0.27675089,97.16488,98.28901,61.29176,400.14086,0.81498409,125.83971,122.97775,120.11578,2025-05-13,09:45
2025-05-13 10:00:00,127.73,128.875,127.47,128.77499,21677296,89.29211,124.34805,125.17257,1.70656,1.25439,0.45217321,98.53038,98.15767,62.99044,289.21179,0.85712800,127.082695,123.33390,119.58511,2025-05-13,10:00
2025-05-13 10:15:00,128.77499,129.49989,128.64999,129.215,18989245,89.87777,125.064720,125.98106,1.94822,1.39315,0.55506480,96.16548,97.28692,64.65232,226.37536,0.85661166,128.16828,123.70865,119.24902,2025-05-13,10:15
2025-05-13 10:30:00,129.22501,129.69,128.92,129.34531,14588198,90.051314,125.81531,126.65391,2.12574,1.53967,0.58607282,95.47637,96.72408,66.22036,177.019103,0.85042542,129.097217,124.056850,119.016482,2025-05-13,10:30
2025-05-13 10:45:00,129.35001,130.83,129.32001,130.63,21964191,91.58339,126.67726,127.44913,2.34309,1.70035,0.64273472,97.71690,96.45292,67.81085,163.25320,0.89753750,130.19659,124.46978,118.74298,2025-05-13,10:45
2025-05-13 11:00:00,130.63251,130.64,129.55,129.58501,17479274,80.69728,127.45503,127.87630,2.40331,1.84094,0.56236494,85.78757,92.99362,69.28773,127.97612,0.91128478,130.88467,124.82704,118.76940,2025-05-13,11:00
2025-05-13 11:15:00,129.59,130.25,129.59,129.83,15931326,81.25970,128.29003,128.26704,2.44265,1.96129,0.48136209,88.58435,90.69627,70.65913,109.10182,0.89369253,131.52650,125.19054,118.85457,2025-05-13,11:15
2025-05-13 11:30:00,129.83501,130.35001,129.45,129.845,11201555,81.29563,129.051701,128.58263,2.44683,2.058394,0.38843384,88.75558,87.70916,71.64848,95.68481,0.89414371,132.083230,125.54922,119.015210,2025-05-13,11:30
2025-05-13 11:45:00,129.845,130.029999,129.75,129.91,6715672,81.46152,129.42892,128.84811,2.42740,2.13220,0.29520819,89.49762,88.94585,72.56717,85.90030,0.85027622,132.56772,125.91165,119.25557,2025-05-13,11:45
2025-05-13 12:00:00,129.92,129.9455,129.32001,129.89999,7455009,81.34188,129.67059,129.058485,2.38372,2.18250,0.20122324,89.38335,89.21218,72.49892,73.98102,0.83421994,132.96317,126.27964,119.59611,2025-05-13,12:00
2025-05-13 12:15:00,129.89999,130.48,129.705,130.46001,8306764,82.85867,129.85781,129.33879,2.36701,2.21940,0.14760809,95.77626,91.55241,72.60907,76.65902,0.82998951,133.38346,126.66189,119.94032,2025-05-13,12:15
2025-05-13 12:30:00,130.45,130.78999,130.089996,130.73531,7176390,83.56595,130.026737,129.61809,2.34890,2.24530,0.10360036,98.90525,94.68829,72.80543,76.95780,0.82070432,133.74637,127.066156,120.38594,2025-05-13,12:30
2025-05-13 12:45:00,130.74001,130.99001,130.57001,130.64,6683825,82.29991,130.17059,129.82247,2.30035,2.25631,0.044034022,94.63181,96.43777,73.047694,75.99387,0.79208245,134.0038116,127.46141,120.91900,2025-05-13,12:45
2025-05-13 13:00:00,130.63,130.87,130.45,130.77,4698248,82.68526,130.18615,130.011980,2.24646,2.25434,-0.0078830998,95.23807,96.25838,73.0016874,70.57804,0.76550501,134.18150,127.86166,121.54181,2025-05-13,13:00
2025-05-13 13:15:00,130.785,130.97,130.705,130.83501,6330684,82.88589,130.32504,130.17659,2.18382,2.24024,-0.056414599,95.59663,95.15550,72.99633,70.82391,0.72975460,134.22963,128.27391,122.31818,2025-05-13,13:15
2025-05-13 13:30:00,130.83501,131.2189,130.74001,130.82001,8004368,82.64791,130.43504,130.30527,2.10867,2.21392,-0.10525690,84.47219,91.76896,73.084856,71.33067,0.71183621,134.17587,128.67128,123.16669,2025-05-13,13:30
2025-05-13 13:45:00,130.825,131.070007,130.22009,130.24159,6208413,73.84318,130.47910,130.29253,1.97961,2.16706,-0.18744958,57.48800,79.18561,71.94624,57.13244,0.72169895,133.82893,129.054111,124.27929,2025-05-13,13:45
2025-05-13 14:00:00,130.255,130.34869,129.87,130.0,7776270,70.46646,130.48910,130.23403,1.83667,2.10098,-0.26431449,35.80991,59.25670,70.14351,36.60007,0.70434179,133.085845,129.43836,125.79088,2025-05-13,14:00
2025-05-13 14:15:00,130.0,130.5,129.86,130.44501,7894752,72.92263,130.54966,130.27622,1.73924,2.028635,-0.28939106,59.24497,50.84763,68.58368,42.64387,0.69974591,131.96396,129.81111,127.65826,2025-05-13,14:15
2025-05-13 14:30:00,130.45,130.465,129.85001,129.92,6843582,65.95368,130.48966,130.20498,1.60121,1.94315,-0.34193774,31.59684,42.21724,67.11272,16.76904,0.69369193,131.51378,129.98136,128.44894,2025-05-13,14:30
2025-05-13 14:45:00,129.925,130.48,129.72,130.465,6314749,69.23996,130.45962,130.25698,1.51830,1.85818,-0.33988286,60.29764,50.37982,65.44080,21.98438,0.69842783,131.25932,130.11836,128.97741,2025-05-13,14:45
2025-05-13 15:00:00,130.465,130.675,130.11,130.15421,6216063,65.36525,130.40565,130.23643,1.41124,1.76879,-0.35755231,43.93070,45.27506,64.067952,25.99281,0.68889744,131.14758,130.18732,129.22707,2025-05-13,15:00
2025-05-13 15:15:00,130.15491,130.33,129.89999,130.215,6045445,65.76876,130.34398,130.23214,1.31613,1.67826,-0.36212989,47.13209,50.45348,62.27865,-16.091704,0.67040533,131.087710,130.23732,129.38693,2025-05-13,15:15
2025-05-13 15:30:00,130.215,130.41499,130.044998,130.3,6912774,66.35899,130.28453,130.24571,1.23340,1.58929,-0.35589102,39.30252,43.45511,60.70871,-4.014696,0.64894746,131.030504,130.28506,129.53961,2025-05-13,15:30
2025-05-13 15:45:00,130.3015,130.45,129.82001,129.84,15955473,60.29991,130.17564,130.16457,1.11782,1.49499,-0.37717000,8.0055379,31.48005,58.68435,-53.56886,0.64759333,130.99740,130.24556,129.49371,2025-05-13,15:45
2025-05-14 09:30:00,133.17,134.86,132.75,133.64,48671231,78.093965,130.55324,130.85966,1.31767,1.45953,-0.14185764,76.26456,41.19088,59.43298,454.094830,0.95990840,132.066337,130.44831,128.83028,2025-05-14,09:30
2025-05-14 09:45:00,133.39999,133.49001,131.92999,132.66499,19536034,69.48797,130.84936,131.22072,1.38145,1.44391,-0.062460856,57.29557,47.18856,58.94100,230.10011,1.013487,132.44584,130.59006,128.73427,2025-05-14,09:45
2025-05-14 10:00:00,132.67,133.14999,132.11,132.605,13141276,68.98419,131.089354,131.49758,1.41090,1.43731,-0.026414987,56.12830,63.22948,58.48417,175.39407,1.015380,132.74516,130.72806,128.71095,2025-05-14,10:00
2025-05-14 10:15:00,132.60001,132.74001,131.67999,132.66,10798206,69.20463,131.39380,131.73006,1.42227,1.43430,-0.012030626,57.19850,56.87412,57.44562,124.23492,1.018568,133.011656,130.86556,128.71945,2025-05-14,10:15
2025-05-14 10:30:00,132.64,132.9597,132.37,132.58,7451864,68.44273,131.62880,131.90005,1.40860,1.42916,-0.020565918,55.64204,56.32295,56.60173,120.41248,0.98793523,133.22112,130.99956,128.77800,2025-05-14,10:30
2025-05-14 10:45:00,132.58,133.77499,132.5,133.515,9551305,72.28334,132.0022210,132.22304,1.45641,1.43461,0.021802393,73.83266,62.22440,56.23498,135.098069,1.0084394,133.61183,131.15231,128.69278,2025-05-14,10:45
2025-05-14 11:00:00,133.53,134.16,133.0,134.10001,11202059,74.38396,132.43389,132.59843,1.52395,1.45248,0.071469789,85.21411,71.56294,56.073863,136.73869,1.019265,134.084426,131.32054,128.55666,2025-05-14,11:00
2025-05-14 11:15:00,134.10001,134.28,133.7,134.155,7278750,74.57901,132.86222,132.90975,1.56388,1.47476,0.089121312,86.28401,81.77693,55.98039,128.56464,0.98788946,134.50124,131.49629,128.49134,2025-05-14,11:15
2025-05-14 11:30:00,134.155,134.38499,133.96001,134.265,7163156,74.98923,133.35389,133.18080,1.58612,1.49703,0.089087936,88.42410,86.64074,55.94477,117.56361,0.94768220,134.88588,131.67104,128.45620,2025-05-14,11:30
2025-05-14 11:45:00,134.2601,134.59,133.98,134.52,6328181,75.95781,133.45167,133.44864,1.60581,1.51879,0.087022542,93.25403,89.32071,56.014169,109.61805,0.92356209,135.27332,131.85529,128.43726,2025-05-14,11:45
2025-05-14 12:00:00,134.505,134.94,134.375,134.7818,7317411,76.94494,133.68687,133.71527,1.62382,1.53979,0.084026780,96.91009,92.86274,56.25076,110.26579,0.89795068,135.66233,132.053380,128.44443,2025-05-14,12:00
2025-05-14 12:15:00,134.8,135.11,134.58,134.97,9377471,77.65522,133.94965,133.96622,1.63444,1.55872,0.075716868,97.35351,95.83921,56.55305,107.35993,0.87166841,136.010790,132.28980,128.56881,2025-05-14,12:15
2025-05-14 12:30:00,134.9783,135.435,134.83,134.905,9038341,76.77544,134.19909,134.15397,1.61895,1.57077,0.048180286,90.56100,94.94153,56.98982,106.045290,0.85262036,136.26659,132.53505,128.80351,2025-05-14,12:30
2025-05-14 12:45:00,134.9099,135.088501,134.66,134.715,5117945,74.13171,134.43631,134.26618,1.57321,1.57126,0.0019492908,80.82556,89.58002,57.044415,89.41292,0.82232585,136.46592,132.74855,129.031179,2025-05-14,12:45
2025-05-14 13:00:00,134.72,135.039993,134.66,134.87,4399725,74.89129,134.58687,134.38694,1.53180,1.56337,-0.031562765,84.95335,85.44664,57.095113,83.34748,0.79073041,136.58405,132.99605,129.40804,2025-05-14,13:00
2025-05-14 13:15:00,134.87489,134.875,133.96001,134.46001,6946839,69.11060,134.62687,134.40155,1.44920,1.54053,-0.091330304,74.034898,79.93794,55.72166,59.65952,0.79960633,136.63986,133.19580,129.75174,2025-05-14,13:15
2025-05-14 13:30:00,134.46091,134.86,134.23,134.7612,4529048,70.88836,134.69422,134.47348,1.39200,1.51083,-0.11882705,82.056012,80.34809,54.44630,63.77448,0.78749194,136.63382,133.42615,130.21848,2025-05-14,13:30
2025-05-14 13:45:00,134.7682,135.14999,134.66,134.995,5470899,72.22464,134.77533,134.57779,1.34997,1.47865,-0.12868601,85.64430,80.57840,53.51551,77.010406,0.76624182,136.57902,133.66515,130.75128,2025-05-14,13:45
2025-05-14 14:00:00,135.0,135.0,134.59,134.67751,3934154,67.68127,134.79283,134.59773,1.27633,1.43819,-0.16186154,74.19105,80.63046,52.50342,63.65093,0.74079624,136.38185,133.88402,131.38620,2025-05-14,14:00
2025-05-14 14:15:00,134.675,134.89999,134.425,134.56,4861805,66.025770,134.76819,134.59018,1.19471,1.38949,-0.19478104,64.065672,74.63368,51.20725,50.20950,0.72181014,135.80434,134.12002,132.43571,2025-05-14,14:15
2025-05-14 14:30:00,134.55499,135.10001,134.5515,135.070007,4954848,69.51149,134.77930,134.68615,1.15784,1.34316,-0.18532372,78.96311,72.40661,50.21304,69.24337,0.70943139,135.90933,134.19153,132.47372,2025-05-14,14:30
2025-05-14 14:45:00,135.070007,135.32001,134.97,135.091599,5160634,69.65344,134.80003,134.76724,1.11748,1.29803,-0.18054854,76.71856,73.24911,49.51489,85.45011,0.68375816,135.92157,134.31286,132.70415,2025-05-14,14:45
2025-05-14 15:00:00,135.1042,135.3,134.89999,135.205,5391743,70.43211,134.85448,134.85479,1.082166,1.25485,-0.17268761,84.40697,80.029548,48.69682,84.62900,0.66349037,135.89067,134.44286,132.99504,2025-05-14,15:00
2025-05-14 15:15:00,135.205,135.25,134.6413,134.89,6178270,65.41135,134.85670,134.86183,1.017040,1.20729,-0.19025095,63.050742,74.72543,47.31490,58.72306,0.65957703,135.75881,134.55436,133.34990,2025-05-14,15:15
2025-05-14 15:30:00,134.89,134.97,134.41,134.5215,6285545,60.021075,134.86353,134.79377,0.92502907,1.15084,-0.22580947,38.067553,61.84176,45.50247,5.90943,0.65246421,135.44744,134.65143,133.85542,2025-05-14,15:30
2025-05-14 15:45:00,134.52,135.395,134.25999,135.34711,17154494,66.65167,134.92863,134.90443,0.90825953,1.10232,-0.19406320,94.041277,65.053191,44.38714,73.18172,0.68693175,135.40527,134.74304,134.080797,2025-05-14,15:45
2025-05-15 09:30:00,133.85249,134.72,133.33189,133.715,31820328,49.25895,134.78641,134.66655,0.75457362,1.032773,-0.27819929,18.56917,50.22600,41.55928,-188.90343,0.78180898,135.47595,134.72379,133.97162,2025-05-15,09:30
2025-05-15 09:45:00,133.715,133.75999,132.66,133.58,12978881,48.13999,134.66447,134.44924,0.61479650,0.94917763,-0.33438113,33.63795,48.74947,39.22788,-280.028783,0.80453626,135.56647,134.69504,133.82360,2025-05-15,09:45
2025-05-15 10:00:00,133.57001,134.2,133.33,133.4301,10579314,46.86687,134.53892,134.24541,0.48632027,0.85660616,-0.37028589,28.15706,26.78806,36.44625,-187.25369,0.80921189,135.67086,134.65329,133.63572,2025-05-15,10:00
2025-05-15 10:15:00,133.44,133.89,132.75,133.27,9166918,45.48339,134.33892,134.050329,0.36734901,0.75875473,-0.39140572,22.30349,28.032835,34.58988,-199.85658,0.83283957,135.77357,134.59079,133.40801,2025-05-15,10:15
2025-05-15 10:30:00,133.3,133.44,132.8401,133.24001,7429073,45.21406,134.13319,133.88826,0.26755853,0.66051549,-0.39295696,21.20664,23.88907,32.86612,-170.28852,0.81620098,135.83007,134.51370,133.19733,2025-05-15,10:30
2025-05-15 10:45:00,133.24001,133.78,133.10001,133.565,6473479,48.75447,133.95097,133.82361,0.21225169,0.57086273,-0.35861104,33.089528,25.53322,30.72992,-110.60814,0.80647181,135.80413,134.44345,133.082773,2025-05-15,10:45
2025-05-15 11:00:00,133.565,133.9702,133.42999,133.83881,5443271,51.59265,133.83417,133.82665,0.18834319,0.49435882,-0.30601563,43.10063,32.46560,28.61247,-69.55683,0.78745289,135.75784,134.39014,133.022446,2025-05-15,11:00
2025-05-15 11:15:00,133.83,134.49001,133.82001,134.38499,7612189,56.73974,133.81900,133.93832,0.21103567,0.43769419,-0.22665852,63.070949,46.42037,27.37856,-12.29821,0.77906327,135.73320,134.37364,133.014082,2025-05-15,11:15
2025-05-15 11:30:00,134.39999,134.62,134.21001,134.59,5070486,58.52238,133.73488,134.068655,0.24276315,0.39870798,-0.15594484,70.56644,58.91267,26.40476,17.76311,0.75270078,135.70415,134.35964,133.015132,2025-05-15,11:30
2025-05-15 11:45:00,134.59,134.67,134.31,134.53,4445324,57.77205,133.82543,134.16092,0.26006819,0.37098002,-0.11091183,68.37275,67.33671,25.56905,20.73709,0.72465077,135.70904,134.36314,133.017241,2025-05-15,11:45
2025-05-15 12:00:00,134.53,134.92999,134.52071,134.8,5989472,60.24248,133.96099,134.28874,0.29220134,0.35522429,-0.063022949,78.24493,72.39471,25.15028,48.14386,0.70212475,135.71338,134.36508,133.016782,2025-05-15,12:00
2025-05-15 12:15:00,134.80901,135.25,134.77,135.2166,6888862,63.76482,134.15949,134.47431,0.34727963,0.35363536,-0.0063557213,93.47694,80.031540,25.17504,84.23281,0.68625839,135.74841,134.37616,133.0039081,2025-05-15,12:15
2025-05-15 12:30:00,135.215,136.0,135.10001,135.896,8389494,68.64381,134.45127,134.75865,0.44067150,0.37104258,0.069628917,96.88611,89.53599,26.017531,137.24801,0.70152521,135.95763,134.43709,132.91654,2025-05-15,12:30
2025-05-15 12:45:00,135.89,136.24541,135.63,135.785,8547286,67.055310,134.73404,134.96392,0.49996577,0.39682722,0.10313855,87.15895,92.50733,27.031575,142.68904,0.69537357,136.12849,134.49834,132.86818,2025-05-15,12:45
2025-05-15 13:00:00,135.7851,136.12,135.72,135.99181,5294870,68.51717,135.0036892,135.16950,0.55722084,0.42890595,0.12831489,92.92685,92.32397,27.97319,134.42410,0.67427502,136.28501,134.54443,132.80384,2025-05-15,13:00
2025-05-15 13:15:00,135.99541,136.3,135.96001,136.22,5307960,70.094100,135.26827,135.37960,0.61393231,0.46591122,0.14802109,97.74643,92.61074,29.026682,139.74258,0.65039797,136.47662,134.60085,132.72507,2025-05-15,13:15
2025-05-15 13:30:00,136.22,136.22,135.74001,136.1646,6159403,69.18796,135.46600,135.53660,0.64694824,0.50211862,0.14482962,96.18574,95.61967,29.47151,118.52842,0.63822638,136.63008,134.64883,132.66757,2025-05-15,13:30
2025-05-15 13:45:00,136.145,136.16499,135.84,135.9314,4397144,65.35814,135.61504,135.61556,0.64683995,0.53106289,0.11577706,89.34632,94.42616,29.88457,102.28289,0.61585285,136.75805,134.70090,132.64374,2025-05-15,13:45
2025-05-15 14:00:00,135.935,135.96001,135.45,135.495,5043068,58.79881,135.72227,135.59144,0.60457106,0.54576452,0.058806536,74.84348,86.79185,29.32977,68.18628,0.60829263,136.83334,134.74957,132.66580,2025-05-15,14:00
2025-05-15 14:15:00,135.495,135.495,134.75999,135.36,6960859,56.89659,135.78449,135.54516,0.55379592,0.54737080,0.0064251153,67.24742,77.14574,27.45247,35.74706,0.61734320,136.83473,134.75022,132.66570,2025-05-15,14:15
2025-05-15 14:30:00,135.36,135.59,135.1449,135.19501,4914169,54.57277,135.78209,135.47513,0.49454190,0.53680502,-0.042263121,55.44364,65.84485,25.86598,38.87145,0.60504004,136.86101,134.82422,132.78742,2025-05-15,14:30
2025-05-15 14:45:00,135.1978,135.25,134.57001,134.61501,4832111,47.26472,135.63976,135.30310,0.39621406,0.50868683,-0.11247277,19.37797,47.35634,24.61017,-3.17949,0.61039380,136.83479,134.87597,132.91715,2025-05-15,14:45
2025-05-15 15:00:00,134.61501,135.020004,134.32001,134.645,5368717,47.65516,135.51309,135.17148,0.31705438,0.47036034,-0.15330596,16.83446,30.55202,23.81598,-20.32905,0.61679402,136.78462,134.93671,133.088799,2025-05-15,15:00
2025-05-15 15:15:00,134.64,134.88,133.59,133.735,8176806,38.37372,135.26233,134.88419,0.17882864,0.41205400,-0.23322535,5.35070,13.85438,24.014586,-77.49318,0.66488077,136.73362,134.95996,133.18630,2025-05-15,15:15
2025-05-15 15:30:00,133.735,134.44,133.73,134.17,6745357,43.98942,135.034556,134.74135,0.10319486,0.35028217,-0.24708731,21.40223,14.52913,24.19901,-82.86214,0.66810405,136.64059,135.0064606,133.37234,2025-05-15,15:30
2025-05-15 15:45:00,134.175,134.95,134.089996,134.89999,12498275,51.90928,134.89404,134.77308,0.10099488,0.30042471,-0.19942983,48.33927,25.030733,23.38171,-41.23714,0.68181095,136.56962,135.073210,133.57680,2025-05-15,15:45
2025-05-16 09:30:00,136.25,136.31,135.029999,135.34109,30275232,55.96140,134.82846,134.88668,0.13330787,0.26700134,-0.13369347,64.37860,44.70670,22.72479,46.93281,0.73382472,136.53623,135.14832,133.76042,2025-05-16,09:30
2025-05-16 09:45:00,135.345,135.75999,135.3,135.56,9234983,57.85909,134.83568,135.021344,0.17456745,0.24851457,-0.073947117,72.42648,61.71478,22.11480,39.51104,0.71426520,136.55979,135.20707,133.85436,2025-05-16,09:45
2025-05-16 10:00:00,135.56,135.95,135.020004,135.52,9129171,57.37266,134.85346,135.12108,0.20171361,0.23915437,-0.037440765,70.95614,69.25374,21.10817,29.89434,0.72967430,136.58196,135.25358,133.92519,2025-05-16,10:00
2025-05-16 10:15:00,135.5118,136.12,135.33,135.425,8820797,56.16475,134.87901,135.18186,0.21310479,0.23394446,-0.020839665,67.46345,70.28203,20.39739,41.023815,0.73398280,136.58587,135.29833,134.010781,2025-05-16,10:15
2025-05-16 10:30:00,135.425,135.42999,133.50999,133.5235,13515036,38.63256,134.75773,134.85019,0.067913995,0.20073837,-0.13282437,0.48228620,46.30063,20.38352,-136.48963,0.81869819,136.72507,135.23450,133.74393,2025-05-16,10:30
2025-05-16 10:45:00,133.52,134.66,133.46001,134.3201,10251843,46.20815,134.72163,134.74417,0.016933038,0.16397730,-0.14704426,30.17877,32.70817,20.41781,-119.60182,0.84593381,136.73270,135.18968,133.64665,2025-05-16,10:45
2025-05-16 11:00:00,134.325,134.99001,134.32001,134.96001,6424594,51.39843,134.85774,134.78734,0.027844502,0.13675074,-0.10890624,52.63175,27.76427,19.96994,-46.75707,0.83336698,136.65382,135.14288,133.63193,2025-05-16,11:00
2025-05-16 11:15:00,134.955,135.065002,134.61,134.86501,4865381,50.61757,134.93497,134.80287,0.028497610,0.11510011,-0.086602505,49.29836,44.036293,19.44465,-31.99766,0.80634090,136.58263,135.096876,133.61112,2025-05-16,11:15
2025-05-16 11:30:00,134.86,135.25999,134.81,135.1848,4958279,53.19530,134.96661,134.87926,0.054195153,0.10291912,-0.048723969,60.51923,54.14978,18.66563,-0.85758803,0.78088776,136.48562,135.056525,133.62743,2025-05-16,11:30
2025-05-16 11:45:00,135.19,135.33,134.605,134.66499,5037109,48.74161,134.89149,134.83640,0.032244949,0.088784287,-0.056539339,42.28037,50.69932,18.19953,-20.61221,0.77689621,136.31221,134.97878,133.64534,2025-05-16,11:45
2025-05-16 12:00:00,134.66499,134.97,134.57001,134.9101,3989330,50.83196,134.81928,134.85114,0.034232322,0.077873894,-0.043641572,50.88046,51.22669,17.81182,-21.038614,0.74997462,136.13344,134.91605,133.69866,2025-05-16,12:00
2025-05-16 12:15:00,134.92,135.16,134.73,134.795,3577145,49.80482,134.73872,134.83991,0.026217738,0.067542663,-0.041324925,46.84196,46.66759,17.12693,-2.73630,0.72711985,135.98433,134.85923,133.73413,2025-05-16,12:15
2025-05-16 12:30:00,134.8,134.87,134.535,134.69991,3312669,48.92521,134.65816,134.81191,0.012053980,0.056444926,-0.044390946,43.50536,47.075925,16.77070,-28.77036,0.69911068,135.90749,134.81948,133.73146,2025-05-16,12:30
2025-05-16 12:45:00,134.7,134.89,134.57001,134.625,3113953,48.20303,134.78054,134.77453,-0.0051557079,0.044124800,-0.049280507,40.87709,43.74147,16.40232,-26.35043,0.67203078,135.84457,134.78273,133.72089,2025-05-16,12:45
2025-05-16 13:00:00,134.623,135.36,134.42999,135.3311,6013522,54.95320,134.89288,134.88584,0.037746775,0.042849195,-0.0051024194,70.34218,51.57487,15.24729,40.54365,0.69045772,135.86353,134.78953,133.71553,2025-05-16,13:00
2025-05-16 13:15:00,135.33501,135.8299,135.24001,135.82179,6849921,58.95620,134.98863,135.073034,0.11007320,0.056293996,0.053779206,88.78933,66.66953,14.90554,129.33554,0.68327428,136.010010,134.84987,133.68973,2025-05-16,13:15
2025-05-16 13:30:00,135.8201,136.25,135.61,135.785,8979429,58.53621,135.090854,135.21543,0.16255008,0.077545213,0.085004867,83.33342,80.82164,15.16292,143.37703,0.68018322,136.13138,134.90687,133.68236,2025-05-16,13:30
2025-05-16 13:45:00,135.78,135.8,135.47501,135.545,7743316,55.74615,135.13088,135.28134,0.18266628,0.098569427,0.084096856,74.73106,82.28460,15.14662,90.73407,0.65481277,136.12584,134.99737,133.86889,2025-05-16,13:45
2025-05-16 14:00:00,135.55,135.55991,135.059998,135.36459,4522170,53.67519,135.20861,135.29799,0.18195392,0.11524633,0.066707593,68.26492,75.44313,14.38618,42.011375,0.64374817,136.12913,135.057099,133.98507,2025-05-16,14:00
2025-05-16 14:15:00,135.36501,135.405,134.952,135.035004,4394273,50.019192,135.22249,135.24539,0.15303018,0.12280310,0.030227086,37.046583,60.014188,13.49485,6.76014,0.63012351,136.13353,135.063850,133.99416,2025-05-16,14:15
2025-05-16 14:30:00,135.035004,135.44501,135.014999,135.27,4204964,52.50333,135.27527,135.25032,0.14737169,0.12771681,0.019654874,46.15430,50.48860,12.73586,29.45669,0.61582954,136.12674,135.060295,133.99385,2025-05-16,14:30
2025-05-16 14:45:00,135.27499,135.33,135.080002,135.12,3059801,50.76872,135.32194,135.22425,0.12929240,0.12803193,0.0012604717,37.91207,40.37098,12.031089,22.047787,0.58969886,136.080475,135.038295,133.99611,2025-05-16,14:45
2025-05-16 15:00:00,135.12,135.64,135.10001,135.22501,5501720,51.96511,135.38861,135.22440,0.12203125,0.12683180,-0.0048005461,43.68188,42.58275,11.93826,51.42621,0.58614846,136.046205,135.023545,134.00088552,2025-05-16,15:00
2025-05-16 15:15:00,135.22501,135.31,135.070007,135.080307,4436348,50.15638,135.36074,135.19558,0.10340869,0.12214718,-0.018738482,35.73141,39.10845,11.78590,25.89448,0.56142288,136.012817,135.0063103,133.99980,2025-05-16,15:15
2025-05-16 15:30:00,135.085007,135.17999,134.875,134.94,6444707,48.39734,135.26277,135.14447,0.076447539,0.11300725,-0.036559710,28.022402,35.81190,11.21052,-15.58942,0.54310643,135.82153,135.077135,134.33274,2025-05-16,15:30
2025-05-16 15:45:00,134.935,135.42,134.88,135.32001,11926394,53.18612,135.21110,135.17958,0.084766710,0.10735914,-0.022592431,48.90171,37.55184,11.14600,23.46428,0.54288407,135.79144,135.12713,134.46283,2025-05-16,15:45
2025-05-19 09:30:00,132.41,134.63,132.41,134.3826,36278690,42.66720,135.081946,135.020180,0.015539554,0.088995224,-0.073455669,51.36972,42.76461,13.0087113,-283.11020,0.71196404,135.83531,135.098260,134.36121,2025-05-19,09:30
2025-05-19 09:45:00,134.38,134.91,134.044998,134.080002,12705218,39.92240,134.93921,134.83214,-0.063014130,0.058593353,-0.12160748,43.48958,47.92033,14.24853,-143.79039,0.72289557,135.91550,135.059010,134.20252,2025-05-19,09:45
2025-05-19 10:00:00,134.059998,135.44,133.92999,135.17,12243634,51.92069,134.95421,134.89972,-0.036889655,0.039496751,-0.076386406,71.87493,55.57807,14.53887,-37.52687,0.77911801,135.91435,135.058270,134.20219,2025-05-19,10:00
2025-05-19 10:15:00,135.16,135.87,135.10001,135.285,9381393,52.98753,134.95588,134.97677,-0.0068271385,0.030231973,-0.037059112,74.86986,63.41146,14.17683,69.55129,0.77846594,135.93092,135.089271,134.24762,2025-05-19,10:15
2025-05-19 10:30:00,135.295,135.39999,134.92999,135.1326,6276121,51.36109,134.95728,135.0079381,0.0046462702,0.025114833,-0.020468563,78.68792,75.14424,14.040107,15.16076,0.75643275,135.93815,135.10040,134.26264,2025-05-19,10:30
2025-05-19 10:45:00,135.14011,135.38,134.28,134.655,12663008,46.54003,134.89395,134.93735,-0.024516694,0.015188527,-0.039705221,64.88441,72.81406,14.61931,-59.46822,0.78097370,135.94349,135.093396,134.24330,2025-05-19,10:45
2025-05-19 11:00:00,134.66,135.13,134.3,135.020004,6548868,50.37390,134.88725,134.95388,-0.017968530,0.0085571159,-0.026525646,75.43373,73.0020198,15.15715,-52.79877,0.78447571,135.94111,135.10940,134.27769,2025-05-19,11:00
2025-05-19 11:15:00,135.014999,135.28,134.795,134.925,4889830,49.38128,134.88558,134.94811,-0.020211878,0.0028033171,-0.023015195,72.68802,71.0020551,15.40115,-20.034504,0.76308463,135.93107,135.12440,134.31773,2025-05-19,11:15
2025-05-19 11:30:00,134.92,135.72,134.86,135.405,5653883,54.28302,134.89502,135.039484,0.016551106,0.0055528749,0.010998231,86.56077,78.22751,14.91077,46.23773,0.77000720,135.93918,135.12810,134.31701,2025-05-19,11:30
2025-05-19 11:45:00,135.4014,135.56,134.94501,135.089996,4043635,50.80594,134.97362,135.049587,0.020036997,0.0084496992,0.011587297,77.45663,78.90181,14.45541,24.63456,0.75893456,135.83753,135.091506,134.34548,2025-05-19,11:45
2025-05-19 12:00:00,135.085007,135.33,132.89999,135.1687,3895167,51.63945,135.094589,135.073409,0.028818214,0.012523402,0.016294812,79.73134,81.24958,16.079589,-119.16270,0.87829694,135.73727,135.060691,134.38411,2025-05-19,12:00
2025-05-19 12:15:00,135.145,135.32001,132.85001,135.22501,4246978,52.26260,135.10070,135.10373,0.039861234,0.017990969,0.021870266,81.35865,79.51554,17.62445,-103.10414,0.99199011,135.68907,135.044691,134.40031,2025-05-19,12:15
2025-05-19 12:30:00,135.2211,135.25999,134.69,134.845,3384185,47.78714,135.051812,135.051983,0.017745134,0.017941802,-0.00019666746,70.37583,77.15527,19.058964,-1.60149,0.96184739,135.65120,135.018712,134.38623,2025-05-19,12:30
2025-05-19 12:45:00,134.85001,135.14,134.71001,135.089996,3474440,50.71732,135.047078,135.059586,0.019759252,0.018305292,0.0014539600,77.45663,76.39704,20.39101,10.77480,0.92385777,135.65468,135.021461,134.38824,2025-05-19,12:45
2025-05-19 13:00:00,135.080002,135.63499,135.0099945,135.57001,4963986,55.93512,135.14875,135.16167,0.059403562,0.026524946,0.032878616,90.066593,79.29968,20.72417,101.19794,0.90251078,135.70571,135.036462,134.36721,2025-05-19,13:00
2025-05-19 13:15:00,135.565,135.7,135.27,135.27499,3910762,52.27211,135.17708,135.18433,0.066253121,0.034470581,0.031782540,80.29790,82.60704,20.91896,97.74210,0.86875949,135.72070,135.044212,134.36772,2025-05-19,13:15
2025-05-19 13:30:00,135.28,135.61501,133.0,135.4115,3839492,53.78035,135.23113,135.22977,0.081753861,0.043927237,0.037826624,84.81795,85.060816,22.87913,-51.42256,0.99349135,135.74472,135.053536,134.36235,2025-05-19,13:30
2025-05-19 13:45:00,135.41499,135.69,135.2,135.425,3179056,53.93544,135.23336,135.26881,0.094043892,0.053950568,0.040093324,89.72130,84.94572,24.57800,102.78484,0.95752807,135.78070,135.070771,134.36084,2025-05-19,13:45
2025-05-19 14:00:00,135.42999,135.55499,135.22,135.30009,2413534,52.19103,135.25670,135.27507,0.092636901,0.061687834,0.030949067,85.36908,86.63611,26.15552,78.93537,0.91306117,135.80278,135.088776,134.37477,2025-05-19,14:00
2025-05-19 14:15:00,135.3,135.3187,134.95,135.085007,3699918,49.23790,135.24740,135.23706,0.073320859,0.064014439,0.0093064195,77.87472,84.32170,27.79413,33.54252,0.87417810,135.78311,135.077026,134.37094,2025-05-19,14:15
2025-05-19 14:30:00,135.085007,135.33,135.0,135.1312,3809749,49.89356,135.23698,135.21589,0.061036183,0.063418788,-0.0023826050,79.48407,80.90929,29.29383,32.67893,0.83530836,135.74461,135.11446,134.48430,2025-05-19,14:30
2025-05-19 14:45:00,135.1313,135.39,135.050003,135.285,2947855,52.11177,135.28587,135.22971,0.062985500,0.063332130,-0.00034663080,84.84326,80.73402,30.56319,47.19026,0.79992893,135.59229,135.17471,134.75713,2025-05-19,14:45
2025-05-19 15:00:00,135.28999,135.47,135.080002,135.1619,3209158,50.19632,135.29386,135.21615,0.053974384,0.061460581,-0.0074861968,81.11920,81.81551,31.56986,41.92524,0.77064825,135.59191,135.17430,134.75669,2025-05-19,15:00
2025-05-19 15:15:00,135.16,135.25999,134.99001,135.12,3747897,49.52903,135.24385,135.19692,0.042956800,0.057759825,-0.014803025,79.64899,81.87048,32.58152,16.47434,0.73488688,135.58110,135.16605,134.75100,2025-05-19,15:15
2025-05-19 15:30:00,135.12,135.45,135.080002,135.15891,4181141,50.19121,135.23096,135.18931,0.036939178,0.053595696,-0.016656517,81.014258,80.59415,33.080008,44.34478,0.70882318,135.58215,135.16737,134.75258,2025-05-19,15:30
2025-05-19 15:45:00,135.155,135.60001,135.089996,135.49001,9319972,55.53703,135.23968,135.24945,0.058216131,0.054519783,0.0036963480,92.22253,84.29526,33.19637,83.34251,0.69462222,135.57434,135.20912,134.84389,2025-05-19,15:45
