datetime,open,high,low,close,volume,RSI_rsi,SMA_sma,EMA_ema,MACD_macd,MACD_macd_signal,MACD_macd_hist,STOCH_slow_k,STOCH_slow_d,ADX_adx,CCI_cci,ATR_atr,BBANDS_upper_band,BBANDS_middle_band,BBANDS_lower_band,Date,Time
2025-05-13 09:30:00,124.97,125.0,124.62,124.72,16053281,86.59199,123.068444,123.20522,0.26743699,0.10993376,0.15750323,89.98215,94.62807,31.95109,397.12369,0.27311098,123.78533,122.71108,121.63684,2025-05-13,09:30
2025-05-13 09:31:00,124.73,125.53,124.47,125.43,3856890,89.44757,123.34844,123.65018,0.43539496,0.17502600,0.26036896,96.89446,95.21894,35.51650,339.32700,0.32931717,124.44160,122.87783,121.31407,2025-05-13,09:31
2025-05-13 09:32:00,125.45,125.76,125.0,125.52,2387890,89.74568,123.64844,124.024141,0.56920339,0.25386148,0.31534192,92.83565,93.23742,38.92007,254.90229,0.36008038,124.95666,123.034835,121.11301,2025-05-13,09:32
2025-05-13 09:33:00,125.53,125.8,125.35,125.7906,1347197,90.60514,123.97184,124.37743,0.68913930,0.34091704,0.34822225,99.71430,96.48147,42.096440,198.62298,0.36650354,125.44134,123.20961,120.97789,2025-05-13,09:33
2025-05-13 09:34:00,125.8,125.85,125.55,125.64,1478934,86.27136,124.29951,124.62995,0.76323872,0.42538138,0.33785734,93.49847,95.34948,45.066711,156.39872,0.36175296,125.80307,123.37586,120.94866,2025-05-13,09:34
2025-05-13 09:35:00,125.66,125.87,125.49,125.73,1385971,86.68136,124.62562,124.84996,0.81977574,0.50426025,0.31551549,95.69233,96.30170,47.53439,128.87465,0.36305667,126.12678,123.54678,120.96678,2025-05-13,09:35
2025-05-13 09:36:00,125.7386,126.059998,125.62,125.8979,2165880,87.43521,124.96428,125.059547,0.86812270,0.57703274,0.29108996,95.28795,94.82625,49.92800,116.62726,0.36855225,126.43053,123.72843,121.026321,2025-05-13,09:36
2025-05-13 09:37:00,125.9,125.965,125.68,125.725,1062863,82.27090,125.27150,125.19264,0.88231525,0.63808924,0.24422601,90.26164,93.74731,52.15064,97.95923,0.36258395,126.65229,123.89918,121.14606,2025-05-13,09:37
2025-05-13 09:38:00,125.73,126.050003,125.7,125.975,1170954,83.76411,125.60317,125.34911,0.90332291,0.69113597,0.21218693,97.52909,94.35956,54.26209,91.79588,0.36168553,126.88494,124.075930,121.26692,2025-05-13,09:38
2025-05-13 09:39:00,125.98,126.18,125.93,126.11,1140388,84.52221,125.75761,125.50129,0.92025703,0.73696019,0.18329684,98.0000087193,95.26358,56.29419,89.52137,0.35370799,127.10163,124.25593,121.41023,2025-05-13,09:39
2025-05-13 09:40:00,126.11,126.39,126.11,126.375,1304422,85.91270,125.86261,125.67603,0.94417679,0.77840351,0.16577328,99.58450,98.37120,58.28845,90.70255,0.34844305,127.34445,124.43147,121.51849,2025-05-13,09:40
2025-05-13 09:41:00,126.3782,126.42,126.19,126.215,1068787,81.17105,125.93983,125.78382,0.93939367,0.81060154,0.12879213,94.25765,97.28072,60.15514,82.81950,0.33998252,127.51447,124.60122,121.68798,2025-05-13,09:41
2025-05-13 09:42:00,126.2182,126.32,126.19,126.225,819498,81.24075,125.98810,125.87206,0.92573876,0.83362898,0.092109779,94.45235,96.098170,61.88850,76.021817,0.32498358,127.65356,124.76697,121.88039,2025-05-13,09:42
2025-05-13 09:43:00,126.22,126.2898,125.98,126.1199,1309969,77.97460,126.041423,125.92163,0.89610710,0.84612461,0.049982496,84.61051,91.10684,62.22367,65.82244,0.32389898,127.73044,124.93197,122.13350,2025-05-13,09:43
2025-05-13 09:44:00,126.1151,126.57,126.11,126.515,1619345,81.057776,126.12864,126.040302,0.89419699,0.85573908,0.038457903,97.38094,92.14793,62.82623,76.72470,0.33362041,127.82635,125.11372,122.40109,2025-05-13,09:44
2025-05-13 09:45:00,126.51,126.69,126.4,126.585,1286213,81.55054,126.20499,126.14924,0.88809420,0.86221011,0.025884091,93.78679,91.92608,63.49743,84.17482,0.33050474,127.85120,125.30842,122.76564,2025-05-13,09:45
2025-05-13 09:46:00,126.597,126.73,126.37,126.575,1384118,81.22539,126.29943,126.23439,0.87239419,0.86424692,0.0081472646,88.76769,93.31181,64.15793,84.39307,0.33261158,127.81696,125.49742,123.17788,2025-05-13,09:46
2025-05-13 09:47:00,126.575,126.66,126.48,126.589,906234,81.33755,126.36765,126.30531,0.85126860,0.86165126,-0.010382658,88.62856,90.39435,64.77125,88.67914,0.32171078,127.70352,125.68437,123.66522,2025-05-13,09:47
2025-05-13 09:48:00,126.59,126.7,126.41,126.4414,970967,76.17104,126.40448,126.33253,0.81324193,0.85196939,-0.038727466,76.72553,84.70726,64.88795,84.093263,0.31944524,127.46653,125.85844,124.25035,2025-05-13,09:48
2025-05-13 09:49:00,126.4417,126.57,126.41,126.4601,679750,76.37578,126.41393,126.35804,0.77567294,0.83671010,-0.061037159,75.68424,80.34611,64.99632,78.070433,0.30805601,126.97659,126.031945,125.087300,2025-05-13,09:49
2025-05-13 09:50:00,126.47,126.84,126.4442,126.8313,1141267,80.041670,126.48241,126.45269,0.76701042,0.82277016,-0.055759747,99.25021,83.88666,65.43533,110.67623,0.31432328,126.93207,126.13751,125.34295,2025-05-13,09:50
2025-05-13 09:51:00,126.835,126.93,126.7,126.9299,982861,80.88996,126.56073,126.54814,0.75934839,0.81008581,-0.050737420,99.99194,91.64213,65.94229,129.79781,0.30830043,127.0089333,126.21250,125.41608,2025-05-13,09:51
2025-05-13 09:52:00,126.9218,127.0,126.84,126.9625,1049799,81.17486,126.65435,126.63101,0.74729244,0.79752713,-0.050234699,96.49547,98.57921,66.48915,136.41149,0.29770780,127.078403,126.28463,125.49086,2025-05-13,09:52
2025-05-13 09:53:00,126.9602,127.17,126.8913,127.019997,2014088,81.69321,126.71047,126.70881,0.73391724,0.78480516,-0.050887916,87.39477,94.62739,67.17065,140.0055097,0.29635023,127.16726,126.34610,125.52494,2025-05-13,09:53
2025-05-13 09:54:00,127.029999,127.28,126.98,127.25,1254560,83.63455,126.78435,126.81705,0.73342221,0.77452857,-0.041106353,97.69239,93.86088,67.90674,152.48066,0.29661060,127.27044,126.42660,125.58276,2025-05-13,09:54
2025-05-13 09:55:00,127.25,127.31,127.099998,127.2783,1056707,83.86131,126.86250,126.90930,0.72693363,0.76500958,-0.038075950,97.61652,94.23456,68.61826,149.77480,0.29042406,127.36199,126.50401,125.64603,2025-05-13,09:55
2025-05-13 09:56:00,127.28,127.55,127.255,127.54,1449674,85.81836,126.96817,127.035437,0.73444247,0.75889616,-0.024453688,99.36292,98.22395,69.48510,170.66314,0.29075133,127.50826,126.58612,125.66398,2025-05-13,09:56
2025-05-13 09:57:00,127.55,127.81,127.5395,127.809,1582140,87.49670,127.12012,127.19015,0.75341421,0.75779977,-0.0043855549,99.94121,98.97355,70.47156,184.45945,0.28930482,127.66894,126.69032,125.71170,2025-05-13,09:57
2025-05-13 09:58:00,127.8099,127.89,127.65,127.675,1437124,82.27346,127.25511,127.28712,0.74900314,0.75604044,-0.0070373070,85.85547,95.053201,71.43757,159.39222,0.28578289,127.78546,126.77532,125.76518,2025-05-13,09:58
2025-05-13 09:59:00,127.677,127.85,127.63,127.725,1073644,82.68871,127.35441,127.37470,0.74099975,0.75303230,-0.012032552,89.14465,91.64711,72.18788,137.52247,0.28108420,127.89825,126.85607,125.81389,2025-05-13,09:59
2025-05-13 10:00:00,127.73,127.85,127.535,127.6713,1733973,80.50743,127.43679,127.43402,0.72200144,0.74682613,-0.024824693,85.22316,86.74110,72.18276,114.084294,0.28350639,127.99605,126.92088,125.84572,2025-05-13,10:00
2025-05-13 10:01:00,127.68,127.78,127.5901,127.6,905213,77.58073,127.50762,127.46721,0.69320069,0.73610104,-0.042900354,80.40529,84.92437,72.17801,97.74642,0.27681991,128.052856,126.99013,125.92741,2025-05-13,10:01
2025-05-13 10:02:00,127.603,127.675,127.47,127.565,980617,76.11816,127.56818,127.48677,0.65994457,0.72086975,-0.060925179,78.040683,81.22304,71.27151,76.90320,0.27169004,128.086906,127.057135,126.027363,2025-05-13,10:02
2025-05-13 10:03:00,127.5595,127.65,127.495,127.625,775933,76.92145,127.60984,127.51442,0.63115460,0.70292672,-0.071772119,81.67110,80.039023,70.42976,71.99850,0.26335495,128.094985,127.13239,126.16979,2025-05-13,10:03
2025-05-13 10:04:00,127.625,127.7,127.54,127.59,856905,75.32948,127.64448,127.52953,0.59861340,0.68206405,-0.083450658,74.78971,78.16716,69.74713,68.45413,0.25597217,128.12459,127.18614,126.24769,2025-05-13,10:04
2025-05-13 10:05:00,127.5954,127.71,127.56,127.635,663193,76.016759,127.65503,127.55063,0.56988655,0.65962855,-0.089742002,75.71462,77.39181,69.13372,65.93599,0.24840284,128.15389,127.23864,126.32339,2025-05-13,10:05
2025-05-13 10:06:00,127.635,127.98,127.5801,127.925,1324210,79.90205,127.66792,127.62550,0.56401931,0.64050670,-0.076487397,94.94811,81.81748,69.050759,88.78491,0.25922423,128.21476,127.30614,126.39752,2025-05-13,10:06
2025-05-13 10:07:00,127.9201,128.3699,127.885,128.3299,3291575,83.83862,127.74069,127.76638,0.58529397,0.62946416,-0.044170190,97.12148,89.26140,69.46402,137.57890,0.27534403,128.34294,127.39318,126.44343,2025-05-13,10:07
2025-05-13 10:08:00,128.3201,128.53,128.315,128.5047,1962268,85.18756,127.82732,127.91404,0.60923666,0.62541866,-0.016181994,98.23083,96.76681,70.0033553,170.58663,0.27103348,128.45832,127.49635,126.53438,2025-05-13,10:08
2025-05-13 10:09:00,128.50459,128.565,128.38,128.4303,1305422,82.048502,127.91166,128.017295,0.61511713,0.62335835,-0.0082412228,89.71725,95.023188,70.53696,167.58872,0.26488806,128.51478,127.59486,126.67494,2025-05-13,10:09
2025-05-13 10:10:00,128.435,128.435,127.87,127.9747,1773303,66.0084857,127.95329,128.0087763,0.57637054,0.61396079,-0.037590253,46.091246,78.013109,68.0073209,94.74673,0.28632426,128.51541,127.65203,126.78865,2025-05-13,10:10
2025-05-13 10:11:00,127.975,128.18851,127.8135,128.16,1533587,68.68956,128.019400,128.039022,0.55422718,0.60201407,-0.047786890,63.013851,66.27412,65.39117,79.28072,0.29265878,128.53670,127.71353,126.89037,2025-05-13,10:11
2025-05-13 10:12:00,128.15849,128.38,128.080002,128.34171,1384912,71.096938,128.099034,128.099558,0.54505713,0.59062268,-0.045565548,79.60759,62.90423,63.41169,111.67250,0.29318337,128.57287,127.78250,126.99212,2025-05-13,10:12
2025-05-13 10:13:00,128.343,128.545,128.27,128.535,1216699,73.43680,128.20403,128.18665,0.54708096,0.58191433,-0.034833378,97.26039,79.96061,61.92290,130.83178,0.29188413,128.63201,127.85825,127.084478,2025-05-13,10:13
2025-05-13 10:14:00,128.53,128.875,128.46091,128.77499,1969486,76.031223,128.33070,128.30432,0.56157655,0.57784678,-0.016270225,92.88212,89.91670,61.13357,155.30947,0.30061333,128.75276,127.93450,127.11623,2025-05-13,10:14
2025-05-13 10:15:00,128.77499,128.89999,128.64999,128.8351,1457333,76.64642,128.43182,128.41047,0.57132842,0.57654311,-0.0052146863,95.46182,95.20144,60.44152,149.78658,0.29699809,128.86170,128.012335,127.16297,2025-05-13,10:15
2025-05-13 10:16:00,128.8385,129.089996,128.7218,129.074997,2080884,78.96689,128.51461,128.54338,0.59159512,0.57955351,0.012041614,99.059596,95.80118,60.10100,156.83193,0.30208356,129.026679,128.089085,127.15149,2025-05-13,10:16
2025-05-13 10:17:00,129.074997,129.37,129.0099945,129.315,1886309,81.00081315,128.60464,128.69770,0.61987751,0.58761831,0.032259198,96.99493,97.17211,60.16934,170.19294,0.30622049,129.23270,128.16439,127.096075,2025-05-13,10:17
2025-05-13 10:18:00,129.315,129.49989,129.2,129.36,1865940,81.36467,128.70795,128.83016,0.63856154,0.59780696,0.040754582,92.78865,96.28106,60.39192,160.41557,0.30576876,129.41092,128.24864,127.086355,2025-05-13,10:18
2025-05-13 10:19:00,129.36349,129.41,129.10001,129.1313,1526636,73.64515,128.83646,128.89039,0.62767919,0.60378140,0.023897791,80.80046,90.19468,60.070541,122.98553,0.30607082,129.51565,128.31895,127.12225,2025-05-13,10:19
2025-05-13 10:20:00,129.13541,129.22,128.96001,129.074997,1193737,71.83808,128.93812,128.92731,0.60750854,0.60452683,0.0029817098,74.80445,82.79785,59.060514,94.72259,0.30277965,129.59031,128.38913,127.18796,2025-05-13,10:20
2025-05-13 10:21:00,129.074997,129.095001,128.86,128.91499,1097258,66.82033,129.0018209,128.92485,0.57201832,0.59802513,-0.026006806,65.31653,73.64048,57.63421,71.10962,0.29793829,129.61949,128.45488,127.29028,2025-05-13,10:21
2025-05-13 10:22:00,128.92,129.0,128.84,128.85001,843258,64.83937,129.036821,128.90988,0.53250971,0.58492204,-0.052412338,61.46291,67.19463,56.21049,56.57537,0.28808582,129.62033,128.51913,127.41794,2025-05-13,10:22
2025-05-13 10:23:00,128.85001,128.92999,128.72,128.72501,981537,61.088000,129.031267,128.87290,0.48551567,0.56504077,-0.079525103,54.050643,60.27669,54.29203,35.77908,0.28250765,129.59840,128.57414,127.54988,2025-05-13,10:23
2025-05-13 10:24:00,128.72,129.070007,128.71001,129.035004,1482956,66.29594,129.053479,128.90532,0.46789318,0.54561125,-0.077718070,72.43292,62.64882,52.86790,51.71038,0.28804286,129.58287,128.64639,127.70990,2025-05-13,10:24
2025-05-13 10:25:00,129.029999,129.31,128.88,129.285,1144553,69.80568,129.076813,128.98126,0.46869729,0.53022846,-0.061531165,84.86578,70.44978,52.087485,82.37594,0.29818213,129.58139,128.72889,127.87638,2025-05-13,10:25
2025-05-13 10:26:00,129.28011,129.32001,129.1601,129.1813,919507,66.70287,129.061957,129.021269,0.45571376,0.51532552,-0.059611764,74.096176,77.13162,51.38424,88.55598,0.28830570,129.58080,128.79170,128.0026046,2025-05-13,10:26
2025-05-13 10:27:00,129.185,129.25,129.11,129.19501,668596,66.91216,129.043625,129.056017,0.44144122,0.50054866,-0.059107442,70.65545,76.53913,50.45605,76.12181,0.27771239,129.61282,128.83496,128.057096,2025-05-13,10:27
2025-05-13 10:28:00,129.19,129.39999,129.14999,129.315,1047246,68.76374,129.064036,129.10781,0.43480062,0.48739905,-0.052598432,78.24557,74.33240,49.94762,89.46315,0.27573294,129.66463,128.87547,128.086310,2025-05-13,10:28
2025-05-13 10:29:00,129.32001,129.38989,129.16,129.215,793495,65.47522,129.079592,129.12925,0.41666518,0.47325228,-0.056587094,63.93192,70.94431,49.47550,77.16613,0.27245836,129.68933,128.91471,128.14009,2025-05-13,10:29
2025-05-13 10:30:00,129.22501,129.23,128.92,129.13499,1505554,62.88438,129.10404,129.13040,0.39132627,0.45686708,-0.065540802,53.80365,65.32705,47.70902,37.52042,0.27513974,129.62045,128.97272,128.32499,2025-05-13,10:30
2025-05-13 10:31:00,129.13499,129.405,129.044998,129.39,1370949,67.32293,129.16404,129.18232,0.38735656,0.44296497,-0.055608409,86.087393,67.94099,46.56563,79.45889,0.28120123,129.58843,129.034221,128.48001,2025-05-13,10:31
2025-05-13 10:32:00,129.38989,129.61,129.22,129.25011,1643480,62.88040,129.22238,129.19588,0.36867255,0.42810649,-0.059433938,60.011529,66.63419,46.013427,99.98719,0.28897252,129.54041,129.079641,128.61887,2025-05-13,10:32
2025-05-13 10:33:00,129.2502,129.31,129.12,129.24001,804610,62.55938,129.24516,129.20470,0.34902688,0.41229057,-0.063263688,58.88915,68.32936,44.98485,49.28258,0.28190323,129.50624,129.11489,128.72354,2025-05-13,10:33
2025-05-13 10:34:00,129.24001,129.30859,129.17,129.205,668121,61.38980,129.23627,129.20476,0.32686514,0.39520548,-0.068340340,54.99983,57.96684,44.029739,45.73759,0.27166697,129.49670,129.13639,128.77608,2025-05-13,10:34
2025-05-13 10:35:00,129.205,129.46001,129.17999,129.44,867747,65.98727,129.26501,129.25181,0.32452349,0.38106908,-0.056545597,81.11119,65.000056514,43.55166,101.41252,0.27226319,129.52222,129.16664,128.81105,2025-05-13,10:35
2025-05-13 10:36:00,129.44839,129.64999,129.3549,129.58501,1070617,68.48119,129.30835,129.31845,0.33055787,0.37096684,-0.040408967,93.086376,76.39913,43.56247,170.82620,0.27389366,129.58858,129.19214,128.79569,2025-05-13,10:36
2025-05-13 10:37:00,129.58,129.69,129.47,129.66,1151818,69.71792,129.34668,129.38676,0.33750129,0.36427373,-0.026772439,96.93889,90.37882,43.66309,179.76137,0.27004420,129.65294,129.20939,128.76583,2025-05-13,10:37
2025-05-13 10:38:00,129.66499,129.685,129.53,129.565,697957,66.17571,129.38557,129.42241,0.33151668,0.35772232,-0.026205642,84.56785,91.53104,43.75651,158.40977,0.26182667,129.68555,129.21964,128.75372,2025-05-13,10:38
2025-05-13 10:39:00,129.56,129.60001,129.46001,129.55659,779164,65.85681,129.43241,129.44925,0.32237922,0.35065370,-0.028274480,82.67443,88.060392,43.39076,118.085455,0.25312472,129.72713,129.24090,128.75468,2025-05-13,10:39
2025-05-13 10:40:00,129.55,129.61,129.47,129.52499,619726,64.59678,129.44741,129.46440,0.30902553,0.34232807,-0.033302535,78.57044,81.93758,43.080390,103.26089,0.24504434,129.75840,129.26340,128.76840,2025-05-13,10:40
2025-05-13 10:41:00,129.52499,129.57001,129.37,129.47501,913818,62.55780,129.47240,129.46652,0.29105395,0.33207324,-0.041019292,72.078553,77.77448,42.12574,72.37073,0.24182776,129.76739,129.29140,128.81541,2025-05-13,10:41
2025-05-13 10:42:00,129.48,129.50999,129.34,129.42,811161,60.30211,129.49240,129.45721,0.26926870,0.31951234,-0.050243633,64.93470,71.86123,41.042688,47.25658,0.23669707,129.75310,129.31990,128.88671,2025-05-13,10:42
2025-05-13 10:43:00,129.425,129.45,129.2,129.30009,1073787,55.59630,129.50297,129.42579,0.23956694,0.30352326,-0.063956316,49.36290,62.12539,39.16314,-6.30127,0.23764728,129.68578,129.34866,129.011536,2025-05-13,10:43
2025-05-13 10:44:00,129.3,129.37,129.24001,129.34531,609689,56.96018,129.49245,129.40969,0.21717286,0.28625318,-0.069080316,46.55911,53.61890,37.41785,-16.17740,0.22995745,129.66915,129.36417,129.059190,2025-05-13,10:44
2025-05-13 10:45:00,129.35001,129.7,129.32001,129.69501,1361196,65.72857,129.50467,129.46676,0.22504911,0.27401236,-0.048963256,99.13972,65.020576,37.067135,102.59528,0.24067403,129.71929,129.38467,129.050053,2025-05-13,10:45
2025-05-13 10:46:00,129.69,129.745,129.60001,129.64999,1214426,63.92332,129.50356,129.50340,0.22506448,0.26422279,-0.039158307,84.79980,76.83288,36.88469,129.39728,0.23383939,129.74808,129.40811,129.068135,2025-05-13,10:46
2025-05-13 10:47:00,129.64999,129.67,129.49001,129.61501,756973,62.48671,129.50911,129.52572,0.21972059,0.25532235,-0.035601759,77.39299,87.11084,36.018355,85.19862,0.22999319,129.76570,129.42911,129.092512,2025-05-13,10:47
2025-05-13 10:48:00,129.61,129.7,129.5701,129.605,642873,62.057017,129.51449,129.54158,0.21223134,0.24670415,-0.034472806,75.22145,79.13808,35.32601,90.89755,0.22284354,129.78425,129.44361,129.10296,2025-05-13,10:48
2025-05-13 10:49:00,129.60001,129.7999,129.59,129.78,936505,66.40642,129.54282,129.58926,0.21790546,0.24094441,-0.023038947,96.68320,83.099214,35.049373,122.57991,0.22191900,129.82545,129.47186,129.11827,2025-05-13,10:49
2025-05-13 10:50:00,129.77,129.89999,129.75,129.8224,1258810,67.38209,129.58142,129.63589,0.22325042,0.23740561,-0.014155195,88.91553,86.94006,35.13453,156.94003,0.21678149,129.85577,129.50623,129.15668,2025-05-13,10:50
2025-05-13 10:51:00,129.8299,129.96001,129.78999,129.91991,1158269,69.57055,129.63697,129.69269,0.23267196,0.23645888,-0.0037869179,94.72374,93.44082,35.41014,169.37290,0.21344091,129.92118,129.53272,129.14427,2025-05-13,10:51
2025-05-13 10:52:00,129.916,129.96001,129.83,129.88989,830538,68.056842,129.70250,129.73213,0.23500770,0.23616865,-0.0011609427,90.77457,91.47128,35.66606,152.17703,0.20748120,129.96012,129.56471,129.16931,2025-05-13,10:52
2025-05-13 10:53:00,129.88499,129.99001,129.883,129.97,1696921,69.93697,129.77191,129.77971,0.24054998,0.23704491,0.0035050681,97.46784,94.32205,36.010073,158.69617,0.20030468,130.0046726,129.60121,129.19775,2025-05-13,10:53
2025-05-13 10:54:00,129.965,129.97,129.88,129.8949,1086267,66.014017,129.79412,129.80275,0.23615973,0.23686788,-0.00070814785,87.96114,92.067851,36.30328,128.38447,0.19242551,130.015015,129.63571,129.25640,2025-05-13,10:54
2025-05-13 10:55:00,129.89,130.27499,129.88,130.2616,4551618,73.75486,129.86208,129.89452,0.25928115,0.24135053,0.017930621,98.75374,94.72757,37.52956,184.022373,0.20689433,130.13265,129.67679,129.22092,2025-05-13,10:55
2025-05-13 10:56:00,130.27,130.49001,130.14,130.33501,2015265,74.98329,129.94208,129.98261,0.28029753,0.24913993,0.031157597,87.98467,91.56652,39.14951,199.77550,0.21711660,130.25015,129.71429,129.17842,2025-05-13,10:56
2025-05-13 10:57:00,130.33501,130.83,130.3,130.6246,2315550,79.13272,130.055367,130.11101,0.31667079,0.26264610,0.054024691,87.081822,91.27341,41.21599,218.88205,0.23946533,130.42810,129.76252,129.096935,2025-05-13,10:57
2025-05-13 10:58:00,130.63,130.63,130.5,130.53,1136270,74.76970,130.13870,130.19481,0.33401279,0.27691944,0.057093347,80.13218,85.066223,43.13485,172.73518,0.23164672,130.54812,129.81077,129.073412,2025-05-13,10:58
2025-05-13 10:59:00,130.52541,130.735,130.505,130.63,1002710,76.25980,130.22843,130.28185,0.35177110,0.29188977,0.059881328,85.074814,84.096271,45.067504,159.42279,0.23152880,130.67281,129.86444,129.056056,2025-05-13,10:59
2025-05-13 11:00:00,130.63251,130.64,130.405,130.5425,1263034,72.23932,130.29761,130.33398,0.35469473,0.30445076,0.050243969,78.54426,81.25042,46.089548,122.53382,0.23177678,130.75913,129.91531,129.071490,2025-05-13,11:00
2025-05-13 11:01:00,130.5399,130.5999,130.395,130.47141,937297,69.054269,130.36222,130.36146,0.34727217,0.31301505,0.034257126,71.53774,78.38561,46.96125,100.012851,0.22985666,130.81671,129.96513,129.11356,2025-05-13,11:01
2025-05-13 11:02:00,130.47,130.55,130.36,130.3947,874112,65.68888,130.40941,130.36811,0.33138026,0.31668809,0.014692175,64.89510,71.65903,47.48823,78.91629,0.22700993,130.84642,130.013866,129.18131,2025-05-13,11:02
2025-05-13 11:03:00,130.39999,130.42999,130.17999,130.22,1196568,58.67524,130.44553,130.33849,0.30121691,0.31359385,-0.012376941,43.51856,59.98380,46.63769,43.48179,0.22865207,130.82882,130.059861,129.29091,2025-05-13,11:03
2025-05-13 11:04:00,130.22501,130.32001,130.070007,130.155,930776,56.26789,130.43369,130.30179,0.26896661,0.30466840,-0.035701797,35.096394,47.83668,45.13078,19.049441,0.23017693,130.79636,130.10035,129.40434,2025-05-13,11:04
2025-05-13 11:05:00,130.1514,130.19,129.71001,129.75999,1710716,44.35789,130.36980,130.19343,0.20912381,0.28555949,-0.076435672,4.46322,27.69272,41.93897,-47.11503,0.24802113,130.79258,130.10359,129.41461,2025-05-13,11:05
2025-05-13 11:06:00,129.7619,129.92999,129.743,129.795,3496338,45.45960,130.27762,130.11374,0.16264757,0.26097710,-0.098329531,7.58856,15.71605,38.97514,-64.28863,0.24366222,130.78344,130.11085,129.43825,2025-05-13,11:06
2025-05-13 11:07:00,129.8,129.81,129.64,129.64,48833,41.53765,130.17873,130.018996,0.11201650,0.23118498,-0.11916848,0,4.017257,36.68004,-95.046415,0.23840063,130.78108,130.11209,129.44311,2025-05-13,11:07
2025-05-13 11:08:00,129.65,129.72,129.55,129.64,45476,41.53765,130.068733,129.94320,0.071071746,0.19916234,-0.12809059,7.031240,4.87327,34.92835,-108.93115,0.23351488,130.77768,130.11385,129.45001,2025-05-13,11:08
2025-05-13 11:09:00,129.63989,129.7399,129.60001,129.71001,2786898,44.065431,129.97623,129.89656,0.043767166,0.16808330,-0.12431614,12.50051,6.51058,33.19445,-97.27496,0.22682757,130.78188,130.11035,129.43882,2025-05-13,11:09
2025-05-13 11:10:00,129.71001,129.88499,129.7,129.8293,895021,48.17734,129.90489,129.88311,0.031392186,0.14074508,-0.10935289,21.82028,13.78401,30.83205,-69.55417,0.22383971,130.78164,130.11069,129.43975,2025-05-13,11:10
2025-05-13 11:11:00,129.8242,129.97,129.7318,129.95171,855855,52.070790,129.85567,129.89683,0.031103524,0.11881677,-0.087713244,33.89922,22.74000,29.026295,-51.59712,0.22486580,130.78156,130.11228,129.44300,2025-05-13,11:11
2025-05-13 11:12:00,129.9519,130.0099945,129.87,129.87,1159114,49.40254,129.81678,129.89146,0.024004667,0.099854348,-0.075849681,27.0037934,27.57443,27.53777,-44.84182,0.21880391,130.78194,130.11129,129.44063,2025-05-13,11:12
2025-05-13 11:13:00,129.875,129.9099,129.67999,129.7099,603834,44.58221,129.76732,129.85515,0.0053981987,0.080963118,-0.075564919,14.66972,25.19091,25.95142,-74.23759,0.21959679,130.78917,130.098280,129.40739,2025-05-13,11:13
2025-05-13 11:14:00,129.705,129.73,129.55,129.58501,675402,41.20454,129.74788,129.80112,-0.019204026,0.060929689,-0.080133715,3.33429,15.0026033,25.048335,-97.92513,0.21676792,130.80444,130.082786,129.36113,2025-05-13,11:14
2025-05-13 11:15:00,129.59,129.7451,129.59,129.74001,577930,46.61065,129.74177,129.78890,-0.025895849,0.043564582,-0.069460431,19.00049133,12.33484,24.12528,-75.086054,0.21271987,130.78826,130.056706,129.32515,2025-05-13,11:15
2025-05-13 11:16:00,129.735,129.8,129.67999,129.77139,541791,47.66015,129.75637,129.78540,-0.028339788,0.029183708,-0.057523496,25.15848,15.83109,22.95379,-58.16417,0.20609777,130.75845,130.028526,129.29860,2025-05-13,11:16
2025-05-13 11:17:00,129.77,129.92,129.685,129.907,5650671,52.046062,129.78603,129.80972,-0.019114114,0.019524143,-0.038638257,46.36289,30.17396,21.41326,-36.42606,0.20816225,130.67053,129.99265,129.31476,2025-05-13,11:17
2025-05-13 11:18:00,129.91,130.17,129.89,130.17,1046230,59.18891,129.83714,129.88177,0.0093118999,0.017481695,-0.0081697948,96.87434,56.13191,21.10622,23.32500,0.21329344,130.61243,129.97465,129.33686,2025-05-13,11:18
2025-05-13 11:19:00,130.16,130.25,130.10001,130.17999,1084707,59.43618,129.87611,129.94142,0.032274157,0.020440187,0.011833970,89.99895,77.74540,21.12957,59.27404,0.20877204,130.52423,129.95214,129.38006,2025-05-13,11:19
2025-05-13 11:20:00,130.17171,130.1899,129.96001,130.014999,762002,53.65644,129.88314,129.95613,0.036734875,0.023699125,0.013035751,66.42848,84.43393,20.37573,37.37541,0.21028039,130.43133,129.92577,129.42021,2025-05-13,11:20
2025-05-13 11:21:00,130.020004,130.13,129.94,129.95,559168,51.53041,129.89203,129.95491,0.034625729,0.025884446,0.0087412834,57.14242,71.18995,19.56854,34.84978,0.20883196,130.33952,129.89970,129.45988,2025-05-13,11:21
2025-05-13 11:22:00,129.95,130.13,129.94,130.050095,598557,54.51893,129.92983,129.97394,0.040563667,0.028820290,0.011743377,71.44196,65.0042891,18.81901,62.057379,0.20748700,130.26688,129.88247,129.49806,2025-05-13,11:22
2025-05-13 11:23:00,130.052994,130.052994,129.92999,130.014999,458401,53.27857,129.97761,129.98215,0.041954015,0.031447035,0.010506980,66.42834,65.0042403,18.062139,56.11060,0.20145229,130.23010,129.87222,129.51434,2025-05-13,11:23
2025-05-13 11:24:00,130.020004,130.11,129.89999,129.90581,680542,49.50479,129.99603,129.96689,0.033854747,0.031928577,0.0019261693,50.82943,62.89991,17.65915,52.12314,0.20206332,130.19396,129.85976,129.52556,2025-05-13,11:24
2025-05-13 11:25:00,129.89999,130.080002,129.86501,130.080002,703463,54.98289,130.030321,129.98951,0.041019201,0.033746702,0.0072724990,75.71444,64.32407,17.049316,64.19264,0.20298711,130.21982,129.87576,129.53170,2025-05-13,11:25
2025-05-13 11:26:00,130.080002,130.17999,130.035004,130.145,1461911,56.86352,130.056766,130.020608,0.051350302,0.037267422,0.014082880,85.00054496,70.51480,17.020701,103.52907,0.19884439,130.25430,129.89326,129.53222,2025-05-13,11:26
2025-05-13 11:27:00,130.1418,130.16499,130.0050049,130.0099945,545439,52.0041020,130.038988,130.018485,0.048089271,0.039431792,0.0086574795,65.71335,75.47611,16.77697,70.024607,0.19606896,130.25654,129.91176,129.56698,2025-05-13,11:27
2025-05-13 11:28:00,130.0099945,130.050003,129.85001,129.9612,742904,50.32995,130.014677,130.0070275,0.041093620,0.039764158,0.0013294627,56.24220,68.98536,15.63438,16.22155,0.19634953,130.24963,129.92782,129.60601,2025-05-13,11:28
2025-05-13 11:29:00,129.97,129.99001,129.82001,129.83,517610,46.038694,129.99412,129.97162,0.024678690,0.036747064,-0.012068374,26.31706,49.42420,14.75568,-27.77988,0.19446729,130.24341,129.93382,129.62423,2025-05-13,11:29
2025-05-13 11:30:00,129.83501,129.855,129.66,129.72,698928,42.74766,129.96857,129.92130,0.0027617739,0.029950006,-0.027188232,10.16914,30.90947,14.82853,-96.95517,0.19450477,130.24880,129.92835,129.60791,2025-05-13,11:30
2025-05-13 11:31:00,129.7187,129.88499,129.69,129.8618,592835,47.91631,129.94765,129.90940,-0.0031293974,0.023334125,-0.026463523,34.20318,23.56312,14.68668,-57.60889,0.19453958,130.24539,129.92386,129.60233,2025-05-13,11:31
2025-05-13 11:32:00,129.86501,129.89999,129.7314,129.7482,372258,44.45383,129.91800,129.87716,-0.016771568,0.015312987,-0.032084554,14.94853,19.77362,14.44651,-61.036695,0.19268635,130.24765,129.91777,129.58789,2025-05-13,11:32
2025-05-13 11:33:00,129.7401,129.77,129.64,129.7614,453771,44.95155,129.90196,129.85401,-0.026215848,0.0070072198,-0.033223068,22.076697,23.74280,14.73743,-92.25489,0.18820910,130.24445,129.92034,129.59624,2025-05-13,11:33
2025-05-13 11:34:00,129.77,129.85001,129.75,129.7916,364479,46.14062,129.86991,129.84152,-0.030907569,-0.00057573798,-0.030331831,28.073695,21.69964,14.40609,-65.83830,0.18190889,130.22298,129.93067,129.63837,2025-05-13,11:34
2025-05-13 11:35:00,129.795,129.795,129.60001,129.63341,429021,41.12877,129.81307,129.79990,-0.046850170,-0.0098306244,-0.037019546,5.75901,18.63647,14.90405,-126.98221,0.18284340,130.23475,129.92534,129.61594,2025-05-13,11:35
2025-05-13 11:36:00,129.63499,130.35001,129.58,130.30499,1981893,60.66397,129.84584,129.90092,-0.0052331685,-0.0089111332,0.0036779648,94.15413,42.66228,15.20219,72.90249,0.22478346,130.29403,129.95202,129.61001,2025-05-13,11:36
2025-05-13 11:37:00,130.3046,130.35001,129.45,129.845,2458217,48.73530,129.83293,129.88974,-0.0092620932,-0.0089813252,-0.00028076798,43.88892,47.93402,14.81937,-33.048917,0.27301387,130.29362,129.94892,129.60423,2025-05-13,11:37
2025-05-13 11:38:00,129.8315,130.035004,129.81,129.87131,950453,49.34870,129.83752,129.88605,-0.010214611,-0.0092279823,-0.00098662843,46.81179,61.61828,14.46388,-16.088049,0.26958474,130.26468,129.93399,129.60330,2025-05-13,11:38
2025-05-13 11:39:00,129.87,129.97,129.81,129.94,400592,50.99761,129.86197,129.89684,-0.0053645309,-0.0084552921,0.0030907611,54.44450,48.38174,14.13379,-8.63652,0.26175752,130.23293,129.92199,129.61105,2025-05-13,11:39
2025-05-13 11:40:00,129.95,129.9702,129.86,129.88,412192,49.48248,129.86399,129.89347,-0.0062896066,-0.0080221550,0.0017325484,47.77817,49.67816,13.82823,-6.37658,0.25093191,130.22366,129.91524,129.60682,2025-05-13,11:40
2025-05-13 11:41:00,129.89,129.935,129.67,129.765,643393,46.62311,129.86586,129.86778,-0.016116932,-0.0096411103,-0.0064758215,34.99992,45.74086,13.17446,-73.29742,0.25193673,130.22072,129.90599,129.59126,2025-05-13,11:41
2025-05-13 11:42:00,129.765,129.82001,129.59,129.72,576456,45.51487,129.86126,129.83822,-0.027222332,-0.013157355,-0.014064977,30.00016954,37.59275,12.95266,-111.74416,0.25037061,130.20686,129.88949,129.57211,2025-05-13,11:42
2025-05-13 11:43:00,129.73,129.83,129.67,129.7812,431246,47.34807,129.86010,129.82682,-0.030730627,-0.016672009,-0.014058618,36.80043,33.93351,12.68731,-71.57833,0.24391583,130.19304,129.87780,129.56256,2025-05-13,11:43
2025-05-13 11:44:00,129.782,129.95,129.73,129.845,435821,49.26434,129.88361,129.83046,-0.028039866,-0.018945581,-0.0090942854,43.88892,36.89651,11.81564,-16.73108,0.24220764,130.19003,129.87476,129.55948,2025-05-13,11:44
2025-05-13 11:45:00,129.845,129.87,129.75,129.83,389212,48.81451,129.83084,129.83036,-0.026808710,-0.020518206,-0.0062905032,42.22234,40.97056,11.0062322,-28.27888,0.23347817,130.16350,129.86226,129.56101,2025-05-13,11:45
2025-05-13 11:46:00,129.825,129.99001,129.81,129.939,811058,52.22802,129.84128,129.85209,-0.016843975,-0.019783360,0.0029393848,54.33260,46.81462,10.91975,51.10421,0.22965887,130.12675,129.85196,129.57716,2025-05-13,11:46
2025-05-13 11:47:00,129.935,130.029999,129.87131,129.955,775695,52.72662,129.85058,129.87267,-0.0075680239,-0.017340293,0.0097722690,56.11108,50.88867,11.048773,92.17986,0.22458977,130.11867,129.84921,129.57974,2025-05-13,11:47
2025-05-13 11:48:00,129.96001,130.029907,129.935,129.99001,486937,53.86072,129.85614,129.89614,0.0025780197,-0.013356630,0.015934650,60.00033908,56.81468,11.16858,115.89654,0.21532690,130.12278,129.85065,129.57851,2025-05-13,11:48
2025-05-13 11:49:00,129.99001,130.0099945,129.77,129.895,552305,50.33153,129.85780,129.89591,0.0029193750,-0.010101429,0.013020804,49.44476,55.18539,10.54508,38.62585,0.21708857,130.12652,129.85390,129.58127,2025-05-13,11:49
2025-05-13 11:50:00,129.89999,129.92999,129.82001,129.85001,384931,48.70368,129.86725,129.88673,-0.00043604810,-0.0081683531,0.0077323050,44.44501,51.29670,9.96610,13.99927,0.20943834,130.12605,129.86040,129.59474,2025-05-13,11:50
2025-05-13 11:51:00,129.85201,129.955,129.83,129.90469,363920,50.78689,129.88777,129.89032,0.0013025640,-0.0062741697,0.0075767336,70.71732,54.86903,9.25943,35.91632,0.20340703,130.12890,129.86254,129.59618,2025-05-13,11:51
2025-05-13 11:52:00,129.91,129.95,129.84,129.91499,442271,51.18894,129.90263,129.89526,0.0034715075,-0.0043250342,0.0077965417,73.86253,63.0082884,8.60324,36.47286,0.19673514,130.13281,129.87088,129.60896,2025-05-13,11:52
2025-05-13 11:53:00,129.92,129.96001,129.87,129.92999,289597,51.80643,129.91208,129.90220,0.0063277934,-0.0021944687,0.0085222621,77.27147,73.95044,8.059376,47.96519,0.18911203,130.13742,129.87931,129.62120,2025-05-13,11:53
2025-05-13 11:54:00,129.935,130.0,129.91499,129.96471,407255,53.27952,129.92704,129.91471,0.011262700,0.00049696508,0.010765735,85.16091,78.76497,7.86315,80.047495,0.18167594,130.14534,129.88797,129.63059,2025-05-13,11:54
2025-05-13 11:55:00,129.96001,129.99001,129.78999,129.88989,617595,49.75013,129.92159,129.90974,0.0090326746,0.0022041070,0.0068285676,68.15786,76.86341,7.88591,1.72122,0.18298567,130.13019,129.90079,129.67139,2025-05-13,11:55
2025-05-13 11:56:00,129.89,129.96001,129.89,129.94,275436,52.041681,129.91992,129.91579,0.011179935,0.0039992726,0.0071806624,75.0010596,76.10661,7.90705,65.0049342,0.17492342,130.020106,129.88254,129.74498,2025-05-13,11:56
2025-05-13 11:57:00,129.95,129.99001,129.89,129.925,359821,51.28773,129.91270,129.91764,0.011538322,0.0055070825,0.0060312398,65.0017802,69.38690,7.66059,66.00098057,0.16957218,130.024159,129.88654,129.74892,2025-05-13,11:57
2025-05-13 11:58:00,129.92,129.95,129.86,129.95,284142,52.52205,129.91881,129.92411,0.013681434,0.0071419529,0.0065394815,71.42779,70.47688,7.67577,45.34368,0.16388819,130.030603,129.89048,129.75035,2025-05-13,11:58
2025-05-13 11:59:00,129.94141,129.95,129.88161,129.91,275497,50.32465,129.92548,129.92129,0.012014249,0.0081164122,0.0038978373,53.84706,63.42554,7.68986,36.89852,0.15706689,130.027585,129.88898,129.75037,2025-05-13,11:59
2025-05-13 12:00:00,129.92,129.9455,129.66,129.66,621686,39.26561,129.89829,129.86903,-0.0093718840,0.0046187530,-0.013990637,0,41.75828,9.24613,-135.50565,0.16624010,130.048850,129.87798,129.70710,2025-05-13,12:00
2025-05-13 12:01:00,129.6618,129.735,129.43089,129.44,937962,32.49764,129.84551,129.78323,-0.043570555,-0.0050191085,-0.038551446,1.52075,18.45593,11.73419,-285.52784,0.17608779,130.11462,129.86173,129.60884,2025-05-13,12:01
2025-05-13 12:02:00,129.45,129.61,129.42999,129.5907,619281,40.11220,129.80781,129.74472,-0.057846537,-0.015584594,-0.042261943,27.70777,9.74284,14.048021,-235.48271,0.17636780,130.12813,129.85526,129.58239,2025-05-13,12:02
2025-05-13 12:03:00,129.60001,129.60001,129.44,129.44501,406183,35.89629,129.75007,129.68478,-0.079994271,-0.028466530,-0.051527741,2.63412,10.62088,16.19658,-216.60977,0.17519893,130.16386,129.83845,129.51304,2025-05-13,12:03
2025-05-13 12:04:00,129.44991,129.49001,129.37,129.39,597814,34.42510,129.69452,129.62582,-0.10082297,-0.042937817,-0.057885149,3.17526,11.17238,18.48369,-197.33816,0.17125689,130.19522,129.81570,129.43618,2025-05-13,12:04
2025-05-13 12:05:00,129.39,129.505,129.32001,129.44991,642151,37.43254,129.64007,129.59064,-0.11121394,-0.056593041,-0.054620897,19.10286,8.30408,20.80446,-153.093046,0.17223837,130.20817,129.79670,129.38522,2025-05-13,12:05
2025-05-13 12:06:00,129.46001,129.53999,129.42999,129.45,304130,37.43726,129.58729,129.56251,-0.11808031,-0.068890496,-0.049189818,19.11633,13.79815,22.54317,-112.56049,0.16779281,130.20458,129.77225,129.33991,2025-05-13,12:06
2025-05-13 12:07:00,129.45129,129.60001,129.44,129.59,373293,44.35377,129.54729,129.56801,-0.11094627,-0.077301650,-0.033644617,39.70469,25.97463,23.46764,-76.31399,0.16723645,130.18474,129.75400,129.32325,2025-05-13,12:07
2025-05-13 12:08:00,129.59,129.61501,129.46001,129.52451,433929,42.013848,129.50446,129.55931,-0.10931690,-0.083704700,-0.025612199,30.52222,29.78108,24.15575,-70.39828,0.16636233,130.15823,129.73072,129.30321,2025-05-13,12:08
2025-05-13 12:09:00,129.5201,129.6701,129.47,129.64,465747,47.29454,129.50223,129.57545,-0.097581374,-0.086480034,-0.011101339,47.76014,39.32902,24.17585,-44.27139,0.16877243,130.14030,129.71797,129.29564,2025-05-13,12:09
2025-05-13 12:10:00,129.6451,129.66499,129.50999,129.605,289857,45.92934,129.52057,129.58136,-0.090067151,-0.087197458,-0.0028696930,42.53570,40.27269,24.19452,-39.75120,0.16778860,130.12623,129.70572,129.28521,2025-05-13,12:10
2025-05-13 12:11:00,129.60001,129.645,129.485,129.63499,331671,47.33248,129.52549,129.59208,-0.080760467,-0.085910060,0.0051495922,49.99879,46.76488,24.39056,-37.10485,0.16723253,130.10356,129.69223,129.28091,2025-05-13,12:11
2025-05-13 12:12:00,129.63,129.74001,129.58,129.69701,365012,50.20888,129.55349,129.61307,-0.067601755,-0.082248399,0.014646643,59.84208,50.79219,23.49038,-3.57692,0.16671618,130.079823,129.68134,129.28285,2025-05-13,12:12
2025-05-13 12:13:00,129.7,129.8799,129.7,129.86,556280,56.87559,129.60571,129.66245,-0.043519432,-0.074502605,0.030983173,86.33148,65.39078,22.24131,53.48342,0.16787159,130.068683,129.67784,129.28699,2025-05-13,12:13
2025-05-13 12:14:00,129.87,129.92,129.83501,129.89999,510013,58.34920,129.65572,129.70996,-0.020965219,-0.063795128,0.042829909,96.66590,80.94649,21.39587,85.22528,0.16195158,130.056872,129.67460,129.29233,2025-05-13,12:14
2025-05-13 12:15:00,129.89999,129.95,129.83,129.91499,472639,58.91622,129.70739,129.75097,-0.0018590871,-0.051407920,0.049548833,94.44377,92.48038,20.84349,90.13765,0.15895469,130.061099,129.67586,129.29061,2025-05-13,12:15
2025-05-13 12:16:00,129.9118,130.029999,129.89999,129.9901,968737,61.72589,129.75184,129.79879,0.019122474,-0.037301841,0.056424315,94.37997,95.16322,20.91361,117.47188,0.15688684,130.071021,129.67836,129.28570,2025-05-13,12:16
2025-05-13 12:17:00,129.995,130.020004,129.90491,129.94501,478425,59.11215,129.79857,129.82804,0.031746198,-0.023492233,0.055238431,88.029228,92.28432,20.97872,109.61221,0.15390186,130.074622,129.67936,129.28410,2025-05-13,12:17
2025-05-13 12:18:00,129.95,129.98,129.87,129.95,390366,59.31745,129.83301,129.85243,0.041672833,-0.010459220,0.052132053,88.73200,90.38040,20.64182,99.76510,0.15076606,130.074622,129.67936,129.28410,2025-05-13,12:18
2025-05-13 12:19:00,129.95,130.0,129.86,129.9299,347977,58.053199,129.86911,129.86792,0.047372121,0.0011070482,0.046265073,83.31723,86.69282,20.49290,97.59227,0.14999701,130.078027,129.68036,129.28268,2025-05-13,12:19
2025-05-13 12:20:00,129.92999,129.92999,129.77,129.825,457997,51.84164,129.89022,129.85934,0.042929098,0.0094714581,0.033457640,65.25371,79.10098,19.36201,59.92523,0.15071068,130.091062,129.68860,129.28615,2025-05-13,12:20
2025-05-13 12:21:00,129.815,129.83501,129.75,129.77811,329254,49.30233,129.89923,129.84309,0.035218343,0.014620835,0.020597508,55.80779,68.12624,18.10786,35.062553,0.14601754,130.092899,129.70551,129.31812,2025-05-13,12:21
2025-05-13 12:22:00,129.78,129.83501,129.705,129.785,425511,49.69266,129.89090,129.83147,0.029325990,0.017561866,0.011764124,56.25068,59.10406,17.13655,26.43069,0.14487378,130.10035,129.71523,129.33010,2025-05-13,12:22
2025-05-13 12:23:00,129.78,129.88,129.78,129.8387,269015,52.74316,129.88409,129.83292,0.028658691,0.019781231,0.0088774602,64.89907,58.98585,16.057743,43.72902,0.14166894,130.10263,129.73491,129.36719,2025-05-13,12:23
2025-05-13 12:24:00,129.84,129.95,129.81,129.925,379475,57.23200,129.88520,129.85134,0.034693910,0.022763767,0.011930143,80.73466,67.29480,15.72018,63.33362,0.14154969,130.10194,129.76166,129.42138,2025-05-13,12:24
2025-05-13 12:25:00,129.94,130.24001,129.94,130.205,1256135,67.88899,129.90908,129.92207,0.061363071,0.030483628,0.030879443,94.69644,80.11006,17.29104,155.11106,0.15393917,130.15991,129.79941,129.43892,2025-05-13,12:25
2025-05-13 12:26:00,130.21001,130.33,130.2001,130.2652,916212,69.64048,129.94466,129.99069,0.086360373,0.041658977,0.044701396,89.71372,88.38161,19.15207,197.22082,0.15222195,130.21738,129.84017,129.46297,2025-05-13,12:26
2025-05-13 12:27:00,130.265,130.28,130.17,130.2084,481504,65.98366,129.97337,130.034237,0.10043048,0.053413277,0.047017200,80.54443,88.31820,20.55710,158.80978,0.14920614,130.26233,129.87110,129.47986,2025-05-13,12:27
2025-05-13 12:28:00,130.205,130.42999,130.205,130.425,549698,72.018389,130.028380,130.11239,0.12758807,0.068248235,0.059339834,99.31177,89.85664,22.49445,191.81382,0.15461933,130.34308,129.91612,129.48916,2025-05-13,12:28
2025-05-13 12:29:00,130.425,130.48,130.39,130.46001,583819,72.85646,130.098936,130.18191,0.15020370,0.084639329,0.065564376,97.42075,92.42565,24.47807,190.43352,0.15000341,130.42561,129.95712,129.48863,2025-05-13,12:29
2025-05-13 12:30:00,130.45,130.45,130.34,130.3701,503402,67.28251,130.16471,130.21955,0.15903889,0.099519242,0.059519651,85.82004,94.18419,25.77774,141.39074,0.14786105,130.46754,129.99538,129.52321,2025-05-13,12:30
2025-05-13 12:31:00,130.375,130.46001,130.36,130.38,353116,67.57676,130.23082,130.25164,0.16493862,0.11260312,0.052335502,87.097854,90.11288,27.028683,123.15786,0.14444284,130.50273,130.032626,129.56252,2025-05-13,12:31
2025-05-13 12:32:00,130.37579,130.39,130.285,130.345,323439,65.33985,130.28708,130.27031,0.16488895,0.12306028,0.041828670,82.58122,85.16637,27.37165,90.57999,0.14162519,130.52740,130.065026,129.60265,2025-05-13,12:32
2025-05-13 12:33:00,130.345,130.37,130.25999,130.27,325506,60.70346,130.32541,130.27025,0.15698830,0.12984589,0.027142416,72.90411,80.86106,27.42720,69.35855,0.13936629,130.54608,130.085526,129.62498,2025-05-13,12:33
2025-05-13 12:34:00,130.28,130.28,130.089996,130.24001,699237,58.90299,130.32930,130.26420,0.14661623,0.13319996,0.013416274,69.033274,74.83954,25.92537,34.84054,0.14298316,130.55951,130.10253,129.64554,2025-05-13,12:34
2025-05-13 12:35:00,130.24339,130.39,130.22,130.3416,512328,62.91460,130.33779,130.27968,0.14492341,0.13554465,0.0093787611,82.14215,74.69318,25.23783,64.42413,0.14491280,130.58366,130.12386,129.66406,2025-05-13,12:35
2025-05-13 12:36:00,130.3699,130.39999,130.295,130.38,355396,64.33206,130.35686,130.29975,0.14500933,0.13743758,0.0075717465,85.71553,78.96365,24.66064,70.75167,0.14206158,130.61180,130.14335,129.67491,2025-05-13,12:36
2025-05-13 12:37:00,130.38499,130.48,130.31979,130.4288,498626,66.10473,130.35728,130.32556,0.14731681,0.13941343,0.0079033784,92.35920,86.73896,24.60471,79.56563,0.14335733,130.64244,130.16754,129.69265,2025-05-13,12:37
2025-05-13 12:38:00,130.42,130.44501,130.3499,130.425,365272,65.83039,130.35339,130.34545,0.14714275,0.14095929,0.0061834538,89.81604,89.29692,24.55278,73.19504,0.13991095,130.66780,130.19129,129.71478,2025-05-13,12:38
2025-05-13 12:39:00,130.42999,130.60001,130.425,130.5784,806379,71.053460,130.37654,130.39204,0.15756630,0.14428069,0.013285606,95.76352,92.64626,25.34288,107.89915,0.14241753,130.71276,130.22372,129.73468,2025-05-13,12:39
2025-05-13 12:40:00,130.58501,130.601,130.47,130.5146,565297,66.50064,130.39149,130.41655,0.15884805,0.14719417,0.011653889,83.092956,89.55751,26.081429,101.46030,0.14160175,130.72674,130.25820,129.78965,2025-05-13,12:40
2025-05-13 12:41:00,130.5175,130.60001,130.4848,130.558,379194,68.0025514,130.41516,130.44484,0.16150383,0.15005610,0.011447734,91.58530,90.14726,26.76722,106.79330,0.13971619,130.72769,130.29719,129.86669,2025-05-13,12:41
2025-05-13 12:42:00,130.55991,130.64,130.55499,130.63989,354411,70.67457,130.45626,130.48385,0.16827692,0.15370026,0.014576657,99.98058,91.55294,27.62127,133.94271,0.13580837,130.72600,130.33994,129.95388,2025-05-13,12:42
2025-05-13 12:43:00,130.6387,130.69,130.5946,130.685,439062,72.058552,130.50570,130.52408,0.17526390,0.15801299,0.017250911,99.16586,96.91058,28.67631,152.61081,0.13292191,130.72203,130.38225,130.042478,2025-05-13,12:43
2025-05-13 12:44:00,130.69,130.78999,130.6501,130.73531,695725,73.55750,130.54945,130.56633,0.18275392,0.16296118,0.019792740,92.18747,97.11130,30.12586,176.47915,0.13341982,130.72607,130.42277,130.11946,2025-05-13,12:44
2025-05-13 12:45:00,130.74001,130.78999,130.705,130.77859,500767,74.80977,130.59373,130.60878,0.18999276,0.16836749,0.021625270,98.37166,96.57500,31.47186,164.011319,0.12996065,130.77478,130.45145,130.12812,2025-05-13,12:45
2025-05-13 12:46:00,130.75999,130.77699,130.66,130.6601,378904,65.64506,130.61943,130.61904,0.18404609,0.17150321,0.012542879,81.44305,90.66739,32.12324,115.39472,0.12914855,130.79485,130.47119,130.14754,2025-05-13,12:46
2025-05-13 12:47:00,130.66,130.7899,130.64999,130.78011,391449,69.69428,130.65889,130.65125,0.18686311,0.17457519,0.012287915,98.58747,92.80073,32.80057,118.66969,0.12991707,130.82651,130.49978,130.17304,2025-05-13,12:47
2025-05-13 12:48:00,130.7899,130.8,130.71001,130.74001,358926,66.85864,130.67684,130.66901,0.18374181,0.17640851,0.0073332914,89.65563,89.89538,33.48870,109.057117,0.12706559,130.85639,130.51553,130.17466,2025-05-13,12:48
2025-05-13 12:49:00,130.75,130.99001,130.74001,130.98,925329,73.74385,130.72855,130.73120,0.19834694,0.18079620,0.017550740,98.55976,95.60095,35.045652,152.46970,0.13584662,130.93651,130.54153,130.14654,2025-05-13,12:49
2025-05-13 12:50:00,130.98,130.99001,130.87,130.89,514984,68.035650,130.76544,130.76296,0.20035015,0.18470699,0.015643159,85.078433,91.097940,36.49139,136.68476,0.13471546,130.98191,130.56752,130.15313,2025-05-13,12:50
2025-05-13 12:51:00,130.8918,130.96001,130.85001,130.9101,398485,68.61976,130.79547,130.79239,0.20123951,0.18801349,0.013226015,87.51609,90.38476,37.53974,116.83337,0.13295011,131.024550,130.59403,130.16350,2025-05-13,12:51
2025-05-13 12:52:00,130.92,130.99001,130.91161,130.94501,432636,69.65715,130.82436,130.82291,0.20242798,0.19089639,0.011531592,92.035757,88.21009,38.65655,118.90276,0.12916155,131.064464,130.62403,130.18359,2025-05-13,12:52
2025-05-13 12:53:00,130.95,130.96001,130.89999,130.92999,424618,68.60670,130.84599,130.84433,0.19985450,0.19268801,0.0071664896,88.45917,89.33701,39.50931,102.69656,0.12422236,131.085146,130.65703,130.22890,2025-05-13,12:53
2025-05-13 12:54:00,130.935,130.95,130.89,130.933,292157,68.70844,130.86314,130.86206,0.19580049,0.19331051,0.0024899837,88.71606,89.73699,40.13581,94.29857,0.11963487,131.090342,130.69167,130.29301,2025-05-13,12:54
2025-05-13 12:55:00,130.9348,130.95,130.84,130.845,412222,62.33923,130.88369,130.85865,0.18337319,0.19132305,-0.0079498544,66.66667,81.28063,39.90746,71.17600,0.11894671,131.086430,130.71684,130.34726,2025-05-13,12:55
2025-05-13 12:56:00,130.85001,130.9099,130.842,130.845,251031,62.33923,130.89090,130.85592,0.17154698,0.18736783,-0.015820854,63.32729,72.90334,39.69543,60.61445,0.11530063,131.079245,130.74009,130.40094,2025-05-13,12:56
2025-05-13 12:57:00,130.842,130.87,130.73,130.7401,442337,55.25723,130.89091,130.83276,0.15195805,0.18028588,-0.028327825,26.50002,52.16466,37.87724,15.038446,0.11706483,131.063350,130.75566,130.44797,2025-05-13,12:57
2025-05-13 12:58:00,130.75,130.75,130.59,130.6301,478697,48.97445,130.85203,130.79222,0.12610391,0.16944948,-0.043345574,10.024795,33.28403,35.64313,-59.77972,0.12013189,131.040758,130.76591,130.49107,2025-05-13,12:58
2025-05-13 12:59:00,130.6317,130.66,130.57001,130.64,481283,49.53080,130.82425,130.76178,0.10520071,0.15659973,-0.051399017,16.66485,17.72989,33.75062,-83.85184,0.11797935,131.036651,130.76899,130.50134,2025-05-13,12:59
2025-05-13 13:00:00,130.63,130.685,130.57539,130.605,330271,47.55699,130.79035,130.73042,0.084832379,0.14224626,-0.057413880,8.33061,11.67342,31.71701,-90.78396,0.11738110,131.026485,130.77351,130.52054,2025-05-13,13:00
2025-05-13 13:01:00,130.605,130.69,130.515,130.62489,395609,48.80586,130.75479,130.70932,0.069494795,0.12769597,-0.058201171,23.13524,16.043566,30.39991,-102.41096,0.12149696,131.019918,130.77686,130.53380,2025-05-13,13:01
2025-05-13 13:02:00,130.62,130.78,130.62,130.755,352571,56.15814,130.73534,130.71845,0.067065486,0.11556987,-0.048504384,50.52682,27.33089,28.24560,-40.36733,0.12424743,131.017750,130.78261,130.54748,2025-05-13,13:02
2025-05-13 13:03:00,130.7515,130.77,130.67,130.72501,318584,54.22453,130.71223,130.71976,0.062004837,0.10485686,-0.042852026,44.21137,39.29114,26.24518,-41.36305,0.12251591,131.017060,130.78461,130.55217,2025-05-13,13:03
2025-05-13 13:04:00,130.72501,130.755,130.69501,130.74159,205482,55.14415,130.70074,130.72413,0.058656458,0.095616782,-0.036960324,47.70318,47.48046,24.38764,-35.72572,0.11805031,131.017124,130.78493,130.55273,2025-05-13,13:04
2025-05-13 13:05:00,130.74989,130.75,130.6218,130.625,276279,47.86476,130.67630,130.70430,0.046063815,0.085706189,-0.039642374,23.15773,38.35743,23.40277,-73.18158,0.11877560,131.019707,130.77725,130.53479,2025-05-13,13:05
2025-05-13 13:06:00,130.625,130.645,130.45,130.5499,567675,43.84931,130.65516,130.67342,0.029681658,0.074501282,-0.044819625,19.58772,30.14954,23.85872,-134.86453,0.12422073,131.029144,130.77174,130.51433,2025-05-13,13:06
2025-05-13 13:07:00,130.5453,130.60001,130.50999,130.575,301363,45.49505,130.64904,130.65374,0.018510717,0.063303169,-0.044792452,25,22.58182,24.28211,-113.21474,0.12177722,131.032711,130.76148,130.49026,2025-05-13,13:07
2025-05-13 13:08:00,130.58,130.71001,130.58,130.6613,239090,50.83118,130.65141,130.65525,0.016432234,0.053928982,-0.037496748,42.26074,28.94949,23.40092,-58.31809,0.12272240,131.032171,130.75755,130.48293,2025-05-13,13:08
2025-05-13 13:09:00,130.6694,130.78999,130.6515,130.785,382480,57.28615,130.67141,130.68120,0.024484576,0.048040101,-0.023555525,72.84340,46.70138,21.80559,-4.57104,0.12384857,131.0033205,130.74780,130.49228,2025-05-13,13:09
2025-05-13 13:10:00,130.785,130.78999,130.64999,130.69,262725,51.67539,130.67864,130.68296,0.022935920,0.043019265,-0.020083344,57.14441,57.41618,20.33816,-18.72368,0.12500220,130.98582,130.73780,130.48978,2025-05-13,13:10
2025-05-13 13:11:00,130.685,130.75,130.675,130.71001,235484,52.72536,130.67365,130.68837,0.023056990,0.039026810,-0.015969820,76.47428,68.82070,18.97554,-12.70499,0.12143039,130.96302,130.72779,130.49257,2025-05-13,13:11
2025-05-13 13:12:00,130.71001,130.86,130.69,130.84509,361324,59.17595,130.68699,130.71971,0.033665184,0.037954485,-0.0042893009,96.36397,76.66089,18.56294,58.18847,0.12489952,130.94313,130.72280,130.50246,2025-05-13,13:12
2025-05-13 13:13:00,130.85001,130.87,130.7307,130.77,253167,54.70742,130.69014,130.72977,0.035602832,0.037484154,-0.0018813223,76.19255,83.010270,18.26525,62.70043,0.12592795,130.91518,130.71480,130.51442,2025-05-13,13:13
2025-05-13 13:14:00,130.77,130.78999,130.69,130.77,216144,54.70742,130.70626,130.73782,0.036715202,0.037330364,-0.00061516178,76.19255,82.91636,17.52321,40.27537,0.12407530,130.88264,130.70665,130.53066,2025-05-13,13:14
2025-05-13 13:15:00,130.785,130.81799,130.71001,130.815,208539,56.96593,130.73571,130.75326,0.040757908,0.038015873,0.0027420351,86.90645,79.76385,17.10075,77.90163,0.12292609,130.87686,130.70515,130.53344,2025-05-13,13:15
2025-05-13 13:16:00,130.81,130.83,130.72,130.80009,347618,55.97017,130.76072,130.76262,0.042271563,0.038867011,0.0034045523,83.35695,82.15198,16.82444,88.58405,0.12200284,130.86830,130.70290,130.53751,2025-05-13,13:16
2025-05-13 13:17:00,130.8002,130.89999,130.75,130.87579,355860,59.81167,130.78456,130.78526,0.049014403,0.040896489,0.0081179138,94.62209,88.29516,17.20854,140.57807,0.12400221,130.89100,130.70969,130.52838,2025-05-13,13:17
2025-05-13 13:18:00,130.88,130.97,130.875,130.965,2422138,63.81778,130.80456,130.82121,0.060854585,0.044888108,0.015966477,99.037530,92.33886,18.12199,202.32126,0.12193071,130.93505,130.72643,130.51782,2025-05-13,13:18
2025-05-13 13:19:00,130.965,130.97,130.91,130.925,299526,60.88727,130.83067,130.84196,0.066247234,0.049159934,0.017087301,91.34658,95.0020652,18.97019,173.74909,0.11750691,130.96227,130.74068,130.51910,2025-05-13,13:19
2025-05-13 13:20:00,130.925,130.92999,130.8201,130.86501,346390,56.68215,130.84789,130.84657,0.064931160,0.052314179,0.012616981,77.17517,89.18643,18.55208,107.054416,0.11696312,130.97239,130.75368,130.53498,2025-05-13,13:20
2025-05-13 13:21:00,130.8652,130.89,130.78,130.78999,251328,51.85973,130.84177,130.83526,0.057176212,0.053286585,0.0038896262,53.84405,74.12193,17.68947,57.085878,0.11646579,130.97290,130.76194,130.55098,2025-05-13,13:21
2025-05-13 13:22:00,130.8,130.89999,130.78,130.88499,198285,56.86503,130.85454,130.84520,0.058027262,0.054234721,0.0037925409,73.43601,68.15174,16.99211,77.90954,0.11671789,130.98605,130.76844,130.55083,2025-05-13,13:22
2025-05-13 13:23:00,130.88541,130.92999,130.86,130.88,219595,56.53257,130.86677,130.85216,0.057634727,0.054914722,0.0027200048,71.87679,66.38562,16.65862,95.40289,0.11338033,130.99806,130.77619,130.55432,2025-05-13,13:23
2025-05-13 13:24:00,130.88,130.935,130.8654,130.8895,219042,57.046991,130.87504,130.85963,0.057427493,0.055417276,0.0020102170,72.70987,72.67422,16.40223,91.049153,0.11025283,131.010162,130.78358,130.55701,2025-05-13,13:24
2025-05-13 13:25:00,130.88879,130.89999,130.78999,130.82021,334433,52.19081,130.87728,130.85175,0.051083266,0.054550474,-0.0034672080,46.50136,63.69601,15.27672,41.051813,0.11023482,131.0082745,130.79334,130.57842,2025-05-13,13:25
2025-05-13 13:26:00,130.82001,130.82001,130.705,130.745,309499,47.46745,130.86274,130.83040,0.039530869,0.051546553,-0.012015684,19.64033,46.28385,15.14230,-36.26110,0.11058975,130.98865,130.80310,130.61755,2025-05-13,13:26
2025-05-13 13:27:00,130.74071,130.83,130.7206,130.79849,239115,50.87320,130.84424,130.82402,0.034296943,0.048096631,-0.013799688,38.74659,34.96276,14.88796,-25.78923,0.11050516,130.96766,130.81427,130.66089,2025-05-13,13:27
2025-05-13 13:28:00,130.7966,130.8454,130.77,130.82001,209151,52.21494,130.83258,130.82321,0.031521728,0.044781650,-0.013259922,43.39840,33.92844,14.44581,-4.0094079,0.10799720,130.95860,130.82221,130.68582,2025-05-13,13:28
2025-05-13 13:29:00,130.82001,130.87,130.815,130.83501,370165,53.17511,130.82924,130.82557,0.030184725,0.041862265,-0.011677540,49.058559,43.73452,13.70472,25.47240,0.10421116,130.96011,130.82471,130.68931,2025-05-13,13:29
2025-05-13 13:30:00,130.83501,130.89999,130.815,130.85989,238464,54.79802,130.83701,130.83244,0.030778524,0.039645517,-0.0088669926,58.44993,50.30230,12.82869,42.21057,0.10283832,130.95429,130.83320,130.71212,2025-05-13,13:30
2025-05-13 13:31:00,130.86501,130.95,130.855,130.91499,392296,58.24828,130.84034,130.84895,0.035288400,0.038774094,-0.0034856934,79.24224,62.25024,12.62632,100.66090,0.10227853,130.95545,130.84345,130.73145,2025-05-13,13:31
2025-05-13 13:32:00,130.92,130.95,130.89,130.94,337109,59.75003,130.84701,130.86716,0.040414664,0.039102208,0.0013124564,88.67968,75.45728,12.43840,114.34122,0.099258460,130.96786,130.84820,130.72854,2025-05-13,13:32
2025-05-13 13:33:00,130.92999,130.99001,130.92,130.97501,580099,61.81996,130.85651,130.88873,0.046762717,0.040634310,0.0061284071,94.73712,87.55301,12.74315,141.26920,0.097169094,130.98451,130.85845,130.73239,2025-05-13,13:33
2025-05-13 13:34:00,130.97009,130.99001,130.92,130.97501,456568,61.81996,130.87371,130.90598,0.051203354,0.042748118,0.0084552353,94.73712,92.71798,13.026122,126.33148,0.095228967,130.99763,130.86870,130.73977,2025-05-13,13:34
2025-05-13 13:35:00,130.97501,131.14999,130.96181,131.1082,1993865,68.88218,130.91407,130.94643,0.064724131,0.047143321,0.017580810,90.60796,93.36074,14.81735,220.62576,0.10186880,131.046634,130.88336,130.72008,2025-05-13,13:35
2025-05-13 13:36:00,131.11,131.2189,131.105,131.173,731605,71.63161,130.95568,130.99174,0.079749292,0.053664515,0.026084777,91.068618,92.13790,16.95138,257.89171,0.10272866,131.10365,130.90201,130.70036,2025-05-13,13:36
2025-05-13 13:37:00,131.1786,131.19501,131.024994,131.0746,502951,62.58842,130.98397,131.0083140,0.082762432,0.059484098,0.023278333,71.92019,84.53226,17.71876,160.51371,0.10753472,131.12662,130.91195,130.69727,2025-05-13,13:37
2025-05-13 13:38:00,131.080002,131.14,131.039993,131.080002,388664,62.86555,131.011190,131.022652,0.084610890,0.064509457,0.020101433,72.97129,78.65336,18.43132,129.48986,0.10699696,131.14361,130.91770,130.69178,2025-05-13,13:38
2025-05-13 13:39:00,131.082001,131.089996,130.92999,130.985,571905,55.13046,131.025091,131.015121,0.077516440,0.067110853,0.010405587,54.48499,66.45882,17.65383,59.44588,0.11078315,131.14851,130.92070,130.69288,2025-05-13,13:39
2025-05-13 13:40:00,130.98,131.089996,130.98,131.0,419534,56.049937,131.034536,131.012097,0.072271265,0.068142936,0.0041283294,56.070674,61.17565,16.93187,67.071624,0.11072726,131.15625,130.92745,130.69864,2025-05-13,13:40
2025-05-13 13:41:00,131.0050049,131.018402,130.875,130.89819,421319,48.74806,131.029890,130.98932,0.059216866,0.066357722,-0.0071408559,28.55638,46.37068,16.32568,-1.96906,0.11306117,131.15337,130.93286,130.71234,2025-05-13,13:41
2025-05-13 13:42:00,130.895,130.9184,130.8101,130.82001,292614,44.0065749,131.012668,130.95545,0.042077161,0.061501610,-0.019424448,2.42246,29.016501,16.35174,-61.21044,0.11272049,131.15472,130.92961,130.70449,2025-05-13,13:42
2025-05-13 13:43:00,130.82001,130.87,130.74001,130.8597,446336,46.83348,130.99986,130.93630,0.031335109,0.055468310,-0.024133200,24.99283,18.65722,16.94025,-75.73103,0.11395400,131.15477,130.92859,130.70241,2025-05-13,13:43
2025-05-13 13:44:00,130.855,130.88,130.8,130.82001,231039,44.41845,130.96783,130.91304,0.019395873,0.048253822,-0.028857949,16.70543,14.70691,17.35881,-64.30971,0.11152885,131.15568,130.92512,130.69455,2025-05-13,13:44
2025-05-13 13:45:00,130.825,130.89999,130.78999,130.855,328590,47.012555,130.93250,130.90143,0.012611833,0.041125425,-0.028513591,24.011470,21.90324,17.48447,-54.66445,0.11141969,131.15474,130.92686,130.69897,2025-05-13,13:45
2025-05-13 13:46:00,130.85001,131.039993,130.83,130.9854,421567,55.37249,130.92259,130.91823,0.017555385,0.036411417,-0.018856032,51.24104,30.65265,16.43932,11.21967,0.11846053,131.15200,130.93888,130.72575,2025-05-13,13:46
2025-05-13 13:47:00,130.985,130.99001,130.90421,130.97,208007,54.28353,130.91037,130.92858,0.020000297,0.033129193,-0.013128896,48.026127,41.092879,15.46883,7.58159,0.11612764,131.15088,130.94745,130.74403,2025-05-13,13:47
2025-05-13 13:48:00,130.9782,131.0099945,130.95,130.98151,277205,54.99579,130.90998,130.93917,0.022605690,0.031024492,-0.0084188022,50.42855,49.89857,14.77331,23.14096,0.11211835,131.15073,130.95553,130.76032,2025-05-13,13:48
2025-05-13 13:49:00,130.985,131.0014954,130.94,130.98,250872,54.87490,130.90776,130.94733,0.024268832,0.029673360,-0.0054045278,50.11311,49.52260,14.0088369,12.33352,0.10850225,131.15015,130.96278,130.77540,2025-05-13,13:49
2025-05-13 13:50:00,130.985,131.070007,130.95,131.014999,317043,57.22142,130.92073,130.96087,0.028087611,0.029356210,-0.0012685991,60.43798,53.65988,14.010963,41.35926,0.10932426,131.15301,130.97053,130.78806,2025-05-13,13:50
2025-05-13 13:51:00,131.0099945,131.018707,130.88,130.89529,263588,48.024306,130.92910,130.94775,0.021210313,0.027727031,-0.0065167182,38.82277,49.79128,13.17727,-36.73891,0.11142270,131.15342,130.96955,130.78567,2025-05-13,13:51
2025-05-13 13:52:00,130.895,130.92,130.745,130.78,311076,41.16196,130.92024,130.91420,0.0063830479,0.023458234,-0.017075186,11.42695,36.89590,13.35312,-133.93885,0.11596415,131.16295,130.96155,130.76014,2025-05-13,13:52
2025-05-13 13:53:00,130.77,130.78,130.56,130.64,510785,34.68147,130.90024,130.85936,-0.016474539,0.015471680,-0.031946218,15.094720,21.78148,14.75691,-214.23185,0.12339537,131.18991,130.94480,130.69968,2025-05-13,13:53
2025-05-13 13:54:00,130.6301,130.647,130.45,130.47839,501597,29.0047603,130.85840,130.78317,-0.047086794,0.0029599850,-0.050046779,4.58002,10.36723,16.61779,-236.25374,0.12865329,131.23768,130.91996,130.60225,2025-05-13,13:54
2025-05-13 13:55:00,130.47501,130.52,130.39999,130.455,735550,28.28313,130.79947,130.71753,-0.072400159,-0.012112044,-0.060288115,8.20997,9.29491,18.57380,-215.20485,0.12803594,131.25176,130.88730,130.52285,2025-05-13,13:55
2025-05-13 13:56:00,130.45,130.46001,130.22009,130.3165,638484,24.41048,130.72685,130.63733,-0.10245625,-0.030180885,-0.072275364,11.34291,8.044302,21.081560,-225.33838,0.13602722,131.26201,130.84448,130.42695,2025-05-13,13:56
2025-05-13 13:57:00,130.3166,130.39999,130.2408,130.297,462350,23.91399,130.65080,130.56926,-0.12639249,-0.049423206,-0.076969283,9.048474,9.53379,23.41019,-187.40825,0.13768206,131.27212,130.80560,130.33908,2025-05-13,13:57
2025-05-13 13:58:00,130.28999,130.44839,130.2816,130.39,453359,31.11033,130.58524,130.53341,-0.13628659,-0.066795884,-0.069490711,19.99102,13.46080,25.010682,-134.35295,0.13976147,131.25314,130.77110,130.28906,2025-05-13,13:58
2025-05-13 13:59:00,130.39,130.44,130.23,130.24159,528340,26.76072,130.49931,130.47505,-0.15432400,-0.084301506,-0.070022491,2.52962,10.52304,26.71166,-130.77450,0.14477899,131.25715,130.73393,130.21071,2025-05-13,13:59
2025-05-13 14:00:00,130.255,130.32001,130.020004,130.089996,742707,23.19350,130.40983,130.39804,-0.17879032,-0.10319927,-0.075591052,6.66589,9.72885,29.0062916,-148.83512,0.15586642,131.26657,130.68843,130.11028,2025-05-13,14:00
2025-05-13 14:01:00,130.090103,130.12,129.92999,129.94,1084794,20.30889,130.31650,130.30643,-0.20788692,-0.12413680,-0.083750122,0.87803833,3.35785,31.38056,-157.27800,0.15830471,131.29496,130.64052,129.98607,2025-05-13,14:01
2025-05-13 14:02:00,129.94501,130.14,129.88,130.10001,720413,30.27150,130.25650,130.26514,-0.21555050,-0.14241954,-0.073130958,18.48746,8.67713,33.71253,-125.93675,0.16556827,131.29379,130.60452,129.91524,2025-05-13,14:02
2025-05-13 14:03:00,130.105,130.2099,129.94,130.11,741333,30.85301,130.21557,130.23412,-0.21830102,-0.15759584,-0.060705188,19.32733,12.89761,35.10040,-102.26743,0.17302035,131.27793,130.56703,129.85614,2025-05-13,14:03
2025-05-13 14:04:00,130.12,130.25999,130.11,130.21989,445253,37.067609,130.18944,130.23127,-0.20920178,-0.16791702,-0.041284753,29.84885,22.55455,35.85618,-71.99392,0.17137561,131.25332,130.53703,129.82074,2025-05-13,14:04
2025-05-13 14:05:00,130.22,130.34869,130.17999,130.255,471269,38.95532,130.18261,130.23602,-0.19688784,-0.17371119,-0.023176650,36.057925,28.41137,35.67340,-53.54569,0.17118457,131.21777,130.50703,129.79629,2025-05-13,14:05
2025-05-13 14:06:00,130.255,130.28,130.21001,130.265,429951,39.51154,130.17906,130.24181,-0.18419914,-0.17580878,-0.0083903658,42.77746,36.22808,35.50368,-50.68953,0.16395654,131.15359,130.47101,129.78843,2025-05-13,14:06
2025-05-13 14:07:00,130.2686,130.28999,130.14999,130.19501,416560,36.97098,130.15739,130.23245,-0.17774214,-0.17619545,-0.0015466875,41.069510,39.96830,35.64402,-54.95925,0.16224531,131.084444,130.43226,129.78008,2025-05-13,14:07
2025-05-13 14:08:00,130.19501,130.215,130.029999,130.059998,344041,32.61467,130.13721,130.19796,-0.18142769,-0.17724190,-0.0041857901,28.12388,37.32362,36.30438,-76.92089,0.16387047,131.0060499,130.38618,129.76632,2025-05-13,14:08
2025-05-13 14:09:00,130.054993,130.1199,130.0,130.020004,261259,31.43312,130.12944,130.16237,-0.18543802,-0.17888112,-0.0065569000,24.13775,31.11038,37.039458,-88.64330,0.16072998,130.91378,130.33818,129.76259,2025-05-13,14:09
2025-05-13 14:10:00,130.024994,130.16499,130.0,130.105,602230,36.68281,130.14777,130.15090,-0.17968682,-0.17904226,-0.00064456105,39.58389,30.61517,37.22231,-74.048905,0.16103450,130.78492,130.29268,129.80045,2025-05-13,14:10
2025-05-13 14:11:00,130.10001,130.11,130.0099945,130.065002,310108,35.31272,130.14388,130.13372,-0.17632353,-0.17849852,0.0021749835,32.54765,32.089764,37.39209,-80.38567,0.15667533,130.66727,130.25117,129.83507,2025-05-13,14:11
2025-05-13 14:12:00,130.059998,130.059998,129.94,130.035004,422489,34.27852,130.13555,130.11397,-0.17407216,-0.17761325,0.0035410880,27.67847,33.27001,37.89110,-96.0097732,0.15441281,130.56177,130.21392,129.86607,2025-05-13,14:12
2025-05-13 14:13:00,130.035004,130.035004,129.87,129.9192,435142,30.55812,130.10214,130.075020,-0.17956205,-0.17800301,-0.0015590462,10.27987,23.50200,38.66646,-121.12621,0.15516965,130.48912,130.17788,129.86664,2025-05-13,14:13
2025-05-13 14:14:00,129.91499,130.039993,129.91,130.0,348721,35.79421,130.073802,130.060016,-0.17537175,-0.17747676,0.0021050022,27.15798,21.70544,39.32278,-93.63282,0.15337107,130.44179,130.15396,129.86613,2025-05-13,14:14
2025-05-13 14:15:00,130.0,130.10001,129.97,129.98,365990,35.088750,130.042135,130.044012,-0.17168600,-0.17631861,0.0046326048,22.97909,20.13898,39.17164,-70.83688,0.15170206,130.39197,130.13021,129.86845,2025-05-13,14:15
2025-05-13 14:16:00,129.9899,130.029999,129.86,129.9184,436850,32.93609,130.011400,130.018889,-0.17175570,-0.17540602,0.0036503205,11.94929,20.69545,39.58955,-109.67036,0.15300892,130.37292,130.11031,129.84769,2025-05-13,14:16
2025-05-13 14:17:00,129.91499,129.98,129.91,129.955,1222788,35.46963,129.99973,130.0061115,-0.16693286,-0.17371139,0.0067785300,19.43985,18.12274,39.97761,-97.080677,0.14707915,130.34942,130.093205,129.83699,2025-05-13,14:17
2025-05-13 14:18:00,129.95509,130.11481,129.89,130.11279,428349,45.097828,130.010044,130.027448,-0.14866459,-0.16870203,0.020037445,51.72823,27.70579,38.78086,-32.90481,0.15263119,130.29692,130.079345,129.86177,2025-05-13,14:18
2025-05-13 14:19:00,130.089996,130.17999,130.089996,130.1546,357043,47.33983,130.015555,130.052879,-0.12932245,-0.16082612,0.031503662,68.51313,46.56040,37.030660,54.73602,0.14815727,130.28268,130.074995,129.86731,2025-05-13,14:19
2025-05-13 14:20:00,130.155,130.25,130.085007,130.2402,402360,51.68976,130.035022,130.090344,-0.10586597,-0.14983409,0.043968119,88.42087,69.55408,34.77323,91.22036,0.14935984,130.30232,130.082506,129.86269,2025-05-13,14:20
2025-05-13 14:21:00,130.23151,130.28,130.2,130.25301,410272,52.32404,130.059245,130.12288,-0.085260676,-0.13691940,0.051658728,93.57312,83.50237,32.41717,116.89116,0.14440570,130.31972,130.098156,129.87659,2025-05-13,14:21
2025-05-13 14:22:00,130.2545,130.37,130.25,130.31,434704,55.14728,130.10267,130.16030,-0.063598961,-0.12225532,0.058656354,88.23565,90.076542,30.70323,140.41050,0.14266209,130.34871,130.10866,129.86860,2025-05-13,14:22
2025-05-13 14:23:00,130.30499,130.42,130.3,130.375,466792,58.18849,130.14433,130.20324,-0.040717378,-0.10594773,0.065230350,91.96458,91.25778,29.48209,147.82551,0.14104302,130.38857,130.12191,129.85524,2025-05-13,14:23
2025-05-13 14:24:00,130.375,130.39,130.30499,130.37,390246,57.86317,130.18767,130.23659,-0.022725445,-0.089303271,0.066577826,91.070845,90.42369,28.34818,127.19305,0.13704043,130.41450,130.12941,129.84432,2025-05-13,14:24
2025-05-13 14:25:00,130.3718,130.44,130.3101,130.3504,373989,56.53077,130.23567,130.25935,-0.0099331398,-0.073429245,0.063496105,84.55184,89.19575,27.67552,124.80327,0.13653026,130.43049,130.13418,129.83787,2025-05-13,14:25
2025-05-13 14:26:00,130.345,130.48,130.34,130.47501,393467,62.45241,130.29345,130.30248,0.010142382,-0.056714920,0.066857302,99.19522,91.60597,27.34277,143.082465,0.13677805,130.47204,130.14468,129.81732,2025-05-13,14:26
2025-05-13 14:27:00,130.47659,130.49001,130.41,130.465,1346094,61.72496,130.33258,130.33499,0.024956985,-0.040380539,0.065337523,96.030324,93.25913,27.10749,134.31794,0.13272261,130.51378,130.15818,129.80258,2025-05-13,14:27
2025-05-13 14:28:00,130.46001,130.49001,130.4113,130.4407,406749,59.90144,130.36437,130.35613,0.034341634,-0.025436104,0.059777738,92.17448,95.80001,26.88901,112.77578,0.12886420,130.55009,130.17722,129.80434,2025-05-13,14:28
2025-05-13 14:29:00,130.44,130.5,130.42999,130.44501,459059,60.12615,130.38712,130.37391,0.041646180,-0.012019647,0.053665827,91.40739,93.20406,26.76906,103.63754,0.12466013,130.58139,130.19847,129.81554,2025-05-13,14:29
2025-05-13 14:30:00,130.45,130.465,130.39,130.44501,316856,60.12615,130.40846,130.38813,0.046894514,-0.00023681514,0.047131329,90.98482,91.52223,26.10503,83.96792,0.12111276,130.61029,130.21547,129.82064,2025-05-13,14:30
2025-05-13 14:31:00,130.44009,130.44099,130.2442,130.245,586912,46.17613,130.40123,130.35950,0.034516657,0.0067138792,0.027802777,58.19596,80.19606,24.63052,34.28316,0.12680511,130.61332,130.22447,129.83561,2025-05-13,14:31
2025-05-13 14:32:00,130.25,130.36,130.22,130.31979,483240,50.77565,130.39510,130.35156,0.030392391,0.011449582,0.018942810,56.57609,68.58562,23.48906,26.38921,0.12774756,130.61954,130.23871,129.85787,2025-05-13,14:32
2025-05-13 14:33:00,130.315,130.36,130.25,130.255,328981,47.026988,130.38232,130.33225,0.021646439,0.013488953,0.0081574857,40.96408,51.91204,22.42912,16.46362,0.12647992,130.60698,130.25550,129.90401,2025-05-13,14:33
2025-05-13 14:34:00,130.25999,130.28,130.17,130.2354,343708,45.92202,130.36955,130.31288,0.012983379,0.013387838,-0.00040445922,19.81782,39.11933,22.19192,-17.10009,0.12530283,130.59895,130.26727,129.93558,2025-05-13,14:34
2025-05-13 14:35:00,130.23,130.27499,130.19501,130.25999,299892,47.58581,130.34566,130.30230,0.0080102901,0.012312329,-0.0043020386,27.27147,29.35112,21.97167,-17.075286,0.12206595,130.58579,130.28127,129.97674,2025-05-13,14:35
2025-05-13 14:36:00,130.25999,130.2652,130.1602,130.235,404385,46.035893,130.32010,130.28884,0.0020288948,0.010255642,-0.0082267471,22.012663,23.033983,22.082687,-43.46540,0.12084665,130.55366,130.29710,130.040528,2025-05-13,14:36
2025-05-13 14:37:00,130.23,130.38,130.23,130.285,396691,49.57447,130.30280,130.28807,0.0013083426,0.0084661820,-0.0071578394,36.72819,28.67077,20.75221,-6.18624,0.12292969,130.51697,130.31360,130.11022,2025-05-13,14:37
2025-05-13 14:38:00,130.27,130.37,130.245,130.27,422082,48.54612,130.28336,130.28446,-0.00046763504,0.0066794186,-0.0071470536,32.31398,30.35161,19.51678,-21.24363,0.12307757,130.50430,130.32146,130.13862,2025-05-13,14:38
2025-05-13 14:39:00,130.27139,130.2755,130.2,130.22,351799,45.18140,130.25836,130.27157,-0.0058425887,0.0041750171,-0.010017606,17.59846,28.88021,18.84386,-84.72116,0.11967920,130.49758,130.32473,130.15187,2025-05-13,14:39
2025-05-13 14:40:00,130.23,130.33,130.17,130.19,327691,43.24489,130.25224,130.25525,-0.012380218,0.00086397018,-0.013244188,8.77004,19.56082,17.57159,-90.081354,0.12255952,130.50125,130.32222,130.14318,2025-05-13,14:40
2025-05-13 14:41:00,130.19501,130.2,130.11,130.14999,1257623,40.73713,130.23338,130.23420,-0.020552771,-0.0034193781,-0.017133393,10.25470,12.20773,17.018762,-150.29768,0.12023358,130.50922,130.31707,130.12491,2025-05-13,14:41
2025-05-13 14:42:00,130.1514,130.23,130.10001,130.22,324369,46.57520,130.22949,130.23136,-0.021136920,-0.0069628864,-0.014174033,29.99924,16.34133,16.14697,-110.23111,0.12093044,130.50933,130.31257,130.11580,2025-05-13,14:42
2025-05-13 14:43:00,130.2132,130.23,130.039993,130.065002,359614,37.71621,130.21056,130.19809,-0.033718284,-0.012313966,-0.021404318,5.88446,15.37947,15.94675,-150.91921,0.12586416,130.51895,130.29707,130.075183,2025-05-13,14:43
2025-05-13 14:44:00,130.0616,130.070007,129.85001,129.92,639739,31.65091,130.17278,130.14247,-0.054758517,-0.020802876,-0.033955641,11.84323,15.90898,17.20938,-226.47485,0.13258823,130.54766,130.27457,130.0014736,2025-05-13,14:44
2025-05-13 14:45:00,129.925,130.029999,129.89,129.9599,357793,34.76001,130.14221,130.10596,-0.067435957,-0.030129492,-0.037306465,20.73473,12.82081,18.38182,-181.91680,0.13311760,130.55787,130.25504,129.95221,2025-05-13,14:45
2025-05-13 14:46:00,129.955,129.96001,129.755,129.77969,441821,28.46287,130.086066,130.040705,-0.090975355,-0.042298665,-0.048676690,3.95020,12.17605,20.23703,-219.050697,0.13825219,130.57011,130.22028,129.87044,2025-05-13,14:46
2025-05-13 14:47:00,129.7704,129.89,129.72,129.7701,518948,28.17016,130.030521,129.98658,-0.10914678,-0.055668288,-0.053478493,7.59005,10.75832,22.13142,-191.74306,0.14051976,130.56778,130.18553,129.80328,2025-05-13,14:47
2025-05-13 14:48:00,129.7701,129.88,129.7701,129.86,253236,34.92155,129.99052,129.96127,-0.11496792,-0.067528215,-0.047439709,21.21191,10.91739,23.89050,-143.23415,0.13833328,130.54497,130.15649,129.76802,2025-05-13,14:48
2025-05-13 14:49:00,129.86,129.98,129.83,129.94,661719,40.29895,129.96274,129.95701,-0.11183656,-0.076389884,-0.035446676,33.33333,20.71176,24.21158,-94.034409,0.13916618,130.50686,130.13124,129.75563,2025-05-13,14:49
2025-05-13 14:50:00,129.92999,129.92999,129.86,129.89461,239979,38.36196,129.93437,129.94453,-0.11172997,-0.083457901,-0.028272066,26.45536,27.00020037,24.50973,-90.15948,0.13494016,130.46368,130.10372,129.74377,2025-05-13,14:50
2025-05-13 14:51:00,129.89999,129.95,129.85001,129.92,245438,40.096312,129.90103,129.93963,-0.10834772,-0.088435864,-0.019911852,30.76905,30.18591,24.52773,-74.96461,0.13244378,130.44979,130.087475,129.72516,2025-05-13,14:51
2025-05-13 14:52:00,129.92999,130.0,129.92,129.9991,337659,45.26359,129.89371,129.95152,-0.098152975,-0.090379286,-0.0077736890,45.75381,34.32607,23.91512,-42.45986,0.12869792,130.41931,130.071440,129.72358,2025-05-13,14:52
2025-05-13 14:53:00,129.998,130.14,129.99001,130.1051,526674,51.32324,129.91428,129.98224,-0.080591026,-0.088421634,0.0078306081,63.13130,46.55139,22.52147,5.065199,0.13021906,130.40199,130.063945,129.72590,2025-05-13,14:53
2025-05-13 14:54:00,130.105,130.14999,130.080002,130.11501,317038,51.85942,129.93151,130.0087906,-0.065123269,-0.083761961,0.018638692,77.45265,62.11259,21.31829,24.17438,0.12591714,130.38773,130.057925,129.72812,2025-05-13,14:54
2025-05-13 14:55:00,130.12,130.23,130.080002,130.22659,474367,57.53557,129.98117,130.052351,-0.043360941,-0.075681757,0.032320816,99.33279,79.97225,20.89483,55.27912,0.12763690,130.38226,130.056255,129.73025,2025-05-13,14:55
2025-05-13 14:56:00,130.2299,130.3754,130.175,130.35989,648963,63.12844,130.046700,130.11386,-0.015182862,-0.063581978,0.048399116,97.63457,91.47334,21.51536,107.48337,0.13283382,130.40627,130.062500,129.71873,2025-05-13,14:56
2025-05-13 14:57:00,130.3501,130.48,130.34,130.452,609029,66.41938,130.11248,130.18149,0.014414177,-0.047982747,0.062396924,96.31578,97.76105,22.67003,152.58632,0.13334564,130.44279,130.070850,129.69891,2025-05-13,14:57
2025-05-13 14:58:00,130.455,130.48,130.42,130.4615,361922,66.74926,130.17042,130.23749,0.038196807,-0.030746836,0.068943643,97.56661,97.17232,23.74223,154.85585,0.12810649,130.48112,130.080424,129.67973,2025-05-13,14:58
2025-05-13 14:59:00,130.4682,130.48,130.41,130.465,320163,66.87806,130.23380,130.28299,0.056673376,-0.013262794,0.069936169,98.026382,97.30292,24.61409,140.17498,0.12395546,130.52354,130.092674,129.66181,2025-05-13,14:59
2025-05-13 15:00:00,130.465,130.48,130.33,130.33,392302,57.59592,130.27935,130.29239,0.059734677,0.0013367004,0.058397976,80.26382,91.95227,24.47335,105.18149,0.12581535,130.54105,130.099674,129.65829,2025-05-13,15:00
2025-05-13 15:01:00,130.33,130.535,130.3018,130.52991,583345,65.28066,130.33833,130.33990,0.077399264,0.016549213,0.060850051,99.33372,92.54131,24.71602,117.63790,0.13348569,130.59813,130.11867,129.63921,2025-05-13,15:01
2025-05-13 15:02:00,130.52161,130.57001,130.5,130.52,339712,64.65555,130.38443,130.37592,0.089567018,0.031152774,0.058414244,93.24288,90.94681,25.16936,124.31988,0.12895152,130.64273,130.13367,129.62461,2025-05-13,15:02
2025-05-13 15:03:00,130.52,130.53999,130.46001,130.485,395550,62.38172,130.42554,130.39773,0.095287137,0.043979647,0.051307490,88.19353,93.59004,25.10688,98.68064,0.12545402,130.68488,130.15467,129.62446,2025-05-13,15:03
2025-05-13 15:04:00,130.49001,130.52,130.4218,130.49001,309230,62.58434,130.45481,130.41619,0.099082068,0.055000131,0.044081937,88.88865,90.10836,24.60095,83.81876,0.12350771,130.72109,130.18317,129.64525,2025-05-13,15:04
2025-05-13 15:05:00,130.49001,130.52,130.44189,130.465,381006,60.82147,130.46649,130.42595,0.098931132,0.063786331,0.035144801,83.84469,86.97563,24.13116,75.063260,0.12026499,130.74946,130.20843,129.66739,2025-05-13,15:05
2025-05-13 15:06:00,130.47,130.63499,130.47,130.62131,539321,67.065680,130.48530,130.46502,0.11015471,0.073060008,0.037094706,97.87793,90.20376,24.57164,93.24887,0.12381736,130.78245,130.25051,129.71856,2025-05-13,15:06
2025-05-13 15:07:00,130.625,130.675,130.56,130.57001,429930,63.48931,130.49736,130.48602,0.11360048,0.081168103,0.032432380,82.35370,88.025438,25.24513,93.96368,0.12318794,130.79133,130.29050,129.78968,2025-05-13,15:07
2025-05-13 15:08:00,130.56,130.59509,130.4411,130.4411,462797,55.48283,130.49470,130.47704,0.10472245,0.085878971,0.018843475,60.68882,80.30682,24.47974,58.10718,0.12538821,130.78315,130.31956,129.85596,2025-05-13,15:08
2025-05-13 15:09:00,130.44501,130.45,130.14999,130.2047,658065,44.41959,130.48078,130.42257,0.077714830,0.084246143,-0.0065313134,10.41939,51.15397,23.95944,-20.52847,0.13786070,130.76643,130.33279,129.89915,2025-05-13,15:09
2025-05-13 15:10:00,130.2,130.3,130.17,130.27499,418363,47.75563,130.45246,130.39305,0.061277134,0.079652341,-0.018375207,23.80911,31.63911,23.47630,-38.0097134,0.13729957,130.73764,130.35181,129.96598,2025-05-13,15:10
2025-05-13 15:11:00,130.27,130.28999,130.23,130.28,280125,47.99496,130.42579,130.37044,0.048099533,0.073341779,-0.025242247,24.76240,19.66363,23.027673,-43.45997,0.13177800,130.70344,130.36981,130.036184,2025-05-13,15:11
2025-05-13 15:12:00,130.2818,130.32001,130.23,130.2399,305909,46.17001,130.39856,130.34433,0.034028190,0.065479062,-0.031450872,17.12442,21.89864,22.32277,-58.54561,0.12879468,130.67616,130.38185,130.087542,2025-05-13,15:12
2025-05-13 15:13:00,130.23151,130.24001,130.11,130.125,457364,41.32172,130.35800,130.30047,0.013450141,0.055073278,-0.041623136,2.65475,14.84719,22.46927,-119.14177,0.12888113,130.67352,130.38285,130.092174,2025-05-13,15:13
2025-05-13 15:14:00,130.1201,130.17999,130.12,130.15421,263044,42.96129,130.32347,130.27121,-0.00049576993,0.043959468,-0.044455238,7.82381,9.20099,22.60530,-125.85790,0.12396087,130.66868,130.38481,130.10094,2025-05-13,15:14
2025-05-13 15:15:00,130.15491,130.235,130.12,130.22501,339897,46.83925,130.27943,130.26197,-0.0057684784,0.034013879,-0.039782357,20.35487,10.27781,22.16086,-104.095273,0.12332120,130.66877,130.38473,130.10068,2025-05-13,15:15
2025-05-13 15:16:00,130.23,130.27499,130.19,130.26489,431639,48.94518,130.24553,130.26256,-0.0066519532,0.025880712,-0.032532666,27.41439,18.53102,21.35001,-73.079362,0.12058336,130.66866,130.37998,130.091287,2025-05-13,15:16
2025-05-13 15:17:00,130.265,130.2899,130.16,130.18829,568181,45.23883,130.21744,130.24770,-0.013378800,0.018028810,-0.031407610,13.85708,20.54211,20.83437,-79.17531,0.12124870,130.66505,130.36679,130.068534,2025-05-13,15:17
2025-05-13 15:18:00,130.1813,130.24001,130.14999,130.23,293080,47.56673,130.22025,130.24416,-0.015169979,0.011389052,-0.026559031,21.23798,20.83648,20.43658,-73.79936,0.11901748,130.65583,130.35522,130.054600,2025-05-13,15:18
2025-05-13 15:19:00,130.22501,130.33,130.22501,130.31,396066,51.79989,130.22414,130.25733,-0.010018535,0.0071075346,-0.017126070,35.39754,23.49753,19.13368,-30.26335,0.11801592,130.64433,130.34747,130.050602,2025-05-13,15:19
2025-05-13 15:20:00,130.30499,130.31931,130.22,130.27,296216,49.64224,130.22303,130.25986,-0.0090586801,0.0038742917,-0.012932972,28.31911,28.31821,17.97097,-36.39532,0.11667937,130.64318,130.34447,130.045750,2025-05-13,15:20
2025-05-13 15:21:00,130.265,130.3,130.13,130.175,414771,44.86192,130.21582,130.24289,-0.015781869,-0.000056940414,-0.015724928,13.40002,25.70556,17.69291,-64.78446,0.12048786,130.62140,130.32672,130.032039,2025-05-13,15:21
2025-05-13 15:22:00,130.17,130.17999,130.125,130.155,323433,43.90323,130.21916,130.22531,-0.022465256,-0.0045386036,-0.017926653,13.23490,18.31801,17.47688,-85.067458,0.11580963,130.59818,130.30847,130.018762,2025-05-13,15:22
2025-05-13 15:23:00,130.155,130.16,129.97,129.99001,659869,36.89921,130.20091,130.17825,-0.040607372,-0.011752357,-0.028855015,5.55673,10.73055,18.41265,-141.43919,0.12110912,130.59280,130.28372,129.97464,2025-05-13,15:23
2025-05-13 15:24:00,129.99001,130.029999,129.89999,129.985,444906,36.70791,130.17424,130.13960,-0.054757768,-0.020353440,-0.034404329,19.76864,12.85342,19.69387,-173.25972,0.12174453,130.57834,130.25847,129.93860,2025-05-13,15:24
2025-05-13 15:25:00,129.97501,130.11,129.92,130.061798,438540,41.70243,130.15168,130.12404,-0.059093946,-0.028101541,-0.030992405,37.62819,20.98452,19.97952,-128.16914,0.12662009,130.55438,130.23831,129.92224,2025-05-13,15:25
2025-05-13 15:26:00,130.059998,130.125,130.050003,130.1001,331966,44.072711,130.14188,130.11925,-0.058762565,-0.034233746,-0.024528819,46.53490,34.64391,20.082220,-85.43683,0.12293273,130.47995,130.21225,129.94455,2025-05-13,15:26
2025-05-13 15:27:00,130.10001,130.1299,130.070007,130.1299,242573,45.91533,130.13076,130.12138,-0.055456036,-0.038478204,-0.016977832,53.46510,45.87606,20.12183,-66.17269,0.11842973,130.40352,130.19024,129.97697,2025-05-13,15:27
2025-05-13 15:28:00,130.125,130.265,130.11,130.2099,509422,50.61898,130.11963,130.13909,-0.045851561,-0.039952875,-0.0058986855,72.069834,57.35661,18.77703,15.53985,0.12104180,130.35880,130.17868,129.99857,2025-05-13,15:28
2025-05-13 15:29:00,130.2099,130.235,130.17,130.215,354886,50.91186,130.11352,130.15427,-0.037397609,-0.039441822,0.0020442132,73.25503,66.26332,17.52829,30.28349,0.11703899,130.35967,130.17920,129.99873,2025-05-13,15:29
2025-05-13 15:30:00,130.215,130.22,130.059998,130.13499,502277,46.27239,130.10908,130.15041,-0.036729871,-0.038899431,0.0021695608,54.65030,66.65839,17.29582,-30.62606,0.12010790,130.34807,130.17220,129.99633,2025-05-13,15:30
2025-05-13 15:31:00,130.13499,130.14,130.059998,130.081802,397726,43.43805,130.10094,130.13669,-0.040031388,-0.039125823,-0.00090556505,42.28026,56.72853,17.079960,-66.65656,0.11724318,130.33505,130.16229,129.98953,2025-05-13,15:31
2025-05-13 15:32:00,130.089996,130.13,130.044998,130.089996,423501,44.0070259,130.11205,130.12735,-0.041508198,-0.039602298,-0.0019059005,44.18580,47.038785,17.0042524,-65.11961,0.11494057,130.32644,130.15479,129.98315,2025-05-13,15:32
2025-05-13 15:33:00,130.096298,130.17,130.080002,130.1413,331907,47.56345,130.12942,130.13014,-0.038099904,-0.039301819,0.0012019150,57.54731,48.0044553,16.47599,-20.54295,0.11315884,130.32684,130.15561,129.98438,2025-05-13,15:33
2025-05-13 15:34:00,130.145,130.2,130.13,130.19,331129,50.76115,130.14366,130.14211,-0.031110018,-0.037663459,0.0065534409,72.50048,58.077861,15.65091,21.19348,0.11007550,130.32928,130.15740,129.98552,2025-05-13,15:34
2025-05-13 15:35:00,130.19501,130.21001,130.13499,130.14,476405,47.55490,130.14810,130.14169,-0.029267929,-0.035984353,0.0067164241,65.75394,65.26724,14.77141,11.44078,0.10757098,130.32231,130.15315,129.98399,2025-05-13,15:35
2025-05-13 15:36:00,130.13,130.1951,130.10001,130.1893,453347,50.85118,130.15470,130.15121,-0.023558304,-0.033499143,0.0099408393,79.26090,72.50511,14.32663,16.29409,0.10667968,130.31161,130.14937,129.98713,2025-05-13,15:36
2025-05-13 15:37:00,130.185,130.39,130.17999,130.38499,836199,61.25966,130.17415,130.19797,-0.0032055651,-0.027440427,0.024234862,98.97861,81.33115,14.58636,166.17096,0.11406018,130.35087,130.15920,129.96754,2025-05-13,15:37
2025-05-13 15:38:00,130.38499,130.41499,130.25999,130.345,558618,58.53157,130.18860,130.22738,0.0095864958,-0.020035043,0.029621539,85.86005,88.033186,15.018730,165.10481,0.11698437,130.37113,130.16495,129.95878,2025-05-13,15:38
2025-05-13 15:39:00,130.34,130.345,130.24001,130.25011,422696,52.55148,130.20139,130.23192,0.011929593,-0.013642116,0.025571709,55.43550,80.091385,15.18469,110.33200,0.11612804,130.36124,130.16196,129.96268,2025-05-13,15:39
2025-05-13 15:40:00,130.255,130.30499,130.22,130.245,469872,52.24185,130.21952,130.23454,0.013221634,-0.0082693657,0.021490999,54.053943,65.11650,15.098972,91.90525,0.11390399,130.35756,130.16071,129.96386,2025-05-13,15:40
2025-05-13 15:41:00,130.245,130.31,130.23,130.23,371768,51.28695,130.23508,130.23363,0.012886709,-0.0040381507,0.016924860,50,53.16315,15.066379,86.091188,0.11148241,130.36256,130.16346,129.96436,2025-05-13,15:41
2025-05-13 15:42:00,130.235,130.36501,130.23,130.355,519253,58.15191,130.25882,130.25790,0.022448957,0.0012592708,0.021189686,83.78423,62.61272,15.54238,119.45302,0.11316294,130.38924,130.17346,129.95767,2025-05-13,15:42
2025-05-13 15:43:00,130.355,130.37,130.2997,130.30991,399908,55.13362,130.27214,130.26830,0.026088017,0.0062250201,0.019862997,71.59766,68.46063,16.029359,112.57902,0.11010110,130.39569,130.18945,129.98322,2025-05-13,15:43
2025-05-13 15:44:00,130.30499,130.32001,130.21001,130.3,418168,54.46499,130.28992,130.27464,0.027851854,0.010550387,0.017301467,68.92115,74.76768,15.30370,66.049026,0.11009392,130.39395,130.20520,130.016461,2025-05-13,15:44
2025-05-13 15:45:00,130.3015,130.315,130.27,130.2719,66276,52.51824,130.29910,130.27409,0.026674248,0.013775159,0.012899089,61.32465,67.28115,14.62986,65.83638,0.10544423,130.39448,130.21571,130.036938,2025-05-13,15:45
2025-05-13 15:46:00,130.265,130.265,130.14999,130.2301,861099,49.67497,130.28189,130.26530,0.022113663,0.015442860,0.0066708028,44.80732,58.35104,14.47354,-1.36627,0.10661982,130.39297,130.22221,130.051451,2025-05-13,15:46
2025-05-13 15:47:00,130.23981,130.25999,130.19,130.252,914931,51.16663,130.27156,130.26264,0.020035265,0.016361341,0.0036739241,48.25365,51.46187,14.32837,11.38218,0.10400355,130.39409,130.22831,130.062536,2025-05-13,15:47
2025-05-13 15:48:00,130.25,130.25,130.17,130.2,316609,47.56110,130.26599,130.25011,0.014030265,0.015895126,-0.0018648609,31.74442,41.60180,14.39593,-16.85297,0.10243192,130.39387,130.22782,130.061764,2025-05-13,15:48
2025-05-13 15:49:00,130.2,130.22,130.11,130.2,507729,47.56110,130.26099,130.24009,0.0091656034,0.014549221,-0.0053836178,31.74442,37.24749,15.031267,-44.75644,0.10297254,130.39348,130.22707,130.060654,2025-05-13,15:49
2025-05-13 15:50:00,130.21001,130.45,130.21001,130.3849,1155448,59.36832,130.27820,130.26905,0.020000144,0.015639406,0.0043607385,80.85450,48.11445,14.76762,113.27917,0.11347450,130.41379,130.23956,130.065335,2025-05-13,15:50
2025-05-13 15:51:00,130.395,130.39999,130.125,130.19501,971341,47.53173,130.26042,130.25424,0.013112454,0.015134015,-0.0020215618,25.0022440,45.86705,13.72306,0.47000212,0.12501160,130.40537,130.24522,130.085077,2025-05-13,15:51
2025-05-13 15:52:00,130.19,130.21001,130.044998,130.065002,971329,41.44025,130.23321,130.21639,-0.0028040748,0.011546397,-0.014350472,4.93934,36.93203,13.39418,-148.94897,0.12786852,130.40926,130.24398,130.078694,2025-05-13,15:52
2025-05-13 15:53:00,130.070007,130.14,129.99001,130.105,996401,43.82527,130.21154,130.19411,-0.012051987,0.0068267206,-0.018878707,24.99834,18.31331,13.50477,-169.61250,0.12944891,130.41263,130.24216,130.071693,2025-05-13,15:53
2025-05-13 15:54:00,130.11,130.13499,129.9626,130.029907,967053,40.49084,130.18466,130.16127,-0.025150123,0.00043135192,-0.025581475,13.80940,14.58236,13.80946,-179.40485,0.13251640,130.42721,130.23416,130.041104,2025-05-13,15:54
2025-05-13 15:55:00,130.024994,130.12,129.8401,129.9776,1188319,38.30450,130.15660,130.12454,-0.039298233,-0.0075145650,-0.031783668,22.54441,20.45072,14.90272,-199.69577,0.14304323,130.44603,130.22604,130.0060438,2025-05-13,15:55
2025-05-13 15:56:00,129.98,130.039993,129.91,129.965,1016423,37.77521,130.12471,130.092630,-0.050940519,-0.016199756,-0.034740763,20.47786,18.94389,15.91789,-173.29565,0.14211083,130.46231,130.21482,129.96733,2025-05-13,15:56
2025-05-13 15:57:00,129.97,130.089996,129.91,130.044998,1284335,43.14544,130.10749,130.083103,-0.053099538,-0.023579712,-0.029519825,33.59520,25.53915,16.29512,-120.16200,0.14481667,130.44292,130.19782,129.95273,2025-05-13,15:57
2025-05-13 15:58:00,130.039993,130.059998,129.96001,130.020004,1225789,41.92799,130.087491,130.070484,-0.056179768,-0.030099723,-0.026080045,29.49712,27.85673,16.64540,-104.95616,0.14161483,130.42857,130.18157,129.93458,2025-05-13,15:58
2025-05-13 15:59:00,130.020004,130.039993,129.82001,129.84,3512391,34.39944,130.026945,130.024386,-0.072312437,-0.038542266,-0.033770171,3.17291,22.088410,17.90517,-146.73714,0.14721277,130.44693,130.16106,129.87520,2025-05-13,15:59
2025-05-14 09:30:00,133.17,133.42,132.75,132.89999,23203435,84.69837,130.32750,130.59951,0.15997445,0.0011610774,0.15881337,85.55540,39.40848,21.96505,645.43432,0.39241199,131.52270,130.29381,129.064926,2025-05-14,09:30
2025-05-14 09:31:00,132.8999,133.62,132.84,133.17,2344211,85.73752,130.67250,131.11361,0.36168133,0.073265129,0.28841621,88.15794,58.96208,25.82367,344.99258,0.42009676,132.19507,130.44081,128.68656,2025-05-14,09:31
2025-05-14 09:32:00,133.175,133.67,133.059998,133.67,2047721,87.43874,131.068610,131.62488,0.55547811,0.16970772,0.38577038,100.00000,91.23778,29.42911,241.95643,0.43366132,132.85413,130.60657,128.35900,2025-05-14,09:32
2025-05-14 09:33:00,133.67999,134.25999,133.50999,134.25999,2882441,89.092109,131.53862,132.15191,0.74804819,0.28537582,0.46267237,100,96.052646,33.018144,203.47521,0.45625694,133.55133,130.80407,128.056809,2025-05-14,09:33
2025-05-14 09:34:00,134.255,134.86,134.16,134.795,2958274,90.33449,132.073886,132.68052,0.93307577,0.41491581,0.51815996,98.71027,99.57009,36.54673,180.61204,0.47366694,134.26611,131.028819,127.79153,2025-05-14,09:34
2025-05-14 09:35:00,134.8,134.84,134.17999,134.215,2326040,79.73211,132.54611,132.98742,1.021139,0.53616047,0.48497864,87.20228,95.30418,39.82328,138.031043,0.48697670,134.72460,131.22597,127.72735,2025-05-14,09:35
2025-05-14 09:36:00,134.21001,134.61,134.19,134.5125,1557671,80.96612,133.042497,133.29243,1.10223,0.64937436,0.45285557,93.10508,93.0058744,42.86579,116.82695,0.48219252,135.18427,131.44009,127.69592,2025-05-14,09:36
2025-05-14 09:37:00,134.53101,134.77499,134.28,134.48,1668518,80.39027,133.53805,133.52995,1.15061,0.74962127,0.40098764,92.46021,90.92252,45.74660,103.15251,0.48310699,135.57654,131.65149,127.72645,2025-05-14,09:37
2025-05-14 09:38:00,134.4601,134.48,133.88,134.22501,1730804,75.83330,134.025275,133.66896,1.15506,0.83070887,0.32435039,87.40089,90.98872,47.065221,81.29200,0.49145584,135.87110,131.85274,127.83439,2025-05-14,09:38
2025-05-14 09:39:00,134.22,134.34,133.99001,134.0,1090091,71.95714,134.14750,133.73517,1.12743,0.89005384,0.23737989,82.93647,87.59919,48.28965,70.46513,0.48135120,136.089796,132.042744,127.99569,2025-05-14,09:39
2025-05-14 09:40:00,134.0099945,134.17,133.73,133.87,1341934,69.73910,134.22528,133.76213,1.082571,0.92855723,0.15401356,80.35701,83.56479,48.57647,58.29063,0.47839772,136.26363,132.21700,128.17036,2025-05-14,09:40
2025-05-14 09:41:00,133.87,133.88,133.56,133.74001,1281449,67.49870,134.23305,133.75771,1.024715,0.94778883,0.076926402,77.77785,80.35711,48.31456,47.039246,0.46708412,136.38120,132.39425,128.40730,2025-05-14,09:41
2025-05-14 09:42:00,133.7321,134.10001,133.66499,133.9409,1146097,69.14830,134.19760,133.79435,0.98373512,0.95497809,0.028757036,81.76391,79.96625,48.32076,48.98697,0.46479331,136.47892,132.58804,128.69717,2025-05-14,09:42
2025-05-14 09:43:00,133.94,134.12,133.85001,133.9601,1234490,69.30859,134.10483,133.82750,0.94194882,0.95237223,-0.010423419,57.35061,72.29745,48.34925,48.087373,0.45087872,136.54028,132.78080,129.021317,2025-05-14,09:43
2025-05-14 09:44:00,133.9655,133.9655,133.33501,133.64,1858055,63.39378,134.040944,133.79000,0.87294084,0.93648596,-0.063545114,39.60403,59.57285,46.82430,31.14131,0.46370832,136.51624,132.96130,129.40637,2025-05-14,09:44
2025-05-14 09:45:00,133.39999,133.39999,133.39999,133.39999,1411300,59.30701,133.91733,133.71200,0.78978098,0.90714496,-0.11736398,18.88865,38.61443,45.40828,14.56066,0.44772955,136.41547,133.13242,129.84937,2025-05-14,09:45
2025-05-14 09:46:00,133.395,133.49001,133.14,133.25,1379556,56.84079,133.78067,133.61960,0.70366157,0.86644828,-0.16278671,6.39538,21.62935,43.37882,0.28759806,0.44074930,136.24061,133.29667,130.35274,2025-05-14,09:46
2025-05-14 09:47:00,133.25999,133.32001,132.82001,133.030106,2113057,53.33896,133.64790,133.50170,0.61062873,0.81528437,-0.20465564,10.29897,11.86100,40.70428,-31.27949,0.44498149,135.99096,133.44593,130.90090,2025-05-14,09:47
2025-05-14 09:48:00,133.035995,133.080994,132.625,132.64999,1417950,47.85103,133.49790,133.33136,0.50045872,0.75231924,-0.25186053,1.12839,5.94091,37.81493,-81.44554,0.44576808,135.62372,133.57743,131.53114,2025-05-14,09:48
2025-05-14 09:49:00,132.64999,133.17999,132.41,133.15891,2008970,54.58780,133.41889,133.29687,0.44903685,0.69166276,-0.24262592,31.66615,14.36450,35.59410,-113.57017,0.46892671,134.89164,133.74337,132.59511,2025-05-14,09:49
2025-05-14 09:50:00,133.16,133.2198,132.7713,132.81,1015008,49.83456,133.31556,133.19949,0.37579875,0.62848996,-0.25269121,16.91313,16.56923,33.43456,-109.47374,0.46746778,134.90094,133.73887,132.57680,2025-05-14,09:50
2025-05-14 09:51:00,132.81129,133.14,132.67999,133.094894,1191779,53.40251,133.22155,133.17857,0.33686269,0.57016451,-0.23330182,33.086636,27.22197,31.63597,-99.87161,0.46693484,134.90498,133.73512,132.56526,2025-05-14,09:51
2025-05-14 09:52:00,133.099899,133.2,132.8201,132.93021,980040,51.13829,133.10712,133.12890,0.28938082,0.51400777,-0.22462695,26.95361,25.65112,29.80209,-90.19555,0.46071793,134.91953,133.69813,132.47673,2025-05-14,09:52
2025-05-14 09:53:00,132.94,132.99001,132.62,132.66879,838736,47.68235,132.99921,133.036879,0.22802863,0.45681194,-0.22878331,14.70397,24.91474,28.57402,-104.30893,0.45423882,134.88950,133.61857,132.34763,2025-05-14,09:53
2025-05-14 09:54:00,132.67,132.73,132.41,132.71001,966337,48.27584,132.92254,132.97150,0.18064979,0.40157951,-0.22092972,17.54413,19.73390,27.89547,-109.21498,0.44464977,134.72267,133.51432,132.30597,2025-05-14,09:54
2025-05-14 09:55:00,132.71001,132.8551,132.47,132.55141,995904,46.10820,132.84492,132.88748,0.12881908,0.34702742,-0.21820834,8.26923,13.50578,26.87998,-98.87403,0.44039631,134.66389,133.43114,132.19839,2025-05-14,09:55
2025-05-14 09:56:00,132.57001,132.57001,132.17999,132.295,1217035,42.76501,132.76324,132.76899,0.066288706,0.29087968,-0.22459098,5.92811,10.58049,26.56363,-122.044192,0.43679762,134.54289,133.32027,132.097644,2025-05-14,09:56
2025-05-14 09:57:00,132.2999,132.395,131.92999,132.044998,1644169,39.73951,132.69602,132.62419,-0.0034007792,0.23202359,-0.23542437,5.64997,6.61577,26.74742,-138.81703,0.43881290,134.41990,133.19852,131.97713,2025-05-14,09:57
2025-05-14 09:58:00,132.039993,132.39,131.96001,132.295,1194864,44.0056736,132.60003,132.55835,-0.038019028,0.17801507,-0.21603409,23.39760,11.65856,26.91808,-118.83394,0.43818288,134.28821,133.10201,131.91582,2025-05-14,09:58
2025-05-14 09:59:00,132.295,132.7,132.22,132.66499,1161329,49.68319,132.58392,132.57968,-0.035193042,0.13537344,-0.17056649,47.11504,25.38753,26.059096,-73.15113,0.44116952,134.16050,133.035265,131.91003,2025-05-14,09:59
2025-05-14 10:00:00,132.67,132.72,132.11,132.17999,1537676,43.46223,132.48227,132.49974,-0.071267397,0.094045276,-0.16531267,17.98542,29.49935,25.50735,-95.30174,0.45322888,134.066354,132.95076,131.83517,2025-05-14,10:00
2025-05-14 10:01:00,132.185,132.5,132.185,132.3902,1007555,46.58403,132.42226,132.47783,-0.081950121,0.058846197,-0.14079632,35.68006,33.59351,24.99501,-84.37100,0.44371305,133.96243,132.88327,131.80411,2025-05-14,10:01
2025-05-14 10:02:00,132.39,132.58501,132.27,132.58501,741987,49.37394,132.41296,132.49927,-0.073845555,0.032307846,-0.10615340,50.78375,34.81641,24.22358,-58.97287,0.43451944,133.78516,132.81548,131.84580,2025-05-14,10:02
2025-05-14 10:03:00,132.5847,132.64999,132.42,132.42,821519,47.12858,132.38073,132.48341,-0.079817355,0.0098828060,-0.089700161,37.99051,41.48478,23.27891,-49.78870,0.41991060,133.56661,132.73847,131.91034,2025-05-14,10:03
2025-05-14 10:04:00,132.427,132.63,132.27499,132.61501,742479,50.021272,132.38780,132.50973,-0.068030376,-0.0056998303,-0.062330546,53.93784,47.57070,22.80241,-41.13536,0.41527492,133.40542,132.68722,131.96903,2025-05-14,10:04
2025-05-14 10:05:00,132.61501,132.7,132.42999,132.54539,779937,48.99087,132.41562,132.51686,-0.063573270,-0.017274518,-0.046298752,48.45670,46.79502,22.095703,-22.61417,0.40489844,133.28552,132.64449,132.0034674,2025-05-14,10:05
2025-05-14 10:06:00,132.56,132.83,132.34,132.73,1093856,51.82498,132.49173,132.55949,-0.044630762,-0.022745767,-0.021884995,75.47107,59.28854,20.95823,6.65946,0.41097752,133.19845,132.61849,132.038540,2025-05-14,10:06
2025-05-14 10:07:00,132.73,132.82001,132.5799,132.8163,711943,53.13593,132.54965,132.61085,-0.022396527,-0.022675919,0.00027939245,95.80557,73.24445,19.90201,47.49632,0.39877286,133.16443,132.60780,132.051180,2025-05-14,10:07
2025-05-14 10:08:00,132.83,133.105,132.7101,133.065002,1153465,56.78543,132.59410,132.70168,0.015118245,-0.015117086,0.030235332,96.59632,89.29099,19.038587,113.20324,0.39849604,133.21979,132.62855,132.037320,2025-05-14,10:08
2025-05-14 10:09:00,133.059998,133.14999,132.82001,132.83,1045012,52.61594,132.66632,132.72735,0.025591386,-0.0069753917,0.032566777,73.77117,88.72435,18.38109,104.0072461,0.39360251,133.16014,132.61211,132.064078,2025-05-14,10:09
2025-05-14 10:10:00,132.8399,132.8499,132.49001,132.67999,844555,50.087743,132.69852,132.71788,0.021538656,-0.0012725823,0.022811238,61.47535,77.28095,17.52293,27.36108,0.39119475,133.14714,132.60561,132.064076,2025-05-14,10:10
2025-05-14 10:11:00,132.685,132.7159,132.50999,132.50999,657239,47.31323,132.69019,132.67630,0.0045568772,-0.00010669037,0.0046635676,46.21796,60.48816,16.72608,2.21832,0.37795956,133.070111,132.57636,132.082617,2025-05-14,10:11
2025-05-14 10:12:00,132.50999,132.73,132.42999,132.7,823881,50.60648,132.72130,132.68104,0.0063570249,0.0011860527,0.0051709722,56.73078,54.80803,16.25246,27.31105,0.37239123,133.035249,132.56485,132.094458,2025-05-14,10:12
2025-05-14 10:13:00,132.71001,132.78999,132.63,132.75661,676936,51.57764,132.73703,132.69615,0.012210858,0.0033910138,0.0088198445,62.17410,55.040947,15.56764,72.76248,0.35721960,133.045047,132.56924,132.093442,2025-05-14,10:13
2025-05-14 10:14:00,132.75,132.7859,132.52,132.605,503236,48.80975,132.74365,132.67792,0.0045636889,0.0036255488,0.00093814009,43.52329,54.14272,15.31811,34.81610,0.35069675,133.035768,132.56399,132.092220,2025-05-14,10:14
2025-05-14 10:15:00,132.60001,132.60001,132.24001,132.24989,800866,42.99051,132.69031,132.59232,-0.029806959,-0.0030609527,-0.026746006,1.086574,35.59465,15.94737,-71.66149,0.35171771,133.040204,132.54892,132.057632,2025-05-14,10:15
2025-05-14 10:16:00,132.25,132.39999,132.17,132.25,661815,42.99271,132.62739,132.52385,-0.056387328,-0.013726228,-0.042661100,8.16349,17.59112,16.72462,-104.11591,0.34302329,133.042971,132.54667,132.050365,2025-05-14,10:16
2025-05-14 10:17:00,132.27,132.34,132.14,132.255,690760,43.10359,132.53739,132.47008,-0.076170563,-0.026215095,-0.049955468,11.38674,6.87894,17.53081,-122.10475,0.33280712,133.018205,132.55717,132.096132,2025-05-14,10:17
2025-05-14 10:18:00,132.25,132.42,132.16,132.1635,547591,41.51378,132.46333,132.40877,-0.098101909,-0.040592458,-0.057509451,2.32660,7.29228,17.87383,-122.85590,0.32760622,133.029791,132.55059,132.071396,2025-05-14,10:18
2025-05-14 10:19:00,132.16499,132.25,131.94,132.039505,1112833,39.39355,132.39217,132.33491,-0.12405779,-0.057285524,-0.066772265,8.22341,7.31225,18.83649,-161.72671,0.32634846,133.044051,132.51932,131.99459,2025-05-14,10:19
2025-05-14 10:20:00,132.030701,132.079895,131.73,131.86,1036823,36.48815,132.31994,132.23993,-0.15729927,-0.077288273,-0.080010995,9.15529,6.56843,20.25329,-196.67093,0.32803066,133.084896,132.50332,131.92174,2025-05-14,10:20
2025-05-14 10:21:00,131.855,131.87019,131.67999,131.82491,700703,35.93020,132.22271,132.15693,-0.18435020,-0.098700657,-0.085649538,9.85800,9.078899,21.68547,-187.83643,0.31818567,133.12661,132.47505,131.82350,2025-05-14,10:21
2025-05-14 10:22:00,131.82001,132.16,131.69,132.14999,861804,44.40992,132.15531,132.15554,-0.17751010,-0.11446255,-0.063047554,31.97285,16.99538,21.58767,-110.80987,0.32902964,133.11764,132.45330,131.78896,2025-05-14,10:22
2025-05-14 10:23:00,132.145,132.39,132.145,132.35001,891933,48.89178,132.12698,132.19443,-0.15417275,-0.12240459,-0.031768166,57.27068,33.033841,20.56407,-34.46823,0.32302717,133.11555,132.44980,131.78406,2025-05-14,10:23
2025-05-14 10:24:00,132.3446,132.48,132.23,132.245,584291,46.76021,132.12643,132.20455,-0.14250850,-0.12642537,-0.016083128,50.90109,46.71487,19.27850,-26.30391,0.31781095,133.098217,132.43130,131.76439,2025-05-14,10:24
2025-05-14 10:25:00,132.24001,132.49001,132.19,132.45,562522,51.23036,132.14866,132.25364,-0.11539239,-0.12421877,0.0088263873,69.36972,59.18049,18.22745,-10.30678,0.31653895,133.091477,132.42653,131.76159,2025-05-14,10:25
2025-05-14 10:26:00,132.4501,132.55,132.38,132.55,656974,53.29071,132.18143,132.31291,-0.084854860,-0.11634599,0.031491130,78.37927,66.21669,17.012004,20.47056,0.30607175,133.070570,132.41753,131.76450,2025-05-14,10:26
2025-05-14 10:27:00,132.57001,132.64,132.48,132.6149,542679,54.63018,132.23159,132.37331,-0.054785582,-0.10403391,0.049248326,84.53716,77.42872,16.066324,45.34424,0.29563832,133.041529,132.40746,131.77340,2025-05-14,10:27
2025-05-14 10:28:00,132.61501,132.74001,132.56709,132.715,521629,56.69309,132.30664,132.44164,-0.022617696,-0.087750666,0.065132970,97.64067,86.85237,15.57068,78.77729,0.28687220,132.96725,132.38996,131.81268,2025-05-14,10:28
2025-05-14 10:29:00,132.71001,132.71001,132.61,132.66,624983,55.20791,132.39553,132.48532,-0.0015440643,-0.070509346,0.068965281,92.45275,91.54353,15.11044,83.88833,0.27388102,132.93719,132.38146,131.82574,2025-05-14,10:29
2025-05-14 10:30:00,132.64,132.67,132.485,132.55119,717480,52.28906,132.47623,132.49849,0.0063041778,-0.055146641,0.061450819,82.18774,90.76039,14.10122,59.86920,0.26753220,132.91963,132.37502,131.83042,2025-05-14,10:30
2025-05-14 10:31:00,132.56,132.61,132.3999,132.5797,557777,52.99021,132.52398,132.51473,0.014655020,-0.041186309,0.055841329,84.87671,86.50573,13.39816,49.40525,0.26342978,132.92740,132.37851,131.82962,2025-05-14,10:31
2025-05-14 10:32:00,132.57001,132.78999,132.57001,132.64999,689140,54.75615,132.55731,132.54179,0.026638451,-0.027621357,0.054259808,87.38745,84.81730,12.92412,90.43397,0.26032665,132.91945,132.37601,131.83257,2025-05-14,10:32
2025-05-14 10:33:00,132.6499,132.83,132.5201,132.605,555389,53.37399,132.59731,132.55443,0.032134009,-0.015670284,0.047804293,80.43441,84.23285,12.25060,87.48359,0.26386803,132.89437,132.36843,131.84249,2025-05-14,10:33
2025-05-14 10:34:00,132.605,132.66,132.37,132.53011,489997,51.063767,132.60621,132.54956,0.030099305,-0.0065163660,0.036615671,73.92227,80.58138,11.79246,50.12004,0.26573521,132.88487,132.36468,131.84450,2025-05-14,10:34
2025-05-14 10:35:00,132.53999,132.60001,132.405,132.50999,397971,50.43247,132.60176,132.54165,0.026557848,0.000098476766,0.026459371,71.92917,75.42862,11.36704,41.87721,0.26068322,132.89875,132.37769,131.85663,2025-05-14,10:35
2025-05-14 10:36:00,132.49001,132.575,132.38,132.5,378017,50.10098,132.58900,132.53332,0.022683266,0.0046154346,0.018067831,51.82438,65.89194,11.087121,32.63191,0.25599099,132.91039,132.39019,131.86999,2025-05-14,10:36
2025-05-14 10:37:00,132.49001,132.66499,132.49001,132.6608,390272,55.20271,132.58298,132.55881,0.032216247,0.010135597,0.022080650,73.56174,65.77176,10.34956,63.76354,0.25020505,132.93959,132.41048,131.88137,2025-05-14,10:37
2025-05-14 10:38:00,132.64999,132.78,132.55499,132.60001,415197,52.99664,132.57631,132.56705,0.034468544,0.015002186,0.019466358,64.063133,63.14975,10.12371,70.16748,0.24840513,132.95483,132.43230,131.90978,2025-05-14,10:38
2025-05-14 10:39:00,132.605,132.71001,132.5612,132.595,328630,52.80952,132.58118,132.57264,0.035441111,0.019089971,0.016351139,48.91366,62.17951,9.91399,59.58516,0.24129074,132.95443,132.46008,131.96573,2025-05-14,10:39
2025-05-14 10:40:00,132.58,132.89999,132.41,132.895,823034,61.56870,132.61621,132.63712,0.059731073,0.027218192,0.032512881,99.058559,70.67845,10.58970,100.45527,0.25905499,132.95847,132.51183,132.065193,2025-05-14,10:40
2025-05-14 10:41:00,132.895,132.9597,132.7,132.7793,607688,57.16178,132.63058,132.66555,0.068850754,0.035544704,0.033306050,69.40772,72.45998,11.46216,140.017056,0.25910139,132.89168,132.55955,132.22742,2025-05-14,10:41
2025-05-14 10:42:00,132.7666,132.82001,132.58,132.7,411594,54.29352,132.64113,132.67244,0.068885260,0.042212815,0.026672445,55.96036,74.80888,11.53268,80.39009,0.25773740,132.86577,132.58705,132.30833,2025-05-14,10:42
2025-05-14 10:43:00,132.69501,132.77859,132.5603,132.6601,367850,52.85633,132.65558,132.66997,0.064944233,0.046759099,0.018185134,49.19399,58.18735,11.48018,53.35678,0.25491988,132.86053,132.60255,132.34458,2025-05-14,10:43
2025-05-14 10:44:00,132.6601,132.71001,132.53,132.58,321828,49.99553,132.66336,132.65198,0.054727212,0.048352722,0.0063744909,35.61208,46.92214,11.24342,1.16186,0.24956903,132.81921,132.61930,132.41940,2025-05-14,10:44
2025-05-14 10:45:00,132.58,132.78999,132.53999,132.685,349509,53.54514,132.68391,132.65858,0.054474480,0.049577073,0.0048974068,53.41682,46.074296,11.43850,49.99332,0.24959981,132.81690,132.63105,132.44521,2025-05-14,10:45
2025-05-14 10:46:00,132.6834,132.6898,132.5,132.5899,434688,50.077942,132.67603,132.64485,0.046069930,0.048875645,-0.0028057144,37.29138,42.10676,11.35150,-33.32774,0.24532869,132.81621,132.63305,132.44989,2025-05-14,10:46
2025-05-14 10:47:00,132.58501,132.769,132.58009,132.7135,322322,54.22666,132.68864,132.65858,0.048819681,0.048864452,-0.000044771136,58.25032,49.65284,11.69158,59.52252,0.24129834,132.82420,132.63798,132.45176,2025-05-14,10:47
2025-05-14 10:48:00,132.71001,132.78999,132.69,132.745,346289,55.24725,132.70531,132.67586,0.052930047,0.049677571,0.0032524762,62.96228,52.83466,12.11759,107.38071,0.23120495,132.82862,132.63948,132.45034,2025-05-14,10:48
2025-05-14 10:49:00,132.745,132.895,132.66,132.89,401129,59.70231,132.70475,132.71869,0.067114521,0.053164961,0.013949560,87.97610,69.72957,13.043370,156.42354,0.23147607,132.86941,132.65098,132.43254,2025-05-14,10:49
2025-05-14 10:50:00,132.88499,133.23,132.82001,133.18201,1160553,66.85744,132.74950,132.81135,0.10075692,0.062683352,0.038073564,94.14764,81.69534,15.16842,301.36443,0.24422695,132.99579,132.68252,132.36925,2025-05-14,10:50
2025-05-14 10:51:00,133.17751,133.31,133.17751,133.2518,880747,68.30596,132.81081,132.89944,0.13153428,0.076453537,0.055080742,93.53362,91.88579,17.37593,299.20866,0.23624589,133.11150,132.71612,132.32074,2025-05-14,10:51
2025-05-14 10:52:00,133.2587,133.33,133.14999,133.23241,756944,67.42412,132.87440,132.96603,0.15260154,0.091683137,0.060918401,89.39180,92.35769,19.20885,218.13966,0.23222889,133.19842,132.74525,132.29207,2025-05-14,10:52
2025-05-14 10:53:00,133.245,133.57001,133.235,133.51109,916861,72.84856,132.97786,133.075046,0.18959958,0.11126643,0.078333155,94.92121,92.61554,21.57568,222.22465,0.23975545,133.34780,132.79055,132.23330,2025-05-14,10:53
2025-05-14 10:54:00,133.515,133.59,133.42999,133.57001,791090,73.84027,133.076191,133.17404,0.22112568,0.13323828,0.087887402,98.16614,94.15972,23.82262,194.93380,0.23405889,133.48103,132.84255,132.20406,2025-05-14,10:54
2025-05-14 10:55:00,133.565,133.61,133.44,133.5522,579883,72.97270,133.18311,133.24967,0.24188516,0.15496765,0.086917507,94.79277,95.96004,25.96048,155.90797,0.22948313,133.58415,132.89466,132.20516,2025-05-14,10:55
2025-05-14 10:56:00,133.55,133.73,133.495,133.675,777700,75.14181,133.28995,133.33474,0.26518942,0.17701201,0.088177410,95.52904,96.16265,28.24327,147.10817,0.22987723,133.69653,132.95341,132.21028,2025-05-14,10:56
2025-05-14 10:57:00,133.675,133.77499,133.58,133.74001,615200,76.22931,133.40050,133.41579,0.28561101,0.19873181,0.086879206,97.25580,95.85920,30.46852,135.22516,0.22738543,133.81186,133.0073662,132.20287,2025-05-14,10:57
2025-05-14 10:58:00,133.74001,133.7598,133.58009,133.7166,556033,74.95764,133.49235,133.47595,0.29648879,0.21828320,0.078205586,95.41995,96.068260,32.53483,115.31156,0.22397953,133.90114,133.063196,132.22525,2025-05-14,10:58
2025-05-14 10:59:00,133.715,133.73,133.45,133.515,662357,64.91344,133.52935,133.48376,0.28555049,0.23173666,0.053813832,79.60818,90.76131,33.25442,84.097182,0.22798090,133.94026,133.10920,132.27813,2025-05-14,10:59
2025-05-14 11:00:00,133.53,133.55,133.42,133.44,642859,61.60622,133.55026,133.47501,0.26774381,0.23893809,0.028805715,71.96491,82.33101,33.66299,60.77400,0.22098262,133.97335,133.13645,132.29954,2025-05-14,11:00
2025-05-14 11:01:00,133.44009,133.5,133.32001,133.4001,619294,59.85883,133.56889,133.46003,0.24755844,0.24066216,0.0068962793,66.37700,72.65003,33.21031,45.077411,0.21805476,133.99511,133.16749,132.33987,2025-05-14,11:01
2025-05-14 11:02:00,133.405,133.46001,133.34,133.42,1227571,60.46109,133.55877,133.45202,0.23050978,0.23863168,-0.0081219061,68.16154,68.83448,32.78998,40.65695,0.21105159,134.0089753,133.20349,132.39800,2025-05-14,11:02
2025-05-14 11:03:00,133.4028,133.4568,133.31,133.395,474809,59.25838,133.53932,133.44062,0.21253186,0.23341172,-0.020879862,60.20995,64.91616,32.14193,32.88168,0.20646254,134.0094475,133.24023,132.47102,2025-05-14,11:03
2025-05-14 11:04:00,133.38,133.3801,133.080002,133.13,832057,48.29009,133.49241,133.37850,0.17488502,0.22170638,-0.046821356,7.19477,45.18875,29.86458,-12.12304,0.21421539,133.97760,133.26773,132.55786,2025-05-14,11:04
2025-05-14 11:05:00,133.14,133.27,133.0,133.235,828987,52.075055,133.44352,133.34980,0.15177238,0.20771958,-0.055947202,30.32290,32.57587,28.18782,-26.37991,0.21820031,133.95340,133.29523,132.63706,2025-05-14,11:05
2025-05-14 11:06:00,133.23,133.37,133.2,133.29221,573889,54.048551,133.39377,133.33828,0.13649796,0.19347525,-0.056977299,37.70427,25.073979,26.34073,-6.63550,0.21475730,133.90373,133.33035,132.75697,2025-05-14,11:06
2025-05-14 11:07:00,133.295,133.655,133.285,133.625,741937,63.47227,133.38359,133.39562,0.14952297,0.18468480,-0.035161828,80.64580,49.55766,26.027778,55.088534,0.22584571,133.88751,133.37592,132.86434,2025-05-14,11:07
2025-05-14 11:08:00,133.63,133.74001,133.58,133.6846,745352,64.86209,133.40244,133.45342,0.16277827,0.18030349,-0.017525223,88.33629,68.89545,26.075229,101.29378,0.22114271,133.86146,133.42290,132.98434,2025-05-14,11:08
2025-05-14 11:09:00,133.68539,133.78999,133.68311,133.765,580635,66.70256,133.43855,133.51573,0.17772201,0.17978720,-0.0020651836,96.83619,88.60609,26.31295,125.35778,0.21298165,133.85561,133.46665,133.077696,2025-05-14,11:09
2025-05-14 11:10:00,133.765,133.92,133.67,133.89999,992414,69.58338,133.49409,133.59259,0.19817354,0.18346447,0.014709078,97.82562,94.33270,27.0070050,146.16028,0.21562581,133.91180,133.50255,133.093303,2025-05-14,11:10
2025-05-14 11:11:00,133.905,133.92,133.78,133.82001,555592,65.94290,133.53854,133.63807,0.20555774,0.18788312,0.017674620,89.13141,94.59774,27.65148,135.25761,0.21022393,133.94549,133.53096,133.11643,2025-05-14,11:11
2025-05-14 11:12:00,133.83,133.94,133.80499,133.9086,432530,67.94339,133.59560,133.69218,0.21606775,0.19352005,0.022547705,96.65931,94.53878,28.32521,137.49708,0.20485149,133.98662,133.56477,133.14292,2025-05-14,11:12
2025-05-14 11:13:00,133.905,134.14999,133.9024,134.10249,1297243,71.84177,133.70366,133.77424,0.23730706,0.20227745,0.035029613,95.86949,93.88674,29.65637,170.86655,0.20790417,134.075708,133.59434,133.11297,2025-05-14,11:13
2025-05-14 11:14:00,134.105,134.16,134.039993,134.10001,656890,71.72128,133.79977,133.83939,0.25104479,0.21203092,0.039013869,94.82781,95.78554,30.92274,157.67357,0.20162605,134.14992,133.62084,133.091761,2025-05-14,11:14
2025-05-14 11:15:00,134.10001,134.1149,133.86,133.89999,658339,62.62528,133.86730,133.85151,0.24299166,0.21822307,0.024768596,77.58544,89.42758,30.68726,100.10557,0.20543119,134.17986,133.63823,133.096604,2025-05-14,11:15
2025-05-14 11:16:00,133.89999,133.9899,133.87,133.97501,309856,64.44643,133.90619,133.87621,0.23989698,0.22255785,0.017339129,84.051985,85.48841,30.46860,85.97774,0.19932207,134.21437,133.65323,133.092096,2025-05-14,11:16
2025-05-14 11:17:00,133.97,134.0,133.83,133.84509,335247,59.077408,133.92402,133.86999,0.22437504,0.22292129,0.0014537550,72.85260,78.16334,29.96113,65.75751,0.19722751,134.22472,133.65849,133.092254,2025-05-14,11:17
2025-05-14 11:18:00,133.84,133.89999,133.78,133.83501,1254213,58.66875,133.93180,133.86299,0.20885241,0.22010751,-0.011255098,71.98311,76.29590,29.11074,47.77924,0.19171091,134.23540,133.66441,133.093411,2025-05-14,11:18
2025-05-14 11:19:00,133.8315,133.84,133.75,133.78999,413904,56.78101,133.91958,133.84839,0.19071991,0.21422999,-0.023510079,61.45752,68.76441,28.093009,32.82251,0.18444558,134.24734,133.67816,133.10897,2025-05-14,11:19
2025-05-14 11:20:00,133.78,133.88989,133.7,133.88,691906,59.58164,133.92624,133.85471,0.18152050,0.20768809,-0.026167591,68.00013951,67.14692,26.76806,36.94245,0.18483487,134.26481,133.70016,133.13550,2025-05-14,11:20
2025-05-14 11:21:00,133.87489,133.92999,133.72,133.83121,405691,57.40968,133.91764,133.85001,0.16835169,0.19982081,-0.031469122,43.31115,57.58960,25.78620,34.11233,0.18663177,134.27163,133.72171,133.17180,2025-05-14,11:21
2025-05-14 11:22:00,133.83,133.83501,133.72,133.78999,249997,55.56727,133.88292,133.83801,0.15282798,0.19042225,-0.037594264,24.48852,45.26660,24.87448,17.083050,0.18151561,134.27291,133.74021,133.20751,2025-05-14,11:22
2025-05-14 11:23:00,133.8,133.99001,133.8,133.97,434975,61.39475,133.86848,133.86441,0.15328351,0.18299450,-0.029710989,61.22443,43.0080326,24.94136,57.35221,0.18283679,134.28586,133.76896,133.25206,2025-05-14,11:23
2025-05-14 11:24:00,133.9623,134.10001,133.9623,134.059998,554752,63.94105,133.88626,133.90353,0.15907278,0.17821016,-0.019137375,78.25986,54.65760,25.53882,101.76425,0.17961349,134.25572,133.81546,133.37520,2025-05-14,11:24
2025-05-14 11:25:00,134.065002,134.10001,133.98,134.061493,347746,63.98356,133.89587,133.93512,0.16191503,0.17495113,-0.013036103,78.58493,72.68974,26.093599,107.91394,0.17535613,134.21971,133.85678,133.49386,2025-05-14,11:25
2025-05-14 11:26:00,134.050003,134.085007,133.92999,133.94971,449461,58.43762,133.90749,133.93804,0.15337928,0.17063676,-0.017257481,54.28401,70.37627,26.12727,70.068981,0.17390312,134.14533,133.88966,133.63399,2025-05-14,11:26
2025-05-14 11:27:00,133.94,134.019608,133.92,133.97,571189,59.13022,133.92249,133.94443,0.14656273,0.16582195,-0.019259228,58.69572,63.85489,26.061199,51.19219,0.16859642,134.13376,133.90691,133.68006,2025-05-14,11:27
2025-05-14 11:28:00,133.972,134.16,133.92,134.13989,569107,64.46822,133.96137,133.98352,0.15310448,0.16327846,-0.010173981,95.62809,69.53594,26.74820,112.99614,0.17369707,134.15408,133.92967,133.70527,2025-05-14,11:28
2025-05-14 11:29:00,134.1335,134.28,134.13229,134.155,32367,64.90712,133.99192,134.017817,0.15769005,0.16216078,-0.0044707237,78.44834,77.59072,27.91081,172.017756,0.17184050,134.18062,133.94917,133.71773,2025-05-14,11:29
2025-05-14 11:30:00,134.155,134.265,134.065002,134.255,631121,67.74744,134.039010,134.065255,0.16746340,0.16322130,0.0042420974,95.69072,89.92238,28.33125,152.82776,0.17385168,134.23250,133.96693,133.70135,2025-05-14,11:30
2025-05-14 11:31:00,134.245,134.3298,134.14999,134.19501,526917,64.38080,134.084012,134.091205,0.16842603,0.16426225,0.0041637856,78.59721,84.24543,29.018236,148.054473,0.17427724,134.25992,133.98568,133.71143,2025-05-14,11:31
2025-05-14 11:32:00,134.2,134.36,134.17,134.21001,729548,64.85106,134.11068,134.11497,0.16845738,0.16510128,0.0033561072,77.27378,83.85390,29.79139,138.38021,0.17540047,134.28915,134.00074539,133.71234,2025-05-14,11:32
2025-05-14 11:33:00,134.325,134.38499,134.17999,134.345,536283,68.83857,134.14235,134.16097,0.17733099,0.16754722,0.0097837746,94.16154,83.34418,30.62309,145.95834,0.17751485,134.33571,134.012871,133.69003,2025-05-14,11:33
2025-05-14 11:34:00,134.34891,134.37,134.3,134.3179,407721,67.19067,134.17084,134.19236,0.18010059,0.17005789,0.010042701,89.91074,87.11535,31.39538,140.037747,0.16983465,134.37138,134.023766,133.67615,2025-05-14,11:34
2025-05-14 11:35:00,134.315,134.355,134.2,134.27499,528547,64.55562,134.20698,134.20889,0.17679524,0.17140536,0.0053898799,83.45839,89.17689,31.0070567,102.26444,0.16877495,134.40167,134.042516,133.68336,2025-05-14,11:35
2025-05-14 11:36:00,134.27,134.28,134.14999,134.17999,382866,59.035237,134.23031,134.20311,0.16461238,0.17004677,-0.0054343903,64.95644,79.44186,30.14586,64.32503,0.16600566,134.41531,134.052765,133.69022,2025-05-14,11:36
2025-05-14 11:37:00,134.185,134.36,134.17999,134.345,462757,64.68417,134.25310,134.23149,0.16635454,0.16930832,-0.0029537775,91.39923,79.93802,29.85264,91.39740,0.16700582,134.44843,134.077760,133.70709,2025-05-14,11:37
2025-05-14 11:38:00,134.35001,134.37,134.16,134.24001,422769,59.099592,134.26255,134.23319,0.15744799,0.16693626,-0.0094882693,68.81932,75.058329,29.37332,68.57912,0.17007622,134.45750,134.098010,133.73852,2025-05-14,11:38
2025-05-14 11:39:00,134.235,134.32001,134.17999,134.31,341034,61.48666,134.26866,134.24855,0.15425905,0.16440081,-0.010141767,83.87150,81.36335,28.92823,67.66140,0.16792897,134.46540,134.12401,133.78263,2025-05-14,11:39
2025-05-14 11:40:00,134.295,134.33,134.014999,134.059998,524010,50.21374,134.25366,134.21084,0.13005963,0.15753258,-0.027472946,30.10763,60.93282,26.92783,3.063451,0.17843422,134.45725,134.13301,133.80877,2025-05-14,11:40
2025-05-14 11:41:00,134.059998,134.13499,133.97,133.97501,556441,47.055226,134.22754,134.16367,0.10283787,0.14659364,-0.043755766,11.82976,41.93630,25.30132,-59.0057569,0.17747415,134.44302,134.14020,133.83738,2025-05-14,11:41
2025-05-14 11:42:00,133.97501,134.11,133.96001,134.070007,327065,50.78192,134.19699,134.14494,0.087916782,0.13485826,-0.046941483,25.88324,22.60688,23.87242,-62.66665,0.17551127,134.41376,134.15420,133.89464,2025-05-14,11:42
2025-05-14 11:43:00,134.071304,134.175,134.050003,134.14,317784,53.38525,134.17722,134.14395,0.080807983,0.12404821,-0.043240225,42.35243,26.68848,22.36734,-26.64264,0.17190333,134.40834,134.16270,133.91706,2025-05-14,11:43
2025-05-14 11:44:00,134.14,134.325,134.14,134.265,468293,57.68950,134.17611,134.16816,0.084289032,0.11609637,-0.031807341,71.76504,46.66691,22.083740,49.052127,0.17283863,134.41770,134.17295,133.92820,2025-05-14,11:44
2025-05-14 11:45:00,134.2601,134.34,134.23,134.30009,355729,58.83868,134.18946,134.19455,0.088855410,0.11064818,-0.021792771,80.022979,64.71349,21.91940,75.97830,0.16835020,134.42999,134.18488,133.93977,2025-05-14,11:45
2025-05-14 11:46:00,134.295,134.3,134.13,134.155,309830,52.49100,134.16835,134.18664,0.079845863,0.10448772,-0.024641854,45.88180,65.88994,20.83687,0.35508409,0.16847445,134.41600,134.19515,133.97429,2025-05-14,11:46
2025-05-14 11:47:00,134.155,134.22639,134.13,134.1499,210677,52.27766,134.15833,134.17929,0.071470624,0.097884298,-0.026413675,46.31732,57.40737,19.83165,-34.50934,0.16332554,134.40093,134.20414,134.0073556,2025-05-14,11:47
2025-05-14 11:48:00,134.145,134.185,134.080002,134.12489,345800,51.17845,134.13777,134.16841,0.062099314,0.090727302,-0.028627987,40.21735,44.13882,18.44603,-77.89155,0.15915913,134.40126,134.20339,134.0055206,2025-05-14,11:48
2025-05-14 11:49:00,134.125,134.14999,134.020004,134.041107,364848,47.56971,134.13567,134.14295,0.047365651,0.082054971,-0.034689320,19.78116,35.43861,17.60810,-120.73000,0.15707559,134.40703,134.19770,133.98836,2025-05-14,11:49
2025-05-14 11:50:00,134.050003,134.19,133.98,134.175,522895,53.24370,134.15789,134.14936,0.045963556,0.074836688,-0.028873132,52.43961,37.47938,16.83001,-71.57543,0.16085639,134.40155,134.19370,133.98584,2025-05-14,11:50
2025-05-14 11:51:00,134.1512,134.23,134.1001,134.19,336347,53.84627,134.17122,134.15749,0.045537780,0.068976907,-0.023439127,56.098106,42.77296,15.70999,-18.68745,0.15864508,134.40131,134.19345,133.98559,2025-05-14,11:51
2025-05-14 11:52:00,134.19,134.33,134.1713,134.30499,401493,58.28472,134.18955,134.18699,0.053858255,0.065953176,-0.012094921,90.78826,66.44199,15.39545,62.48140,0.15864948,134.41162,134.19819,133.98477,2025-05-14,11:52
2025-05-14 11:53:00,134.3,134.3299,134.23,134.2612,281169,56.073126,134.18913,134.20183,0.056269940,0.064016529,-0.0077465889,79.26354,75.38330,15.10337,69.25858,0.15445304,134.39885,134.19400,133.98916,2025-05-14,11:53
2025-05-14 11:54:00,134.255,134.25999,134.1701,134.1712,277479,51.72910,134.17481,134.19571,0.050338989,0.061281021,-0.010942032,55.57965,75.21048,14.20573,11.74499,0.14992746,134.38360,134.18667,133.98974,2025-05-14,11:54
2025-05-14 11:55:00,134.16499,134.27,134.059998,134.235,357761,54.42453,134.18370,134.20357,0.050207788,0.059066375,-0.0088585864,72.36879,69.070661,13.99821,4.74343,0.15421884,134.37876,134.18467,133.99058,2025-05-14,11:55
2025-05-14 11:56:00,134.23,134.45,134.2,134.4301,666243,61.50397,134.21483,134.24887,0.065096270,0.060272354,0.0048239163,95.76651,74.57165,13.71727,152.17898,0.16106035,134.41874,134.19718,133.97561,2025-05-14,11:56
2025-05-14 11:57:00,134.4399,134.4899,134.36,134.435,409500,61.66497,134.24929,134.28610,0.076409926,0.063499868,0.012910058,89.23303,85.78944,13.73790,189.85424,0.15883447,134.43821,134.20168,133.96514,2025-05-14,11:57
2025-05-14 11:58:00,134.435,134.58,134.42,134.57001,1056595,65.89849,134.30806,134.34288,0.095173144,0.069834523,0.025338620,98.33427,94.44460,14.34857,215.25270,0.15891798,134.50401,134.21818,133.93234,2025-05-14,11:58
2025-05-14 11:59:00,134.57001,134.59,134.5,134.52,431815,63.11828,134.34639,134.37830,0.10480023,0.076827664,0.027972564,88.52590,92.031064,14.97876,184.66456,0.15399501,134.54140,134.22868,133.91596,2025-05-14,11:59
2025-05-14 12:00:00,134.505,134.56,134.375,134.56,395368,64.41154,134.38750,134.41464,0.11433886,0.084329903,0.030008956,95.082172,93.98078,14.39527,137.74726,0.15620948,134.58768,134.25368,133.91967,2025-05-14,12:00
2025-05-14 12:01:00,134.56,134.58,134.45,134.495,323903,60.68680,134.40861,134.43071,0.11532376,0.090528674,0.024795084,84.42604,89.34471,14.0024358,125.26158,0.15433772,134.60367,134.27968,133.95569,2025-05-14,12:01
2025-05-14 12:02:00,134.495,134.55,134.459,134.495,314285,60.68680,134.43459,134.44357,0.11478117,0.095379174,0.019401998,84.42604,87.97809,13.63766,106.18797,0.14981384,134.62286,134.30092,133.97899,2025-05-14,12:02
2025-05-14 12:03:00,134.5,134.55,134.44,134.48,290983,59.76195,134.46890,134.45085,0.11185149,0.098673637,0.013177852,81.96713,83.60641,13.11182,87.77914,0.14697004,134.63998,134.31792,133.99587,2025-05-14,12:03
2025-05-14 12:04:00,134.47,134.56,134.47,134.545,334738,62.43382,134.50334,134.46968,0.11346687,0.10163228,0.011834588,91.50976,85.96765,12.71356,91.88258,0.14290049,134.66762,134.33192,133.99623,2025-05-14,12:04
2025-05-14 12:05:00,134.545,134.735,134.53,134.72,669610,68.49851,134.53555,134.51975,0.12739977,0.10678578,0.020613992,97.77788,90.41826,13.67967,131.65195,0.14733630,134.72821,134.35292,133.97763,2025-05-14,12:05
2025-05-14 12:06:00,134.73,134.74001,134.60001,134.6499,488308,64.038814,134.55943,134.54578,0.13127208,0.11168304,0.019589040,86.74969,92.012443,14.60939,117.70773,0.14681223,134.76263,134.37766,133.99270,2025-05-14,12:06
2025-05-14 12:07:00,134.645,134.71001,134.59,134.645,393166,63.72661,134.56777,134.56562,0.13241923,0.11583028,0.016588954,86.029395,90.18565,15.35361,101.16425,0.14489782,134.78929,134.40242,134.015550,2025-05-14,12:07
2025-05-14 12:08:00,134.64999,134.78999,134.62,134.7699,530184,68.0093461,134.59553,134.60648,0.14177194,0.12101861,0.020753327,97.24713,90.0087393,16.58941,121.39979,0.14669070,134.83104,134.43467,134.038297,2025-05-14,12:08
2025-05-14 12:09:00,134.77,134.85001,134.75999,134.815,619299,69.41387,134.62387,134.64818,0.15108204,0.12703130,0.024050742,94.61490,92.63047,18.10229,144.37432,0.14264219,134.85947,134.47337,134.087263,2025-05-14,12:09
2025-05-14 12:10:00,134.8118,134.89999,134.78999,134.88251,685139,71.43517,134.66692,134.69505,0.16203955,0.13403295,0.028006602,96.76171,96.20791,19.79063,156.78768,0.14031065,134.90842,134.50874,134.10906,2025-05-14,12:10
2025-05-14 12:11:00,134.88181,134.94,134.83,134.89999,749971,71.95226,134.71192,134.73604,0.17017283,0.14126092,0.028911906,92.91887,94.76516,21.57524,153.83852,0.13814565,134.95044,134.54424,134.13804,2025-05-14,12:11
2025-05-14 12:12:00,134.899,134.905,134.8,134.83,584906,66.74426,134.75081,134.75483,0.16902235,0.14681321,0.022209144,80.53095,90.070509,22.81479,116.69010,0.13577780,134.97930,134.57049,134.16168,2025-05-14,12:12
2025-05-14 12:13:00,134.825,134.839,134.71001,134.735,512624,60.35827,134.77192,134.75086,0.15861636,0.14917384,0.0094425183,63.71665,79.055490,22.82058,73.61701,0.13529351,134.98298,134.59418,134.20538,2025-05-14,12:13
2025-05-14 12:14:00,134.73511,134.82001,134.67,134.7818,424927,62.27320,134.77879,134.75705,0.15238915,0.14981690,0.0025722470,68.35938,70.86899,22.36635,64.63197,0.13634463,134.96923,134.62471,134.28019,2025-05-14,12:14
2025-05-14 12:15:00,134.8,134.812,134.67,134.685,358107,56.22326,134.78269,134.74264,0.13805157,0.14746384,-0.0094122615,48.99902,60.35835,21.94456,42.81916,0.13674846,134.94220,134.64721,134.35222,2025-05-14,12:15
2025-05-14 12:16:00,134.6801,134.72501,134.58,134.61501,388066,52.26917,134.77936,134.71711,0.11966178,0.14190343,-0.022241643,35.00061035,50.78634,20.55320,-5.37283,0.13733816,134.93477,134.65646,134.37814,2025-05-14,12:16
2025-05-14 12:17:00,134.61501,134.72,134.61011,134.71001,383711,56.71853,134.77270,134.71569,0.11146860,0.13581646,-0.024347857,51.064866,45.021500,19.26121,10.89387,0.13537785,134.92995,134.67021,134.41046,2025-05-14,12:17
2025-05-14 12:18:00,134.715,134.7182,134.6216,134.715,202402,56.94553,134.76159,134.71555,0.10417718,0.12948861,-0.025311423,45.12095,43.72881,18.061515,9.45732,0.13260825,134.93368,134.67746,134.42123,2025-05-14,12:18
2025-05-14 12:19:00,134.715,134.74001,134.64,134.64,287497,52.48929,134.73464,134.70044,0.091294663,0.12184982,-0.030555154,16.66596,37.61726,17.19197,-2.64467,0.13027952,134.93009,134.68345,134.43682,2025-05-14,12:19
2025-05-14 12:20:00,134.64999,134.78999,134.6324,134.78,349049,58.94755,134.72131,134.71635,0.091329169,0.11574569,-0.024416519,55.55461,39.11384,16.92049,33.39776,0.13223047,134.93769,134.69445,134.45122,2025-05-14,12:20
2025-05-14 12:21:00,134.77499,134.89999,134.7415,134.87,747848,62.47847,134.72576,134.74708,0.097494610,0.11209547,-0.014600862,80.55355,50.92471,17.65148,99.17255,0.13410637,134.94977,134.71320,134.47664,2025-05-14,12:21
2025-05-14 12:22:00,134.8799,134.94501,134.78999,134.93449,464938,64.81423,134.74792,134.78456,0.10635925,0.11094823,-0.0045889813,97.11969,77.74262,18.67079,128.056574,0.13559977,134.96820,134.73518,134.50215,2025-05-14,12:22
2025-05-14 12:23:00,134.935,134.94,134.88,134.9101,310427,63.21120,134.76218,134.80967,0.11014606,0.11078779,-0.00064173482,90.43518,89.36947,19.61730,129.69084,0.13019961,134.97010,134.75668,134.54327,2025-05-14,12:23
2025-05-14 12:24:00,134.91499,134.95,134.88,134.94299,416722,64.48660,134.79084,134.83634,0.11448205,0.11152664,0.0029554027,98.10706,95.22064,20.57680,126.44178,0.12589907,134.98138,134.77658,134.57179,2025-05-14,12:24
2025-05-14 12:25:00,134.94501,134.99001,134.87,134.99001,631901,66.28539,134.83251,134.86707,0.12032482,0.11328628,0.0070385416,100.00000000000001,96.18075,21.78665,127.13173,0.12547845,135.012980,134.79008,134.56719,2025-05-14,12:25
2025-05-14 12:26:00,134.98,135.11,134.67999,134.8322,3551236,56.026945,134.84609,134.86010,0.11094273,0.11281757,-0.0018748429,47.58450,81.89719,20.41207,63.20661,0.14723056,135.013150,134.79920,134.58525,2025-05-14,12:26
2025-05-14 12:27:00,134.83,134.92999,134.8,134.90829,343107,59.29808,134.86756,134.86974,0.10839808,0.11193367,-0.0035355913,61.94219,69.84223,19.13568,61.18586,0.14599906,135.019019,134.81236,134.60571,2025-05-14,12:27
2025-05-14 12:28:00,134.91,134.92999,134.8015,134.86,301145,56.42906,134.89201,134.86779,0.10131659,0.10981025,-0.0084936672,52.83008,54.11892,17.95046,44.42781,0.14474872,135.023554,134.81687,134.61019,2025-05-14,12:28
2025-05-14 12:29:00,134.8549,135.050003,134.83501,134.97,641315,61.051481,134.91312,134.88823,0.10338878,0.10852596,-0.0051371782,73.58496,62.78574,18.013128,102.88152,0.14976641,135.041800,134.82462,134.60744,2025-05-14,12:29
2025-05-14 12:30:00,134.9783,135.029999,134.91,134.94,441173,59.20673,134.92090,134.89859,0.10144101,0.10710897,-0.0056679590,65.99310,64.13605,18.071320,100.61507,0.14763989,135.049140,134.82749,134.60585,2025-05-14,12:30
2025-05-14 12:31:00,134.935,135.089996,134.92999,135.085007,494451,64.75106,134.93762,134.93587,0.11032625,0.10775243,0.0025738236,94.88253,78.15353,18.63749,140.90633,0.14852301,135.083718,134.83674,134.58977,2025-05-14,12:31
2025-05-14 12:32:00,135.085007,135.21001,135.065002,135.1815,923206,67.87970,134.96778,134.98500,0.12372807,0.11094755,0.012780517,95.065251,85.31363,20.0081880,185.75190,0.14827167,135.14332,134.85432,134.56532,2025-05-14,12:32
2025-05-14 12:33:00,135.19,135.25999,135.17,135.23579,740008,69.51893,135.00031196,135.035156,0.13714896,0.11618784,0.020961122,96.14393,95.36390,21.57812,195.40841,0.14410915,135.20688,134.87936,134.55184,2025-05-14,12:33
2025-05-14 12:34:00,135.235,135.36,135.2,135.34331,679296,72.51079,135.039568,135.096786,0.15467751,0.12388577,0.030791743,97.54516,96.25145,23.55799,199.74607,0.14524447,135.28857,134.90743,134.52630,2025-05-14,12:34
2025-05-14 12:35:00,135.34,135.435,135.28,135.33,661505,71.57446,135.094879,135.14343,0.16558659,0.13222593,0.033360653,86.093371,93.26082,25.73092,185.95299,0.14594121,135.34825,134.93969,134.53112,2025-05-14,12:35
2025-05-14 12:36:00,135.3353,135.41,135.17,135.26649,739769,67.11949,135.13468,135.16804,0.16718046,0.13921684,0.027963623,77.68189,87.10681,26.34844,135.46044,0.15266009,135.37594,134.97226,134.56858,2025-05-14,12:36
2025-05-14 12:37:00,135.25999,135.38,135.25999,135.31,451292,68.56296,135.18468,135.19643,0.16999434,0.14537234,0.024622004,83.44382,82.40636,26.92185,126.013219,0.15032796,135.41264,135.0022591,134.59188,2025-05-14,12:37
2025-05-14 12:38:00,135.3,135.315,135.19,135.24001,551073,63.71636,135.21468,135.20515,0.16467828,0.14923353,0.015444754,74.17340,78.43304,26.63002,87.15893,0.14851882,135.42908,135.028510,134.62794,2025-05-14,12:38
2025-05-14 12:39:00,135.24001,135.25,135.11,135.145,492654,57.74931,135.23746,135.19312,0.15105816,0.14959845,0.0014597022,61.59054,73.069254,25.52020,49.38679,0.14791029,135.41492,135.053760,134.69260,2025-05-14,12:39
2025-05-14 12:40:00,135.14,135.2,135.089996,135.095001,476437,54.83830,135.23857,135.17350,0.13467681,0.14661413,-0.011937316,46.45681,60.74025,24.29048,27.44168,0.14520246,135.40832,135.069510,134.73070,2025-05-14,12:40
2025-05-14 12:41:00,135.089996,135.13499,135.0,135.125,721580,56.26273,135.23229,135.16380,0.12270071,0.14183144,-0.019130734,51.065828,53.037726,22.80100,5.32894,0.14447332,135.40906,135.082260,134.75546,2025-05-14,12:41
2025-05-14 12:42:00,135.13,135.28999,135.13,135.23,503704,60.90992,135.23165,135.17704,0.12029515,0.13752418,-0.017229033,65.83251,54.45171,22.16378,56.83796,0.14593903,135.42249,135.097035,134.77158,2025-05-14,12:42
2025-05-14 12:43:00,135.2341,135.24001,135.10001,135.1246,490055,54.63469,135.20734,135.16655,0.10863219,0.13174579,-0.023113591,40.87659,52.59164,21.29779,24.54202,0.14551477,135.42181,135.10776,134.79372,2025-05-14,12:43
2025-05-14 12:44:00,135.12,135.125,134.83,134.905,672138,44.37573,135.16012,135.11424,0.080738271,0.12154428,-0.040806012,12.39628,39.70179,20.99550,-72.68601,0.15619216,135.42430,135.10586,134.78742,2025-05-14,12:44
2025-05-14 12:45:00,134.9099,134.99001,134.875,134.98,317524,47.96895,135.12829,135.087391,0.063946625,0.11002475,-0.046078127,24.79255,26.021808,20.71479,-74.99812,0.15325025,135.42456,135.10536,134.78617,2025-05-14,12:45
2025-05-14 12:46:00,134.97459,135.070007,134.9601,134.99001,529549,48.44762,135.092734,135.067914,0.050860540,0.098191909,-0.047331369,26.44707,21.21197,19.80158,-52.94212,0.15015445,135.41221,135.11325,134.81430,2025-05-14,12:46
2025-05-14 12:47:00,134.9899,135.0099945,134.88,134.90491,297098,44.68401,135.055501,135.035312,0.033239837,0.085201495,-0.051961658,12.38114,21.20692,19.46399,-94.35872,0.14871411,135.41250,135.11308,134.81366,2025-05-14,12:47
2025-05-14 12:48:00,134.907,134.9799,134.86,134.895,246790,44.25318,135.027724,135.0072508,0.018265661,0.071814328,-0.053548667,10.74428,16.52417,19.27455,-108.16561,0.14665621,135.40867,135.11483,134.82099,2025-05-14,12:48
2025-05-14 12:49:00,134.89999,134.94501,134.8546,134.9382,276893,46.66872,135.010301,134.99344,0.0097715669,0.059405776,-0.049634209,18.65513,13.92685,19.13377,-104.83501,0.14263851,135.41053,135.11324,134.81596,2025-05-14,12:49
2025-05-14 12:50:00,134.93159,135.054993,134.87,135.039993,366598,51.95203,135.00085619,135.0027515,0.011125403,0.049749701,-0.038624298,38.18005,22.52649,18.041622,-67.015233,0.14566415,135.40694,135.11824,134.82954,2025-05-14,12:50
2025-05-14 12:51:00,135.044998,135.080002,135.020004,135.071198,302582,53.47367,134.98321,135.016441,0.014548541,0.042709469,-0.028160928,49.73101,35.52206,16.82477,-31.72088,0.13954511,135.40663,135.11755,134.82847,2025-05-14,12:51
2025-05-14 12:52:00,135.074997,135.088501,134.86,134.8998,572419,45.036662,134.95823,134.99311,0.0033915998,0.034845895,-0.031454296,15.17283,34.36129,16.81534,-79.35955,0.14589906,135.40586,135.10347,134.80107,2025-05-14,12:52
2025-05-14 12:53:00,134.895,135.049896,134.86,135.010101,364148,50.45443,134.96991,134.99651,0.0034110776,0.028558932,-0.025147854,39.15279,34.68554,16.80658,-61.17714,0.14904167,135.39080,135.092181,134.79356,2025-05-14,12:53
2025-05-14 12:54:00,135.020004,135.085007,134.9801,134.99989,219036,49.96360,134.97212,134.99719,0.0025731415,0.023361774,-0.020788632,36.93359,30.41974,16.47534,-31.77903,0.14588899,135.35265,135.075010,134.79737,2025-05-14,12:54
2025-05-14 12:55:00,135.0,135.035004,134.88,134.92,277325,46.17725,134.96434,134.98175,-0.0044860766,0.017792204,-0.022278280,19.56478,31.88372,16.83501,-68.38695,0.14653969,135.31375,135.054510,134.79527,2025-05-14,12:55
2025-05-14 12:56:00,134.9101,134.92999,134.88,134.91991,221567,46.17293,134.96601,134.96938,-0.0099729830,0.012239166,-0.022212149,21.92780,26.14206,17.16899,-83.84737,0.13964313,135.28343,135.037180,134.79093,2025-05-14,12:56
2025-05-14 12:57:00,134.9166,134.925,134.77,134.81,439794,41.19290,134.95657,134.93750,-0.022925863,0.0052061604,-0.028132024,11.26585,17.58615,18.14836,-128.91701,0.14073996,135.24364,135.012180,134.78072,2025-05-14,12:57
2025-05-14 12:58:00,134.815,134.815,134.67,134.7399,421393,38.35177,134.93453,134.89798,-0.038404801,-0.0035160318,-0.034888769,16.70252,16.63206,19.57442,-184.63844,0.14104455,135.22280,134.98717,134.75155,2025-05-14,12:58
2025-05-14 12:59:00,134.74001,134.77,134.66,134.715,265229,37.36581,134.89842,134.86139,-0.052081024,-0.013229030,-0.038851994,12.83384,13.60074,20.94785,-186.46955,0.13882713,135.21768,134.96567,134.71367,2025-05-14,12:59
2025-05-14 13:00:00,134.72,134.81,134.7,134.73019,279835,38.40653,134.86053,134.83515,-0.060990141,-0.022781252,-0.038208889,16.38060,15.30565,21.76914,-149.76197,0.13676809,135.21186,134.94743,134.68301,2025-05-14,13:00
2025-05-14 13:01:00,134.735,134.761,134.66,134.7,258993,37.087896,134.83833,134.80812,-0.069684063,-0.032161815,-0.037522249,9.33338,12.84927,22.75856,-154.027915,0.13421308,135.19831,134.92618,134.65406,2025-05-14,13:01
2025-05-14 13:02:00,134.71001,134.8251,134.66,134.785,340515,43.018807,134.81332,134.80349,-0.068920258,-0.039513503,-0.029406755,29.17171,18.29523,22.95037,-106.63817,0.13641929,135.14393,134.90393,134.66394,2025-05-14,13:02
2025-05-14 13:03:00,134.78751,134.84,134.69,134.815,267517,44.98971,134.79278,134.80580,-0.065143354,-0.044639473,-0.020503881,36.17264,24.89258,22.96336,-76.27271,0.13738891,135.10864,134.88845,134.66827,2025-05-14,13:03
2025-05-14 13:04:00,134.815,134.86861,134.74001,134.7599,229216,42.10876,134.77499,134.79662,-0.065837268,-0.048879032,-0.016958235,23.31387,29.55274,22.65240,-62.65220,0.13676121,135.10819,134.88120,134.65421,2025-05-14,13:04
2025-05-14 13:05:00,134.75,134.85989,134.7415,134.8551,287315,48.27215,134.76779,134.80831,-0.058036381,-0.050710502,-0.0073258789,45.53095,35.0058163,22.36365,-38.086483,0.13544919,135.097555,134.87495,134.65235,2025-05-14,13:05
2025-05-14 13:06:00,134.85001,134.96001,134.84,134.89,430385,50.35850,134.77668,134.82465,-0.048479397,-0.050264281,0.0017848837,54.11625,40.98702,20.99657,19.42982,0.13434642,135.086401,134.86995,134.65351,2025-05-14,13:06
2025-05-14 13:07:00,134.88,134.97,134.845,134.955,244858,54.074251,134.80058,134.85072,-0.035253881,-0.047262201,0.012008320,69.41084,56.35268,19.62574,38.93374,0.13367881,135.091608,134.87246,134.65331,2025-05-14,13:07
2025-05-14 13:08:00,134.955,135.020004,134.89,134.9801,403969,55.46065,134.83003,134.87660,-0.022487919,-0.042307345,0.019819425,85.35970,69.62893,18.59667,64.18658,0.13341639,135.10070,134.87671,134.65273,2025-05-14,13:08
2025-05-14 13:09:00,134.995,135.039993,134.955,134.97,258869,54.74442,134.85668,134.89528,-0.013035628,-0.036453001,0.023417373,81.58053,78.78369,17.83640,76.27694,0.12995747,135.10445,134.87830,134.65215,2025-05-14,13:09
2025-05-14 13:10:00,134.98,134.9807,134.785,134.845,359212,46.70630,134.87279,134.88522,-0.015452943,-0.032252990,0.016800047,48.68490,71.87504,17.60570,0.50700510,0.13465293,135.082462,134.86855,134.65465,2025-05-14,13:10
2025-05-14 13:11:00,134.83009,134.8399,134.73,134.808,283696,44.61783,134.87535,134.86978,-0.020122520,-0.029826896,0.0097043758,38.94711,56.40418,17.80551,-48.32681,0.13324954,135.049262,134.85539,134.66153,2025-05-14,13:11
2025-05-14 13:12:00,134.8,134.88,134.74001,134.74001,192446,40.99074,134.86701,134.84382,-0.028975660,-0.029656649,0.00068098853,21.053688,36.22857,17.55594,-47.75580,0.13373167,135.046397,134.84741,134.64841,2025-05-14,13:12
2025-05-14 13:13:00,134.745,134.82001,134.71001,134.74001,251235,40.99074,134.86480,134.82306,-0.035581674,-0.030841654,-0.0047400204,21.053688,27.018164,17.56390,-65.58187,0.13203660,135.023323,134.83390,134.64448,2025-05-14,13:13
2025-05-14 13:14:00,134.742,134.8886,134.73,134.87,311664,50.0025171,134.86646,134.83245,-0.029982294,-0.030669782,0.00068748758,55.26242,32.45660,16.83209,1.68966,0.13393397,135.0019398,134.82741,134.65287,2025-05-14,13:14
2025-05-14 13:15:00,134.87489,134.875,134.765,134.86501,171654,49.68883,134.86368,134.83896,-0.025651670,-0.029666159,0.0040144896,53.94932,43.42181,16.15256,13.076305,0.13222445,134.99495,134.82466,134.65436,2025-05-14,13:15
2025-05-14 13:16:00,134.86501,134.86501,134.42999,134.47,788340,32.37406,134.80979,134.76517,-0.053476716,-0.034428271,-0.019048445,6.55877,38.59017,17.72296,-205.96134,0.15385219,135.026476,134.80216,134.57785,2025-05-14,13:16
2025-05-14 13:17:00,134.472,134.505,134.3013,134.33501,593262,28.69405,134.73811,134.67914,-0.085436337,-0.044629884,-0.040806453,4.56301,21.69037,19.71556,-306.48699,0.15741309,135.081224,134.77841,134.47560,2025-05-14,13:17
2025-05-14 13:18:00,134.33701,134.41,134.25999,134.3,564060,27.81126,134.66367,134.60331,-0.11229461,-0.058162829,-0.054131779,5.12931,5.41703,21.72168,-260.065300,0.15688424,135.12416,134.75642,134.38867,2025-05-14,13:18
2025-05-14 13:19:00,134.3,134.5701,134.28999,134.562,339285,42.15574,134.63222,134.59505,-0.11115794,-0.068761852,-0.042396091,38.71826,16.13686,22.070065,-143.65056,0.16568576,135.12589,134.74877,134.37164,2025-05-14,13:19
2025-05-14 13:20:00,134.56,134.575,134.31,134.32001,395718,35.19860,134.57800,134.54004,-0.12830461,-0.080670404,-0.047634209,7.69396,17.18051,22.35102,-144.98983,0.17277959,135.14925,134.72826,134.30726,2025-05-14,13:20
2025-05-14 13:21:00,134.33501,134.3499,134.22,134.23579,354762,33.14835,134.52198,134.47919,-0.14699432,-0.093935187,-0.053059132,1.92598,16.11273,23.062004,-161.16548,0.16971663,135.17773,134.70505,134.23237,2025-05-14,13:21
2025-05-14 13:22:00,134.22501,134.25999,134.050003,134.155,520818,31.26665,134.45698,134.41435,-0.16640731,-0.10842961,-0.057977699,10.60573,6.74189,24.43615,-161.13889,0.17259340,135.20146,134.67355,134.14564,2025-05-14,13:22
2025-05-14 13:23:00,134.14999,134.17999,133.96001,134.1783,784650,32.45741,134.38012,134.36714,-0.17786184,-0.12231606,-0.055545780,21.38671,11.30614,26.032151,-145.40664,0.17597858,135.20712,134.64171,134.076303,2025-05-14,13:23
2025-05-14 13:24:00,134.175,134.23,134.14011,134.14999,305699,31.73808,134.30068,134.32371,-0.18706722,-0.13526629,-0.051800929,20.45977,17.48407,27.048694,-110.31557,0.16982937,135.21249,134.61122,134.0099419,2025-05-14,13:24
2025-05-14 13:25:00,134.16,134.28999,134.14999,134.245,438521,36.80071,134.27568,134.30797,-0.18456915,-0.14512686,-0.039442286,30.69048,24.17899,27.44906,-86.25218,0.16769865,135.19123,134.58071,133.97019,2025-05-14,13:25
2025-05-14 13:26:00,134.24181,134.36,134.19,134.3049,413366,39.83108,134.27233,134.30735,-0.17572979,-0.15124745,-0.024482343,37.14178,29.43068,27.21608,-65.36931,0.16786290,135.15593,134.55146,133.94698,2025-05-14,13:26
2025-05-14 13:27:00,134.3015,134.47,134.25999,134.45,469865,46.51983,134.28900,134.33588,-0.15522715,-0.15204339,-0.0031837647,52.76719,40.19982,26.13510,-34.50039,0.17087318,135.10269,134.52621,133.94972,2025-05-14,13:27
2025-05-14 13:28:00,134.455,134.55499,134.44,134.52499,496407,49.63631,134.28489,134.37371,-0.13141220,-0.14791715,0.016504950,61.74769,50.55222,24.53073,-0.13853457,0.16688154,135.041091,134.50345,133.96581,2025-05-14,13:28
2025-05-14 13:29:00,134.52499,134.53529,134.42999,134.46001,310432,47.076297,134.30044,134.39097,-0.11644035,-0.14162179,0.025181441,55.24869,56.58786,23.10581,-2.018619,0.16248292,134.97120,134.47795,133.98470,2025-05-14,13:29
2025-05-14 13:30:00,134.46091,134.55499,134.38,134.48,411048,47.96526,134.32758,134.40877,-0.10178875,-0.13365518,0.031866435,84.55240,67.18293,22.11149,3.54097,0.16337613,134.92341,134.45970,133.99599,2025-05-14,13:30
2025-05-14 13:31:00,134.47,134.55,134.46001,134.4801,216170,47.97029,134.36370,134.42304,-0.089141063,-0.12475236,0.035611294,84.56977,74.79029,21.18819,18.99274,0.15813471,134.87893,134.44331,134.0076803,2025-05-14,13:31
2025-05-14 13:32:00,134.485,134.52,134.4061,134.41161,273611,44.96871,134.38962,134.42075,-0.083680182,-0.11653792,0.032857740,73.43192,80.85136,20.69998,6.81221,0.15497558,134.84075,134.42689,134.013019,2025-05-14,13:32
2025-05-14 13:33:00,134.41499,134.4554,134.33,134.33009,193325,41.63039,134.40963,134.40262,-0.084950511,-0.11022044,0.025269929,60.17765,72.72645,20.73374,-18.042884,0.15286281,134.79609,134.40639,134.016685,2025-05-14,13:33
2025-05-14 13:34:00,134.3316,134.3316,134.24001,134.295,279324,40.24511,134.41519,134.38110,-0.087777305,-0.10573181,0.017954508,56.30241,63.30399,21.28349,-50.29526,0.14848678,134.70636,134.37764,134.048916,2025-05-14,13:34
2025-05-14 13:35:00,134.28999,134.39999,134.27499,134.37,246567,44.49557,134.42242,134.37888,-0.083009056,-0.10118726,0.018178206,68.90724,61.79577,21.15119,-6.82167,0.14680916,134.59396,134.35289,134.11182,2025-05-14,13:35
2025-05-14 13:36:00,134.36501,134.37,134.23,134.3101,260426,41.93053,134.40688,134.36512,-0.083104885,-0.097570786,0.014465901,58.84133,61.35033,21.30055,-28.47195,0.14632275,134.58044,134.34489,134.10935,2025-05-14,13:36
2025-05-14 13:37:00,134.315,134.48,134.31,134.42999,235097,48.34935,134.39632,134.37810,-0.072669161,-0.092590461,0.019921300,69.87128,65.87328,20.46444,40.97922,0.14801385,134.58802,134.34964,134.11127,2025-05-14,13:37
2025-05-14 13:38:00,134.4301,134.62,134.42999,134.605,462404,55.99572,134.41243,134.42348,-0.049704529,-0.084013275,0.034308746,96.80865,75.17375,19.34890,121.86868,0.15101303,134.62650,134.36489,134.10328,2025-05-14,13:38
2025-05-14 13:39:00,134.6017,134.625,134.56,134.5892,256038,55.20152,134.42457,134.45662,-0.032405690,-0.073691758,0.041286068,91.77073,86.15022,18.34735,136.35534,0.14486942,134.63220,134.36625,134.10031,2025-05-14,13:39
2025-05-14 13:40:00,134.5847,134.71001,134.57001,134.645,321873,57.49545,134.44289,134.49430,-0.014031780,-0.061759762,0.047727982,86.45813,91.67917,17.98892,144.74957,0.14452156,134.67368,134.38250,134.091331,2025-05-14,13:40
2025-05-14 13:41:00,134.645,134.84,134.64,134.83971,462739,64.35407,134.49045,134.56338,0.016055435,-0.046196723,0.062252158,99.95247,92.72711,18.41251,183.47603,0.14848409,134.75714,134.41270,134.068263,2025-05-14,13:41
2025-05-14 13:42:00,134.83501,134.86,134.7514,134.765,373517,60.33135,134.53878,134.60370,0.033485537,-0.030260271,0.063745807,84.92056,90.44372,18.91371,168.75376,0.14563500,134.79881,134.44320,134.087592,2025-05-14,13:42
2025-05-14 13:43:00,134.76489,134.8354,134.75999,134.81,251976,61.87713,134.59600,134.64496,0.050349595,-0.014138298,0.064487893,92.063069,92.31203,19.37911,156.079814,0.14061885,134.84267,134.47478,134.10690,2025-05-14,13:43
2025-05-14 13:44:00,134.8112,134.86,134.75,134.7612,284933,59.18379,134.63947,134.66821,0.059095705,0.00050850288,0.058587202,84.31748,87.10037,19.95787,133.11818,0.13843183,134.86159,134.50534,134.14910,2025-05-14,13:44
2025-05-14 13:45:00,134.7682,134.795,134.66,134.77,354368,59.52610,134.69057,134.68857,0.065976954,0.013602193,0.052374761,85.71498,87.36517,19.60435,97.25245,0.13818631,134.88460,134.53159,134.17859,2025-05-14,13:45
2025-05-14 13:46:00,134.7699,134.94,134.72,134.935,974651,65.38487,134.74668,134.73785,0.083778230,0.027637400,0.056140829,99.29509,89.77585,20.15716,132.17315,0.14403023,134.94113,134.56310,134.18507,2025-05-14,13:46
2025-05-14 13:47:00,134.935,134.9366,134.84,134.8649,276941,61.32337,134.77556,134.76326,0.091178427,0.040345606,0.050832821,89.42211,91.47739,20.67049,120.14821,0.14064260,134.97988,134.58384,134.18781,2025-05-14,13:47
2025-05-14 13:48:00,134.86011,134.88499,134.815,134.845,210135,60.18065,134.80398,134.77961,0.094349970,0.051146479,0.043203492,86.61967,91.77896,20.89069,94.82276,0.13559613,135.010660,134.59985,134.18903,2025-05-14,13:48
2025-05-14 13:49:00,134.8493,134.92999,134.81,134.9099,218323,62.62676,134.83341,134.80567,0.10093644,0.061104472,0.039831972,95.75982,90.60053,21.37745,95.70631,0.13448177,135.049025,134.62234,134.19565,2025-05-14,13:49
2025-05-14 13:50:00,134.905,135.080002,134.89999,135.029999,646059,66.70338,134.85455,134.85053,0.11452729,0.071789036,0.042738258,93.50613,91.96187,22.63961,122.69911,0.13773364,135.10615,134.64984,134.19353,2025-05-14,13:50
2025-05-14 13:51:00,135.030197,135.14999,134.99001,135.019897,604814,66.050803,134.88288,134.88441,0.12306444,0.082044116,0.041020322,81.93108,90.39901,24.12975,123.57430,0.13932327,135.15320,134.67683,134.20046,2025-05-14,13:51
2025-05-14 13:52:00,135.018295,135.10001,134.99001,135.044998,377058,66.91693,134.90899,134.91653,0.13035298,0.091705888,0.038647088,82.20400,85.88041,25.51345,110.39615,0.13722879,135.19426,134.70850,134.22274,2025-05-14,13:52
2025-05-14 13:53:00,135.044998,135.054993,134.895,134.9601,289702,61.22708,134.93109,134.92524,0.12780522,0.098925755,0.028879468,67.25862,77.13123,25.74089,81.52472,0.13885448,135.20477,134.74000,134.27523,2025-05-14,13:53
2025-05-14 13:54:00,134.9686,134.99001,134.89,134.905,277801,57.79259,134.94609,134.92119,0.11995725,0.10313205,0.016825196,51.96122,67.14128,25.89860,64.047872,0.13607960,135.19256,134.77050,134.34844,2025-05-14,13:54
2025-05-14 13:55:00,134.9001,134.935,134.84,134.87,289274,55.65666,134.93886,134.91095,0.10964920,0.10443548,0.0052137198,42.85625,54.025365,25.50658,41.68237,0.13314543,135.17699,134.79550,134.41401,2025-05-14,13:55
2025-05-14 13:56:00,134.875,134.92999,134.83,134.9101,278489,57.59039,134.94389,134.91078,0.10352240,0.10425287,-0.00073046404,51.040110,48.61920,25.034851,38.58969,0.13077724,135.13765,134.82550,134.51335,2025-05-14,13:56
2025-05-14 13:57:00,134.91499,134.97,134.88071,134.91859,209709,58.0083564,134.95206,134.91234,0.098220457,0.10304639,-0.0048259290,52.77466,48.89034,24.89354,50.58408,0.12781418,135.10586,134.84993,134.59400,2025-05-14,13:57
2025-05-14 13:58:00,134.89999,134.955,134.88,134.94,203445,59.10174,134.95541,134.91788,0.094654955,0.10136810,-0.0067131445,57.14375,53.65284,24.75381,46.49676,0.12404152,135.099059,134.86668,134.63430,2025-05-14,13:58
2025-05-14 13:59:00,134.94,135.0,134.92,134.995,260130,61.84975,134.95152,134.93330,0.095169662,0.10012841,-0.0049587500,63.95316,57.95719,24.96851,76.99642,0.12089583,135.087588,134.88697,134.68635,2025-05-14,13:59
2025-05-14 14:00:00,135.0,135.0,134.91,134.9232,272863,56.51138,134.94078,134.93128,0.088761323,0.097854994,-0.0090936714,33.29593,51.46428,25.033298,46.22512,0.11868873,135.068292,134.90088,134.73347,2025-05-14,14:00
2025-05-14 14:01:00,134.9158,134.95,134.87,134.9297,337968,56.87432,134.92796,134.93096,0.083247557,0.094933507,-0.011685950,35.20779,44.15229,24.55604,14.076564,0.11592538,135.070800,134.90538,134.73996,2025-05-14,14:01
2025-05-14 14:02:00,134.92,134.92999,134.81,134.855,248239,51.54948,134.91629,134.91577,0.072019430,0.090350692,-0.018331262,13.23490,27.24621,23.36866,-44.79461,0.11621607,135.064311,134.90988,134.75545,2025-05-14,14:02
2025-05-14 14:03:00,134.855,134.89999,134.81351,134.87,250410,52.51083,134.91240,134.90662,0.063598262,0.085000206,-0.021401943,17.64653,22.029740,22.26610,-54.78341,0.11409255,135.061661,134.91288,134.76410,2025-05-14,14:03
2025-05-14 14:04:00,134.86,134.91,134.85001,134.85181,142115,51.18457,134.91038,134.89565,0.054824783,0.078965121,-0.024140339,12.29692,14.39278,21.35243,-52.18083,0.11022862,135.052312,134.91741,134.78251,2025-05-14,14:04
2025-05-14 14:05:00,134.86,134.8866,134.78,134.86,282312,51.77549,134.90481,134.88852,0.047979840,0.072768065,-0.024788225,25.000000000077716,18.31448,20.026411,-101.97574,0.10996929,135.042040,134.92191,134.80178,2025-05-14,14:05
2025-05-14 14:06:00,134.86501,134.91,134.86,134.89,213450,53.97228,134.90163,134.88882,0.044463279,0.067107108,-0.022643829,40.0011098,25.76601,18.68145,-44.81162,0.10568598,135.040409,134.91966,134.79891,2025-05-14,14:06
2025-05-14 14:07:00,134.895,134.89999,134.81,134.8199,262613,48.42154,134.88829,134.87503,0.035609501,0.060807586,-0.025198085,18.13705,27.71272,17.85349,-98.091082,0.10456530,135.043706,134.91741,134.79111,2025-05-14,14:07
2025-05-14 14:08:00,134.815,134.87,134.815,134.83459,173780,49.59185,134.87047,134.86695,0.029439163,0.054533902,-0.025094739,24.81620,27.65145,17.084666,-101.29791,0.10102439,135.044454,134.91689,134.78932,2025-05-14,14:08
2025-05-14 14:09:00,134.83501,134.84,134.78,134.8053,221952,47.28806,134.85737,134.85462,0.021932290,0.048013579,-0.026081289,11.49951,18.15092,16.78447,-128.28970,0.098093906,135.048202,134.91166,134.77511,2025-05-14,14:09
2025-05-14 14:10:00,134.81,134.825,134.62,134.6501,448300,37.38125,134.82630,134.81371,0.0034204979,0.039094963,-0.035674465,7.92242,14.74605,17.96690,-224.58758,0.10573019,135.060242,134.89266,134.72508,2025-05-14,14:10
2025-05-14 14:11:00,134.64999,134.67999,134.59,134.66991,409863,39.13373,134.80573,134.78495,-0.0095420646,0.029367558,-0.038909622,19.49014,12.97069,19.28040,-246.46808,0.10460634,135.058315,134.87516,134.69201,2025-05-14,14:11
2025-05-14 14:12:00,134.66,134.745,134.64011,134.73759,208996,44.81770,134.79102,134.77548,-0.014189565,0.020656133,-0.034845698,35.99926,21.13727,19.56959,-159.64583,0.10462652,135.034767,134.85979,134.68482,2025-05-14,14:12
2025-05-14 14:13:00,134.73489,134.77,134.7,134.715,213371,43.36181,134.77582,134.76338,-0.019471776,0.012630551,-0.032102327,30.48753,28.65898,19.50269,-118.79385,0.10215372,135.026971,134.84754,134.66811,2025-05-14,14:13
2025-05-14 14:14:00,134.7146,134.75999,134.675,134.67751,247922,40.98320,134.75554,134.74621,-0.026379082,0.0048286245,-0.031207707,24.30806,30.26495,19.66937,-121.49368,0.10092785,135.027998,134.83616,134.64433,2025-05-14,14:14
2025-05-14 14:15:00,134.675,134.82001,134.66,134.75999,341612,47.77173,134.74110,134.74897,-0.024909853,-0.0011190710,-0.023790782,50,34.93186,19.020105,-72.36863,0.10514755,135.024599,134.83066,134.63673,2025-05-14,14:15
2025-05-14 14:16:00,134.75999,134.77,134.55,134.595,397549,38.28558,134.71611,134.71817,-0.036636732,-0.0082226031,-0.028414129,12.49947,28.93584,19.40240,-138.18532,0.11335138,135.030463,134.81491,134.59936,2025-05-14,14:16
2025-05-14 14:17:00,134.589,134.66991,134.56,134.66499,252588,43.41846,134.69727,134.70754,-0.039823532,-0.014542789,-0.025280743,31.94168,31.48038,19.75740,-123.58049,0.11310550,135.021695,134.80223,134.58276,2025-05-14,14:17
2025-05-14 14:18:00,134.66,134.81,134.66,134.81,250357,52.27453,134.69779,134.72803,-0.030299191,-0.017694069,-0.012605122,72.22057,38.88724,18.43865,-26.39815,0.11574039,135.0059952,134.79573,134.58546,2025-05-14,14:18
2025-05-14 14:19:00,134.8147,134.89999,134.8,134.88499,273971,56.10157,134.72389,134.75942,-0.016509148,-0.017457085,0.00094793675,93.053024,65.73843,17.85224,56.21202,0.11461542,134.98450,134.79023,134.59595,2025-05-14,14:19
2025-05-14 14:20:00,134.88499,134.8889,134.7299,134.77499,284397,49.79447,134.73556,134.76254,-0.014291823,-0.016824033,0.0025322099,64.28478,76.51946,16.62181,12.92204,0.11778550,134.96730,134.78282,134.59834,2025-05-14,14:20
2025-05-14 14:21:00,134.77499,134.81,134.735,134.77499,193872,49.79447,134.73972,134.76503,-0.012391732,-0.015937573,0.0035458405,64.28478,73.87419,15.47926,-2.091712,0.11472918,134.94681,134.77508,134.60335,2025-05-14,14:21
2025-05-14 14:22:00,134.77,134.77,134.67,134.6754,248058,44.53692,134.73532,134.74710,-0.018706671,-0.016491392,-0.0022152783,35.82857,54.79938,14.94458,-58.72225,0.11403393,134.93896,134.76610,134.59325,2025-05-14,14:22
2025-05-14 14:23:00,134.675,134.705,134.63,134.63,200517,42.34242,134.73004,134.72368,-0.027062336,-0.018605581,-0.0084567549,22.85826,40.99054,14.80107,-95.89913,0.11124558,134.92974,134.75410,134.57847,2025-05-14,14:23
2025-05-14 14:24:00,134.63499,134.64,134.56,134.5963,298422,40.73732,134.71185,134.69821,-0.035989245,-0.022082314,-0.013906931,13.22754,23.97146,15.23958,-133.63042,0.10901388,134.92372,134.74133,134.55893,2025-05-14,14:24
2025-05-14 14:25:00,134.6151,134.71651,134.59,134.6866,298166,46.57978,134.72203,134.69588,-0.035369589,-0.024739769,-0.010629820,39.028644,25.038148,14.80328,-66.64929,0.11026365,134.90801,134.73266,134.55730,2025-05-14,14:25
2025-05-14 14:26:00,134.6817,134.685,134.56,134.61501,926562,42.96335,134.71648,134.67971,-0.040192253,-0.027830266,-0.012361987,18.57261,23.60960,14.65516,-101.53766,0.11143068,134.88567,134.71891,134.55214,2025-05-14,14:26
2025-05-14 14:27:00,134.62,134.63,134.47,134.50011,301040,37.88037,134.68204,134.64379,-0.052678368,-0.032799886,-0.019878482,7.0014194,21.53423,15.22465,-171.75222,0.11490018,134.88818,134.70292,134.51766,2025-05-14,14:27
2025-05-14 14:28:00,134.505,134.55991,134.425,134.5101,371437,38.56128,134.64039,134.61705,-0.061063332,-0.038452575,-0.022610756,17.91577,14.49660,16.071555,-178.013884,0.11632895,134.87966,134.68669,134.49372,2025-05-14,14:28
2025-05-14 14:29:00,134.50999,134.5751,134.48109,134.56,223257,41.98052,134.61650,134.60564,-0.062956542,-0.043353369,-0.019603173,28.42044,17.77921,16.67183,-124.99916,0.11473470,134.86687,134.67443,134.48199,2025-05-14,14:29
2025-05-14 14:30:00,134.55499,134.72,134.5515,134.7,313478,50.33272,134.60817,134.62451,-0.052554331,-0.045193561,-0.0073607696,57.89457,34.74359,15.68285,-14.89717,0.11857528,134.86933,134.67692,134.48452,2025-05-14,14:30
2025-05-14 14:31:00,134.7,134.75999,134.66,134.685,284548,49.51037,134.60923,134.63661,-0.045002073,-0.045155263,0.00015319076,54.73674,47.017251,14.72183,23.48826,0.11724782,134.87009,134.67768,134.48527,2025-05-14,14:31
2025-05-14 14:32:00,134.685,134.735,134.66,134.715,214776,51.22671,134.61868,134.65229,-0.036179152,-0.043360041,0.0071808889,61.052395,57.89457,13.82945,25.28977,0.11422990,134.86780,134.67655,134.48530,2025-05-14,14:32
2025-05-14 14:33:00,134.71989,134.72,134.62,134.645,177102,47.19554,134.62409,134.65083,-0.034437722,-0.041575577,0.0071378551,47.42451,54.40455,13.076428,-10.36573,0.11321391,134.86392,134.67305,134.48218,2025-05-14,14:33
2025-05-14 14:34:00,134.63,135.070007,134.63,134.94,1040636,61.092565,134.65225,134.70866,-0.0091482840,-0.035090119,0.025941835,79.84434,62.77375,14.39395,166.053099,0.13655595,134.90976,134.68617,134.46259,2025-05-14,14:34
2025-05-14 14:35:00,134.94,134.96001,134.77,134.7746,424715,52.71530,134.66998,134.72185,-0.0024250903,-0.028557113,0.026132023,54.20028,60.48971,15.61736,117.49099,0.14037356,134.91154,134.68690,134.46227,2025-05-14,14:35
2025-05-14 14:36:00,134.77499,134.91,134.77499,134.8812,284591,56.82431,134.71232,134.75372,0.011373542,-0.020570982,0.031944524,70.72698,68.25720,16.75338,116.68760,0.14001877,134.93681,134.70121,134.46562,2025-05-14,14:36
2025-05-14 14:37:00,134.89,134.92509,134.845,134.85001,315032,55.30985,134.75009,134.77298,0.019566814,-0.012543423,0.032110237,65.89151,63.60625,17.89545,113.52984,0.13573838,134.95404,134.71046,134.46689,2025-05-14,14:37
2025-05-14 14:38:00,134.85001,134.88,134.78,134.78999,223626,52.41513,134.77564,134.77638,0.020975714,-0.0058395954,0.026815309,56.58726,64.40191,18.23183,70.020032,0.13318608,134.95155,134.70946,134.46738,2025-05-14,14:38
2025-05-14 14:39:00,134.78999,134.965,134.78349,134.9577,308128,58.89024,134.80428,134.81264,0.035219037,0.0023721310,0.032846906,82.58854,68.35577,19.080942,122.58561,0.13663731,134.96749,134.71310,134.45871,2025-05-14,14:39
2025-05-14 14:40:00,134.96001,135.039993,134.9201,135.029999,326557,61.33290,134.84261,134.85612,0.051744193,0.012246543,0.039497649,93.79717,77.65765,20.29105,159.14986,0.13544095,135.014614,134.72585,134.43709,2025-05-14,14:40
2025-05-14 14:41:00,135.024994,135.048996,134.95,135.0099945,291328,60.26585,134.87539,134.88689,0.062505792,0.022298393,0.040207399,90.69575,89.027150,21.46409,139.34958,0.13283796,135.051442,134.73760,134.42376,2025-05-14,14:41
2025-05-14 14:42:00,135.0099945,135.014999,134.97,134.995,174506,59.43095,134.91428,134.90851,0.069028396,0.031644394,0.037384002,87.26260,90.58517,22.55334,115.26662,0.12656368,135.085170,134.75358,134.42199,2025-05-14,14:42
2025-05-14 14:43:00,134.99001,135.080002,134.99001,135.059998,336815,61.89467,134.92761,134.93881,0.078537429,0.041023001,0.037514428,96.21492,91.39109,23.93977,121.15130,0.12395173,135.12697,134.77508,134.42319,2025-05-14,14:43
2025-05-14 14:44:00,135.059998,135.10001,135.039993,135.070007,239010,62.27460,134.96043,134.96505,0.085891013,0.049996603,0.035894410,93.75040,92.40931,25.33809,119.20634,0.11938467,135.16289,134.79876,134.43464,2025-05-14,14:44
2025-05-14 14:45:00,135.070007,135.080002,134.97,135.0054016,242804,58.23848,134.97423,134.97312,0.085519820,0.057101247,0.028418574,80.29118,90.085500,25.69768,88.69832,0.11871438,135.18564,134.81470,134.44377,2025-05-14,14:45
2025-05-14 14:46:00,135.0050049,135.12,134.99001,135.085007,359802,61.54563,135.00034417,134.99550,0.090604680,0.063801933,0.026802747,93.0023193,89.014633,26.29691,100.22863,0.11951975,135.21506,134.83820,134.46135,2025-05-14,14:46
2025-05-14 14:47:00,135.085007,135.1651,135.070007,135.123,383547,63.049670,135.037345,135.020998,0.096586904,0.070358927,0.026227976,92.13243,88.47531,27.13985,115.57227,0.11777497,135.23198,134.86935,134.50672,2025-05-14,14:47
2025-05-14 14:48:00,135.12,135.1299,135.039993,135.1114,283075,62.24938,135.054423,135.039079,0.099248034,0.076136749,0.023111285,86.40945,90.51473,27.51038,96.98450,0.11578424,135.23675,134.89941,134.56208,2025-05-14,14:48
2025-05-14 14:49:00,135.11,135.17,135.095001,135.1214,255502,62.68894,135.064579,135.055543,0.10099922,0.081109242,0.019889974,87.69653,88.74614,28.12859,104.77948,0.11287086,135.23966,134.92748,134.61531,2025-05-14,14:49
2025-05-14 14:50:00,135.1382,135.16991,135.080002,135.095001,271066,60.67928,135.074024,135.063435,0.099114437,0.084710281,0.014404156,80.76998,84.95865,28.48541,90.20956,0.11123043,135.24916,134.94724,134.64531,2025-05-14,14:50
2025-05-14 14:51:00,135.10001,135.22,135.0802,135.2151,398142,66.017048,135.098480,135.093768,0.10608903,0.088986031,0.017102999,98.88681,89.11777,29.17194,112.56678,0.11327118,135.27198,134.97374,134.67550,2025-05-14,14:51
2025-05-14 14:52:00,135.2,135.28,135.19749,135.25,557784,67.40174,135.11959,135.12501,0.11312826,0.093814476,0.019313780,93.95802,91.20494,30.19641,145.60100,0.11107355,135.29706,135.00049057,134.70392,2025-05-14,14:52
2025-05-14 14:53:00,135.2551,135.28999,135.2386,135.27499,333413,68.39504,135.14237,135.15501,0.11934792,0.098921166,0.020426759,95.94489,96.26324,31.21006,151.34134,0.10681055,135.30362,135.031990,134.76036,2025-05-14,14:53
2025-05-14 14:54:00,135.2737,135.32001,135.17999,135.215,529300,63.40085,135.16566,135.16701,0.11807466,0.10275187,0.015322798,71.61945,87.17412,31.23409,119.95950,0.10918227,135.32508,135.045740,134.76640,2025-05-14,14:54
2025-05-14 14:55:00,135.2186,135.2186,135.014999,135.039993,521339,51.57182,135.16065,135.14160,0.10177116,0.10255572,-0.00078456692,19.99738,62.52057,29.26097,24.047152,0.11592626,135.30927,135.059010,134.80875,2025-05-14,14:55
2025-05-14 14:56:00,135.049896,135.13,135.039993,135.080002,317906,53.69868,135.15588,135.12928,0.091029533,0.10025049,-0.0092209521,31.42820,41.015010,27.42879,12.48988,0.11407521,135.30560,135.068950,134.83230,2025-05-14,14:56
2025-05-14 14:57:00,135.070007,135.12,135.054993,135.070007,196927,53.071636,135.15128,135.11743,0.080779075,0.096356203,-0.015577128,28.57267,26.66609,25.72748,3.86968,0.11057001,135.29426,135.079950,134.86564,2025-05-14,14:57
2025-05-14 14:58:00,135.079895,135.17,135.0099945,135.1649,271467,58.077145,135.15611,135.12692,0.079397455,0.092964454,-0.013566999,55.68489,38.56192,24.65995,23.030935,0.11410099,135.26944,135.098695,134.92795,2025-05-14,14:58
2025-05-14 14:59:00,135.16499,135.1703,135.070007,135.091599,238560,53.34384,135.15573,135.11986,0.071562624,0.088684088,-0.017121464,30.78559,38.34772,23.67179,9.29525,0.11311492,135.26353,135.10539,134.94725,2025-05-14,14:59
2025-05-14 15:00:00,135.1042,135.11,135.0099945,135.020996,272941,49.18588,135.13417,135.10009,0.058976594,0.082742589,-0.023765995,3.54875,30.0064114,22.011659,-68.45670,0.11217857,135.26398,135.10494,134.94590,2025-05-14,15:00
2025-05-14 15:01:00,135.014999,135.088394,134.97,134.9882,459123,47.34023,135.10508,135.077710,0.045827828,0.075359637,-0.029531808,5.20098,13.17844,20.86116,-107.42754,0.11262246,135.26575,135.10385,134.94195,2025-05-14,15:01
2025-05-14 15:02:00,134.9899,135.039993,134.92,134.94501,358064,44.94746,135.068412,135.051169,0.031557870,0.066599283,-0.035041414,6.25215,5.00062485,20.31895,-159.039260,0.11314908,135.27125,135.10135,134.93146,2025-05-14,15:02
2025-05-14 15:03:00,134.94009,134.97,134.92,134.94341,161332,44.85690,135.038235,135.029616,0.019890260,0.057257479,-0.037367218,5.85161,5.76824,19.81548,-168.050745,0.10863864,135.27821,135.095522,134.91283,2025-05-14,15:03
2025-05-14 15:04:00,134.94501,135.0,134.89999,134.935,251128,44.35191,135.026569,135.010693,0.0098516102,0.047776305,-0.037924695,8.33394,6.81257,18.93006,-147.087615,0.10802203,135.28426,135.088771,134.89328,2025-05-14,15:04
2025-05-14 15:05:00,134.94,134.99001,134.91,134.98,293898,47.74279,135.015457,135.0045533,0.0054638993,0.039313824,-0.033849925,19.047446,11.077666,18.10789,-123.72307,0.10602059,135.28546,135.087501,134.88955,2025-05-14,15:05
2025-05-14 15:06:00,134.9718,135.070007,134.95,135.064896,315266,53.50001,135.014889,135.016622,0.0087366092,0.033198381,-0.024461772,39.26106,22.21415,17.34142,-55.49383,0.10701986,135.28470,135.086495,134.88829,2025-05-14,15:06
2025-05-14 15:07:00,135.065002,135.3,135.060104,135.26311,655578,63.58642,135.025801,135.065919,0.027012893,0.031961283,-0.0049483906,86.45281,48.25377,18.60766,100.38606,0.11651121,135.30577,135.093501,134.88123,2025-05-14,15:07
2025-05-14 15:08:00,135.265,135.28,135.070007,135.080093,559093,52.30494,135.024523,135.068754,0.026424678,0.030853962,-0.0044292840,45.023841,56.91257,19.78345,40.67261,0.12318837,135.30412,135.091935,134.87975,2025-05-14,15:08
2025-05-14 15:09:00,135.088898,135.23,135.080002,135.2001,398027,57.61537,135.044423,135.095024,0.035236168,0.031730404,0.0035057646,75.025749,68.83413,20.87526,59.92039,0.12510305,135.31295,135.095870,134.87879,2025-05-14,15:09
2025-05-14 15:10:00,135.21001,135.22501,135.1501,135.16,297082,55.39592,135.063512,135.10802,0.038539337,0.033092190,0.0054471467,65.00095365,61.68351,21.88909,61.75858,0.12151750,135.31799,135.099120,134.88025,2025-05-14,15:10
2025-05-14 15:11:00,135.1651,135.23,135.14999,135.2299,209808,58.40393,135.095167,135.13240,0.046264204,0.035726593,0.010537611,82.47568,74.16746,22.87061,78.80480,0.11855210,135.32039,135.099860,134.87933,2025-05-14,15:11
2025-05-14 15:12:00,135.22501,135.2299,135.13,135.16499,391508,54.71394,135.11979,135.13892,0.046611147,0.037903504,0.0087076430,66.24833,71.24166,23.43354,61.81113,0.11721975,135.30751,135.095610,134.88371,2025-05-14,15:12
2025-05-14 15:13:00,135.16,135.27,135.16,135.2211,496231,57.22935,135.15158,135.15535,0.050827524,0.040488308,0.010339216,80.27465,76.33289,24.31293,101.098889,0.11670410,135.29684,135.092915,134.88899,2025-05-14,15:13
2025-05-14 15:14:00,135.22501,135.245,135.19,135.205,272664,56.26371,135.17658,135.16528,0.052267550,0.042844156,0.0094233937,76.25024,74.25774,25.12951,100.62525,0.11229614,135.29519,135.092416,134.88964,2025-05-14,15:14
2025-05-14 15:15:00,135.205,135.245,135.185,135.20509,231160,56.26823,135.19216,135.17324,0.052807437,0.044836812,0.0079706247,76.27313,77.59934,25.78760,88.42179,0.10856053,135.30764,135.10067,134.89371,2025-05-14,15:15
2025-05-14 15:16:00,135.205,135.25,135.19501,135.215,282843,56.78836,135.18681,135.18160,0.053418611,0.046553172,0.0068654386,78.74881,77.090724,26.45028,85.79092,0.10473425,135.31998,135.10742,134.89486,2025-05-14,15:16
2025-05-14 15:17:00,135.21001,135.21899,135.10001,135.11,354083,49.99843,135.19013,135.16728,0.044912964,0.046225130,-0.0013121667,52.50048,69.17414,25.29429,24.70272,0.10575238,135.32128,135.10942,134.89756,2025-05-14,15:17
2025-05-14 15:18:00,135.11501,135.11501,135.011795,135.065002,316353,47.38361,135.17512,135.14682,0.034147569,0.043809618,-0.0096620490,39.74334,56.99754,23.97598,-33.091041,0.10557081,135.31553,135.10443,134.89332,2025-05-14,15:18
2025-05-14 15:19:00,135.065094,135.080002,135.0099945,135.061905,325480,47.20061,135.16422,135.12984,0.025076900,0.040063075,-0.014986174,31.97314,41.40565,22.77444,-39.42099,0.10303056,135.31480,135.10294,134.89108,2025-05-14,15:19
2025-05-14 15:20:00,135.065002,135.17999,135.059998,135.1019,401357,49.89140,135.15000,135.12425,0.020874822,0.036225424,-0.015350602,31.68999,34.46883,21.92944,3.96611,0.10424232,135.31550,135.10699,134.89847,2025-05-14,15:20
2025-05-14 15:21:00,135.10001,135.105,134.91,134.9201,541970,39.92992,135.12279,135.083421,0.0028426830,0.029548876,-0.026706193,2.73012,22.13109,21.28008,-93.53865,0.11072444,135.32174,135.10358,134.88542,2025-05-14,15:21
2025-05-14 15:22:00,134.91499,134.99001,134.88,134.985,423663,44.21206,135.096556,135.063737,-0.0061405971,0.022410981,-0.028551578,26.92202,20.44738,20.95188,-111.16321,0.11067274,135.31856,135.10558,134.89260,2025-05-14,15:22
2025-05-14 15:23:00,134.985,135.020004,134.78,134.795,462551,36.098362,135.051000,135.0099892,-0.028265691,0.012275647,-0.040541338,3.061066,10.90440,21.46106,-162.37783,0.11991079,135.34141,135.098160,134.85491,2025-05-14,15:23
2025-05-14 15:24:00,134.7951,134.825,134.71001,134.7915,516738,35.96763,135.0050456,134.96629,-0.045556795,0.00070915844,-0.046265953,14.55313,14.84541,22.41397,-197.27410,0.11955933,135.36015,135.090985,134.82182,2025-05-14,15:24
2025-05-14 15:25:00,134.795,134.80499,134.6413,134.78999,507375,35.90709,134.95782,134.93103,-0.058705296,-0.011173732,-0.047531563,23.65119,13.75513,23.71754,-186.88672,0.12271197,135.37770,135.081485,134.78527,2025-05-14,15:25
2025-05-14 15:26:00,134.795,134.855,134.64999,134.72,778696,33.12501,134.91449,134.88883,-0.073921234,-0.023723233,-0.050198001,12.51851,16.90761,24.26659,-158.39579,0.12858981,135.39985,135.064240,134.72863,2025-05-14,15:26
2025-05-14 15:27:00,134.72,134.7899,134.6519,134.785,310018,37.93457,134.88338,134.86806,-0.079814766,-0.034941539,-0.044873227,23.60874,19.92615,24.77641,-133.17537,0.12926200,135.38389,135.040335,134.69678,2025-05-14,15:27
2025-05-14 15:28:00,134.78979,134.875,134.75,134.8499,399094,42.38924,134.85982,134.86443,-0.078345776,-0.043622387,-0.034723390,34.27003,23.46576,24.17052,-84.63504,0.12895758,135.38159,135.028825,134.67606,2025-05-14,15:28
2025-05-14 15:29:00,134.845,134.94,134.845,134.89,326889,45.015406,134.83628,134.86954,-0.073103161,-0.049518542,-0.023584619,40.85782,32.91220,22.89004,-50.84590,0.12653212,135.36184,135.013320,134.66480,2025-05-14,15:29
2025-05-14 15:30:00,134.89,134.8999,134.78999,134.86,311901,43.42078,134.82960,134.86763,-0.070555679,-0.053725969,-0.016829710,37.85790,37.66191,22.18995,-61.19616,0.12534476,135.34612,134.99832,134.65052,2025-05-14,15:30
2025-05-14 15:31:00,134.86501,134.96001,134.845,134.923,240113,47.61768,134.82271,134.87871,-0.062729812,-0.055526738,-0.0072030745,52.29436,43.67002,20.90083,-32.19553,0.12460624,135.31529,134.98298,134.65066,2025-05-14,15:31
2025-05-14 15:32:00,134.92,134.95,134.8801,134.91,278019,46.84550,134.83549,134.88497,-0.056920641,-0.055805518,-0.0011151229,49.88103,46.67776,19.70378,-26.17117,0.12069869,135.29306,134.97023,134.64740,2025-05-14,15:32
2025-05-14 15:33:00,134.9146,134.97,134.86011,134.95869,303370,50.10872,134.85407,134.89971,-0.047836462,-0.054211707,0.0063752449,58.91967,53.69835,18.37182,-13.50816,0.11992691,135.25872,134.95711,134.65549,2025-05-14,15:33
2025-05-14 15:34:00,134.955,134.97,134.75,134.82001,462500,42.16794,134.85740,134.88377,-0.051237444,-0.053616855,0.0023794104,38.54026,49.11365,18.19089,-49.90846,0.12707508,135.22238,134.93786,134.65333,2025-05-14,15:34
2025-05-14 15:35:00,134.815,134.8499,134.7,134.7,376167,36.74195,134.85518,134.84702,-0.062891606,-0.055471805,-0.0074198011,15.50022,37.65338,18.43222,-97.71157,0.12870560,135.18726,134.91260,134.63794,2025-05-14,15:35
2025-05-14 15:36:00,134.71001,134.73,134.60001,134.645,383699,34.54817,134.83962,134.80661,-0.075692526,-0.059515949,-0.016176577,10.71390,21.58479,19.37275,-142.25141,0.12879731,135.14529,134.88410,134.62291,2025-05-14,15:36
2025-05-14 15:37:00,134.645,134.71989,134.53999,134.57001,518654,31.76286,134.80852,134.75929,-0.090841807,-0.065781121,-0.025060686,6.97988,11.064666,20.61911,-157.43168,0.13244758,135.13065,134.85710,134.58355,2025-05-14,15:37
2025-05-14 15:38:00,134.5766,134.59,134.48,134.505,648790,29.53991,134.76575,134.70844,-0.10686105,-0.073997106,-0.032863941,5.10385,7.59921,22.11922,-182.11970,0.13084423,135.12549,134.82910,134.53272,2025-05-14,15:38
2025-05-14 15:39:00,134.5,134.61929,134.44,134.60989,476765,37.17989,134.73796,134.68873,-0.10982674,-0.081163032,-0.028663705,32.055047,14.71293,23.72779,-143.16503,0.13430470,135.097313,134.80650,134.51569,2025-05-14,15:39
2025-05-14 15:40:00,134.60001,134.605,134.52119,134.58501,427692,36.17755,134.70040,134.66798,-0.11288399,-0.087507224,-0.025376767,27.35936,21.50609,25.22146,-123.30496,0.13104717,135.053163,134.78066,134.50815,2025-05-14,15:40
2025-05-14 15:41:00,134.58501,134.7187,134.57001,134.625,621728,39.022511,134.66874,134.65939,-0.11080250,-0.092166279,-0.018636222,34.90528,31.43990,25.10355,-76.17143,0.13230787,135.038565,134.76590,134.49324,2025-05-14,15:41
2025-05-14 15:42:00,134.62,134.655,134.575,134.58,316858,37.022811,134.62666,134.64351,-0.11149859,-0.096032742,-0.015465852,26.41504,29.55989,24.99405,-88.67180,0.12857172,135.010257,134.74565,134.48105,2025-05-14,15:42
2025-05-14 15:43:00,134.58,134.59,134.41,134.47501,577388,32.79928,134.58832,134.60981,-0.11914906,-0.10065600,-0.018493050,11.60763,24.30932,25.96714,-134.31335,0.13224465,135.018018,134.72965,134.44129,2025-05-14,15:43
2025-05-14 15:44:00,134.4749,134.547,134.44099,134.5215,341901,36.26649,134.56849,134.59215,-0.12007630,-0.10454006,-0.015536233,19.91008,19.31092,26.87072,-110.41824,0.13037023,135.016695,134.71615,134.41561,2025-05-14,15:44
2025-05-14 15:45:00,134.52,134.53999,134.31,134.47501,660369,34.35746,134.54960,134.56872,-0.12314326,-0.10826070,-0.014882559,25.0011560,18.83962,28.38259,-122.88004,0.13748634,135.016430,134.70040,134.38437,2025-05-14,15:45
2025-05-14 15:46:00,134.47501,134.476,134.31,134.44,513172,32.95115,134.53516,134.54298,-0.12693513,-0.11199559,-0.014939541,19.69760,21.53628,29.78647,-121.30445,0.13952305,135.021923,134.68640,134.35088,2025-05-14,15:46
2025-05-14 15:47:00,134.45,134.45,134.25999,134.31,495279,28.31545,134.51349,134.49638,-0.13883017,-0.11736250,-0.021467665,7.042617,17.24712,31.32618,-133.73064,0.14312872,135.032395,134.66265,134.29291,2025-05-14,15:47
2025-05-14 15:48:00,134.3,134.56,134.295,134.52499,603035,42.67775,134.50406,134.50210,-0.12941683,-0.11977337,-0.0096434615,44.92240,23.88754,31.34012,-77.50389,0.15183377,135.010318,134.64641,134.28249,2025-05-14,15:48
2025-05-14 15:49:00,134.52499,134.64999,134.49001,134.6001,499945,46.69546,134.50573,134.52170,-0.11457569,-0.11873383,0.0041581441,72.36218,41.44240,30.38116,-22.46851,0.15241624,134.97854,134.63191,134.28528,2025-05-14,15:49
2025-05-14 15:50:00,134.61,135.17999,134.61,134.97009,1819422,61.14419,134.54408,134.61138,-0.072127029,-0.10941247,0.037285444,77.18475,64.82311,30.26829,127.41283,0.18295044,135.0014216,134.63742,134.27341,2025-05-14,15:50
2025-05-14 15:51:00,134.98,135.029999,134.88,134.955,748689,60.42476,134.58574,134.68010,-0.039251407,-0.095380260,0.056128853,75.54442,75.030452,30.16349,139.37194,0.18059640,135.0082717,134.63902,134.26976,2025-05-14,15:51
2025-05-14 15:52:00,134.955,135.10001,134.91499,135.0,1068632,61.86559,134.64408,134.74408,-0.0094572455,-0.078195657,0.068738411,80.43554,77.72157,30.35718,153.46843,0.18091186,135.027760,134.64352,134.25927,2025-05-14,15:52
2025-05-14 15:53:00,135.0,135.024994,134.9101,134.98,549421,60.80574,134.69502,134.79127,0.012397751,-0.060076975,0.072474726,78.26116,78.080374,30.49628,136.24597,0.17619663,135.032415,134.64458,134.25675,2025-05-14,15:53
2025-05-14 15:54:00,134.98,135.059998,134.89999,134.97,786154,60.25037,134.75002,134.82701,0.028582043,-0.042345172,0.070927215,77.17480,78.62383,30.78009,128.86943,0.17503999,135.058547,134.65208,134.24561,2025-05-14,15:54
2025-05-14 15:55:00,134.96001,135.10001,134.82001,135.039993,1185417,62.81196,134.81669,134.86961,0.046519736,-0.024572190,0.071091926,84.78264,80.072866,30.34285,117.39913,0.18253705,135.10919,134.66908,134.22897,2025-05-14,15:55
2025-05-14 15:56:00,135.029999,135.25999,134.99001,135.24181,1383608,69.012706,134.92022,134.94405,0.076142367,-0.0044292787,0.080571646,98.18115,86.71286,30.66774,146.25427,0.18878362,135.20451,134.69892,134.19333,2025-05-14,15:56
2025-05-14 15:57:00,135.245,135.33031,135.23,135.31149,1525514,70.82190,135.0076090,135.017537,0.10404233,0.017265043,0.086777287,98.24219,93.73533,31.25030,151.44571,0.18246417,135.30331,134.73599,134.16868,2025-05-14,15:57
2025-05-14 15:58:00,135.31,135.375,135.25999,135.295,1727857,69.78334,135.084820,135.073029,0.12339979,0.038491992,0.084907795,92.82498,96.41611,31.96474,133.57366,0.17764569,135.38166,134.77549,134.16933,2025-05-14,15:58
2025-05-14 15:59:00,135.28999,135.395,135.2,135.34711,3587980,71.21921,135.12671,135.12784,0.14131644,0.059056882,0.082259562,95.78001,95.61573,32.080474,117.81483,0.17888581,135.46186,134.81236,134.16285,2025-05-14,15:59
2025-05-15 09:30:00,133.85249,133.85249,133.85001,133.85001,17154348,28.83060,135.0039334,134.87228,0.034316421,0.054108790,-0.019792369,0,62.86833,32.81077,-184.44012,0.27304402,135.54459,134.77561,134.0066155,2025-05-15,09:30
2025-05-15 09:31:00,133.87,134.27,133.61,134.19009,1419287,37.87615,134.91394,134.73584,-0.022777058,0.038731621,-0.061508678,32.49816,42.75939,31.87164,-130.98980,0.30068400,135.56224,134.75386,133.94548,2025-05-15,09:31
2025-05-15 09:32:00,134.19,134.72,134.145,134.395,1428295,42.60921,134.84894,134.66767,-0.050902729,0.020804751,-0.071707480,43.97771,25.49196,29.66716,-54.36005,0.32027778,135.56488,134.74461,133.92434,2025-05-15,09:32
2025-05-15 09:33:00,134.39,134.67999,134.33,134.50999,1021530,45.13535,134.79783,134.63614,-0.063185413,0.0040067179,-0.067192131,50.41972,42.29853,27.62015,-38.90579,0.32240014,135.56447,134.74636,133.92825,2025-05-15,09:33
2025-05-15 09:34:00,134.47951,134.67,134.44,134.48,628871,44.58400,134.73561,134.60491,-0.074481602,-0.011690946,-0.062790656,48.73912,47.71218,25.71935,-35.048755,0.31579983,135.56487,134.74428,133.92369,2025-05-15,09:34
2025-05-15 09:35:00,134.49001,134.545,133.799,133.89999,1491501,35.54378,134.58652,134.46393,-0.12875105,-0.035102967,-0.093648085,16.24609,38.46831,25.48958,-108.049303,0.34652857,135.60891,134.71553,133.82215,2025-05-15,09:35
2025-05-15 09:36:00,133.8949,133.96001,133.62,133.82249,1073626,34.53609,134.42108,134.33564,-0.17598489,-0.063279352,-0.11270554,11.90440,25.62987,25.61551,-140.31190,0.34606307,135.65349,134.68466,133.71583,2025-05-15,09:36
2025-05-15 09:37:00,133.8101,133.955,133.465,133.895,1239023,36.35418,134.26552,134.24751,-0.20520168,-0.091663817,-0.11353786,22.28011,16.81020,26.013396,-131.43304,0.35634467,135.68054,134.66391,133.64727,2025-05-15,09:37
2025-05-15 09:38:00,133.89011,134.0,133.6835,133.78,972789,34.70774,134.091398,134.15401,-0.23492807,-0.12031667,-0.11461140,16.32130,16.83527,26.22710,-111.18097,0.35349847,135.71312,134.62666,133.54020,2025-05-15,09:38
2025-05-15 09:39:00,133.77499,134.020004,133.69,133.72,712132,33.84654,134.076953,134.067208,-0.26032687,-0.14831871,-0.11200816,13.21263,17.27135,26.35278,-99.30463,0.35182013,135.73890,134.58265,133.42640,2025-05-15,09:39
2025-05-15 09:40:00,133.73,133.8,133.49001,133.6993,1167001,33.53725,134.022420,133.99363,-0.27891130,-0.17443723,-0.10447407,12.13978,13.89124,26.87250,-105.32234,0.34883281,135.72195,134.51911,133.31628,2025-05-15,09:40
2025-05-15 09:41:00,133.6967,133.83,133.4895,133.69991,880195,33.55652,133.94519,133.93488,-0.29024458,-0.19759870,-0.092645883,12.17140,12.50794,27.23580,-92.80805,0.34823760,135.69219,134.45636,133.22053,2025-05-15,09:41
2025-05-15 09:42:00,133.69,133.75,133.3911,133.42,988440,29.35265,133.82408,133.83190,-0.31814508,-0.22170797,-0.096437111,1.44219,8.58446,27.77865,-99.40093,0.34899934,135.66500,134.37736,133.089720,2025-05-15,09:42
2025-05-15 09:43:00,133.42,133.67999,133.33189,133.625,893277,35.70558,133.72908,133.79052,-0.32002545,-0.24137147,-0.078653978,21.11552,11.57637,28.40684,-87.48301,0.34893501,135.60585,134.30961,133.013373,2025-05-15,09:43
2025-05-15 09:44:00,133.63499,133.7999,133.60001,133.715,750013,38.32751,133.70852,133.77542,-0.31067246,-0.25523167,-0.055440790,27.59891,16.71887,28.45400,-63.55016,0.33828895,135.53059,134.24686,132.96313,2025-05-15,09:44
2025-05-15 09:45:00,133.715,133.75999,133.3701,133.3799,762720,32.94090,133.65934,133.69631,-0.32653567,-0.26949247,-0.057043206,3.45824,17.39089,29.014193,-82.044823,0.34197492,135.44640,134.16385,132.88131,2025-05-15,09:45
2025-05-15 09:46:00,133.37,133.37579,132.86,132.87,1943265,26.77456,133.54545,133.53105,-0.37591894,-0.29077776,-0.085141174,0.54915112,10.53543,30.42551,-135.36555,0.35468368,135.34568,134.045264,132.74485,2025-05-15,09:46
2025-05-15 09:47:00,132.86501,133.10001,132.78999,133.026993,1103961,31.054044,133.46179,133.43024,-0.39780152,-0.31218251,-0.085619005,12.60632,5.53791,31.83896,-141.11989,0.35149290,135.16619,133.93104,132.69589,2025-05-15,09:47
2025-05-15 09:48:00,133.029999,133.054993,132.66,132.82001,1152155,28.67469,133.36179,133.30819,-0.42692430,-0.33513087,-0.091793431,8.48828,7.21459,33.34084,-162.84110,0.35459977,134.96450,133.80729,132.65007,2025-05-15,09:48
2025-05-15 09:49:00,132.82001,133.12,132.67,133.085007,959494,35.48960,133.29353,133.26356,-0.42373651,-0.35285200,-0.070884512,31.25021,17.44827,34.43101,-137.67965,0.36141385,134.65236,133.69418,132.73601,2025-05-15,09:49
2025-05-15 09:50:00,133.080399,133.13,132.91499,133.098206,685552,35.81853,133.22668,133.23049,-0.41535715,-0.36535303,-0.050004119,32.22071,23.98640,35.39447,-105.88449,0.35095655,134.64585,133.65659,132.66733,2025-05-15,09:50
2025-05-15 09:51:00,133.089996,133.17999,132.97,133.1199,584787,36.39271,133.19333,133.20837,-0.40232781,-0.37274798,-0.029579826,33.81615,32.42903,36.033904,-87.13318,0.34088761,134.58689,133.60308,132.61928,2025-05-15,09:51
2025-05-15 09:52:00,133.11,133.58,133.082993,133.545,1132168,46.49233,133.18444,133.27569,-0.35362403,-0.36892319,0.015299166,65.073096,43.70332,34.85132,-28.93570,0.35203916,134.47485,133.56058,132.64632,2025-05-15,09:52
2025-05-15 09:53:00,133.55,133.66,133.39999,133.53999,908383,46.39892,133.16500,133.32855,-0.31183514,-0.35750558,0.045670443,75.21291,58.034052,33.44785,3.63422,0.34546563,134.31600,133.51208,132.70816,2025-05-15,09:53
2025-05-15 09:54:00,133.545,133.69,133.50999,133.59,719850,47.53312,133.18834,133.38084,-0.27155203,-0.34031487,0.068762839,79.48668,73.25756,32.027421,29.077996,0.33364722,134.14005,133.46758,132.79512,2025-05-15,09:54
2025-05-15 09:55:00,133.58501,133.60001,133.41,133.411,681580,43.94803,133.24846,133.38687,-0.25117586,-0.32248707,0.071311214,65.88268,73.52742,31.0087614,8.63670,0.32338688,134.085835,133.44313,132.80043,2025-05-15,09:55
2025-05-15 09:56:00,133.41,133.48,133.14999,133.45,992933,44.92277,133.29546,133.39950,-0.22923798,-0.30383725,0.074599269,69.30419,71.55785,30.76701,-14.35612,0.32385938,134.043301,133.42451,132.80572,2025-05-15,09:56
2025-05-15 09:57:00,133.4501,133.49001,133.28,133.3412,364419,42.69249,133.35337,133.38784,-0.21811661,-0.28669312,0.068576515,59.75985,64.98224,30.49745,-6.94295,0.31572705,133.97729,133.39682,132.81634,2025-05-15,09:57
2025-05-15 09:58:00,133.345,133.453,133.3,133.33,386663,42.45879,133.38059,133.37627,-0.20781107,-0.27091671,0.063105646,60.90943,63.32449,30.24714,-3.54639,0.30410368,133.92790,133.37432,132.82074,2025-05-15,09:58
2025-05-15 09:59:00,133.3499,133.62,133.3101,133.58,600951,49.14993,133.43412,133.41702,-0.17742568,-0.25221851,0.074792822,89.32032,69.99653,29.22255,44.057879,0.30451704,133.90660,133.36732,132.82804,2025-05-15,09:59
2025-05-15 10:00:00,133.57001,133.78999,133.42,133.7639,854959,53.43904,133.50568,133.48639,-0.13692753,-0.22916031,0.092232781,97.69091,82.64022,27.54777,91.058879,0.30919404,133.91845,133.37055,132.82265,2025-05-15,10:00
2025-05-15 10:01:00,133.78,133.9899,133.69,133.935,1058599,57.067403,133.54901,133.57611,-0.089989031,-0.20132605,0.11133702,95.87177,94.29433,25.92024,147.88517,0.30852992,133.96682,133.38230,132.79778,2025-05-15,10:01
2025-05-15 10:02:00,133.94,134.020004,133.5601,133.6563,993532,50.20442,133.56193,133.59215,-0.074420958,-0.17594504,0.10152408,73.058752,88.87381,24.21632,103.086256,0.31934206,133.99064,133.39412,132.79760,2025-05-15,10:02
2025-05-15 10:03:00,133.64999,133.8093,133.55,133.785,720028,53.014623,133.58360,133.63072,-0.051108352,-0.15097770,0.099869346,78.73319,82.55457,22.67209,89.20882,0.31505281,134.014881,133.40212,132.78936,2025-05-15,10:03
2025-05-15 10:04:00,133.78999,134.020203,133.75,134.020004,738559,57.70769,133.65127,133.70858,-0.013514572,-0.12348507,0.10997050,99.98111,83.92435,21.66433,139.053523,0.31184923,134.074123,133.41737,132.76062,2025-05-15,10:04
2025-05-15 10:05:00,134.020004,134.16949,133.97501,134.155,781282,60.16890,133.72960,133.79786,0.026862050,-0.093415649,0.12027770,98.66582,92.46004,21.22868,157.48341,0.30346632,134.18678,133.45612,132.72547,2025-05-15,10:05
2025-05-15 10:06:00,134.15511,134.17,133.995,134.12,666307,59.20675,133.81613,133.86229,0.055397720,-0.063652975,0.11905069,95.097761,97.91490,20.82582,139.43235,0.29429037,134.25188,133.51862,132.78537,2025-05-15,10:06
2025-05-15 10:07:00,134.1216,134.2,134.059998,134.086594,556192,58.24956,133.90020,133.90715,0.074458907,-0.036030599,0.11048951,89.19972,94.32110,20.55741,129.090805,0.28326959,134.30823,133.57160,132.83498,2025-05-15,10:07
2025-05-15 10:08:00,134.080002,134.13,133.87,133.88451,674399,52.69842,133.93403,133.90262,0.072423419,-0.014339795,0.086763214,69.95335,84.75028,19.41524,86.043118,0.28160817,134.28656,133.62483,132.96310,2025-05-15,10:08
2025-05-15 10:09:00,133.88,133.91,133.78999,133.845,427813,51.66195,133.94304,133.89110,0.066851928,0.0018985496,0.064953379,66.19098,75.11468,18.047185,52.66336,0.27006547,134.28212,133.66283,133.043538,2025-05-15,10:09
2025-05-15 10:10:00,133.84,133.90511,133.33,133.465,1104506,42.91777,133.89082,133.80588,0.031411176,0.0078010748,0.023610101,20.10847,52.084268,18.36113,-27.29710,0.29185392,134.25235,133.68117,133.10999,2025-05-15,10:10
2025-05-15 10:11:00,133.46001,133.55,133.3602,133.535,534844,44.77234,133.87734,133.75170,0.0088708716,0.0080150342,0.00085583740,26.11136,37.47027,18.65266,-60.83540,0.28456465,134.21747,133.70192,133.18638,2025-05-15,10:11
2025-05-15 10:12:00,133.53,133.66,133.395,133.47009,472742,43.36550,133.84235,133.69538,-0.014068080,0.0035984114,-0.017666491,17.97840,21.39941,18.41528,-55.62100,0.28316713,134.21929,133.69818,133.17707,2025-05-15,10:12
2025-05-15 10:13:00,133.49001,133.66499,133.46001,133.52991,477589,45.078096,133.78790,133.66229,-0.027108349,-0.0025429408,-0.024565409,22.97776,22.35584,18.17155,-42.79663,0.27758280,134.21942,133.69767,133.17593,2025-05-15,10:13
2025-05-15 10:14:00,133.52,133.55,133.38,133.4301,517963,42.75482,133.70736,133.61585,-0.044978029,-0.011029958,-0.033948070,11.50554,17.48723,18.22806,-68.78877,0.26989819,134.22256,133.68968,133.15680,2025-05-15,10:14
2025-05-15 10:15:00,133.44,133.47501,133.14999,133.2,709179,37.90451,133.60513,133.53268,-0.076821678,-0.024188302,-0.052633376,4.76218,13.081828,19.010201,-114.54172,0.27383490,134.24122,133.67913,133.11704,2025-05-15,10:15
2025-05-15 10:16:00,133.22,133.34,132.75,133.13,1786927,36.54638,133.49885,133.45214,-0.10647836,-0.040646313,-0.065832044,26.20729,14.15834,20.70264,-159.50618,0.29641786,134.26705,133.66313,133.059207,2025-05-15,10:16
2025-05-15 10:17:00,133.13,133.3951,132.92999,133.38989,845560,44.49839,133.44389,133.43969,-0.10776844,-0.054070738,-0.053697699,44.13062,25.033362,21.99334,-109.88619,0.30846681,134.26465,133.66556,133.066479,2025-05-15,10:17
2025-05-15 10:18:00,133.38989,133.61,133.24001,133.59019,818464,49.72758,133.41558,133.46979,-0.091572536,-0.061571098,-0.030001439,57.94458,42.76083,22.16370,-48.48673,0.31286169,134.25896,133.67857,133.098193,2025-05-15,10:18
2025-05-15 10:19:00,133.595,133.88,133.5,133.86,764685,55.77228,133.45947,133.54784,-0.056316900,-0.060520258,0.0042033582,76.55193,59.54238,21.22851,20.90014,0.31765763,134.27627,133.69257,133.10888,2025-05-15,10:19
2025-05-15 10:20:00,133.84,133.88,133.72,133.77991,540567,53.70779,133.48668,133.59425,-0.034442391,-0.055304685,0.020862294,71.028234,68.50825,20.36012,31.25710,0.30639663,134.27750,133.69337,133.10925,2025-05-15,10:20
2025-05-15 10:21:00,133.77921,133.86,133.62,133.63,421975,49.97893,133.50445,133.60140,-0.028869758,-0.050017699,0.021147941,63.76824,70.44947,19.87989,9.53034,0.30165441,134.25206,133.67813,133.10419,2025-05-15,10:21
2025-05-15 10:22:00,133.6404,133.74001,133.60001,133.7188,326871,52.10030,133.52543,133.62488,-0.017091701,-0.043432500,0.026340799,83.51661,72.77103,19.49991,5.66487,0.29010762,134.25536,133.68125,133.10714,2025-05-15,10:22
2025-05-15 10:23:00,133.72,133.84,133.67999,133.80859,373891,54.21510,133.56749,133.66162,-0.00050572998,-0.034847146,0.034341416,91.64476,79.64321,18.70140,29.78074,0.28081448,134.25748,133.68243,133.10738,2025-05-15,10:23
2025-05-15 10:24:00,133.81,133.89,133.70889,133.72501,450295,51.91732,133.62582,133.67430,0.0058267794,-0.026712361,0.032539140,85.52690,86.89609,17.73944,32.45791,0.27369249,134.22210,133.66768,133.11326,2025-05-15,10:24
2025-05-15 10:25:00,133.7289,133.73891,133.513,133.69501,491611,51.080576,133.68860,133.67844,0.0083286801,-0.019704153,0.028032833,82.89542,86.68903,17.57265,3.16041,0.27027919,134.15254,133.64468,133.13682,2025-05-15,10:25
2025-05-15 10:26:00,133.69,133.72,133.49001,133.495,408459,45.78253,133.70028,133.64175,-0.0057614448,-0.016915611,0.011154166,65.35048,77.92427,17.49866,-15.29218,0.26740180,134.075285,133.61343,133.15158,2025-05-15,10:26
2025-05-15 10:27:00,133.5,133.60001,133.44501,133.44501,365086,44.53918,133.68415,133.60240,-0.020722689,-0.017677027,-0.0030456625,60.96559,69.73716,17.59350,-33.23182,0.25937302,133.99377,133.58135,133.16893,2025-05-15,10:27
2025-05-15 10:28:00,133.42999,133.48,133.25999,133.28889,470003,40.81152,133.62069,133.53970,-0.044661738,-0.023073969,-0.021587769,47.27149,57.86252,18.30961,-86.20850,0.25656075,133.95810,133.55157,133.14504,2025-05-15,10:28
2025-05-15 10:29:00,133.28999,133.34,133.2,133.27,393345,40.37122,133.56403,133.48576,-0.064415363,-0.031342248,-0.033073115,45.61443,51.28384,19.16302,-105.038768,0.24823493,133.92357,133.52282,133.12207,2025-05-15,10:29
2025-05-15 10:30:00,133.3,133.44,133.2592,133.425,447534,45.56104,133.54126,133.47361,-0.066793196,-0.038432437,-0.028360759,51.56322,48.14971,19.38409,-55.89227,0.24341825,133.92310,133.52082,133.11854,2025-05-15,10:30
2025-05-15 10:31:00,133.42,133.42,133.25999,133.27,288651,41.65655,133.49139,133.43289,-0.080259570,-0.046797864,-0.033461706,10.14595,35.77454,19.58938,-72.66003,0.23781756,133.92430,133.50757,133.090839,2025-05-15,10:31
2025-05-15 10:32:00,133.285,133.325,133.14999,133.2507,535643,41.18323,133.42940,133.39645,-0.091435298,-0.055725351,-0.035709948,13.60909,25.10609,20.18342,-90.12460,0.23333081,133.92799,133.49660,133.065208,2025-05-15,10:32
2025-05-15 10:33:00,133.255,133.28,133.10001,133.19,393593,39.65722,133.36996,133.35516,-0.10399134,-0.065378548,-0.038612788,11.39204,11.71569,20.91182,-96.63865,0.22952094,133.93074,133.47961,133.028471,2025-05-15,10:33
2025-05-15 10:34:00,133.17999,133.31,133.10001,133.1646,409049,39.0057449,133.31102,133.31705,-0.11467028,-0.075236894,-0.039433387,8.17608,11.059068,21.38605,-85.86930,0.22812598,133.93768,133.46633,132.99498,2025-05-15,10:34
2025-05-15 10:35:00,133.1499,133.185,133.050003,133.065002,379902,36.47605,133.26325,133.26664,-0.12967502,-0.086124520,-0.043550502,1.78565,7.11792,22.020474,-107.86466,0.22147373,133.94950,133.45958,132.96966,2025-05-15,10:35
2025-05-15 10:36:00,133.069901,133.2,132.97,133.080093,809995,37.14128,133.22270,133.22933,-0.13874926,-0.096649468,-0.042099791,11.96656,7.30943,22.91191,-113.39845,0.22208244,133.95415,133.45709,132.96002,2025-05-15,10:36
2025-05-15 10:37:00,133.080002,133.089905,132.89999,132.91499,488076,33.062036,133.18116,133.16646,-0.15744789,-0.10880915,-0.048638741,1.51508,5.089098,23.99281,-136.20570,0.21978448,133.98351,133.43334,132.88317,2025-05-15,10:37
2025-05-15 10:38:00,132.92,132.96989,132.8401,132.95,784073,34.69957,133.14560,133.12317,-0.16751123,-0.12054957,-0.046961661,12.22667,8.56944,25.20662,-130.21233,0.21335639,133.98476,133.40133,132.81790,2025-05-15,10:38
2025-05-15 10:39:00,132.95,133.0,132.88,132.9252,494008,34.063863,133.090066,133.083576,-0.17546464,-0.13153258,-0.043932057,9.67138,7.80438,26.081373,-115.72438,0.20668773,133.93331,133.35459,132.77587,2025-05-15,10:39
2025-05-15 10:40:00,132.925,133.039993,132.85001,133.0,595586,37.76770,133.060065,133.066861,-0.17372951,-0.13997197,-0.033757541,21.041746,14.31327,26.55385,-100.20418,0.20549483,133.87933,133.31560,132.75186,2025-05-15,10:40
2025-05-15 10:41:00,132.99001,133.17,132.99001,133.070007,545071,41.10244,133.039988,133.067490,-0.16480562,-0.14493870,-0.019866923,35.92856,22.21389,25.96830,-63.13576,0.20367325,133.84163,133.28760,132.73356,2025-05-15,10:41
2025-05-15 10:42:00,133.070007,133.24001,133.070007,133.21001,405941,47.19610,133.042211,133.095993,-0.14476780,-0.14490452,0.00013671589,61.66094,39.54375,24.92602,-30.39342,0.20126789,133.78022,133.26216,132.74410,2025-05-15,10:42
2025-05-15 10:43:00,133.2001,133.3,133.175,133.2877,409763,50.27118,133.055890,133.13434,-0.12122077,-0.14016777,0.018946999,74.61274,57.40075,23.54753,3.50270,0.19582018,133.69008,133.23611,132.78215,2025-05-15,10:43
2025-05-15 10:44:00,133.28011,133.34,133.19,133.24001,442188,48.40743,133.075334,133.15547,-0.10519585,-0.13317339,0.027977532,68.96116,68.41162,21.99792,15.99835,0.19254687,133.60674,133.21186,132.81698,2025-05-15,10:44
2025-05-15 10:45:00,133.24001,133.25,133.10001,133.17,319013,45.72784,133.085324,133.15838,-0.097026538,-0.12594402,0.028917479,65.99310,69.85567,21.11766,-10.48421,0.18950738,133.51248,133.18561,132.85875,2025-05-15,10:45
2025-05-15 10:46:00,133.1745,133.41991,133.1745,133.40221,488109,54.68753,133.13946,133.20714,-0.070996625,-0.11495454,0.043957914,96.94721,77.30049,20.010524,79.29325,0.19382174,133.49241,133.18097,132.86953,2025-05-15,10:46
2025-05-15 10:47:00,133.4001,133.49001,133.3701,133.44,368685,55.96190,133.19390,133.25371,-0.046778673,-0.10131937,0.054540693,92.30607,85.082125,19.37575,137.88963,0.18854187,133.49132,133.18072,132.87013,2025-05-15,10:47
2025-05-15 10:48:00,133.44,133.53,133.42999,133.53,423680,58.92420,133.26110,133.30897,-0.020092208,-0.085073934,0.064981726,100,96.41776,19.0059835,159.15685,0.18221788,133.53621,133.19278,132.84934,2025-05-15,10:48
2025-05-15 10:49:00,133.52,133.61501,133.375,133.38499,594827,52.76547,133.30388,133.32418,-0.010522331,-0.070163614,0.059641282,70.31742,87.54116,19.11243,125.17525,0.18634557,133.55068,133.19853,132.84637,2025-05-15,10:49
2025-05-15 10:50:00,133.37,133.45,133.2301,133.4398,484501,54.69310,133.34497,133.34730,0.0014676217,-0.055837366,0.057304988,77.39052,82.56931,18.18939,84.53042,0.18874192,133.55338,133.19927,132.84516,2025-05-15,10:50
2025-05-15 10:51:00,133.435,133.57001,133.42999,133.4735,460125,55.88488,133.37425,133.37254,0.013532368,-0.041963420,0.055495788,81.73834,76.48209,17.97394,128.0023404,0.18526140,133.58229,133.20944,132.83659,2025-05-15,10:51
2025-05-15 10:52:00,133.47,133.66,133.47,133.60001,514503,60.12631,133.40895,133.41803,0.032922605,-0.026986215,0.059908820,92.59287,83.90724,18.20881,141.33154,0.18560004,133.63674,133.22691,132.81707,2025-05-15,10:52
2025-05-15 10:53:00,133.62,133.67979,133.55,133.64481,316053,61.53659,133.45392,133.46339,0.051312973,-0.011326377,0.062639350,95.78345,90.038223,18.52093,136.74259,0.18161370,133.69748,133.24965,132.80181,2025-05-15,10:53
2025-05-15 10:54:00,133.64011,133.78,133.62,133.69,483547,62.95992,133.51170,133.50871,0.068742039,0.0046873062,0.064054733,88.60796,92.32810,19.27269,138.35862,0.18007013,133.76082,133.27592,132.79101,2025-05-15,10:54
2025-05-15 10:55:00,133.6846,133.69,133.57001,133.59,417948,57.85807,133.53257,133.52497,0.073636211,0.018477087,0.055159124,73.23877,85.87673,19.57487,99.77894,0.17577906,133.79532,133.30217,132.80901,2025-05-15,10:55
2025-05-15 10:56:00,133.58299,133.63,133.48,133.55,440198,55.90699,133.54479,133.52997,0.073441169,0.029469904,0.043971266,66.17673,76.0078223,19.17724,72.83870,0.17393835,133.81904,133.32566,132.83229,2025-05-15,10:56
2025-05-15 10:57:00,133.55,133.5513,133.35001,133.429,423459,50.37230,133.53357,133.50978,0.062798825,0.036135688,0.026663137,48.38210,62.59920,17.93830,33.70115,0.17589232,133.80873,133.35136,132.89400,2025-05-15,10:57
2025-05-15 10:58:00,133.4218,133.60001,133.42,133.59,346439,56.53750,133.55635,133.52582,0.066588095,0.042226169,0.024361926,72.058164,62.20567,17.077548,59.79067,0.17618629,133.81261,133.38336,132.95411,2025-05-15,10:58
2025-05-15 10:59:00,133.59,133.61,133.5,133.565,392392,55.38713,133.57026,133.53366,0.066804242,0.047141784,0.019662458,64.49272,61.64433,16.33910,62.83210,0.17145874,133.79585,133.41535,133.034851,2025-05-15,10:59
2025-05-15 11:00:00,133.565,133.58389,133.42999,133.535,271403,53.96778,133.57709,133.53393,0.063819221,0.050477271,0.013341950,55.44703,63.99930,15.17774,40.52157,0.17020456,133.77418,133.44210,133.11002,2025-05-15,11:00
2025-05-15 11:01:00,133.53999,133.64999,133.53999,133.605,325676,56.75244,133.57765,133.54814,0.066336658,0.053649149,0.012687509,68.17526,62.70500,14.52396,76.22181,0.16626068,133.76045,133.46885,133.17725,2025-05-15,11:01
2025-05-15 11:02:00,133.60001,133.645,133.5,133.60001,260092,56.49009,133.57267,133.55851,0.067155002,0.056350319,0.010804683,67.26788,63.63006,13.62739,62.23382,0.16474236,133.75955,133.48835,133.21715,2025-05-15,11:02
2025-05-15 11:03:00,133.61,133.78999,133.5,133.7399,625570,61.81923,133.57821,133.59479,0.078190378,0.060718331,0.017472047,91.052789,75.49864,13.70416,113.49601,0.17368886,133.78684,133.51096,133.23508,2025-05-15,11:03
2025-05-15 11:04:00,133.735,133.83,133.71001,133.7312,646370,61.31639,133.59390,133.62207,0.085251451,0.065624955,0.019626496,79.41635,79.24567,14.0018299,154.16264,0.16985359,133.79766,133.53552,133.27339,2025-05-15,11:04
2025-05-15 11:05:00,133.73,133.83,133.73,133.77,326197,62.77132,133.61835,133.65166,0.092907508,0.071081466,0.021826043,87.50040,85.98984,14.27824,161.67247,0.16486448,133.78776,133.56552,133.34328,2025-05-15,11:05
2025-05-15 11:06:00,133.75999,133.87,133.66,133.67,408132,56.83800,133.64512,133.65533,0.089869374,0.074839047,0.015030326,61.53824,76.15166,13.94467,118.77632,0.16808784,133.79227,133.57891,133.36555,2025-05-15,11:06
2025-05-15 11:07:00,133.6601,133.83,133.65199,133.7793,354111,61.15914,133.66616,133.68012,0.095183902,0.078908018,0.016275883,82.55766,77.19877,13.56786,118.58720,0.16879650,133.81620,133.59588,133.37555,2025-05-15,11:07
2025-05-15 11:08:00,133.7702,133.8,133.59,133.6389,332907,53.71948,133.67437,133.67188,0.087063298,0.080539074,0.0065242241,55.55784,66.55125,12.70069,55.78147,0.17174008,133.82024,133.60132,133.38240,2025-05-15,11:08
2025-05-15 11:09:00,133.6384,133.77,133.6015,133.73,322541,57.34512,133.69603,133.68350,0.086975663,0.081826392,0.0051492712,73.076472,70.39732,11.89546,66.10877,0.17150885,133.82028,133.61857,133.41686,2025-05-15,11:09
2025-05-15 11:10:00,133.72,133.83,133.67999,133.825,183631,60.79458,133.72048,133.71180,0.093494273,0.084159968,0.0093343044,91.34632,73.32688,11.63773,113.40612,0.16997316,133.84114,133.63783,133.43452,2025-05-15,11:10
2025-05-15 11:11:00,133.825,133.94,133.8201,133.85001,443770,61.67328,133.74826,133.73944,0.099531016,0.087234178,0.012296838,82.69315,82.37198,12.18979,160.87847,0.16639676,133.86527,133.65666,133.44804,2025-05-15,11:11
2025-05-15 11:12:00,133.8446,133.94,133.78979,133.9299,289859,64.41701,133.76937,133.77753,0.10949979,0.091687301,0.017812492,98.019387,90.68629,12.40740,150.84941,0.16524038,133.91131,133.67315,133.43499,2025-05-15,11:12
2025-05-15 11:13:00,133.92999,133.9702,133.88,133.88499,325917,61.74159,133.78645,133.79903,0.11247993,0.095845827,0.016634106,84.22733,88.31329,12.82624,145.93674,0.15987998,133.94003,133.68516,133.43029,2025-05-15,11:13
2025-05-15 11:14:00,133.88,133.89999,133.78999,133.83881,327095,59.026127,133.79410,133.80698,0.10984844,0.098646349,0.011202088,72.055817,84.76751,12.34435,91.42367,0.15631717,133.95614,133.69260,133.42906,2025-05-15,11:14
2025-05-15 11:15:00,133.83,133.98981,133.82001,133.965,406956,63.72076,133.82688,133.83858,0.11660134,0.10223735,0.014363996,94.93458,83.73924,12.56585,123.14439,0.15728021,133.99557,133.71135,133.42713,2025-05-15,11:15
2025-05-15 11:16:00,133.965,134.080002,133.89999,134.0784,676812,67.34208,133.86011,133.88655,0.12960971,0.10771182,0.021897890,99.72376,88.90472,13.35947,155.13394,0.15890362,134.053571,133.73777,133.42197,2025-05-15,11:16
2025-05-15 11:17:00,134.074997,134.2282,134.074997,134.16499,633311,69.81940,133.91857,133.94224,0.14523217,0.11521589,0.030016281,90.096832,94.91839,14.89746,201.41929,0.15849609,134.10886,133.77457,133.44028,2025-05-15,11:17
2025-05-15 11:18:00,134.16499,134.28,134.1501,134.25011,508414,72.062646,133.97636,134.0038107,0.16260661,0.12469403,0.037912573,95.66785,95.16281,16.56936,196.070850,0.15645338,134.18942,133.80758,133.42573,2025-05-15,11:18
2025-05-15 11:19:00,134.2598,134.39999,134.24001,134.36011,482052,74.68181,134.035812,134.075070,0.18314097,0.13638342,0.046757546,95.075729,93.61347,18.63143,201.24638,0.15670588,134.28181,133.84733,133.41285,2025-05-15,11:19
2025-05-15 11:20:00,134.37,134.38,134.2,134.2049,577607,65.36930,134.075244,134.10104,0.18476045,0.14605883,0.038701621,75.91365,88.88574,20.13207,149.29347,0.15837031,134.31711,133.88083,133.44454,2025-05-15,11:20
2025-05-15 11:21:00,134.20509,134.4299,134.17999,134.4193,518453,70.78804,134.12962,134.16469,0.20102697,0.15705246,0.043974517,98.73737,89.90892,21.74462,152.34971,0.16490875,134.39745,133.92154,133.44563,2025-05-15,11:21
2025-05-15 11:22:00,134.42,134.49001,134.25,134.25101,573564,62.51887,134.17029,134.18195,0.19805572,0.16525311,0.032802610,73.10103,82.58402,23.49510,125.27178,0.17027280,134.42662,133.95409,133.48156,2025-05-15,11:22
2025-05-15 11:23:00,134.2522,134.30499,134.10001,134.1398,574195,57.72055,134.20373,134.17352,0.18459963,0.16912241,0.015477216,56.76556,76.20132,23.63160,67.22451,0.17275236,134.44250,133.97409,133.50568,2025-05-15,11:23
2025-05-15 11:24:00,134.13519,134.19,134.070099,134.16499,465133,58.49764,134.22596,134.17182,0.17396305,0.17009054,0.0038725075,53.58365,61.15008,23.49234,48.25525,0.16897744,134.45731,133.99577,133.53424,2025-05-15,11:24
2025-05-15 11:25:00,134.16499,134.185,134.0,134.085007,511548,55.038669,134.22669,134.15445,0.15726636,0.16752570,-0.010259341,42.16043,50.83655,22.75695,27.25620,0.17012174,134.46255,134.011525,133.56050,2025-05-15,11:25
2025-05-15 11:26:00,134.070007,134.16,134.059998,134.10001,347953,55.56923,134.21947,134.14356,0.14358924,0.16273841,-0.019149172,44.28677,46.67695,22.074092,27.98033,0.16511348,134.45707,134.033025,133.60898,2025-05-15,11:26
2025-05-15 11:27:00,134.105,134.28,134.089996,134.25999,353917,60.87285,134.22057,134.16685,0.14399981,0.15899069,-0.014990884,67.14186,51.19635,22.19397,58.25514,0.16689126,134.47530,134.057060,133.63882,2025-05-15,11:27
2025-05-15 11:28:00,134.265,134.47,134.25,134.395,509309,64.70199,134.22444,134.21248,0.15345046,0.15788264,-0.0044321822,85.82067,65.74977,23.24066,110.049919,0.17068483,134.49120,134.094865,133.69853,2025-05-15,11:28
2025-05-15 11:29:00,134.39999,134.4485,134.295,134.38499,472965,64.20033,134.24446,134.24698,0.15830760,0.15796763,0.00033996394,82.20188,78.38814,24.21259,105.35441,0.16945759,134.50577,134.12762,133.74946,2025-05-15,11:29
2025-05-15 11:30:00,134.39999,134.41811,134.21001,134.22,334920,56.43341,134.22231,134.24159,0.14714712,0.15580353,-0.0086564156,44.89770,70.97342,24.31541,62.081139,0.17221771,134.50068,134.14737,133.79405,2025-05-15,11:30
2025-05-15 11:31:00,134.215,134.405,134.21001,134.32001,339156,59.62202,134.22998,134.25727,0.14470395,0.15358361,-0.0088796636,65.30689,64.13549,24.41089,69.18463,0.17384445,134.50388,134.17087,133.83785,2025-05-15,11:31
2025-05-15 11:32:00,134.3185,134.39,134.2489,134.26041,250145,56.94699,134.24338,134.25790,0.13638626,0.15014414,-0.013757883,53.14359,54.44939,24.49955,58.29109,0.17150542,134.50330,134.18739,133.87149,2025-05-15,11:32
2025-05-15 11:33:00,134.25011,134.375,134.25011,134.355,208038,60.013272,134.26449,134.27732,0.13586087,0.14728749,-0.011426617,72.44730,63.63259,24.58188,67.053474,0.16817598,134.50230,134.21089,133.91949,2025-05-15,11:33
2025-05-15 11:34:00,134.345,134.4399,134.285,134.435,264684,62.44923,134.30338,134.30885,0.14028289,0.14588657,-0.0056036840,88.77402,71.45497,25.069940,96.95258,0.16722712,134.49312,134.24070,133.98828,2025-05-15,11:34
2025-05-15 11:35:00,134.44,134.44749,134.27,134.33,472493,57.49852,134.32893,134.31308,0.13377303,0.14346386,-0.0096908303,67.34656,76.18929,25.34547,68.81358,0.16796020,134.47981,134.25895,134.038094,2025-05-15,11:35
2025-05-15 11:36:00,134.32021,134.355,134.2301,134.27,233759,54.82393,134.33005,134.30447,0.12236211,0.13924351,-0.016881402,57.44757,71.18938,25.12765,14.21446,0.16488398,134.47326,134.26853,134.063799,2025-05-15,11:36
2025-05-15 11:37:00,134.27859,134.34,134.21001,134.295,531493,55.74741,134.31893,134.30257,0.11402130,0.13419907,-0.020177766,62.76540,62.51984,24.68831,6.47700,0.16239153,134.47439,134.27503,134.075676,2025-05-15,11:37
2025-05-15 11:38:00,134.3,134.32001,134.25,134.285,189599,55.26095,134.30782,134.29906,0.10538981,0.12843722,-0.023047405,60.63892,60.28396,24.28034,7.18880,0.15579266,134.47584,134.27678,134.077713,2025-05-15,11:38
2025-05-15 11:39:00,134.28461,134.34,134.25,134.33,301834,57.077006,134.32005,134.30525,0.10101582,0.12295294,-0.021937116,65.85411,63.086146,24.077216,30.26960,0.15109292,134.47223,134.27527,134.078307,2025-05-15,11:39
2025-05-15 11:40:00,134.34,134.45,134.33501,134.3512,407492,57.94296,134.32351,134.31444,0.098128458,0.11798804,-0.019859585,68.73595,65.076326,24.74427,94.33706,0.14887165,134.47942,134.28259,134.085754,2025-05-15,11:40
2025-05-15 11:41:00,134.355,134.425,134.3,134.38,230250,59.14935,134.33680,134.32755,0.097046124,0.11379966,-0.016753535,65.38529,66.65845,24.89044,81.92880,0.14716653,134.47268,134.28062,134.088560,2025-05-15,11:41
2025-05-15 11:42:00,134.38499,134.48,134.34,134.4649,362913,62.55796,134.34901,134.35502,0.10186485,0.11141270,-0.0095478509,94.41053,76.17726,25.43147,127.52478,0.14665459,134.49879,134.29132,134.083839,2025-05-15,11:42
2025-05-15 11:43:00,134.46001,134.5,134.41,134.42,332358,59.71950,134.34735,134.36802,0.10089705,0.10930957,-0.0084125173,72.41252,77.40278,26.076004,129.36964,0.14260757,134.50777,134.30533,134.10289,2025-05-15,11:43
2025-05-15 11:44:00,134.41499,134.62,134.39,134.59,611352,66.0073714,134.37623,134.41241,0.11255009,0.10995767,0.0025924174,92.68302,86.50203,27.42320,188.26953,0.14884959,134.55339,134.32658,134.099762,2025-05-15,11:44
2025-05-15 11:45:00,134.59,134.67,134.575,134.62511,292019,67.14801,134.41569,134.45495,0.12319818,0.11260577,0.010592404,90.24083,85.11212,28.93753,235.099091,0.14500327,134.58742,134.35358,134.11974,2025-05-15,11:45
2025-05-15 11:46:00,134.62,134.625,134.48,134.515,426045,60.31301,134.44013,134.46696,0.12135323,0.11435526,0.0069979651,66.30399,83.075944,29.064514,150.26618,0.14501097,134.58719,134.37433,134.16147,2025-05-15,11:46
2025-05-15 11:47:00,134.515,134.60001,134.42999,134.5101,351538,60.020328,134.46515,134.47559,0.11813409,0.11511103,0.0030230572,65.23917,73.92799,28.58550,110.60342,0.14679686,134.60074,134.38684,134.17293,2025-05-15,11:47
2025-05-15 11:48:00,134.52,134.63,134.5,134.61501,284658,64.044725,134.49681,134.50347,0.12263413,0.11661565,0.0060184823,88.044848,73.19600,28.36068,138.55299,0.14559744,134.63378,134.39784,134.16189,2025-05-15,11:48
2025-05-15 11:49:00,134.619,134.66,134.55,134.58501,238356,62.11905,134.52279,134.51978,0.12236920,0.11776636,0.0046028434,81.52325,78.26909,28.37013,126.55646,0.14305481,134.65733,134.40784,134.15835,2025-05-15,11:49
2025-05-15 11:50:00,134.5851,134.595,134.44,134.495,366478,56.61815,134.53557,134.51482,0.11358671,0.11693043,-0.0033437236,61.95515,77.17442,27.10081,60.79642,0.14390795,134.65813,134.42159,134.18505,2025-05-15,11:50
2025-05-15 11:51:00,134.495,134.60001,134.4946,134.552,257524,59.089088,134.54525,134.52226,0.10995895,0.11553613,-0.0055771836,71.90554,71.79465,25.96543,77.50161,0.14115793,134.67141,134.43319,134.19496,2025-05-15,11:51
2025-05-15 11:52:00,134.55,134.64999,134.49001,134.53,314255,57.72249,134.55747,134.52381,0.10410836,0.11325058,-0.0091422199,66.66667,66.84245,25.34207,74.31329,0.14250296,134.67454,134.44667,134.21879,2025-05-15,11:52
2025-05-15 11:53:00,134.53,134.565,134.44,134.545,248314,58.42833,134.55247,134.52804,0.099534674,0.11050740,-0.010972723,66.21577,68.26266,24.19213,43.071165,0.14125275,134.68381,134.45617,134.22853,2025-05-15,11:53
2025-05-15 11:54:00,134.545,134.56,134.47,134.47099,231561,53.66753,134.53534,134.51663,0.088913462,0.10618861,-0.017275148,46.21412,59.69885,23.12432,28.85953,0.13759158,134.68548,134.45797,134.23045,2025-05-15,11:54
2025-05-15 11:55:00,134.48,134.535,134.45,134.465,185011,53.28863,134.52979,134.50631,0.079100371,0.10077096,-0.021670591,37.87858,50.10282,21.89345,13.66037,0.13383552,134.68452,134.46472,134.24491,2025-05-15,11:55
2025-05-15 11:56:00,134.465,134.5,134.31,134.36,333710,47.028039,134.51311,134.47705,0.062134896,0.093043749,-0.030908853,13.88971,32.66080,21.32897,-60.62288,0.13784744,134.67620,134.46922,134.26223,2025-05-15,11:56
2025-05-15 11:57:00,134.36011,134.46001,134.35001,134.395,271432,49.17197,134.48867,134.46064,0.050927082,0.084620415,-0.033693334,23.61294,25.12708,20.80481,-61.35088,0.13585838,134.66857,134.47422,134.27986,2025-05-15,11:57
2025-05-15 11:58:00,134.39999,134.48,134.36,134.45461,285467,52.68353,134.47418,134.45943,0.046320147,0.076960362,-0.030640214,40.16869,25.89045,20.072559,-47.84969,0.13472529,134.65706,134.48270,134.30833,2025-05-15,11:58
2025-05-15 11:59:00,134.4599,134.53461,134.45,134.53,358956,56.75371,134.47807,134.47354,0.048197171,0.071207724,-0.023010552,62.85640,42.21268,18.74911,13.24140,0.13114563,134.65328,134.49270,134.33211,2025-05-15,11:59
2025-05-15 12:00:00,134.53,134.78999,134.52499,134.72501,867565,65.11293,134.49729,134.52384,0.064674659,0.069901111,-0.0052264521,86.46088,63.16199,19.41013,185.99261,0.14070661,134.68797,134.51139,134.33481,2025-05-15,12:00
2025-05-15 12:01:00,134.7252,134.75999,134.5813,134.5899,439550,56.90620,134.50395,134.53705,0.066070025,0.069134894,-0.0030648690,58.31452,69.21060,20.023931,133.021891,0.14342011,134.69076,134.52188,134.35300,2025-05-15,12:01
2025-05-15 12:02:00,134.59,134.67999,134.52071,134.565,429543,55.51722,134.50617,134.54264,0.064423813,0.068192677,-0.0037688641,53.12649,65.96730,19.91609,65.68116,0.14455343,134.69464,134.52689,134.35913,2025-05-15,12:02
2025-05-15 12:03:00,134.565,134.67999,134.5399,134.6651,264957,59.76807,134.52774,134.56713,0.070384871,0.068631116,0.0017537544,73.98035,61.80712,19.81596,99.18835,0.14423468,134.70966,134.53914,134.36862,2025-05-15,12:03
2025-05-15 12:04:00,134.66229,134.72501,134.62,134.653,251392,59.033662,134.54862,134.58431,0.073287848,0.069562462,0.0037253855,71.45945,66.18877,20.072406,121.50637,0.14143299,134.71868,134.54229,134.36590,2025-05-15,12:04
2025-05-15 12:05:00,134.66,134.7382,134.62,134.69141,250439,60.68495,134.58545,134.60573,0.077790827,0.071208135,0.0065826920,79.46085,74.96689,20.41233,129.94545,0.13977419,134.73039,134.54561,134.36082,2025-05-15,12:05
2025-05-15 12:06:00,134.69501,134.75999,134.64999,134.715,363813,61.70597,134.62100,134.62758,0.082314128,0.073429334,0.0088847941,84.37550,78.43193,20.89988,131.69414,0.13764751,134.75384,134.55561,134.35737,2025-05-15,12:06
2025-05-15 12:07:00,134.72,134.77,134.6712,134.675,387909,58.91260,134.64549,134.63706,0.081729624,0.075089392,0.0066402322,76.043488,79.95995,21.43365,113.056318,0.13487273,134.76747,134.56385,134.36023,2025-05-15,12:07
2025-05-15 12:08:00,134.675,134.89,134.64999,134.86011,527226,66.47677,134.68217,134.68167,0.095106449,0.079092803,0.016013645,94.84623,85.088404,22.78663,159.84236,0.14238221,134.81671,134.57611,134.33550,2025-05-15,12:08
2025-05-15 12:09:00,134.86501,134.92999,134.82001,134.8799,427920,67.17262,134.69938,134.72132,0.10608177,0.084490597,0.021591176,91.92016,87.60329,24.28460,177.70374,0.14006815,134.86556,134.59085,134.31615,2025-05-15,12:09
2025-05-15 12:10:00,134.8701,134.88989,134.77,134.80991,390654,62.25118,134.72382,134.73904,0.10788835,0.089170149,0.018718205,79.29492,88.68710,24.94683,125.86140,0.13862674,134.89336,134.60660,134.31984,2025-05-15,12:10
2025-05-15 12:11:00,134.815,134.92,134.8,134.875,462961,64.83182,134.75827,134.76623,0.11326695,0.093989509,0.019277442,90.35203,87.18904,25.77054,131.28985,0.13729591,134.93097,134.62275,134.31453,2025-05-15,12:11
2025-05-15 12:12:00,134.8714,134.875,134.78999,134.8302,279359,61.70527,134.77661,134.77902,0.11261639,0.097714885,0.014901502,79.20971,82.95222,26.38424,101.51371,0.13356096,134.95554,134.63776,134.31997,2025-05-15,12:12
2025-05-15 12:13:00,134.83,134.8387,134.75,134.765,353765,57.36901,134.78906,134.77622,0.10562210,0.099296329,0.0063257758,59.68758,76.41644,26.35377,70.39296,0.13035656,134.96816,134.64876,134.32935,2025-05-15,12:13
2025-05-15 12:14:00,134.75999,134.82001,134.73,134.8,292419,59.033445,134.80112,134.78098,0.10173090,0.099783242,0.0019476551,68.23994,69.045747,26.032224,64.18278,0.12747478,134.98015,134.66521,134.35026,2025-05-15,12:14
2025-05-15 12:15:00,134.80901,134.95,134.77,134.94,409531,64.93090,134.82612,134.81278,0.10869095,0.10156478,0.0071261639,97.67186,75.19979,26.77043,110.34963,0.13122606,135.011480,134.68896,134.36643,2025-05-15,12:15
2025-05-15 12:16:00,134.94501,135.0,134.87,134.92,777224,63.52371,134.85335,134.83422,0.11130955,0.10351374,0.0077958148,82.61201,82.84127,27.78064,123.54793,0.13113883,135.016821,134.71696,134.41709,2025-05-15,12:16
2025-05-15 12:17:00,134.92999,134.99001,134.92,134.955,331136,64.95492,134.86389,134.85838,0.11488500,0.10578799,0.0090970066,88.15853,89.48080,28.71869,125.53221,0.12677229,135.023138,134.74496,134.46678,2025-05-15,12:17
2025-05-15 12:18:00,134.95,134.96761,134.86,134.8902,299730,60.24225,134.86503,134.86474,0.11120748,0.10687189,0.0043355945,71.10504,80.62519,28.67952,90.67585,0.12540320,135.017427,134.76674,134.51605,2025-05-15,12:18
2025-05-15 12:19:00,134.89011,135.059998,134.875,135.044998,994622,66.49559,134.89116,134.90079,0.11940767,0.10937904,0.010028625,96.34164,85.20174,29.31226,137.85223,0.12965994,135.046396,134.79249,134.53858,2025-05-15,12:19
2025-05-15 12:20:00,135.044998,135.089996,134.91,135.029907,410119,65.41540,134.90837,134.92662,0.12326771,0.11215678,0.011110932,86.34346,84.59672,30.094381,131.99994,0.13325514,135.079584,134.80773,134.53588,2025-05-15,12:20
2025-05-15 12:21:00,135.029999,135.039993,134.78,134.855,506782,54.38752,134.91112,134.91229,0.11093414,0.11191225,-0.00097810680,46.59107,76.42539,29.12630,50.80368,0.14230795,135.074280,134.82099,134.56769,2025-05-15,12:21
2025-05-15 12:22:00,134.83009,134.98,134.83,134.94099,330552,58.12536,134.93068,134.91803,0.10686717,0.11090323,-0.0040360654,58.61060,63.84838,28.22737,62.17403,0.14285694,135.068956,134.83979,134.61062,2025-05-15,12:22
2025-05-15 12:23:00,134.94991,135.057999,134.94,135.0,468442,60.51616,134.95290,134.93443,0.10716994,0.11015658,-0.0029866327,75.0010596,60.067577,28.020317,113.60639,0.14108118,135.081093,134.85653,134.63197,2025-05-15,12:23
2025-05-15 12:24:00,135.0048065,135.019897,134.94991,135.0050049,266401,60.72101,134.96012,134.94854,0.10658510,0.10944228,-0.0028571810,76.39130,70.00098899,27.82806,101.34126,0.13600338,135.086999,134.87413,134.66126,2025-05-15,12:24
2025-05-15 12:25:00,135.0,135.0099945,134.935,134.96989,309601,58.43074,134.96567,134.95281,0.10211141,0.10797611,-0.0058646977,66.63841,72.67692,27.44537,79.52368,0.13164578,135.087289,134.88806,134.68882,2025-05-15,12:25
2025-05-15 12:26:00,134.97,134.98,134.87,134.91,257790,54.64455,134.96067,134.94425,0.092665107,0.10491391,-0.012248799,50.0021193,64.34394,26.24384,27.64121,0.13009970,135.080617,134.89781,134.71499,2025-05-15,12:26
2025-05-15 12:27:00,134.91499,134.97,134.86,134.91499,316708,54.90671,134.96342,134.93840,0.084606179,0.10085236,-0.016246182,51.38812,56.0095509,25.0035593,14.25978,0.12866405,135.061380,134.90981,134.75823,2025-05-15,12:27
2025-05-15 12:28:00,134.91499,135.074997,134.8911,135.059998,542160,61.81441,134.96509,134.96272,0.088895324,0.098460953,-0.0095656296,90.62515,64.0051306,24.83698,112.22874,0.13260940,135.082873,134.91980,134.75673,2025-05-15,12:28
2025-05-15 12:29:00,135.059998,135.25,135.029999,135.2166,668064,67.58890,134.98583,135.013495,0.10373510,0.099515782,0.0042193142,92.89332,78.30220,25.86233,234.11406,0.13885167,135.14342,134.93663,134.72985,2025-05-15,12:29
2025-05-15 12:30:00,135.215,135.295,135.17999,135.22,461674,67.70319,135.026388,135.054796,0.11445097,0.10250282,0.011948153,85.43747,89.65198,27.057028,237.72707,0.13714837,135.18936,134.95714,134.72492,2025-05-15,12:30
2025-05-15 12:31:00,135.22141,135.28,135.17999,135.27991,440705,69.72705,135.064045,135.099818,0.12632115,0.10726649,0.019054660,97.069716,91.80017,28.16640,203.60678,0.13449535,135.24529,134.97738,134.70948,2025-05-15,12:31
2025-05-15 12:32:00,135.28,135.285,135.10001,135.1501,469439,60.83173,135.080722,135.10987,0.12382664,0.11057852,0.013248128,71.86454,84.79057,28.14488,133.87154,0.13810265,135.26242,134.99338,134.72434,2025-05-15,12:32
2025-05-15 12:33:00,135.155,135.28999,135.14,135.14999,419185,60.82485,135.096832,135.11790,0.12045261,0.11255334,0.0078992773,71.84380,80.25935,28.16040,125.59722,0.13895203,135.26831,135.012630,134.75695,2025-05-15,12:33
2025-05-15 12:34:00,135.155,135.2,135.11,135.19,238931,62.53322,135.12129,135.13232,0.11962803,0.11396827,0.0056597528,79.61246,74.44026,27.78331,91.62315,0.13545519,135.27932,135.032130,134.78494,2025-05-15,12:34
2025-05-15 12:35:00,135.17171,135.39,135.14999,135.38,564384,69.36562,135.17351,135.18186,0.13277559,0.11772974,0.015045854,98.21526,83.22384,28.67561,148.57549,0.14292307,135.33991,135.054130,134.76835,2025-05-15,12:35
2025-05-15 12:36:00,135.3812,135.64,135.38,135.64,900313,75.85429,135.25407,135.27349,0.16230358,0.12664451,0.035659074,100,92.60924,30.53740,221.93485,0.15128532,135.46635,135.090130,134.71391,2025-05-15,12:36
2025-05-15 12:37:00,135.645,135.66,135.58,135.6199,587043,74.54009,135.31628,135.34277,0.18198534,0.13771267,0.044272671,94.98751,97.73426,32.33229,202.84303,0.14619364,135.55880,135.12337,134.68795,2025-05-15,12:37
2025-05-15 12:38:00,135.61011,135.74001,135.61,135.73,497491,76.90115,135.37332,135.42021,0.20411390,0.15099292,0.053120984,98.86253,97.95001,34.25524,194.31176,0.14503730,135.66061,135.16536,134.67012,2025-05-15,12:38
2025-05-15 12:39:00,135.74001,135.81,135.7,135.715,644779,75.86883,135.42832,135.47917,0.21792848,0.16438003,0.053548447,89.99984,94.61663,36.24703,176.55581,0.14253468,135.74503,135.19886,134.65270,2025-05-15,12:39
2025-05-15 12:40:00,135.715,135.82001,135.69,135.82001,621403,78.086706,135.48833,135.54734,0.23464529,0.17843308,0.056212208,100,96.28746,38.12573,155.050093,0.14163969,135.84129,135.23837,134.63545,2025-05-15,12:40
2025-05-15 12:41:00,135.815,135.88,135.72,135.8,713214,76.64161,135.56055,135.59787,0.24347271,0.19144101,0.052031699,91.91007,93.96997,40.044472,135.79653,0.14295141,135.90874,135.28562,134.66250,2025-05-15,12:41
2025-05-15 12:42:00,135.81509,135.9299,135.78,135.925,423538,79.22840,135.64666,135.66330,0.25758567,0.20466994,0.052915726,99.45571,97.12193,41.96400,131.64503,0.14344790,135.99558,135.33482,134.67406,2025-05-15,12:42
2025-05-15 12:43:00,135.9201,135.98,135.89999,135.98,518329,80.26392,135.73443,135.72664,0.27009426,0.21775480,0.052339455,100,97.12193,43.87932,126.73037,0.13891604,136.082265,135.38382,134.68538,2025-05-15,12:43
2025-05-15 12:44:00,135.9794,136.0,135.88,135.896,889066,74.18066,135.79177,135.76051,0.27011561,0.22822697,0.041888649,88.44393,95.96655,45.71050,105.84920,0.13756454,136.13805,135.42837,134.71869,2025-05-15,12:44
2025-05-15 12:45:00,135.89,136.11,135.89,136.039993,1581278,77.34985,135.83621,135.81641,0.27854106,0.23828979,0.040251277,93.068544,93.83749,47.67802,110.51654,0.14345288,136.20643,135.48187,134.75732,2025-05-15,12:45
2025-05-15 12:46:00,136.029999,136.12,135.99001,136.014999,580462,75.61495,135.88011,135.85612,0.27997412,0.24662665,0.033347471,89.60433,90.37227,49.52767,106.20155,0.14249122,136.24720,135.53712,134.82705,2025-05-15,12:46
2025-05-15 12:47:00,136.014999,136.22,136.0099945,136.14999,597274,78.42912,135.92678,135.91490,0.28867510,0.25503634,0.033638755,93.69304,92.12197,51.45915,114.43199,0.14731375,136.29649,135.59887,134.90126,2025-05-15,12:47
2025-05-15 12:48:00,136.1514,136.2,136.12,136.17,395470,78.81921,135.97733,135.96592,0.29379814,0.26278870,0.031009436,95.32685,92.87474,53.25266,113.28160,0.14250576,136.34828,135.65437,134.96047,2025-05-15,12:48
2025-05-15 12:49:00,136.175,136.24541,136.1501,136.215,722812,79.70814,136.021220,136.015734,0.29805338,0.26984164,0.028211747,96.48594,95.16861,55.012338,112.87224,0.13913438,136.40861,135.70429,134.99998,2025-05-15,12:49
2025-05-15 12:50:00,136.215,136.22,136.020096,136.090103,513348,70.82359,136.053453,136.030608,0.28802766,0.27347884,0.014548817,76.66025,89.49101,54.76627,85.76334,0.14347516,136.43435,135.74780,135.061248,2025-05-15,12:50
2025-05-15 12:51:00,136.091202,136.091202,135.88,135.90511,709681,60.13182,136.051242,136.0055073,0.26213274,0.27120962,-0.0090768817,46.44349,73.19656,52.95127,46.41278,0.14831243,136.43374,135.77906,135.12438,2025-05-15,12:51
2025-05-15 12:52:00,135.9046,135.93179,135.81,135.82001,525550,55.94780,136.033466,135.96841,0.23206896,0.26338149,-0.031312526,23.40724,48.83699,50.59048,13.96342,0.14641837,136.40021,135.81255,135.22490,2025-05-15,12:52
2025-05-15 12:53:00,135.825,135.8999,135.78,135.83,453993,56.33211,136.026133,135.94073,0.20666735,0.25203866,-0.045371315,25.20674,31.68582,48.11885,0.15618898,0.14452446,136.34952,135.84656,135.34359,2025-05-15,12:53
2025-05-15 12:54:00,135.83,135.9299,135.8,135.8,359187,54.78716,135.99947,135.91258,0.18201754,0.23803444,-0.056016893,15.22667,21.28021,46.027484,-10.62591,0.14347972,136.28138,135.87706,135.47273,2025-05-15,12:54
2025-05-15 12:55:00,135.8,135.81,135.69009,135.6916,528172,49.50389,135.96353,135.86839,0.15198358,0.22082427,-0.068840687,0.27203034,13.56848,43.082758,-72.58057,0.14179571,136.23901,135.89264,135.54626,2025-05-15,12:55
2025-05-15 12:56:00,135.6954,135.8,135.67,135.77,453708,53.031693,135.92131,135.84871,0.13297479,0.20325437,-0.070279579,17.38001,10.95957,40.17821,-74.038144,0.14095350,136.23087,135.89914,135.56740,2025-05-15,12:56
2025-05-15 12:57:00,135.77499,135.8,135.63,135.6517,438696,47.62489,135.86373,135.80931,0.10712934,0.18402936,-0.076900027,3.52582,7.059286,37.47540,-103.63425,0.14302812,136.22736,135.90073,135.57409,2025-05-15,12:57
2025-05-15 12:58:00,135.66,135.71001,135.64999,135.69501,330526,49.64858,135.80595,135.78645,0.089113688,0.16504623,-0.075932541,10.56259,10.48947,34.96565,-107.51099,0.13709846,136.22960,135.89898,135.56836,2025-05-15,12:58
2025-05-15 12:59:00,135.69501,135.78999,135.69,135.785,357129,53.65621,135.77205,135.78616,0.081162517,0.14826949,-0.067106969,25.18658,13.091666,33.012094,-73.82164,0.13444791,136.22665,135.90248,135.57830,2025-05-15,12:59
2025-05-15 13:00:00,135.7851,135.91,135.72,135.7601,531526,52.41308,135.75594,135.78095,0.072021527,0.13301989,-0.060998368,21.14007,18.96308,32.094371,-54.12473,0.13841610,136.22773,135.89948,135.57123,2025-05-15,13:00
2025-05-15 13:01:00,135.7982,135.89999,135.78999,135.86501,315864,56.93910,135.76094,135.79776,0.072407448,0.12089741,-0.048489957,38.18651,28.17105,31.24220,-28.63433,0.13852156,136.22825,135.90273,135.57721,2025-05-15,13:01
2025-05-15 13:02:00,135.8613,136.054993,135.8613,136.0050049,700532,62.11740,135.78038,135.83921,0.083052695,0.11332846,-0.030275769,60.93576,40.087443,31.41495,30.19421,0.14246252,136.23520,135.90673,135.57826,2025-05-15,13:02
2025-05-15 13:03:00,136.00010681,136.10001,135.96001,136.099899,416807,65.17444,135.81370,135.89135,0.098016442,0.11026606,-0.012249617,79.64361,59.58863,31.81332,64.90453,0.14228659,136.25057,135.91273,135.57488,2025-05-15,13:03
2025-05-15 13:04:00,136.095001,136.1125,136.029999,136.1017,378193,65.23177,135.85927,135.93342,0.10876681,0.10996621,-0.0011993972,97.76098,79.44678,32.24981,70.67727,0.13801642,136.27058,135.92301,135.57545,2025-05-15,13:04
2025-05-15 13:05:00,136.11,136.12,135.99001,136.031494,361839,61.014058,135.88832,135.95303,0.11034951,0.11004287,0.00030663662,81.93822,86.44760,32.17724,53.72177,0.13744308,136.26960,135.92259,135.57558,2025-05-15,13:05
2025-05-15 13:06:00,136.029999,136.089996,135.9919,136.0,288013,59.16593,135.92702,135.96243,0.10781961,0.10959822,-0.0017786072,75.51071,85.069970,32.10986,45.33411,0.13463277,136.26811,135.92184,135.57556,2025-05-15,13:06
2025-05-15 13:07:00,136.0056,136.087006,136.00030518,136.041702,256678,60.85666,135.96555,135.97828,0.10793546,0.10926567,-0.0013302047,84.021550,80.49016,32.047287,55.90220,0.13123083,136.25146,135.91642,135.58138,2025-05-15,13:07
2025-05-15 13:08:00,136.039993,136.065002,135.94,135.965,326962,56.24371,135.98554,135.97562,0.10067720,0.10754797,-0.0068707708,68.36697,75.96641,31.20457,37.56122,0.13078577,136.22152,135.90617,135.59083,2025-05-15,13:08
2025-05-15 13:09:00,135.96989,136.0050049,135.92999,135.9554,300458,55.67504,136.0072445,135.97158,0.093077579,0.10465389,-0.011576315,66.40820,72.93224,30.29542,33.34038,0.12680194,136.17635,135.89319,135.61004,2025-05-15,13:09
2025-05-15 13:10:00,135.955,135.97,135.87,135.91499,327749,53.23481,136.012799,135.96026,0.082839533,0.10029102,-0.017451490,58.16206,64.31241,28.71587,15.22137,0.12488796,136.15316,135.88444,135.61571,2025-05-15,13:10
2025-05-15 13:11:00,135.91499,135.965,135.87,135.89,199459,51.72456,136.000020345,135.94621,0.071880416,0.094608901,-0.022728485,51.064866,58.54504,27.24916,11.062481,0.12275319,136.15225,135.88368,135.61511,2025-05-15,13:11
2025-05-15 13:12:00,135.895,136.070007,135.85001,136.059998,357896,60.030303,135.99559,135.96897,0.076036170,0.090894355,-0.014858184,86.046842,65.091255,26.87054,56.71772,0.12969948,136.17310,135.89568,135.61826,2025-05-15,13:12
2025-05-15 13:13:00,136.059998,136.089996,135.99001,136.014999,285596,57.22381,135.98595,135.97817,0.074835997,0.087682683,-0.012846686,73.75067,70.28746,26.68522,72.40160,0.12757743,136.18529,135.90493,135.62457,2025-05-15,13:13
2025-05-15 13:14:00,136.024994,136.070007,135.95,135.99181,247298,55.77638,135.98154,135.98090,0.071192676,0.084384682,-0.013192006,61.15504,73.65085,25.97703,51.71814,0.12703693,136.19299,135.91452,135.63606,2025-05-15,13:14
2025-05-15 13:15:00,135.99541,136.089996,135.96001,135.9711,226371,54.45217,135.97833,135.97894,0.065875134,0.080682772,-0.014807638,44.85136,59.91902,25.50652,48.77334,0.12724783,136.18823,135.92850,135.66876,2025-05-15,13:15
2025-05-15 13:16:00,135.9782,136.10001,135.96001,136.085007,275440,60.068547,135.98314,136.00015335,0.070044843,0.078555186,-0.0085103434,87.040805,64.34907,25.16572,70.050414,0.12815866,136.20182,135.94425,135.68667,2025-05-15,13:16
2025-05-15 13:17:00,136.085007,136.17,136.054993,136.11501,431365,61.41786,135.99981,136.023124,0.074906542,0.077825457,-0.0029189156,82.81436,71.56884,25.48135,113.48099,0.12721915,136.19744,135.96741,135.73738,2025-05-15,13:17
2025-05-15 13:18:00,136.11011,136.28,136.10001,136.2,622382,65.023869,136.026989,136.058498,0.084641874,0.079188741,0.0054531336,81.39461,83.74992,26.57378,177.66558,0.13098869,136.20794,135.99266,135.77738,2025-05-15,13:18
2025-05-15 13:19:00,136.2,136.28999,136.2,136.28,406700,68.050844,136.067546,136.10280,0.097686605,0.082888314,0.014798291,97.72846,87.31247,27.65296,216.31402,0.12806066,136.24497,136.017410,135.78985,2025-05-15,13:19
2025-05-15 13:20:00,136.28,136.3,136.17,136.1851,399713,61.27665,136.10034,136.11926,0.099223673,0.086155385,0.013068287,74.46679,84.52995,28.17777,166.55187,0.12819953,136.24447,136.038660,135.83285,2025-05-15,13:20
2025-05-15 13:21:00,136.17999,136.3,136.17,136.21001,417074,62.33623,136.11700,136.13741,0.10128369,0.089181045,0.012102640,80.00067817,84.065307,28.66509,150.61363,0.12832849,136.25842,136.055910,135.85340,2025-05-15,13:21
2025-05-15 13:22:00,136.215,136.25,136.1537,136.19,283573,60.89475,136.13645,136.14793,0.10014764,0.091374365,0.0087732788,75.55525,76.67424,28.83935,106.51442,0.12604061,136.27431,136.065160,135.85601,2025-05-15,13:22
2025-05-15 13:23:00,136.17,136.21989,136.14999,136.1646,213818,59.027863,136.15565,136.15126,0.096089619,0.092317416,0.0037722028,69.90946,75.15513,28.93542,79.52371,0.12203060,136.28156,136.068395,135.85523,2025-05-15,13:23
2025-05-15 13:24:00,136.16499,136.27,136.16,136.22,317362,61.77974,136.18330,136.16501,0.096234961,0.093100925,0.0031340361,82.22169,75.89547,29.48695,94.72041,0.12117132,136.29719,136.074310,135.85143,2025-05-15,13:24
2025-05-15 13:25:00,136.22501,136.27,136.16,136.21001,279501,60.98403,136.19719,136.17401,0.094454856,0.093371711,0.0010831448,80.00067817,77.37728,29.99908,81.68882,0.12037341,136.31274,136.083236,135.85373,2025-05-15,13:25
2025-05-15 13:26:00,136.205,136.205,136.11,136.11,368784,53.55157,136.19663,136.16121,0.084006083,0.091498585,-0.0074925024,45.71453,69.31230,29.52882,31.55893,0.11891860,136.31525,136.088736,135.86222,2025-05-15,13:26
2025-05-15 13:27:00,136.1185,136.16,136.020004,136.1514,462481,55.94510,136.19124,136.15925,0.078164721,0.088831813,-0.010667092,57.54207,61.085761,27.69833,9.23682,0.12042437,136.32122,136.094221,135.86722,2025-05-15,13:27
2025-05-15 13:28:00,136.1599,136.25999,136.12,136.2516,334406,61.16215,136.18808,136.17772,0.080690908,0.087203632,-0.0065127240,85.76429,63.0069663,27.090586,69.59757,0.12182259,136.33729,136.10855,135.87981,2025-05-15,13:28
2025-05-15 13:29:00,136.25,136.27,136.1601,136.22,268990,58.79739,136.19196,136.18617,0.079229686,0.085608842,-0.0063791568,76.46980,73.25872,26.62358,67.87964,0.12097162,136.34408,136.12178,135.89948,2025-05-15,13:29
2025-05-15 13:30:00,136.22,136.22,136.050003,136.070007,339243,49.094619,136.17640,136.16294,0.065216626,0.081530399,-0.016313773,17.85831,60.030800,24.75647,-13.21410,0.12447352,136.33241,136.12953,135.92665,2025-05-15,13:30
2025-05-15 13:31:00,136.074997,136.13,135.98,136.00019836,358546,45.34418,136.15531,136.13039,0.047925718,0.074809463,-0.026883745,6.31318,33.54710,23.68808,-86.35612,0.12629749,136.31645,136.13504,135.95364,2025-05-15,13:31
2025-05-15 13:32:00,136.014999,136.080002,135.87,135.94,443518,42.34057,136.13036,136.092314,0.029030594,0.065653689,-0.036623095,16.28047,13.48399,23.64701,-145.52653,0.13227672,136.32715,136.12904,135.93094,2025-05-15,13:32
2025-05-15 13:33:00,135.925,135.99989,135.905,135.985,1858591,45.25963,136.10425,136.070851,0.017485487,0.056020049,-0.038534562,26.74497,16.44621,23.60888,-136.14398,0.12960656,136.32950,136.12754,135.92559,2025-05-15,13:33
2025-05-15 13:34:00,135.9812,135.9812,135.87,135.88499,248259,40.36827,136.068134,136.033680,0.00026321510,0.044868682,-0.044605467,3.48817,15.50454,23.85718,-163.84464,0.12856362,136.34300,136.12220,135.90140,2025-05-15,13:34
2025-05-15 13:35:00,135.88,135.8999,135.74001,135.85539,545807,39.023868,136.039844,135.99802,-0.015594434,0.032776059,-0.048370493,21.77118,17.33477,24.97953,-196.70785,0.13080171,136.35785,136.11642,135.87498,2025-05-15,13:35
2025-05-15 13:36:00,135.86,135.985,135.85001,135.97501,352914,46.74208,136.020245,135.99342,-0.018298975,0.022561052,-0.040860027,44.33984,23.19973,24.94788,-113.45021,0.13110120,136.35986,136.11092,135.86198,2025-05-15,13:36
2025-05-15 13:37:00,135.98,136.045395,135.88,136.039993,315473,50.41443,135.99673,136.0027340,-0.015025219,0.015043798,-0.030069017,56.60160,40.90421,24.24187,-70.66052,0.13355040,136.35800,136.10717,135.85633,2025-05-15,13:37
2025-05-15 13:38:00,136.050003,136.105,136.009903,136.021301,280253,49.36016,135.97466,136.0064475,-0.013780184,0.0092790013,-0.023059185,53.074797,51.33875,22.97160,-32.035770,0.13080343,136.34793,136.098231,135.84853,2025-05-15,13:38
2025-05-15 13:39:00,136.029999,136.044907,135.9615,136.014999,229308,48.98821,135.96854,136.0081579,-0.013150404,0.0047931202,-0.017943524,51.88576,53.85405,22.20226,-48.36535,0.12741779,136.32252,136.084981,135.84744,2025-05-15,13:39
2025-05-15 13:40:00,136.0099945,136.014999,135.92,135.9323,189384,44.27320,135.96100,135.99299,-0.019104486,0.000013598919,-0.019118085,36.28145,47.080670,21.82435,-71.73086,0.12510232,136.31409,136.072340,135.83059,2025-05-15,13:40
2025-05-15 13:41:00,135.94,136.050003,135.92999,136.040207,205292,50.91206,135.97213,136.0024299,-0.014943433,-0.0029778074,-0.011965625,56.64191,48.26971,21.085408,-35.69178,0.12473861,136.29745,136.063850,135.83025,2025-05-15,13:41
2025-05-15 13:42:00,136.0401,136.065002,135.99001,136.058899,198131,51.97924,135.98034,136.013724,-0.010021951,-0.0043866362,-0.0056353152,60.16871,51.030690,20.23208,-11.27315,0.12118564,136.28361,136.057295,135.83098,2025-05-15,13:42
2025-05-15 13:43:00,136.059998,136.17999,136.029999,136.17,315208,57.84532,136.012010,136.044979,0.0028107380,-0.0029471614,0.0057578993,89.58260,68.79774,19.28569,53.39634,0.12324337,136.28441,136.057565,135.83072,2025-05-15,13:43
2025-05-15 13:44:00,136.175,136.19501,136.14,136.1646,279476,57.47769,136.046366,136.068902,0.012401910,0.00012265298,0.012279257,93.31634,81.022553,18.54210,86.37388,0.11836941,136.27489,136.054795,135.83470,2025-05-15,13:44
2025-05-15 13:45:00,136.145,136.16499,136.059998,136.062393,183592,50.88768,136.056076,136.067600,0.011622054,0.0024225332,0.0091995208,70.85415,84.58437,17.39681,41.77409,0.11741415,136.25578,136.047414,135.83905,2025-05-15,13:45
2025-05-15 13:46:00,136.065994,136.10001,135.99001,135.995,336334,47.056165,136.051076,136.053079,0.0055021261,0.0030384518,0.0024636743,56.041450,73.40398,16.95781,-7.94773,0.11688461,136.24915,136.041664,135.83418,2025-05-15,13:46
2025-05-15 13:47:00,135.995,136.044998,135.94,135.9646,244198,45.39611,136.044776,136.035383,-0.0017801044,0.0020747405,-0.0038548450,49.36115,58.75225,16.95929,-41.78460,0.11603540,136.23599,136.032324,135.82866,2025-05-15,13:47
2025-05-15 13:48:00,135.96001,136.0050049,135.89,135.92999,729190,43.51388,136.035331,136.014305,-0.010225937,-0.00038539492,-0.0098405417,41.75526,49.052617,17.34606,-71.90916,0.11596184,136.19769,136.016244,135.83479,2025-05-15,13:48
2025-05-15 13:49:00,135.9301,136.0,135.91,135.98,212363,46.93731,136.040631,136.0074433,-0.012737659,-0.0028558478,-0.0098818116,37.67802,42.93147,17.70520,-45.57724,0.11410716,136.16015,136.0042435,135.84833,2025-05-15,13:49
2025-05-15 13:50:00,135.98,136.070007,135.92599,136.065002,287382,52.23702,136.043386,136.018955,-0.0077792124,-0.0038405207,-0.0039386917,58.72893,46.054068,17.20435,23.29073,0.11624325,136.15950,136.0039932,135.84849,2025-05-15,13:50
2025-05-15 13:51:00,136.069901,136.080002,135.95,136.029999,237128,50.021554,136.040175,136.021164,-0.0065980522,-0.0043920270,-0.0022060252,45.90025,47.43573,16.62491,24.23908,0.11722622,136.16138,136.0054832,135.84958,2025-05-15,13:51
2025-05-15 13:52:00,136.035004,136.059998,135.94,135.99249,232414,47.68774,136.020452,136.015430,-0.0085893902,-0.0052314997,-0.0033578905,33.60348,46.077552,16.18646,-4.85115,0.11742400,136.16125,136.0081078,135.85496,2025-05-15,13:52
2025-05-15 13:53:00,136.0,136.0,135.92999,135.9377,150737,44.42659,135.99524,135.99988,-0.014422727,-0.0070697451,-0.0073529816,15.63860,31.71411,15.88336,-55.31898,0.11403710,136.16168,136.0057426,135.84981,2025-05-15,13:53
2025-05-15 13:54:00,135.935,136.012497,135.86,136.0048981,285028,49.030150,135.98885,136.00088632,-0.013467983,-0.0083493926,-0.0051185901,43.25211,30.83140,16.28850,-56.69055,0.11678419,136.15753,136.011738,135.86594,2025-05-15,13:54
2025-05-15 13:55:00,136.0050049,136.0099945,135.91,135.9399,207645,45.13531,135.98273,135.98869,-0.017751862,-0.010229887,-0.0075219759,23.84878,27.57983,16.66471,-80.54634,0.11558466,136.14760,136.015963,135.88433,2025-05-15,13:55
2025-05-15 13:56:00,135.95,135.97,135.87,135.8999,349012,42.87843,135.97554,135.97093,-0.024096226,-0.013003154,-0.011093071,11.91073,26.33720,17.39216,-133.52044,0.11447191,136.15231,136.012208,135.87210,2025-05-15,13:56
2025-05-15 13:57:00,135.89149,136.0,135.84,135.9998,424986,49.65084,135.98330,135.97671,-0.020823106,-0.014567145,-0.0062559609,45.014184,26.92456,18.33766,-80.69998,0.11772418,136.14981,136.010198,135.87059,2025-05-15,13:57
2025-05-15 13:58:00,136.0,136.050003,135.92999,135.93449,332727,45.82577,135.97824,135.96826,-0.023231119,-0.016299940,-0.0069311797,29.076482,28.66713,18.42358,-42.51502,0.11788748,136.14916,136.0058578,135.86255,2025-05-15,13:58
2025-05-15 13:59:00,135.92999,135.98,135.88,135.9314,184408,45.64615,135.96340,135.96089,-0.025100094,-0.018059971,-0.0070401238,35.15258,36.41442,18.98459,-88.71609,0.11660914,136.14851,136.0016777,135.85485,2025-05-15,13:59
2025-05-15 14:00:00,135.935,135.935,135.75,135.78,409485,37.83931,135.93562,135.92471,-0.038355660,-0.022119108,-0.016236552,9.090489,24.43985,20.50591,-198.55455,0.12149403,136.16782,135.99406,135.82030,2025-05-15,14:00
2025-05-15 14:01:00,135.795,135.89999,135.74001,135.89,315517,45.17604,135.92423,135.91777,-0.039528996,-0.025601086,-0.013927910,44.11633,29.45313,21.98461,-150.45523,0.12424363,136.16462,135.98655,135.80849,2025-05-15,14:01
2025-05-15 14:02:00,135.89,135.96001,135.89,135.91541,315875,46.73960,135.92175,135.91730,-0.037971122,-0.028075093,-0.0098960293,51.58873,34.93185,22.43967,-61.013554,0.12036961,136.15677,135.97938,135.80199,2025-05-15,14:02
2025-05-15 14:03:00,135.91499,135.91499,135.7834,135.83501,265435,42.59918,135.90288,135.90084,-0.042731408,-0.031006356,-0.011725052,27.94184,41.21563,23.62108,-139.22455,0.12120062,136.12769,135.96263,135.79757,2025-05-15,14:03
2025-05-15 14:04:00,135.83501,135.8649,135.75,135.7719,259831,39.63138,135.88421,135.87505,-0.051008452,-0.035006775,-0.016001677,9.37977,29.63678,24.92581,-181.33641,0.12075048,136.10054,135.94299,135.78545,2025-05-15,14:04
2025-05-15 14:05:00,135.77,135.82001,135.67,135.7,381380,36.51060,135.86200,135.84004,-0.062647589,-0.040534938,-0.022112651,7.69201,15.0045372,26.59172,-212.13286,0.12284039,136.10506,135.92487,135.74469,2025-05-15,14:05
2025-05-15 14:06:00,135.705,135.8,135.59,135.71001,459732,37.25142,135.82980,135.81403,-0.070254138,-0.046478778,-0.023775360,26.088831,14.38687,28.52844,-192.67754,0.12906655,136.11038,135.91062,135.71086,2025-05-15,14:06
2025-05-15 14:07:00,135.71001,135.86,135.64999,135.82001,448055,44.86505,135.81708,135.81523,-0.066638091,-0.050510641,-0.016127451,50.0016585,27.92750,29.46516,-104.28087,0.13484799,136.10527,135.90339,135.70152,2025-05-15,14:07
2025-05-15 14:08:00,135.825,135.87,135.74001,135.7718,267513,42.43523,135.79935,135.80654,-0.066890812,-0.053786675,-0.013104137,39.52300,38.53783,30.19449,-78.77689,0.13450097,136.10483,135.89548,135.68614,2025-05-15,14:08
2025-05-15 14:09:00,135.77,135.825,135.71001,135.74001,207838,40.86296,135.79490,135.79324,-0.068863222,-0.056801984,-0.012061238,32.61021,40.71162,31.056808,-94.18510,0.13310734,136.099485,135.88349,135.66749,2025-05-15,14:09
2025-05-15 14:10:00,135.73,135.74001,135.62,135.6299,271470,35.90262,135.76600,135.76057,-0.078407290,-0.061123045,-0.017284244,8.67416,26.93579,32.36012,-145.87047,0.13217185,136.087638,135.86173,135.63582,2025-05-15,14:10
2025-05-15 14:11:00,135.625,135.7301,135.58,135.59151,363267,34.33749,135.73001,135.72676,-0.088053844,-0.066509205,-0.021544639,2.44789,14.57742,33.76988,-150.16496,0.13345248,136.080748,135.83981,135.59886,2025-05-15,14:11
2025-05-15 14:12:00,135.593,135.645,135.5601,135.63989,289920,38.0056294,135.70834,135.70938,-0.090748401,-0.071357044,-0.019391357,19.0021077,10.041388,35.17706,-144.44757,0.12998444,136.067410,135.82218,135.57694,2025-05-15,14:12
2025-05-15 14:13:00,135.63,135.73,135.63,135.645,221271,38.39716,135.69424,135.69651,-0.091417582,-0.075369152,-0.016048430,21.23016,14.22672,35.20617,-97.23030,0.12784204,136.058324,135.80754,135.55676,2025-05-15,14:13
2025-05-15 14:14:00,135.64,135.6412,135.45,135.495,566479,32.0084625,135.67146,135.65620,-0.10286661,-0.080868644,-0.021997970,8.82300,16.35176,36.19942,-167.75019,0.13263956,136.050447,135.78205,135.51364,2025-05-15,14:14
2025-05-15 14:15:00,135.495,135.495,135.33,135.38,585117,28.14292,135.63479,135.60096,-0.11983740,-0.088662395,-0.031175001,7.93693,12.66336,37.59791,-206.35588,0.13495054,136.064291,135.75405,135.44381,2025-05-15,14:15
2025-05-15 14:16:00,135.38,135.47,135.17,135.19,547279,23.16488,135.56479,135.51877,-0.14692481,-0.10031488,-0.046609935,2.68515,6.48170,39.39664,-222.38376,0.14674000,136.10661,135.71856,135.33050,2025-05-15,14:16
2025-05-15 14:17:00,135.17999,135.21001,134.95,135.099899,772261,21.24566,135.49013,135.43500,-0.17366051,-0.11498400,-0.058676504,16.29377,8.97195,41.57182,-245.90957,0.15483070,136.12435,135.67356,135.22277,2025-05-15,14:17
2025-05-15 14:18:00,135.093994,135.19,135.041397,135.1501,388675,24.97524,135.42459,135.37802,-0.18862357,-0.12971192,-0.058911651,21.75045,13.57646,43.59163,-186.77937,0.15438603,136.12245,135.63434,135.14624,2025-05-15,14:18
2025-05-15 14:19:00,135.14999,135.175,134.91,134.92,410767,20.24315,135.34571,135.28641,-0.21655297,-0.14708013,-0.069472839,1.041104,13.028440,45.71754,-183.30007,0.16228699,136.14272,135.58377,135.024821,2025-05-15,14:19
2025-05-15 14:20:00,134.925,134.96989,134.81,134.845,512088,18.98084,135.26277,135.19813,-0.24194980,-0.16605406,-0.075895735,3.30224,8.69793,47.85719,-175.84123,0.16211626,136.17353,135.53702,134.90052,2025-05-15,14:20
2025-05-15 14:21:00,134.8486,134.92999,134.78,134.8669,486672,20.53880,135.17688,135.13188,-0.25734361,-0.18431197,-0.073031643,7.97239,4.10525,49.89151,-148.41322,0.16125038,136.16378,135.48587,134.80795,2025-05-15,14:21
2025-05-15 14:22:00,134.86,134.89999,134.75999,134.85001,321377,20.21584,135.088545,135.075509,-0.26781908,-0.20101339,-0.066805685,8.45177,6.57547,51.81306,-130.56720,0.15973245,136.13415,135.43260,134.73104,2025-05-15,14:22
2025-05-15 14:23:00,134.8512,134.96001,134.77499,134.955,384147,27.81399,135.028546,135.051408,-0.26459855,-0.21373042,-0.050868127,19.89848,12.10755,52.85784,-103.48528,0.16153819,136.094051,135.38860,134.68314,2025-05-15,14:23
2025-05-15 14:24:00,134.95,135.069,134.92,135.024994,531133,32.43338,134.98910,135.046125,-0.25347657,-0.22167965,-0.031796914,27.31648,18.55558,52.60622,-72.32043,0.16064276,136.050641,135.35125,134.65186,2025-05-15,14:24
2025-05-15 14:25:00,135.020004,135.16,135.0,135.1498,436238,39.82749,134.98463,135.066859,-0.23191845,-0.22372741,-0.0081910406,40.18562,29.13353,51.47027,-46.78081,0.16059711,136.0092414,135.32374,134.63824,2025-05-15,14:25
2025-05-15 14:26:00,135.14,135.32001,135.14,135.3,522279,47.30233,135.0068665,135.11349,-0.20040288,-0.21906251,0.018659625,55.67091,41.057673,49.067419,-11.88519,0.16198359,135.96544,135.30324,134.64105,2025-05-15,14:26
2025-05-15 14:27:00,135.3,135.32001,135.19,135.26781,428000,45.98375,135.019945,135.14435,-0.17599575,-0.21044915,0.034453408,57.62671,51.16108,46.83620,-5.43690,0.15969940,135.89393,135.27563,134.65733,2025-05-15,14:27
2025-05-15 14:28:00,135.27499,135.35001,135.245,135.32179,295409,48.57243,135.064589,135.17984,-0.15056116,-0.19847156,0.047910400,76.43505,63.24422,44.51906,12.59424,0.15579308,135.82885,135.25313,134.67741,2025-05-15,14:28
2025-05-15 14:29:00,135.32001,135.3699,135.2301,135.36,339417,50.38472,135.12181,135.21587,-0.12587004,-0.18395125,0.058081213,84.50710,72.85629,42.20080,24.067932,0.15465079,135.76788,135.23413,134.70038,2025-05-15,14:29
2025-05-15 14:30:00,135.36,135.485,135.28999,135.47501,518245,55.47126,135.18938,135.26770,-0.095916504,-0.16634430,0.070427798,98.62146,86.52120,39.22704,57.99120,0.15753340,135.74110,135.22639,134.71168,2025-05-15,14:30
2025-05-15 14:31:00,135.4718,135.59,135.4519,135.52521,444796,57.51859,135.26440,135.31920,-0.067350898,-0.14654562,0.079194724,92.19414,91.77423,37.17376,93.50934,0.15614474,135.72911,135.22307,134.71703,2025-05-15,14:31
2025-05-15 14:32:00,135.52,135.5768,135.44,135.5,281202,56.12322,135.32496,135.35536,-0.046213762,-0.12647925,0.080265488,89.15709,93.32423,35.17226,92.12840,0.15476261,135.70236,135.21608,134.72979,2025-05-15,14:32
2025-05-15 14:33:00,135.495,135.55991,135.44,135.47,381980,54.43090,135.37440,135.37829,-0.031519740,-0.10748735,0.075967608,85.54279,88.96467,33.31372,93.55905,0.15227268,135.66805,135.20733,134.74660,2025-05-15,14:33
2025-05-15 14:34:00,135.47,135.58,135.42999,135.42999,292807,52.17142,135.40553,135.38863,-0.022839695,-0.090557817,0.067718122,80.72249,85.14079,31.73721,92.086647,0.15211100,135.65750,135.20408,134.75066,2025-05-15,14:34
2025-05-15 14:35:00,135.425,135.47,135.37,135.4502,349759,53.22725,135.42222,135.40094,-0.014167203,-0.075279694,0.061112492,83.15654,83.14061,29.72608,74.65930,0.14838922,135.66744,135.20759,134.74773,2025-05-15,14:35
2025-05-15 14:36:00,135.45,135.48,135.33501,135.34869,267515,47.54802,135.43121,135.39049,-0.015308048,-0.063285365,0.047977317,70.39242,78.090485,27.65371,57.58194,0.14814635,135.67934,135.21552,134.75169,2025-05-15,14:36
2025-05-15 14:37:00,135.34,135.37,135.23,135.325,360108,46.30581,135.43157,135.37739,-0.017917773,-0.054211847,0.036294074,60.44774,71.33224,26.56740,29.010263,0.14756443,135.68975,135.22677,134.76379,2025-05-15,14:37
2025-05-15 14:38:00,135.31,135.3399,135.24001,135.28999,239859,44.45816,135.42379,135.35991,-0.022550553,-0.047879588,0.025329035,49.15171,59.99729,25.55869,20.74302,0.14415977,135.69613,135.23377,134.77141,2025-05-15,14:38
2025-05-15 14:39:00,135.285,135.3499,135.24091,135.2986,230211,45.038804,135.40419,135.34765,-0.025236723,-0.043351015,0.018114292,35.24465,48.28137,24.51861,19.33257,0.14164790,135.69258,135.25270,134.81282,2025-05-15,14:39
2025-05-15 14:40:00,135.3,135.39999,135.27499,135.37,370462,49.73371,135.38694,135.35212,-0.021358276,-0.038952467,0.017594191,44.99886,43.13174,23.037616,33.44187,0.14045876,135.67926,135.27895,134.87864,2025-05-15,14:40
2025-05-15 14:41:00,135.36,135.46001,135.35001,135.44501,384253,54.16389,135.38083,135.37070,-0.012092328,-0.033580439,0.021488111,59.72534,46.65628,21.69516,58.86575,0.13828318,135.66627,135.30785,134.94944,2025-05-15,14:41
2025-05-15 14:42:00,135.44501,135.47,135.36,135.4693,253260,55.53074,135.38075,135.39042,-0.0027570555,-0.027415763,0.024658707,66.47311,57.065768,20.54219,61.024986,0.13626300,135.63532,135.33882,135.042314,2025-05-15,14:42
2025-05-15 14:43:00,135.465,135.47,135.27,135.28011,244209,44.42048,135.36410,135.36836,-0.010504053,-0.024033421,0.013529368,13.91938,46.70594,19.56143,-3.84456,0.14081542,135.59608,135.35507,135.11407,2025-05-15,14:43
2025-05-15 14:44:00,135.28,135.28,135.1449,135.19501,295503,40.49583,135.33574,135.33369,-0.023242399,-0.023875216,0.00063281722,11.25814,30.55021,19.64390,-112.70087,0.14041490,135.56638,135.36357,135.16077,2025-05-15,14:44
2025-05-15 14:45:00,135.1978,135.25,135.070007,135.123,271992,37.47844,135.31067,135.29155,-0.038701801,-0.026840533,-0.011861267,10.39105,11.85619,20.21741,-162.62419,0.14324189,135.57094,135.36224,135.15353,2025-05-15,14:45
2025-05-15 14:46:00,135.125,135.24001,135.11,135.21001,284739,43.0046008,135.29789,135.27524,-0.043432202,-0.030158867,-0.013273335,27.45116,16.36678,20.74995,-125.52130,0.14229638,135.57530,135.35774,135.14017,2025-05-15,14:46
2025-05-15 14:47:00,135.21989,135.24001,135.020096,135.054993,285309,36.76893,135.27178,135.23119,-0.059009196,-0.035928933,-0.023080263,6.23263,14.69161,21.80689,-167.47339,0.14784019,135.59928,135.34709,135.094912,2025-05-15,14:47
2025-05-15 14:48:00,135.050003,135.059998,134.9501,135.0099945,361823,35.17450,135.23971,135.18695,-0.074130521,-0.043569250,-0.030561271,11.30244,14.99541,23.17340,-193.54819,0.14512973,135.62344,135.33150,135.039574,2025-05-15,14:48
2025-05-15 14:49:00,135.0,135.13,134.97,135.11,291809,41.26988,135.21082,135.17156,-0.077155226,-0.050286446,-0.026868781,30.17537,15.90348,23.61029,-132.21965,0.14619216,135.62600,135.31900,135.012005,2025-05-15,14:49
2025-05-15 14:50:00,135.12,135.13989,134.96001,135.014999,219077,37.64838,135.16305,135.14025,-0.086224192,-0.057473995,-0.028750197,12.48239,17.98673,24.079335,-128.78158,0.14859885,135.62120,135.29600,134.97081,2025-05-15,14:50
2025-05-15 14:51:00,135.0099945,135.020004,134.92999,134.94501,265574,35.19777,135.10479,135.10120,-0.097930309,-0.065565258,-0.032365051,2.78045,15.14607,24.70937,-140.92544,0.14441405,135.60834,135.26699,134.92565,2025-05-15,14:51
2025-05-15 14:52:00,134.94,134.99001,134.8515,134.86301,301631,32.52649,135.058446,135.053562,-0.11252712,-0.074957630,-0.037569491,1.86017,5.70767,25.76870,-146.19409,0.14399190,135.60153,135.23514,134.86876,2025-05-15,14:52
2025-05-15 14:53:00,134.86,134.89999,134.73,134.82899,384272,31.45999,135.017778,135.0086484,-0.12539421,-0.085044945,-0.040349260,13.37815,6.0062534,27.36392,-158.0037166,0.14584949,135.59308,135.20309,134.81310,2025-05-15,14:53
2025-05-15 14:54:00,134.825,134.83,134.66,134.69501,388255,27.61817,134.97022,134.94592,-0.14473472,-0.096982899,-0.047751817,4.32145,6.51992,29.14455,-167.78805,0.14757440,135.59996,135.16635,134.73273,2025-05-15,14:54
2025-05-15 14:55:00,134.6949,134.6983,134.57001,134.6199,340632,25.72205,134.90466,134.88072,-0.16422932,-0.11043218,-0.053797138,5.54406,7.74789,31.14072,-174.44025,0.14619736,135.59889,135.12483,134.65077,2025-05-15,14:55
2025-05-15 14:56:00,134.62,134.78,134.6111,134.67999,393629,29.87054,134.86299,134.84057,-0.17283788,-0.12291332,-0.049924558,12.22068,7.36206,31.98982,-134.091788,0.14781895,135.59121,135.091396,134.59158,2025-05-15,14:56
2025-05-15 14:57:00,134.675,134.765,134.64999,134.75481,356246,34.75638,134.83464,134.82342,-0.17164476,-0.13265961,-0.038985150,26.028369,14.59770,32.77827,-109.061828,0.14547513,135.57113,135.062886,134.55464,2025-05-15,14:57
2025-05-15 14:58:00,134.76041,134.83,134.7,134.715,310910,33.42204,134.79075,134.80173,-0.17192966,-0.14051362,-0.031416036,21.32214,19.85706,32.73086,-90.45894,0.14437011,135.55269,135.034136,134.51559,2025-05-15,14:58
2025-05-15 14:59:00,134.71001,134.715,134.59,134.61501,376213,30.27784,134.74630,134.76439,-0.17817003,-0.14804490,-0.030125127,6.71616,18.022225,33.27881,-110.27240,0.14298653,135.53415,134.99996,134.46576,2025-05-15,14:59
2025-05-15 15:00:00,134.61501,134.69,134.50999,134.61,426881,30.12508,134.70908,134.73351,-0.18142803,-0.15472153,-0.026706504,13.69926,13.91252,34.15914,-108.58805,0.14563092,135.49358,134.96196,134.43034,2025-05-15,15:00
2025-05-15 15:01:00,134.61,134.78,134.58501,134.7,414684,36.34450,134.69097,134.72681,-0.17473385,-0.15872399,-0.016009856,30.16400,16.85981,33.98213,-75.57880,0.14915671,135.41880,134.92471,134.43062,2025-05-15,15:01
2025-05-15 15:02:00,134.7099,134.9099,134.705,134.85001,354614,45.11387,134.69330,134.75145,-0.15553131,-0.15808545,0.0025541491,53.97883,32.61403,32.60067,-27.97940,0.15349551,135.32046,134.89374,134.46702,2025-05-15,15:02
2025-05-15 15:03:00,134.8401,134.91,134.82001,134.84,280693,44.67163,134.70941,134.76916,-0.13951264,-0.15437089,0.014858250,52.38972,45.51085,31.31696,-8.60466,0.14895986,135.26016,134.87174,134.48331,2025-05-15,15:03
2025-05-15 15:04:00,134.83459,134.88879,134.82001,134.8551,191449,45.53928,134.73554,134.78635,-0.12416747,-0.14833021,0.024162741,67.66695,58.011831,30.12493,-2.87746,0.14323320,135.21373,134.85474,134.49575,2025-05-15,15:04
2025-05-15 15:05:00,134.85001,134.95,134.81,134.91859,265759,49.14877,134.76206,134.81280,-0.10566500,-0.13979717,0.034132162,85.12302,68.39323,28.43876,21.24022,0.14300221,135.18346,134.84452,134.50558,2025-05-15,15:05
2025-05-15 15:06:00,134.925,135.020004,134.84,134.87,393291,46.60270,134.77485,134.82424,-0.093841476,-0.13060603,0.036764552,70.58700,74.45899,26.55176,40.047320,0.14564548,135.12271,134.82752,134.53233,2025-05-15,15:06
2025-05-15 15:07:00,134.86,134.89999,134.61501,134.625,397746,36.37326,134.76486,134.78439,-0.10305238,-0.12509530,0.022042919,22.54966,59.41990,26.093631,-57.92554,0.15559854,135.094365,134.80602,134.51768,2025-05-15,15:07
2025-05-15 15:08:00,134.6152,134.63499,134.45,134.535,581381,33.46716,134.75597,134.73451,-0.11627371,-0.12333098,0.0070572719,14.91327,36.016645,26.50351,-138.38695,0.15769847,135.077661,134.78227,134.48688,2025-05-15,15:08
2025-05-15 15:09:00,134.53,134.53999,134.42999,134.455,278761,31.089227,134.73874,134.67861,-0.13168916,-0.12500262,-0.0066865401,4.23876,13.90056,26.97545,-159.14296,0.15429148,135.037453,134.74952,134.46159,2025-05-15,15:09
2025-05-15 15:10:00,134.45,134.47,134.32001,134.435,506556,30.50556,134.70930,134.62989,-0.14386184,-0.12877446,-0.015087377,16.42725,11.85976,27.89130,-179.60915,0.15398451,135.012462,134.72052,134.42858,2025-05-15,15:10
2025-05-15 15:11:00,134.43159,134.53999,134.42,134.4601,365321,32.22495,134.66598,134.59593,-0.14975705,-0.13297098,-0.016786072,20.013079,13.55969,28.10148,-128.64656,0.15155670,134.99015,134.69628,134.40240,2025-05-15,15:11
2025-05-15 15:12:00,134.46001,134.57001,134.395,134.5601,342558,38.72928,134.63488,134.58876,-0.14469148,-0.13531508,-0.0093764013,34.29973,23.58002,28.027904,-97.82557,0.15323144,134.97026,134.68113,134.39200,2025-05-15,15:12
2025-05-15 15:13:00,134.56,134.66,134.56,134.63499,325411,43.13071,134.61042,134.59801,-0.13309968,-0.13487200,0.0017723187,44.99837,33.10372,27.18832,-32.42661,0.14942963,134.95298,134.67143,134.38988,2025-05-15,15:13
2025-05-15 15:14:00,134.6288,134.67999,134.58,134.645,243612,43.71272,134.58002,134.60741,-0.12170248,-0.13223809,0.010535615,46.42834,41.90881,26.24326,-20.56529,0.14589829,134.95049,134.66893,134.38737,2025-05-15,15:14
2025-05-15 15:15:00,134.64,134.72,134.55,134.705,283347,47.20074,134.56169,134.62693,-0.10660000,-0.12711048,0.020510478,54.99946,48.80872,25.030594,-8.34373,0.14761971,134.95422,134.67318,134.39215,2025-05-15,15:15
2025-05-15 15:16:00,134.7,134.87,134.69,134.83501,445061,53.87115,134.58502,134.66854,-0.083181993,-0.11832478,0.035142786,73.57166,58.33315,23.69325,65.35624,0.14993206,134.97071,134.68094,134.39116,2025-05-15,15:16
2025-05-15 15:17:00,134.83,134.88,134.74001,134.74001,279791,48.99956,134.60780,134.68284,-0.071465056,-0.10895283,0.037487778,60.00000,62.85704,22.51929,55.82863,0.14922259,134.96929,134.68020,134.39110,2025-05-15,15:17
2025-05-15 15:18:00,134.74001,134.755,134.50999,134.64931,418395,44.83134,134.62939,134.67613,-0.068705890,-0.10090345,0.032197555,47.043052,60.20490,21.92908,-20.42223,0.15606457,134.96584,134.67691,134.38798,2025-05-15,15:18
2025-05-15 15:19:00,134.64,134.69,134.47,134.5988,367125,42.65531,134.64759,134.66066,-0.069790193,-0.094680795,0.024890602,39.82779,48.95695,21.60275,-45.98634,0.16063147,134.96581,134.67610,134.38639,2025-05-15,15:19
2025-05-15 15:20:00,134.5934,134.63,134.42,134.4782,387673,37.92186,134.64960,134.62417,-0.079465338,-0.091637704,0.012172366,27.27440,38.048415,21.57406,-81.37620,0.16415828,134.97070,134.66951,134.36832,2025-05-15,15:20
2025-05-15 15:21:00,134.47,134.4899,134.31,134.34,540994,33.35436,134.62515,134.56734,-0.097164402,-0.092743043,-0.0044213583,5.26288,24.12169,22.10570,-128.89276,0.16528277,134.98460,134.65151,134.31842,2025-05-15,15:21
2025-05-15 15:22:00,134.33031,134.33031,134.089996,134.13499,862872,27.97223,134.56959,134.48087,-0.12627732,-0.099449900,-0.026827425,5.69591,12.74440,23.49185,-190.12230,0.17133400,135.0047530,134.61576,134.22677,2025-05-15,15:22
2025-05-15 15:23:00,134.13,134.17,133.96021,134.023407,927477,25.55499,134.50052,134.38938,-0.15654911,-0.11086974,-0.045679366,6.87127,5.94335,25.19922,-207.88282,0.17408108,135.027443,134.57493,134.12242,2025-05-15,15:23
2025-05-15 15:24:00,134.020004,134.17999,134.0041962,134.054993,547355,27.46571,134.42830,134.32250,-0.17596262,-0.12388832,-0.052074305,10.30524,7.62414,26.69754,-170.089409,0.17420361,135.021478,134.53493,134.048372,2025-05-15,15:24
2025-05-15 15:25:00,134.049896,134.085007,133.77,133.8,755649,22.45509,134.31330,134.21800,-0.20950842,-0.14101234,-0.068496084,2.70259,6.62637,28.75280,-202.50707,0.18426067,135.029271,134.47900,133.92872,2025-05-15,15:25
2025-05-15 15:26:00,133.78481,133.84,133.59,133.69,905083,20.70063,134.19663,134.11240,-0.24217816,-0.16124550,-0.080932659,7.75236,6.92006,31.059070,-207.77239,0.18895633,135.038708,134.42000,133.80128,2025-05-15,15:26
2025-05-15 15:27:00,133.69,133.86,133.59,133.84,580975,28.86249,134.10671,134.057919,-0.25304892,-0.17960619,-0.073442734,19.37972,9.94489,33.030964,-156.85939,0.19474547,135.040683,134.38075,133.72081,2025-05-15,15:27
2025-05-15 15:28:00,133.84,133.87,133.715,133.735,470387,26.78431,134.010732,133.99334,-0.26705788,-0.19709652,-0.069961352,11.24057,12.79088,34.77278,-128.21618,0.19190642,135.053315,134.34075,133.62818,2025-05-15,15:28
2025-05-15 15:29:00,133.73,133.81,133.67999,133.735,404622,26.78431,133.92815,133.94167,-0.27499016,-0.21267525,-0.062314908,11.24057,13.95362,36.47790,-115.077467,0.18748488,135.061941,134.30475,133.54755,2025-05-15,15:29
2025-05-15 15:30:00,133.735,134.024994,133.73,133.995,683986,39.32976,133.88982,133.95233,-0.25733082,-0.22160636,-0.035724453,31.39505,17.95873,36.24600,-70.92125,0.19516440,135.049039,134.28275,133.51645,2025-05-15,15:30
2025-05-15 15:31:00,134.0,134.078705,133.92,134.029907,560501,40.79674,133.87815,133.96785,-0.23777759,-0.22484061,-0.012936984,37.76031,26.79864,35.63746,-47.95763,0.19256028,135.030553,134.26124,133.49192,2025-05-15,15:31
2025-05-15 15:32:00,134.020004,134.19501,134.020004,134.11,514192,44.13408,133.88777,133.99628,-0.21335919,-0.22254433,0.0091851400,47.27285,38.80940,34.27064,-25.84259,0.19130619,134.99803,134.23873,133.47943,2025-05-15,15:32
2025-05-15 15:33:00,134.10001,134.1916,134.080093,134.17,396064,46.56410,133.90054,134.031023,-0.18701038,-0.21543754,0.028427157,55.76895,46.93404,33.0014413,-14.52352,0.18560655,134.95298,134.21548,133.47798,2025-05-15,15:33
2025-05-15 15:34:00,134.16859,134.27,134.16,134.1799,455135,46.97408,133.94276,134.060798,-0.16344558,-0.20503914,0.041593568,65.55209,56.19796,31.28793,1.53768,0.18020613,134.90293,134.19223,133.48152,2025-05-15,15:34
2025-05-15 15:35:00,134.17,134.21001,134.080994,134.14,357318,45.46059,133.99276,134.076639,-0.14630354,-0.19329202,0.046988483,74.29355,65.20486,30.12069,-6.61551,0.17654948,134.83470,134.16398,133.49325,2025-05-15,15:35
2025-05-15 15:36:00,134.145,134.17999,134.059998,134.12,408350,44.68330,134.023866,134.085310,-0.13280168,-0.18119395,0.048392278,77.94009,72.59524,29.14815,-4.75774,0.17250988,134.72412,134.12822,133.53233,2025-05-15,15:36
2025-05-15 15:37:00,134.12019,134.13,133.9901,134.12,370584,44.68330,134.066644,134.092247,-0.12070988,-0.16909714,0.048387257,77.94009,76.72457,28.61271,-7.10603,0.17018116,134.62296,134.097224,133.57149,2025-05-15,15:37
2025-05-15 15:38:00,134.11,134.1685,134.0099945,134.025406,324731,40.85278,134.098911,134.078879,-0.11740623,-0.15875896,0.041352732,64.030068,73.30341,27.80902,-1.89622,0.16934739,134.52709,134.066029,133.60496,2025-05-15,15:38
2025-05-15 15:39:00,134.020004,134.070007,133.96001,134.014999,376761,40.44201,134.10113,134.066103,-0.11431007,-0.14986918,0.035559107,62.49972,68.15663,27.34019,-12.67635,0.16510833,134.42789,134.036839,133.64578,2025-05-15,15:39
2025-05-15 15:40:00,134.014999,134.22,133.94,134.22,537449,50.91276,134.12226,134.096883,-0.094228213,-0.13874099,0.044512774,92.64670,73.058828,25.76287,48.63680,0.17331479,134.37035,134.023930,133.67751,2025-05-15,15:40
2025-05-15 15:41:00,134.22501,134.44,134.19,134.34,615081,55.81001,134.14781,134.14551,-0.067848475,-0.12456248,0.056714009,86.84147,80.66263,24.84315,146.66951,0.17879231,134.37035,134.023930,133.67751,2025-05-15,15:41
2025-05-15 15:42:00,134.33,134.39,134.14011,134.1501,386416,47.69974,134.14560,134.14642,-0.061555757,-0.11196114,0.050405382,61.85553,80.44790,23.66334,97.39080,0.18387094,134.37214,134.024685,133.67723,2025-05-15,15:42
2025-05-15 15:43:00,134.14,134.1693,134.030106,134.125,397178,46.73301,134.13950,134.14214,-0.057926410,-0.10115419,0.043227783,55.63388,68.11029,22.055638,38.28392,0.18067949,134.37995,134.029765,133.67958,2025-05-15,15:43
2025-05-15 15:44:00,134.12,134.22,134.080002,134.17,361611,48.73873,134.14283,134.14771,-0.050833178,-0.091089990,0.040256813,48.076528,55.18864,20.69856,58.17984,0.17777377,134.39091,134.035515,133.68012,2025-05-15,15:44
2025-05-15 15:45:00,134.175,134.24001,134.089996,134.1449,341093,47.66066,134.14560,134.14715,-0.046698842,-0.082211761,0.035512919,40.97900,48.22980,19.55880,54.51671,0.17579059,134.39396,134.052760,133.71156,2025-05-15,15:45
2025-05-15 15:46:00,134.14,134.31,134.13499,134.30499,448882,54.56388,134.16615,134.17872,-0.030156381,-0.071800685,0.041644304,72.99805,54.017860,18.91874,97.55028,0.17573433,134.39821,134.083509,133.76880,2025-05-15,15:46
2025-05-15 15:47:00,134.295,134.36,134.235,134.3199,401555,55.15699,134.19888,134.20695,-0.015662872,-0.060573122,0.044910250,75.97961,63.31889,18.61279,126.0034248,0.17211045,134.41743,134.10750,133.79758,2025-05-15,15:47
2025-05-15 15:48:00,134.32001,134.4399,134.32001,134.425,358975,59.20065,134.24443,134.25056,0.0042551843,-0.047607461,0.051862645,97.00012207,81.99259,18.76836,175.21138,0.16838793,134.43132,134.14200,133.85269,2025-05-15,15:48
2025-05-15 15:49:00,134.425,134.435,134.34,134.37,366114,56.33731,134.26110,134.27445,0.015423909,-0.035001187,0.050425096,85.99854,86.32609,18.91282,154.061498,0.16314602,134.41236,134.17375,133.93515,2025-05-15,15:49
2025-05-15 15:50:00,134.38,134.95,134.38,134.645,1138408,65.35826,134.29499,134.34856,0.045936616,-0.018813626,0.064750242,69.80254,84.26707,21.028592,266.28822,0.19292144,134.50747,134.20625,133.90503,2025-05-15,15:50
2025-05-15 15:51:00,134.64999,134.64999,134.39999,134.455,584854,56.64988,134.32887,134.36985,0.054162199,-0.0042184613,0.058380660,50.99032,68.93046,22.99324,148.064355,0.19699848,134.53586,134.22751,133.91916,2025-05-15,15:51
2025-05-15 15:52:00,134.46001,134.52,134.36,134.505,493514,58.22732,134.37109,134.39688,0.063978358,0.0094209026,0.054557455,55.94114,58.91133,24.49312,109.16518,0.19435599,134.57308,134.24726,133.92144,2025-05-15,15:52
2025-05-15 15:53:00,134.5,134.63,134.4511,134.505,464752,58.22732,134.40831,134.41851,0.070939983,0.021724719,0.049215264,55.94114,54.29087,26.21814,121.54415,0.19325265,134.60625,134.26401,133.92177,2025-05-15,15:53
2025-05-15 15:54:00,134.50999,134.50999,134.23,134.34,938404,51.10957,134.42999,134.40280,0.062422740,0.029864323,0.032558417,33.68776,48.52335,26.20199,40.71266,0.19944881,134.61350,134.27201,133.93053,2025-05-15,15:54
2025-05-15 15:55:00,134.34,134.42,134.21001,134.295,886221,49.33834,134.42888,134.38124,0.051448718,0.034181202,0.017267516,28.79607,39.47499,26.055420,14.49385,0.20020185,134.61591,134.27976,133.94362,2025-05-15,15:55
2025-05-15 15:56:00,134.3,134.67,134.28999,134.66991,1042424,61.35492,134.46777,134.43898,0.072171755,0.041779312,0.030392442,69.55180,44.011877,26.81065,109.76762,0.21304493,134.67510,134.30726,133.93942,2025-05-15,15:56
2025-05-15 15:57:00,134.67,134.72,134.52,134.7099,1011178,62.38002,134.49942,134.49316,0.090775629,0.051578576,0.039197053,72.40248,56.91679,27.66685,139.79971,0.21211293,134.73329,134.33676,133.94022,2025-05-15,15:57
2025-05-15 15:58:00,134.705,134.75999,134.57001,134.645,1007868,59.61656,134.52998,134.52353,0.099139975,0.061090856,0.038049119,64.53576,68.83002,28.58708,127.61781,0.21053252,134.75891,134.36774,133.97657,2025-05-15,15:58
2025-05-15 15:59:00,134.64,134.94,134.52,134.89999,3014033,65.99162,134.55831,134.59882,0.12490449,0.073853582,0.051050907,93.86467,76.93431,29.95912,160.052246,0.22549435,134.83265,134.41199,133.99132,2025-05-15,15:59
2025-05-16 09:30:00,136.25,136.25,135.75999,135.98,16997917,80.22836,134.72776,134.87506,0.22982094,0.10504705,0.12477389,86.76445,81.72163,33.054880,415.58463,0.30581662,135.29393,134.49998,133.70604,2025-05-16,09:30
2025-05-16 09:31:00,135.97,136.059998,135.75,135.9248,1026522,78.42165,134.88551,135.085006,0.30499870,0.14503738,0.15996131,84.059001,88.22938,35.88002,275.10632,0.30611526,135.58228,134.57923,133.57617,2025-05-16,09:31
2025-05-16 09:32:00,135.88499,136.0,135.75,135.85001,807868,75.92612,135.034956,135.23801,0.35445604,0.18692111,0.16753492,80.39239,83.73862,38.50337,203.75936,0.30210702,135.78822,134.66422,133.54022,2025-05-16,09:32
2025-05-16 09:33:00,135.86,136.31,135.855,136.050003,1438875,77.94686,135.22496,135.40041,0.40511946,0.23056078,0.17455867,87.61926,84.023549,41.18535,180.31471,0.31338448,136.0063636,134.76047,133.51458,2025-05-16,09:33
2025-05-16 09:34:00,136.054993,136.2899,136.050003,136.19,820788,79.25929,135.43551,135.55832,0.45136431,0.27472149,0.17664282,94.28592,87.43252,43.67577,153.16815,0.30813550,136.22177,134.86147,133.50117,2025-05-16,09:34
2025-05-16 09:35:00,136.19501,136.2899,135.88,135.935,1102008,70.97393,135.57608,135.63366,0.46211002,0.31219919,0.14991082,82.14278,88.015985,45.057173,113.74145,0.31540417,136.34603,134.95098,133.55592,2025-05-16,09:35
2025-05-16 09:36:00,135.9301,135.96001,135.7,135.8201,1065019,67.54765,135.69943,135.67095,0.45609710,0.34097877,0.11511832,76.67139,84.36670,45.43329,79.71546,0.31144742,136.43770,135.026731,133.61576,2025-05-16,09:36
2025-05-16 09:37:00,135.8136,135.84,135.53,135.55,1000497,60.19156,135.79999,135.64676,0.42464233,0.35771148,0.066930841,63.80963,74.20793,44.99466,53.95432,0.31134386,136.47768,135.088236,133.69879,2025-05-16,09:37
2025-05-16 09:38:00,135.55,135.60001,135.31,135.42,1269912,56.97531,135.85777,135.60141,0.38478829,0.36312684,0.021661441,57.61889,66.033303,43.66428,30.12517,0.30981991,136.49985,135.13799,133.77612,2025-05-16,09:38
2025-05-16 09:39:00,135.44,135.74001,135.39999,135.705,856218,61.79491,135.82721,135.62213,0.37191389,0.36488425,0.0070296397,70.049780,63.82610,42.74333,41.95050,0.31197646,136.54010,135.20474,133.86937,2025-05-16,09:39
2025-05-16 09:40:00,135.715,135.7298,135.57001,135.61,594500,59.40607,135.79223,135.61970,0.35001034,0.36190947,-0.011899131,60.89388,62.85418,41.88817,39.80364,0.30110600,136.57362,135.25299,133.93235,2025-05-16,09:40
2025-05-16 09:41:00,135.6185,135.6201,135.21001,135.24071,821880,51.13142,135.72453,135.54390,0.29940143,0.34940786,-0.050006436,40.26290,57.068851,39.68077,6.96692,0.30889094,136.56136,135.29227,134.023186,2025-05-16,09:41
2025-05-16 09:42:00,135.2485,135.33,135.039993,135.25999,1012977,51.51129,135.63676,135.48712,0.25787716,0.33110172,-0.073224563,41.34039,47.49906,37.064595,-14.40844,0.30754220,136.54704,135.33002,134.11300,2025-05-16,09:42
2025-05-16 09:43:00,135.25999,135.28,135.029999,135.15961,689309,49.36055,135.52227,135.42162,0.21439700,0.30776078,-0.093363774,10.12565,30.57631,34.60214,-26.24175,0.30343204,136.52315,135.36275,134.20235,2025-05-16,09:43
2025-05-16 09:44:00,135.1582,135.42999,135.11,135.34109,770942,53.16757,135.45628,135.40551,0.19236576,0.28468178,-0.092316012,24.30441,25.25682,32.78763,-16.31531,0.30461490,136.47459,135.41281,134.35102,2025-05-16,09:44
2025-05-16 09:45:00,135.345,135.584,135.3,135.58,879999,57.67809,135.42960,135.44041,0.19197072,0.26613956,-0.074168848,42.96903,25.79970,31.55532,3.21411,0.30314217,136.40795,135.47706,134.54616,2025-05-16,09:45
2025-05-16 09:46:00,135.58,135.74001,135.57001,135.735,857392,60.34645,135.45016,135.49933,0.20183808,0.25327927,-0.051441188,55.078321,40.78392,30.83782,28.35004,0.29363188,136.38952,135.53031,134.67111,2025-05-16,09:46
2025-05-16 09:47:00,135.7348,135.75999,135.53999,135.6591,728247,58.40463,135.47672,135.53128,0.20121429,0.24286627,-0.041651981,49.93278,49.32671,30.046205,16.16494,0.28837255,136.35103,135.57777,134.80451,2025-05-16,09:47
2025-05-16 09:48:00,135.66,135.67,135.47,135.52499,566481,55.034754,135.45672,135.53003,0.18773433,0.23183988,-0.044105550,39.28835,48.099819,29.011685,-16.21430,0.28206000,136.26732,135.62177,134.97623,2025-05-16,09:48
2025-05-16 09:49:00,135.52499,135.55,135.39,135.49181,285068,54.20130,135.44359,135.52238,0.17238623,0.21994915,-0.047562925,49.65627,46.29247,27.71006,-50.74269,0.27334169,136.21030,135.65136,135.092423,2025-05-16,09:49
2025-05-16 09:50:00,135.625,135.67999,135.46001,135.5014,1143914,54.41630,135.47256,135.51819,0.15916248,0.20779182,-0.048629341,58.19833,49.047650,26.93098,-26.010235,0.26953057,136.16874,135.62743,135.086119,2025-05-16,09:50
2025-05-16 09:51:00,135.5,135.60989,135.3,135.58,603572,56.22845,135.50811,135.53055,0.15325810,0.19688507,-0.043626976,75.34332,61.065974,25.52315,-36.61397,0.27241344,136.13421,135.61019,135.086175,2025-05-16,09:51
2025-05-16 09:52:00,135.58141,135.64999,135.35001,135.53,548026,54.73758,135.54927,135.53044,0.14289678,0.18608742,-0.043190633,68.49355,67.34507,24.35943,-27.92501,0.27438304,136.10737,135.59419,135.081011,2025-05-16,09:52
2025-05-16 09:53:00,135.53011,135.625,135.46001,135.465,445419,52.77847,135.56303,135.51735,0.12796511,0.17446295,-0.046497845,59.58906,67.80864,23.27883,-18.83961,0.26656948,136.035808,135.56494,135.094073,2025-05-16,09:53
2025-05-16 09:54:00,135.465,135.62,135.39999,135.46001,474063,52.62278,135.54970,135.50588,0.11441018,0.16245240,-0.048042219,58.90554,62.32938,21.99272,-18.16393,0.26324318,135.90321,135.52844,135.15368,2025-05-16,09:54
2025-05-16 09:55:00,135.465,135.5,135.33501,135.47,542042,52.92235,135.52026,135.49871,0.10328368,0.15061866,-0.047334972,60.27466,59.58975,20.49361,-38.10816,0.25622533,135.83063,135.50519,135.17975,2025-05-16,09:55
2025-05-16 09:56:00,135.4615,135.66,135.4525,135.638,675268,57.75756,135.51791,135.52656,0.10679097,0.14185312,-0.035062147,83.28839,67.48953,19.78792,59.42329,0.25274525,135.79488,135.49609,135.19730,2025-05-16,09:56
2025-05-16 09:57:00,135.63,135.64,135.4902,135.53,366886,53.92327,135.51847,135.52725,0.099706337,0.13342376,-0.033717426,64.61571,69.39292,19.13263,44.47765,0.24539170,135.79328,135.49509,135.19689,2025-05-16,09:57
2025-05-16 09:58:00,135.5148,135.66,135.5148,135.575,458533,55.25606,135.52771,135.53680,0.096609039,0.12606082,-0.029451779,59.78239,69.22883,18.61276,59.12969,0.23823534,135.80088,135.50284,135.20479,2025-05-16,09:58
2025-05-16 09:59:00,135.58,135.64999,135.35001,135.56,660073,54.68821,135.53422,135.54144,0.091884891,0.11922563,-0.027340742,56.52159,60.30657,17.31241,21.85585,0.24264623,135.78036,135.49559,135.21081,2025-05-16,09:59
2025-05-16 10:00:00,135.56,135.618,135.020004,135.2001,1040058,43.21313,135.49201,135.47317,0.058427037,0.10706591,-0.048638876,24.33809,46.88069,17.46517,-116.77399,0.26802807,135.78211,135.47509,135.16807,2025-05-16,10:00
2025-05-16 10:01:00,135.2,135.4895,135.17999,135.47,606466,51.44186,135.48534,135.47254,0.053078066,0.096268344,-0.043190278,68.18255,49.68075,17.60701,-56.61763,0.27099101,135.77423,135.48656,135.19889,2025-05-16,10:01
2025-05-16 10:02:00,135.47,135.84,135.4505,135.77,1075388,58.61965,135.51923,135.53203,0.072214265,0.091457528,-0.019243263,91.46430,61.32831,16.58652,134.53553,0.27945564,135.80524,135.51206,135.21887,2025-05-16,10:02
2025-05-16 10:03:00,135.75999,135.95,135.75,135.8037,871597,59.34644,135.55742,135.58636,0.089071693,0.090980361,-0.0019086683,84.26856,81.30514,16.056917,221.19926,0.27378002,135.81624,135.54426,135.27228,2025-05-16,10:03
2025-05-16 10:04:00,135.81,135.8168,135.64999,135.681,541147,55.52196,135.58087,135.60529,0.091476308,0.091079551,0.00039675778,71.075343,82.26940,15.12886,123.061600,0.26613924,135.82260,135.56126,135.29991,2025-05-16,10:04
2025-05-16 10:05:00,135.67461,135.88499,135.60001,135.6965,649949,55.90860,135.58737,135.62353,0.093554502,0.091574541,0.0019799613,72.74234,76.028746,14.54034,113.39227,0.26748561,135.83495,135.56708,135.29921,2025-05-16,10:05
2025-05-16 10:06:00,135.69501,135.72501,135.431,135.481,569311,49.47102,135.58192,135.59503,0.076925695,0.088644772,-0.011719077,49.57013,64.46260,13.73718,-6.66078,0.26937995,135.81313,135.55438,135.29563,2025-05-16,10:06
2025-05-16 10:07:00,135.483,135.83,135.47,135.73129,548480,55.83211,135.59929,135.62228,0.082986929,0.087513203,-0.0045262744,76.48323,66.26523,12.96272,88.10705,0.27585285,135.82439,135.55799,135.29160,2025-05-16,10:07
2025-05-16 10:08:00,135.74001,135.765,135.56,135.565,378601,51.21864,135.59985,135.61082,0.073524717,0.084715506,-0.011190789,58.60242,61.55192,12.24358,48.79953,0.27079206,135.82597,135.55999,135.29402,2025-05-16,10:08
2025-05-16 10:09:00,135.565,135.685,135.515,135.655,415668,53.46001,135.65039,135.61966,0.072452609,0.082262927,-0.0098103173,68.27952,67.78839,11.37488,35.99533,0.26359250,135.83527,135.56815,135.30103,2025-05-16,10:09
2025-05-16 10:10:00,135.64999,135.69501,135.53999,135.60001,410519,51.89103,135.66483,135.61573,0.066400088,0.079090359,-0.012690271,62.36628,63.082737,10.60574,28.72066,0.25583690,135.83872,135.57308,135.30744,2025-05-16,10:10
2025-05-16 10:11:00,135.593,135.74001,135.45,135.45979,493891,48.021237,135.63037,135.58454,0.049716305,0.073215548,-0.023499243,47.28949,59.31176,10.25378,-16.017426,0.25827773,135.83722,135.56707,135.29692,2025-05-16,10:11
2025-05-16 10:12:00,135.45,135.57001,135.41,135.55499,553097,50.70902,135.60273,135.57863,0.043672666,0.067306972,-0.023634306,57.52609,55.72729,10.12254,-43.17788,0.25125815,135.83800,135.56832,135.29864,2025-05-16,10:12
2025-05-16 10:13:00,135.55161,135.61,135.42,135.60699,498351,52.16412,135.59451,135.58430,0.042588231,0.062363223,-0.019774993,63.11774,55.97777,9.76591,-20.45278,0.24688274,135.84129,135.57542,135.30954,2025-05-16,10:13
2025-05-16 10:14:00,135.605,135.66,135.49001,135.52,476648,49.53004,135.57490,135.57144,0.034313864,0.056753352,-0.022439487,44.15711,54.93364,9.14026,-15.34017,0.24139099,135.84034,135.57842,135.31650,2025-05-16,10:14
2025-05-16 10:15:00,135.5118,135.53,135.39,135.47501,512258,48.17489,135.57423,135.55216,0.023850460,0.050172773,-0.026322313,15.17984,40.81823,9.11005,-86.13808,0.23414873,135.84019,135.57867,135.31715,2025-05-16,10:15
2025-05-16 10:16:00,135.47501,135.605,135.46001,135.52,352013,49.65820,135.55076,135.54573,0.018970434,0.043932305,-0.024961872,23.21526,27.51740,8.62243,-35.29530,0.22778018,135.83399,135.57277,135.31155,2025-05-16,10:16
2025-05-16 10:17:00,135.52499,135.7,135.38,135.69701,497710,55.10182,135.56542,135.57598,0.029050678,0.040955980,-0.011905302,62.77383,33.72298,8.38922,10.67296,0.23436674,135.84697,135.58112,135.31527,2025-05-16,10:17
2025-05-16 10:18:00,135.7,135.99001,135.675,135.9046,1097489,60.49709,135.59316,135.64171,0.053177594,0.043400303,0.0097772911,85.99945,57.32951,9.50555,170.76995,0.24012644,135.89845,135.59760,135.29675,2025-05-16,10:18
2025-05-16 10:19:00,135.89999,136.12,135.89999,136.050003,1221402,63.78005,135.64316,135.72337,0.083073376,0.051334917,0.031738459,90.54149,79.77159,11.013788,222.40077,0.23868892,135.98094,135.62210,135.26327,2025-05-16,10:19
2025-05-16 10:20:00,136.039993,136.039993,135.75,135.85001,802069,56.78901,135.68651,135.74869,0.089595120,0.058986958,0.030608162,63.51452,80.018485,11.50495,126.70612,0.24306850,135.96973,135.65460,135.33946,2025-05-16,10:20
2025-05-16 10:21:00,135.855,135.89999,135.74001,135.785,401785,54.69074,135.71207,135.75596,0.088498341,0.064889234,0.023609107,54.73029,69.59543,11.90254,78.11455,0.23713421,135.97841,135.67035,135.36228,2025-05-16,10:21
2025-05-16 10:22:00,135.78011,135.8,135.4501,135.575,739285,48.46090,135.70851,135.71976,0.069877841,0.065886956,0.0039908853,26.35063,48.19848,11.32376,-30.87627,0.24518886,135.96777,135.66060,135.35342,2025-05-16,10:22
2025-05-16 10:23:00,135.57001,135.735,135.50999,135.645,423907,50.48573,135.72240,135.70481,0.060077431,0.064725051,-0.0046476194,35.81120,38.96404,10.78633,-14.48012,0.24374723,135.95276,135.65266,135.35257,2025-05-16,10:23
2025-05-16 10:24:00,135.64481,135.66,135.53,135.63,354491,50.032189,135.73963,135.68985,0.050517872,0.061883615,-0.011365743,33.78423,31.98202,10.28728,-25.89227,0.23562278,135.95007,135.65011,135.35016,2025-05-16,10:24
2025-05-16 10:25:00,135.63,135.80901,135.59151,135.69521,415190,52.048749,135.75909,135.69092,0.047653691,0.059037630,-0.011383940,42.59527,37.39690,10.042442,32.28523,0.23432821,135.94996,135.65005,135.35013,2025-05-16,10:25
2025-05-16 10:26:00,135.69501,135.797,135.69501,135.78979,401516,54.89282,135.76940,135.71070,0.052412192,0.057712542,-0.0053003508,55.37776,43.91909,9.81509,62.27738,0.22487546,135.96076,135.66549,135.37021,2025-05-16,10:26
2025-05-16 10:27:00,135.785,135.78999,135.65221,135.6899,325559,51.42378,135.74555,135.70654,0.047573898,0.055684814,-0.0081109158,41.87768,46.61690,9.35149,30.37751,0.21865485,135.95739,135.66342,135.36944,2025-05-16,10:27
2025-05-16 10:28:00,135.685,135.765,135.42999,135.44,624036,43.94280,135.67777,135.65323,0.023306560,0.049209163,-0.025902603,8.10789,35.12111,9.59799,-63.97217,0.22696569,135.96427,135.65717,135.35006,2025-05-16,10:28
2025-05-16 10:29:00,135.42999,135.4487,135.33,135.425,652087,43.53342,135.63055,135.60758,0.0028315535,0.039933641,-0.037102087,12.025573,20.67038,10.26484,-132.25964,0.21923230,135.96903,135.64567,135.32231,2025-05-16,10:29
2025-05-16 10:30:00,135.425,135.42999,135.11,135.145,750723,36.66640,135.55943,135.51507,-0.035578471,0.024831218,-0.060409690,3.46573,7.86640,11.71104,-193.88786,0.22642942,136.013055,135.62292,135.23278,2025-05-16,10:30
2025-05-16 10:31:00,135.145,135.21001,135.029999,135.054993,704119,34.76773,135.50166,135.42305,-0.072446755,0.0053756237,-0.077822379,2.29303,5.92811,13.31684,-216.23356,0.22311360,136.060666,135.60268,135.14469,2025-05-16,10:31
2025-05-16 10:32:00,135.050003,135.36,135.020004,135.295,847442,43.21171,135.46277,135.39744,-0.081360821,-0.011971665,-0.069389156,24.99965,10.25280,13.88188,-142.32124,0.23146237,136.066706,135.58968,135.11265,2025-05-16,10:32
2025-05-16 10:33:00,135.2981,135.32539,135.14,135.14,562328,39.64276,135.40832,135.34595,-0.099782163,-0.029533765,-0.070248398,11.76435,13.019011,14.40656,-130.20989,0.22817179,136.081844,135.56633,135.050809,2025-05-16,10:33
2025-05-16 10:34:00,135.14,135.14,134.92,135.029999,1211154,37.28895,135.33441,135.28276,-0.12185270,-0.047997551,-0.073855145,11.22460,15.99620,15.68795,-157.37151,0.22758818,136.10792,135.54183,134.97574,2025-05-16,10:34
2025-05-16 10:35:00,135.039993,135.059998,134.88,134.88161,702864,34.32785,135.23350,135.20253,-0.14959331,-0.068316702,-0.081276604,0.17246194,7.72047,17.0077600,-153.82819,0.22418850,136.14715,135.51216,134.87716,2025-05-16,10:35
2025-05-16 10:36:00,134.88,134.92999,134.7,134.71001,849156,31.23858,135.12462,135.10403,-0.18331155,-0.091315672,-0.091995880,0.90258668,4.099883,18.77554,-158.74953,0.22460330,136.19646,135.47166,134.74686,2025-05-16,10:36
2025-05-16 10:37:00,134.7178,134.87,134.6344,134.87,877925,36.93682,135.061289,135.057220,-0.19487735,-0.11202801,-0.082849344,20.057418,7.044156,20.59717,-132.29170,0.22538847,136.19237,135.43031,134.66824,2025-05-16,10:37
2025-05-16 10:38:00,134.88,134.98,134.82001,134.9201,668733,38.65164,135.0051897,135.029797,-0.19772068,-0.12916654,-0.068554141,24.32352,15.094507,21.54137,-97.16898,0.22071704,136.14142,135.38108,134.62074,2025-05-16,10:38
2025-05-16 10:39:00,134.9299,134.9599,134.72,134.72501,503224,34.69583,134.95852,134.96884,-0.21325858,-0.14598495,-0.067273631,7.79347,17.39147,22.73151,-106.54106,0.22208716,136.061261,135.31483,134.56840,2025-05-16,10:39
2025-05-16 10:40:00,134.72,134.73,134.38,134.4911,1022661,30.64625,134.89587,134.87329,-0.24166070,-0.16512010,-0.076540598,7.87944,13.33214,24.69874,-144.25210,0.23122314,136.032453,135.24689,134.46132,2025-05-16,10:40
2025-05-16 10:41:00,134.49001,134.5,134.25,134.29021,1009859,27.66011,134.78423,134.75667,-0.27718509,-0.18753310,-0.089651992,2.65392,6.10895,26.78984,-160.99350,0.23256434,136.020618,135.17215,134.32368,2025-05-16,10:41
2025-05-16 10:42:00,134.2982,134.3054,134.059998,134.11,1090721,25.28053,134.66978,134.62734,-0.31623422,-0.21327332,-0.10296090,3.60070,4.71136,29.076361,-168.20027,0.23348168,136.043150,135.098897,134.15464,2025-05-16,10:42
2025-05-16 10:43:00,134.11,134.30991,133.82001,133.96539,1558114,23.53111,134.55149,134.49495,-0.35476010,-0.24157068,-0.11318942,9.030252,5.094959,31.56694,-164.81756,0.25179718,136.044830,135.014916,133.98500,2025-05-16,10:43
2025-05-16 10:44:00,133.965,133.965,133.50999,133.5235,1156013,19.16635,134.40059,134.30066,-0.41615219,-0.27648698,-0.13966521,0.72994507,4.45363,34.26072,-190.35529,0.26634014,136.086684,134.90959,133.73250,2025-05-16,10:44
2025-05-16 10:45:00,133.52,133.955,133.46001,133.9413,1302430,32.0077534,134.31518,134.22879,-0.42618008,-0.30642560,-0.11975448,25.33128,11.69716,36.81706,-149.67052,0.28267263,136.013057,134.82190,133.63073,2025-05-16,10:45
2025-05-16 10:46:00,133.94501,133.97,133.675,133.8199,791994,30.49197,134.19850,134.14701,-0.43886419,-0.33291332,-0.10595087,19.29325,15.11816,39.093258,-126.14110,0.28355303,135.90386,134.72340,133.54294,2025-05-16,10:46
2025-05-16 10:47:00,133.8,134.14,133.77,134.12,946352,38.27375,134.10960,134.14161,-0.41986140,-0.35030294,-0.069558469,39.28520,27.96991,40.13134,-87.92822,0.28972746,135.76510,134.64491,133.52471,2025-05-16,10:47
2025-05-16 10:48:00,134.125,134.39999,134.050003,134.345,850754,43.39115,134.067378,134.18229,-0.38223923,-0.35669019,-0.025549038,55.31247,37.96364,39.68873,-46.77337,0.29403199,135.65524,134.59016,133.52507,2025-05-16,10:48
2025-05-16 10:49:00,134.345,134.5,134.28,134.47501,1509180,46.16810,134.065589,134.24083,-0.33803641,-0.35295944,0.014923027,66.77676,53.79148,38.79540,-19.88382,0.28874408,135.53696,134.54266,133.54835,2025-05-16,10:49
2025-05-16 10:50:00,134.47141,134.64999,134.41,134.61929,658581,49.14958,134.10215,134.31652,-0.28804222,-0.33997599,0.051933774,76.26940,66.11954,37.28177,6.58650,0.28526166,135.47266,134.51637,133.56008,2025-05-16,10:50
2025-05-16 10:51:00,134.61,134.66,134.48,134.5,629196,46.83975,134.14549,134.35322,-0.25510672,-0.32300214,0.067895421,68.42111,70.48909,35.83104,9.47033,0.27774354,135.41244,134.48862,133.56480,2025-05-16,10:51
2025-05-16 10:52:00,134.4919,134.64999,134.49001,134.5815,413622,48.61638,134.21394,134.39887,-0.21989415,-0.30238054,0.082486392,74.77136,73.15395,34.48394,21.22676,0.26933246,135.30149,134.45295,133.60440,2025-05-16,10:52
2025-05-16 10:53:00,134.58,134.5972,134.38,134.465,504098,46.23749,134.31855,134.41210,-0.19909355,-0.28172314,0.082629589,79.13373,74.10873,33.61381,11.78471,0.26560825,135.20729,134.41920,133.63110,2025-05-16,10:53
2025-05-16 10:54:00,134.45,134.53,134.3118,134.52499,581096,47.65796,134.38341,134.43468,-0.17574179,-0.26052687,0.084785084,88.74916,80.88475,33.033964,13.46367,0.26222200,135.13297,134.39395,133.65492,2025-05-16,10:54
2025-05-16 10:55:00,134.5282,134.66,134.49001,134.605,581087,49.57125,134.47064,134.46874,-0.14906158,-0.23823381,0.089172235,95.41599,87.76629,31.79801,47.69610,0.25563458,135.091971,134.38011,133.66826,2025-05-16,10:55
2025-05-16 10:56:00,134.6001,134.60989,134.47,134.495,312067,47.025898,134.51231,134.47399,-0.13523455,-0.21763396,0.082399411,86.24925,90.13813,30.72697,38.24346,0.24736730,135.067326,134.36936,133.67140,2025-05-16,10:56
2025-05-16 10:57:00,134.495,134.6097,134.49001,134.55,256812,48.45134,134.53509,134.48919,-0.11847218,-0.19780160,0.079329428,90.83326,90.83284,29.73243,48.66075,0.23824749,135.018592,134.35336,133.68814,2025-05-16,10:57
2025-05-16 10:58:00,134.5582,134.5677,134.21001,134.285,467831,42.51603,134.51398,134.44836,-0.12512870,-0.18326702,0.058138320,68.74992,81.94414,29.82668,8.11840,0.24677956,134.93414,134.32161,133.70908,2025-05-16,10:58
2025-05-16 10:59:00,134.285,134.35989,134.22,134.3201,446743,43.50311,134.48073,134.42270,-0.12611835,-0.17183729,0.045718942,65.49192,75.025034,29.91419,0.45416897,0.23914478,134.88532,134.30136,133.71741,2025-05-16,10:59
2025-05-16 11:00:00,134.325,134.61,134.32001,134.55009,449954,49.60979,134.48630,134.44818,-0.10710922,-0.15889168,0.051782452,87.65066,73.96417,28.58492,56.21326,0.24277681,134.89265,134.30431,133.71597,2025-05-16,11:00
2025-05-16 11:01:00,134.55009,134.69,134.5,134.685,441934,52.83035,134.49780,134.49555,-0.080233929,-0.14316013,0.062926197,99.21799,84.12019,26.95828,85.84894,0.23900721,134.93522,134.32405,133.71288,2025-05-16,11:01
2025-05-16 11:02:00,134.6812,134.715,134.58,134.5901,461066,50.39064,134.51170,134.51446,-0.065833364,-0.12769477,0.061861410,75.26817,87.37894,25.32439,79.94480,0.23157774,134.96142,134.34806,133.73469,2025-05-16,11:02
2025-05-16 11:03:00,134.595,134.645,134.50999,134.5464,466401,49.26238,134.51408,134.52085,-0.057286766,-0.11361317,0.056326407,66.61429,80.36682,24.12887,59.32473,0.22468002,134.96992,134.37711,133.78430,2025-05-16,11:03
2025-05-16 11:04:00,134.565,134.63,134.48,134.505,366281,48.16230,134.50297,134.51768,-0.053240205,-0.10153858,0.048298374,58.41668,66.76638,23.15721,47.35924,0.21934639,134.87265,134.42618,133.97972,2025-05-16,11:04
2025-05-16 11:05:00,134.505,134.60989,134.45,134.6013,187964,50.90861,134.51478,134.53440,-0.041781187,-0.089587101,0.047805913,77.48603,67.50567,22.39765,49.85681,0.21509999,134.85172,134.45918,134.066648,2025-05-16,11:05
2025-05-16 11:06:00,134.53999,134.66,134.5,134.6313,323118,51.76589,134.52381,134.55378,-0.029934120,-0.077656505,0.047722384,83.42650,73.10973,21.38199,71.082962,0.21116454,134.76750,134.49975,134.23201,2025-05-16,11:06
2025-05-16 11:07:00,134.56,134.67,134.56,134.655,781881,52.47196,134.56492,134.57403,-0.018420750,-0.065809354,0.047388604,88.11905,83.010525,20.37531,94.51801,0.20393855,134.73817,134.52650,134.31484,2025-05-16,11:07
2025-05-16 11:08:00,134.64999,134.74001,134.49159,134.7244,342114,54.56932,134.60984,134.60410,-0.0036544391,-0.053378371,0.049723932,97.054759,89.53344,18.99280,115.61925,0.20711530,134.75668,134.54547,134.33427,2025-05-16,11:08
2025-05-16 11:09:00,134.73,134.73,134.49001,134.49001,404886,47.021771,134.60317,134.58128,-0.010741545,-0.044851006,0.034109461,52.83008,79.33463,17.71911,32.73767,0.20946351,134.75653,134.54622,134.33592,2025-05-16,11:09
2025-05-16 11:10:00,134.5,134.6899,134.48,134.645,275009,51.77215,134.59872,134.59403,-0.0038071343,-0.036642231,0.032835097,82.075200,77.32001,16.60404,65.83822,0.20949468,134.75989,134.54751,134.33513,2025-05-16,11:10
2025-05-16 11:11:00,134.64,134.9399,134.64,134.92999,755808,59.043824,134.63649,134.66122,0.024403312,-0.024433123,0.048836435,98.64322,77.84950,16.76197,248.55874,0.21595193,134.83745,134.56901,134.30056,2025-05-16,11:11
2025-05-16 11:12:00,134.92,134.99001,134.88,134.9601,508997,59.73450,134.68246,134.72099,0.048628999,-0.0098206983,0.058449697,96.11597,92.27813,17.15425,264.23393,0.20838398,134.90604,134.58794,134.26984,2025-05-16,11:12
2025-05-16 11:13:00,134.96001,134.97,134.83,134.8645,368529,56.47756,134.72240,134.74970,0.059429144,0.0040292702,0.055399874,81.26808,92.0090893,17.13832,186.14566,0.20349937,134.94238,134.60791,134.27345,2025-05-16,11:13
2025-05-16 11:14:00,134.8501,134.9799,134.85001,134.96001,290652,58.88918,134.76226,134.79176,0.074832155,0.018189847,0.056642308,94.44476,90.60960,17.17812,175.42076,0.19824213,134.99490,134.62967,134.26444,2025-05-16,11:14
2025-05-16 11:15:00,134.955,135.065002,134.8905,135.054993,595339,61.19238,134.80933,134.84441,0.093624480,0.033276774,0.060347707,98.37241,91.36175,17.67634,171.28562,0.19654623,135.061343,134.65217,134.24299,2025-05-16,11:15
2025-05-16 11:16:00,135.041702,135.050003,134.84,134.855,592698,54.29500,134.83155,134.84652,0.091326694,0.044886758,0.046439936,65.85287,86.22335,17.71548,109.21671,0.19786410,135.081770,134.67017,134.25856,2025-05-16,11:16
2025-05-16 11:17:00,134.855,134.87,134.73,134.85001,326206,54.13107,134.84551,134.84722,0.088087642,0.053526935,0.034560707,65.041558,76.42228,16.90124,59.14775,0.19373090,135.10001,134.68517,134.27032,2025-05-16,11:17
2025-05-16 11:18:00,134.8501,134.86,134.7411,134.83501,292714,53.60709,134.88385,134.84478,0.083349542,0.059491456,0.023858086,62.60265,64.49903,16.14515,49.18479,0.18838559,135.088882,134.71267,134.33645,2025-05-16,11:18
2025-05-16 11:19:00,134.83501,134.85001,134.71001,134.745,283312,50.45101,134.89496,134.82482,0.071507091,0.061894583,0.0096125081,45.29852,57.64758,15.20030,22.92585,0.18492943,135.064244,134.73391,134.40358,2025-05-16,11:19
2025-05-16 11:20:00,134.741,134.82001,134.67999,134.6817,337396,48.29775,134.86737,134.79620,0.056364871,0.060788641,-0.0044237694,34.47925,47.46014,14.14261,-1.52116,0.18172123,135.061014,134.74049,134.41997,2025-05-16,11:20
2025-05-16 11:21:00,134.685,134.73,134.61,134.65221,275838,47.28494,134.83316,134.76740,0.041506078,0.056932128,-0.015426051,29.43739,36.40505,13.69216,-34.34433,0.17731222,135.060825,134.73885,134.41688,2025-05-16,11:21
2025-05-16 11:22:00,134.64999,134.72,134.63,134.68469,253100,48.56430,134.81318,134.75086,0.031983041,0.051942311,-0.019959269,34.99048,32.96904,13.27388,-28.95573,0.17107537,135.059396,134.74358,134.42777,2025-05-16,11:22
2025-05-16 11:23:00,134.67999,134.795,134.62,134.77499,303987,52.048075,134.79262,134.75568,0.031361034,0.047826055,-0.016465022,50.42646,38.28478,12.42054,-6.99822,0.17135592,135.057728,134.75501,134.45229,2025-05-16,11:23
2025-05-16 11:24:00,134.77499,134.78999,134.66,134.67349,250266,48.10414,134.75023,134.73925,0.022419332,0.042744711,-0.020325379,13.95419,33.12371,11.62815,-25.20210,0.16840119,135.046600,134.76343,134.48027,2025-05-16,11:24
2025-05-16 11:25:00,134.67101,134.745,134.63,134.6411,291435,46.88312,134.72647,134.71962,0.012574065,0.036710582,-0.024136517,6.83457,23.73841,10.97727,-51.74495,0.16458612,135.044535,134.76542,134.48631,2025-05-16,11:25
2025-05-16 11:26:00,134.64011,134.72,134.62,134.677,228409,48.44507,134.70724,134.71109,0.0075813737,0.030884740,-0.023303366,14.72551,11.83809,10.46649,-55.55889,0.15997326,135.043114,134.76771,134.49230,2025-05-16,11:26
2025-05-16 11:27:00,134.67,134.8,134.64,134.785,289036,52.92904,134.70169,134.72588,0.012198844,0.027147561,-0.014948716,38.46205,20.0073778,10.21477,-16.46868,0.15997543,135.044761,134.77421,134.50366,2025-05-16,11:27
2025-05-16 11:28:00,134.7899,134.91,134.75,134.875,329333,56.33692,134.71613,134.75570,0.022856698,0.026289388,-0.0034326903,58.24139,37.14298,10.86598,45.62140,0.15997745,135.054698,134.78174,134.50878,2025-05-16,11:28
2025-05-16 11:29:00,134.8746,134.92,134.81,134.86501,216312,55.85330,134.73650,134.77756,0.030149110,0.027061333,0.0030877775,57.95533,51.55293,11.54477,52.17039,0.15640767,135.040208,134.80049,134.56077,2025-05-16,11:29
2025-05-16 11:30:00,134.86,135.059998,134.825,135.038406,475194,61.95537,134.77941,134.82973,0.049351508,0.031519368,0.017832140,95.20193,70.46622,13.099190,118.90878,0.16202146,135.069966,134.82016,134.57035,2025-05-16,11:30
2025-05-16 11:31:00,135.035004,135.049896,134.89999,134.99001,350112,59.48385,134.81333,134.86179,0.059972672,0.037210029,0.022762644,84.44610,79.20112,14.54258,109.49889,0.16115580,135.079527,134.82316,134.56679,2025-05-16,11:31
2025-05-16 11:32:00,134.99989,135.089996,134.97,135.074997,324903,62.32592,134.84667,134.90443,0.074390593,0.044646141,0.029744452,96.87510,92.17438,16.12681,141.74522,0.15821576,135.10190,134.82891,134.55591,2025-05-16,11:32
2025-05-16 11:33:00,135.071594,135.17,135.029999,135.13499,366603,64.23326,134.89795,134.95054,0.089625059,0.053641925,0.035983134,93.74932,91.69017,18.045876,158.43530,0.15691459,135.14620,134.84243,134.53866,2025-05-16,11:33
2025-05-16 11:34:00,135.14,135.1425,135.029999,135.065002,303107,60.39207,134.94505,134.97343,0.094956113,0.061904763,0.033051351,81.25068,90.62503,19.82786,126.84172,0.15374233,135.16282,134.84768,134.53254,2025-05-16,11:34
2025-05-16 11:35:00,135.059998,135.089996,134.98,134.99001,327909,56.49368,134.97982,134.97675,0.092068082,0.067937426,0.024130655,67.27424,80.75808,20.79792,94.28117,0.15061793,135.15220,134.84443,134.53666,2025-05-16,11:35
2025-05-16 11:36:00,134.99001,135.069794,134.92999,135.018005,315676,57.59427,135.0057136,134.98500,0.090989779,0.072547897,0.018441882,72.36510,73.63001,21.057122,81.19397,0.14984529,135.16954,134.85258,134.53562,2025-05-16,11:36
2025-05-16 11:37:00,135.013504,135.080002,134.94,134.985,274145,55.80230,135.017936,134.98500,0.086475175,0.075333353,0.011141823,66.36427,68.66787,21.37654,70.45104,0.14914201,135.18149,134.85933,134.53717,2025-05-16,11:37
2025-05-16 11:38:00,134.985,135.029999,134.97,135.0025024,166618,56.57390,135.033213,134.98850,0.083348778,0.076936438,0.0064123404,69.54640,69.42526,21.67315,63.17442,0.14277455,135.19556,134.86771,134.53985,2025-05-16,11:38
2025-05-16 11:39:00,135.0,135.019897,134.81,134.88989,345749,50.46876,135.016712,134.96878,0.070966355,0.075742421,-0.0047760661,49.071993,61.66089,20.18074,16.61371,0.14756922,135.19800,134.87495,134.55190,2025-05-16,11:39
2025-05-16 11:40:00,134.8838,135.0099945,134.88,135.0099945,235094,55.93100,135.018933,134.97702,0.070037074,0.074601352,-0.0045642779,69.81056,62.80965,18.79494,40.38287,0.14631353,135.20674,134.89137,134.57599,2025-05-16,11:40
2025-05-16 11:41:00,135.0,135.14999,135.0,135.13,428040,60.60594,135.025045,135.0076184,0.078084338,0.075297949,0.0027863893,90.47775,69.78677,18.65922,94.69176,0.14657642,135.22691,134.91525,134.60360,2025-05-16,11:41
2025-05-16 11:42:00,135.12109,135.25999,135.11,135.1712,542797,62.092621,135.029068,135.040335,0.086785834,0.077595526,0.0091903077,80.26856,80.18562,19.30027,128.48466,0.14682052,135.25141,134.93958,134.62776,2025-05-16,11:42
2025-05-16 11:43:00,135.175,135.24001,135.12,135.16,263411,61.41409,135.039624,135.064269,0.091720789,0.080420578,0.011300210,77.77966,82.84199,19.89553,117.54044,0.14490551,135.27514,134.95883,134.64252,2025-05-16,11:43
2025-05-16 11:44:00,135.1552,135.205,135.14,135.1848,238921,62.39387,135.061267,135.088375,0.096519947,0.083640452,0.012879495,83.28982,80.44601,20.44827,115.43761,0.13919815,135.28667,134.98440,134.68213,2025-05-16,11:44
2025-05-16 11:45:00,135.19,135.27,135.17999,135.2314,268940,64.23209,135.084978,135.11698,0.10289743,0.087491849,0.015405586,91.60779,84.22576,21.41159,138.24955,0.13568482,135.29052,135.013911,134.73730,2025-05-16,11:45
2025-05-16 11:46:00,135.24001,135.33,135.2101,135.235,326745,64.37700,135.11276,135.14058,0.10700869,0.091395216,0.015613470,81.73068,85.54276,22.68197,143.14989,0.13455759,135.28773,135.041811,134.79590,2025-05-16,11:46
2025-05-16 11:47:00,135.2301,135.30991,135.215,135.24989,269950,65.0083763,135.14024,135.16245,0.11019829,0.095155831,0.015042461,84.59462,85.97770,23.86162,129.062215,0.13172560,135.29697,135.065056,134.83315,2025-05-16,11:47
2025-05-16 11:48:00,135.24001,135.255,135.089996,135.14999,367152,57.62965,135.16914,135.15996,0.10347228,0.096819120,0.0066531560,65.38337,77.23623,23.35227,61.67449,0.13410295,135.29616,135.078806,134.86145,2025-05-16,11:48
2025-05-16 11:49:00,135.14999,135.16,135.11,135.13,215467,56.25377,135.18248,135.15397,0.095428869,0.096541070,-0.0011122009,61.53936,70.50579,22.87929,33.72050,0.12809581,135.28680,135.092056,134.89731,2025-05-16,11:49
2025-05-16 11:50:00,135.14999,135.19971,134.98,134.98869,438406,47.60161,135.16678,135.12091,0.076766822,0.092586221,-0.015819398,34.36427,53.76234,21.40872,-27.85414,0.13463978,135.28822,135.089570,134.89092,2025-05-16,11:50
2025-05-16 11:51:00,134.9899,135.0,134.8,134.88499,512181,42.44272,135.13498,135.073728,0.052998461,0.084668669,-0.031670207,16.036161,37.31327,21.40744,-142.72197,0.13930815,135.29818,135.084319,134.87045,2025-05-16,11:51
2025-05-16 11:52:00,134.88499,135.020004,134.82001,135.0099945,349506,49.54160,135.11831,135.060981,0.043744065,0.076483748,-0.032739683,39.62112,30.0071841,21.20803,-93.53634,0.14364306,135.29736,135.081069,134.86477,2025-05-16,11:52
2025-05-16 11:53:00,135.0186,135.059998,134.98,135.039902,373460,51.095723,135.10221,135.056765,0.038380723,0.068863143,-0.030482420,45.26401,33.64043,20.62540,-36.25758,0.13909726,135.29184,135.076315,134.86079,2025-05-16,11:53
2025-05-16 11:54:00,135.029999,135.060104,134.92999,134.94501,309146,46.23021,135.070387,135.034414,0.026171363,0.060324787,-0.034153424,27.35936,37.41483,20.45337,-63.37305,0.13845543,135.29332,135.070315,134.84731,2025-05-16,11:54
2025-05-16 11:55:00,134.94501,134.94501,134.7216,134.7446,391214,38.00034981,135.015898,134.97645,0.00032033902,0.048323897,-0.048003558,3.77959,25.46765,21.52338,-157.053082,0.14452318,135.32083,135.058044,134.79526,2025-05-16,11:55
2025-05-16 11:56:00,134.745,134.75,134.63,134.737,534677,37.72611,134.95891,134.92856,-0.020543141,0.034550490,-0.055093631,15.28501,15.47466,22.93489,-183.47266,0.14277118,135.34158,135.043994,134.74641,2025-05-16,11:56
2025-05-16 11:57:00,134.72501,134.78999,134.67999,134.7765,200030,40.14452,134.91741,134.89815,-0.033503667,0.020939658,-0.054443325,20.92861,13.33107,23.83315,-139.38026,0.14043042,135.35253,135.033569,134.71460,2025-05-16,11:57
2025-05-16 11:58:00,134.77,134.77991,134.605,134.675,310815,36.24933,134.86686,134.85352,-0.051373099,0.0064771068,-0.057850206,9.65610,15.28991,25.018438,-144.66024,0.14289336,135.37242,135.017194,134.66197,2025-05-16,11:58
2025-05-16 11:59:00,134.67751,134.69,134.64,134.66499,169420,35.87960,134.83089,134.81581,-0.065586419,-0.0079355983,-0.057650820,8.27546,12.95339,26.11906,-136.95076,0.13625834,135.38968,135.0059494,134.62222,2025-05-16,11:59
2025-05-16 12:00:00,134.66499,134.869,134.57001,134.86501,539556,47.42007,134.82867,134.82565,-0.060019397,-0.018352358,-0.041667039,39.87008,19.26721,25.39311,-86.13487,0.14788245,135.38730,134.99870,134.61010,2025-05-16,12:00
2025-05-16 12:01:00,134.88,134.925,134.86,134.895,284954,48.90543,134.81589,134.83952,-0.052580723,-0.025198031,-0.027382692,47.44498,31.86350,24.25970,-35.25711,0.14196245,135.37316,134.98695,134.60074,2025-05-16,12:01
2025-05-16 12:02:00,134.89,134.97,134.86,134.91451,282975,49.89630,134.80196,134.85452,-0.044597878,-0.029078000,-0.015519877,54.70825,47.34110,22.84901,-23.13381,0.13967946,135.35195,134.97411,134.59628,2025-05-16,12:02
2025-05-16 12:03:00,134.9115,134.96001,134.82001,134.8616,623101,47.22094,134.79269,134.85594,-0.042055394,-0.031673479,-0.010381915,46.30707,49.48676,21.82548,-32.054589,0.13970232,135.32999,134.95919,134.58840,2025-05-16,12:03
2025-05-16 12:04:00,134.86501,134.92,134.82001,134.875,132042,47.98161,134.80718,134.85975,-0.038515432,-0.033041870,-0.0054735626,62.23108,54.41546,20.87505,-31.16303,0.13686578,135.30115,134.94370,134.58626,2025-05-16,12:04
2025-05-16 12:05:00,134.8822,134.89999,134.78999,134.855,191105,46.89480,134.82029,134.85880,-0.036898818,-0.033813259,-0.0030855586,58.14938,55.56251,20.22289,-36.099709,0.13494684,135.25861,134.92488,134.59116,2025-05-16,12:05
2025-05-16 12:06:00,134.855,134.88029,134.75999,134.80499,224499,44.19981,134.82346,134.84804,-0.039200588,-0.034890725,-0.0043098628,47.94670,56.10905,19.84781,-46.74619,0.13390066,135.20861,134.90338,134.59816,2025-05-16,12:06
2025-05-16 12:07:00,134.8,134.82001,134.72501,134.7814,248016,42.94589,134.83528,134.83471,-0.042439069,-0.036400394,-0.0060386751,43.13335,49.74314,19.76619,-62.65808,0.13112213,135.14440,134.87996,134.61552,2025-05-16,12:07
2025-05-16 12:08:00,134.78,134.88,134.77,134.84,225489,46.97008,134.85472,134.83577,-0.039818559,-0.037084027,-0.0027345321,67.49828,52.85944,19.054454,-22.070483,0.12961345,135.098352,134.86446,134.63057,2025-05-16,12:08
2025-05-16 12:09:00,134.845,134.92999,134.84,134.86501,337808,48.63536,134.85472,134.84162,-0.035316648,-0.036730551,0.0014139033,73.75067,61.46077,17.89903,22.57527,0.12678365,135.050961,134.85121,134.65146,2025-05-16,12:09
2025-05-16 12:10:00,134.86011,134.92999,134.8,134.84,206163,47.044398,134.84861,134.84129,-0.033382073,-0.036060855,0.0026787826,67.49828,69.58241,17.18360,15.0011015,0.12701265,135.033312,134.84378,134.65424,2025-05-16,12:10
2025-05-16 12:11:00,134.8315,134.8954,134.81,134.83,174567,46.39128,134.83922,134.83903,-0.032283240,-0.035305332,0.0030220921,64.99962,68.74952,16.51927,7.26816,0.12404057,135.029684,134.84103,134.65237,2025-05-16,12:11
2025-05-16 12:12:00,134.8398,134.97,134.82001,134.96539,181589,55.42019,134.85075,134.86431,-0.020253991,-0.032295064,0.012041073,98.84794,77.11528,15.54909,76.63872,0.12589437,135.020332,134.83880,134.65726,2025-05-16,12:12
2025-05-16 12:13:00,134.965,134.96989,134.84,134.88499,166110,50.031470,134.85186,134.86844,-0.017012111,-0.029238474,0.012226362,78.74800,80.86519,14.64821,69.39782,0.12618035,134.98933,134.83105,134.67277,2025-05-16,12:13
2025-05-16 12:14:00,134.88989,134.925,134.87,134.9101,171356,51.61332,134.85799,134.87677,-0.012275971,-0.025845973,0.013570002,75.54808,84.38134,13.81167,80.36634,0.12109661,134.98323,134.82930,134.67538,2025-05-16,12:14
2025-05-16 12:15:00,134.92,135.14999,134.89999,135.11,428877,61.94562,134.89188,134.92342,0.0075214467,-0.019172489,0.026693936,90.58954,81.62854,14.93592,203.14271,0.13030399,135.039100,134.84757,134.65605,2025-05-16,12:15
2025-05-16 12:16:00,135.1145,135.16,135.080002,135.155,271661,63.81851,134.93339,134.96973,0.026536127,-0.010030766,0.036566893,98.84945,88.32902,16.045110,241.82789,0.12671098,135.095171,134.86847,134.64178,2025-05-16,12:16
2025-05-16 12:17:00,135.155,135.155,135.059998,135.11011,193942,60.61350,134.96340,134.99781,0.037550185,-0.00051457562,0.038064761,88.52954,92.65618,16.82207,190.75946,0.12444600,135.13064,134.88515,134.63967,2025-05-16,12:17
2025-05-16 12:18:00,135.11,135.11819,135.029999,135.065002,187130,57.48945,134.98562,135.011248,0.042153393,0.0080190181,0.034134375,78.16052,88.51317,17.16272,140.80783,0.12185670,135.14210,134.90465,134.66721,2025-05-16,12:18
2025-05-16 12:19:00,135.059998,135.10001,134.95,134.9556,217059,50.66793,134.99847,135.00011782,0.036552009,0.013725616,0.022826392,53.0096815,73.23324,16.54410,73.24728,0.12386759,135.13029,134.91918,134.70808,2025-05-16,12:19
2025-05-16 12:20:00,134.96001,135.029907,134.92999,134.985,192539,52.30590,135.015688,134.99709,0.034092506,0.017798994,0.016293512,59.76919,63.64646,15.75133,47.89230,0.12215666,135.13661,134.92518,134.71376,2025-05-16,12:20
2025-05-16 12:21:00,134.9848,134.985,134.89999,134.925,169853,48.74910,135.011200,134.98268,0.026990896,0.019637374,0.0073535215,39.74334,50.84074,14.68743,8.89243,0.11950309,135.13766,134.92668,134.71571,2025-05-16,12:21
2025-05-16 12:22:00,134.925,135.024994,134.87,134.94501,348021,49.97064,135.017868,134.97514,0.022715151,0.020252930,0.0024622210,40.27890,46.59714,14.11594,15.71768,0.12203850,135.13925,134.92821,134.71717,2025-05-16,12:22
2025-05-16 12:23:00,134.955,135.095001,134.95,135.070007,218709,56.88574,135.035636,134.99412,0.029077856,0.022017915,0.0070599407,75.0010596,51.67443,14.25040,80.64145,0.12403531,135.15597,134.93863,134.72129,2025-05-16,12:23
2025-05-16 12:24:00,135.073807,135.080002,134.8116,134.8116,281407,43.50000,135.0024804,134.95761,0.013117798,0.020237892,-0.0071200933,0.45775569,38.57924,13.54160,-28.52378,0.13434722,135.15821,134.93546,134.71271,2025-05-16,12:24
2025-05-16 12:25:00,134.82001,134.88499,134.7646,134.82899,325491,44.44764,134.96626,134.93189,0.0018516260,0.016560638,-0.014709012,16.28526,30.58136,13.29496,-86.22851,0.13335041,135.15906,134.93416,134.70926,2025-05-16,12:25
2025-05-16 12:26:00,134.81219,134.82001,134.73,134.77699,215280,42.17052,134.92924,134.90091,-0.011144552,0.011019600,-0.022164152,10.92935,9.22412,13.35866,-121.88062,0.13089674,135.16118,134.93276,134.70434,2025-05-16,12:26
2025-05-16 12:27:00,134.78,134.82001,134.74001,134.765,175242,41.64066,134.89591,134.87373,-0.022156479,0.0043843845,-0.026540863,8.14024,11.78495,13.41781,-122.34234,0.12726139,135.16264,134.93194,134.70124,2025-05-16,12:27
2025-05-16 12:28:00,134.77,134.88989,134.75,134.85001,208566,46.74789,134.88418,134.86898,-0.023750399,-0.0012425721,-0.022507827,27.90887,15.65949,12.68606,-79.99621,0.12816362,135.16238,134.93244,134.70250,2025-05-16,12:28
2025-05-16 12:29:00,134.855,134.8799,134.78,134.795,143368,44.060790,134.86307,134.85419,-0.029116634,-0.0068173845,-0.022299249,15.11657,17.055226,12.0065750,-84.048765,0.12614474,135.16493,134.92894,134.69295,2025-05-16,12:29
2025-05-16 12:30:00,134.8,134.87,134.77499,134.85451,198179,47.57179,134.85523,134.85425,-0.028241957,-0.011102299,-0.017139658,29.29666,24.10737,11.43059,-71.22025,0.12392020,135.16464,134.92967,134.69469,2025-05-16,12:30
2025-05-16 12:31:00,134.85181,134.86,134.77,134.815,162637,45.52886,134.84079,134.84640,-0.030386219,-0.014959083,-0.015427136,21.89772,22.10365,10.95380,-82.28254,0.12149707,135.16525,134.92892,134.69258,2025-05-16,12:31
2025-05-16 12:32:00,134.815,134.815,134.67,134.6915,284074,39.77765,134.79873,134.81542,-0.041572137,-0.020281694,-0.021290443,4.99982,18.73140,11.56157,-128.22035,0.12317615,135.17234,134.91522,134.65810,2025-05-16,12:32
2025-05-16 12:33:00,134.69501,134.7,134.64,134.69501,272363,40.0095533,134.78578,134.79134,-0.049582315,-0.026141818,-0.023440497,12.089607,12.99572,12.39926,-138.58002,0.11866340,135.18007,134.90572,134.63137,2025-05-16,12:33
2025-05-16 12:34:00,134.7,134.715,134.535,134.58501,289925,35.40730,134.75867,134.75007,-0.064068032,-0.033727061,-0.030340971,8.92916,8.67286,14.0093393,-151.12545,0.12304406,135.19733,134.88947,134.58161,2025-05-16,12:34
2025-05-16 12:35:00,134.59,134.675,134.58,134.64999,237536,39.81217,134.74456,134.73006,-0.069502957,-0.040882240,-0.028620717,20.53406,13.85094,15.50442,-124.55488,0.12104100,135.17372,134.86647,134.55921,2025-05-16,12:35
2025-05-16 12:36:00,134.64999,134.66499,134.56,134.6404,208034,39.38499,134.73071,134.71212,-0.073734668,-0.047452726,-0.026281942,18.82016,16.094460,17.043600,-123.51618,0.11989491,135.13285,134.84074,134.54863,2025-05-16,12:36
2025-05-16 12:37:00,134.64999,134.7684,134.64,134.755,213231,46.73467,134.72016,134.72070,-0.067067251,-0.051375631,-0.015691620,40.36733,26.57385,16.97414,-64.53970,0.12050261,135.089487,134.82298,134.55648,2025-05-16,12:37
2025-05-16 12:38:00,134.755,134.78999,134.7,134.7,188840,43.97841,134.70960,134.71656,-0.065467288,-0.054193962,-0.011273326,46.49153,35.22634,16.63373,-52.52961,0.11832359,135.051719,134.80473,134.55774,2025-05-16,12:38
2025-05-16 12:39:00,134.71001,134.74001,134.64999,134.72549,160184,45.58052,134.69527,134.71835,-0.061433707,-0.055641911,-0.0057917962,53.67615,46.84501,16.79822,-61.71167,0.11630130,135.032343,134.79323,134.55411,2025-05-16,12:39
2025-05-16 12:40:00,134.72501,134.81,134.7,134.7989,226219,50.012903,134.69348,134.73446,-0.051717324,-0.054856994,0.0031396698,74.36151,58.17640,16.071159,-11.38612,0.11585125,135.0063659,134.78392,134.56148,2025-05-16,12:40
2025-05-16 12:41:00,134.78999,134.86639,134.77,134.78999,263928,49.48600,134.70442,134.74557,-0.044226261,-0.052730847,0.0085045860,71.85055,66.62940,15.078349,25.0036485,0.11446115,134.99007,134.77717,134.56427,2025-05-16,12:41
2025-05-16 12:42:00,134.77991,134.84,134.77,134.78,175899,48.86421,134.71387,134.75245,-0.038650475,-0.049914773,0.011264298,71.034818,72.41562,14.15645,23.31226,0.11128479,134.96747,134.76892,134.57037,2025-05-16,12:42
2025-05-16 12:43:00,134.78,134.78,134.67999,134.72501,194128,45.47812,134.72942,134.74696,-0.038228400,-0.047577498,0.0093490984,56.71859,66.53465,13.95652,-28.069794,0.11047917,134.89480,134.75167,134.60854,2025-05-16,12:43
2025-05-16 12:44:00,134.72501,134.72501,134.62,134.69991,237492,43.98006,134.73497,134.73755,-0.039464399,-0.045954878,0.0064904796,49.76057,59.17133,14.32045,-69.11401,0.11008858,134.88814,134.74609,134.60403,2025-05-16,12:44
2025-05-16 12:45:00,134.7,134.73,134.60001,134.6312,169684,40.087337,134.73394,134.71628,-0.045464203,-0.045856743,0.00039254031,29.026614,45.16859,14.83302,-90.99996,0.11151008,134.88129,134.73620,134.59110,2025-05-16,12:45
2025-05-16 12:46:00,134.64,134.7,134.61,134.6701,188180,43.15571,134.72451,134.70705,-0.046542869,-0.045993968,-0.00054890063,40.76803,39.85174,15.30898,-76.77558,0.10997339,134.87741,134.73085,134.58429,2025-05-16,12:46
2025-05-16 12:47:00,134.67999,134.67999,134.57001,134.645,198185,41.67300,134.71840,134.69464,-0.048859910,-0.046567157,-0.0022927536,33.19366,34.32943,16.11819,-96.78040,0.10997424,134.87510,134.72485,134.57460,2025-05-16,12:47
2025-05-16 12:48:00,134.6402,134.74001,134.6402,134.74001,180500,48.83765,134.72001,134.70371,-0.042540003,-0.045761726,0.0032217229,58.75000,44.23723,16.0038694,-11.34724,0.10924806,134.85852,134.71935,134.58018,2025-05-16,12:48
2025-05-16 12:49:00,134.74451,134.82001,134.67,134.67,249649,44.49973,134.70569,134.69697,-0.042688352,-0.045147051,0.0024586989,35.90139,42.61502,14.90958,10.41770,0.11215957,134.84932,134.71310,134.57689,2025-05-16,12:49
2025-05-16 12:50:00,134.67999,134.75,134.67,134.69501,232188,46.33360,134.69514,134.69658,-0.040323071,-0.044182255,0.0038591842,42.17463,45.60867,13.89345,-0.41221010,0.10986259,134.82499,134.70513,134.58527,2025-05-16,12:50
2025-05-16 12:51:00,134.69,134.7399,134.67999,134.67999,135932,45.36445,134.68402,134.69326,-0.039208158,-0.043187436,0.0039792778,37.10873,38.39492,12.94990,0.66540809,0.10629426,134.80745,134.69838,134.58931,2025-05-16,12:51
2025-05-16 12:52:00,134.68649,134.81,134.685,134.8,266845,53.70049,134.69236,134.71461,-0.028314357,-0.040212820,0.011898463,77.59988,52.29441,12.81581,96.23224,0.10798788,134.82142,134.70380,134.58618,2025-05-16,12:52
2025-05-16 12:53:00,134.8,134.85001,134.75999,134.7784,207420,52.15754,134.70108,134.72737,-0.021180248,-0.036406306,0.015226058,70.30993,61.67284,13.11664,126.10940,0.10670386,134.82988,134.70797,134.58606,2025-05-16,12:53
2025-05-16 12:54:00,134.78,134.8358,134.745,134.815,205474,54.54067,134.72150,134.74489,-0.012429352,-0.031610915,0.019181563,82.66063,76.85681,13.17594,116.89713,0.10556823,134.83609,134.71947,134.60285,2025-05-16,12:54
2025-05-16 12:55:00,134.815,134.8799,134.78,134.84,290446,56.14688,134.74038,134.76391,-0.0034377770,-0.025976287,0.022538510,87.12394,80.031496,13.70390,146.13303,0.10516330,134.85218,134.72897,134.60576,2025-05-16,12:55
2025-05-16 12:56:00,134.84331,134.85001,134.8,134.8183,169843,54.35148,134.75963,134.77479,0.0019151867,-0.020397992,0.022313179,80.12211,83.30222,14.19414,115.39078,0.10122329,134.85989,134.73787,134.61584,2025-05-16,12:56
2025-05-16 12:57:00,134.815,134.89,134.745,134.755,273693,49.39013,134.76130,134.77083,0.0010382280,-0.016110748,0.017148976,57.81317,75.019740,13.78685,71.58726,0.10435050,134.85989,134.73787,134.61584,2025-05-16,12:57
2025-05-16 12:58:00,134.75011,134.81,134.745,134.75011,120308,49.017236,134.77020,134.76669,-0.000051408872,-0.012898880,0.012847472,56.28249,64.73926,13.40865,32.53763,0.10153992,134.86123,134.74037,134.61951,2025-05-16,12:58
2025-05-16 12:59:00,134.75,134.75999,134.62,134.625,225606,40.58804,134.76242,134.73835,-0.010884558,-0.012496016,0.0016114582,17.18564,43.76043,13.46262,-87.52207,0.10428703,134.86621,134.73535,134.60448,2025-05-16,12:59
2025-05-16 13:00:00,134.623,134.625,134.50999,134.5101,388525,34.68823,134.74355,134.69270,-0.028413734,-0.015679559,-0.012734174,0.028107934,24.49874,14.52566,-194.53734,0.10505263,134.88100,134.72091,134.56081,2025-05-16,13:00
2025-05-16 13:01:00,134.51469,134.5686,134.50999,134.545,220374,37.65248,134.71521,134.66316,-0.039039821,-0.020351612,-0.018688209,9.21137,8.80837,15.51277,-175.47422,0.10173523,134.88262,134.70866,134.53469,2025-05-16,13:01
2025-05-16 13:02:00,134.54089,134.55991,134.42999,134.495,462955,35.18806,134.68372,134.62953,-0.050909052,-0.026463100,-0.024445952,14.13076,7.79008,17.055362,-188.33395,0.10374795,134.88822,134.69441,134.50059,2025-05-16,13:02
2025-05-16 13:03:00,134.495,134.77,134.495,134.74989,408780,52.32015,134.67649,134.65360,-0.039294398,-0.029029360,-0.010265039,69.54257,30.96157,15.97077,-24.19260,0.11598090,134.89055,134.69565,134.50075,2025-05-16,13:03
2025-05-16 13:04:00,134.745,134.85001,134.73,134.83501,391545,56.45891,134.67593,134.68988,-0.022957116,-0.027814911,0.0048577952,88.045245,57.23953,15.39012,87.18538,0.11626872,134.90657,134.70241,134.49824,2025-05-16,13:04
2025-05-16 13:05:00,134.83501,134.87,134.80009,134.86501,441707,57.84774,134.68112,134.72491,-0.0075025657,-0.023752442,0.016249876,94.56662,84.051481,15.015601,107.69835,0.11295670,134.92719,134.71410,134.50100,2025-05-16,13:05
2025-05-16 13:06:00,134.86929,135.10001,134.86,135.029007,742190,64.51207,134.71157,134.78573,0.017773937,-0.015447166,0.033221103,89.40332,90.67173,16.18647,192.52127,0.12203162,134.98417,134.73204,134.47991,2025-05-16,13:06
2025-05-16 13:07:00,135.021301,135.029999,134.95,134.97,262465,60.78827,134.73600,134.82258,0.032667903,-0.0058241523,0.038492055,80.59668,88.18887,17.27371,160.051256,0.11902949,135.017221,134.74829,134.47936,2025-05-16,13:07
2025-05-16 13:08:00,134.97861,135.080002,134.97,135.049896,214677,63.83248,134.78321,134.86804,0.050338072,0.0054082926,0.044929779,92.52107,87.50702,18.55912,167.70914,0.11838457,135.063022,134.76379,134.46455,2025-05-16,13:08
2025-05-16 13:09:00,135.041504,135.25,135.039993,135.2101,547758,69.025256,134.86099,134.93646,0.076388217,0.019604277,0.056783940,95.13398,89.41724,20.54289,207.45546,0.12492901,135.14393,134.79079,134.43765,2025-05-16,13:09
2025-05-16 13:10:00,135.215,135.22,135.080002,135.185,392995,67.39260,134.93210,134.98616,0.093925019,0.034468426,0.059456593,92.072944,93.24266,22.38496,171.99073,0.12600546,135.20458,134.81529,134.42600,2025-05-16,13:10
2025-05-16 13:11:00,135.185,135.255,135.13,135.18159,321873,67.16068,135.0083889,135.025250,0.10632287,0.048839314,0.057483552,91.10195,92.76962,24.24577,153.97334,0.12593364,135.25535,134.84037,134.42539,2025-05-16,13:11
2025-05-16 13:12:00,135.1803,135.3,135.17999,135.2347,398213,68.95604,135.062256,135.067139,0.11906057,0.062883564,0.056177002,92.49347,91.88945,26.16331,143.81618,0.12551055,135.31054,134.86210,134.41367,2025-05-16,13:12
2025-05-16 13:13:00,135.2401,135.33,135.21001,135.31149,438085,71.39203,135.11520,135.11601,0.13380973,0.077068797,0.056740930,97.94348,93.84630,28.068411,134.26134,0.12511659,135.37583,134.88876,134.40169,2025-05-16,13:13
2025-05-16 13:14:00,135.315,135.36,135.28999,135.3311,381380,71.99622,135.16699,135.15903,0.14540457,0.090735952,0.054668621,96.89248,95.77648,29.96199,126.71955,0.12118022,135.43669,134.91456,134.39244,2025-05-16,13:14
2025-05-16 13:15:00,135.33501,135.35001,135.24001,135.295,279697,69.10236,135.19654,135.18622,0.14995187,0.10257914,0.047372732,93.010550,95.94884,31.033351,102.76565,0.12038167,135.48356,134.93731,134.39107,2025-05-16,13:15
2025-05-16 13:16:00,135.295,135.48,135.295,135.425,634115,73.26906,135.24710,135.23398,0.16217647,0.11449860,0.047677867,94.41699,94.77334,32.61154,116.83617,0.12499709,135.55026,134.96765,134.38504,2025-05-16,13:16
2025-05-16 13:17:00,135.4324,135.60001,135.36,135.59,816294,77.42918,135.30711,135.30518,0.18306784,0.12821245,0.054855391,98.84947,95.42567,34.50743,131.089842,0.13321198,135.64255,135.0093994,134.37625,2025-05-16,13:17
2025-05-16 13:18:00,135.5912,135.64999,135.55499,135.61501,498304,77.98837,135.35210,135.36715,0.19934451,0.14243886,0.056905652,95.88323,96.38323,36.42698,135.31992,0.13048264,135.72593,135.052644,134.37936,2025-05-16,13:18
2025-05-16 13:19:00,135.61,135.61501,135.53999,135.55,349508,72.93082,135.39265,135.40372,0.20463978,0.15487905,0.049760735,87.34282,94.025173,38.0098279,114.054189,0.12652047,135.77539,135.098895,134.42240,2025-05-16,13:19
2025-05-16 13:20:00,135.549,135.60001,135.45,135.47301,386956,67.35863,135.42503,135.41758,0.20031430,0.16396610,0.036348202,74.71608,85.98071,38.33983,93.49409,0.12819823,135.78503,135.14704,134.50905,2025-05-16,13:20
2025-05-16 13:21:00,135.48,135.495,135.27499,135.3524,423107,59.66834,135.43811,135.40454,0.18502165,0.16817721,0.016844446,56.23598,72.76496,36.87316,55.78488,0.13475559,135.76746,135.18741,134.60736,2025-05-16,13:21
2025-05-16 13:22:00,135.35201,135.41991,135.28999,135.41499,341391,62.087501,135.44961,135.40663,0.17592479,0.16972672,0.0061980633,61.47535,64.14247,35.51125,50.0035853,0.13440971,135.72582,135.23341,134.74100,2025-05-16,13:22
2025-05-16 13:23:00,135.42,135.57001,135.38,135.55479,400892,66.86774,135.47447,135.43626,0.17794499,0.17137038,0.0065746128,83.29809,67.0031365,35.11303,84.77628,0.13838062,135.73179,135.27365,134.81552,2025-05-16,13:23
2025-05-16 13:24:00,135.55,135.575,135.50999,135.5518,336551,66.67407,135.50300,135.45937,0.17726133,0.17254857,0.0047127627,81.11685,75.29676,34.76956,94.36251,0.13313932,135.73580,135.30949,134.88318,2025-05-16,13:24
2025-05-16 13:25:00,135.55611,135.60001,135.53999,135.59,381579,67.95070,135.52133,135.48550,0.17775234,0.17358932,0.0041630200,87.23460,83.88318,34.58794,98.78143,0.12791600,135.73652,135.34574,134.95497,2025-05-16,13:25
2025-05-16 13:26:00,135.58701,135.75999,135.58,135.7254,881527,72.040126,135.53638,135.53348,0.18691303,0.17625406,0.010658965,93.71046,87.35397,35.19234,131.95342,0.13163576,135.77632,135.38056,134.98481,2025-05-16,13:26
2025-05-16 13:27:00,135.72501,135.75999,135.675,135.7356,352272,72.32638,135.54978,135.57390,0.19277325,0.17955790,0.013215347,95.30782,92.084294,35.75356,133.18674,0.12830403,135.79601,135.41884,135.041675,2025-05-16,13:27
2025-05-16 13:28:00,135.735,135.75999,135.67,135.745,277402,72.60491,135.57144,135.60812,0.19591755,0.18282983,0.013087722,97.11544,95.37791,36.21585,121.26385,0.12556776,135.81619,135.45360,135.091004,2025-05-16,13:28
2025-05-16 13:29:00,135.745,135.8299,135.74001,135.82179,490326,74.83367,135.61020,135.65085,0.20227466,0.18671880,0.015555860,98.53984,96.98770,36.97414,137.45699,0.12301932,135.86232,135.48418,135.10605,2025-05-16,13:29
2025-05-16 13:30:00,135.8201,135.8858,135.71989,135.845,579045,75.48282,135.66493,135.68968,0.20680157,0.19073535,0.016066217,93.32001,96.32510,37.92232,135.81461,0.12608285,135.90029,135.51718,135.13408,2025-05-16,13:30
2025-05-16 13:31:00,135.84019,135.89999,135.81821,135.89,320709,76.73581,135.71771,135.72975,0.21158118,0.19490452,0.016676662,98.40088,96.75358,38.86413,143.096200,0.12291887,135.93604,135.55260,135.16917,2025-05-16,13:31
2025-05-16 13:32:00,135.89999,135.98,135.8517,135.8517,611810,73.30201,135.75070,135.75414,0.20985947,0.19789551,0.011963963,81.80205,91.17431,40.069955,137.79965,0.12330294,135.95881,135.58345,135.20809,2025-05-16,13:32
2025-05-16 13:33:00,135.86,136.14999,135.85001,136.14,1478278,80.40879,135.81605,135.83131,0.22911725,0.20413986,0.024977392,98.85777,93.020232,41.75347,172.17958,0.13592329,136.050540,135.62488,135.19922,2025-05-16,13:33
2025-05-16 13:34:00,136.13161,136.25,135.98,136.014999,959488,71.51946,135.86328,135.86805,0.23162272,0.20963643,0.021986290,75.89752,85.51911,43.58043,158.57615,0.14550050,136.094605,135.65907,135.22354,2025-05-16,13:34
2025-05-16 13:35:00,136.020004,136.11,135.92999,135.9679,959465,68.44859,135.89022,135.88802,0.22718854,0.21314685,0.014041692,70.61432,81.78987,44.65734,116.76557,0.14796532,136.11429,135.69272,135.27115,2025-05-16,13:35
2025-05-16 13:36:00,135.9646,136.039993,135.78,135.82001,595584,59.77117,135.89960,135.87442,0.20932808,0.21238310,-0.0030550141,50.57528,65.69571,44.031866,65.26927,0.15596741,136.11876,135.71247,135.30618,2025-05-16,13:36
2025-05-16 13:37:00,135.83501,135.85989,135.71001,135.78,475793,57.64219,135.90349,135.85553,0.18975778,0.20785803,-0.018100258,36.48679,52.55880,42.79843,25.21397,0.15553310,136.12523,135.72197,135.31871,2025-05-16,13:37
2025-05-16 13:38:00,135.78999,135.83,135.73,135.795,385371,58.24270,135.90051,135.84343,0.17345896,0.20097822,-0.027519255,35.91584,40.99264,41.65309,22.87465,0.15156688,136.13231,135.73097,135.32963,2025-05-16,13:38
2025-05-16 13:39:00,135.8,135.89,135.78999,135.793,376454,58.12444,135.89473,135.83334,0.15855304,0.19249318,-0.033940141,31.79075,34.73113,40.91731,34.25462,0.14788397,136.13644,135.74312,135.34980,2025-05-16,13:39
2025-05-16 13:40:00,135.795,135.80991,135.61,135.67,567824,51.23097,135.87029,135.80067,0.13525569,0.18104568,-0.045789996,9.37463,25.69374,38.65466,-22.87417,0.15159979,136.12819,135.75297,135.37775,2025-05-16,13:40
2025-05-16 13:41:00,135.67,135.7852,135.64,135.75999,426323,55.39894,135.86010,135.79254,0.12264060,0.16936467,-0.046724071,23.43657,21.53398,36.55364,-19.21892,0.15114285,136.10053,135.77335,135.44616,2025-05-16,13:41
2025-05-16 13:42:00,135.765,135.895,135.72,135.88499,447986,60.45428,135.83177,135.81103,0.12133087,0.15975791,-0.038427035,42.96784,25.25968,35.29262,25.18012,0.15284715,136.082594,135.79685,135.51110,2025-05-16,13:42
2025-05-16 13:43:00,135.8999,135.96989,135.74001,135.755,536979,53.64477,135.80288,135.79982,0.10855251,0.14951683,-0.040964322,22.65694,29.68712,34.54168,10.28608,0.15835013,136.071211,135.80686,135.54251,2025-05-16,13:43
2025-05-16 13:44:00,135.755,135.81821,135.67999,135.785,258320,54.90711,135.78256,135.79686,0.099696964,0.13955285,-0.039855891,27.34425,30.98968,33.31955,-41.16365,0.15691184,136.056054,135.81852,135.58098,2025-05-16,13:44
2025-05-16 13:45:00,135.78,135.8,135.71001,135.72501,203261,51.86505,135.77200,135.78249,0.086836583,0.12900960,-0.042173017,17.96963,22.65694,32.18471,-64.32108,0.15213216,136.043318,135.82527,135.60722,2025-05-16,13:45
2025-05-16 13:46:00,135.7299,135.74989,135.66,135.69991,316900,50.60194,135.76310,135.76597,0.073768860,0.11796145,-0.044192592,14.047636,19.78717,30.67934,-98.99382,0.14768626,136.044646,135.82399,135.60334,2025-05-16,13:46
2025-05-16 13:47:00,135.69521,135.69991,135.59,135.625,462822,46.92894,135.74421,135.73778,0.056714586,0.10571208,-0.048997493,5.30356,12.44027,28.68564,-142.37742,0.14498789,136.052819,135.81846,135.58411,2025-05-16,13:47
2025-05-16 13:48:00,135.627,135.6799,135.56,135.63499,342505,47.47676,135.72666,135.71722,0.043503937,0.093270451,-0.049766513,13.63573,10.99564,26.68480,-141.41630,0.14319615,136.058838,135.81296,135.56709,2025-05-16,13:48
2025-05-16 13:49:00,135.63541,135.6899,135.61,135.66499,404814,49.17268,135.72610,135.70678,0.035051008,0.081626562,-0.046575554,21.87430,13.60453,24.81598,-105.72529,0.13867464,136.059233,135.80512,135.55102,2025-05-16,13:49
2025-05-16 13:50:00,135.651,135.75,135.57001,135.66499,388630,49.17268,135.71554,135.69842,0.028028901,0.070907030,-0.042878129,25.61516,20.37507,23.58798,-90.057782,0.14162593,136.056617,135.79612,135.53563,2025-05-16,13:50
2025-05-16 13:51:00,135.66499,135.685,135.6035,135.61501,354203,46.28454,135.68555,135.68174,0.018220202,0.060369664,-0.042149463,13.41995,20.30314,22.44769,-97.48586,0.13733102,136.050514,135.78237,135.51424,2025-05-16,13:51
2025-05-16 13:52:00,135.61501,135.66,135.47501,135.645,2711000,48.24897,135.67332,135.67439,0.012720751,0.050839882,-0.038119131,34.35082,24.46197,21.45592,-111.82024,0.14073577,136.044591,135.77204,135.49949,2025-05-16,13:52
2025-05-16 13:53:00,135.645,135.67,135.59151,135.625,931497,47.014244,135.65554,135.66451,0.0066713163,0.042006168,-0.035334852,30.30864,26.026466,20.43850,-84.75112,0.13628973,135.96737,135.74629,135.52521,2025-05-16,13:53
2025-05-16 13:54:00,135.62151,135.66,135.55,135.58501,240598,44.55914,135.63999,135.64861,-0.0013346432,0.033338006,-0.034672649,22.22736,28.96227,19.84309,-101.27667,0.13441194,135.91919,135.72479,135.53039,2025-05-16,13:54
2025-05-16 13:55:00,135.58501,135.5999,135.48,135.55499,403933,42.75469,135.62389,135.62989,-0.0099861913,0.024673167,-0.034659358,16.16255,22.89952,19.83881,-135.40571,0.13337563,135.87744,135.70415,135.53085,2025-05-16,13:55
2025-05-16 13:56:00,135.55,135.605,135.52,135.55499,196739,42.75469,135.61611,135.61491,-0.016650667,0.016408400,-0.033059067,16.16255,18.18415,19.77661,-113.34675,0.12991961,135.86723,135.69089,135.51456,2025-05-16,13:56
2025-05-16 13:57:00,135.55499,135.66,135.55,135.64999,269962,50.16323,135.61778,135.62193,-0.014103926,0.010305935,-0.024409861,50.98702,27.77071,19.096081,-55.76172,0.12849683,135.85665,135.68439,135.51214,2025-05-16,13:57
2025-05-16 13:58:00,135.64101,135.66499,135.56,135.6042,275567,47.0054476,135.61102,135.61838,-0.015600781,0.0051245916,-0.020725373,39.75304,35.63420,18.40818,-59.62957,0.12681818,135.84262,135.67485,135.50709,2025-05-16,13:58
2025-05-16 13:59:00,135.60001,135.63989,135.50011,135.545,240885,43.21747,135.59769,135.60370,-0.021318578,-0.00016404237,-0.021154536,25.45223,38.73076,18.31360,-99.94920,0.12774443,135.83012,135.66245,135.49479,2025-05-16,13:59
2025-05-16 14:00:00,135.55,135.5546,135.42999,135.44119,299515,37.50982,135.57838,135.57120,-0.033836171,-0.0068984681,-0.026937703,3.49990,22.90172,18.79387,-164.12083,0.12752007,135.84432,135.65101,135.45770,2025-05-16,14:00
2025-05-16 14:01:00,135.44991,135.5,135.38,135.395,323143,35.27733,135.55060,135.53596,-0.046942346,-0.014907244,-0.032035102,4.053943,11.0020241,19.60711,-188.76810,0.12698257,135.84903,135.63276,135.41650,2025-05-16,14:01
2025-05-16 14:02:00,135.39301,135.49001,135.34,135.4501,278256,39.87463,135.53117,135.51879,-0.052280360,-0.022381867,-0.029898493,26.85523,11.46969,20.64066,-170.26902,0.12862733,135.80807,135.61102,135.41397,2025-05-16,14:02
2025-05-16 14:03:00,135.44501,135.46001,135.28,135.285,313167,32.43927,135.49783,135.47203,-0.069037155,-0.031712925,-0.037324231,1.064866,10.65801,21.98979,-207.85357,0.13229737,135.81932,135.58752,135.35572,2025-05-16,14:03
2025-05-16 14:04:00,135.28999,135.3399,135.23,135.265,319154,31.66873,135.46561,135.43063,-0.082974733,-0.041965286,-0.041009447,7.69308,11.87106,23.54100,-209.38924,0.13069820,135.81456,135.56152,135.30848,2025-05-16,14:04
2025-05-16 14:05:00,135.27,135.28999,135.16,135.185,326442,28.72962,135.42450,135.38150,-0.099330819,-0.053438393,-0.045892426,4.90082,4.55292,25.36070,-202.58792,0.13064759,135.82456,135.53452,135.24448,2025-05-16,14:05
2025-05-16 14:06:00,135.1848,135.2,135.059998,135.1199,348833,26.56896,135.36560,135.32918,-0.11620612,-0.065991939,-0.050214185,9.82065,7.47152,27.51201,-198.46563,0.13131558,135.83668,135.50552,135.17436,2025-05-16,14:06
2025-05-16 14:07:00,135.12,135.2,135.095001,135.15981,324317,30.042145,135.31622,135.29531,-0.12492019,-0.077777589,-0.047142598,16.49726,10.40624,29.50965,-153.43372,0.12943559,135.84080,135.48226,135.12372,2025-05-16,14:07
2025-05-16 14:08:00,135.1501,135.19,135.10001,135.12,258684,28.58924,135.26900,135.26024,-0.13349959,-0.088921990,-0.044577603,9.91702,12.078311,31.36460,-135.72550,0.12661850,135.84054,135.45651,135.072476,2025-05-16,14:08
2025-05-16 14:09:00,135.125,135.25999,135.11,135.2498,437415,38.95588,135.24773,135.25816,-0.12834505,-0.096806602,-0.031538449,31.37280,19.26236,31.97932,-94.046748,0.12828817,135.81734,135.43575,135.054161,2025-05-16,14:09
2025-05-16 14:10:00,135.2413,135.28,135.2019,135.255,233436,39.33604,135.23218,135.25753,-0.12242890,-0.10193106,-0.020497836,32.23284,24.50755,32.25234,-69.89986,0.12470291,135.78935,135.41525,135.041148,2025-05-16,14:10
2025-05-16 14:11:00,135.25999,135.55991,135.25999,135.31,297143,43.35143,135.21661,135.26802,-0.11201165,-0.10394718,-0.0080644729,41.32261,34.97608,30.39638,-12.38888,0.13757421,135.76504,135.4,135.034956,2025-05-16,14:11
2025-05-16 14:12:00,135.315,135.46001,135.3,135.45,277587,52.052445,135.23494,135.30442,-0.091405464,-0.10143884,0.010033372,67.25345,46.93630,28.67300,3.069870,0.13917631,135.73863,135.39025,135.041865,2025-05-16,14:12
2025-05-16 14:13:00,135.4516,135.5,135.39999,135.48,244106,53.69373,135.25883,135.33953,-0.071826293,-0.095516327,0.023690035,84.015017,64.19702,27.39962,33.86882,0.13637844,135.71729,135.38300,135.048708,2025-05-16,14:13
2025-05-16 14:14:00,135.48,135.495,135.36,135.36459,240972,47.025033,135.27879,135.34454,-0.064873828,-0.089387828,0.024514000,60.93035,70.73294,25.82166,14.080500,0.13627959,135.69318,135.37198,135.050776,2025-05-16,14:14
2025-05-16 14:15:00,135.36501,135.405,135.34,135.345,191515,45.98091,135.30380,135.34464,-0.060250354,-0.083560333,0.023309979,57.011171,67.31885,24.15929,-3.17784,0.13118836,135.67160,135.36148,135.051355,2025-05-16,14:15
2025-05-16 14:16:00,135.345,135.35001,135.25999,135.2812,266410,42.65940,135.31729,135.33195,-0.061030580,-0.079054382,0.018023802,44.24944,54.063651,22.99446,-32.58096,0.12824716,135.64650,135.34779,135.049082,2025-05-16,14:16
2025-05-16 14:17:00,135.285,135.31,135.205,135.22,237027,39.69681,135.32840,135.30956,-0.065828654,-0.076409237,0.010580583,32.0065930,44.42240,22.37247,-54.16516,0.12658635,135.59532,135.32629,135.057258,2025-05-16,14:17
2025-05-16 14:18:00,135.22279,135.25999,135.10001,135.105,307230,34.80541,135.31231,135.26865,-0.078011872,-0.076729764,-0.0012821082,9.0012820,28.41910,22.56362,-97.41936,0.12897221,135.55477,135.30133,135.047887,2025-05-16,14:18
2025-05-16 14:19:00,135.105,135.22,135.080002,135.19501,334619,40.93937,135.30564,135.25392,-0.079487692,-0.077281349,-0.0022063423,27.0068982,22.67159,22.87557,-84.33271,0.12975986,135.51490,135.28383,135.052758,2025-05-16,14:19
2025-05-16 14:20:00,135.19501,135.25999,135.16,135.2314,218603,43.26363,135.29691,135.24941,-0.076835036,-0.077192087,0.00035705099,31.54749,22.51856,22.70014,-44.91310,0.12763351,135.49368,135.27334,135.052997,2025-05-16,14:20
2025-05-16 14:21:00,135.23,135.25999,135.2,135.2113,172442,42.27429,135.27039,135.24179,-0.075484217,-0.076850513,0.0013662959,27.36002,28.63814,22.53724,-35.41573,0.12280237,135.47869,135.26416,135.049625,2025-05-16,14:21
2025-05-16 14:22:00,135.22,135.23,135.16,135.22929,151360,43.51947,135.24253,135.23929,-0.072130555,-0.075906521,0.0037759660,31.10871,30.0054052,22.70517,-43.24641,0.11903020,135.45025,135.25312,135.055977,2025-05-16,14:22
2025-05-16 14:23:00,135.22099,135.28999,135.22,135.2514,243079,45.087226,135.22996,135.24172,-0.066917282,-0.074108673,0.0071913911,35.71588,31.39487,22.11913,-2.28532,0.11552748,135.44803,135.25144,135.054840,2025-05-16,14:23
2025-05-16 14:24:00,135.25,135.265,135.17,135.17999,268815,41.11744,135.21162,135.22937,-0.067766834,-0.072840305,0.0050734717,20.83559,29.22006,21.99919,-40.33390,0.11406132,135.44608,135.24718,135.048285,2025-05-16,14:24
2025-05-16 14:25:00,135.1701,135.17999,134.952,134.9801,571121,32.49328,135.17817,135.17952,-0.083605817,-0.074993408,-0.0086124093,5.12892,20.56013,23.28547,-161.37013,0.12219957,135.46636,135.23694,135.0075179,2025-05-16,14:25
2025-05-16 14:26:00,134.985,135.11501,134.97,135.085007,353320,39.64764,135.16317,135.16061,-0.086694080,-0.077333542,-0.0093605377,24.27187,16.74546,24.47987,-138.46785,0.12382848,135.46865,135.23520,135.0017437,2025-05-16,14:26
2025-05-16 14:27:00,135.088394,135.1398,135.051498,135.12,258935,41.86079,135.16483,135.15249,-0.085334595,-0.078933753,-0.0064008420,30.93913,20.11331,25.27471,-98.81741,0.12129091,135.46985,135.23320,134.99656,2025-05-16,14:27
2025-05-16 14:28:00,135.125,135.125,135.052307,135.095001,183109,40.71228,135.15372,135.14099,-0.085290812,-0.080205164,-0.0050856474,31.56831,28.92644,26.012771,-104.30601,0.11781962,135.47123,135.23195,134.99268,2025-05-16,14:28
2025-05-16 14:29:00,135.10001,135.11,135.029999,135.035004,636688,38.015919,135.13190,135.11980,-0.089070664,-0.081978264,-0.0070923998,20.85570,27.78771,26.84414,-114.081062,0.11511835,135.47515,135.22122,134.96728,2025-05-16,14:29
2025-05-16 14:30:00,135.035004,135.14999,135.014999,135.13499,371411,44.60106,135.12342,135.12284,-0.083040559,-0.082190723,-0.00084983563,51.11670,34.51357,27.048281,-77.85585,0.11653808,135.47134,135.21521,134.95909,2025-05-16,14:30
2025-05-16 14:31:00,135.13499,135.19,135.050003,135.1254,269107,44.11657,135.11188,135.12335,-0.078135421,-0.081379663,0.0032442418,51.30242,41.091607,26.69519,-58.18541,0.11821389,135.46108,135.20598,134.95089,2025-05-16,14:31
2025-05-16 14:32:00,135.145,135.21001,135.091293,135.1801,446804,47.60967,135.10395,135.13470,-0.069038179,-0.078911366,0.0098731868,67.48680,56.63531,26.10064,-26.16863,0.11824957,135.42178,135.19249,134.96320,2025-05-16,14:32
2025-05-16 14:33:00,135.2012,135.28,135.19,135.2748,315339,53.077514,135.11449,135.16272,-0.053569851,-0.073843063,0.020273213,95.50359,71.43094,24.67509,51.52359,0.11693883,135.37452,135.18223,134.98994,2025-05-16,14:33
2025-05-16 14:34:00,135.2748,135.28999,135.17,135.2382,282607,50.86832,135.14317,135.17781,-0.043759213,-0.067826293,0.024067080,84.67789,82.55609,23.55797,51.40575,0.11715714,135.35138,135.17591,135.00044087,2025-05-16,14:34
2025-05-16 14:35:00,135.24001,135.24001,135.17,135.2117,198286,49.26865,135.15724,135.18459,-0.037688456,-0.061798726,0.024110269,76.83626,85.67258,22.52064,39.31354,0.11378929,135.32783,135.16925,135.010659,2025-05-16,14:35
2025-05-16 14:36:00,135.21001,135.24001,135.14999,135.155,281608,45.94024,135.16113,135.17867,-0.037025877,-0.056844156,0.019818279,60.060494,73.85822,21.78162,20.60581,0.11209089,135.31301,135.16293,135.012855,2025-05-16,14:36
2025-05-16 14:37:00,135.155,135.2,135.089996,135.2,158782,48.89109,135.17280,135.18294,-0.032495217,-0.051974368,0.019479151,73.37366,70.090139,21.72446,4.71741,0.11194158,135.31074,135.16193,135.013128,2025-05-16,14:37
2025-05-16 14:38:00,135.2,135.27,135.19009,135.255,171046,52.31755,135.19724,135.19735,-0.024187141,-0.046416923,0.022229782,89.64832,74.36083,20.70433,85.96774,0.10965363,135.32110,135.16944,135.017770,2025-05-16,14:38
2025-05-16 14:39:00,135.255,135.31,135.235,135.27499,280728,53.53657,135.21280,135.21288,-0.015807763,-0.040295091,0.024487328,89.70469,84.24223,19.26271,110.63687,0.10717815,135.33166,135.17343,135.015206,2025-05-16,14:39
2025-05-16 14:40:00,135.28,135.44501,135.25999,135.39011,505648,59.89520,135.24221,135.24833,0.00012017043,-0.032212038,0.032332209,87.23253,88.86185,19.21191,180.89881,0.11273777,135.36440,135.18137,134.99834,2025-05-16,14:40
2025-05-16 14:41:00,135.395,135.39999,135.31,135.345,258230,56.62519,135.26053,135.26766,0.0089998329,-0.023969664,0.032969497,76.74320,84.56014,19.16474,149.33446,0.11111338,135.38427,135.18805,134.99184,2025-05-16,14:41
2025-05-16 14:42:00,135.345,135.345,135.22,135.285,296217,52.51787,135.26167,135.27113,0.011068141,-0.016962103,0.028030244,62.79053,75.58875,18.037689,81.35732,0.11210529,135.39086,135.19084,134.99082,2025-05-16,14:42
2025-05-16 14:43:00,135.285,135.34,135.2403,135.27,228003,51.51191,135.26520,135.27090,0.011365945,-0.011296493,0.022662439,59.30237,66.27870,16.99114,78.71986,0.11121926,135.39308,135.19177,134.99047,2025-05-16,14:43
2025-05-16 14:44:00,135.265,135.3,135.25,135.27,141148,51.51191,135.27168,135.27072,0.011469741,-0.0067432465,0.018212988,55.69591,59.26294,16.019350,64.81423,0.10684667,135.40033,135.19627,134.99221,2025-05-16,14:44
2025-05-16 14:45:00,135.27499,135.32001,135.23,135.2515,192905,50.13751,135.28240,135.26688,0.0099438594,-0.0034058253,0.013349685,45.49127,53.49652,15.11697,54.083825,0.10564417,135.38919,135.20984,135.030490,2025-05-16,14:45
2025-05-16 14:46:00,135.255,135.28999,135.2312,135.2514,141610,50.13038,135.28811,135.26378,0.0086277441,-0.00099911143,0.0096268555,45.46549,48.88422,14.27905,40.57901,0.10229759,135.38880,135.21816,135.047518,2025-05-16,14:46
2025-05-16 14:47:00,135.25999,135.32001,135.25011,135.295,218469,53.51766,135.29256,135.27003,0.010975891,0.0013958890,0.0095800016,57.74521,49.56732,13.90262,63.38118,0.099983516,135.39444,135.22691,135.059382,2025-05-16,14:47
2025-05-16 14:48:00,135.3,135.33,135.21001,135.22501,211133,47.89307,135.28700,135.26102,0.0071071124,0.0025381337,0.0045689788,38.029743,47.080146,12.95143,26.29324,0.10141292,135.38967,135.23341,135.077149,2025-05-16,14:48
2025-05-16 14:49:00,135.2103,135.28,135.21001,135.245,122402,49.52462,135.27088,135.25782,0.0055895909,0.0031484251,0.0024411658,43.66028,46.47841,12.068181,6.68544,0.099168569,135.37092,135.24391,135.11690,2025-05-16,14:49
2025-05-16 14:50:00,135.245,135.27,135.1615,135.245,216430,49.52462,135.25977,135.25525,0.0043369506,0.0033861302,0.00095082035,43.66028,41.78343,11.86699,-31.32318,0.099835475,135.36619,135.24941,135.13263,2025-05-16,14:50
2025-05-16 14:51:00,135.245,135.28999,135.2,135.285,195031,52.94476,135.25977,135.26120,0.0064976781,0.0040084398,0.0024892383,43.56297,43.62784,11.35556,9.58235,0.099132680,135.36015,135.25739,135.15463,2025-05-16,14:51
2025-05-16 14:52:00,135.28,135.285,135.22,135.235,109651,48.51978,135.25588,135.25596,0.0041276607,0.0040322840,0.000095376712,25.92573,37.71632,10.88067,-21.48023,0.096694805,135.35727,135.26014,135.16300,2025-05-16,14:52
2025-05-16 14:53:00,135.235,135.25999,135.12,135.1275,329065,40.65341,135.24004,135.23027,-0.0063515819,0.0019555108,-0.0083070927,2.30986,23.93285,11.76312,-151.56204,0.099787990,135.36544,135.25277,135.14011,2025-05-16,14:53
2025-05-16 14:54:00,135.13499,135.16499,135.080002,135.095001,292912,38.61498,135.22266,135.20322,-0.017082122,-0.0018520158,-0.015230106,4.68743,10.97434,13.0062061,-205.000032096,0.098731095,135.37761,135.24561,135.11361,2025-05-16,14:54
2025-05-16 14:55:00,135.089996,135.22,135.089996,135.19501,230760,47.36111,135.21639,135.20157,-0.017316877,-0.0049449881,-0.012371889,43.39840,16.79856,13.21301,-112.054970,0.10096494,135.37783,135.24478,135.11172,2025-05-16,14:55
2025-05-16 14:56:00,135.19501,135.2269,135.1216,135.13499,207025,43.36789,135.19861,135.18826,-0.022090806,-0.0083741518,-0.013716655,21.15148,23.079100,13.29182,-117.67355,0.10127465,135.37978,135.24378,135.10777,2025-05-16,14:56
2025-05-16 14:57:00,135.13,135.2,135.080002,135.185,198698,47.35106,135.19417,135.18761,-0.021590470,-0.011017415,-0.010573054,41.99829,35.51606,13.86431,-124.37375,0.10261182,135.38015,135.24303,135.10590,2025-05-16,14:57
2025-05-16 14:58:00,135.17999,135.24001,135.1716,135.21001,179299,49.27280,135.19028,135.19209,-0.018957391,-0.012605410,-0.0063519801,52.0019531,38.38391,13.72074,-47.19803,0.10016849,135.37852,135.24078,135.10303,2025-05-16,14:58
2025-05-16 14:59:00,135.2148,135.229,135.10001,135.12,214411,43.16579,135.17639,135.17767,-0.023858810,-0.014856090,-0.0090027199,15.99731,36.66585,14.40944,-106.77852,0.10222773,135.37937,135.23303,135.086685,2025-05-16,14:59
2025-05-16 15:00:00,135.12,135.25,135.10001,135.25,257675,52.35156,135.17250,135.19213,-0.017056299,-0.015296132,-0.0017601668,67.99927,45.33285,14.69999,-37.10892,0.10563960,135.35386,135.22602,135.098184,2025-05-16,15:00
2025-05-16 15:01:00,135.24181,135.27,135.17999,135.25999,249112,52.98073,135.17528,135.20571,-0.010735040,-0.014383914,0.0036488740,71.99707,51.99788,14.63936,21.23238,0.10452331,135.33869,135.22177,135.10485,2025-05-16,15:01
2025-05-16 15:02:00,135.255,135.35001,135.25,135.33,343606,57.23991,135.19778,135.23057,-0.000075519411,-0.011522235,0.011446715,92.59113,77.52916,13.77502,124.093399,0.10420065,135.34728,135.22402,135.10076,2025-05-16,15:02
2025-05-16 15:03:00,135.33,135.38,135.28,135.355,279607,58.67902,135.22667,135.25545,0.010270632,-0.0071636614,0.017434294,91.66370,85.41730,13.35488,153.30707,0.10390104,135.36291,135.22827,135.093629,2025-05-16,15:03
2025-05-16 15:04:00,135.35181,135.41,135.33,135.39,264024,60.67514,135.24833,135.28236,0.021051862,-0.0015205567,0.022572419,93.93813,92.73099,13.33226,181.38040,0.10219396,135.38549,135.23427,135.083051,2025-05-16,15:04
2025-05-16 15:05:00,135.395,135.5499,135.395,135.52499,579824,67.24659,135.29166,135.33089,0.040027580,0.0067890707,0.033238509,94.70044,93.43409,14.67204,257.70741,0.10631559,135.44534,135.24794,135.050552,2025-05-16,15:05
2025-05-16 15:06:00,135.52541,135.64,135.5,135.61771,573940,70.84945,135.33974,135.38825,0.061834302,0.017798117,0.044036185,96.019074,94.88588,16.55600,260.93898,0.10872158,135.52114,135.26626,135.011378,2025-05-16,15:06
2025-05-16 15:07:00,135.61501,135.63,135.56,135.57651,327147,67.30639,135.38047,135.42590,0.074928167,0.029224127,0.045704040,88.66213,93.12721,18.30539,200.73597,0.10595627,135.56888,135.28034,134.99179,2025-05-16,15:07
2025-05-16 15:08:00,135.5712,135.58501,135.44,135.45821,468742,58.29193,135.41805,135.43236,0.074895864,0.038358474,0.036537389,67.53678,84.072661,18.22460,117.53353,0.10874542,135.58937,135.29200,134.99462,2025-05-16,15:08
2025-05-16 15:09:00,135.4586,135.4586,135.3,135.3485,445970,51.41468,135.42899,135.41559,0.065265190,0.043739818,0.021525373,47.94550,68.048138,17.16386,42.13712,0.11230645,135.59469,135.29717,134.99965,2025-05-16,15:09
2025-05-16 15:10:00,135.345,135.36,135.1711,135.19,393998,43.44110,135.42121,135.37047,0.044332708,0.043858396,0.00047431274,19.64305,45.041780,17.20129,-28.98408,0.11777769,135.59482,135.29442,134.99402,2025-05-16,15:10
2025-05-16 15:11:00,135.185,135.24001,135.10001,135.205,425280,44.32115,135.40732,135.33738,0.028623932,0.040811503,-0.012187571,19.44389,29.010817,17.71149,-57.75880,0.11936495,135.59334,135.29042,134.98750,2025-05-16,15:11
2025-05-16 15:12:00,135.205,135.25999,135.17999,135.2123,229926,44.77116,135.39147,135.31236,0.016572122,0.035963627,-0.019391505,20.79460,19.96051,17.97296,-37.39926,0.11655330,135.59319,135.28929,134.98538,2025-05-16,15:12
2025-05-16 15:13:00,135.21001,135.24001,135.13,135.22501,346690,45.59638,135.37314,135.29489,0.0079549124,0.030361884,-0.022406971,23.14844,21.12898,18.55540,-48.79626,0.11608525,135.59057,135.29416,134.99775,2025-05-16,15:13
2025-05-16 15:14:00,135.22501,135.25,135.19,135.22501,316179,45.59638,135.33980,135.28091,0.0011128835,0.024512084,-0.023399200,23.14844,22.36382,18.98044,-40.58497,0.11207899,135.58476,135.30066,135.016564,2025-05-16,15:14
2025-05-16 15:15:00,135.22501,135.25,135.14,135.185,267190,43.23794,135.29172,135.26173,-0.0074519278,0.018119281,-0.025571209,15.73935,20.67874,19.72439,-58.40231,0.11193053,135.58503,135.30016,135.015287,2025-05-16,15:15
2025-05-16 15:16:00,135.185,135.19501,135.12,135.1413,309148,40.75806,135.24337,135.23764,-0.017563461,0.010982733,-0.028546194,7.64644,15.51141,20.55211,-80.11486,0.10929351,135.58463,135.30048,135.016320,2025-05-16,15:16
2025-05-16 15:17:00,135.1414,135.22099,135.10001,135.1917,338391,44.69748,135.21376,135.22845,-0.021264954,0.0045331956,-0.025798150,16.97985,13.45522,20.97753,-70.41460,0.11012875,135.58444,135.30081,135.017185,2025-05-16,15:17
2025-05-16 15:18:00,135.19,135.215,135.13,135.14,196137,41.63888,135.19059,135.21076,-0.028046608,-0.0019827651,-0.026063843,7.40626,10.67752,21.37256,-73.20244,0.10833323,135.58699,135.29731,135.0076253,2025-05-16,15:18
2025-05-16 15:19:00,135.1447,135.23,135.14,135.2,311193,46.23697,135.19170,135.20861,-0.028254120,-0.0072370360,-0.021017084,18.51705,14.30105,21.52333,-59.41711,0.10702345,135.58319,135.30131,135.019425,2025-05-16,15:19
2025-05-16 15:20:00,135.205,135.21001,135.14999,135.17461,253333,44.63429,135.18832,135.20181,-0.030120179,-0.011813665,-0.018306514,14.075546,13.33295,21.66333,-64.95281,0.10366555,135.58405,135.29754,135.011033,2025-05-16,15:20
2025-05-16 15:21:00,135.17,135.23,135.14999,135.22,207461,48.098135,135.18918,135.20545,-0.027617696,-0.014974471,-0.012643225,24.74123,19.11128,21.47903,-51.15061,0.10197529,135.58362,135.29554,135.0074592,2025-05-16,15:21
2025-05-16 15:22:00,135.22501,135.27,135.17999,135.185,255850,45.72271,135.18473,135.20136,-0.028134645,-0.017606506,-0.010528139,23.70112,20.83930,20.70114,-41.42397,0.10112074,135.57982,135.28829,134.99676,2025-05-16,15:22
2025-05-16 15:23:00,135.17999,135.21001,135.13,135.185,429352,45.72271,135.18029,135.19809,-0.028219039,-0.019729012,-0.0084900263,32.68971,27.044020,20.53812,-56.96393,0.099612243,135.57295,135.27979,134.98663,2025-05-16,15:23
2025-05-16 15:24:00,135.185,135.215,135.14999,135.215,196186,48.26239,135.18362,135.20147,-0.025570510,-0.020897312,-0.0046731979,67.64204,41.34429,20.30785,-43.84175,0.097140115,135.56095,135.27104,134.98113,2025-05-16,15:24
2025-05-16 15:25:00,135.215,135.27,135.21001,135.2686,210902,52.53608,135.19777,135.21489,-0.018927937,-0.020503437,0.0015754998,99.17422,66.50199,19.25871,-6.0092622,0.094487075,135.52372,135.25822,134.99272,2025-05-16,15:25
2025-05-16 15:26:00,135.25999,135.31,135.23,135.24181,288062,50.29947,135.20333,135.22028,-0.015645387,-0.019531827,0.0038864400,67.52652,78.11426,18.027875,16.23071,0.093452415,135.44748,135.23943,135.031372,2025-05-16,15:26
2025-05-16 15:27:00,135.245,135.245,135.17999,135.22169,371608,48.62615,135.21241,135.22056,-0.014499596,-0.018525381,0.0040257844,57.94943,74.88339,17.24271,-10.88895,0.091420274,135.36085,135.22169,135.082525,2025-05-16,15:27
2025-05-16 15:28:00,135.22,135.22,135.11501,135.185,352085,45.64236,135.21074,135.21345,-0.016364086,-0.018093122,0.0017290354,40.47377,55.31657,17.24788,-70.28676,0.092510929,135.29577,135.20802,135.12028,2025-05-16,15:28
2025-05-16 15:29:00,135.1853,135.1853,135.070007,135.080307,449450,38.40272,135.20027,135.18682,-0.025989767,-0.019672451,-0.0063173163,4.29171,34.23830,17.70257,-210.50581,0.094138392,135.27397,135.19462,135.11526,2025-05-16,15:29
2025-05-16 15:30:00,135.085007,135.1199,135.0,135.065399,615203,37.49078,135.18309,135.16254,-0.034424304,-0.022622822,-0.011801483,21.096673,21.95405,18.74231,-270.41486,0.095978762,135.28573,135.18839,135.091038,2025-05-16,15:30
2025-05-16 15:31:00,135.070007,135.070007,135.0,135.039993,421254,35.92509,135.16698,135.13803,-0.042666940,-0.026631645,-0.016035295,12.90116,12.76318,19.70778,-245.34595,0.094123659,135.29655,135.18013,135.063717,2025-05-16,15:31
2025-05-16 15:32:00,135.044998,135.14999,135.039993,135.13989,348617,45.55367,135.16197,135.13840,-0.040669439,-0.029439204,-0.011230235,45.12699,26.37494,19.37226,-103.46948,0.095257727,135.29321,135.17651,135.059820,2025-05-16,15:32
2025-05-16 15:33:00,135.13989,135.17999,134.97,134.9924,545367,36.76868,135.13723,135.10920,-0.050406676,-0.033632698,-0.016773977,6.58828,21.53881,19.72512,-164.81692,0.10345299,135.30412,135.16488,135.025652,2025-05-16,15:33
2025-05-16 15:34:00,134.9902,135.145,134.97501,135.1301,321080,47.037559,135.12184,135.11338,-0.046476888,-0.036201536,-0.010275352,47.087335,32.93420,20.052774,-98.91647,0.10820622,135.29731,135.16014,135.022972,2025-05-16,15:34
2025-05-16 15:35:00,135.14,135.1499,135.070007,135.11,302793,45.86682,135.10720,135.11270,-0.044471430,-0.037855515,-0.0066159146,41.17673,31.61745,20.27884,-56.84068,0.10618399,135.29473,135.15639,135.018050,2025-05-16,15:35
2025-05-16 15:36:00,135.10001,135.13,135.029999,135.029999,283867,41.44439,135.085899,135.096163,-0.048775317,-0.040039475,-0.0087358415,17.64653,35.30353,20.88300,-100.32870,0.10574271,135.29970,135.15082,135.0019510,2025-05-16,15:36
2025-05-16 15:37:00,135.024994,135.049896,134.94,134.94501,433336,37.32680,135.059233,135.065932,-0.058371409,-0.043705862,-0.014665547,1.35269,20.058651,22.19892,-163.29540,0.10603922,135.31080,135.13849,134.96617,2025-05-16,15:37
2025-05-16 15:38:00,134.95,134.98,134.89,134.97,778382,39.23863,135.046977,135.046746,-0.063230699,-0.047610830,-0.015619870,19.048138,12.68245,23.77420,-163.046170,0.10489330,135.31729,135.12999,134.94269,2025-05-16,15:38
2025-05-16 15:39:00,134.96001,135.059906,134.92,134.98,384290,40.026468,135.037487,135.033396,-0.065519975,-0.051192659,-0.014327316,21.42779,13.94287,23.96939,-113.65969,0.10739434,135.31422,135.11899,134.92376,2025-05-16,15:39
2025-05-16 15:40:00,134.985,135.070007,134.9115,135.052399,397174,45.53582,135.038866,135.037196,-0.060791166,-0.053112360,-0.0076788059,45.74683,28.74092,24.0018077,-84.50262,0.11104534,135.30842,135.11288,134.91734,2025-05-16,15:40
2025-05-16 15:41:00,135.059998,135.125,134.95,134.96001,494733,40.43165,135.018879,135.021758,-0.063763781,-0.055242644,-0.0085211371,21.21422,29.46295,23.24925,-75.96951,0.11561374,135.29972,135.099879,134.90003,2025-05-16,15:41
2025-05-16 15:42:00,134.96989,135.0,134.91,134.97501,394868,41.57659,135.016946,135.012408,-0.064169568,-0.057028029,-0.0071415393,28.78623,31.91576,22.94925,-107.17055,0.11378393,135.29228,135.089380,134.88648,2025-05-16,15:42
2025-05-16 15:43:00,134.97501,134.97501,134.88,134.96001,410705,40.73345,134.99805,135.0019277,-0.064952748,-0.058612973,-0.0063397751,26.66836,25.55627,22.95711,-114.67210,0.11244231,135.28351,135.078130,134.87275,2025-05-16,15:43
2025-05-16 15:44:00,134.955,134.96001,134.875,134.94,313038,39.58060,134.97916,134.98954,-0.066421930,-0.060174764,-0.0062471660,21.31279,25.58913,23.012897,-115.81245,0.11048262,135.26808,135.064381,134.86068,2025-05-16,15:44
2025-05-16 15:45:00,134.935,134.98,134.89999,134.95239,277933,40.70007,134.97054,134.98211,-0.065827667,-0.061305345,-0.0045223223,25.37523,24.45212,22.74159,-93.13327,0.10830542,135.23474,135.048570,134.86240,2025-05-16,15:45
2025-05-16 15:46:00,134.955,134.99001,134.88,134.97501,352205,42.78375,134.97387,134.98069,-0.062807976,-0.061605871,-0.0012021045,32.78967,26.49256,22.70823,-83.18680,0.10842651,135.20125,135.035230,134.86921,2025-05-16,15:46
2025-05-16 15:47:00,134.9713,135.14,134.955,135.13499,846626,54.86684,134.99220,135.011552,-0.046963752,-0.058677447,0.011713695,94.57704,50.91398,21.54203,54.91314,0.11389587,135.18098,135.030895,134.88082,2025-05-16,15:47
2025-05-16 15:48:00,135.13499,135.25,135.125,135.23,534507,60.23674,135.019979,135.055241,-0.026436543,-0.052229266,0.025792724,94.66553,74.010748,21.50352,185.41925,0.11468902,135.19340,135.033145,134.87289,2025-05-16,15:48
2025-05-16 15:49:00,135.24001,135.25999,135.12,135.25,594939,61.28138,135.041935,135.094193,-0.0084569174,-0.043474797,0.035017879,97.40399,95.54885,21.55270,175.31603,0.11649690,135.22698,135.041630,134.85628,2025-05-16,15:49
2025-05-16 15:50:00,135.22,135.33,135.17999,135.215,669583,58.39067,135.070267,135.11835,0.0029337438,-0.034193089,0.037126832,74.72417,88.93123,22.16506,173.33198,0.11889064,135.24918,135.049110,134.84904,2025-05-16,15:50
2025-05-16 15:51:00,135.22,135.27,135.10001,135.14999,584341,53.35717,135.089710,135.12468,0.0066392381,-0.026026623,0.032665861,60.43798,77.52204,21.69755,99.84547,0.12254117,135.25937,135.054610,134.84985,2025-05-16,15:51
2025-05-16 15:52:00,135.145,135.19,135.13,135.155,373110,53.68820,135.11138,135.13074,0.0098659922,-0.018848100,0.028714092,61.53795,65.56670,21.26343,83.25985,0.11807377,135.26149,135.055365,134.84924,2025-05-16,15:52
2025-05-16 15:53:00,135.155,135.22,135.11,135.175,481456,55.061035,135.13749,135.13960,0.013877425,-0.012302995,0.026180420,65.93447,62.63680,21.13904,80.96068,0.11749712,135.27479,135.064495,134.85420,2025-05-16,15:53
2025-05-16 15:54:00,135.175,135.22,135.089996,135.145,654733,52.54551,135.15889,135.14068,0.014469074,-0.0069485813,0.021417655,59.34136,62.27126,20.74913,63.98346,0.11839053,135.27656,135.065240,134.85392,2025-05-16,15:54
2025-05-16 15:55:00,135.13,135.42,135.13,135.1739,1289220,54.69300,135.18099,135.14732,0.017073151,-0.0021442348,0.019217386,54.84503,60.040288,21.93555,113.89803,0.13064787,135.28425,135.068436,134.85262,2025-05-16,15:55
2025-05-16 15:56:00,135.175,135.17999,135.029999,135.155,765363,53.0032122,135.18321,135.14886,0.017410675,0.0017667471,0.015643927,51.37610,55.18750,21.84404,33.024321,0.13202973,135.29291,135.074686,134.85646,2025-05-16,15:56
2025-05-16 15:57:00,135.155,135.36,135.14,135.34599,1037680,64.82631,135.19610,135.18829,0.032712713,0.0079559403,0.024756773,86.42103,64.21405,22.84025,119.40568,0.13831341,135.33426,135.094735,134.85521,2025-05-16,15:57
2025-05-16 15:58:00,135.345,135.36,135.2,135.205,1033601,54.022143,135.19110,135.19163,0.033081534,0.012981059,0.020100475,60.18537,65.99417,23.76529,93.66076,0.13986271,135.34343,135.10648,134.86954,2025-05-16,15:58
2025-05-16 15:59:00,135.21001,135.395,135.16,135.32001,2431097,59.89383,135.20277,135.21730,0.042167725,0.018818392,0.023349333,81.48295,76.029782,24.16983,105.85035,0.14665828,135.37027,135.12349,134.87670,2025-05-16,15:59
2025-05-19 09:30:00,132.41,133.32001,132.41,133.22501,18833588,17.086522,134.98888,134.81884,-0.11831661,-0.0086086087,-0.10970800,27.076542,56.24829,27.51780,-566.91239,0.34404009,135.89661,135.032116,134.16763,2025-05-19,09:30
2025-05-19 09:31:00,133.22,133.62981,133.039993,133.14999,1869936,16.62826,134.76610,134.48507,-0.24868775,-0.056624436,-0.19206331,24.58444,44.38131,29.57508,-306.40906,0.36159531,136.13410,134.94162,133.74913,2025-05-19,09:31
2025-05-19 09:32:00,133.14999,133.35001,132.88,133.11011,1525060,16.37674,134.53667,134.21008,-0.35117815,-0.11553518,-0.23564297,23.25930,24.97343,31.62795,-223.58689,0.36933859,136.28291,134.84837,133.41383,2025-05-19,09:32
2025-05-19 09:33:00,133.12,133.17,132.57001,132.74001,1255554,14.22645,134.26945,133.91607,-0.45699867,-0.18382788,-0.27317079,10.96354,19.60243,33.79329,-188.78219,0.38581375,136.43889,134.73737,133.035852,2025-05-19,09:33
2025-05-19 09:34:00,132.75,133.11501,132.7233,132.75,1025549,14.55273,134.00012377,133.68285,-0.53390124,-0.25384255,-0.28005869,11.29558,15.17281,35.80398,-145.67840,0.38623480,136.53284,134.62787,132.72290,2025-05-19,09:34
2025-05-19 09:35:00,132.75,133.22279,132.74001,133.21001,948742,28.10798,133.78401,133.58828,-0.55137251,-0.31334854,-0.23802397,26.57822,16.27911,37.27886,-108.33219,0.39313146,136.53564,134.54075,132.54587,2025-05-19,09:35
2025-05-19 09:36:00,133.2,134.029999,133.17,133.78999,2173198,40.84914,133.61112,133.62863,-0.51251064,-0.35318096,-0.15932968,45.84692,27.90691,36.24885,-56.49713,0.42647926,136.49161,134.48150,132.47139,2025-05-19,09:36
2025-05-19 09:37:00,133.79089,133.99001,133.53,133.99001,1204047,44.50196,133.47613,133.70090,-0.46026734,-0.37459824,-0.085669101,52.49185,41.63900,35.29241,-39.40789,0.42887408,136.42183,134.42425,132.42667,2025-05-19,09:37
2025-05-19 09:38:00,133.99001,134.34,133.94,134.29539,1455111,49.61791,133.36228,133.81980,-0.38972922,-0.37762443,-0.012104785,62.63770,53.65882,33.54910,-11.61003,0.42681121,136.34095,134.37752,132.41409,2025-05-19,09:38
2025-05-19 09:39:00,134.295,134.48,134.11,134.1801,1114576,47.82545,133.46840,133.89186,-0.33922030,-0.36994361,0.030723303,59.29968,58.14308,31.61120,-3.76731,0.42275291,136.24735,134.32403,132.40070,2025-05-19,09:39
2025-05-19 09:40:00,134.19,134.63,134.12,134.42999,1328553,51.88277,133.61062,133.99949,-0.27584754,-0.35112439,0.075276857,67.67131,63.20290,29.47404,9.95100,0.42898555,136.16533,134.28478,132.40422,2025-05-19,09:40
2025-05-19 09:41:00,134.42999,134.49001,134.16,134.19,877253,48.020595,133.73061,134.037590,-0.24219747,-0.32933901,0.087141542,59.63144,62.20081,27.48954,4.85097,0.42191528,136.075077,134.23678,132.39847,2025-05-19,09:41
2025-05-19 09:42:00,134.2,134.22,133.88,134.14,1192090,47.23168,133.88617,134.058072,-0.21706221,-0.30688365,0.089821436,57.95629,61.75301,26.26283,-7.40146,0.41606393,135.97552,134.18603,132.39653,2025-05-19,09:42
2025-05-19 09:43:00,134.12,134.41,134.072403,134.32249,774366,50.43235,134.060888,134.11096,-0.18033769,-0.28157446,0.10123677,86.14819,67.91197,24.64901,13.22328,0.41045941,135.87636,134.14340,132.41044,2025-05-19,09:43
2025-05-19 09:44:00,134.34,134.48,134.27,134.3826,701067,51.47625,134.19118,134.16528,-0.14471514,-0.25420259,0.10948746,87.98999,77.36482,22.97759,27.87159,0.39614027,135.78103,134.10528,132.42953,2025-05-19,09:44
2025-05-19 09:45:00,134.38,134.56,134.12,134.485,977832,53.28150,134.26840,134.22923,-0.10698776,-0.22475963,0.11777187,92.96095,89.033041,21.78618,34.61770,0.39927328,135.68447,134.070835,132.45720,2025-05-19,09:45
2025-05-19 09:46:00,134.485,134.52,134.17,134.46471,749837,52.86177,134.32114,134.27632,-0.077828941,-0.19537349,0.11754455,91.97579,90.97558,20.67987,39.68514,0.39575420,135.58390,134.036320,132.48874,2025-05-19,09:46
2025-05-19 09:47:00,134.46539,134.87,134.33,134.80009,1118042,58.65804,134.37722,134.38108,-0.027342163,-0.16176722,0.13442506,96.74381,93.89352,19.67561,75.083144,0.40605699,135.48064,134.0090256,132.53741,2025-05-19,09:47
2025-05-19 09:48:00,134.8,134.91,134.6707,134.85001,1005705,59.45701,134.45166,134.47486,0.016506140,-0.12611255,0.14261869,97.23513,95.31825,18.84139,95.78231,0.39414603,135.41246,133.99128,132.57009,2025-05-19,09:48
2025-05-19 09:49:00,134.84,134.89,134.57001,134.625,850247,54.35699,134.47332,134.50489,0.032722915,-0.094345458,0.12706837,83.62053,92.53316,17.77041,89.85223,0.38884932,135.27643,133.95653,132.63662,2025-05-19,09:49
2025-05-19 09:50:00,134.62,134.67,134.32001,134.3801,1340977,49.39104,134.49444,134.47993,0.025518988,-0.070372569,0.095891557,61.60106,80.81891,16.91721,57.90310,0.38607372,135.30178,134.014280,132.72678,2025-05-19,09:50
2025-05-19 09:51:00,134.3999,134.6498,134.14999,134.44501,1341220,50.67722,134.52833,134.47295,0.024762147,-0.051345626,0.076107773,54.85467,66.69209,16.55455,49.010758,0.39419714,135.31540,134.079031,132.84266,2025-05-19,09:51
2025-05-19 09:52:00,134.44501,134.63,134.38,134.515,717912,52.091081,134.54972,134.48136,0.029470404,-0.035182420,0.064652824,61.65003,59.36859,16.21779,58.70302,0.38389734,135.31509,134.14928,132.98346,2025-05-19,09:52
2025-05-19 09:53:00,134.515,134.545,134.302,134.30859,508068,47.74457,134.54150,134.44680,0.016357957,-0.024874344,0.041232301,41.61062,52.70511,16.11204,35.46816,0.37383298,135.19847,134.22770,133.25694,2025-05-19,09:53
2025-05-19 09:54:00,134.30991,134.44,134.059998,134.095001,682559,43.68262,134.49817,134.37644,-0.011140463,-0.022127568,0.010987105,20.87346,41.37803,16.61642,-17.43731,0.37427383,134.99573,134.29495,133.59418,2025-05-19,09:54
2025-05-19 09:55:00,134.10001,134.54539,134.089996,134.5201,765234,52.36809,134.50432,134.40517,0.0013528275,-0.017431489,0.018784317,62.14483,41.54297,16.69461,18.81066,0.38006845,134.85910,134.36046,133.86182,2025-05-19,09:55
2025-05-19 09:56:00,134.54849,134.5499,134.205,134.2312,503836,47.056668,134.44111,134.37038,-0.011920126,-0.016329216,0.0044090906,20.14146,34.38658,16.75011,-16.48122,0.37755602,134.81258,134.38252,133.95246,2025-05-19,09:56
2025-05-19 09:57:00,134.2498,134.46001,134.205,134.24001,1086220,47.23232,134.37333,134.34430,-0.021480982,-0.017359569,-0.0041214127,21.17725,34.48784,16.80164,-47.30146,0.36880237,134.79198,134.39502,133.99806,2025-05-19,09:57
2025-05-19 09:58:00,134.24001,134.315,134.10001,134.19501,491829,46.38528,134.32556,134.31445,-0.032316482,-0.020350952,-0.011965530,15.88339,19.067366,17.15715,-101.46085,0.35781622,134.79434,134.39000,133.98566,2025-05-19,09:58
2025-05-19 09:59:00,134.19501,134.255,134.044998,134.080002,565700,44.20340,134.29221,134.26756,-0.049611782,-0.026203118,-0.023408664,4.046640,13.70243,17.64710,-133.38888,0.34725840,134.80189,134.38500,133.96811,2025-05-19,09:59
2025-05-19 10:00:00,134.059998,134.145,133.92999,134.020004,931378,43.065308,134.24499,134.21805,-0.067382984,-0.034439091,-0.032943893,9.18475,9.70493,18.43044,-151.74873,0.33781220,134.80987,134.36450,133.91913,2025-05-19,10:00
2025-05-19 10:01:00,134.029999,134.35001,133.92999,134.33,881712,50.19979,134.22443,134.24044,-0.055809243,-0.038713121,-0.017096122,40.81680,18.016066,18.20181,-69.74276,0.34368372,134.81002,134.37150,133.93297,2025-05-19,10:01
2025-05-19 10:02:00,134.3378,134.57001,134.22,134.5,896991,53.63126,134.24570,134.29235,-0.032544387,-0.037479375,0.0049349873,59.37535,36.45897,17.10587,25.28001,0.34413532,134.81798,134.38950,133.96102,2025-05-19,10:02
2025-05-19 10:03:00,134.50191,134.535,134.35001,134.4183,562022,51.78459,134.28162,134.31754,-0.020463085,-0.034076117,0.013613032,65.98759,55.39325,16.088208,24.078252,0.33276833,134.82180,134.39429,133.96677,2025-05-19,10:03
2025-05-19 10:04:00,134.4189,134.59,134.25999,134.37,932369,50.67345,134.26495,134.32803,-0.014618214,-0.030184536,0.015566322,61.12819,62.16371,15.47958,9.33819,0.33257073,134.82128,134.39366,133.96603,2025-05-19,10:04
2025-05-19 10:05:00,134.37,134.53999,134.28,134.44,499653,52.27169,134.28815,134.35043,-0.0042876806,-0.025005165,0.020717484,72.85727,66.65768,14.91442,15.045148,0.32738671,134.81755,134.39141,133.96526,2025-05-19,10:05
2025-05-19 10:06:00,134.435,134.89999,134.36,134.895,868758,61.094824,134.36092,134.45934,0.040151347,-0.011973863,0.052125210,99.48561,77.82369,14.71900,139.40415,0.34257289,134.89188,134.41292,133.93397,2025-05-19,10:06
2025-05-19 10:07:00,134.89529,134.99001,134.73,134.839,1299178,59.63367,134.43248,134.53527,0.070043467,0.0044296033,0.065613864,85.75480,86.032557,14.83300,183.89135,0.33667553,134.90037,134.41487,133.92937,2025-05-19,10:07
2025-05-19 10:08:00,134.83501,134.89,134.74001,134.89,476094,60.55873,134.52248,134.60622,0.096732970,0.022890277,0.073842693,90.56558,91.93533,14.93885,175.98348,0.32334113,134.90979,134.41687,133.92394,2025-05-19,10:08
2025-05-19 10:09:00,134.88499,135.22,134.8815,135.17999,1507924,65.41283,134.65137,134.72097,0.13967455,0.046247131,0.093427416,96.89858,91.072985,16.034509,236.93226,0.32442397,135.034281,134.44462,133.85495,2025-05-19,10:09
2025-05-19 10:10:00,135.19,135.34,135.080093,135.31,787813,67.35266,134.76026,134.83878,0.18209726,0.073417156,0.10868010,97.87243,95.11220,17.35734,213.16822,0.31981533,135.18968,134.49111,133.79254,2025-05-19,10:10
2025-05-19 10:11:00,135.31,135.34,135.14,135.28,706251,66.42685,134.84692,134.92702,0.21086618,0.10090696,0.10995922,95.74487,96.83863,18.58568,169.43277,0.31125687,135.31073,134.53286,133.75500,2025-05-19,10:11
2025-05-19 10:12:00,135.3,135.44,135.10001,135.11501,833213,61.42578,134.92433,134.96462,0.21784104,0.12429378,0.093547264,78.47716,90.69815,19.98789,132.49708,0.31330969,135.38090,134.56286,133.74482,2025-05-19,10:12
2025-05-19 10:13:00,135.11501,135.19,135.0,135.079895,626256,60.38395,135.0032111,134.98767,0.21802232,0.14303949,0.074982836,76.15198,83.45800,20.72877,92.81890,0.30450203,135.44034,134.60143,133.76251,2025-05-19,10:13
2025-05-19 10:14:00,135.071106,135.24001,135.070007,135.17,434022,62.15777,135.084322,135.024139,0.22286748,0.15900509,0.063862397,82.11904,78.91606,21.56445,93.30185,0.29489461,135.49516,134.65518,133.81519,2025-05-19,10:14
2025-05-19 10:15:00,135.16,135.55,135.1402,135.535,882027,68.34178,135.15543,135.12631,0.25324099,0.17785227,0.075388727,98.87223,85.71442,23.13909,120.14361,0.30310252,135.62595,134.70592,133.78589,2025-05-19,10:15
2025-05-19 10:16:00,135.535,135.75,135.46001,135.7,1077516,70.67463,135.25110,135.24105,0.28731383,0.19974458,0.087569247,96.64410,92.54512,25.016580,138.17446,0.30216614,135.76802,134.77936,133.79070,2025-05-19,10:16
2025-05-19 10:17:00,135.69501,135.87,135.67,135.72,727617,70.95410,135.34332,135.33684,0.31233062,0.22226179,0.090068829,90.68361,95.39998,26.98561,138.52793,0.29486834,135.88985,134.85336,133.81687,2025-05-19,10:17
2025-05-19 10:18:00,135.73,135.80499,135.58,135.61,581530,67.16377,135.39110,135.39147,0.31959636,0.24172870,0.077867662,83.64811,90.32527,28.29056,112.70638,0.28987709,135.96436,134.92411,133.88387,2025-05-19,10:18
2025-05-19 10:19:00,135.605,135.6292,135.46001,135.575,563255,65.95635,135.42054,135.42818,0.31885446,0.25715385,0.061700608,80.46363,84.93178,28.83294,88.50607,0.28125655,135.99985,134.99886,133.99787,2025-05-19,10:19
2025-05-19 10:20:00,135.575,135.6989,135.51939,135.53999,464428,64.70368,135.44943,135.45054,0.31184722,0.26809253,0.043754690,71.052455,78.38806,29.51424,87.81398,0.27398854,135.99454,135.074860,134.15518,2025-05-19,10:20
2025-05-19 10:21:00,135.535,135.67,135.53,135.66499,466322,67.10625,135.51054,135.49343,0.31277490,0.27702900,0.035745903,81.85808,77.79139,30.14687,88.40319,0.26441788,136.028561,135.14161,134.25466,2025-05-19,10:21
2025-05-19 10:22:00,135.66,135.69501,135.39,135.47501,674776,60.37910,135.55444,135.48975,0.29478167,0.28057953,0.014202132,60.041370,70.98397,29.91522,65.031670,0.26731717,136.037162,135.19036,134.34356,2025-05-19,10:22
2025-05-19 10:23:00,135.465,135.59,135.41,135.52499,560096,61.47344,135.59389,135.49680,0.28131270,0.28072617,0.00058652868,60.34446,67.41464,29.70012,57.63390,0.26107971,136.025444,135.24569,134.46594,2025-05-19,10:23
2025-05-19 10:24:00,135.52499,135.74001,135.52,135.67461,475183,64.62292,135.60940,135.53236,0.27948913,0.28047876,-0.00098962578,77.54139,65.97574,29.98788,78.86233,0.25814553,135.99970,135.31092,134.62215,2025-05-19,10:24
2025-05-19 10:25:00,135.6758,135.6799,135.45,135.50999,496364,58.91614,135.58829,135.52788,0.26174393,0.27673179,-0.014987864,58.62039,65.50208,29.82694,50.67803,0.25612829,135.92939,135.36442,134.79946,2025-05-19,10:25
2025-05-19 10:26:00,135.52,135.59,135.35001,135.38,524180,54.80064,135.55051,135.49831,0.23448861,0.26828316,-0.033794545,43.67897,59.94692,29.089015,16.82420,0.25497557,135.91099,135.38867,134.86636,2025-05-19,10:26
2025-05-19 10:27:00,135.3714,135.38989,135.27499,135.295,629660,52.23115,135.51551,135.45765,0.20368134,0.25536279,-0.051681459,28.12428,43.47455,27.98107,-28.098268,0.24497008,135.87198,135.41147,134.95097,2025-05-19,10:27
2025-05-19 10:28:00,135.295,135.295,135.14,135.14,679816,47.82763,135.46718,135.39412,0.16485885,0.23726200,-0.072403156,0,23.93442,26.24175,-84.37027,0.23854356,135.83845,135.42397,135.0094983,2025-05-19,10:28
2025-05-19 10:29:00,135.14,135.38,135.10001,135.285,578623,51.91217,135.43884,135.37229,0.14413093,0.21863579,-0.074504860,24.026000,17.38343,25.012568,-67.46671,0.24150465,135.83374,135.42922,135.024704,2025-05-19,10:29
2025-05-19 10:30:00,135.295,135.3185,135.039993,135.050003,530425,45.67164,135.37051,135.30784,0.10750210,0.19640905,-0.088906950,1.20599,8.41066,23.55281,-107.35899,0.24414742,135.85083,135.41622,134.98162,2025-05-19,10:30
2025-05-19 10:31:00,135.042007,135.185,134.9646,135.16499,758528,48.90817,135.33607,135.27927,0.086752218,0.17447769,-0.087725467,23.84523,16.35908,21.93510,-111.16630,0.24245103,135.85506,135.41047,134.96589,2025-05-19,10:31
2025-05-19 10:32:00,135.155,135.3,135.10001,135.24001,431430,50.96054,135.30440,135.27142,0.075490437,0.15468024,-0.079189799,35.51764,20.18962,20.87502,-72.47242,0.23941859,135.84783,135.41672,134.98562,2025-05-19,10:32
2025-05-19 10:33:00,135.24001,135.24001,135.080002,135.10001,307851,47.15343,135.24056,135.23713,0.054638771,0.13467194,-0.080033172,17.46266,25.60851,19.77872,-100.82317,0.23374610,135.84577,135.41773,134.98969,2025-05-19,10:33
2025-05-19 10:34:00,135.105,135.14,135.020004,135.12,416874,47.75359,135.19722,135.21371,0.039273898,0.11559233,-0.076318436,20.040538,24.34028,18.42058,-114.15175,0.22562103,135.84957,135.41523,134.98089,2025-05-19,10:34
2025-05-19 10:35:00,135.10001,135.2,134.92999,135.145,506300,48.54101,135.17111,135.19997,0.028783358,0.098230539,-0.069447181,26.54422,21.34914,17.53932,-99.94417,0.22879126,135.84167,135.39573,134.94979,2025-05-19,10:35
2025-05-19 10:36:00,135.145,135.19,134.92999,135.0,403635,44.36593,135.13833,135.15997,0.0086689657,0.080318224,-0.071649258,8.64274,18.40917,16.72100,-103.83419,0.23102115,135.81545,135.36073,134.90601,2025-05-19,10:36
2025-05-19 10:37:00,134.995,135.1799,134.98,135.080002,307690,47.070849,135.13167,135.14398,-0.00080705243,0.064093169,-0.064900221,18.51936,17.90211,15.96113,-83.87200,0.22879860,135.76762,135.32873,134.88984,2025-05-19,10:37
2025-05-19 10:38:00,135.089996,135.39999,135.070007,135.36,680760,55.26816,135.14000,135.18718,0.014113999,0.054097335,-0.039983336,57.34139,28.16783,15.68885,-14.76025,0.23602631,135.73619,135.31623,134.89627,2025-05-19,10:38
2025-05-19 10:39:00,135.36011,135.38,135.080002,135.13499,332431,48.73610,135.14944,135.17675,0.0076942333,0.044816714,-0.037122481,31.060711,35.64049,15.43602,-38.14903,0.24059608,135.70363,135.29423,134.88483,2025-05-19,10:39
2025-05-19 10:40:00,135.123,135.19,135.039993,135.19,345750,50.28312,135.15222,135.17940,0.0069649161,0.037246355,-0.030281439,55.32108,47.90773,14.92115,-55.65251,0.23412558,135.67230,135.27673,134.88116,2025-05-19,10:40
2025-05-19 10:41:00,135.185,135.25,135.11,135.13499,282264,48.70041,135.14056,135.17052,0.0019260442,0.030182293,-0.028256248,43.61730,43.33303,14.79343,-40.96434,0.22740228,135.60735,135.25023,134.89311,2025-05-19,10:41
2025-05-19 10:42:00,135.14,135.25999,135.13,135.175,275960,49.93473,135.14889,135.17141,0.0011478257,0.024375399,-0.023227574,52.12973,50.35604,14.73377,-25.43061,0.22044424,135.57825,135.23523,134.89221,2025-05-19,10:42
2025-05-19 10:43:00,135.1756,135.22,135.0,135.010696,400831,45.13203,135.13674,135.13927,-0.012582053,0.016983909,-0.029565962,17.17096,37.63933,13.72255,-79.20728,0.22041259,135.53862,135.20952,134.88041,2025-05-19,10:43
2025-05-19 10:44:00,135.009903,135.14999,135.0,135.1326,295392,49.047553,135.13537,135.13794,-0.013471282,0.010892871,-0.024364152,43.10759,37.46943,12.78355,-68.77485,0.21538269,135.43400,135.18242,134.93083,2025-05-19,10:44
2025-05-19 10:45:00,135.14011,135.38,135.125,135.255,5096955,52.69783,135.16370,135.16135,-0.0042498703,0.0078643225,-0.012114193,69.15135,43.14330,13.29051,68.57206,0.21821284,135.37518,135.16967,134.96415,2025-05-19,10:45
2025-05-19 10:46:00,135.25011,135.2599,134.92999,134.96001,886509,44.43566,135.15037,135.12108,-0.020509304,0.0021895973,-0.022698901,6.38595,39.54830,12.47183,-106.094590,0.22619123,135.34970,135.14867,134.94763,2025-05-19,10:46
2025-05-19 10:47:00,134.951,135.039993,134.84,134.86501,571918,42.14409,135.095367,135.069866,-0.040592897,-0.0063669016,-0.034225995,4.46594,26.66775,11.95679,-218.83404,0.22432021,135.35161,135.12717,134.90272,2025-05-19,10:47
2025-05-19 10:48:00,134.86501,134.86501,134.625,134.67,836541,37.83130,135.043701,134.98989,-0.071421448,-0.019377811,-0.052043637,5.80626,5.55272,12.50659,-307.086341,0.22544059,135.40356,135.10367,134.80378,2025-05-19,10:48
2025-05-19 10:49:00,134.66991,134.66991,134.35001,134.4287,1032193,33.29137,134.95911,134.87765,-0.11401015,-0.038304279,-0.075705874,7.49433,5.92218,14.010257,-339.98924,0.23219426,135.46968,135.060851,134.65202,2025-05-19,10:49
2025-05-19 10:50:00,134.42999,134.64999,134.28,134.6413,838387,40.11060,134.90426,134.83038,-0.12911851,-0.056467126,-0.072651386,32.25886,15.18648,15.62148,-225.93809,0.24203718,135.48836,135.040415,134.59247,2025-05-19,10:50
2025-05-19 10:51:00,134.61369,134.7,134.5219,134.60001,582029,39.27096,134.84037,134.78431,-0.14277792,-0.073729285,-0.069048635,28.57221,22.77513,16.78920,-148.73907,0.23747028,135.49502,135.012166,134.52931,2025-05-19,10:51
2025-05-19 10:52:00,134.595,134.72,134.55,134.67999,376120,41.81205,134.80362,134.76344,-0.14547194,-0.088077816,-0.057394125,36.36288,32.39798,17.73873,-111.053128,0.23265085,135.47579,134.98417,134.49254,2025-05-19,10:52
2025-05-19 10:53:00,134.675,134.71851,134.58,134.58501,446873,39.68826,134.74278,134.72776,-0.15350207,-0.10116267,-0.052339403,27.72784,30.88764,18.62044,-100.89850,0.22592607,135.47632,134.95842,134.44051,2025-05-19,10:53
2025-05-19 10:54:00,134.5898,134.71989,134.58501,134.64,358893,41.53967,134.67445,134.71020,-0.15365729,-0.11166159,-0.041995698,32.72715,32.27262,19.42848,-82.93263,0.21942333,135.46449,134.93442,134.40434,2025-05-19,10:54
2025-05-19 10:55:00,134.66,134.7099,134.55499,134.675,313301,42.74446,134.64278,134.70316,-0.14923550,-0.11917637,-0.030059131,35.90928,32.12142,20.30926,-74.13494,0.21481504,135.44323,134.91092,134.37860,2025-05-19,10:55
2025-05-19 10:56:00,134.675,134.75999,134.55,134.675,382982,42.74446,134.62167,134.69753,-0.14407045,-0.12415519,-0.019915264,35.90928,34.84857,20.70594,-62.77362,0.21447050,135.43489,134.89467,134.35444,2025-05-19,10:56
2025-05-19 10:57:00,134.6701,134.75,134.59,134.64999,264621,42.026779,134.61944,134.68802,-0.14037697,-0.12739955,-0.012977421,33.63573,35.15143,21.074284,-56.22061,0.21058001,135.41640,134.87317,134.32993,2025-05-19,10:57
2025-05-19 10:58:00,134.62801,134.81,134.625,134.69501,405060,43.85403,134.64903,134.68942,-0.13229266,-0.12837817,-0.0039144882,37.72784,35.75762,20.89017,-38.86746,0.20875269,135.33954,134.83992,134.34029,2025-05-19,10:58
2025-05-19 10:59:00,134.69501,134.6987,134.56,134.655,270626,42.56973,134.65056,134.68254,-0.12764275,-0.12823108,0.00058833379,38.26905,36.54421,21.091319,-53.73775,0.20374910,135.30248,134.81592,134.32935,2025-05-19,10:59
2025-05-19 11:00:00,134.66,134.66499,134.48,134.49159,648040,37.71195,134.63851,134.64435,-0.13558031,-0.12970093,-0.0058793806,27.84147,34.61279,21.70374,-75.48894,0.20240970,135.25525,134.78100,134.30674,2025-05-19,11:00
2025-05-19 11:01:00,134.495,134.625,134.41,134.55499,634681,40.54673,134.62462,134.62648,-0.13519655,-0.13080005,-0.0043964962,47.0069642,37.70583,22.61677,-76.91187,0.20330875,135.20664,134.75200,134.29735,2025-05-19,11:01
2025-05-19 11:02:00,134.55,134.71001,134.55,134.69971,346421,46.52865,134.63737,134.64112,-0.12181102,-0.12900225,0.0071912298,79.19042,51.34628,22.67423,-31.74004,0.20021553,135.13958,134.72823,134.31688,2025-05-19,11:02
2025-05-19 11:03:00,134.69,134.69501,134.47,134.5247,367081,41.13816,134.62456,134.61784,-0.12389597,-0.12798099,0.0040850187,46.17090,57.45609,23.14860,-65.42968,0.20232198,135.10289,134.70393,134.30497,2025-05-19,11:03
2025-05-19 11:04:00,134.5217,134.67999,134.5217,134.657,238820,46.21131,134.62256,134.62567,-0.11356422,-0.12509764,0.011533416,61.74945,62.37025,23.58910,-35.98904,0.19917717,135.027424,134.68015,134.33288,2025-05-19,11:04
2025-05-19 11:05:00,134.66,134.72,134.60001,134.61,299627,44.73621,134.61533,134.62254,-0.10792442,-0.12166299,0.013738574,50.0000000001208,52.64012,23.60340,-9.81901,0.19352131,134.87446,134.64790,134.42134,2025-05-19,11:05
2025-05-19 11:06:00,134.61011,134.6481,134.52,134.6389,230109,45.88025,134.61410,134.62581,-0.099970439,-0.11732448,0.017354044,57.22515,56.32486,24.075410,-34.13603,0.18884818,134.80744,134.63185,134.45625,2025-05-19,11:06
2025-05-19 11:07:00,134.64,134.7,134.44,134.47501,318608,40.73068,134.58966,134.59565,-0.10567364,-0.11499431,0.0093206734,16.25086,41.15867,24.92846,-97.31385,0.19393006,134.76519,134.61235,134.45950,2025-05-19,11:07
2025-05-19 11:08:00,134.47,134.5,134.3,134.4913,569905,41.43456,134.57147,134.57478,-0.10763771,-0.11352299,0.0058852861,37.51010,36.99537,26.34003,-193.80892,0.19436341,134.76249,134.60341,134.44433,2025-05-19,11:08
2025-05-19 11:09:00,134.49001,134.56,134.47,134.56,275131,44.43044,134.57907,134.57182,-0.10246992,-0.11131238,0.0088424617,50.97986,34.91361,27.042316,-86.80839,0.18690862,134.74928,134.60998,134.47067,2025-05-19,11:09
2025-05-19 11:10:00,134.55,134.75999,134.55,134.745,395329,51.60950,134.60018,134.60646,-0.082495688,-0.10554904,0.023053351,87.25429,58.58142,25.99741,94.64083,0.18855739,134.76599,134.61516,134.46433,2025-05-19,11:10
2025-05-19 11:11:00,134.745,134.97,134.74001,134.95,730349,58.073424,134.62799,134.67517,-0.049552821,-0.094349796,0.044796975,97.014280,78.41614,24.57692,278.35027,0.19151728,134.84218,134.63266,134.42314,2025-05-19,11:11
2025-05-19 11:12:00,134.96001,135.10001,134.94,135.0041962,656010,59.60958,134.68127,134.74097,-0.018854593,-0.079250755,0.060396163,88.023804,90.76412,23.92173,313.092134,0.18926630,134.91346,134.64887,134.38428,2025-05-19,11:12
2025-05-19 11:13:00,135.0050049,135.020004,134.91,134.995,389391,59.21294,134.71882,134.79178,0.0046776058,-0.062465083,0.067142689,86.87368,90.63725,23.11543,214.44564,0.18360447,134.97181,134.66937,134.36692,2025-05-19,11:13
2025-05-19 11:14:00,134.995,135.13,134.9809,135.020004,449366,59.99217,134.76438,134.83742,0.025056240,-0.044960818,0.070017058,86.74694,87.21481,22.90711,195.88809,0.18114050,135.026668,134.68837,134.35007,2025-05-19,11:14
2025-05-19 11:15:00,135.014999,135.050003,134.89999,134.985,323287,58.31295,134.80283,134.86694,0.037944550,-0.028379745,0.066324295,82.52964,85.38342,22.16262,131.37270,0.17891683,135.065873,134.70387,134.34187,2025-05-19,11:15
2025-05-19 11:16:00,134.99541,135.076996,134.9415,135.065002,285506,60.99985,134.86839,134.90655,0.053991725,-0.011905451,0.065897176,92.16840,87.14833,21.61221,127.39818,0.17581549,135.11763,134.72337,134.32911,2025-05-19,11:16
2025-05-19 11:17:00,135.070007,135.089996,134.99001,135.059998,288685,60.73611,134.93158,134.93724,0.065549757,0.0035855907,0.061964166,91.56540,88.75448,21.17174,113.53806,0.17039944,135.16262,134.74387,134.32512,2025-05-19,11:17
2025-05-19 11:18:00,135.070007,135.28,135.065002,135.255,609537,66.76555,135.0087992,135.00079297,0.089414330,0.020751339,0.068662991,97.44959,93.72780,21.69223,139.63994,0.17394243,135.24514,134.77187,134.29860,2025-05-19,11:18
2025-05-19 11:19:00,135.255,135.25999,135.12,135.155,336638,61.54588,135.054355,135.031634,0.099114983,0.036424067,0.062690916,87.24484,92.086612,22.17555,114.63442,0.17151792,135.29498,134.79687,134.29876,2025-05-19,11:19
2025-05-19 11:20:00,135.1698,135.23151,135.13631,135.16499,265920,61.86674,135.078244,135.058306,0.10638298,0.050415849,0.055967128,88.26469,90.98638,22.62435,101.79961,0.16606661,135.33258,134.83054,134.32850,2025-05-19,11:20
2025-05-19 11:21:00,135.17,135.235,135.020004,135.125,360233,59.71942,135.091666,135.071645,0.10767459,0.061867597,0.045806989,84.18373,86.56442,22.075136,79.64434,0.16956159,135.35999,134.85904,134.35809,2025-05-19,11:21
2025-05-19 11:22:00,135.12,135.13,134.985,135.019897,379130,54.37781,135.094433,135.061295,0.099075220,0.069309121,0.029766099,67.88863,80.11235,21.29427,51.69238,0.16780750,135.37507,134.87505,134.37503,2025-05-19,11:22
2025-05-19 11:23:00,135.010101,135.085007,134.895,135.039993,462750,55.20287,135.096654,135.057035,0.092811849,0.074009667,0.018802182,67.12234,73.064900,19.90461,36.57131,0.16939285,135.37858,134.90081,134.42305,2025-05-19,11:23
2025-05-19 11:24:00,135.044998,135.085007,134.89,134.895,263788,48.40171,135.086655,135.024629,0.075280889,0.074263911,0.0010169780,28.70383,54.57160,18.57793,17.19442,0.17122246,135.37727,134.91271,134.44816,2025-05-19,11:24
2025-05-19 11:25:00,134.89999,134.97,134.795,134.94501,443354,50.65944,135.073322,135.0087045,0.064676752,0.072346479,-0.0076697270,30.92968,42.25195,17.82564,-5.16917,0.17149250,135.37283,134.92946,134.48610,2025-05-19,11:25
2025-05-19 11:26:00,134.94501,135.0,134.89999,134.97,223023,51.79484,135.063322,135.00096383,0.057625426,0.069402269,-0.011776843,36.083058,31.90553,16.89163,8.66153,0.16638633,135.36900,134.94602,134.52303,2025-05-19,11:26
2025-05-19 11:27:00,134.97,135.015106,134.91,134.98351,213666,52.43175,135.033156,134.99747,0.052521427,0.066026101,-0.013504673,38.86739,35.29338,15.90256,6.22366,0.16200892,135.33509,134.97144,134.60780,2025-05-19,11:27
2025-05-19 11:28:00,134.99001,134.99001,134.88,134.89999,193884,48.19123,135.0048218,134.97798,0.041262159,0.061073312,-0.019811153,21.64858,32.19967,15.21708,-36.93751,0.15829404,135.28426,134.99188,134.69950,2025-05-19,11:28
2025-05-19 11:29:00,134.905,134.92999,134.83,134.925,240429,49.50822,134.97816,134.96738,0.033965603,0.055651770,-0.021686168,26.80510,29.10702,14.96164,-80.44459,0.15412952,135.22863,135.010130,134.79163,2025-05-19,11:29
2025-05-19 11:30:00,134.92,135.039993,134.86,134.97,251401,51.87851,134.96093,134.96791,0.031451453,0.050811707,-0.019360254,36.083058,28.17891,14.0093150,-51.14781,0.15597689,135.20441,135.021380,134.83835,2025-05-19,11:30
2025-05-19 11:31:00,134.98,135.13,134.97,135.085007,377971,57.38473,134.96817,134.99133,0.038297484,0.048308862,-0.010011379,59.79550,40.89455,13.79122,37.20496,0.15626452,135.21008,135.028130,134.84618,2025-05-19,11:31
2025-05-19 11:32:00,135.074997,135.2,135.074997,135.175,301625,61.13265,134.98317,135.028061,0.050403939,0.048727878,0.0016760618,81.72212,59.20023,14.056556,104.93429,0.15403134,135.22906,135.036671,134.84428,2025-05-19,11:32
2025-05-19 11:33:00,135.175,135.2,135.070007,135.090103,289146,56.11849,135.0048472,135.040470,0.052542009,0.049490704,0.0030513049,67.068942,69.52886,14.25580,70.96415,0.15231407,135.23416,135.041426,134.84869,2025-05-19,11:33
2025-05-19 11:34:00,135.095001,135.1351,135.0099945,135.11501,256031,57.22668,135.023736,135.055377,0.055604877,0.050713538,0.0048913383,72.72853,73.83987,13.87492,39.84204,0.15037070,135.24124,135.046176,134.85112,2025-05-19,11:34
2025-05-19 11:35:00,135.12,135.22,135.080002,135.16,434753,59.23028,135.044847,135.076302,0.060960483,0.052762927,0.0081975559,85.88303,75.22683,14.13034,85.28228,0.14962989,135.25389,135.054926,134.85597,2025-05-19,11:35
2025-05-19 11:36:00,135.16499,135.32001,135.1613,135.31,403432,65.098959,135.081124,135.12304,0.076427090,0.057495760,0.018931330,98.093411,85.56832,14.99349,146.98316,0.15037087,135.29516,135.067176,134.83919,2025-05-19,11:36
2025-05-19 11:37:00,135.32001,135.325,135.25,135.28999,242275,63.78033,135.12446,135.15643,0.086078055,0.063212219,0.022865836,93.39552,92.45732,15.82487,139.99281,0.14498702,135.32640,135.078676,134.83095,2025-05-19,11:37
2025-05-19 11:38:00,135.295,135.49001,135.28,135.465,517637,69.58463,135.18446,135.21814,0.10661876,0.071893528,0.034725236,96.40160,95.96351,17.47755,192.88969,0.14963128,135.37996,135.089175,134.79839,2025-05-19,11:38
2025-05-19 11:39:00,135.4601,135.49001,135.42,135.465,416089,69.58463,135.23946,135.26751,0.12149688,0.081814199,0.039682684,96.21076,95.33596,19.012182,187.51372,0.14394386,135.43781,135.10468,134.77154,2025-05-19,11:39
2025-05-19 11:40:00,135.465,135.67999,135.46001,135.55499,756188,72.23803,135.29168,135.32501,0.13894814,0.093240988,0.045707156,85.29396,92.63544,21.23625,199.65252,0.14937544,135.51055,135.12418,134.73780,2025-05-19,11:40
2025-05-19 11:41:00,135.5515,135.72,135.55141,135.66499,391546,75.097639,135.34612,135.39301,0.15981231,0.10655525,0.053257056,93.81933,91.77468,23.44355,185.95872,0.15074822,135.60380,135.15117,134.69855,2025-05-19,11:41
2025-05-19 11:42:00,135.66499,135.7,135.56,135.5797,346379,69.14968,135.40052,135.43034,0.16753336,0.11875087,0.048782488,84.23543,87.78291,25.49319,143.61360,0.14998044,135.66395,135.17916,134.69438,2025-05-19,11:42
2025-05-19 11:43:00,135.575,135.59,135.4301,135.50999,398129,64.64392,135.44441,135.44627,0.16611312,0.12822332,0.037889800,75.58063,84.54513,25.97682,95.62010,0.15068876,135.70348,135.20266,134.70185,2025-05-19,11:43
2025-05-19 11:44:00,135.51891,135.535,135.39,135.405,271281,58.46409,135.47163,135.43802,0.15473165,0.13352499,0.021206658,57.99967,72.60525,26.032689,67.12731,0.15028272,135.71548,135.22816,134.74085,2025-05-19,11:44
2025-05-19 11:45:00,135.4014,135.56,135.35001,135.49001,359502,61.65981,135.49163,135.44842,0.15083237,0.13698647,0.013845908,67.60654,67.062283,25.69713,66.69307,0.15454763,135.73727,135.25541,134.77356,2025-05-19,11:45
2025-05-19 11:46:00,135.485,135.485,135.39,135.39999,189607,56.68640,135.50385,135.43873,0.13887809,0.13736479,0.0015132981,54.92897,60.17840,25.38553,48.54953,0.15065181,135.74406,135.27691,134.80977,2025-05-19,11:46
2025-05-19 11:47:00,135.38,135.4214,135.28,135.315,384162,52.38947,135.48719,135.41399,0.12114959,0.13412175,-0.012972157,42.95846,55.16466,24.055274,16.75014,0.14999120,135.74092,135.29349,134.84606,2025-05-19,11:47
2025-05-19 11:48:00,135.3156,135.36501,135.3,135.315,182819,52.38947,135.47052,135.39419,0.10587913,0.12847323,-0.022594101,36.71888,44.86877,22.82003,6.53062,0.14392057,135.72363,135.31424,134.90485,2025-05-19,11:48
2025-05-19 11:49:00,135.31,135.35001,135.14999,135.189,376140,46.34853,135.42985,135.35315,0.082656636,0.11930991,-0.036653271,6.84227,28.83987,21.92437,-39.49653,0.14792712,135.70125,135.32744,134.95363,2025-05-19,11:49
2025-05-19 11:50:00,135.17999,135.19991,135.070007,135.145,338115,44.42269,135.37208,135.31152,0.060011162,0.10745016,-0.047438997,11.53810,18.36642,21.63081,-85.64534,0.14663933,135.68337,135.33619,134.98901,2025-05-19,11:50
2025-05-19 11:51:00,135.145,135.22,135.085007,135.14,252575,44.19768,135.32322,135.27722,0.041185844,0.094197296,-0.053011452,10.76811,9.71616,21.17127,-85.56786,0.14580755,135.67891,135.33894,134.99896,2025-05-19,11:51
2025-05-19 11:52:00,135.13499,135.23,135.13,135.17999,181874,46.52842,135.28655,135.25777,0.029157656,0.081189368,-0.052031712,16.92098,13.075731,20.64780,-72.70119,0.14253493,135.67869,135.33919,134.99969,2025-05-19,11:52
2025-05-19 11:53:00,135.17999,135.17999,135.029999,135.069901,188959,41.40198,135.24932,135.22020,0.010619300,0.067075354,-0.056456054,5.78284,11.15731,20.85378,-110.43325,0.14306771,135.68074,135.33818,134.99561,2025-05-19,11:53
2025-05-19 11:54:00,135.059998,135.070007,134.98,135.034698,333217,39.88862,135.19873,135.18310,-0.0068342091,0.052293441,-0.059127651,7.39221,10.032010,21.35690,-135.70299,0.13927799,135.68877,135.33416,134.97956,2025-05-19,11:54
2025-05-19 11:55:00,135.035004,135.050003,134.94501,134.97501,201105,37.39262,135.15151,135.14148,-0.025192514,0.036796250,-0.061988764,3.97340,5.71615,22.036532,-141.31833,0.13682926,135.70588,135.32491,134.94395,2025-05-19,11:55
2025-05-19 11:56:00,134.97,135.11,134.965,135.10001,289164,45.13487,135.12762,135.13318,-0.029317197,0.023573561,-0.052890758,24.031228,11.79895,22.0059368,-101.39205,0.13741319,135.70782,135.31441,134.92101,2025-05-19,11:56
2025-05-19 11:57:00,135.099899,135.1687,135.059998,135.085007,373902,44.42493,135.10207,135.12355,-0.033411219,0.012176605,-0.045587824,22.76449,16.92304,21.37466,-75.28793,0.13536250,135.71006,135.30416,134.89827,2025-05-19,11:57
2025-05-19 11:58:00,135.089996,135.1165,135.0,135.1165,217145,46.33367,135.094013,135.12214,-0.033725679,0.0029961481,-0.036721827,27.88557,24.89376,21.22867,-76.34366,0.13401524,135.69344,135.28674,134.88003,2025-05-19,11:58
2025-05-19 11:59:00,135.11,135.15199,135.080002,135.089996,175349,44.93497,135.087901,135.11571,-0.035702033,-0.0047434881,-0.030958545,26.85015,25.83340,20.72439,-59.79660,0.12958494,135.67467,135.26799,134.86131,2025-05-19,11:59
2025-05-19 12:00:00,135.085007,135.13,134.9801,135.080002,268094,44.39078,135.081234,135.10857,-0.037640880,-0.011322967,-0.026317914,28.33670,27.69081,20.96684,-69.92065,0.13103618,135.63632,135.24424,134.85216,2025-05-19,12:00
2025-05-19 12:01:00,135.087997,135.17,135.080002,135.11501,216414,46.81991,135.074014,135.10986,-0.035938649,-0.016246103,-0.019692546,40.47593,31.88759,20.76997,-43.19026,0.12810476,135.56117,135.21674,134.87231,2025-05-19,12:01
2025-05-19 12:02:00,135.12,135.13,135.029999,135.070007,202254,44.14998,135.074025,135.10189,-0.037785033,-0.020553889,-0.017231144,30.86429,33.22564,20.93904,-58.45841,0.12609772,135.49784,135.19126,134.88467,2025-05-19,12:02
2025-05-19 12:03:00,135.065002,135.1398,135.0050049,135.12,220402,47.71683,135.083503,135.10551,-0.034813401,-0.023405791,-0.011407609,61.40172,44.24732,21.26844,-49.053109,0.12671903,135.44226,135.17176,134.90125,2025-05-19,12:03
2025-05-19 12:04:00,135.125,135.22,135.105,135.175,268639,51.39544,135.10572,135.11941,-0.027700368,-0.024264707,-0.0034356610,80.70354,57.65652,20.69639,3.44954,0.12588235,135.40878,135.16026,134.91173,2025-05-19,12:04
2025-05-19 12:05:00,135.17,135.2,135.1086,135.13499,202117,48.71096,135.10961,135.12252,-0.025003370,-0.024412439,-0.00059093040,66.66488,69.59005,20.16521,1.94227,0.12341934,135.33970,135.14251,134.94531,2025-05-19,12:05
2025-05-19 12:06:00,135.13,135.25,133.28,135.1787,294503,51.67982,135.12002,135.13376,-0.019119265,-0.023353804,0.0042345394,96.38049,81.24964,24.14122,-404.18367,0.25531804,135.29080,135.13144,134.97208,2025-05-19,12:06
2025-05-19 12:07:00,135.17999,135.23,135.16,135.17419,177576,51.35010,135.12643,135.14185,-0.014650410,-0.021613125,0.0069627159,96.15200,86.39912,27.83324,76.25530,0.24208047,135.26161,135.12440,134.98720,2025-05-19,12:07
2025-05-19 12:08:00,135.1701,135.2081,135.14999,135.1568,127182,50.021951,135.13386,135.14484,-0.012369850,-0.019764470,0.0073946202,95.26900,95.93383,31.26940,74.95668,0.22893940,135.22382,135.11649,135.0091634,2025-05-19,12:08
2025-05-19 12:09:00,135.1586,135.21001,135.125,135.12579,129040,47.65589,135.13894,135.14103,-0.012915522,-0.018394681,0.0054791586,93.69510,95.038702,34.48094,64.58141,0.21865850,135.21553,135.11333,135.011129,2025-05-19,12:09
2025-05-19 12:10:00,135.12,135.28,133.020004,135.265,321907,57.39875,135.15561,135.16582,-0.0020911106,-0.015133967,0.013042856,99.33631,96.10014,38.35177,-321.37095,0.36446821,135.24058,135.11933,134.99808,2025-05-19,12:10
2025-05-19 12:11:00,135.265,135.3,135.19,135.2001,786833,52.49345,135.17006,135.17268,0.0012365246,-0.011859868,0.013096393,95.61845,96.21662,41.87430,103.20557,0.34629195,135.24837,135.12234,134.99630,2025-05-19,12:11
2025-05-19 12:12:00,135.2001,135.33,132.89999,135.285,272677,57.59872,135.18840,135.19514,0.010602197,-0.0073674555,0.017969652,98.14823,97.70100,45.49446,-229.31210,0.49512881,135.27042,135.12759,134.98475,2025-05-19,12:12
2025-05-19 12:13:00,135.28011,135.28999,135.185,135.19,280548,50.99485,135.19007,135.19412,0.010240706,-0.0038458232,0.014086529,94.23873,96.0018021,48.85605,83.50013,0.46726216,135.27632,135.13359,134.99086,2025-05-19,12:13
2025-05-19 12:14:00,135.19501,135.2099,135.145,135.1687,126981,49.62108,135.19381,135.18903,0.0081415371,-0.0014483511,0.0095898882,93.36213,95.24970,51.98176,58.76206,0.43852169,135.27624,135.14029,135.0043426,2025-05-19,12:14
2025-05-19 12:15:00,135.145,135.2,135.125,135.13,130313,47.13683,135.18840,135.17723,0.0033172246,-0.00049523598,0.0038124606,91.76970,93.12352,54.88645,46.21757,0.41255564,135.26117,135.14804,135.034908,2025-05-19,12:15
2025-05-19 12:16:00,135.12,135.13,135.070007,135.095001,210523,44.94484,135.17960,135.16078,-0.0032926254,-0.0010547139,-0.0022379116,90.32922,91.82035,57.59023,22.15937,0.38737292,135.26137,135.14779,135.034213,2025-05-19,12:16
2025-05-19 12:17:00,135.093704,135.10001,135.014999,135.014999,194619,40.32885,135.16385,135.13163,-0.014815673,-0.0038069056,-0.011008767,87.036979,89.71197,60.10777,-0.25837124,0.36577533,135.26915,135.14429,135.019433,2025-05-19,12:17
2025-05-19 12:18:00,135.019897,135.070007,132.85001,134.96989,541770,37.96163,135.14652,135.099279,-0.027272979,-0.0085001204,-0.018772859,85.47951,87.61524,62.62976,-222.021746,0.49822004,135.28291,135.13696,134.99101,2025-05-19,12:18
2025-05-19 12:19:00,134.9599,134.9599,134.84,134.85001,287520,32.50085,135.10041,135.049425,-0.046285914,-0.016057279,-0.030228635,80.64530,84.38726,64.97161,-33.56616,0.47191133,135.31667,135.12496,134.93325,2025-05-19,12:19
2025-05-19 12:20:00,134.8483,135.020004,134.83501,134.91499,343572,37.72992,135.068734,135.022538,-0.055470450,-0.023939913,-0.031530537,83.26576,83.13019,66.98621,-19.016542,0.45141749,135.32859,135.11671,134.90483,2025-05-19,12:20
2025-05-19 12:21:00,134.91499,134.9899,134.86011,134.88071,291429,36.13923,135.023812,134.99417,-0.064769275,-0.032105786,-0.032663490,81.88323,81.93143,68.85690,-19.75311,0.42844419,135.34055,135.10499,134.86944,2025-05-19,12:21
2025-05-19 12:22:00,134.88029,134.9301,134.8701,134.89,184619,36.91552,134.99048,134.97334,-0.070575278,-0.039799684,-0.030775594,82.25794,82.46897,70.59397,-21.034820,0.40212657,135.34929,135.095995,134.84270,2025-05-19,12:22
2025-05-19 12:23:00,134.89999,135.0,134.89999,134.97,189217,43.30518,134.96840,134.97267,-0.067937952,-0.045427338,-0.022510614,85.48382,83.20833,71.98100,-1.18017,0.38126043,135.34733,135.088495,134.82966,2025-05-19,12:23
2025-05-19 12:24:00,134.98,135.059998,134.9501,135.029999,269990,47.59233,134.95729,134.98414,-0.060311318,-0.048404134,-0.011907185,87.90308,85.21495,73.066579,19.058793,0.36187710,135.33810,135.081245,134.82439,2025-05-19,12:24
2025-05-19 12:25:00,135.039902,135.049896,134.97501,135.024994,304656,47.27121,134.94951,134.99231,-0.054047977,-0.049532903,-0.0045150749,87.70127,87.029392,74.074615,22.71770,0.34137803,135.33247,135.075745,134.81902,2025-05-19,12:25
2025-05-19 12:26:00,135.020004,135.22,135.00010681,135.1886,483152,57.39187,134.96880,135.031566,-0.035473780,-0.046721078,0.011247298,95.84446,90.48294,74.38575,56.59811,0.33270063,135.33379,135.076240,134.81869,2025-05-19,12:26
2025-05-19 12:27:00,135.17999,135.23,135.1516,135.1813,273021,56.86783,134.99229,135.061514,-0.021098920,-0.041596647,0.020497726,97.95416,93.83330,74.63707,74.61325,0.31453627,135.33471,135.076595,134.81848,2025-05-19,12:27
2025-05-19 12:28:00,135.185,135.25,135.14,135.245,246054,60.27857,135.036177,135.098210,-0.0045154236,-0.034180402,0.029664978,99.79146,97.86336,74.79019,81.64298,0.29992658,135.34733,135.081005,134.81468,2025-05-19,12:28
2025-05-19 12:29:00,135.25,135.32001,135.22,135.22501,296523,58.70944,135.070623,135.12357,0.0069342370,-0.025957474,0.032891711,96.15380,97.96647,74.63879,92.97091,0.28564655,135.35905,135.085966,134.81288,2025-05-19,12:29
2025-05-19 12:30:00,135.2211,135.25999,135.12,135.17,239463,54.50462,135.10277,135.13285,0.011437649,-0.018478450,0.029916098,93.92676,96.62401,74.56562,64.84897,0.27524318,135.34482,135.081216,134.81761,2025-05-19,12:30
2025-05-19 12:31:00,135.16499,135.175,135.0099945,135.023605,239082,45.22204,135.11761,135.11101,0.0031575595,-0.014151248,0.017308807,87.99993,92.69349,74.57173,24.98751,0.26736928,135.33126,135.072391,134.81352,2025-05-19,12:31
2025-05-19 12:32:00,135.024994,135.078003,135.0,135.050003,225286,46.97568,135.12650,135.098805,-0.0012598737,-0.011572973,0.010313099,44.32909,75.41859,74.58435,4.39369,0.25384311,135.30047,135.060641,134.82081,2025-05-19,12:32
2025-05-19 12:33:00,135.054993,135.054993,134.89999,134.925,313047,40.38299,135.11483,135.064044,-0.014677978,-0.012193974,-0.0024840042,18.55592,50.29498,74.66756,-30.39500,0.24678280,135.28645,135.047391,134.80833,2025-05-19,12:33
2025-05-19 12:34:00,134.92,134.97,134.89,134.97,218510,43.45923,135.10872,135.045236,-0.021433870,-0.014041953,-0.0073919169,23.89516,28.92672,74.75219,-33.62393,0.23486987,135.27200,135.037456,134.80291,2025-05-19,12:34
2025-05-19 12:35:00,134.9684,135.039993,134.9201,135.0050049,240420,45.80204,135.088325,135.037190,-0.023690372,-0.015971637,-0.0077187352,29.98474,24.14527,74.44083,-6.64646,0.22665691,135.26219,135.031206,134.80023,2025-05-19,12:35
2025-05-19 12:36:00,135.0,135.080002,134.94,135.074997,162399,50.24181,135.076513,135.044751,-0.019604899,-0.016698289,-0.0029066093,43.021894,32.30060,73.92348,18.69855,0.22046708,135.26024,135.030206,134.80017,2025-05-19,12:36
2025-05-19 12:37:00,135.075394,135.080002,134.96001,134.99001,154455,45.38046,135.048180,135.033802,-0.022960557,-0.017950743,-0.0050098138,23.25680,32.087812,73.44309,7.85732,0.21329051,135.25958,135.028956,134.79833,2025-05-19,12:37
2025-05-19 12:38:00,134.995,135.0050049,134.92999,134.995,205537,45.71256,135.022624,135.026041,-0.024929942,-0.019346583,-0.0055833592,24.41716,30.23195,73.034623,-40.30580,0.20341349,135.25981,135.030211,134.80061,2025-05-19,12:38
2025-05-19 12:39:00,134.99001,134.9931,134.8701,134.875,217923,39.49348,134.98985,134.99583,-0.035761066,-0.022629479,-0.013131586,1.088689,16.25422,72.73221,-91.11800,0.19780490,135.25736,135.031461,134.80556,2025-05-19,12:39
2025-05-19 12:40:00,134.8765,134.9082,134.7646,134.765,310599,34.81720,134.96111,134.94967,-0.052614433,-0.028626470,-0.023987963,0.071430534,8.52576,72.58398,-155.86306,0.19393315,135.27355,135.023961,134.77437,2025-05-19,12:40
2025-05-19 12:41:00,134.765,134.83,134.69,134.82001,343998,38.72450,134.93556,134.92373,-0.060830946,-0.035067365,-0.025763581,20.63554,7.26522,72.53719,-165.48262,0.19008074,135.27875,135.020926,134.76310,2025-05-19,12:41
2025-05-19 12:42:00,134.815,134.87,134.77499,134.825,139819,39.081214,134.92445,134.90399,-0.066177122,-0.041289316,-0.024887805,21.42753,14.044833,72.19393,-128.90692,0.18328935,135.28353,135.017676,134.75182,2025-05-19,12:42
2025-05-19 12:43:00,134.8201,134.89999,134.815,134.8889,168546,43.60903,134.91543,134.90097,-0.064513826,-0.045934218,-0.018579608,34.89493,25.65267,71.64350,-92.098143,0.17626807,135.28468,135.013621,134.74256,2025-05-19,12:43
2025-05-19 12:44:00,134.8887,134.9288,134.81,134.845,205101,41.33611,134.89766,134.88978,-0.065977432,-0.049942861,-0.016034571,31.95847,29.42698,70.90200,-85.51717,0.17216356,135.28502,135.0043709,134.72372,2025-05-19,12:44
2025-05-19 12:45:00,134.85001,134.8586,134.73,134.77499,199764,37.94005,134.86432,134.86682,-0.071956881,-0.054345665,-0.017611216,21.79271,29.54870,70.36674,-113.56583,0.16905195,135.28949,134.99187,134.69425,2025-05-19,12:45
2025-05-19 12:46:00,134.77499,134.85001,134.75,134.85001,158110,43.31401,134.84877,134.86346,-0.069837734,-0.057444079,-0.012393655,41.026644,31.59261,69.86971,-88.92212,0.16412011,135.26428,134.97494,134.68560,2025-05-19,12:46
2025-05-19 12:47:00,134.845,134.88,134.7699,134.845,241100,43.046173,134.83210,134.85977,-0.067780812,-0.059511426,-0.0082693864,39.74334,34.18757,69.13362,-73.71057,0.16026206,135.23642,134.95813,134.67983,2025-05-19,12:47
2025-05-19 12:48:00,134.84,134.87,134.77,134.8199,191124,41.65501,134.82598,134.85179,-0.067399168,-0.061088974,-0.0063101939,33.30725,38.025744,68.45012,-73.77081,0.15595697,135.18787,134.93687,134.68587,2025-05-19,12:48
2025-05-19 12:49:00,134.81,134.82001,134.71001,134.78841,208301,39.91208,134.82858,134.83912,-0.068844431,-0.062640065,-0.0062043652,25.23182,32.76080,67.96487,-97.067930,0.15267437,135.13617,134.91504,134.69391,2025-05-19,12:49
2025-05-19 12:50:00,134.8,134.88,134.77,134.8484,261796,44.66237,134.83173,134.84097,-0.064406077,-0.062993268,-0.0014128092,40.61583,33.051632,66.90486,-49.77204,0.14962625,135.088045,134.89896,134.70988,2025-05-19,12:50
2025-05-19 12:51:00,134.85001,134.97,134.85001,134.9265,284161,50.18292,134.84301,134.85808,-0.053965003,-0.061187615,0.0072226121,75.077504,46.97505,65.061333,22.41894,0.14762418,135.074945,134.89411,134.71327,2025-05-19,12:51
2025-05-19 12:52:00,134.925,135.0,134.9113,134.9502,263510,51.75568,134.84982,134.87650,-0.043279337,-0.057605959,0.014326622,83.93385,66.54239,63.073071,63.11739,0.14341526,135.057554,134.88912,134.72068,2025-05-19,12:52
2025-05-19 12:53:00,134.97,134.99001,134.89,134.965,205599,52.75889,134.86316,134.89420,-0.033233456,-0.052731458,0.019498002,88.70841,82.57325,61.31894,59.13494,0.14031461,135.062140,134.89112,134.72009,2025-05-19,12:53
2025-05-19 12:54:00,134.9501,135.0,134.89461,134.942,228546,50.98505,134.88171,134.90376,-0.026818382,-0.047548843,0.020730461,81.29061,84.64429,59.58846,56.35232,0.13782017,135.058579,134.88972,134.72085,2025-05-19,12:54
2025-05-19 12:55:00,134.95,134.96989,134.85001,134.96201,240125,52.48181,134.89416,134.91541,-0.019890921,-0.042017259,0.022126337,86.89818,85.63240,58.19299,44.40618,0.13653932,135.051527,134.88757,134.72360,2025-05-19,12:55
2025-05-19 12:56:00,134.9646,135.10001,134.9646,135.070007,337460,59.64649,134.91916,134.94633,-0.0056212257,-0.034738052,0.029116827,92.30799,86.83226,55.60897,155.92138,0.13664369,135.050147,134.88732,134.72449,2025-05-19,12:56
2025-05-19 12:57:00,135.070007,135.14,135.050003,135.096497,272968,61.19204,134.94989,134.97636,0.0077358981,-0.026243262,0.033979160,89.88290,89.69636,52.85320,187.64349,0.13331174,135.074417,134.89264,134.71086,2025-05-19,12:57
2025-05-19 12:58:00,135.095001,135.13,135.050003,135.089905,208718,60.57034,134.98339,134.99907,0.017586881,-0.017477233,0.035064115,88.34989,90.18026,50.29427,163.85731,0.12950389,135.093957,134.89739,134.70082,2025-05-19,12:58
2025-05-19 12:59:00,135.080002,135.13,135.070007,135.089996,173158,60.57633,135.010234,135.017256,0.025111771,-0.0089594325,0.034071204,88.37119,88.86799,47.91812,143.73443,0.12453915,135.12144,134.90814,134.69484,2025-05-19,12:59
2025-05-19 13:00:00,135.080002,135.1299,135.0099945,135.11011,250532,61.94419,135.030635,135.035826,0.032325469,-0.00070245219,0.033027921,93.048261,89.92311,46.13349,117.89265,0.12420804,135.14532,134.92539,134.70547,2025-05-19,13:00
2025-05-19 13:01:00,135.1144,135.24001,135.089996,135.2299,403231,68.87243,135.061713,135.074642,0.047165281,0.0088710945,0.038294187,98.094086,93.17118,43.39376,162.99075,0.12605097,135.19691,134.94589,134.69487,2025-05-19,13:01
2025-05-19 13:02:00,135.22501,135.36,135.22,135.32001,450536,72.87269,135.10116,135.12372,0.065442135,0.020185303,0.045256832,93.84713,94.99649,40.71180,191.96517,0.12704729,135.26327,134.97064,134.67801,2025-05-19,13:02
2025-05-19 13:03:00,135.325,135.42999,135.32001,135.3744,366434,74.96450,135.14920,135.17385,0.083355236,0.032819289,0.050535946,91.57746,94.50623,38.71612,186.28067,0.12582858,135.33336,134.99491,134.65647,2025-05-19,13:03
2025-05-19 13:04:00,135.38,135.45,135.37,135.4313,261768,76.96536,135.20135,135.22534,0.10097883,0.046451198,0.054527635,96.88462,94.10307,37.00093971,170.86359,0.12255524,135.40462,135.024227,134.64383,2025-05-19,13:04
2025-05-19 13:05:00,135.435,135.46001,135.35001,135.37,399343,70.43344,135.23468,135.25427,0.10874493,0.058909943,0.049834983,85.24402,91.23536,35.21761,141.058267,0.12165848,135.44468,135.053977,134.66328,2025-05-19,13:05
2025-05-19 13:06:00,135.37,135.39999,135.36501,135.3895,205495,71.26867,135.26724,135.28132,0.11514583,0.070157120,0.044988708,88.44085,90.18983,33.56166,122.11108,0.11546776,135.48583,135.080952,134.67607,2025-05-19,13:06
2025-05-19 13:07:00,135.38161,135.45,135.33,135.44,425483,73.36715,135.30614,135.31306,0.12287759,0.080701215,0.042176378,96.72061,90.13516,32.42137,115.89770,0.11579114,135.52908,135.11070,134.69233,2025-05-19,13:07
2025-05-19 13:08:00,135.44,135.55,135.44,135.5089,557697,75.94775,135.35268,135.35222,0.13303070,0.091167112,0.041863589,94.12752,93.096329,32.068160,128.80135,0.11537753,135.57537,135.14515,134.71493,2025-05-19,13:08
2025-05-19 13:09:00,135.5,135.55,135.485,135.4901,261161,73.84512,135.39490,135.37980,0.13796977,0.10052764,0.037442130,89.76671,93.53828,31.74018,116.24412,0.11177931,135.60274,135.18024,134.75773,2025-05-19,13:09
2025-05-19 13:10:00,135.485,135.5101,135.375,135.42999,325565,67.41846,135.41713,135.38984,0.13547246,0.10751661,0.027955855,77.77621,87.22348,30.22780,82.65319,0.11344517,135.61623,135.20932,134.80240,2025-05-19,13:10
2025-05-19 13:11:00,135.425,135.53,135.41,135.5065,262619,70.89119,135.43785,135.41317,0.13807520,0.11362833,0.024446875,91.94405,86.49566,28.98437,88.10707,0.11391302,135.64314,135.23832,134.83349,2025-05-19,13:11
2025-05-19 13:12:00,135.50999,135.57001,135.495,135.5199,229883,71.46475,135.45402,135.43452,0.13960960,0.11882458,0.020785020,91.052015,86.92409,28.15183,94.98112,0.11113439,135.66667,135.26680,134.86693,2025-05-19,13:12
2025-05-19 13:13:00,135.5154,135.63499,135.5112,135.58,339459,73.94512,135.47054,135.46361,0.14401543,0.12386275,0.020152675,91.20117,91.39908,27.86871,103.69397,0.11203869,135.69443,135.29755,134.90067,2025-05-19,13:13
2025-05-19 13:14:00,135.58031,135.62,135.55,135.57001,224780,72.81174,135.49277,135.48489,0.14502880,0.12809596,0.016932838,88.075706,90.10963,27.60582,99.30563,0.10903536,135.70728,135.32895,134.95062,2025-05-19,13:14
2025-05-19 13:15:00,135.565,135.61,135.5,135.50929,217528,66.17606,135.50608,135.48977,0.13932666,0.13034210,0.0089845606,69.70989,82.99559,26.75020,80.44236,0.10910431,135.70231,135.35632,135.010321,2025-05-19,13:15
2025-05-19 13:16:00,135.505,135.55,135.45,135.461,220185,61.38399,135.50841,135.48402,0.12941889,0.13015746,-0.00073856971,44.76094,67.51551,25.38493,54.55692,0.10845444,135.69833,135.37587,135.053405,2025-05-19,13:16
2025-05-19 13:17:00,135.46181,135.53,135.4101,135.48599,241482,62.88205,135.50586,135.48441,0.12217534,0.12856104,-0.0063856910,51.14569,55.20551,23.68618,44.95735,0.10927223,135.69414,135.39534,135.096543,2025-05-19,13:17
2025-05-19 13:18:00,135.48869,135.5,135.41,135.435,197842,57.94302,135.49974,135.47453,0.11103992,0.12505681,-0.014016889,34.42566,43.44409,22.10776,24.0055748,0.10789538,135.67669,135.41259,135.14850,2025-05-19,13:18
2025-05-19 13:19:00,135.435,135.44501,135.36,135.4314,251364,57.59897,135.49990,135.46590,0.10076292,0.12019803,-0.019435119,33.24495,39.60543,20.96178,-10.61215,0.10626048,135.64838,135.42966,135.21095,2025-05-19,13:19
2025-05-19 13:20:00,135.42999,135.5,135.405,135.485,237756,61.28415,135.49751,135.46972,0.095838945,0.11532622,-0.019487271,50.82049,39.49703,19.65191,17.59267,0.10545624,135.61157,135.44841,135.28525,2025-05-19,13:20
2025-05-19 13:21:00,135.48,135.57001,135.46001,135.52679,294945,63.91733,135.49828,135.48114,0.094222931,0.11110556,-0.016882628,60.65365,48.23969,19.13780,65.83735,0.10578084,135.59523,135.46325,135.33127,2025-05-19,13:21
2025-05-19 13:22:00,135.5311,135.55991,135.47301,135.5201,154766,63.17568,135.49162,135.48893,0.091348696,0.10715419,-0.015805490,58.21773,56.56396,18.66041,58.45720,0.10443212,135.58971,135.47326,135.35681,2025-05-19,13:22
2025-05-19 13:23:00,135.52991,135.53,135.46001,135.485,134767,59.29384,135.48217,135.48814,0.085256174,0.10277458,-0.017518410,45.45555,54.77564,18.046183,18.94361,0.10197212,135.58608,135.47879,135.37150,2025-05-19,13:23
2025-05-19 13:24:00,135.48,135.56,135.48,135.52499,151994,62.14813,135.48392,135.49551,0.082701598,0.098759987,-0.016058389,59.99889,54.55739,17.79849,56.53458,0.10040281,135.59024,135.48347,135.37670,2025-05-19,13:24
2025-05-19 13:25:00,135.52029,135.53999,135.47,135.52,168069,61.56809,135.49048,135.50041,0.079359648,0.094879919,-0.015520271,58.18444,54.54630,17.42362,33.60117,0.098230617,135.58513,135.49097,135.39681,2025-05-19,13:25
2025-05-19 13:26:00,135.5265,135.685,135.5265,135.675,448676,70.71255,135.51148,135.53533,0.088201502,0.093544236,-0.0053427331,96.92474,71.70269,18.42885,205.68521,0.10299938,135.61823,135.50525,135.39227,2025-05-19,13:26
2025-05-19 13:27:00,135.675,135.7,135.59,135.617,267218,64.52565,135.53170,135.55166,0.089497063,0.092734801,-0.0032377383,75.59016,76.89978,19.47759,190.83712,0.10349947,135.63283,135.51410,135.39536,2025-05-19,13:27
2025-05-19 13:28:00,135.6158,135.668,135.422,135.48,485804,52.77816,135.53710,135.53733,0.078562727,0.089900386,-0.011337659,35.29306,69.26932,18.34694,14.095606,0.11367823,135.63231,135.51265,135.39300,2025-05-19,13:28
2025-05-19 13:29:00,135.4882,135.48891,135.27,135.27499,438366,40.80688,135.51377,135.48486,0.052747215,0.082469752,-0.029722537,1.16040,37.34787,18.089198,-210.21418,0.12119426,135.66017,135.50190,135.34363,2025-05-19,13:29
2025-05-19 13:30:00,135.28,135.36,135.25011,135.345,302129,45.36444,135.49357,135.45689,0.037504909,0.073476784,-0.035971874,21.092796,19.18209,17.99846,-209.58615,0.12038708,135.66755,135.49765,135.32775,2025-05-19,13:30
2025-05-19 13:31:00,135.345,135.345,135.22,135.2218,228312,39.58783,135.46042,135.40987,0.015307648,0.061842956,-0.046535308,0.37511524,7.54277,18.14139,-215.55981,0.12071658,135.69140,135.48341,135.27543,2025-05-19,13:31
2025-05-19 13:32:00,135.22501,135.245,135.16,135.215,309473,39.29020,135.43042,135.37090,-0.0028006975,0.048914226,-0.051714923,10.18396,10.55062,18.70748,-207.55776,0.11816478,135.70581,135.46817,135.23053,2025-05-19,13:32
2025-05-19 13:33:00,135.215,135.49001,135.1701,135.43069,852890,51.68794,135.41994,135.38286,0.00025046655,0.039181474,-0.038931007,50.12857,20.22921,17.76152,-74.78995,0.13257448,135.69314,135.46070,135.22826,2025-05-19,13:33
2025-05-19 13:34:00,135.435,135.56,135.38,135.545,325529,56.73063,135.42272,135.41529,0.011756360,0.033696451,-0.021940091,71.29617,43.86956,17.36558,28.80371,0.13596149,135.68979,135.45945,135.22912,2025-05-19,13:34
2025-05-19 13:35:00,135.5401,135.55,135.44,135.48,242400,53.32209,135.40105,135.42823,0.015451594,0.030047480,-0.014595886,59.25853,60.22775,16.99792,27.39767,0.13410714,135.68741,135.45799,135.22857,2025-05-19,13:35
2025-05-19 13:36:00,135.48,135.55,135.4601,135.47,182217,52.79683,135.38472,135.43658,0.017373351,0.027512654,-0.010139303,57.40767,62.65412,16.65652,29.75501,0.13094983,135.68791,135.45844,135.22896,2025-05-19,13:36
2025-05-19 13:37:00,135.47,135.61501,133.0,135.515,294297,54.94859,135.38861,135.45227,0.022270612,0.026464245,-0.0041936339,93.14823,69.93814,20.67185,-361.087552,0.30838238,135.69041,135.45989,135.22937,2025-05-19,13:37
2025-05-19 13:38:00,135.515,135.5314,135.42,135.4715,218137,52.45888,135.41044,135.45611,0.022383391,0.025648075,-0.0032646835,91.53701,80.69764,24.40038,27.98077,0.29431252,135.69199,135.46171,135.23143,2025-05-19,13:38
2025-05-19 13:39:00,135.47,135.47501,135.38,135.4212,170660,49.65762,135.41891,135.44913,0.018204695,0.024159399,-0.0059547037,89.67431,91.45318,27.88989,2.87875,0.28007600,135.69179,135.46120,135.23061,2025-05-19,13:39
2025-05-19 13:40:00,135.425,135.4559,135.31,135.31,154418,44.055640,135.42871,135.42130,0.0058521886,0.020497957,-0.014645768,85.55556,88.92229,31.17960,-27.85063,0.27049233,135.69188,135.45245,135.21303,2025-05-19,13:40
2025-05-19 13:41:00,135.315,135.4299,135.30499,135.425,179051,50.29999,135.45204,135.42204,0.0052818348,0.017454732,-0.012172897,90.89219,88.70735,34.23804,-10.79710,0.26009348,135.68457,135.44736,135.21016,2025-05-19,13:41
2025-05-19 13:42:00,135.42371,135.485,135.39,135.395,156682,48.77080,135.44808,135.41664,0.0023817195,0.014440130,-0.012058410,91.58697,89.34491,36.79172,10.54809,0.24830117,135.67691,135.44111,135.20531,2025-05-19,13:42
2025-05-19 13:43:00,135.39439,135.46001,135.37,135.44501,120784,51.42181,135.43697,135.42231,0.0040712548,0.012366355,-0.0082951000,93.49913,91.99276,39.18213,13.44554,0.23699478,135.67406,135.43911,135.20416,2025-05-19,13:43
2025-05-19 13:44:00,135.44,135.47,135.39999,135.4115,102513,49.57059,135.42936,135.42015,0.0026755418,0.010428192,-0.0077526503,92.21774,92.43461,41.34367,17.65953,0.22506710,135.66528,135.43344,135.20159,2025-05-19,13:44
2025-05-19 13:45:00,135.41499,135.45,135.39999,135.425,138610,50.34640,135.42436,135.42112,0.0026287884,0.0088683114,-0.0062395230,92.73415,92.81701,43.35081,19.35102,0.21256253,135.65711,135.42868,135.20026,2025-05-19,13:45
2025-05-19 13:46:00,135.42,135.42,135.33501,135.37,142865,47.16348,135.40825,135.41089,-0.0018258968,0.0067294698,-0.0085553665,90.63060,91.86083,45.29052,-1.94489,0.20380780,135.61293,135.41343,135.21394,2025-05-19,13:46
2025-05-19 13:47:00,135.375,135.41,135.3,135.325,175999,44.67531,135.39197,135.39371,-0.0088848243,0.0036066110,-0.012491435,88.90983,90.75819,47.13335,-12.42398,0.19710728,135.57834,135.39883,135.21933,2025-05-19,13:47
2025-05-19 13:48:00,135.325,135.34,135.2,135.205,281575,38.79733,135.36795,135.35597,-0.023886332,-0.0018919776,-0.021994354,84.32112,87.95385,48.96302,-66.77265,0.19302815,135.57916,135.38508,135.19101,2025-05-19,13:48
2025-05-19 13:49:00,135.2,135.39,135.2,135.33501,224386,46.94231,135.37072,135.35178,-0.024996681,-0.0065129182,-0.018483762,89.29261,87.50785,50.29224,-25.53274,0.19281203,135.57704,135.38809,135.19913,2025-05-19,13:49
2025-05-19 13:50:00,135.3344,135.375,135.25999,135.375,161973,49.18280,135.36517,135.35642,-0.022391402,-0.0096886149,-0.012702787,90.82199,88.14524,51.52652,-8.0083803,0.18725442,135.57763,135.38959,135.20154,2025-05-19,13:50
2025-05-19 13:51:00,135.375,135.59,135.34,135.58,357666,58.78920,135.38572,135.40114,-0.0037416341,-0.0084992187,0.0047575846,97.43730,92.51730,51.11657,93.58570,0.19173625,135.59643,135.40750,135.21856,2025-05-19,13:51
2025-05-19 13:52:00,135.58501,135.69,135.58,135.66499,455933,61.99675,135.41017,135.45391,0.017692592,-0.0032608566,0.020953449,94.89615,94.38515,50.099219,171.59469,0.18589799,135.62880,135.42999,135.23119,2025-05-19,13:52
2025-05-19 13:53:00,135.6601,135.67999,135.57001,135.61,288948,58.80736,135.43222,135.48513,0.029897284,0.0033707716,0.026526513,83.67328,92.0022429,49.18401,136.19086,0.18047565,135.65269,135.43896,135.22523,2025-05-19,13:53
2025-05-19 13:54:00,135.605,135.64999,135.48,135.53,198616,54.42117,135.44389,135.49410,0.032736743,0.0092439658,0.023492777,67.34656,81.97199,48.60127,91.96967,0.17972726,135.65055,135.43821,135.22587,2025-05-19,13:54
2025-05-19 13:55:00,135.53,135.57539,135.47501,135.50999,155373,53.34967,135.45944,135.49728,0.032992539,0.013993680,0.018998859,63.26410,71.42798,48.075093,70.57061,0.17406014,135.65363,135.43971,135.22579,2025-05-19,13:55
2025-05-19 13:56:00,135.5099,135.56,135.5,135.5313,129969,54.37970,135.48237,135.50408,0.034516212,0.018098187,0.016418026,67.61125,66.073968,47.58650,74.56496,0.16591281,135.66007,135.44277,135.22548,2025-05-19,13:56
2025-05-19 13:57:00,135.53,135.545,135.42999,135.46989,193552,50.89152,135.51180,135.49725,0.030418512,0.020562252,0.0098562598,55.080497,61.98528,47.36184,34.031735,0.16227658,135.65569,135.44052,135.22534,2025-05-19,13:57
2025-05-19 13:58:00,135.45461,135.53,135.39999,135.50999,160268,53.011379,135.53124,135.49980,0.030060281,0.022461858,0.0075984232,63.26410,61.98528,47.25071,32.30247,0.15997146,135.65938,135.44244,135.22551,2025-05-19,13:58
2025-05-19 13:59:00,135.515,135.52,135.4213,135.425,113323,48.25668,135.53680,135.48484,0.022657103,0.022500907,0.00015619653,45.91910,54.75456,47.14751,10.74515,0.15559557,135.65950,135.44263,135.22577,2025-05-19,13:59
2025-05-19 14:00:00,135.42999,135.49001,135.38,135.46181,188426,50.33408,135.52366,135.48023,0.019534640,0.021907653,-0.0023730135,53.43008,54.20442,47.19773,-2.37938,0.15233879,135.65844,135.45023,135.24201,2025-05-19,14:00
2025-05-19 14:01:00,135.4688,135.5099,135.42999,135.47501,181781,51.092416,135.50255,135.47919,0.017918548,0.021109832,-0.0031912841,56.12369,51.82429,47.041561,18.36114,0.14716533,135.66087,135.45273,135.24458,2025-05-19,14:01
2025-05-19 14:02:00,135.4713,135.55499,135.45,135.50999,193382,53.13521,135.49144,135.48535,0.019239277,0.020735721,-0.0014964440,63.26410,57.60595,46.43285,43.79836,0.14415321,135.66628,135.45847,135.25067,2025-05-19,14:02
2025-05-19 14:03:00,135.515,135.52,135.4519,135.49001,125243,51.80395,135.48700,135.48628,0.018460220,0.020280621,-0.0018204007,53.48994,57.62591,45.86762,25.64627,0.13872084,135.66887,135.46072,135.25258,2025-05-19,14:03
2025-05-19 14:04:00,135.485,135.495,135.38,135.44,132669,48.52852,135.47922,135.47702,0.013650628,0.018954622,-0.0053039946,28.57267,48.44224,45.67853,-18.042434,0.13702579,135.66931,135.46215,135.25498,2025-05-19,14:04
2025-05-19 14:05:00,135.44009,135.4812,135.42,135.42999,111219,47.87594,135.46797,135.46762,0.0089283660,0.016949371,-0.0080210052,16.12522,32.72928,45.50295,-14.28525,0.13160988,135.66940,135.46240,135.25540,2025-05-19,14:05
2025-05-19 14:06:00,135.425,135.50999,135.39011,135.395,201692,45.56922,135.45965,135.45310,0.0023357428,0.014026646,-0.011690903,5.00000,16.56597,45.48411,-28.85542,0.13077263,135.66869,135.46365,135.25861,2025-05-19,14:06
2025-05-19 14:07:00,135.395,135.42,135.35001,135.4045,166040,46.32470,135.44792,135.44338,-0.0020989219,0.010801532,-0.012900454,18.16378,13.096335,45.65772,-71.31402,0.12643116,135.66469,135.46762,135.27056,2025-05-19,14:07
2025-05-19 14:08:00,135.405,135.42,135.37,135.405,129676,46.36723,135.44570,135.43570,-0.0055092865,0.0075393683,-0.013048655,24.39916,15.85431,45.81893,-81.72861,0.12097201,135.63707,135.47762,135.31817,2025-05-19,14:08
2025-05-19 14:09:00,135.405,135.4299,135.35001,135.36,122949,43.081878,135.43439,135.42056,-0.011708038,0.0036898870,-0.015397925,4.75948,15.77414,46.070818,-112.66694,0.11803794,135.63417,135.47887,135.32358,2025-05-19,14:09
2025-05-19 14:10:00,135.3656,135.38,135.28999,135.30499,198051,39.40610,135.41550,135.39745,-0.020819282,-0.0012119468,-0.019607336,5.66016,11.60627,46.59985,-174.76836,0.11603605,135.64258,135.47537,135.30817,2025-05-19,14:10
2025-05-19 14:11:00,135.30499,135.36,135.28,135.31,149567,39.90846,135.39328,135.37996,-0.027321215,-0.0064338005,-0.020887414,10.90889,7.10951,47.13901,-156.75059,0.11346218,135.63654,135.46187,135.28721,2025-05-19,14:11
2025-05-19 14:12:00,135.30859,135.32001,135.22,135.29179,204873,38.65322,135.37125,135.36232,-0.033556119,-0.011858264,-0.021697855,21.43117,12.66674,47.91892,-180.43227,0.11250103,135.60646,135.44321,135.27997,2025-05-19,14:12
2025-05-19 14:13:00,135.2999,135.375,135.27,135.3654,156764,46.043481,135.36296,135.36294,-0.032186714,-0.015923954,-0.016262760,43.40439,25.24815,47.76667,-105.57546,0.11196494,135.57829,135.43098,135.28368,2025-05-19,14:13
2025-05-19 14:14:00,135.36,135.36,135.27,135.30009,151202,41.29076,135.34853,135.35037,-0.035956742,-0.019930512,-0.016026231,23.90908,29.58155,47.62530,-116.87080,0.11078158,135.56994,135.41949,135.26904,2025-05-19,14:14
2025-05-19 14:15:00,135.3,135.3187,135.14999,135.19501,229531,35.025619,135.32631,135.31930,-0.046883736,-0.025321157,-0.021562579,11.11446,26.14264,48.12992,-176.28453,0.11491870,135.57719,135.40374,135.23029,2025-05-19,14:15
2025-05-19 14:16:00,135.19501,135.22,135.13,135.2101,320369,36.51532,135.30471,135.29746,-0.053706647,-0.030998255,-0.022708393,20.53680,18.52011,48.69111,-177.73588,0.11313853,135.57016,135.38768,135.20520,2025-05-19,14:16
2025-05-19 14:17:00,135.2068,135.2401,135.17,135.17,149699,34.26706,135.27860,135.27197,-0.061639060,-0.037126416,-0.024512644,10.52484,14.058698,48.87741,-145.55897,0.11006427,135.57399,135.37268,135.17138,2025-05-19,14:17
2025-05-19 14:18:00,135.172,135.1768,135.029999,135.12,356488,31.65018,135.25193,135.24157,-0.071140321,-0.043929197,-0.027211124,18.74940,16.60368,49.69035,-177.34657,0.11268859,135.57228,135.35318,135.13409,2025-05-19,14:18
2025-05-19 14:19:00,135.1199,135.14999,135.050003,135.125,202077,32.20822,135.23193,135.21826,-0.077374363,-0.050618230,-0.026756133,19.79210,16.35545,50.44522,-153.093065,0.11178161,135.57585,135.33818,135.10052,2025-05-19,14:19
2025-05-19 14:20:00,135.1201,135.2299,135.089996,135.2115,267076,41.15121,135.22099,135.21691,-0.074476375,-0.055389859,-0.019086516,45.38690,27.97614,49.90348,-96.012762,0.11379063,135.56233,135.32567,135.089004,2025-05-19,14:20
2025-05-19 14:21:00,135.2101,135.2317,135.039993,135.059998,217995,32.95201,135.19523,135.18552,-0.083442968,-0.061000481,-0.022442487,7.50153,24.22684,49.67866,-121.99357,0.11935640,135.55779,135.30492,135.052047,2025-05-19,14:21
2025-05-19 14:22:00,135.065399,135.080002,134.95,135.0099945,481041,30.77274,135.15574,135.15042,-0.093506007,-0.067501586,-0.026004421,12.50199,21.79681,49.91376,-156.43237,0.12011700,135.54530,135.27992,135.014534,2025-05-19,14:22
2025-05-19 14:23:00,135.015106,135.17,134.99001,135.13,286869,40.87875,135.13684,135.14634,-0.090751081,-0.072151485,-0.018599596,41.86154,20.62168,48.91210,-96.31305,0.12439384,135.51648,135.26192,135.0073594,2025-05-19,14:23
2025-05-19 14:24:00,135.13499,135.14999,135.0050049,135.035004,173006,36.35441,135.11907,135.12407,-0.095136908,-0.076748570,-0.018388339,20.0014361,24.78832,47.98199,-103.62617,0.12586492,135.50074,135.24167,134.98260,2025-05-19,14:24
2025-05-19 14:25:00,135.039993,135.19,135.039993,135.17999,251132,46.15005,135.11572,135.13525,-0.085922841,-0.078583424,-0.0073394172,54.11625,38.65974,46.58997,-55.83128,0.12794591,135.47444,135.22917,134.98390,2025-05-19,14:25
2025-05-19 14:26:00,135.1787,135.21001,135.13499,135.1599,217326,45.11365,135.11460,135.14018,-0.079327751,-0.078732289,-0.00059546150,49.38786,41.16852,45.036027,-31.40444,0.12416493,135.45207,135.21741,134.98275,2025-05-19,14:26
2025-05-19 14:27:00,135.14999,135.16,135.029999,135.054993,180305,40.056559,135.10738,135.12314,-0.081625062,-0.079310844,-0.0023142177,25.60849,43.037532,44.33743,-82.43287,0.12458207,135.42823,135.19994,134.97164,2025-05-19,14:27
2025-05-19 14:28:00,135.054993,135.16,135.031403,135.11501,224339,43.92885,135.10627,135.12152,-0.077707401,-0.078990155,0.0012827539,44.75438,39.91691,43.68873,-63.62039,0.12486914,135.39594,135.18544,134.97494,2025-05-19,14:28
2025-05-19 14:29:00,135.105,135.14,135.050003,135.085007,142665,42.45255,135.092211,135.11421,-0.076145520,-0.078421228,0.0022757081,46.53903,38.96730,43.086363,-66.13604,0.12237823,135.37038,135.17169,134.97300,2025-05-19,14:29
2025-05-19 14:30:00,135.085007,135.13,135.050003,135.095001,158505,43.13818,135.096100,135.11037,-0.073256786,-0.077388340,0.0041315536,49.98422,47.092542,42.52703,-60.33183,0.11935134,135.35266,135.16119,134.96972,2025-05-19,14:30
2025-05-19 14:31:00,135.095001,135.095001,135.0,135.039993,189620,40.29281,135.099433,135.096296,-0.074546795,-0.076820031,0.0022732356,31.94670,42.82332,42.38484,-95.88608,0.11761205,135.33327,135.14769,134.96211,2025-05-19,14:31
2025-05-19 14:32:00,135.039993,135.185,135.020004,135.17999,201602,49.43432,135.10499,135.11304,-0.063539908,-0.074164006,0.010624099,81.64338,54.52477,40.88247,-10.97376,0.12099642,135.31637,135.14210,134.96783,2025-05-19,14:32
2025-05-19 14:33:00,135.185,135.25,135.14999,135.245,231387,53.030146,135.12832,135.13943,-0.049006796,-0.069132564,0.020125768,98.33172,70.64060,38.65537,100.28368,0.11949711,135.28564,135.13608,134.98652,2025-05-19,14:33
2025-05-19 14:34:00,135.245,135.25,135.2,135.2056,121166,50.67785,135.13116,135.15266,-0.040204849,-0.063347021,0.023142172,85.19913,88.39141,36.58734,122.29595,0.11453325,135.26502,135.13135,134.99769,2025-05-19,14:34
2025-05-19 14:35:00,135.205,135.27,135.19,135.255,173594,53.46557,135.14173,135.17313,-0.028909186,-0.056459454,0.027550268,95.31280,92.94788,34.40746,144.98127,0.11206672,135.27605,135.13435,134.99266,2025-05-19,14:35
2025-05-19 14:36:00,135.259,135.28,135.19,135.255,193919,53.46557,135.16396,135.18951,-0.019729858,-0.049113535,0.029383677,91.38122,90.63105,32.25062,136.79713,0.11049027,135.28432,135.13660,134.98888,2025-05-19,14:36
2025-05-19 14:37:00,135.25011,135.33,135.25,135.285,242071,55.24675,135.18284,135.20860,-0.0099201707,-0.041274862,0.031354692,86.36427,91.019427,30.28792,170.73585,0.10831252,135.30319,135.14235,134.98150,2025-05-19,14:37
2025-05-19 14:38:00,135.28419,135.31,135.25,135.2715,122968,54.24028,135.20357,135.22118,-0.0031987119,-0.033659632,0.030460920,82.27216,86.67255,28.46542,132.42087,0.10486145,135.31986,135.14992,134.97999,2025-05-19,14:38
2025-05-19 14:39:00,135.28999,135.33,135.28,135.30499,126091,56.36361,135.22690,135.23795,0.0047756504,-0.025972576,0.030748226,92.42151,87.019312,27.034710,135.79212,0.10155008,135.34124,135.15892,134.97661,2025-05-19,14:39
2025-05-19 14:40:00,135.30499,135.32001,135.25999,135.28999,127978,55.12987,135.25468,135.24836,0.0097724143,-0.018823578,0.028595992,87.87627,87.52331,25.39813,108.081553,0.098583130,135.35274,135.16285,134.97295,2025-05-19,14:40
2025-05-19 14:41:00,135.2818,135.295,135.23129,135.27991,117567,54.26964,135.26578,135.25467,0.012771305,-0.012504601,0.025275906,84.81990,88.37256,23.72012,80.81939,0.096091867,135.36411,135.17384,134.98358,2025-05-19,14:41
2025-05-19 14:42:00,135.27499,135.2784,135.17999,135.17999,138100,46.52491,135.25856,135.23973,0.0070049303,-0.0086026948,0.015607625,54.54293,75.74637,22.86452,29.88522,0.096364915,135.35713,135.18234,135.0075577,2025-05-19,14:42
2025-05-19 14:43:00,135.1801,135.235,135.089996,135.14,1484493,43.82871,135.25127,135.21978,-0.00078306071,-0.0070387680,0.0062557073,42.42382,60.59555,23.074080,-23.20916,0.099839155,135.35709,135.18284,135.0086026,2025-05-19,14:43
2025-05-19 14:44:00,135.1301,135.21001,135.12,135.1312,180688,43.23471,135.23751,135.20207,-0.0075781783,-0.0071466500,-0.00043152829,39.75586,45.57421,23.26867,-30.21166,0.099137187,135.35023,135.18765,135.025081,2025-05-19,14:44
2025-05-19 14:45:00,135.1313,135.21001,135.125,135.14,124936,44.051304,135.22473,135.18965,-0.012113288,-0.0081399777,-0.0039733107,38.70841,40.29603,23.44936,-27.28510,0.098127867,135.34953,135.18565,135.021775,2025-05-19,14:45
2025-05-19 14:46:00,135.13499,135.21001,135.11,135.1342,150812,43.60640,135.20798,135.17856,-0.015990940,-0.0097101701,-0.0062807697,18.41821,32.29416,23.78722,-32.76690,0.098262027,135.34943,135.18437,135.019304,2025-05-19,14:46
2025-05-19 14:47:00,135.1301,135.16299,135.080002,135.080002,184216,39.58217,135.18670,135.15885,-0.023170337,-0.012402204,-0.010768134,0,19.042205,24.43259,-77.20027,0.097171350,135.34708,135.18562,135.024155,2025-05-19,14:47
2025-05-19 14:48:00,135.085007,135.14999,135.050003,135.11971,193590,43.68229,135.16611,135.15102,-0.025363951,-0.014994553,-0.010369398,24.89373,14.43731,25.34418,-78.73901,0.097372743,135.34692,135.18585,135.024788,2025-05-19,14:48
2025-05-19 14:49:00,135.11459,135.16769,135.082001,135.1599,234892,47.56176,135.15166,135.15280,-0.023587376,-0.016713118,-0.0068742581,39.24796,21.38056,25.80146,-53.44024,0.096538501,135.34448,135.18960,135.034722,2025-05-19,14:49
2025-05-19 14:50:00,135.155,135.25,135.13,135.1944,263444,50.70107,135.14215,135.16112,-0.019174523,-0.017205399,-0.0019691244,51.56948,38.57039,24.66497,-3.28778,0.098213974,135.34324,135.19457,135.045898,2025-05-19,14:50
2025-05-19 14:51:00,135.2,135.2599,135.1646,135.255,174405,55.71663,135.15049,135.17989,-0.010663828,-0.015897085,0.0052332567,73.21526,54.67757,23.44447,28.17516,0.098006290,135.33796,135.20532,135.072682,2025-05-19,14:51
2025-05-19 14:52:00,135.25999,135.35989,135.22,135.285,183551,57.99460,135.16660,135.20092,-0.0014813141,-0.013013930,0.011532616,75.83337,66.87271,22.65943,96.22381,0.10099817,135.34704,135.21057,135.074100,2025-05-19,14:52
2025-05-19 14:53:00,135.28,135.32001,135.25011,135.27,178585,56.43151,135.18202,135.21473,0.0045333116,-0.0095044820,0.014037794,70.99316,73.34726,21.93047,77.69446,0.098776906,135.34998,135.21182,135.073664,2025-05-19,14:53
2025-05-19 14:54:00,135.2666,135.33,135.2601,135.315,170955,59.92141,135.20147,135.23479,0.012783561,-0.0050468734,0.017830435,85.51381,77.44678,21.38570,92.36578,0.096714307,135.36251,135.21729,135.072070,2025-05-19,14:54
2025-05-19 14:55:00,135.315,135.37,135.27,135.34579,238222,62.15538,135.22498,135.25699,0.021558111,0.00027412345,0.021283987,92.43718,82.98138,21.39069,109.87990,0.096948345,135.37683,135.22183,135.066831,2025-05-19,14:55
2025-05-19 14:56:00,135.34,135.39,135.34,135.3517,217742,62.58607,135.25517,135.27593,0.028658148,0.0059509283,0.022707220,88.73530,88.89543,21.63669,125.93884,0.093595110,135.39124,135.22666,135.062091,2025-05-19,14:56
2025-05-19 14:57:00,135.35001,135.38989,135.28,135.2914,236651,55.62426,135.27424,135.27902,0.029083792,0.010577501,0.018506291,70.99901,84.057163,20.77725,83.91529,0.094759302,135.39203,135.22698,135.061935,2025-05-19,14:57
2025-05-19 14:58:00,135.295,135.355,135.28999,135.315,213668,57.61194,135.29148,135.28622,0.030968882,0.014655777,0.016313105,77.94184,79.22538,19.97919,79.11397,0.092633812,135.39761,135.22916,135.060709,2025-05-19,14:58
2025-05-19 14:59:00,135.30499,135.33501,135.28,135.285,182186,54.28419,135.30155,135.28598,0.029699818,0.017664585,0.012035232,69.11857,72.68647,19.057861,61.33337,0.089946249,135.39503,135.22816,135.061292,2025-05-19,14:59
2025-05-19 15:00:00,135.28999,135.47,135.25,135.4299,467914,64.84632,135.32098,135.31476,0.039925849,0.022116838,0.017809011,90.45232,79.17091,19.86767,125.21347,0.099235890,135.42230,135.23516,135.048007,2025-05-19,15:00
2025-05-19 15:01:00,135.425,135.42999,135.32001,135.345,245879,56.59548,135.32765,135.32081,0.040710059,0.025835482,0.014874577,70.23797,76.60295,20.61963,99.19773,0.10000371,135.43075,135.23841,135.046070,2025-05-19,15:01
2025-05-19 15:02:00,135.34,135.41499,135.21001,135.23,286541,47.73520,135.32320,135.30265,0.031686310,0.027005648,0.0046806620,38.14299,66.27776,19.53267,31.43769,0.10750248,135.43144,135.24091,135.050381,2025-05-19,15:02
2025-05-19 15:03:00,135.235,135.33,135.19,135.3212,238135,53.89896,135.32389,135.30636,0.031530679,0.027910654,0.0036200247,56.23373,54.87156,18.25095,23.85353,0.10982369,135.43766,135.24997,135.062285,2025-05-19,15:03
2025-05-19 15:04:00,135.325,135.35001,135.23,135.2354,163473,48.14630,135.31162,135.29216,0.024204963,0.027169516,-0.0029645524,23.18261,39.18645,17.32441,12.45852,0.11055131,135.43501,135.25518,135.075352,2025-05-19,15:04
2025-05-19 15:05:00,135.24001,135.32001,135.19,135.31,205545,52.85756,135.30699,135.29573,0.024140618,0.026563736,-0.0024231186,42.85559,40.75731,16.27167,9.45118,0.11194085,135.43688,135.26368,135.090484,2025-05-19,15:05
2025-05-19 15:06:00,135.3,135.38989,135.27,135.35001,160569,55.20803,135.31350,135.30659,0.027006662,0.026652321,0.00035434091,57.14441,41.060871,15.82790,70.65432,0.11250853,135.44081,135.27447,135.10813,2025-05-19,15:06
2025-05-19 15:07:00,135.3546,135.36501,135.28999,135.33501,132170,54.11861,135.31572,135.31227,0.027747838,0.026871425,0.00087641343,51.78747,50.59582,15.41583,59.98530,0.10983022,135.42930,135.28722,135.14514,2025-05-19,15:07
2025-05-19 15:08:00,135.34,135.345,135.22,135.22591,140499,46.87332,135.30916,135.29500,0.019309156,0.025358971,-0.0060498153,12.82289,40.58492,14.58078,-44.78730,0.11091378,135.41588,135.29253,135.16918,2025-05-19,15:08
2025-05-19 15:09:00,135.23,135.25,135.19,135.21001,137702,45.90871,135.28472,135.27800,0.011209256,0.022529028,-0.011319772,7.14441,23.91826,14.18119,-137.82516,0.10727690,135.40920,135.29504,135.18087,2025-05-19,15:09
2025-05-19 15:10:00,135.2003,135.21001,135.13499,135.185,191346,44.36227,135.26695,135.25940,0.0027404079,0.018571304,-0.015830896,14.92598,11.63110,14.44337,-202.0071201,0.10497228,135.41045,135.29457,135.17869,2025-05-19,15:10
2025-05-19 15:11:00,135.185,135.25999,135.16499,135.22501,171141,47.41401,135.26639,135.25252,-0.00073439455,0.014710164,-0.015444559,26.86859,16.31300,13.95421,-131.48609,0.10426006,135.41170,135.29307,135.17443,2025-05-19,15:11
2025-05-19 15:12:00,135.23,135.24001,135.13,135.13499,196568,41.85208,135.24570,135.22902,-0.010628861,0.0096423592,-0.020271220,1.46755,14.42071,13.90633,-175.99617,0.10467010,135.42280,135.28557,135.14833,2025-05-19,15:12
2025-05-19 15:13:00,135.14,135.19,135.11,135.11,224407,40.43373,135.23177,135.20521,-0.020253625,0.0036631624,-0.023916787,0,9.44538,14.088072,-181.91569,0.10290808,135.43471,135.27757,135.12042,2025-05-19,15:13
2025-05-19 15:14:00,135.11501,135.17931,135.080002,135.1619,247269,44.62959,135.21531,135.19655,-0.023423800,-0.0017542301,-0.021669570,23.39888,8.28881,14.58921,-148.32053,0.10265066,135.43378,135.26991,135.10604,2025-05-19,15:14
2025-05-19 15:15:00,135.16,135.17999,135.039993,135.155,327401,44.18414,135.19365,135.18824,-0.026190803,-0.0066415447,-0.019549259,30.66813,18.022336,15.47196,-139.028701,0.10531843,135.42764,135.26037,135.093099,2025-05-19,15:15
2025-05-19 15:16:00,135.16,135.2,135.096298,135.11501,236328,41.59174,135.16920,135.17359,-0.031250561,-0.011563348,-0.019687213,21.43823,25.16841,15.94388,-109.55763,0.10520274,135.42168,135.24854,135.075396,2025-05-19,15:16
2025-05-19 15:17:00,135.11,135.12,135.029999,135.038605,201826,37.11208,135.14839,135.14659,-0.040953273,-0.017441333,-0.023511940,2.39125,18.16587,17.052261,-151.94053,0.10411656,135.43028,135.23590,135.041512,2025-05-19,15:17
2025-05-19 15:18:00,135.0401,135.105,135.020004,135.074997,251777,40.40473,135.13339,135.13228,-0.045185327,-0.022990132,-0.022195195,14.86737,12.89895,18.17533,-130.031449,0.10275049,135.42671,135.22390,135.021077,2025-05-19,15:18
2025-05-19 15:19:00,135.074997,135.11,135.039993,135.050003,192302,38.89840,135.11839,135.11582,-0.049979922,-0.028388090,-0.021591832,8.11023,8.45628,19.12112,-115.64802,0.10041169,135.42635,135.21215,134.99794,2025-05-19,15:19
2025-05-19 15:20:00,135.044998,135.13,135.029999,135.11,235089,44.26952,135.10561,135.11466,-0.048380669,-0.032386606,-0.015994063,26.085803,16.35447,19.60332,-88.26732,0.10038272,135.38971,135.19615,135.0025946,2025-05-19,15:20
2025-05-19 15:21:00,135.11501,135.21001,135.089996,135.155,288417,47.96407,135.10783,135.12273,-0.042986748,-0.034506634,-0.0084801142,41.53716,25.24440,18.66853,-33.20120,0.10178469,135.36834,135.18665,135.0049630,2025-05-19,15:21
2025-05-19 15:22:00,135.155,135.25999,135.14,135.23,304813,53.49732,135.12117,135.14418,-0.032288202,-0.034062948,0.0017747454,87.50000,51.70765,17.58304,22.023717,0.10308544,135.36834,135.18665,135.0049630,2025-05-19,15:22
2025-05-19 15:23:00,135.23,135.25999,135.175,135.17999,212651,49.70249,135.12318,135.15134,-0.027527041,-0.032755766,0.0052287251,66.66455,65.23390,16.57508,22.16078,0.10179301,135.35047,135.17959,135.0087123,2025-05-19,15:23
2025-05-19 15:24:00,135.175,135.1899,135.12,135.155,187700,47.87444,135.12318,135.15207,-0.025476904,-0.031299994,0.0058230902,56.25000,70.13818,15.93312,-22.35812,0.099514975,135.34478,135.17557,135.0063583,2025-05-19,15:24
2025-05-19 15:25:00,135.14999,135.158,135.059998,135.061996,237970,41.72483,135.11729,135.13406,-0.030999324,-0.031239860,0.00024053605,17.49746,46.80400,16.073270,-80.13344,0.099407277,135.32744,135.16317,134.99890,2025-05-19,15:25
2025-05-19 15:26:00,135.059998,135.145,135.059998,135.082001,205480,43.40870,135.12211,135.12365,-0.033376955,-0.031667279,-0.0017096763,25.83291,33.19346,16.20341,-73.22845,0.098378665,135.29330,135.14977,135.0062384,2025-05-19,15:26
2025-05-19 15:27:00,135.089996,135.11,134.99001,135.085007,431231,43.67209,135.12322,135.11592,-0.034619614,-0.032257746,-0.0023618682,35.18707,26.17248,17.093243,-110.21936,0.099922698,135.25539,135.13727,135.019148,2025-05-19,15:27
2025-05-19 15:28:00,135.080002,135.17,135.050003,135.10001,258537,45.046487,135.12878,135.11274,-0.034002150,-0.032606627,-0.0013955228,40.74262,33.92087,16.92722,-41.73892,0.10135644,135.24278,135.13098,135.019169,2025-05-19,15:28
2025-05-19 15:29:00,135.105,135.14999,135.080002,135.12,176375,46.90574,135.12989,135.11419,-0.031536327,-0.032392567,0.00085623997,48.14626,41.35865,16.77305,-20.46835,0.099116129,135.23228,135.12647,135.020670,2025-05-19,15:29
2025-05-19 15:30:00,135.12,135.19,135.080002,135.145,286023,49.22060,135.12878,135.12035,-0.027249994,-0.031364052,0.0041140584,57.40929,48.76606,15.99810,19.15734,0.099893592,135.22725,135.12448,135.021702,2025-05-19,15:30
2025-05-19 15:31:00,135.145,135.25999,135.12,135.245,504090,57.24651,135.13044,135.14528,-0.015604737,-0.028212189,0.012607452,94.44444,66.66667,15.39153,141.98766,0.10275829,135.23244,135.12547,135.018507,2025-05-19,15:31
2025-05-19 15:32:00,135.24001,135.25,135.17999,135.205,185418,53.59760,135.13322,135.15722,-0.0094934756,-0.024468446,0.014974971,79.63151,77.16175,14.82829,136.31076,0.10041894,135.24140,135.12897,135.016548,2025-05-19,15:32
2025-05-19 15:33:00,135.2058,135.32001,135.17999,135.30499,337029,60.39472,135.14989,135.18678,0.0033792148,-0.018898914,0.022278129,95.45013,89.84203,15.15239,188.22526,0.10324720,135.27431,135.13872,135.0031367,2025-05-19,15:33
2025-05-19 15:34:00,135.30991,135.36,135.28,135.28,296267,58.10361,135.17411,135.20542,0.011432331,-0.012832665,0.024264996,78.37760,84.48641,15.87445,191.85607,0.10158682,135.29339,135.14463,134.99587,2025-05-19,15:34
2025-05-19 15:35:00,135.28,135.36501,135.27,135.36,244241,62.94869,135.20500,135.23634,0.023993383,-0.0054674555,0.029460838,98.66536,90.83103,16.37227,178.44274,0.10111642,135.33085,135.15488,134.97891,2025-05-19,15:35
2025-05-19 15:36:00,135.355,135.45,135.34,135.36,367496,62.94869,135.23556,135.26107,0.033561233,0.0023382823,0.031222951,80.43522,85.82606,17.66222,182.29898,0.10175100,135.36324,135.16713,134.97102,2025-05-19,15:36
2025-05-19 15:37:00,135.36,135.38,135.22,135.28,275085,55.50443,135.25555,135.26486,0.034293036,0.0087292330,0.025563803,63.043190,80.71459,17.074985,94.19792,0.10591191,135.37187,135.17920,134.98653,2025-05-19,15:37
2025-05-19 15:38:00,135.28011,135.34,135.255,135.33,264531,58.78516,135.27889,135.27789,0.038464429,0.014676272,0.023788157,73.91362,72.46401,16.52970,95.47232,0.10441759,135.38905,135.19195,134.99485,2025-05-19,15:38
2025-05-19 15:39:00,135.3315,135.355,135.25,135.265,217723,53.28499,135.29222,135.27531,0.036108894,0.018962797,0.017146097,59.78239,65.57973,16.19310,73.69523,0.10445889,135.39091,135.20270,135.014487,2025-05-19,15:39
2025-05-19 15:40:00,135.27299,135.3,135.22,135.23,197854,50.54257,135.29055,135.26625,0.031059576,0.021382152,0.0096774239,52.17276,61.95626,15.45327,35.69405,0.10271195,135.39230,135.20870,135.025095,2025-05-19,15:40
2025-05-19 15:41:00,135.22,135.28999,135.17999,135.27499,345094,53.83211,135.29833,135.26800,0.030339201,0.023173562,0.0071656387,56.24857,56.067907,14.47207,30.29133,0.10323257,135.39873,135.21470,135.030665,2025-05-19,15:41
2025-05-19 15:42:00,135.27499,135.2756,135.2114,135.23151,146072,50.34688,135.29017,135.26070,0.025959966,0.023730843,0.0022291230,40.94771,49.78968,13.56096,20.87702,0.10044517,135.39883,135.21477,135.030714,2025-05-19,15:42
2025-05-19 15:43:00,135.23,135.23,135.14999,135.2,265162,47.92575,135.28128,135.24856,0.019719531,0.022928581,-0.0032090495,32.43154,43.20927,13.50606,-18.78188,0.099092835,135.39928,135.21577,135.032265,2025-05-19,15:43
2025-05-19 15:44:00,135.19501,135.19501,135.10001,135.15891,249056,44.89372,135.25893,135.23063,0.011327590,0.020608382,-0.0092807927,16.82870,30.069317,14.015195,-54.90301,0.099156979,135.39923,135.21597,135.032711,2025-05-19,15:44
2025-05-19 15:45:00,135.155,135.2388,135.089996,135.22501,358431,50.33670,135.24393,135.22950,0.0098966376,0.018466033,-0.0085693959,37.50265,28.92096,13.81413,-31.95913,0.10270317,135.39321,135.22412,135.055026,2025-05-19,15:45
2025-05-19 15:46:00,135.22501,135.25999,135.14999,135.25011,242877,52.26482,135.24061,135.23362,0.010665075,0.016905842,-0.0062407669,44.47506,32.93547,13.31638,-5.60006,0.10322442,135.38875,135.23253,135.076302,2025-05-19,15:46
2025-05-19 15:47:00,135.255,135.3465,135.21001,135.22099,429110,49.84747,135.22850,135.23110,0.0088231214,0.015289298,-0.0064661762,36.38791,39.45521,12.99698,26.83723,0.10560052,135.38037,135.23932,135.098275,2025-05-19,15:47
2025-05-19 15:48:00,135.22,135.35001,135.205,135.315,325689,56.79627,135.23406,135.24788,0.014778772,0.015187193,-0.00040842010,62.50159,47.78819,12.62990,56.19921,0.10841508,135.37929,135.25007,135.12086,2025-05-19,15:48
2025-05-19 15:49:00,135.32001,135.39999,135.31,135.33501,365967,58.12580,135.24572,135.26530,0.020872244,0.016324203,0.0045480413,68.058322,55.64927,12.87388,118.79566,0.10709945,135.38038,135.26083,135.14127,2025-05-19,15:49
2025-05-19 15:50:00,135.37,135.55,135.37,135.41499,763034,63.025400,135.26128,135.29524,0.031789167,0.019417196,0.012371971,70.65048,67.070130,14.43834,209.23289,0.11480637,135.39936,135.27432,135.14929,2025-05-19,15:50
2025-05-19 15:51:00,135.41499,135.44501,135.3,135.35001,502451,57.17219,135.27445,135.30619,0.034795879,0.022492932,0.012302946,56.52304,65.077280,14.92063,100.53158,0.11696337,135.40802,135.27958,135.15113,2025-05-19,15:51
2025-05-19 15:52:00,135.345,135.39,135.255,135.33009,315940,55.47222,135.28890,135.31097,0.035166551,0.025027656,0.010138895,52.19425,59.78925,14.80372,48.35835,0.11825130,135.41129,135.28583,135.16037,2025-05-19,15:52
2025-05-19 15:53:00,135.33,135.33,135.2314,135.2485,409346,49.038284,135.29886,135.29848,0.028547702,0.025731665,0.0028160368,34.45782,47.72504,14.40753,-18.39473,0.11685434,135.40915,135.28301,135.15686,2025-05-19,15:53
2025-05-19 15:54:00,135.245,135.37,135.16,135.30499,636878,53.094625,135.30774,135.29978,0.027542832,0.026093899,0.0014489336,46.73765,44.46324,13.52701,-6.63249,0.12350699,135.41075,135.28426,135.15776,2025-05-19,15:54
2025-05-19 15:55:00,135.3,135.31,135.17999,135.27499,622725,50.78288,135.31051,135.29483,0.024048598,0.025684839,-0.0016362408,40.21627,40.47058,12.70938,-31.36395,0.12397113,135.40165,135.28000,135.15836,2025-05-19,15:55
2025-05-19 15:56:00,135.28,135.45,135.255,135.45,722464,61.35399,135.33595,135.32586,0.034997249,0.027547321,0.0074499283,78.25986,55.071262,13.045126,132.045351,0.12904405,135.42313,135.28450,135.14588,2025-05-19,15:56
2025-05-19 15:57:00,135.45,135.53,135.435,135.485,864787,63.062900,135.35484,135.35769,0.045968738,0.031231604,0.014737134,85.86924,68.11512,13.97716,203.60977,0.12661242,135.45856,135.29475,135.13095,2025-05-19,15:57
2025-05-19 15:58:00,135.485,135.49001,135.38,135.4283,812802,58.54659,135.36521,135.37181,0.049517564,0.034888796,0.014628768,73.54297,79.22402,14.19221,127.88139,0.12542586,135.47303,135.29967,135.12631,2025-05-19,15:58
2025-05-19 15:59:00,135.42,135.60001,135.34,135.49001,1947471,61.75646,135.37354,135.39545,0.056656140,0.039242265,0.017413875,75.55608,78.32277,15.19011,139.39402,0.13503900,135.50211,135.31092,135.11973,2025-05-19,15:59
