datetime,open,high,low,close,volume,RSI_rsi,SMA_sma,EMA_ema,MACD_macd,MACD_macd_signal,MACD_macd_hist,STOCH_slow_k,STOCH_slow_d,ADX_adx,CCI_cci,ATR_atr,BBANDS_upper_band,BBANDS_middle_band,BBANDS_lower_band,Date,Time
2025-04-21 09:30:00,98.735,99.43,98.56,99.035896,19486326,25.10193,101.061622,100.88029,-0.25669643,-0.071009463,-0.18568696,14.50955,28.38687,16.58131,-393.83314,0.58192116,102.79509,101.45573,100.11637,2025-04-21,09:30
2025-04-21 09:35:00,99.035004,99.285,97.465,98.15,9506398,20.98384,100.69399,100.33423,-0.46661553,-0.15013068,-0.31648486,15.72915,25.013040,20.37638,-353.26276,0.67035589,103.18435,101.25541,99.32648,2025-04-21,09:35
2025-04-21 09:40:00,98.1334,98.25,97.72,97.85,4645300,19.79926,100.32010,99.83738,-0.64969638,-0.25004382,-0.39965256,8.84046,13.026387,23.90037,-262.20977,0.66033038,103.40616,101.033479,98.66080,2025-04-21,09:40
2025-04-21 09:45:00,97.8579,98.19,97.26,98.050003,6540006,22.92320,99.94343,99.47991,-0.76977706,-0.35399047,-0.41578660,17.79283,14.12081,27.37123,-195.014884,0.67959252,103.45578,100.82297,98.19017,2025-04-21,09:45
2025-04-21 09:50:00,98.045601,98.13,97.2845,97.37,4591032,20.061973,99.48843,99.057927,-0.90933002,-0.46505838,-0.44427164,2.47749,9.70359,30.59418,-162.42836,0.69144285,103.53202,100.58158,97.63114,2025-04-21,09:50
2025-04-21 09:55:00,97.36,97.49,96.8,96.84,6644740,18.15942,98.99177,98.61434,-1.050583,-0.58216337,-0.46841999,0.81619053,7.028840,33.78501,-153.019800,0.69133941,103.64151,100.33251,97.023517,2025-04-21,09:55
2025-04-21 10:00:00,96.84,97.050003,96.43,96.72,6301127,17.74903,98.51732,98.23547,-1.15885,-0.69750105,-0.46135069,5.50287,2.93218,36.88320,-137.94682,0.68624394,103.66541,100.078279,96.49115,2025-04-21,10:00
2025-04-21 10:05:00,96.725,96.865,96.36,96.4407,4177840,16.79745,97.98518,97.87652,-1.25275,-0.80855120,-0.44420060,1.51116,2.61007,39.78515,-123.26738,0.67329775,103.69000,99.82926,95.96853,2025-04-21,10:05
2025-04-21 10:10:00,96.44,96.65,95.91,96.2101,7011913,16.033169,97.40741,97.54323,-1.33044,-0.91292879,-0.41751037,5.18299,4.065673,42.63422,-116.48737,0.67806204,103.64241,99.56226,95.48212,2025-04-21,10:10
2025-04-21 10:15:00,96.205,96.31,95.74,95.995,5722222,15.33239,97.069533,97.23359,-1.39330,-1.0090035,-0.38429877,4.33681,3.67699,45.33444,-110.62661,0.67034330,103.53190,99.28251,95.033133,2025-04-21,10:15
2025-04-21 10:20:00,95.9909,96.29,95.865,95.985,3715168,15.29891,96.82898,96.98387,-1.42747,-1.092698,-0.33477622,4.22418,4.58133,47.84178,-98.89869,0.65281900,103.40411,99.021015,94.63792,2025-04-21,10:20
2025-04-21 10:25:00,95.98,96.16,95.57,95.835,5131271,14.77765,96.60509,96.75410,-1.44994,-1.16415,-0.28579776,4.43885,4.33328,50.26841,-95.44993,0.64833221,103.21655,98.75002,94.28349,2025-04-21,10:25
2025-04-21 10:30:00,95.835,96.050003,95.65,95.95,3847325,17.10935,96.37175,96.59328,-1.44185,-1.21969,-0.22216482,6.36511,5.0093816,52.52171,-87.21812,0.63059430,102.91835,98.47458,94.030819,2025-04-21,10:30
2025-04-21 10:35:00,95.955,96.4,95.95,96.38,3947119,25.33551,96.26175,96.55062,-1.38478,-1.25271,-0.13207340,20.98439,10.59612,53.46704,-70.31175,0.61769504,102.57896,98.23283,93.88671,2025-04-21,10:35
2025-04-21 10:40:00,96.38,96.5,96.050003,96.1147,3148212,23.76827,96.18117,96.46344,-1.34545,-1.27125,-0.074192276,14.66218,14.0038942,54.031604,-66.68054,0.60571660,102.14333,97.96657,93.78981,2025-04-21,10:40
2025-04-21 10:45:00,96.1144,96.34,95.9,95.98,2762126,22.99064,96.098944,96.36675,-1.31004,-1.27901,-0.031030490,15.29864,16.98174,54.66893,-68.029869,0.59387933,101.62754,97.69232,93.75710,2025-04-21,10:45
2025-04-21 10:50:00,95.975,96.16,95.75,96.1099,2570874,25.52130,96.062189,96.31538,-1.25701,-1.27461,0.017599453,20.60691,16.85591,55.37260,-66.42785,0.58074536,101.051543,97.43232,93.81309,2025-04-21,10:50
2025-04-21 10:55:00,96.089996,96.42,96.080002,96.365,2597138,30.36110,96.079400,96.32530,-1.18079,-1.25585,0.075057222,31.054646,22.32007,55.16654,-49.14579,0.56354900,100.45396,97.20107,93.94817,2025-04-21,10:55
2025-04-21 11:00:00,96.365,96.42,95.925,96.1201,2479105,28.44977,96.093300,96.28426,-1.12715,-1.23011,0.10295666,28.65119,26.77092,55.12739,-52.86819,0.55865229,99.64880,96.94557,94.24234,2025-04-21,11:00
2025-04-21 11:05:00,96.13,96.39,96.07,96.3535,2480195,32.79226,96.13424,96.29811,-1.053664,-1.19482,0.14115593,52.93911,37.54832,55.091050,-39.88230,0.54160568,98.46352,96.69274,94.92197,2025-04-21,11:05
2025-04-21 11:10:00,96.36,96.57,96.15,96.17,2990559,31.18952,96.17147,96.27249,-0.99871849,-1.15560,0.15688114,46.33199,42.64076,54.42817,-31.75934,0.53291943,97.96722,96.54945,95.13168,2025-04-21,11:10
2025-04-21 11:15:00,96.175,96.42,96.095001,96.35,2143656,34.56784,96.21591,96.28799,-0.92992962,-1.11047,0.18053600,72.22199,57.16437,53.88386,-26.51967,0.51806782,97.67324,96.45945,95.24566,2025-04-21,11:15
2025-04-21 11:20:00,96.345,96.37,96.019997,96.105,1926244,32.24720,96.18536,96.25139,-0.88498149,-1.065369,0.18038730,53.50037,57.35145,53.47840,-39.66630,0.50606341,97.41202,96.37220,95.33238,2025-04-21,11:20
2025-04-21 11:25:00,96.1099,96.12,95.7701,95.89,2267392,30.32329,96.16039,96.17911,-0.85683178,-1.023661,0.16682962,31.99997,52.57411,53.42103,-89.73285,0.49490883,96.98397,96.26420,95.54443,2025-04-21,11:25
2025-04-21 11:30:00,95.89,96.040001,95.75,95.7685,2078353,29.26089,96.13689,96.096992,-0.83470485,-0.98587008,0.15116524,19.85016,35.11683,53.39282,-112.53493,0.48027255,96.72911,96.18412,95.63914,2025-04-21,11:30
2025-04-21 11:35:00,95.7601,96.0,95.75,95.945,1965641,32.93670,96.11857,96.066593,-0.79377698,-0.94745146,0.15367448,32.065082,27.97174,53.36663,-93.45921,0.46382451,96.60241,96.13937,95.67634,2025-04-21,11:35
2025-04-21 11:40:00,95.9447,96.029999,95.815,95.825,2013611,31.72947,96.058567,96.018274,-0.76223797,-0.91040877,0.14817079,9.14597,20.35374,53.20377,-88.84527,0.44605107,96.49304,96.094625,95.69621,2025-04-21,11:40
2025-04-21 11:45:00,95.825,95.9703,95.74,95.9501,2402099,34.42786,96.039678,96.0046399,-0.71886141,-0.87209930,0.15323788,25.31391,22.17499,53.16785,-84.0059251,0.43064035,96.43962,96.070095,95.70057,2025-04-21,11:45
2025-04-21 11:50:00,95.9526,95.98,95.8,95.875,1908910,33.57005,95.98651,95.97871,-0.68267596,-0.83421463,0.15153867,16.26528,16.90839,53.084560,-77.38368,0.41273749,96.42633,96.053340,95.68035,2025-04-21,11:50
2025-04-21 11:55:00,95.8701,96.029999,95.805,95.8374,1863643,33.12509,95.94956,95.95045,-0.64954500,-0.79728070,0.14773570,11.73545,17.77155,52.73832,-69.38506,0.39932756,96.42954,96.045460,95.66138,2025-04-21,11:55
2025-04-21 12:00:00,95.84,96.2,95.84,96.175,1999173,40.72281,95.93011,95.99536,-0.58925436,-0.75567543,0.16642108,52.41015,26.80363,51.53639,8.24861,0.39670377,96.44197,96.054960,95.66795,2025-04-21,12:00
2025-04-21 12:05:00,96.16,96.24,96.059998,96.2044,1868731,41.34766,95.94116,96.037168,-0.53295797,-0.71113194,0.17817397,55.95183,40.032478,50.21997,44.64712,0.38122496,96.45186,96.073430,95.69501,2025-04-21,12:05
2025-04-21 12:10:00,96.205,96.28,96.084999,96.17,1833845,40.80556,95.97227,96.063734,-0.48552175,-0.66600990,0.18048815,51.80715,53.38971,48.79089,43.97088,0.36792315,96.46065,96.084430,95.70821,2025-04-21,12:10
2025-04-21 12:15:00,96.175,96.28,95.92,95.97,1957373,37.71015,95.99466,96.044988,-0.45877778,-0.62456348,0.16578570,27.71119,45.15672,47.90289,-8.22143,0.36735726,96.41749,96.063931,95.71037,2025-04-21,12:15
2025-04-21 12:20:00,95.9783,96.14,95.92,96.019997,1715809,38.95676,96.0029890,96.039989,-0.42860805,-0.58537239,0.15676434,41.17627,40.23154,47.078325,-18.79775,0.35683182,96.41245,96.059195,95.70594,2025-04-21,12:20
2025-04-21 12:25:00,96.014999,96.059998,95.76,95.8,1779286,35.58226,96.00021193,95.99199,-0.41763572,-0.55182506,0.13418933,9.52456,26.13734,46.72230,-85.87821,0.35277208,96.41985,96.050195,95.68054,2025-04-21,12:25
2025-04-21 12:30:00,95.8,96.080002,95.772,95.945,1777956,39.31348,95.99964,95.98259,-0.39271311,-0.52000267,0.12728956,37.96324,29.55469,46.27003,-54.58987,0.34957398,96.41326,96.041950,95.67064,2025-04-21,12:30
2025-04-21 12:35:00,95.945,96.18,95.885,96.145,1448883,44.12124,96.029644,96.015074,-0.35275730,-0.48655360,0.13379629,74.99965,40.82915,45.24212,15.45395,0.34567571,96.37539,96.030950,95.68651,2025-04-21,12:35
2025-04-21 12:40:00,96.145,96.39,96.14,96.325,1887867,48.10599,96.083822,96.077059,-0.30307388,-0.44985765,0.14678378,89.99965,67.65418,43.15181,114.44144,0.33884173,96.40715,96.041195,95.67524,2025-04-21,12:40
2025-04-21 12:45:00,96.325,96.38,96.029999,96.058197,2073521,43.18975,96.070843,96.073286,-0.28197746,-0.41628161,0.13430415,48.95360,71.31763,41.59302,57.92689,0.33963864,96.36348,96.026430,95.68938,2025-04-21,12:45
2025-04-21 12:50:00,96.051903,96.060097,95.81,95.9185,2083960,40.83655,96.039077,96.042330,-0.27337922,-0.38770113,0.11432192,27.46223,55.47183,40.82341,-49.086574,0.33324296,96.34729,96.013855,95.68042,2025-04-21,12:50
2025-04-21 12:55:00,95.915,95.92,95.68,95.7119,2151933,37.57569,95.98818,95.97624,-0.28000850,-0.36616261,0.086154111,4.49275,26.96953,40.46104,-123.35713,0.32658260,96.30248,95.98195,95.66142,2025-04-21,12:55
2025-04-21 13:00:00,95.715,95.85,95.34,95.4654,3395195,34.079209,95.93211,95.87407,-0.30167506,-0.35326510,0.051590036,11.94324,14.63274,40.89195,-213.18155,0.33968399,96.33596,95.94997,95.56398,2025-04-21,13:00
2025-04-21 13:05:00,95.4301,95.5,95.17,95.175,2743366,30.48077,95.83822,95.73426,-0.33837802,-0.35028768,0.011909659,0.41023589,5.61541,41.60777,-279.99675,0.33899241,96.42732,95.91422,95.40112,2025-04-21,13:05
2025-04-21 13:10:00,95.18,95.43,95.15,95.37,2056463,35.41249,95.79044,95.66141,-0.34772221,-0.34977459,0.0020523749,17.74206,10.031846,42.30877,-216.49513,0.33477858,96.45703,95.89430,95.33156,2025-04-21,13:10
2025-04-21 13:15:00,95.37,95.48,95.2509,95.415,1412513,36.53141,95.73156,95.61213,-0.34749092,-0.34931785,0.0018269373,21.37096,13.17442,42.66627,-157.78954,0.32723033,96.46720,95.86780,95.26839,2025-04-21,13:15
2025-04-21 13:20:00,95.41,95.54,95.34,95.365,1512430,35.78943,95.64489,95.56270,-0.34733854,-0.34892199,0.0015834525,17.33844,18.81715,42.64185,-121.56465,0.31814278,96.48305,95.84480,95.20654,2025-04-21,13:20
2025-04-21 13:25:00,95.36,95.465,95.195,95.3686,1710195,35.89042,95.53862,95.52388,-0.34297362,-0.34773232,0.0047587011,17.62885,18.77942,42.95290,-118.16535,0.31470377,96.48439,95.81572,95.14705,2025-04-21,13:25
2025-04-21 13:30:00,95.36,95.588,95.2949,95.3501,2259875,35.58080,95.45994,95.48912,-0.33712116,-0.34561008,0.0084889271,16.13681,17.034704,42.51825,-88.48092,0.31316053,96.48735,95.78947,95.091602,2025-04-21,13:30
2025-04-21 13:35:00,95.3577,95.4098,95.089996,95.0942,1818158,31.52930,95.36836,95.41014,-0.34910754,-0.34630958,-0.0027979640,0.32336819,11.36301,42.61076,-116.85698,0.31363487,96.51240,95.75231,94.99223,2025-04-21,13:35
2025-04-21 13:40:00,95.1071,95.3,95.050003,95.1772,2578624,34.14847,95.30894,95.36355,-0.34789905,-0.34662747,-0.0012715787,9.49236,8.65085,42.78737,-106.039581,0.30908953,96.47585,95.70242,94.92900,2025-04-21,13:40
2025-04-21 13:45:00,95.17,95.28,95.07,95.080002,1341024,32.57690,95.26612,95.30684,-0.35074129,-0.34745023,-0.0032910556,2.23872,4.018149,42.95136,-100.36945,0.30201164,96.42891,95.64620,94.86350,2025-04-21,13:45
2025-04-21 13:50:00,95.089996,95.26,95.07,95.2,1455957,36.46438,95.26890,95.28547,-0.33939880,-0.34583995,0.0064411435,11.27779,7.66962,43.10364,-85.90049,0.29401098,96.36463,95.59770,94.83078,2025-04-21,13:50
2025-04-21 13:55:00,95.195,95.22,95.07,95.165,1456693,35.81579,95.24612,95.26138,-0.32943616,-0.34255919,0.013123034,11.38487,8.30046,43.24504,-83.70115,0.28372459,96.32649,95.55745,94.78842,2025-04-21,13:55
2025-04-21 14:00:00,95.17,95.3,95.040001,95.23,2180300,38.020977,95.22557,95.25510,-0.31269102,-0.33658556,0.023894533,21.59125,14.75130,42.78226,-70.93546,0.28203013,96.26884,95.51796,94.76707,2025-04-21,14:00
2025-04-21 14:05:00,95.225,95.48,95.13,95.4383,1880254,44.59060,95.23371,95.29174,-0.27939184,-0.32514681,0.045754969,49.17301,27.38304,41.16106,-34.67734,0.28688556,96.24006,95.49987,94.75968,2025-04-21,14:05
2025-04-21 14:10:00,95.43,95.595,95.33,95.535,1950528,47.37924,95.25220,95.34040,-0.24240463,-0.30859838,0.066193750,89.18964,53.31797,38.99162,-0.59311501,0.28532226,96.19128,95.47937,94.76746,2025-04-21,14:10
2025-04-21 14:15:00,95.535,95.68,95.48,95.5484,1610907,47.77141,95.27423,95.38200,-0.20959487,-0.28879767,0.079202808,79.43757,72.60007,36.51778,28.082024,0.27922759,96.094211,95.44954,94.80487,2025-04-21,14:15
2025-04-21 14:20:00,95.545,95.62,95.31,95.3448,1687721,42.57804,95.30208,95.37456,-0.19774211,-0.27058656,0.072844455,47.62535,72.084185,34.97987,1.29807,0.28142599,95.90541,95.40053,94.89565,2025-04-21,14:20
2025-04-21 14:25:00,95.3499,95.62,95.2801,95.59,1425761,49.67375,95.34795,95.41765,-0.16664269,-0.24979779,0.083155096,85.93687,70.99993,33.67699,46.31192,0.28560305,95.79352,95.37712,94.96073,2025-04-21,14:25
2025-04-21 14:30:00,95.59,95.8099,95.58,95.6599,2035523,51.51324,95.41238,95.46610,-0.13480188,-0.22679861,0.091996725,80.51669,71.35963,31.43673,143.036610,0.28162401,95.72487,95.36419,95.0035116,2025-04-21,14:30
2025-04-21 14:35:00,95.655,95.78,95.575,95.62,1875238,50.38140,95.45905,95.49688,-0.11150161,-0.20373921,0.092237598,75.33495,80.59617,29.38088,139.51540,0.27615100,95.70443,95.35960,95.014759,2025-04-21,14:35
2025-04-21 14:40:00,95.615,95.64,95.3,95.42,2522035,45.038608,95.48738,95.48150,-0.10793052,-0.18457747,0.076646951,49.35687,68.40283,28.66348,44.19866,0.28071138,95.69994,95.35733,95.014714,2025-04-21,14:40
2025-04-21 14:45:00,95.415,95.545,95.16,95.2882,2080037,41.88634,95.49384,95.44284,-0.11441646,-0.17054527,0.056128807,32.23799,52.30993,28.49219,-18.80209,0.28816018,95.69699,95.36299,95.028977,2025-04-21,14:45
2025-04-21 14:50:00,95.2817,95.3,95.15,95.235,1299826,40.64959,95.47126,95.40127,-0.12243800,-0.16092381,0.038485810,25.32801,35.64095,28.36771,-66.85248,0.27829170,95.69483,95.35624,95.017641,2025-04-21,14:50
2025-04-21 14:55:00,95.235,95.3899,95.19,95.295,1341191,42.70425,95.44459,95.38002,-0.12254125,-0.15324730,0.030706048,33.12094,30.22898,27.71121,-32.74677,0.27269213,95.68870,95.35023,95.011766,2025-04-21,14:55
2025-04-21 15:00:00,95.295,95.69,95.2084,95.6404,2161993,52.82874,95.45481,95.43210,-0.093671946,-0.14133223,0.047660285,77.98478,45.47791,25.86722,69.89711,0.28761452,95.72539,95.36401,95.0026211,2025-04-21,15:00
2025-04-21 15:05:00,95.64,95.83,95.62,95.625,2640881,52.38418,95.48594,95.47068,-0.071214844,-0.12730875,0.056093909,74.050431,61.71872,24.72664,131.31008,0.28207056,95.75572,95.37683,94.99793,2025-04-21,15:05
2025-04-21 15:10:00,95.625,95.71,95.5,95.515,2019146,49.20012,95.47761,95.47954,-0.061583661,-0.11416374,0.052580074,54.99995,69.011719,23.11775,74.61458,0.27692260,95.76843,95.38507,95.0017114,2025-04-21,15:10
2025-04-21 15:15:00,95.515,95.71,95.505,95.6702,2049195,53.49503,95.47876,95.51767,-0.040955655,-0.099522119,0.058566464,76.49923,68.51654,21.62379,87.31136,0.27178540,95.79200,95.41387,95.035737,2025-04-21,15:15
2025-04-21 15:20:00,95.67,95.86,95.6401,95.765,2727260,55.94526,95.49487,95.56714,-0.016764760,-0.082970647,0.066205887,86.61953,72.70624,20.88040,125.65584,0.26807945,95.83439,95.44326,95.052127,2025-04-21,15:20
2025-04-21 15:25:00,95.765,95.845,95.46,95.6,2328902,50.91698,95.51487,95.57371,-0.010783195,-0.068533157,0.057749962,63.37993,75.49956,19.43371,71.80414,0.27643107,95.82815,95.46926,95.11037,2025-04-21,15:25
2025-04-21 15:30:00,95.6,95.82,95.6,95.7801,2370054,55.60707,95.56952,95.61499,0.0083930134,-0.053147923,0.061540936,88.74609,79.58185,18.090352,105.46627,0.27240036,95.85918,95.49827,95.13735,2025-04-21,15:30
2025-04-21 15:35:00,95.78,96.195,95.7642,96.135,3579582,63.091509,95.66952,95.71899,0.051632905,-0.032191757,0.083824662,94.25860,82.12821,18.22364,206.55773,0.28371472,95.97071,95.54677,95.12282,2025-04-21,15:35
2025-04-21 15:40:00,96.14,96.23,95.94,96.175,3293451,63.83166,95.76730,95.81019,0.088112860,-0.0081308337,0.096243694,94.90739,92.63736,18.46260,210.22434,0.28416374,96.073249,95.59402,95.11478,2025-04-21,15:40
2025-04-21 15:45:00,96.175,96.49,96.025002,96.4337,3505607,68.26415,95.85544,95.93489,0.13632673,0.020760678,0.11556605,95.79870,94.98823,19.46203,235.35553,0.29708035,96.24038,95.64379,95.047193,2025-04-21,15:45
2025-04-21 15:50:00,96.43,96.695,96.28,96.6681,4998785,71.65384,95.97134,96.081535,0.19124595,0.054857732,0.13638821,98.25882,96.32163,20.89874,239.65134,0.30550325,96.44244,95.70044,94.95844,2025-04-21,15:50
2025-04-21 15:55:00,96.665,97.2,96.64,96.8,10711455,73.37712,96.11412,96.22523,0.24261669,0.092409523,0.15020717,80.48806,91.51519,23.17613,239.37511,0.32368141,96.64170,95.76302,94.88434,2025-04-21,15:55
2025-04-22 09:30:00,98.765,98.8899,97.36,97.53,17769769,80.45787,96.32077,96.48618,0.33833284,0.14159419,0.19673865,63.24489,80.66392,26.77688,299.37782,0.44983968,97.018487,95.87228,94.72607,2025-04-22,09:30
2025-04-22 09:35:00,97.53,98.48,97.43,98.41,6167441,85.47357,96.61466,96.87095,0.47966830,0.20920901,0.27045929,86.96466,76.89920,30.12043,237.94347,0.49270849,97.59642,96.013280,94.43014,2025-04-22,09:35
2025-04-22 09:40:00,98.4,98.86,98.18,98.73,5383774,86.80028,96.96243,97.24276,0.61046194,0.28945960,0.32100235,95.33815,81.84923,33.41960,217.87386,0.50608648,98.13229,96.16679,94.20128,2025-04-22,09:40
2025-04-22 09:45:00,98.735,99.27,98.66,98.9203,6125717,87.52968,97.31135,97.57827,0.72115939,0.37579955,0.34535984,90.82169,91.041500,36.66409,192.78450,0.51350837,98.61454,96.33180,94.049065,2025-04-22,09:45
2025-04-22 09:50:00,98.92,98.9599,98.4601,98.675,3636626,81.29372,97.59357,97.79761,0.78010171,0.45665999,0.32344172,84.38336,90.18107,38.99762,142.94420,0.51252932,98.95154,96.49455,94.037566,2025-04-22,09:50
2025-04-22 09:55:00,98.6786,98.99,98.48,98.9399,3233376,82.72503,97.90078,98.026072,0.83852318,0.53303262,0.30549055,91.33613,88.84706,41.18319,125.88416,0.51234826,99.28641,96.67714,94.067860,2025-04-22,09:55
2025-04-22 10:00:00,98.94,99.040001,98.64,98.825,2834831,79.87022,98.16648,98.18586,0.86557285,0.59954067,0.26603218,88.32021,88.013232,43.24536,110.033888,0.50432349,99.53733,96.85664,94.17594,2025-04-22,10:00
2025-04-22 10:05:00,98.825,99.14,98.66,99.084999,3100709,81.43168,98.43502,98.36569,0.89764244,0.65916102,0.23848142,94.95919,91.53851,45.22744,101.76911,0.50258580,99.79348,97.046136,94.29879,2025-04-22,10:05
2025-04-22 10:10:00,99.089996,99.26,98.89,99.025002,3117335,79.89163,98.68225,98.49755,0.90775252,0.70887932,0.19887320,93.011717,92.097040,47.14879,94.24394,0.49311558,100.012024,97.21537,94.41871,2025-04-22,10:10
2025-04-22 10:15:00,99.025002,99.040001,98.775,98.97,2330572,78.42735,98.84225,98.59204,0.90094127,0.74729171,0.15364956,90.99111,92.98734,48.45695,78.80309,0.47682157,100.17892,97.38262,94.58631,2025-04-22,10:15
2025-04-22 10:20:00,98.97,99.38,98.95,99.225,3291195,80.23600,98.93280,98.71863,0.90567935,0.77896924,0.12671011,95.38006,93.12763,49.94237,83.58291,0.47347719,100.33632,97.56812,94.79991,2025-04-22,10:20
2025-04-22 10:25:00,99.23,99.23,98.785,99.019997,2661996,74.80607,98.96502,98.77890,0.88271697,0.79971879,0.082998181,88.38707,91.58608,50.66601,69.14288,0.47144308,100.42854,97.73561,95.042671,2025-04-22,10:25
2025-04-22 10:30:00,99.025,99.040001,98.79,98.925,2332986,72.36231,98.96554,98.80812,0.84708921,0.80919287,0.037896336,83.39436,89.053830,51.33796,59.84164,0.45562579,100.47398,97.89361,95.31323,2025-04-22,10:30
2025-04-22 10:35:00,98.925,99.0,98.7,98.99,2778058,73.011936,99.00054423,98.84450,0.81470705,0.81029571,0.0044113443,80.69307,84.15817,51.58261,54.72534,0.44450988,100.45720,98.063106,95.66901,2025-04-22,10:35
2025-04-22 10:40:00,98.985,99.029999,98.74,98.8388,1754786,68.95161,98.98931,98.84336,0.76799052,0.80183467,-0.033844150,72.24618,78.77787,51.84780,49.078882,0.43347352,100.38769,98.21604,96.044395,2025-04-22,10:40
2025-04-22 10:45:00,98.835,98.8399,98.5,98.5248,2250135,61.32452,98.95596,98.77965,0.69758916,0.78098557,-0.083396410,28.73364,60.55763,51.072967,25.96500,0.42678950,100.28793,98.33553,96.38313,2025-04-22,10:45
2025-04-22 10:50:00,98.5288,98.73,98.3501,98.645,2511145,63.011175,98.90707,98.75272,0.64406974,0.75360240,-0.10953266,28.63376,43.20453,49.76623,14.70653,0.42344065,100.14320,98.45903,96.77486,2025-04-22,10:50
2025-04-22 10:55:00,98.645,98.77,98.495,98.645,1993275,63.011175,98.86484,98.73117,0.59479875,0.72184167,-0.12704292,28.63376,28.66706,48.63195,12.18725,0.41283731,99.97460,98.56960,97.16459,2025-04-22,10:55
2025-04-22 11:00:00,98.65,98.96,98.58,98.8647,2764429,66.14147,98.85314,98.75788,0.56694401,0.69086214,-0.12391813,49.96629,35.74461,47.94583,28.027999,0.41049159,99.78400,98.67943,97.57485,2025-04-22,11:00
2025-04-22 11:05:00,98.8684,99.45,98.83,99.33,2679748,71.61941,98.86481,98.87230,0.57577752,0.66784522,-0.092067697,89.089941,55.89667,48.082146,123.17017,0.42545635,99.53687,98.80593,98.074985,2025-04-22,11:05
2025-04-22 11:10:00,99.31,99.34,99.050003,99.080002,3502681,65.48879,98.87148,98.91384,0.55619392,0.64551496,-0.089321039,66.36082,68.47235,48.20872,111.24360,0.41578042,99.33027,98.88343,98.43658,2025-04-22,11:10
2025-04-22 11:15:00,99.074799,99.23,98.95,99.2147,2067528,67.12179,98.90367,98.97401,0.54525730,0.62546343,-0.080206122,78.60708,78.019280,47.89448,100.36804,0.40608227,99.33636,98.92366,98.51096,2025-04-22,11:15
2025-04-22 11:20:00,99.2113,99.3,98.957,99.072403,2640182,63.69302,98.91282,98.99369,0.51912374,0.60419549,-0.085071750,65.66995,70.21262,47.72113,84.23692,0.40157656,99.34830,98.94078,98.53326,2025-04-22,11:20
2025-04-22 11:25:00,99.080002,99.095001,98.81,98.895,1955095,59.60495,98.91907,98.97395,0.47858071,0.57907253,-0.10049182,49.54067,64.60590,46.91009,7.28771,0.39324993,99.34744,98.93951,98.53159,2025-04-22,11:25
2025-04-22 11:30:00,98.8964,99.040001,98.7723,98.97,1963624,60.75191,98.96853,98.97316,0.44734559,0.55272715,-0.10538155,56.35987,57.19016,45.99155,-0.38603982,0.38428209,99.34378,98.95426,98.56475,2025-04-22,11:30
2025-04-22 11:35:00,98.9501,99.010002,98.63,98.77,2206363,56.17180,98.98242,98.93253,0.40182090,0.52254590,-0.12072500,38.17602,48.025522,44.52020,-59.59923,0.38397657,99.34350,98.94577,98.54804,2025-04-22,11:35
2025-04-22 11:40:00,98.77,98.93,98.56,98.572,2163674,51.99287,98.97431,98.86042,0.34577953,0.48719262,-0.14141309,20.17460,38.23683,42.85765,-105.36000,0.38297844,99.36040,98.93312,98.50584,2025-04-22,11:40
2025-04-22 11:45:00,98.575,98.78,98.5,98.69,2125556,54.18071,98.95490,98.82634,0.30734538,0.45122317,-0.14387779,30.90318,29.75127,41.057228,-103.59235,0.37562275,99.34721,98.91337,98.47953,2025-04-22,11:45
2025-04-22 11:50:00,98.6865,98.84,98.55,98.6701,1634723,53.73585,98.88158,98.79509,0.27214277,0.41540709,-0.14326432,29.093464,26.72375,39.56730,-81.19728,0.36950636,99.33868,98.89562,98.45257,2025-04-22,11:50
2025-04-22 11:55:00,98.675,98.93,98.3,98.87,3304592,57.50915,98.85824,98.81007,0.25740791,0.38380726,-0.12639935,49.56532,36.52066,37.13758,-68.15869,0.38811285,99.33247,98.89062,98.44878,2025-04-22,11:55
2025-04-22 12:00:00,98.885,99.38,98.8731,99.1588,4391154,62.29371,98.85203,98.87982,0.26596789,0.36023938,-0.094271493,74.67804,51.11228,36.17050,103.93486,0.39681869,99.31999,98.88731,98.45464,2025-04-22,12:00
2025-04-22 12:05:00,99.155,99.4,99.040001,99.285,2574724,64.19132,98.87566,98.96086,0.27971113,0.34413373,-0.064422604,85.65245,69.96527,35.32196,131.55554,0.39418882,99.36383,98.90056,98.43730,2025-04-22,12:05
2025-04-22 12:10:00,99.28,99.49,99.2419,99.48,2239870,66.95824,98.94066,99.064685,0.30284656,0.33587630,-0.033029737,99.16012,86.49687,34.76154,159.87114,0.38375393,99.45611,98.92831,98.40052,2025-04-22,12:10
2025-04-22 12:15:00,99.4814,99.62,99.32,99.42,2828291,65.28649,98.99066,99.13575,0.31273463,0.33124796,-0.018513333,84.84813,89.88690,34.55936,146.96668,0.37777172,99.51929,98.94981,98.38034,2025-04-22,12:15
2025-04-22 12:20:00,99.415,99.68,99.36,99.58,2641948,67.60880,99.080656,99.22460,0.32968159,0.33093469,-0.0012530976,92.75372,92.25399,34.51567,143.61030,0.37364515,99.61598,98.98688,98.35777,2025-04-22,12:20
2025-04-22 12:25:00,99.585,99.811,99.5,99.65,2521771,68.59854,99.20043,99.30968,0.34478609,0.33370497,0.011081122,89.34506,88.98230,34.78234,149.78263,0.36917028,99.69762,99.043135,98.38865,2025-04-22,12:25
2025-04-22 12:30:00,99.655,99.77,99.52,99.6152,1781594,67.49422,99.30323,99.37078,0.34991442,0.33694686,0.012967563,87.041591,89.71346,35.029967,131.39872,0.36065812,99.76447,99.091645,98.41882,2025-04-22,12:30
2025-04-22 12:35:00,99.615,99.6599,99.32,99.32,1777913,58.84215,99.37545,99.36063,0.32639628,0.33483674,-0.0084404660,67.50501,81.29722,34.23896,77.86133,0.35917519,99.77244,99.12540,98.47835,2025-04-22,12:35
2025-04-22 12:40:00,99.32,99.335,99.0,99.23,2200238,56.46566,99.41545,99.33450,0.29707157,0.32728371,-0.030212140,61.54891,72.031837,32.16566,14.052196,0.35744833,99.78078,99.14366,98.50654,2025-04-22,12:40
2025-04-22 12:45:00,99.235,99.3383,99.16,99.3299,1236654,58.47071,99.43446,99.33358,0.27868011,0.31756299,-0.038882876,68.16040,65.73811,30.25181,35.40116,0.34465194,99.78077,99.14366,98.50654,2025-04-22,12:45
2025-04-22 12:50:00,99.33,99.34,98.93,99.1901,1757736,54.67564,99.42391,99.30489,0.24994279,0.30403895,-0.054096157,58.90815,62.87249,28.54851,4.035487,0.34931938,99.78589,99.14916,98.51243,2025-04-22,12:50
2025-04-22 12:55:00,99.19,99.25,99.1101,99.1626,847870,53.93397,99.38864,99.27643,0.22238540,0.28770824,-0.065322841,57.087892,61.38548,26.96688,8.78953,0.33436087,99.78261,99.14656,98.51050,2025-04-22,12:55
2025-04-22 13:00:00,99.165,99.41,99.119,99.29,1475330,56.85363,99.37420,99.27914,0.20842377,0.27185135,-0.063427581,65.51964,60.50523,25.21181,31.45754,0.33126369,99.79549,99.15744,98.51938,2025-04-22,13:00
2025-04-22 13:05:00,99.2897,99.6,99.16,99.4416,3113933,60.094610,99.35882,99.31163,0.20720310,0.25892170,-0.051718599,60.61400,61.073845,24.24901,58.38273,0.33903020,99.82234,99.18477,98.54719,2025-04-22,13:05
2025-04-22 13:10:00,99.445,99.4465,98.585,98.7141,2852079,43.28954,99.25483,99.19213,0.14585179,0.23630771,-0.090455924,10.53057,45.55474,23.57574,-64.86847,0.37634973,99.83599,99.17197,98.50795,2025-04-22,13:10
2025-04-22 13:15:00,98.71,98.73,98.25,98.6148,3686528,41.58025,99.14368,99.076662,0.088200698,0.20668631,-0.11848561,23.36965,31.50474,23.74009,-149.54173,0.38375356,99.85011,99.16421,98.47831,2025-04-22,13:15
2025-04-22 13:20:00,98.62,98.68,97.96,98.165,3466097,34.86507,99.015345,98.89433,0.0061459575,0.16657824,-0.16043228,11.075206,14.99181,24.46410,-189.17103,0.40777125,99.91738,99.14386,98.37034,2025-04-22,13:20
2025-04-22 13:25:00,98.15,98.78,98.029999,98.105,3867328,34.074572,98.89035,98.73646,-0.062998114,0.12066297,-0.18366108,7.83384,14.092899,24.76792,-164.13310,0.43221616,99.99186,99.11461,98.23736,2025-04-22,13:25
2025-04-22 13:30:00,98.099998,98.32,97.975,98.195,2205336,36.40383,98.76424,98.62817,-0.10927370,0.074675636,-0.18394933,12.69589,10.53498,25.16365,-168.72849,0.42598652,100.037917,99.090856,98.14379,2025-04-22,13:30
2025-04-22 13:35:00,98.195,98.52,98.1702,98.3517,1664574,40.35536,98.67109,98.57288,-0.13178392,0.033383726,-0.16516764,21.64095,14.056895,24.78315,-123.78835,0.42054463,100.061813,99.064941,98.068069,2025-04-22,13:35
2025-04-22 13:40:00,98.35,98.38,98.0,98.19,1546854,37.74887,98.56302,98.49630,-0.16081725,-0.0054564698,-0.15536078,13.53042,15.95575,24.82260,-124.86464,0.41764839,100.082198,99.016501,97.95080,2025-04-22,13:40
2025-04-22 13:45:00,98.18,98.23,97.74,97.7615,2071880,31.87364,98.39319,98.34934,-0.21591423,-0.047548021,-0.16836620,1.15589,12.10909,25.40005,-138.51213,0.42281676,100.12906,98.94033,97.75159,2025-04-22,13:45
2025-04-22 13:50:00,97.76,97.885,97.57,97.86,2489676,34.40117,98.21746,98.25147,-0.24876301,-0.087791019,-0.16097199,14.28577,9.65736,26.25564,-133.13665,0.41511573,100.10913,98.85933,97.60952,2025-04-22,13:50
2025-04-22 13:55:00,97.86,97.975,97.745,97.76,1528466,33.060212,98.11145,98.15318,-0.27964142,-0.12616110,-0.15348032,9.35973,8.26713,26.69092,-110.36898,0.40189288,100.085252,98.77633,97.46740,2025-04-22,13:55
2025-04-22 14:00:00,97.7649,98.17,97.71,98.13,1701473,42.059542,98.057578,98.14854,-0.27113182,-0.15515524,-0.11597658,27.58610,17.077201,26.35119,-81.19827,0.40604332,99.98704,98.70383,97.42061,2025-04-22,14:00
2025-04-22 14:05:00,98.14,98.3,98.050003,98.17,2069246,42.95248,98.058133,98.15283,-0.25818399,-0.17576099,-0.082422995,29.55659,22.16748,25.56995,-56.12886,0.39489737,99.85566,98.62983,97.40399,2025-04-22,14:05
2025-04-22 14:10:00,98.16,98.28,98.099998,98.209,992202,43.86093,98.069689,98.16407,-0.24198617,-0.18900603,-0.052980146,31.47785,29.54018,24.84452,-48.43095,0.37954758,99.71022,98.55952,97.40881,2025-04-22,14:10
2025-04-22 14:15:00,98.2,98.2799,98.044998,98.19,1137110,43.49758,98.069133,98.16925,-0.22805335,-0.19681549,-0.031237856,33.040328,31.35826,24.32538,-47.11028,0.36921571,99.60891,98.50302,97.39712,2025-04-22,14:15
2025-04-22 14:20:00,98.18,98.53,98.165,98.45,1603809,49.64567,98.080055,98.22540,-0.19379812,-0.19621202,0.0024139012,72.72710,45.74843,22.90879,-13.56566,0.36891444,99.51842,98.46402,97.40961,2025-04-22,14:20
2025-04-22 14:25:00,98.44,98.56,98.42,98.485,1292940,50.42774,98.11283,98.27732,-0.16195913,-0.18936144,0.027402309,75.61997,60.46247,21.48762,9.55810,0.35256336,99.39889,98.42177,97.44465,2025-04-22,14:25
2025-04-22 14:30:00,98.4958,98.57,98.42,98.515,1025736,51.12830,98.19656,98.32486,-0.13277530,-0.17804421,0.045268909,78.099207,75.48209,20.13071,19.49885,0.33809466,99.30119,98.38801,97.47484,2025-04-22,14:30
2025-04-22 14:35:00,98.52,98.72,98.42,98.44,1553086,49.25429,98.26100,98.34789,-0.11438003,-0.16531138,0.050931342,75.65231,76.45716,19.068183,34.49143,0.33537383,99.19403,98.35189,97.50974,2025-04-22,14:35
2025-04-22 14:40:00,98.45,98.6,98.41,98.55,1079539,52.031459,98.34878,98.38831,-0.089889334,-0.15022697,0.060337634,85.21757,79.65636,18.040996,47.95708,0.32498961,99.046712,98.31489,97.58306,2025-04-22,14:40
2025-04-22 14:45:00,98.55,98.68,98.51,98.5444,990360,51.87581,98.39482,98.41953,-0.070123804,-0.13420634,0.064082531,84.73062,81.86683,17.38967,87.35191,0.31391880,98.80309,98.27003,97.73696,2025-04-22,14:45
2025-04-22 14:50:00,98.55,98.78,98.55,98.755,1254883,57.076042,98.45982,98.48662,-0.037039324,-0.11477293,0.077733609,97.93376,89.29398,17.15200,132.52430,0.30832429,98.81220,98.27207,97.73194,2025-04-22,14:50
2025-04-22 14:55:00,98.7583,98.83,98.68,98.685,1368179,54.95052,98.51271,98.52630,-0.016280355,-0.095074417,0.078794062,88.49174,90.38537,17.11236,134.57823,0.29701552,98.82540,98.27558,97.72576,2025-04-22,14:55
2025-04-22 15:00:00,98.685,98.82,98.65,98.764,1213535,56.90128,98.57649,98.57384,0.0064715096,-0.074765232,0.081236742,94.10699,93.51083,16.91981,120.28459,0.28794285,98.89203,98.30553,97.71903,2025-04-22,15:00
2025-04-22 15:05:00,98.765,98.81,98.55,98.6017,1460596,51.92657,98.59334,98.57941,0.011276278,-0.057556930,0.068833208,79.61594,87.40489,16.22692,84.91922,0.28594654,98.92283,98.33036,97.73790,2025-04-22,15:05
2025-04-22 15:10:00,98.605,98.615,98.2,98.265,1727126,43.44142,98.56890,98.51653,-0.011947102,-0.048434964,0.036487863,28.025502,67.24948,16.020048,5.77969,0.29516471,98.92391,98.33386,97.74382,2025-04-22,15:10
2025-04-22 15:15:00,98.26,98.3,97.91,98.044998,2096073,38.96149,98.51668,98.42222,-0.047555862,-0.048259144,0.00070328147,14.67335,40.77160,16.73204,-61.64215,0.30193862,98.92172,98.31853,97.71534,2025-04-22,15:15
2025-04-22 15:20:00,98.040199,98.089996,97.7801,97.9401,1809282,37.0021291,98.46113,98.32580,-0.083280333,-0.055263382,-0.028016951,15.23984,19.31290,17.74112,-91.49818,0.30250717,98.92937,98.30603,97.68270,2025-04-22,15:20
2025-04-22 15:25:00,97.955,98.040001,97.6,97.705,1958970,32.99689,98.36724,98.20164,-0.12907493,-0.070025691,-0.059049235,8.53683,12.81667,19.11999,-124.43670,0.31232826,98.93682,98.30321,97.66960,2025-04-22,15:25
2025-04-22 15:30:00,97.7,97.88,97.59,97.645,2184811,32.043520,98.26731,98.090310,-0.16826968,-0.089674488,-0.078595192,4.43549,9.40405,20.42431,-140.0017615,0.31073345,98.96206,98.29246,97.62286,2025-04-22,15:30
2025-04-22 15:35:00,97.645,97.76,97.28,97.305,2716342,27.24087,98.10620,97.93325,-0.22418243,-0.11657608,-0.10760636,1.61300,4.86177,22.31023,-182.33318,0.32282416,99.034306,98.26971,97.50511,2025-04-22,15:35
2025-04-22 15:40:00,97.31,98.38,97.29,98.074997,4986764,46.71785,98.038422,97.96160,-0.20400970,-0.13406280,-0.069946899,51.29010,19.11286,21.48944,-78.32213,0.37762217,99.033938,98.26696,97.49998,2025-04-22,15:40
2025-04-22 15:45:00,98.074997,98.39,98.050003,98.339,2366543,51.51056,97.99120,98.037078,-0.16482013,-0.14021427,-0.024605865,68.32232,40.40848,20.69369,-5.31800,0.37493461,99.041652,98.27541,97.50917,2025-04-22,15:45
2025-04-22 15:50:00,98.34,98.6599,98.020103,98.508,3856829,54.34196,97.98079,98.13126,-0.11875578,-0.13592257,0.017166794,79.22594,66.27946,19.34148,22.29276,0.39385310,99.062481,98.29036,97.51824,2025-04-22,15:50
2025-04-22 15:55:00,98.51,99.0,98.385,98.88,8531104,59.89319,98.049121,98.28101,-0.051637389,-0.11906553,0.067428145,93.023101,80.19045,18.99551,91.93864,0.40964915,99.13660,98.32486,97.51311,2025-04-22,15:55
2025-04-23 09:30:00,104.5201,104.8,103.81,103.85,25331473,85.41226,98.69412,99.39481,0.39800404,-0.015651619,0.41365566,87.36697,86.53867,22.97512,609.34561,0.80324606,101.13841,98.59486,96.051313,2025-04-23,09:30
2025-04-23 09:35:00,103.87,104.45,102.83,103.94,10903423,85.59106,99.36078,100.30385,0.75293135,0.13806497,0.61486638,88.56383,89.65130,25.25299,319.75195,0.86158527,102.31489,98.86761,95.42033,2025-04-23,09:35
2025-04-23 09:40:00,103.935,104.34,103.59,103.7388,7329787,83.13785,100.031199,100.99084,1.0063776,0.31172749,0.69465007,85.88827,87.27302,27.36817,220.45489,0.85361490,103.17005,99.12880,95.087549,2025-04-23,09:40
2025-04-23 09:45:00,103.71,104.1899,103.57,104.040001,5200330,83.88260,100.74176,101.60067,1.21751,0.49288304,0.72462221,89.89359,88.11523,29.30260,166.82330,0.83692123,103.96371,99.40880,94.85389,2025-04-23,09:45
2025-04-23 09:50:00,104.035004,104.050003,102.93,103.07,6271233,72.74034,101.38231,101.89454,1.29166,0.65263943,0.63902554,76.99465,84.25884,30.16572,118.47731,0.85714134,104.43858,99.63480,94.83102,2025-04-23,09:50
2025-04-23 09:55:00,103.079102,103.42,102.61,103.4199,4823985,74.077942,101.97619,102.19961,1.36296,0.79470348,0.56825620,81.64756,82.84527,30.52726,95.027637,0.85377393,104.92498,99.87857,94.83217,2025-04-23,09:55
2025-04-23 10:00:00,103.42,103.95,102.58,103.2101,5348114,71.80287,102.51742,102.40171,1.38655,0.91307254,0.47347627,78.85766,79.16662,31.19655,84.68027,0.89064687,105.32005,100.10133,94.88261,2025-04-23,10:00
2025-04-23 10:05:00,103.23,103.5304,103.0541,103.45,3288587,72.83040,103.066533,102.61136,1.40837,1.012131,0.39623510,82.047801,80.85101,31.81802,76.78301,0.86105088,105.71075,100.33958,94.96841,2025-04-23,10:05
2025-04-23 10:10:00,103.46,103.965,103.39,103.76,3717568,74.14174,103.60876,102.84109,1.43414,1.096533,0.33760693,86.17021,82.35856,32.67056,76.34070,0.84061846,106.10692,100.58938,95.071840,2025-04-23,10:10
2025-04-23 10:15:00,103.77,103.8,103.161,103.46,3590297,70.59096,103.56542,102.96487,1.41406,1.16004,0.25401964,82.15708,83.45836,33.10148,63.65589,0.82621714,106.40590,100.83229,95.25868,2025-04-23,10:15
2025-04-23 10:20:00,103.45,103.85,103.050003,103.82,3424929,72.30502,103.55209,103.13590,1.41093,1.21022,0.20071117,85.54546,84.62425,33.32321,60.049291,0.82434416,106.69785,101.11004,95.52223,2025-04-23,10:20
2025-04-23 10:25:00,103.83,104.1856,103.73,104.185,4017339,73.96202,103.60167,103.34572,1.42151,1.25247,0.16903685,90.92899,86.21051,33.78148,65.48072,0.79800507,106.97211,101.41704,95.86198,2025-04-23,10:25
2025-04-23 10:30:00,104.185,104.57,104.029999,104.44,4134494,75.083643,103.64611,103.56458,1.43395,1.28877,0.14517805,94.38814,90.28753,34.48229,68.36986,0.77957620,107.20520,101.74204,96.27888,2025-04-23,10:30
2025-04-23 10:35:00,104.445,104.74,104.3,104.37,3775906,74.13953,103.79056,103.72566,1.42177,1.31537,0.10639666,80.63063,88.64925,35.25214,67.97789,0.75532039,107.32158,102.075290,96.82899,2025-04-23,10:35
2025-04-23 10:40:00,104.3752,104.395,103.87,104.2025,3382330,71.81256,103.87751,103.82103,1.38266,1.32883,0.053830106,75.11577,83.37818,35.19384,56.62439,0.73886850,107.30960,102.40316,97.49673,2025-04-23,10:40
2025-04-23 10:45:00,104.21,104.3,103.92,103.955,2441196,68.39664,103.96028,103.84782,1.31652,1.32636,-0.0098488228,63.65752,73.13464,35.13970,51.94776,0.71323538,107.084719,102.73566,98.38661,2025-04-23,10:45
2025-04-23 10:50:00,103.96,104.099998,103.75,104.019997,2278335,68.81614,104.023611,103.88226,1.25488,1.31207,-0.057189640,66.66655,68.47995,34.77219,46.95761,0.68728989,106.84689,103.032915,99.21894,2025-04-23,10:50
2025-04-23 10:55:00,104.029999,104.050003,103.8,103.865,1837903,66.54752,104.035277,103.87881,1.17992,1.28564,-0.10571749,59.49067,63.27158,34.43093,43.36695,0.65605490,106.46721,103.30921,100.15122,2025-04-23,10:55
2025-04-23 11:00:00,103.87,104.080002,103.48,104.019997,3710439,67.69444,104.097499,103.90704,1.12011,1.25253,-0.13242117,66.66655,64.27459,33.48940,33.82795,0.65205087,105.85633,103.58481,101.31329,2025-04-23,11:00
2025-04-23 11:05:00,104.025002,104.3,103.9401,104.080101,2063818,68.15045,104.12640,103.94166,1.065282,1.21508,-0.14980016,69.44916,65.20213,32.88201,63.18820,0.63118305,104.55994,103.84482,103.12970,2025-04-23,11:05
2025-04-23 11:10:00,104.080002,104.2796,103.84,104.205,1754597,69.12574,104.12862,103.99432,1.020148,1.17610,-0.15594699,68.34333,68.15302,32.11515,64.40378,0.61749895,104.59474,103.86257,103.13040,2025-04-23,11:10
2025-04-23 11:15:00,104.21,104.277,103.82,103.855,2054678,63.27823,104.063622,103.96646,0.94524132,1.12992,-0.18468303,47.63330,61.80860,31.36064,33.82668,0.60603479,104.58963,103.85832,103.12701,2025-04-23,11:15
2025-04-23 11:20:00,103.8698,104.12,103.35,103.767,3474888,61.86121,103.99662,103.92657,0.86876133,1.077692,-0.20893041,42.42588,52.80084,29.70827,-17.63119,0.61774690,104.59022,103.85973,103.12924,2025-04-23,11:20
2025-04-23 11:25:00,103.75,103.79,102.94,103.137,4065949,52.75386,103.87823,103.76865,0.74868451,1.011890,-0.26320578,10.94439,33.66786,27.72034,-103.091562,0.63433630,104.60416,103.81458,103.025003,2025-04-23,11:25
2025-04-23 11:30:00,103.15,103.227,102.62,103.21,3828265,53.60616,103.79546,103.65692,0.65189842,0.93989192,-0.28799350,27.83008,27.066786,26.38441,-146.72520,0.63238332,104.58673,103.82158,103.056426,2025-04-23,11:30
2025-04-23 11:35:00,103.205,103.425,102.9105,103.38,2403654,55.61426,103.72434,103.60154,0.58220092,0.86835372,-0.28615280,35.84888,24.87445,24.78378,-106.57973,0.62396333,104.58911,103.81958,103.050057,2025-04-23,11:35
2025-04-23 11:40:00,103.38,103.47,102.9,102.94,1917544,49.62696,103.62157,103.46923,0.48586055,0.79185509,-0.30599453,15.094360,26.25777,23.21436,-128.73333,0.62010879,104.62576,103.80608,102.98640,2025-04-23,11:40
2025-04-23 11:45:00,102.9483,103.23,102.64,102.71,2553070,46.79113,103.47601,103.31738,0.38649549,0.71078317,-0.32428768,5.070234,18.67116,22.20901,-158.61586,0.61795844,104.70787,103.76908,102.83029,2025-04-23,11:45
2025-04-23 11:50:00,102.71,103.15,102.66,103.099998,2254346,51.81867,103.36711,103.27391,0.33535192,0.63569692,-0.30034500,28.57117,16.24525,21.27547,-118.58969,0.60881840,104.71918,103.73608,102.75298,2025-04-23,11:50
2025-04-23 11:55:00,103.11,103.355,103.089996,103.27,2337533,53.86496,103.26322,103.27313,0.30502161,0.56956186,-0.26454025,38.69011,24.11050,19.97058,-71.45968,0.58426045,104.72374,103.72658,102.72942,2025-04-23,11:55
2025-04-23 12:00:00,103.26,103.335,102.97,103.335,1688693,54.65794,103.20544,103.28550,0.28296790,0.51224306,-0.22927517,42.55930,36.60686,18.99589,-69.084101,0.56859883,104.71272,103.70233,102.69193,2025-04-23,12:00
2025-04-23 12:05:00,103.32,103.4,102.985,103.099899,1606678,51.22832,103.13132,103.24838,0.24371024,0.45853650,-0.21482626,28.56527,36.60489,17.94223,-68.32975,0.55762755,104.66548,103.64807,102.63067,2025-04-23,12:05
2025-04-23 12:10:00,103.089996,103.39,102.955,103.14,1561104,51.78404,103.13165,103.22670,0.21337436,0.40950407,-0.19612971,30.95218,34.025580,17.029694,-61.36207,0.54886827,104.55488,103.58307,102.61127,2025-04-23,12:10
2025-04-23 12:15:00,103.1501,103.18,102.8401,102.86,1240349,47.69725,103.092766,103.15336,0.16483923,0.36057110,-0.19573187,14.46119,24.65954,16.44114,-83.72276,0.53394176,104.45748,103.50757,102.55767,2025-04-23,12:15
2025-04-23 12:20:00,102.86,102.93,102.655,102.8501,2030677,47.55430,103.033888,103.092710,0.12414464,0.31328581,-0.18914117,13.88625,19.76654,16.29964,-98.77467,0.51544603,104.37479,103.43995,102.50512,2025-04-23,12:20
2025-04-23 12:25:00,102.86,103.3997,102.65,103.36,2555050,55.027863,103.080555,103.14617,0.13152269,0.27693319,-0.14541050,49.33319,25.89355,15.28970,-43.28464,0.53217809,104.31497,103.41020,102.50544,2025-04-23,12:25
2025-04-23 12:30:00,103.355,103.44,103.11,103.21,1689694,52.65093,103.13611,103.15893,0.12383844,0.24631424,-0.12247580,50.42712,37.88219,14.44444,-19.21875,0.51773692,104.23323,103.36970,102.50618,2025-04-23,12:30
2025-04-23 12:35:00,103.2102,103.77,103.2102,103.7,2596307,58.89680,103.20278,103.26715,0.15549490,0.22815037,-0.072655472,93.91304,64.55778,14.38050,44.24147,0.52075554,104.20890,103.36145,102.51401,2025-04-23,12:35
2025-04-23 12:40:00,103.69,103.84,103.6,103.765,1728373,59.65707,103.25778,103.36672,0.18371032,0.21926236,-0.035552035,93.75024,79.36346,14.46516,82.68343,0.50070142,104.16316,103.34870,102.53424,2025-04-23,12:40
2025-04-23 12:45:00,103.77,103.84,103.45,103.495,1641881,55.098329,103.27556,103.39237,0.18218467,0.21184682,-0.029662151,71.25046,86.30458,14.12214,66.50917,0.49279413,104.065918,103.31945,102.57298,2025-04-23,12:45
2025-04-23 12:50:00,103.48,103.91,103.44,103.899,1762266,60.021213,103.36434,103.49370,0.21114105,0.21170567,-0.00056462091,99.13374,88.044812,13.96512,116.53742,0.49116607,103.98724,103.30415,102.62106,2025-04-23,12:50
2025-04-23 12:55:00,103.89,104.185,103.84,104.055,2358741,61.76442,103.46601,103.60596,0.24386580,0.21813769,0.025728108,91.53110,87.30510,14.42168,184.027694,0.48072572,104.034067,103.31415,102.59423,2025-04-23,12:55
2025-04-23 13:00:00,104.050003,104.18,103.49,104.145,2102161,62.77290,103.60879,103.71377,0.27390495,0.22929115,0.044613808,97.39407,96.019636,13.84829,151.81977,0.49567406,104.11657,103.33305,102.54953,2025-04-23,13:00
2025-04-23 13:05:00,104.14,104.33,104.059998,104.2601,1756789,64.077913,103.76546,103.82303,0.30350062,0.24413304,0.059367577,95.83926,94.92148,13.65567,170.97942,0.47955479,104.26412,103.38920,102.51429,2025-04-23,13:05
2025-04-23 13:10:00,104.2607,104.3,104.089996,104.135,1329791,61.55242,103.85157,103.88543,0.31324998,0.25795643,0.055293555,88.39288,93.87540,13.47680,136.68240,0.46030135,104.36376,103.43545,102.50715,2025-04-23,13:10
2025-04-23 13:15:00,104.1398,104.2799,104.089996,104.215,1011445,62.56835,103.96323,103.95134,0.32369988,0.27110512,0.052594761,93.15444,92.46219,13.31071,120.22929,0.44098721,104.46498,103.47720,102.48943,2025-04-23,13:15
2025-04-23 13:20:00,104.22,104.27,104.029999,104.14,1169705,60.94248,104.012122,103.98907,0.32221557,0.28132721,0.040888362,88.69033,90.079216,12.95990,99.77802,0.42663082,104.53291,103.53720,102.54149,2025-04-23,13:20
2025-04-23 13:25:00,104.1499,104.24,103.93,103.96,1419547,57.10686,104.033789,103.98326,0.30302168,0.28566610,0.017355576,77.97603,86.60693,12.30468,76.43366,0.41829988,104.53496,103.59970,102.66444,2025-04-23,13:25
2025-04-23 13:30:00,103.97,104.13,103.85,103.87,1250215,55.23504,104.075456,103.96061,0.27735130,0.28400314,-0.0066518452,72.61911,79.76182,11.43408,55.51253,0.40842123,104.55114,103.63820,102.72527,2025-04-23,13:30
2025-04-23 13:35:00,103.873,104.0,103.56,103.74,1596898,52.55518,104.057788,103.91649,0.24370772,0.27594406,-0.032236341,51.63907,67.41140,11.47656,21.65577,0.41067703,104.55959,103.66170,102.76382,2025-04-23,13:35
2025-04-23 13:40:00,103.74,104.080002,103.575,104.040001,1476388,57.66019,104.056122,103.94119,0.23850336,0.26845592,-0.029952561,74.10254,66.12024,11.23764,39.84283,0.41741473,104.59612,103.69695,102.79779,2025-04-23,13:40
2025-04-23 13:45:00,104.040298,104.055,103.844,103.955,1147783,55.82734,104.035011,103.94395,0.22492732,0.25975020,-0.034822873,57.86514,61.20225,11.015790,45.079659,0.40267072,104.60181,103.73971,102.87761,2025-04-23,13:45
2025-04-23 13:50:00,103.96,104.22,103.87,104.185,1554849,59.57210,104.026666,103.99216,0.23007480,0.25381512,-0.023740321,83.70737,71.89168,10.24141,67.42127,0.39890841,104.62863,103.79196,102.95529,2025-04-23,13:50
2025-04-23 13:55:00,104.21,104.24,104.0,104.080002,1477247,57.18859,104.020555,104.0097287,0.22311005,0.24767410,-0.024564051,71.91009,71.16087,9.59312,65.79716,0.38755766,104.57961,103.85296,103.12631,2025-04-23,13:55
2025-04-23 14:00:00,104.084999,104.15,103.765,103.93,1295606,53.87233,103.98889,103.99378,0.20314485,0.23876825,-0.035623406,52.38100,69.33282,9.63111,21.26926,0.38737512,104.46945,103.90695,103.34446,2025-04-23,14:00
2025-04-23 14:05:00,103.93,104.010002,103.775,103.9265,1077780,53.79391,103.96517,103.98033,0.18490820,0.22799624,-0.043088044,51.96411,58.75173,9.66639,-3.17024,0.37649123,104.43870,103.93528,103.43186,2025-04-23,14:05
2025-04-23 14:10:00,103.925,104.15,103.78,103.96,1317845,54.47667,103.96517,103.97626,0.17118543,0.21663408,-0.045448652,51.94796,52.097688,9.13603,7.073824,0.37602777,104.35057,103.97278,103.59499,2025-04-23,14:10
2025-04-23 14:15:00,103.96,104.115,103.85,103.8948,1152715,52.84017,103.96792,103.95997,0.15328193,0.20396365,-0.050681717,45.24300,49.71836,8.64355,-7.65912,0.36809717,104.34124,103.98252,103.62380,2025-04-23,14:15
2025-04-23 14:20:00,103.8901,104.079803,103.73,103.855,1394096,51.81702,103.98070,103.93898,0.13433365,0.19003765,-0.055703997,40.97860,46.056523,8.65015,-48.46896,0.36679024,104.33686,103.98702,103.63718,2025-04-23,14:20
2025-04-23 14:25:00,103.855,103.89,103.6401,103.715,1234130,48.27537,103.94459,103.89418,0.10678862,0.17338784,-0.066599228,21.83084,36.017483,8.98793,-137.60408,0.35844099,104.29515,103.99802,103.70089,2025-04-23,14:25
2025-04-23 14:30:00,103.715,103.92,103.6399,103.715,1483274,48.27537,103.91792,103.85834,0.083990782,0.15550843,-0.071517650,22.79393,28.53446,9.15619,-132.43517,0.35284506,104.30821,103.98882,103.66943,2025-04-23,14:30
2025-04-23 14:35:00,103.73,103.81,103.6599,103.72,915323,48.42153,103.86626,103.83067,0.065571321,0.13752101,-0.071949689,23.52994,22.71824,9.31243,-133.24095,0.33836332,104.31040,103.97207,103.63374,2025-04-23,14:35
2025-04-23 14:40:00,103.73,103.76,103.31,103.32,1525834,38.94899,103.78181,103.72854,0.018483914,0.11371359,-0.095229676,1.075498,15.79979,10.69495,-228.95466,0.34633770,104.36293,103.93082,103.49871,2025-04-23,14:40
2025-04-23 14:45:00,103.3101,103.615,103.27,103.58,1551360,46.30231,103.74292,103.69883,0.0021223392,0.091395340,-0.089273001,31.95926,18.85490,12.098417,-182.94903,0.34624223,104.32695,103.89681,103.46668,2025-04-23,14:45
2025-04-23 14:50:00,103.5773,103.62,103.38,103.4599,1077493,43.68485,103.69108,103.65105,-0.020301525,0.069055967,-0.089357492,19.57763,17.53746,13.37226,-154.026782,0.33865390,104.31836,103.86306,103.40776,2025-04-23,14:50
2025-04-23 14:55:00,103.46,103.76,103.385,103.5,1393057,44.80672,103.63997,103.62084,-0.034439855,0.048356802,-0.082796658,23.71166,25.082848,13.74948,-112.15733,0.34125005,104.27872,103.82731,103.37590,2025-04-23,14:55
2025-04-23 15:00:00,103.49,103.6699,103.07,103.1499,1981817,37.73822,103.55720,103.52665,-0.073052436,0.024074955,-0.097127390,6.82930,16.70619,15.10953,-175.74892,0.35972499,104.29374,103.77780,103.26187,2025-04-23,15:00
2025-04-23 15:05:00,103.15,103.43,103.14,103.23,1346172,40.067800,103.48776,103.46732,-0.096082127,0.000043538589,-0.096125665,14.81513,15.11869,16.37244,-160.0071207,0.35474470,104.30188,103.74131,103.18073,2025-04-23,15:05
2025-04-23 15:10:00,103.23,103.3269,103.041603,103.1044,1259013,37.68663,103.41991,103.39474,-0.12304997,-0.024575163,-0.098474806,5.66561,9.10335,17.82947,-160.58039,0.34978391,104.32447,103.70303,103.081578,2025-04-23,15:10
2025-04-23 15:15:00,103.109,103.15,102.7601,102.82,2160866,32.91656,103.32047,103.27979,-0.16546360,-0.052752850,-0.11271075,4.30955,8.26343,19.87940,-182.44081,0.35264936,104.38737,103.65703,102.92668,2025-04-23,15:15
2025-04-23 15:20:00,102.82,102.88,102.435,102.455,2799186,28.015594,103.17991,103.11483,-0.22592466,-0.087387212,-0.13853745,1.19073,3.72196,22.39793,-206.24141,0.35924581,104.45409,103.57778,102.70146,2025-04-23,15:20
2025-04-23 15:25:00,102.455,102.68,102.32,102.42,2514848,27.59132,103.079912,102.97586,-0.27351211,-0.12461219,-0.14889992,5.68237,3.72755,24.92176,-191.16085,0.35929972,104.49299,103.50103,102.50906,2025-04-23,15:25
2025-04-23 15:30:00,102.42,102.7,102.302,102.575,2195831,32.46834,102.96824,102.89569,-0.29531421,-0.15875260,-0.13656161,16.87241,7.91517,27.14468,-155.68335,0.36206367,104.43837,103.42052,102.40268,2025-04-23,15:30
2025-04-23 15:35:00,102.575,102.58,102.019997,102.175,2696107,27.34899,102.82548,102.75155,-0.34093856,-0.19518979,-0.14574877,8.15823,10.23767,29.64799,-165.66701,0.37620235,104.43117,103.32528,102.21938,2025-04-23,15:35
2025-04-23 15:40:00,102.17,102.4294,102.089996,102.22,2131969,28.71076,102.68326,102.64524,-0.36920920,-0.22999367,-0.13921553,11.17343,12.068024,31.97249,-142.91166,0.37357370,104.40809,103.23978,102.071465,2025-04-23,15:40
2025-04-23 15:45:00,102.22,102.39,102.035004,102.365,1997968,33.064550,102.59604,102.58919,-0.37558437,-0.25911181,-0.11647256,19.82759,13.053085,34.21376,-120.61416,0.37224670,104.34462,103.16170,101.97878,2025-04-23,15:45
2025-04-23 15:50:00,102.37,102.84,102.36,102.78,3810508,43.66856,102.54604,102.62736,-0.34319351,-0.27592815,-0.067265357,43.67815,24.89306,33.81285,-61.47681,0.37994306,104.23718,103.10270,101.96822,2025-04-23,15:50
2025-04-23 15:55:00,102.78,102.87,102.45,102.535,7973985,39.67280,102.48278,102.60888,-0.33344878,-0.28743228,-0.046016507,29.59801,31.034584,33.30236,-59.19213,0.38280469,104.13359,103.034710,101.93583,2025-04-23,15:55
2025-04-24 09:30:00,103.475,103.84,103.11,103.62,14299158,58.0011912,102.57167,102.81111,-0.23546141,-0.27703810,0.041576694,87.91244,53.72953,32.12900,64.17514,0.44867526,104.091099,103.022960,101.95482,2025-04-24,09:30
2025-04-24 09:35:00,103.645,103.99,103.1793,103.8,4620115,60.16352,102.72111,103.0088873,-0.14164836,-0.24996015,0.10831180,90.35560,69.28868,31.36094,83.57396,0.47453413,104.10694,103.027211,101.94748,2025-04-24,09:35
2025-04-24 09:40:00,103.795,104.099998,103.66,103.9788,4143859,62.24296,102.89431,103.20287,-0.052271036,-0.21042233,0.15815130,94.17306,90.81370,30.87805,115.97812,0.47206703,104.15916,103.040401,101.92164,2025-04-24,09:40
2025-04-24 09:45:00,103.9748,104.49,103.9609,104.475,4719916,67.33850,103.10542,103.45730,0.057932563,-0.15675135,0.21468391,99.39274,94.64046,31.15877,157.19967,0.47614071,104.32922,103.078151,101.82708,2025-04-24,09:45
2025-04-24 09:50:00,104.48,104.6,104.07,104.325,3864803,64.50447,103.34431,103.63084,0.13164828,-0.099071426,0.23071971,89.34103,94.30228,31.60335,143.77955,0.47998772,104.49012,103.12840,101.76668,2025-04-24,09:50
2025-04-24 09:55:00,104.325,105.15,104.13,104.9487,5575754,70.13306,103.64750,103.89441,0.23765658,-0.031725825,0.26938240,93.56865,94.10081,32.80059,167.49238,0.51856033,104.76447,103.19684,101.62920,2025-04-24,09:55
2025-04-24 10:00:00,104.945,104.99,104.46,104.651,4148634,64.84736,103.90150,104.045727,0.29425511,0.033470362,0.26078475,84.057515,88.98907,33.91231,142.39396,0.51937736,104.94528,103.25639,101.56750,2025-04-24,10:00
2025-04-24 10:05:00,104.65,105.019997,104.595,104.9001,3413189,67.082896,104.13707,104.21660,0.35511656,0.097799602,0.25731696,92.015961,89.88071,34.98509,135.45511,0.51263579,105.15977,103.32640,101.49303,2025-04-24,10:05
2025-04-24 10:10:00,104.9,104.91,104.46,104.79,2606788,65.11192,104.38762,104.33128,0.38997023,0.15623373,0.23373650,88.49840,88.19063,35.44412,107.63127,0.50816213,105.34658,103.40840,101.47022,2025-04-24,10:10
2025-04-24 10:15:00,104.8,104.925,104.6294,104.88,2393093,65.99151,104.52762,104.44102,0.42001232,0.20898945,0.21102288,91.33212,90.61549,35.89550,100.80613,0.49297919,105.52954,103.49090,101.45226,2025-04-24,10:15
2025-04-24 10:20:00,104.875,105.37,104.875,105.3,3726908,69.81617,104.69429,104.61282,0.47226785,0.26164513,0.21062272,97.90106,92.57719,36.98425,112.73994,0.49312373,105.77613,103.60068,101.42524,2025-04-24,10:20
2025-04-24 10:25:00,105.305,105.385,105.080101,105.3687,2527194,70.40246,104.84872,104.76400,0.51330677,0.31197745,0.20132931,99.46102,96.23140,38.015516,106.33509,0.47967926,106.0020736,103.72812,101.45416,2025-04-24,10:25
2025-04-24 10:30:00,105.365,105.4299,105.175,105.295,2009189,68.85719,104.93983,104.87020,0.53373106,0.35632818,0.17740289,95.47297,97.61168,39.036904,97.53266,0.46362346,106.16295,103.87011,101.57728,2025-04-24,10:30
2025-04-24 10:35:00,105.3,105.59,105.21,105.325,3639691,69.15396,105.050944,104.96116,0.54604352,0.39427124,0.15177227,89.31452,94.74951,40.20992,94.16755,0.45765009,106.29033,104.015365,101.74040,2025-04-24,10:35
2025-04-24 10:40:00,105.3237,105.4345,104.97,105.025002,3273274,62.71710,105.059422,104.97393,0.52553605,0.42052420,0.10501184,76.56302,87.11684,40.23084,72.82487,0.45813940,106.35245,104.13787,101.92328,2025-04-24,10:40
2025-04-24 10:45:00,105.019997,105.135,104.7307,104.99,3115043,61.99204,105.097088,104.97714,0.50068762,0.43655689,0.064130729,68.91188,78.26314,39.31056,55.35149,0.45429405,106.32796,104.27861,102.22927,2025-04-24,10:45
2025-04-24 10:50:00,104.99,105.080002,104.73,104.94,2322304,60.90893,105.10152,104.96971,0.47152539,0.44355059,0.027974802,60.10097,68.52529,38.45336,48.56027,0.44684437,106.24921,104.41461,102.58002,2025-04-24,10:50
2025-04-24 10:55:00,104.945,105.040001,104.83,104.85,1627161,58.91336,105.10819,104.94577,0.43612418,0.44206531,-0.0059411267,51.31582,60.10956,37.65739,42.69466,0.42992685,106.12054,104.53886,102.95719,2025-04-24,10:55
2025-04-24 11:00:00,104.85,105.15,104.76,105.15,2052058,63.23696,105.13819,104.98662,0.42734998,0.43912224,-0.011772261,69.86335,60.42671,37.18307,51.14565,0.42707489,106.036318,104.65737,103.27841,2025-04-24,11:00
2025-04-24 11:05:00,105.1499,105.52,105.11,105.47,2806714,67.20162,105.15708,105.083293,0.44113256,0.43952431,0.0016082572,89.38094,70.18670,37.51097,100.43489,0.42585497,105.82713,104.80412,103.78110,2025-04-24,11:05
2025-04-24 11:10:00,105.465,105.97,105.46,105.9197,4109180,71.80361,105.21830,105.25057,0.48277719,0.44817488,0.034602306,96.66892,85.30440,38.52082,164.25977,0.43186539,105.90000,104.91910,103.93820,2025-04-24,11:10
2025-04-24 11:15:00,105.92,105.98,105.64,105.67,2336168,66.24541,105.25997,105.33446,0.48998372,0.45653665,0.033447074,79.60498,88.55161,39.47250,151.46206,0.42530386,105.90113,105.012600,104.12407,2025-04-24,11:15
2025-04-24 11:20:00,105.665,105.74,105.43,105.52,2324924,63.086191,105.28163,105.37157,0.47808008,0.46084534,0.017234741,65.94060,80.73816,39.44773,103.58003,0.41706770,105.86649,105.089660,104.31283,2025-04-24,11:20
2025-04-24 11:25:00,105.54,105.61,105.23,105.345,2185928,59.52002,105.31719,105.36625,0.44934590,0.45854545,-0.0091995459,49.19983,64.91513,38.63853,62.38740,0.41441981,105.86349,105.13316,104.40283,2025-04-24,11:25
2025-04-24 11:30:00,105.35,105.54,105.1316,105.53,2648193,61.96764,105.37719,105.39900,0.43647026,0.45413041,-0.017660149,63.99963,59.71335,37.51895,57.20428,0.41398993,105.84128,105.19341,104.54554,2025-04-24,11:30
2025-04-24 11:35:00,105.53,105.53,105.28,105.355,1512664,58.37217,105.42330,105.39020,0.40744874,0.44479408,-0.037345336,50,54.39982,36.47934,48.71882,0.40227636,105.85507,105.21372,104.57238,2025-04-24,11:35
2025-04-24 11:40:00,105.35,105.43,105.22,105.295,1647894,57.14773,105.47274,105.37116,0.37528105,0.43089147,-0.055610420,45.19958,53.066406,35.27102,25.10716,0.38854227,105.83343,105.24592,104.65842,2025-04-24,11:40
2025-04-24 11:45:00,105.295,105.55,105.24,105.49,2128178,60.078413,105.51052,105.39493,0.36135727,0.41698463,-0.055627360,60.79956,51.99972,34.47211,50.0024511,0.38293248,105.84960,105.27542,104.70124,2025-04-24,11:45
2025-04-24 11:50:00,105.489,105.74,105.3604,105.715,1780203,63.20529,105.53774,105.45894,0.36427889,0.40644348,-0.042164593,78.79944,61.59953,34.20468,96.41952,0.38269448,105.88082,105.32167,104.76252,2025-04-24,11:50
2025-04-24 11:55:00,105.715,105.73,105.25,105.2987,2019732,54.67266,105.46874,105.42689,0.32920763,0.39099631,-0.061788681,45.49561,61.69820,33.47166,35.13185,0.38964512,105.86412,105.34260,104.82108,2025-04-24,11:55
2025-04-24 12:00:00,105.3,105.4286,105.275,105.32,1421520,55.0073654,105.42985,105.40551,0.29967774,0.37273260,-0.073054856,45.90139,56.73215,32.79100,2.87030,0.37278439,105.86487,105.34360,104.82234,2025-04-24,12:00
2025-04-24 12:05:00,105.33,105.3607,105.037903,105.135,1748052,51.45384,105.38708,105.35141,0.25836902,0.34985988,-0.091490864,30.73767,40.71156,31.14540,-52.91700,0.36921406,105.86083,105.33192,104.80301,2025-04-24,12:05
2025-04-24 12:10:00,105.135,105.43,105.135,105.425,1614075,56.22756,105.39597,105.36613,0.24619424,0.32912675,-0.082932519,41.089057,39.24271,29.84155,0.072792876,0.36391292,105.86855,105.33842,104.80829,2025-04-24,12:10
2025-04-24 12:15:00,105.425,105.64,105.37,105.545,1864261,58.065065,105.39763,105.40190,0.24342221,0.31198585,-0.068563633,53.82603,41.88425,29.26511,62.50576,0.35720462,105.88706,105.34942,104.81178,2025-04-24,12:15
2025-04-24 12:20:00,105.55,105.65,105.435,105.44,1305029,55.85560,105.40708,105.40952,0.23010063,0.29560880,-0.065508171,42.68118,45.86542,28.75892,54.22383,0.34704743,105.88778,105.37017,104.85256,2025-04-24,12:20
2025-04-24 12:25:00,105.445,105.88,105.34,105.7489,2332296,60.60503,105.45751,105.47740,0.24168278,0.28482360,-0.043140822,84.43216,60.31312,28.92319,101.18793,0.36082982,105.91992,105.40812,104.89631,2025-04-24,12:25
2025-04-24 12:30:00,105.74,105.99,105.7,105.9601,1842568,63.49673,105.50974,105.57394,0.26485050,0.28082898,-0.015978477,96.85960,74.65765,29.34909,167.34467,0.35577061,105.97744,105.45912,104.94080,2025-04-24,12:30
2025-04-24 12:35:00,105.97,106.22,105.95,106.125,3293398,65.61879,105.55530,105.68415,0.29313817,0.28329082,0.0098473515,91.96334,91.085034,30.26135,211.13323,0.34964444,106.039464,105.52287,105.0062760,2025-04-24,12:35
2025-04-24 12:40:00,106.12,106.14,105.73,105.84,2094077,59.21195,105.61544,105.71532,0.28922493,0.28447764,0.0047472901,67.85336,85.55877,30.065924,125.53206,0.35395527,106.061766,105.55737,105.052973,2025-04-24,12:40
2025-04-24 12:45:00,105.84,105.9,105.67,105.805,2649522,58.45719,105.66933,105.73326,0.28007128,0.28359637,-0.0035250838,64.89286,74.90319,29.61772,76.94519,0.34510156,106.087959,105.57412,105.060280,2025-04-24,12:45
2025-04-24 12:50:00,105.81,105.99,105.8,105.875,1560911,59.56737,105.75156,105.76161,0.27529195,0.28193548,-0.0066435337,70.81451,67.85358,29.44736,104.47304,0.33402251,106.080050,105.57188,105.063719,2025-04-24,12:50
2025-04-24 12:55:00,105.875,106.27,105.875,106.15,2411196,63.67443,105.83211,105.83928,0.29034767,0.28361792,0.0067297502,90.26088,75.32275,29.97229,152.64450,0.33837781,106.16232,105.59588,105.029452,2025-04-24,12:55
2025-04-24 13:00:00,106.155,106.24,105.94,106.2324,2266946,64.82727,105.90849,105.91791,0.30540768,0.28797587,0.017431804,96.94847,86.0079539,30.45972,137.19861,0.33563621,106.26051,105.63150,105.0024980,2025-04-24,13:00
2025-04-24 13:05:00,106.235,106.3289,106.029999,106.084999,2062707,61.092108,105.98016,105.95133,0.30196800,0.29077430,0.011193701,81.10736,89.43890,31.12075,120.82230,0.33301251,106.31262,105.66850,105.024387,2025-04-24,13:05
2025-04-24 13:10:00,106.084702,106.37,106.084702,106.2682,1550137,63.87790,106.037855,106.014701,0.31044648,0.29470874,0.015737746,92.35800,90.13794,31.83130,123.89477,0.32960456,106.39645,105.70541,105.014380,2025-04-24,13:10
2025-04-24 13:15:00,106.2688,106.2781,105.91,106.025002,1754911,57.94654,106.045067,106.016761,0.29415057,0.29459710,-0.00044653324,72.064692,81.84335,31.55148,76.73085,0.33235390,106.42368,105.73891,105.054145,2025-04-24,13:15
2025-04-24 13:20:00,106.040001,106.3,106.0,106.2852,1385275,62.010865,106.062867,106.070449,0.29878771,0.29543522,0.0033524845,91.76697,85.39656,31.35567,95.19938,0.33004313,106.48080,105.78843,105.096053,2025-04-24,13:20
2025-04-24 13:25:00,106.285,106.38,106.23,106.295,1413144,62.15914,106.11342,106.11536,0.29979726,0.29630763,0.0034896328,91.82702,85.21956,31.41094,108.29976,0.31718247,106.54030,105.82868,105.11705,2025-04-24,13:25
2025-04-24 13:30:00,106.2983,106.46,106.066002,106.084999,1781898,57.021049,106.14453,106.10929,0.28041967,0.29313004,-0.012710369,66.51794,83.37064,30.58138,79.017144,0.32266923,106.56523,105.84718,105.12912,2025-04-24,13:30
2025-04-24 13:35:00,106.089996,106.18,106.0,106.095001,1343597,57.20251,106.16898,106.10643,0.26284002,0.28707204,-0.024232015,53.79779,70.71425,29.47840,50.022573,0.31247860,106.56624,105.88699,105.20775,2025-04-24,13:35
2025-04-24 13:40:00,106.099998,106.17,105.86,106.028397,1479721,55.52147,106.15547,106.090823,0.24075827,0.27780928,-0.037051009,45.36684,55.22752,27.78338,27.67436,0.31230138,106.55174,105.92241,105.29308,2025-04-24,13:40
2025-04-24 13:45:00,106.029602,106.185,105.94,106.16,1333830,58.13922,106.14742,106.10466,0.23121264,0.26848996,-0.037277311,62.025940,53.73019,26.27219,41.34969,0.30749379,106.49600,105.97366,105.45132,2025-04-24,13:45
2025-04-24 13:50:00,106.16,106.3,106.099998,106.2999,1211746,60.78145,106.17130,106.14371,0.23225850,0.26124366,-0.028985168,79.73384,62.37554,25.34570,81.26538,0.29981599,106.49308,106.017405,105.54173,2025-04-24,13:50
2025-04-24 13:55:00,106.295,106.38,106.22,106.26,1358767,59.62562,106.17039,106.16697,0.22724864,0.25444466,-0.027196020,69.69725,70.48568,24.80013,98.77094,0.28982885,106.48708,106.053155,105.61923,2025-04-24,13:55
2025-04-24 14:00:00,106.255,106.405,106.195,106.22,1387851,58.42591,106.19206,106.17757,0.21754285,0.24706430,-0.029521445,60.00025431,69.81045,24.39239,94.88425,0.28412672,106.42769,106.092155,105.75662,2025-04-24,14:00
2025-04-24 14:05:00,106.23,106.45,106.17,106.2901,1727779,59.94683,106.19260,106.20008,0.21305142,0.24026172,-0.027210305,71.68343,67.12698,24.19622,106.40374,0.28383187,106.42569,106.11922,105.81274,2025-04-24,14:05
2025-04-24 14:10:00,106.295,106.345,106.205,106.28,945678,59.60842,106.19093,106.21606,0.20629874,0.23346913,-0.027170381,69.99987,67.22785,24.014066,84.19679,0.27355812,106.44019,106.13521,105.83023,2025-04-24,14:10
2025-04-24 14:15:00,106.28,106.3854,106.089996,106.225,1638659,57.69852,106.20649,106.21785,0.19426972,0.22562924,-0.031359525,60.83313,67.50548,23.10141,53.91895,0.27511844,106.44762,106.14021,105.83280,2025-04-24,14:15
2025-04-24 14:20:00,106.225,106.38,106.099998,106.36,1272328,61.0015368,106.23593,106.24628,0.19340077,0.21918355,-0.025782779,83.33355,71.38885,22.25393,74.67022,0.27546703,106.45506,106.16621,105.87736,2025-04-24,14:20
2025-04-24 14:25:00,106.3614,106.4398,106.315,106.3347,1222237,60.055180,106.26997,106.26396,0.18849781,0.21304640,-0.024548590,79.11702,74.42790,21.77811,123.99997,0.26470467,106.43808,106.19270,105.94732,2025-04-24,14:25
2025-04-24 14:30:00,106.33,106.44,106.28,106.3801,1153855,61.21779,106.29442,106.28719,0.18612959,0.20766304,-0.021533453,86.68286,83.044475,21.088541,123.77904,0.25722603,106.42890,106.21795,106.0070045,2025-04-24,14:30
2025-04-24 14:35:00,106.3899,106.5,106.33,106.485,1324775,63.83721,106.31499,106.32675,0.19052143,0.20423472,-0.013713289,97.65634,87.81874,20.77762,162.66412,0.25099547,106.47285,106.23470,105.99655,2025-04-24,14:35
2025-04-24 14:40:00,106.485,106.49,106.3,106.3353,1345230,57.83403,106.32335,106.32846,0.17984895,0.19935756,-0.019508616,74.26507,86.20143,20.25977,103.91300,0.24663828,106.48199,106.23984,105.99770,2025-04-24,14:40
2025-04-24 14:45:00,106.34,106.42,106.25,106.395,1221693,59.47085,106.34280,106.34177,0.17420015,0.19432608,-0.020125930,83.59321,85.17154,19.39769,80.50458,0.24116398,106.49553,106.25534,106.015156,2025-04-24,14:45
2025-04-24 14:50:00,106.385,106.45,106.32,106.3847,1070302,59.044998,106.35331,106.35035,0.16696764,0.18885439,-0.021886752,79.41008,79.089455,18.79050,92.77307,0.23322350,106.50788,106.26117,106.014455,2025-04-24,14:50
2025-04-24 14:55:00,106.39,106.39,106.14,106.1683,1319323,50.81235,106.34090,106.31394,0.14213569,0.17951065,-0.037374962,19.097507,60.70027,17.93738,-26.60693,0.23442182,106.49468,106.26833,106.041987,2025-04-24,14:55
2025-04-24 15:00:00,106.16,106.22,105.85,105.93,1943495,43.60269,106.30812,106.23715,0.10205127,0.16401877,-0.061967506,12.30795,36.93851,18.59101,-182.060463,0.24410618,106.52040,106.25057,105.98074,2025-04-24,15:00
2025-04-24 15:05:00,105.9299,106.036201,105.81,105.85,1632350,41.47504,106.25145,106.15972,0.063101207,0.14383526,-0.080734055,5.79721,12.40089,19.36080,-201.93432,0.24282744,106.54852,106.22832,105.90813,2025-04-24,15:05
2025-04-24 15:10:00,105.845,105.8955,105.5101,105.73,2300093,38.44484,106.18427,106.073779,0.022293414,0.11952689,-0.097233478,22.21460,13.43992,21.092538,-229.61463,0.25301112,106.59375,106.21057,105.82740,2025-04-24,15:10
2025-04-24 15:15:00,105.725,106.019997,105.71,105.965,2068388,46.66325,106.13814,106.052023,0.0088133191,0.097384177,-0.088570858,45.95369,24.65517,21.85265,-127.47949,0.25708158,106.59910,106.20407,105.80905,2025-04-24,15:15
2025-04-24 15:20:00,105.965,106.059998,105.86,105.8902,1571085,44.62110,106.072054,106.019658,-0.0078152839,0.076344285,-0.084159569,38.39751,35.52193,22.29680,-105.71731,0.25300410,106.60873,106.19716,105.78560,2025-04-24,15:20
2025-04-24 15:25:00,105.895,105.99,105.69,105.725,1439712,40.41435,106.0042428,105.96073,-0.033932619,0.054288904,-0.088221523,21.70901,35.35340,23.28930,-137.41006,0.25636063,106.63563,106.17541,105.71519,2025-04-24,15:25
2025-04-24 15:30:00,105.725,105.94,105.67,105.865,1605662,45.13503,105.94535,105.94158,-0.042840179,0.034863088,-0.077703267,35.85181,31.98611,24.27519,-108.96911,0.25733517,106.62915,106.15367,105.67819,2025-04-24,15:30
2025-04-24 15:35:00,105.865,106.089996,105.84,106.049896,1722874,50.69124,105.90815,105.96324,-0.034581102,0.020974250,-0.055555351,54.53032,37.36371,24.18936,-48.61033,0.25681123,106.61807,106.14316,105.66826,2025-04-24,15:35
2025-04-24 15:40:00,106.044998,106.18,105.9701,106.074997,1742194,51.41063,105.89779,105.98559,-0.025713892,0.011636621,-0.037350514,57.066005,49.14938,23.56477,-19.86213,0.25346042,106.61033,106.13591,105.66149,2025-04-24,15:40
2025-04-24 15:45:00,106.074997,106.3,105.98,106.2875,2218813,57.11496,105.93751,106.045975,-0.0015219239,0.0090049123,-0.010526836,79.33462,63.64365,22.31088,18.69870,0.25821323,106.61003,106.13578,105.66153,2025-04-24,15:45
2025-04-24 15:50:00,106.29,106.54,106.135,106.36,4372143,58.88834,105.99418,106.10878,0.023232887,0.011850507,0.011382380,82.52254,72.97439,21.42128,67.36123,0.26869791,106.62014,106.13978,105.65942,2025-04-24,15:50
2025-04-24 15:55:00,106.36,106.48,106.17,106.38,7336510,59.38717,106.066398,106.16302,0.043958094,0.018272025,0.025686070,84.46415,82.10710,20.59522,63.54842,0.27164843,106.63804,106.14753,105.65703,2025-04-24,15:55
2025-04-25 09:30:00,106.86,107.27,105.73,107.25,16314115,74.10728,106.20918,106.38042,0.12909677,0.040436974,0.088659799,98.86376,88.61682,22.16944,167.093052,0.36224449,106.87521,106.19203,105.50886,2025-04-25,09:30
2025-04-25 09:35:00,107.24,107.72,106.92,107.315,5842561,74.84101,106.36749,106.56734,0.19951506,0.072252591,0.12726247,81.67343,88.33378,24.37852,264.38274,0.39351296,107.080847,106.24105,105.40125,2025-04-25,09:35
2025-04-25 09:40:00,107.31,107.56,106.92,107.014999,3578361,65.60145,106.51082,106.65687,0.22848054,0.10349818,0.12498236,68.098020,82.87840,26.42981,189.75390,0.41111913,107.17676,106.27279,105.36882,2025-04-25,09:40
2025-04-25 09:45:00,107.014999,107.21,106.61,106.87,3307678,61.64054,106.62249,106.69950,0.23700384,0.13019931,0.10680452,61.53679,70.43608,26.94383,119.81538,0.42461051,107.22906,106.29204,105.35502,2025-04-25,09:45
2025-04-25 09:50:00,106.86,106.91,106.35,106.6065,3528102,55.12642,106.68433,106.68090,0.21996047,0.14815154,0.071808929,45.68289,58.43923,26.43768,62.10839,0.43428156,107.25253,106.30560,105.35868,2025-04-25,09:50
2025-04-25 09:55:00,106.61,107.049301,106.54,106.86,2844660,59.55471,106.77156,106.71672,0.22432311,0.16338586,0.060937254,58.048813,55.089496,26.28890,87.65953,0.43964004,107.30578,106.32885,105.35193,2025-04-25,09:55
2025-04-25 10:00:00,106.9,107.44,106.77,107.13,3863158,63.66721,106.86517,106.79937,0.24672294,0.18005327,0.066669664,71.21936,58.31702,26.93382,120.11144,0.45609474,107.40370,106.36612,105.32854,2025-04-25,10:00
2025-04-25 10:05:00,107.13,107.82,107.059998,107.77,3982906,71.15445,107.021833,106.99350,0.31251508,0.20654564,0.10596945,97.67428,75.64748,28.14158,153.76017,0.47780241,107.64506,106.44620,105.24734,2025-04-25,10:05
2025-04-25 10:10:00,107.76,108.099998,107.53,108.040001,4447467,73.62395,107.20628,107.20280,0.38203901,0.24164431,0.14039470,97.46845,88.78736,29.64286,165.85985,0.48438793,107.91093,106.55170,105.19248,2025-04-25,10:10
2025-04-25 10:15:00,108.040001,108.07,107.71,107.855,3132469,69.24947,107.27350,107.33324,0.41739797,0.27679504,0.14060293,89.66263,94.93512,31.036902,142.79011,0.47550312,108.083222,106.65195,105.22069,2025-04-25,10:15
2025-04-25 10:20:00,107.87,107.99,107.17,107.461,3458364,60.94409,107.28972,107.35879,0.40891360,0.30321875,0.10569484,73.037922,86.72300,30.46943,94.53499,0.50011002,108.14544,106.73850,105.33157,2025-04-25,10:20
2025-04-25 10:25:00,107.47,107.58,107.21,107.541,2219582,61.94218,107.34817,107.39523,0.40398823,0.32337265,0.080615579,76.41353,79.70470,29.94248,76.038938,0.49081664,108.21865,106.81730,105.41596,2025-04-25,10:25
2025-04-25 10:30:00,107.56,107.97,107.31,107.89,2582521,66.021575,107.46150,107.49419,0.42336584,0.34337129,0.079994555,91.13926,80.19691,30.15463,97.44692,0.50290143,108.32513,106.91729,105.50945,2025-04-25,10:30
2025-04-25 10:35:00,107.885,108.35,107.73,108.315,2896366,70.20936,107.65133,107.65835,0.46762643,0.36822232,0.099404114,98.66427,88.73902,30.91781,129.0046995,0.51126526,108.46853,107.046795,105.62506,2025-04-25,10:35
2025-04-25 10:40:00,108.32,108.49,108.2,108.35,2719957,70.53143,107.81689,107.79668,0.49976616,0.39453108,0.10523507,93.45797,94.42050,31.81571,139.45528,0.49546067,108.59228,107.17104,105.74980,2025-04-25,10:40
2025-04-25 10:45:00,108.35,108.505,108.24,108.3698,3103131,70.72426,107.95464,107.91130,0.52083087,0.41979104,0.10103983,93.72619,95.28281,32.67022,128.65402,0.47899915,108.70200,107.28704,105.87208,2025-04-25,10:45
2025-04-25 10:50:00,108.3501,108.3501,107.9501,108.1625,2331452,65.86446,107.99826,107.96154,0.51486254,0.43880534,0.076057204,84.10678,90.43031,32.47115,95.87238,0.47476299,108.73975,107.39141,106.043079,2025-04-25,10:50
2025-04-25 10:55:00,108.1657,108.2,107.82,108.090103,1952732,64.20519,108.0038223,107.98725,0.49854400,0.45075307,0.047790931,80.74736,86.19344,31.87228,75.54091,0.46799401,108.76194,107.48154,106.20115,2025-04-25,10:55
2025-04-25 11:00:00,108.099998,108.15,107.89,108.115,1766244,64.53604,108.032711,108.012803,0.48206331,0.45701512,0.025048192,80.15267,81.66893,31.31618,71.23674,0.45313745,108.76817,107.56929,106.37042,2025-04-25,11:00
2025-04-25 11:05:00,108.12,108.25,108.035004,108.235,1456411,66.15979,108.11871,108.057242,0.47323036,0.46025817,0.012972192,84.43824,81.77942,31.0072569,80.30264,0.43612737,108.76143,107.66204,106.56266,2025-04-25,11:05
2025-04-25 11:10:00,108.2465,108.49,108.19,108.46,1752415,69.023540,108.22082,108.13779,0.47886561,0.46397966,0.014885956,96.88594,87.15895,31.18966,100.21232,0.42640366,108.85718,107.72254,106.58791,2025-04-25,11:10
2025-04-25 11:15:00,108.455,108.6986,108.28,108.59,2505758,70.57302,108.29860,108.22823,0.48819369,0.46882247,0.019371227,92.89518,91.40645,31.72772,108.84207,0.42584640,108.96460,107.78629,106.60799,2025-04-25,11:15
2025-04-25 11:20:00,108.59,108.9659,108.59,108.94,2313303,74.30044,108.36804,108.37059,0.51785927,0.47862983,0.039229443,98.55815,96.11309,32.65113,137.62030,0.42227882,109.10671,107.88254,106.65838,2025-04-25,11:20
2025-04-25 11:25:00,108.94,108.98,108.64,108.66,2231243,66.99010,108.40249,108.42847,0.51286392,0.48547664,0.027387271,82.32051,91.25795,33.53021,120.23576,0.41640204,109.14779,107.97204,106.79630,2025-04-25,11:25
2025-04-25 11:30:00,108.66,108.919,108.6,108.905,1581267,69.79083,108.46196,108.52378,0.52264934,0.49291118,0.029738160,95.76246,92.21371,34.17631,122.51245,0.40944477,109.15031,108.086970,107.023632,2025-04-25,11:30
2025-04-25 11:35:00,108.9,109.080002,108.83,108.965,2575760,70.45200,108.55112,108.61202,0.52914600,0.50015815,0.028987854,93.50253,90.52850,35.049069,138.40560,0.39805586,109.16148,108.19222,107.22296,2025-04-25,11:35
2025-04-25 11:40:00,108.965,109.32,108.9601,109.07,2992503,71.62259,108.66000,108.70362,0.53658216,0.50744295,0.029139209,84.27669,91.18056,36.22887,147.39289,0.39533054,109.20041,108.28922,107.37803,2025-04-25,11:40
2025-04-25 11:45:00,109.080002,109.16,108.9,108.99,2396936,69.36775,108.75722,108.76089,0.52991140,0.51193664,0.017974759,77.99988,85.25970,37.049903,117.0014481,0.38566423,109.27741,108.35022,107.42303,2025-04-25,11:45
2025-04-25 11:50:00,108.99,109.28,108.97,109.17,2498733,71.53883,108.86111,108.84271,0.53300514,0.51615034,0.016854802,89.99990,84.092157,38.0053485,121.95245,0.38025947,109.38758,108.40672,107.42586,2025-04-25,11:50
2025-04-25 11:55:00,109.17,109.22,109.019997,109.019997,1404132,67.26060,108.92333,108.87817,0.51738895,0.51639806,0.00099088658,79.99980,82.66652,38.89255,100.13525,0.36738412,109.44622,108.46497,107.48372,2025-04-25,11:55
2025-04-25 12:00:00,109.025002,109.095001,108.675,108.7776,2304349,60.92049,108.94418,108.85806,0.47992164,0.50910278,-0.029181141,63.84023,77.94664,38.13639,57.028154,0.37114226,109.40457,108.53080,107.65703,2025-04-25,12:00
2025-04-25 12:05:00,108.79,108.895,108.57,108.6181,2023585,57.10596,108.90841,108.81007,0.43237405,0.49375703,-0.061382978,50.91633,64.91878,37.012830,24.72572,0.36784617,109.33128,108.58465,107.83803,2025-04-25,12:05
2025-04-25 12:10:00,108.6178,108.91,108.48,108.8883,2062381,61.50341,108.93378,108.82571,0.41174835,0.47735530,-0.065606942,66.40444,60.38700,35.61355,30.13585,0.37228575,109.31971,108.63457,107.94943,2025-04-25,12:10
2025-04-25 12:15:00,108.8885,109.225,108.792,109.13,1691945,64.96365,108.95878,108.88657,0.41017718,0.46391967,-0.053742495,83.18558,66.83545,35.098970,81.85517,0.37662239,109.37635,108.67532,107.97429,2025-04-25,12:15
2025-04-25 12:20:00,109.12,109.4,109.089996,109.385,1590650,68.21025,109.0054440,108.98626,0.42461408,0.45605856,-0.031444470,98.66077,82.75026,34.99819,121.34555,0.37186401,109.47560,108.72707,107.97854,2025-04-25,12:20
2025-04-25 12:25:00,109.38,109.52,109.35,109.475,2044155,69.29175,109.050444,109.084004,0.43826534,0.45249991,-0.014234572,95.67323,92.50653,35.14919,140.53797,0.35744503,109.57884,108.78233,107.98582,2025-04-25,12:25
2025-04-25 12:30:00,109.47,109.85,109.32,109.835,3452427,73.21695,109.14433,109.23420,0.47268429,0.45653679,0.016147502,98.90515,97.74638,35.88523,168.75563,0.36977029,109.73270,108.86595,107.99921,2025-04-25,12:30
2025-04-25 12:35:00,109.84,110.28,109.84,110.26,5415159,76.96102,109.26544,109.43936,0.52816736,0.47086290,0.057304461,98.88907,97.82248,37.18009,224.37524,0.37514382,109.96057,108.97445,107.98832,2025-04-25,12:35
2025-04-25 12:40:00,110.255,110.67,110.25,110.405,4476395,78.086519,109.41933,109.63249,0.57718469,0.49212726,0.085057431,87.89954,95.23126,38.81901,238.62849,0.37834770,110.17595,109.088950,108.0019521,2025-04-25,12:40
2025-04-25 12:45:00,110.405,110.4499,110.12,110.28,2694367,74.69861,109.58627,109.76199,0.59903947,0.51350970,0.085529766,82.19177,89.66013,39.82006,174.30276,0.37488680,110.32152,109.19120,108.060882,2025-04-25,12:45
2025-04-25 12:50:00,110.28,110.47,110.17,110.42,1911300,75.95681,109.78648,109.89359,0.62050354,0.53490847,0.085595068,88.58445,86.22525,40.77496,152.091137,0.36953796,110.48681,109.28920,108.091594,2025-04-25,12:50
2025-04-25 12:55:00,110.425,111.019897,110.36,110.97,3124738,80.13602,110.017777,110.10887,0.67412374,0.56275152,0.11137222,98.035499,89.60390,42.26844,171.16789,0.39027788,110.76645,109.40820,108.049944,2025-04-25,12:55
2025-04-25 13:00:00,110.972,110.972,110.5448,110.8,2555194,75.75307,110.20333,110.24710,0.69489044,0.58917931,0.10571113,91.34238,92.65411,43.65525,141.44236,0.39291520,110.96880,109.50120,108.033602,2025-04-25,13:00
2025-04-25 13:05:00,110.795,111.145,110.79,111.014999,3140871,77.43405,110.38444,110.40068,0.72039237,0.61542192,0.10497045,95.12204,94.83331,45.11296,138.24558,0.39020666,111.17303,109.61895,108.064865,2025-04-25,13:05
2025-04-25 13:10:00,111.019897,111.305,110.9,111.2699,2646911,79.26909,110.58388,110.57452,0.75249666,0.64283687,0.10965980,98.75742,95.073947,46.61607,133.086445,0.39126324,111.41124,109.73719,108.063148,2025-04-25,13:10
2025-04-25 13:15:00,111.265,111.51,111.135,111.49,3481727,80.72653,110.76777,110.75762,0.78663201,0.67159590,0.11503611,99.33979,97.73975,48.19167,131.49952,0.39010158,111.66174,109.86344,108.065145,2025-04-25,13:15
2025-04-25 13:20:00,111.4825,111.7999,111.4701,111.58,3543347,81.30531,110.91443,110.92210,0.81159156,0.69959503,0.11199653,92.68943,96.92888,49.88242,131.93436,0.38579403,111.89532,109.98894,108.082565,2025-04-25,13:20
2025-04-25 13:25:00,111.575,111.92,111.45,111.87,3408677,83.069514,111.077211,111.11168,0.84503184,0.72868239,0.11634945,98.23338,96.75420,51.53970,126.91197,0.39180883,112.14775,110.13294,108.11814,2025-04-25,13:25
2025-04-25 13:30:00,111.8599,111.8995,111.27,111.5201,3708994,73.99617,111.21500,111.19336,0.83368929,0.74968377,0.084005523,84.61943,91.84741,52.26871,102.47822,0.40878687,112.30072,110.25045,108.20018,2025-04-25,13:30
2025-04-25 13:35:00,111.525,111.66,110.62,110.685,4125490,57.77598,111.24444,111.091689,0.74868382,0.74948378,-0.00079996066,52.49995,78.45092,50.59999,54.098623,0.45387358,112.31128,110.33370,108.35612,2025-04-25,13:35
2025-04-25 13:40:00,110.68,111.099998,110.5,110.73,3972204,58.30641,111.21778,111.019352,0.67714229,0.73501548,-0.057873195,42.78876,59.96938,48.69320,32.38998,0.46431108,112.28060,110.43132,108.58204,2025-04-25,13:40
2025-04-25 13:45:00,110.73,110.77,110.1209,110.37,3777193,52.61290,111.17000,110.88948,0.58465651,0.70494369,-0.12028718,13.88892,36.39254,45.89057,-5.75979,0.47750983,112.17190,110.51892,108.86593,2025-04-25,13:45
2025-04-25 13:50:00,110.3697,110.42,109.95,110.098198,2963393,48.74288,111.068134,110.73123,0.48385096,0.66072514,-0.17687419,7.52289,21.40019,42.86922,-41.95498,0.47697350,112.069823,110.57941,109.088998,2025-04-25,13:50
2025-04-25 13:55:00,110.095001,110.37,109.8212,110.3687,3436834,52.48843,110.96800,110.65872,0.42093664,0.61276744,-0.19183080,26.086356,15.83272,39.85895,-49.22523,0.48210434,111.98101,110.64135,109.30168,2025-04-25,13:55
2025-04-25 14:00:00,110.36,110.55,110.15,110.455,2548516,53.65212,110.85300,110.61798,0.37373242,0.56496044,-0.19122802,30.19840,21.26922,37.38468,-35.84484,0.47623985,111.90914,110.69485,109.48055,2025-04-25,14:00
2025-04-25 14:05:00,110.4509,110.64,110.37,110.615,1552136,55.81285,110.74578,110.61738,0.34525321,0.52101899,-0.17576578,37.82162,31.36879,35.29566,-25.32708,0.46150819,111.83129,110.75185,109.67240,2025-04-25,14:05
2025-04-25 14:10:00,110.62,110.73,110.4501,110.479,1810622,53.52844,110.59122,110.58970,0.30815681,0.47844655,-0.17028975,31.34165,33.12056,33.56652,-33.28799,0.44853615,111.78795,110.78405,109.78014,2025-04-25,14:10
2025-04-25 14:15:00,110.475,110.68,110.41,110.63,1406709,55.69663,110.49232,110.59776,0.28762658,0.44028256,-0.15265598,38.53628,35.89985,31.84051,-35.36654,0.43578333,111.78044,110.80254,109.82465,2025-04-25,14:15
2025-04-25 14:20:00,110.63,110.9679,110.5201,110.9,2130249,59.34885,110.51621,110.65821,0.28980264,0.41018658,-0.12038393,51.40098,40.42630,30.91718,-0.83289524,0.43664164,111.78860,110.82729,109.86599,2025-04-25,14:20
2025-04-25 14:25:00,110.905,111.089996,110.75,110.835,2470468,58.10693,110.52788,110.69357,0.28301956,0.38475317,-0.10173361,48.30385,46.080370,30.32481,10.96227,0.42973840,111.78302,110.85504,109.92707,2025-04-25,14:25
2025-04-25 14:30:00,110.84,111.050003,110.83,110.97,1758196,59.98000,110.59454,110.74885,0.28524929,0.36485240,-0.079603104,54.73620,51.48034,29.77474,16.81497,0.41475718,111.78968,110.88255,109.97541,2025-04-25,14:30
2025-04-25 14:35:00,110.975,111.355,110.89,111.3452,2657635,64.70334,110.73310,110.86812,0.31367588,0.35461709,-0.040941212,73.32925,58.78977,29.91084,57.44212,0.41834623,111.83016,110.90131,109.97245,2025-04-25,14:35
2025-04-25 14:40:00,111.345,111.44,111.23,111.249,2123549,62.66129,110.83091,110.94430,0.32469878,0.34863343,-0.023934656,77.64837,68.57127,30.20283,69.74170,0.40346429,111.86337,110.92375,109.98414,2025-04-25,14:40
2025-04-25 14:45:00,111.25,111.315,111.010002,111.265,2092863,62.87116,110.92091,111.0084391,0.33091093,0.34508893,-0.014177997,89.18937,80.055662,29.64684,47.32424,0.39643115,111.88698,110.93625,109.98553,2025-04-25,14:45
2025-04-25 14:50:00,111.25,111.35,110.9043,111.335,2693244,63.82912,111.00091044,111.073751,0.33759097,0.34358934,-0.0059983714,93.51353,86.78376,28.75631,46.73103,0.39995047,111.89522,110.93951,109.98380,2025-04-25,14:50
2025-04-25 14:55:00,111.335,111.3781,111.014999,111.089996,2134201,58.17186,111.068799,111.077000,0.31943304,0.33875808,-0.019325037,78.37874,87.027210,28.00099815,43.77895,0.39731816,111.84455,110.91951,109.99447,2025-04-25,14:55
2025-04-25 15:00:00,111.089996,111.19,111.0,111.108,1453753,58.46322,111.12191,111.083200,0.30300281,0.33160703,-0.028604215,79.49100,83.79442,27.24130,40.16879,0.38250990,111.77530,110.89591,110.016521,2025-04-25,15:00
2025-04-25 15:05:00,111.1099,111.125,110.84,110.875,2008148,53.29007,111.11913,111.041560,0.26809007,0.31890363,-0.050813566,56.20139,71.35704,25.91931,21.27167,0.37554516,111.60362,110.84616,110.088703,2025-04-25,15:05
2025-04-25 15:10:00,110.88,110.92,110.6,110.785,2280674,51.39828,111.11358,110.99025,0.23050243,0.30122339,-0.070720966,38.78514,58.15918,24.26883,-8.35124,0.37157763,111.50096,110.80940,110.11785,2025-04-25,15:10
2025-04-25 15:15:00,110.7801,111.050003,110.6901,110.8801,2256309,53.28534,111.10359,110.96822,0.20601236,0.28218119,-0.076168826,45.64013,46.87555,22.76282,17.57806,0.37074362,111.50892,110.81916,110.12940,2025-04-25,15:15
2025-04-25 15:20:00,110.885,111.040001,110.8001,111.019997,1644362,55.99252,111.067455,110.97857,0.19563740,0.26487243,-0.069235031,59.22269,47.88265,21.36438,33.64837,0.36139755,111.52749,110.83366,110.13983,2025-04-25,15:20
2025-04-25 15:25:00,111.019997,111.029999,110.68,110.735,1941183,49.67681,111.010344,110.92986,0.16254465,0.24440687,-0.081862220,23.36095,42.74126,20.044411,-3.078891,0.36058333,111.51450,110.85191,110.18932,2025-04-25,15:25
2025-04-25 15:30:00,110.74,110.75,110.5,110.5501,2752676,46.047865,110.93091,110.85391,0.12001520,0.21952854,-0.099513338,5.33001,29.30455,19.42020,-68.54112,0.35268452,111.45896,110.87450,110.29005,2025-04-25,15:30
2025-04-25 15:35:00,110.56,110.72,110.24,110.33,2821415,42.10483,110.81924,110.74913,0.067768843,0.18917660,-0.12140776,7.50030,12.063755,19.59351,-125.51780,0.36177872,111.46392,110.87257,110.28122,2025-04-25,15:35
2025-04-25 15:40:00,110.34,110.551,110.22,110.5,2406115,45.95421,110.75369,110.69930,0.039623900,0.15926606,-0.11964216,22.95070,11.92700,19.80887,-129.11860,0.35958033,111.46011,110.87482,110.28953,2025-04-25,15:40
2025-04-25 15:45:00,110.51,110.54,110.2,110.3887,2727105,43.89641,110.67377,110.63718,0.0082430230,0.12906145,-0.12081843,15.21811,15.22304,20.066285,-135.19668,0.35818202,111.47654,110.86350,110.25047,2025-04-25,15:45
2025-04-25 15:50:00,110.39,110.84,110.39,110.8,4061449,52.38243,110.66543,110.66975,0.016373237,0.10652381,-0.090150572,50.92996,29.69959,19.038416,-53.71340,0.36483287,111.46779,110.87956,110.29132,2025-04-25,15:50
2025-04-25 15:55:00,110.805,111.0,110.65,110.96,8304165,55.21992,110.68488,110.72780,0.035319689,0.092282985,-0.056963296,64.51080,43.55296,17.84868,-1.99222,0.36377327,111.47378,110.89606,110.31833,2025-04-25,15:55
2025-04-28 09:30:00,109.69,110.36,108.55,108.67,570917,28.78294,110.43931,110.31624,-0.13291672,0.047243045,-0.18015976,4.24314,39.89463,20.19704,-344.10755,0.50993226,111.91376,110.78456,109.65535,2025-04-28,09:30
2025-04-28 09:35:00,108.69,109.05,108.1,108.16,446098,25.81835,110.12153,109.88499,-0.30389491,-0.022984546,-0.28091036,1.94175,23.56523,22.75393,-325.52007,0.54136567,112.25726,110.65081,109.044351,2025-04-28,09:35
2025-04-28 09:40:00,108.16,109.14,108.15,109.1,227592,38.40997,109.93987,109.72799,-0.35940323,-0.090268283,-0.26913495,33.057851,13.080911,24.87739,-205.53476,0.57341098,112.29119,110.55731,108.82342,2025-04-28,09:40
2025-04-28 09:45:00,109.1,109.56,108.93,109.2,369963,39.58484,109.78986,109.62239,-0.39081969,-0.15037857,-0.24044113,37.28810,24.095898,25.74235,-129.19054,0.57745305,112.24019,110.45005,108.65990,2025-04-28,09:45
2025-04-28 09:50:00,109.21,109.41,108.88,108.935,191750,37.54115,109.63486,109.48491,-0.43211954,-0.20672676,-0.22539278,28.30506,32.88367,26.60342,-121.16275,0.57406355,112.20049,110.33435,108.46820,2025-04-28,09:50
2025-04-28 09:55:00,108.9,108.93,108.25,108.46,215389,34.13888,109.40819,109.27993,-0.49744427,-0.26487026,-0.23257401,12.24489,25.94602,28.063137,-138.65156,0.58198758,112.17733,110.19410,108.21086,2025-04-28,09:55
2025-04-28 10:00:00,108.46,108.54,107.86,108.45,332529,34.068876,109.19278,109.11395,-0.54375346,-0.32064690,-0.22310656,18.61199,19.72065,29.75953,-133.17688,0.58898847,112.098754,110.049845,108.00093599,2025-04-28,10:00
2025-04-28 10:05:00,108.43,108.8,108.31,108.73,194827,37.90806,108.96278,109.037156,-0.55150278,-0.36681808,-0.18468470,27.70701,19.52130,30.67574,-94.54393,0.58191786,111.99930,109.93185,107.86440,2025-04-28,10:05
2025-04-28 10:10:00,108.73,108.81,108.29,108.29,169439,34.50757,108.66611,108.88773,-0.58638897,-0.41073226,-0.17565671,13.69427,20.0044228,31.54704,-92.86745,0.57749516,111.90220,109.79095,107.67969,2025-04-28,10:10
2025-04-28 10:15:00,108.3,108.76,108.3,108.6,91308,38.68105,108.65833,108.83018,-0.58230962,-0.44504773,-0.13726189,23.56688,21.65605,32.35611,-77.95070,0.56981693,111.78771,109.67720,107.56668,2025-04-28,10:15
2025-04-28 10:20:00,108.59,108.91,108.51,108.89,137293,42.38019,108.73944,108.84214,-0.54934363,-0.46590691,-0.083436720,32.80255,23.35456,32.68128,-57.40600,0.55768715,111.65533,109.58245,107.50956,2025-04-28,10:20
2025-04-28 10:25:00,108.88,108.915,108.44,108.525,138306,39.17677,108.67556,108.77872,-0.54637206,-0.48199994,-0.064372121,21.17834,25.84926,33.075850,-61.97083,0.55178093,111.49650,109.46469,107.43288,2025-04-28,10:25
2025-04-28 10:30:00,108.53,108.59,108.1,108.43,185454,38.36395,108.59000,108.70897,-0.54539579,-0.49467911,-0.050716683,18.15287,24.044586,33.87069,-75.53214,0.54736800,111.28237,109.33519,107.38802,2025-04-28,10:30
2025-04-28 10:35:00,108.45,108.68,108.235,108.58,114668,40.46430,108.55056,108.68318,-0.52644976,-0.50103324,-0.025416522,28.80000,22.71040,34.33141,-62.53951,0.54005600,111.089487,109.22744,107.36539,2025-04-28,10:35
2025-04-28 10:40:00,108.62,108.635,108.23,108.57,95138,40.36555,108.56278,108.66054,-0.50640430,-0.50210745,-0.0042968474,41.76471,29.57252,34.76607,-60.45427,0.53040915,110.90736,109.12844,107.34951,2025-04-28,10:40
2025-04-28 10:45:00,108.585,108.68,108.385,108.54,77377,40.049759,108.57278,108.63643,-0.48732134,-0.49915023,0.011828891,40.000000000000334,36.85490,35.015737,-51.43845,0.51359421,110.74569,109.038935,107.33218,2025-04-28,10:45
2025-04-28 10:50:00,108.55,108.58,108.075,108.09,103655,35.55634,108.50167,108.52715,-0.50271422,-0.49986303,-0.0028511897,13.52941,31.76471,35.69841,-78.23279,0.51298034,110.53340,108.91844,107.30347,2025-04-28,10:50
2025-04-28 10:55:00,108.1,108.19,107.73,107.795,196210,32.94669,108.44667,108.38072,-0.53257799,-0.50640602,-0.026171971,3.86905,19.13282,36.76447,-120.44874,0.50919603,110.32528,108.78875,107.25222,2025-04-28,10:55
2025-04-28 11:00:00,107.83,107.99,107.66,107.67,117789,31.87901,108.34333,108.23857,-0.55987778,-0.51710037,-0.042777408,0.78740157,6.061954,37.83654,-150.087109,0.49639631,109.93771,108.63225,107.32679,2025-04-28,11:00
2025-04-28 11:05:00,107.67,107.73,107.24,107.26,172662,28.60465,108.16222,108.042859,-0.60759268,-0.53519883,-0.072393848,1.19403,1.95016,39.28271,-236.73112,0.49593943,109.37475,108.44725,107.51975,2025-04-28,11:05
2025-04-28 11:10:00,107.28,107.62,107.12,107.48,189415,32.60478,108.046111,107.93029,-0.62050216,-0.55225950,-0.068242663,20.055710,7.34571,40.74145,-194.53274,0.49622947,109.39933,108.38775,107.37617,2025-04-28,11:10
2025-04-28 11:15:00,107.47,107.48,107.08,107.09,127656,29.45428,107.89722,107.76223,-0.65465629,-0.57273886,-0.081917431,0.54495913,7.26490,42.13543,-181.012607,0.48935594,109.49110,108.33425,107.17740,2025-04-28,11:15
2025-04-28 11:20:00,107.09,107.2,106.71,106.77,224700,27.13724,107.69611,107.56378,-0.69948181,-0.59808745,-0.10139437,2.72109,7.77392,43.77075,-185.22325,0.48940194,109.50465,108.21775,106.93085,2025-04-28,11:20
2025-04-28 11:25:00,106.79,106.85,106.39,106.595,239692,25.93565,107.47667,107.37003,-0.74059034,-0.62658803,-0.11400231,8.11881,3.79495,45.54056,-179.43856,0.48730180,109.47385,108.087500,106.70115,2025-04-28,11:25
2025-04-28 11:30:00,106.605,107.15,106.605,107.09,207190,34.73806,107.31556,107.31402,-0.72487092,-0.64624460,-0.078626313,27.72277,12.85422,46.073893,-119.76900,0.49213739,109.38926,107.99525,106.60124,2025-04-28,11:30
2025-04-28 11:35:00,107.075,107.335,106.96,107.22,129945,36.86041,107.21889,107.29522,-0.69392412,-0.65578051,-0.038143616,36.24454,24.028709,45.93853,-83.66498,0.48377043,109.34919,107.93325,106.51731,2025-04-28,11:35
2025-04-28 11:40:00,107.25,107.52,107.19,107.2,124234,36.66287,107.15278,107.27617,-0.66336554,-0.65729751,-0.0060680213,35.37118,33.11283,45.21034,-62.32846,0.47278683,109.30022,107.87075,106.44128,2025-04-28,11:40
2025-04-28 11:45:00,107.2,107.31,107.0,107.04,88756,35.044814,107.082778,107.22894,-0.64462743,-0.65476350,0.010136065,28.38428,33.33333,44.81310,-73.91534,0.46115920,109.20230,107.78625,106.37020,2025-04-28,11:45
2025-04-28 11:50:00,107.03,107.45,106.965,107.275,94868,39.28327,107.084444,107.23815,-0.60385396,-0.64458159,0.040727628,38.64629,34.13392,43.98533,-56.049251,0.46286211,109.14845,107.73550,106.32255,2025-04-28,11:50
2025-04-28 11:55:00,107.265,107.42,107.12,107.265,49907,39.16615,107.060556,107.24352,-0.56582513,-0.62883030,0.063005169,39.95434,35.66164,43.21668,-46.72893,0.45122911,109.037472,107.66875,106.30003,2025-04-28,11:55
2025-04-28 12:00:00,107.27,107.33,106.93,107.06,99964,36.74746,107.057222,107.20682,-0.54593559,-0.61225136,0.066315769,37.22222,38.60762,42.82500,-59.56428,0.44756988,108.84837,107.57725,106.30613,2025-04-28,12:00
2025-04-28 12:05:00,107.07,107.195,106.91,107.145,77914,38.44486,107.098889,107.19445,-0.51735050,-0.59327118,0.075920687,47.18750,41.45469,42.49508,-58.14074,0.43595775,108.71424,107.50825,106.30226,2025-04-28,12:05
2025-04-28 12:10:00,107.15,107.15,106.86,106.965,75137,36.22776,107.14000,107.14856,-0.50341801,-0.57530055,0.071882536,42.91045,42.44006,42.27719,-66.69991,0.42553220,108.58480,107.43500,106.28520,2025-04-28,12:10
2025-04-28 12:15:00,106.96,107.16,106.95,107.005,58492,37.095916,107.13056,107.11985,-0.48357441,-0.55695532,0.073380912,50.00000,46.69932,42.032046,-57.38279,0.41013704,108.39163,107.35625,106.32087,2025-04-28,12:15
2025-04-28 12:20:00,107.005,107.04,106.68,106.88,84976,35.47085,107.092778,107.071880,-0.47248812,-0.54006188,0.067573764,43.36283,45.42443,42.28969,-85.16994,0.40655582,108.16292,107.27175,106.38058,2025-04-28,12:20
2025-04-28 12:25:00,106.88,106.88,106.545,106.56,106400,31.64855,107.021667,106.96950,-0.48394486,-0.52883848,0.044893616,15.044248,36.13569,42.74809,-128.94103,0.40144469,107.90392,107.17275,106.44158,2025-04-28,12:25
2025-04-28 12:30:00,106.58,106.78,106.56,106.7,59995,34.95114,106.98389,106.91560,-0.47623781,-0.51831834,0.042080534,27.43363,28.61357,43.17375,-122.21101,0.38848436,107.72912,107.10325,106.47738,2025-04-28,12:30
2025-04-28 12:35:00,106.7,106.89,106.665,106.8,84193,37.28221,106.93111,106.89248,-0.45679510,-0.50601370,0.049218593,26.15385,22.87724,43.031140,-87.76788,0.37680690,107.60532,107.053500,106.50168,2025-04-28,12:35
2025-04-28 12:40:00,106.8,106.94,106.715,106.93,61683,40.27844,106.89389,106.89999,-0.42598620,-0.49000820,0.064021997,39.48718,31.024885,42.65481,-57.16515,0.36596355,107.49196,107.016500,106.54104,2025-04-28,12:40
2025-04-28 12:45:00,106.92,107.255,106.86,107.17,99015,45.45881,106.90611,106.95399,-0.37784833,-0.46757622,0.089727895,64.10256,43.24786,40.91818,28.14535,0.36803758,107.47980,107.012000,106.54420,2025-04-28,12:45
2025-04-28 12:50:00,107.16,107.16,106.65,106.67,78645,38.053148,106.85333,106.89719,-0.37571355,-0.44920369,0.073490141,13.81215,39.13397,39.84167,-61.20447,0.37889204,107.40952,106.97150,106.53348,2025-04-28,12:50
2025-04-28 12:55:00,106.67,106.73,106.54,106.7,77225,38.69844,106.82389,106.85775,-0.36736620,-0.43283619,0.065469991,17.58242,31.83238,39.10313,-111.86962,0.36539975,107.40175,106.95200,106.50225,2025-04-28,12:55
2025-04-28 13:00:00,106.69,106.82,106.61,106.675,56959,38.34002,106.78722,106.82120,-0.35863405,-0.41799576,0.059361714,15.34091,15.57849,38.032318,-87.10761,0.35429977,107.40649,106.94725,106.48801,2025-04-28,13:00
2025-04-28 13:05:00,106.675,106.675,106.25,106.27,143741,33.0066938,106.71944,106.71096,-0.38001331,-0.41039927,0.030385959,1.85185,11.59173,37.86213,-178.81478,0.35934979,107.45709,106.931,106.40491,2025-04-28,13:05
2025-04-28 13:10:00,106.26,106.32,106.115,106.135,85208,31.43688,106.67222,106.59577,-0.40320204,-0.40895983,0.0057577826,1.75439,6.31572,37.96999,-198.65085,0.34832480,107.50720,106.88325,106.25930,2025-04-28,13:10
2025-04-28 13:15:00,106.115,106.45,106.02,106.45,92309,38.75619,106.64444,106.56662,-0.39164675,-0.40549721,0.013850459,34.81781,12.80802,37.50673,-146.018724,0.35415875,107.47582,106.84475,106.21368,2025-04-28,13:15
2025-04-28 13:20:00,106.46,106.47,106.26,106.34,71939,37.26032,106.59333,106.52129,-0.38690518,-0.40177880,0.014873625,25.91093,20.82771,36.98932,-118.19532,0.34386169,107.44717,106.80175,106.15633,2025-04-28,13:20
2025-04-28 13:25:00,106.34,106.55,106.26,106.28,61498,36.43427,106.52111,106.47303,-0.38356742,-0.39813653,0.014569107,21.052632,27.26046,36.15085,-103.33134,0.34001443,107.43746,106.76375,106.090045,2025-04-28,13:25
2025-04-28 13:30:00,106.28,106.5,106.17,106.47,72943,40.90231,106.44333,106.47243,-0.36142453,-0.39079413,0.029369595,36.43725,27.80027,35.61009,-89.49102,0.33929911,107.36567,106.72350,106.081331,2025-04-28,13:30
2025-04-28 13:35:00,106.495,106.51,106.36,106.48,30765,41.13682,106.42222,106.47394,-0.33915960,-0.38046722,0.041307624,37.24696,31.57895,35.059263,-65.12890,0.32577775,107.28378,106.68425,106.084723,2025-04-28,13:35
2025-04-28 13:40:00,106.475,106.65,106.44,106.635,63678,44.79363,106.41500,106.50615,-0.30548582,-0.36547094,0.059985120,49.79757,41.16059,33.87163,-25.67453,0.31750791,107.23735,106.66300,106.088653,2025-04-28,13:40
2025-04-28 13:45:00,106.63,106.87,106.605,106.78,77474,48.045295,106.42667,106.56092,-0.26405496,-0.34518775,0.081132783,61.53846,49.52767,31.82722,32.43606,0.31375734,107.17843,106.64475,106.11107,2025-04-28,13:45
2025-04-28 13:50:00,106.8,106.97,106.77,106.91,53081,50.84093,106.49778,106.63074,-0.21821535,-0.31979327,0.10157792,72.064777,61.13360,29.56732,76.38670,0.30563182,107.16958,106.64200,106.11442,2025-04-28,13:50
2025-04-28 13:55:00,106.9,107.04,106.82,106.99,52216,52.53360,106.59278,106.70259,-0.17343256,-0.29052113,0.11708856,85.087719,72.89699,27.73614,100.51381,0.29951526,107.16681,106.64125,106.11569,2025-04-28,13:55
2025-04-28 14:00:00,106.99,107.065,106.87,106.98,57408,52.29122,106.65167,106.75807,-0.13716762,-0.25985043,0.12268281,91.86603,83.0061751,26.13330,103.68797,0.29204988,107.18259,106.64625,106.10991,2025-04-28,14:00
2025-04-28 14:05:00,106.975,107.02,106.78,106.8,64382,47.99843,106.70278,106.76646,-0.12155072,-0.23219048,0.11063976,74.64115,83.86497,24.28117,64.89899,0.28833204,107.19707,106.65825,106.11943,2025-04-28,14:05
2025-04-28 14:10:00,106.81,107.08,106.7,107.055,50367,53.78648,106.78889,106.82417,-0.087588192,-0.20327003,0.11568183,97.64151,88.049562,22.90078,80.41467,0.29487975,107.24186,106.676,106.11014,2025-04-28,14:10
2025-04-28 14:15:00,107.07,107.24,107.03,107.085,83937,54.42912,106.85722,106.87633,-0.057588051,-0.17413363,0.11654558,87.29508,86.52591,21.60841,117.89099,0.28881691,107.28166,106.69025,106.098841,2025-04-28,14:15
2025-04-28 14:20:00,107.08,107.32,107.04,107.32,60259,59.21371,106.95056,106.96507,-0.014680955,-0.14224310,0.12756214,100,94.97886,20.73270,133.36714,0.28818713,107.35478,106.70975,106.064719,2025-04-28,14:20
2025-04-28 14:25:00,107.32,107.395,107.21,107.3,44845,58.64934,107.024444,107.032053,0.017507579,-0.11029296,0.12780054,92.24490,93.17999,20.21704,144.15294,0.28081662,107.38199,106.71625,106.050511,2025-04-28,14:25
2025-04-28 14:30:00,107.295,107.34,107.08,107.16,63112,54.71785,107.066667,107.057643,0.031358908,-0.081962587,0.11332149,80.81633,91.020408,19.097740,106.11778,0.27932972,107.43340,106.74075,106.048101,2025-04-28,14:30
2025-04-28 14:35:00,107.165,107.415,107.1,107.36,41299,58.95117,107.11667,107.11811,0.057808138,-0.054008442,0.11181658,95.58233,89.54785,18.37735,112.74015,0.28187760,107.51656,106.77375,106.030939,2025-04-28,14:35
2025-04-28 14:40:00,107.38,107.53,107.365,107.43,90642,60.34840,107.16556,107.18049,0.083455733,-0.026515607,0.10997134,91.45299,89.28388,18.17448,125.78278,0.27388634,107.60538,106.81150,106.017617,2025-04-28,14:40
2025-04-28 14:45:00,107.43,107.48,107.33,107.38,57172,58.80860,107.21000,107.22039,0.098610336,-0.0014904187,0.10010075,86.23853,91.091284,17.79658,107.24524,0.26503731,107.65689,106.86700,106.077111,2025-04-28,14:45
2025-04-28 14:50:00,107.38,107.6,107.37,107.54,36588,62.13780,107.29222,107.28431,0.12212337,0.023232339,0.098891030,93.96985,90.55379,17.93204,119.49877,0.26253465,107.70380,106.93725,106.17070,2025-04-28,14:50
2025-04-28 14:55:00,107.535,107.55,107.38,107.47,69170,59.85840,107.33833,107.32145,0.13356950,0.045299770,0.088269725,85.55556,88.58798,18.057828,103.28638,0.25592503,107.75407,106.98825,106.22243,2025-04-28,14:55
2025-04-28 15:00:00,107.48,107.76,107.41,107.7,72709,64.47021,107.40667,107.39716,0.15936268,0.068112351,0.091250326,94.33962,91.28834,18.96002,122.060858,0.26264467,107.82127,107.05625,106.29123,2025-04-28,15:00
2025-04-28 15:05:00,107.7,107.82,107.64,107.79,72416,66.11094,107.45889,107.47573,0.18493440,0.091476761,0.093457638,97.32143,92.40554,19.99790,135.97276,0.25674148,107.87312,107.13175,106.39038,2025-04-28,15:05
2025-04-28 15:10:00,107.78,107.87,107.64,107.86,69547,67.37294,107.52111,107.55258,0.20844575,0.11487056,0.093575195,99.14530,96.93545,21.12797,133.94299,0.25483138,107.94205,107.20125,106.46045,2025-04-28,15:10
2025-04-28 15:15:00,107.86,108.18,107.86,108.16,130590,72.15822,107.63222,107.67407,0.24842251,0.14158095,0.10684156,98.64865,98.37179,23.045892,175.82656,0.25948628,108.060082,107.28525,106.51042,2025-04-28,15:15
2025-04-28 15:20:00,108.16,108.28,108.08,108.23,96809,73.14784,107.72889,107.78525,0.28249634,0.16976403,0.11273232,96.00000000000023,97.93132,25.056287,178.91169,0.25523726,108.18284,107.36500,106.54716,2025-04-28,15:20
2025-04-28 15:25:00,108.23,108.25,108.12,108.19,67291,71.58209,107.81333,107.86620,0.30278215,0.19636765,0.10641450,92.74194,95.79686,26.92308,154.92841,0.24629174,108.28206,107.43550,106.58894,2025-04-28,15:25
2025-04-28 15:30:00,108.18,108.49,108.115,108.45,108650,75.28528,107.93222,107.98296,0.33596583,0.22428729,0.11167854,97.16312,95.30169,29.16790,160.48528,0.25548519,108.43096,107.51250,106.59404,2025-04-28,15:30
2025-04-28 15:35:00,108.45,108.52,108.24,108.33,139222,70.70565,108.020000,108.052370,0.34856311,0.24914245,0.099420660,86.80556,92.23687,31.30998,138.31784,0.25723624,108.53064,107.57950,106.62836,2025-04-28,15:35
2025-04-28 15:40:00,108.335,108.47,108.26,108.26,102540,68.10316,108.10778,108.093896,0.34887651,0.26908926,0.079787242,81.69014,88.55294,33.29905,116.10686,0.25386223,108.59693,107.64350,106.69007,2025-04-28,15:40
2025-04-28 15:45:00,108.27,108.44,108.255,108.37,83507,69.97349,108.18222,108.14912,0.35392117,0.28605564,0.067865525,87.39496,85.29688,35.10365,106.40284,0.24894350,108.64267,107.72200,106.80133,2025-04-28,15:45
2025-04-28 15:50:00,108.37,108.84,108.37,108.725,239792,75.056775,108.28611,108.26429,0.38215934,0.30527638,0.076882956,92.38411,87.15640,37.49898,135.19832,0.26473325,108.77089,107.80550,106.84011,2025-04-28,15:50
2025-04-28 15:55:00,108.73,108.85,108.615,108.68,334861,73.36136,108.37722,108.34743,0.39633843,0.32348879,0.072849634,88.51351,89.43086,39.73778,127.48989,0.26260944,108.86283,107.88525,106.90767,2025-04-28,15:55
2025-04-29 09:30:00,107.87,108.81,107.82,108.2596,10560482,59.77654,108.38829,108.32987,0.36939436,0.33266991,0.036724455,59.83658,80.24473,37.50330,58.41788,0.31456576,108.88667,107.93223,106.97779,2025-04-29,09:30
2025-04-29 09:35:00,108.23,108.52,107.82,107.905,3960445,51.16948,108.35218,108.24489,0.31578762,0.32929345,-0.013505832,34.37492,60.90834,35.42843,20.97503,0.34209656,108.87215,107.96248,107.052811,2025-04-29,09:35
2025-04-29 09:40:00,107.91,108.87,107.84,108.8012,3638803,64.91813,108.42009,108.35616,0.34168122,0.33177100,0.0099102137,94.40636,62.87262,34.51148,83.52646,0.39123298,108.94590,108.044540,107.14318,2025-04-29,09:40
2025-04-29 09:45:00,108.81,109.2198,108.715,108.92,4252266,66.27370,108.47231,108.46892,0.36755113,0.33892703,0.028624101,81.022652,69.93464,34.44802,149.78881,0.39934537,109.043240,108.12254,107.20184,2025-04-29,09:45
2025-04-29 09:50:00,108.91,109.12,108.59,108.6405,2933493,60.36394,108.50681,108.50324,0.36133504,0.34340863,0.017926414,58.61562,78.014877,33.89284,112.0030022,0.40867830,109.072317,108.18306,107.29381,2025-04-29,09:50
2025-04-29 09:55:00,108.64,109.019997,108.46,108.8,2597920,62.42324,108.56681,108.56259,0.36507077,0.34774106,0.017329713,70.010083,69.88278,32.87943,100.98419,0.41948682,109.10126,108.25407,107.40687,2025-04-29,09:55
2025-04-29 10:00:00,108.8,109.4813,108.55,109.24,3939034,67.44762,108.66348,108.69807,0.39893657,0.35798016,0.040956412,85.47509,71.36693,32.93491,152.86460,0.45604471,109.22297,108.33906,107.45516,2025-04-29,10:00
2025-04-29 10:05:00,109.24,109.71,109.15,109.295,3278369,68.023194,108.72681,108.81746,0.42531081,0.37144629,0.053864521,78.042273,77.84248,33.38871,183.16858,0.46346992,109.31331,108.43031,107.54732,2025-04-29,10:05
2025-04-29 10:10:00,109.295,109.315,108.87,109.035004,2958857,62.40590,108.76626,108.86097,0.42038724,0.38123448,0.039152760,64.28594,75.93443,32.80861,110.60411,0.46215061,109.35048,108.49707,107.64365,2025-04-29,10:10
2025-04-29 10:15:00,109.029999,109.13,108.72,108.8101,2276780,57.94798,108.82742,108.85079,0.39379771,0.38374713,0.010050584,52.38610,64.90477,31.77885,67.36335,0.45842529,109.34652,108.54807,107.74962,2025-04-29,10:15
2025-04-29 10:20:00,108.815,108.93,108.41,108.49,2427169,52.22941,108.89242,108.77863,0.34294278,0.37558626,-0.032643476,35.44965,50.70723,29.90208,6.13333,0.46282324,109.31410,108.57957,107.84504,2025-04-29,10:20
2025-04-29 10:25:00,108.485,108.55,108.2975,108.53,2217469,52.85552,108.86229,108.72891,0.30238195,0.36094540,-0.058563444,37.56610,41.80062,27.85183,-32.79757,0.44780033,109.30761,108.59807,107.88853,2025-04-29,10:25
2025-04-29 10:30:00,108.54,108.88,108.49,108.81,2206664,57.094610,108.85007,108.74513,0.28949366,0.34665505,-0.057161388,52.38086,41.79887,26.75388,24.069106,0.44367169,109.32131,108.62707,107.93282,2025-04-29,10:30
2025-04-29 10:35:00,108.805,109.099998,108.77,108.9001,1843412,58.39118,108.87891,108.77612,0.28328464,0.33398097,-0.050696327,57.14822,49.031726,26.20803,65.10818,0.43555241,109.33610,108.66257,107.98905,2025-04-29,10:35
2025-04-29 10:40:00,108.9252,108.96,108.44,108.6,1832199,52.68098,108.85669,108.74090,0.25125193,0.31743516,-0.066183231,41.26979,50.26629,24.77338,-3.65616,0.44158414,109.33728,108.67007,108.0028733,2025-04-29,10:40
2025-04-29 10:45:00,108.59,108.79,108.42,108.5412,1424973,51.61590,108.77904,108.70096,0.21860123,0.29766837,-0.079067146,37.49740,45.30514,23.38762,-30.12031,0.43647119,109.33248,108.68063,108.028789,2025-04-29,10:45
2025-04-29 10:50:00,108.5448,108.65,108.38,108.561,1512576,51.96802,108.69749,108.67296,0.19210836,0.27655637,-0.084448010,18.65463,32.47394,21.98799,-49.97023,0.42458069,109.32136,108.69568,108.070006,2025-04-29,10:50
2025-04-29 10:55:00,108.57,108.97,108.57,108.8501,1929569,56.90053,108.67694,108.70839,0.19222473,0.25969004,-0.067465311,39.12196,31.75800,21.47447,22.78810,0.42346809,109.33020,108.71969,108.10918,2025-04-29,10:55
2025-04-29 11:00:00,108.855,109.089996,108.72,108.8687,1801745,57.20503,108.68345,108.74045,0.19160911,0.24607386,-0.054464747,40.43881,32.73846,21.26636,47.91640,0.41964859,109.34084,108.72687,108.11291,2025-04-29,11:00
2025-04-29 11:05:00,108.87,108.88,108.68,108.7963,1068160,55.55972,108.71749,108.75162,0.18316808,0.23349270,-0.050324623,35.31347,38.29141,20.94096,13.98405,0.40395919,109.34697,108.73269,108.11841,2025-04-29,11:05
2025-04-29 11:10:00,108.7887,108.841,108.45,108.5986,2092248,51.22668,108.72511,108.72102,0.15869637,0.21853344,-0.059837065,21.31696,32.35641,19.90423,-41.79557,0.40303399,109.32845,108.74964,108.17083,2025-04-29,11:10
2025-04-29 11:15:00,108.6,108.6697,108.5009,108.545,953890,50.086100,108.69567,108.68581,0.13343876,0.20151450,-0.068075740,24.32404,26.98482,18.94156,-78.89133,0.38630302,109.22506,108.78164,108.33822,2025-04-29,11:15
2025-04-29 11:20:00,108.5401,108.79,108.53,108.58,1253347,50.85559,108.66010,108.66465,0.11492168,0.18419594,-0.069274256,33.93422,26.52507,18.38677,-60.13876,0.37728153,109.22245,108.77058,108.31871,2025-04-29,11:20
2025-04-29 11:25:00,108.579,108.91,108.5302,108.8098,1164585,55.68554,108.68341,108.69368,0.11743576,0.17084390,-0.053408140,63.83800,40.69875,18.19957,-11.057580,0.37746188,109.21218,108.76507,108.31796,2025-04-29,11:25
2025-04-29 11:30:00,108.81,108.867,108.575,108.694,1132798,52.86593,108.70039,108.69375,0.10882966,0.15844105,-0.049611393,49.40819,49.060134,18.025734,-24.84584,0.37135745,109.21247,108.76774,108.32301,2025-04-29,11:30
2025-04-29 11:35:00,108.7044,109.0,108.535,108.9748,1364053,58.37052,108.74637,108.74996,0.12324675,0.15140219,-0.028155440,82.61137,65.28585,18.23917,23.63160,0.37804594,109.23019,108.77648,108.32278,2025-04-29,11:35
2025-04-29 11:40:00,108.97,109.23,108.83,109.19,1458906,62.030351,108.78413,108.83797,0.15030481,0.15118272,-0.00087790370,95.29404,75.77120,19.023917,122.22387,0.37961420,109.21789,108.77398,108.33008,2025-04-29,11:40
2025-04-29 11:45:00,109.18,109.24,108.96,109.074997,1198831,59.043010,108.80706,108.88537,0.16061705,0.15306958,0.0075474626,80.81386,86.23976,19.77709,145.42936,0.37249881,109.16348,108.76298,108.36249,2025-04-29,11:45
2025-04-29 11:50:00,109.074997,109.18,108.93,109.052399,1194728,58.44737,108.83551,108.91878,0.16506332,0.15546833,0.0095949937,78.18616,84.76469,20.33385,130.19761,0.36374890,109.16678,108.76385,108.36093,2025-04-29,11:50
2025-04-29 11:55:00,109.065002,109.079903,108.81,108.9301,957542,55.20170,108.87234,108.92104,0.15690975,0.15575662,0.0011531372,63.96533,74.32178,20.28361,76.78039,0.35704577,109.17888,108.76985,108.36083,2025-04-29,11:55
2025-04-29 12:00:00,108.93,109.16,108.87,109.089996,1291419,58.45038,108.93290,108.95483,0.16148878,0.15690305,0.0045857358,81.012487,74.38799,20.48284,106.73900,0.35225685,109.21039,108.79985,108.38932,2025-04-29,12:00
2025-04-29 12:05:00,109.099998,109.26,109.090103,109.21,956315,60.75083,109.0028992,109.0058658,0.17280889,0.16008422,0.012724670,93.82682,79.60155,20.96702,147.19776,0.33923892,109.26163,108.83385,108.40608,2025-04-29,12:05
2025-04-29 12:10:00,109.205,109.27,109.073402,109.14,1074180,58.70891,109.039588,109.032693,0.17412456,0.16289229,0.011232274,84.14667,86.32866,21.32846,118.84525,0.32905001,109.29817,108.85035,108.40254,2025-04-29,12:10
2025-04-29 12:15:00,109.1321,109.14,108.71,108.8199,1531316,50.37129,109.053577,108.99013,0.14763608,0.15984104,-0.012204966,45.11021,74.36123,19.99717,18.20203,0.33626075,109.29374,108.84634,108.39895,2025-04-29,12:15
2025-04-29 12:20:00,108.815,108.97,108.7432,108.915,1090605,52.52831,109.046933,108.97511,0.13278689,0.15443021,-0.021643324,53.84249,61.033123,18.76097,9.36387,0.32844205,109.29566,108.86209,108.42853,2025-04-29,12:20
2025-04-29 12:25:00,108.915,108.925,108.77,108.875,713185,51.51412,109.011932,108.95509,0.11644871,0.14683391,-0.030385201,46.62192,48.52487,17.61307,-3.96965,0.31605379,109.28658,108.87878,108.47099,2025-04-29,12:25
2025-04-29 12:30:00,108.88,109.019997,108.775,109.0087967,916566,54.66696,109.0045768,108.96583,0.11299434,0.14006600,-0.027071662,64.69314,55.052518,16.94342,22.85998,0.31097817,109.28520,108.90117,108.51715,2025-04-29,12:30
2025-04-29 12:35:00,109.0049973,109.080002,108.7,108.7412,1105777,47.95112,108.97000,108.92090,0.087653749,0.12958355,-0.041929798,28.054642,46.45657,15.96415,-22.97115,0.31590865,109.28554,108.89573,108.50592,2025-04-29,12:35
2025-04-29 12:40:00,108.745,108.95,108.7,108.89,961314,51.51776,108.96554,108.91472,0.078670884,0.11940101,-0.040730131,48.29920,47.015661,15.054826,-18.64382,0.31120089,109.28642,108.89679,108.50717,2025-04-29,12:40
2025-04-29 12:45:00,108.88,108.915,108.36,108.465,1796155,42.54917,108.89610,108.82478,0.036833114,0.10288743,-0.066054320,11.53804,29.29729,15.19035,-131.43583,0.32861513,109.31149,108.88023,108.44897,2025-04-29,12:45
2025-04-29 12:50:00,108.47,108.59,108.43,108.5484,869948,44.58787,108.82259,108.76950,0.010287838,0.084367515,-0.074079677,20.70342,26.84689,15.31620,-149.15437,0.31657091,109.31603,108.87772,108.43941,2025-04-29,12:50
2025-04-29 12:55:00,108.545,108.55,108.22,108.375,1589939,41.30603,108.73759,108.69060,-0.024459532,0.062602106,-0.087061638,14.76185,15.66777,16.16186,-193.77221,0.31753026,109.33851,108.86922,108.39993,2025-04-29,12:55
2025-04-29 13:00:00,108.375,108.52,108.28,108.51,919956,44.71766,108.70316,108.65448,-0.040635112,0.041954662,-0.082589775,27.61926,21.028175,16.94711,-157.62026,0.31199224,109.34453,108.86572,108.38691,2025-04-29,13:00
2025-04-29 13:05:00,108.49,108.59,108.43,108.46,827542,43.70437,108.65260,108.61559,-0.056834057,0.022196918,-0.079030976,22.85704,21.74605,17.26445,-120.72894,0.30113536,109.35846,108.84823,108.33800,2025-04-29,13:05
2025-04-29 13:10:00,108.4648,108.53,108.28,108.525,854633,45.43531,108.61371,108.59747,-0.063692477,0.0050190393,-0.068711516,29.047775,26.50802,18.091014,-121.18490,0.29748284,109.36531,108.83978,108.31424,2025-04-29,13:10
2025-04-29 13:15:00,108.5299,108.8,108.48,108.795,1064022,52.032647,108.58996,108.63697,-0.046801849,-0.0053451383,-0.041456710,54.76185,35.55556,17.43088,-38.65614,0.29909118,109.35292,108.83079,108.30866,2025-04-29,13:15
2025-04-29 13:20:00,108.7901,108.88,108.73,108.82,1024262,52.60411,108.59871,108.67358,-0.031040672,-0.010484245,-0.020556427,65.21736,49.67566,16.45120,1.94027,0.28844138,109.30774,108.81229,108.31684,2025-04-29,13:20
2025-04-29 13:25:00,108.81,108.87,108.62,108.735,870337,50.40547,108.58149,108.68586,-0.025118986,-0.013411193,-0.011707793,59.88361,59.95427,15.99048,-14.93790,0.28569557,109.27664,108.79529,108.31394,2025-04-29,13:25
2025-04-29 13:30:00,108.74,108.88,108.74,108.8316,802403,52.81888,108.62222,108.71501,-0.012487587,-0.013226472,0.00073888485,71.11567,65.40554,15.51281,14.91090,0.27564564,109.25143,108.78425,108.31707,2025-04-29,13:30
2025-04-29 13:35:00,108.83,109.040001,108.76,108.9925,1349105,56.60690,108.67157,108.77051,0.010386758,-0.0085038261,0.018890584,89.82541,73.60823,14.51035,54.96452,0.27595658,109.25921,108.78737,108.31552,2025-04-29,13:35
2025-04-29 13:40:00,108.9948,109.13,108.985,109.066002,976809,58.25565,108.74834,108.82961,0.034053260,0.0000075911170,0.034045669,92.96751,84.63620,13.97626,99.60992,0.26660230,109.25504,108.78617,108.31730,2025-04-29,13:40
2025-04-29 13:45:00,109.065002,109.61,108.98,109.6,2318713,67.82157,108.86946,108.98369,0.094805338,0.018967141,0.075838198,99.28042,94.024448,15.10471,204.43040,0.29255908,109.36679,108.80567,108.24455,2025-04-29,13:45
2025-04-29 13:50:00,109.6083,109.66,109.4,109.53,2187049,65.69631,108.98834,109.092948,0.13573870,0.042321452,0.093417244,90.97190,94.40661,16.28653,226.12606,0.29023359,109.45439,108.82517,108.19595,2025-04-29,13:50
2025-04-29 13:55:00,109.54,109.68,109.38,109.43,1435128,62.67483,109.088899,109.16036,0.15828502,0.065514166,0.092770858,82.87670,91.043007,17.27696,182.095099,0.29093140,109.53784,108.85567,108.17351,2025-04-29,13:55
2025-04-29 14:00:00,109.43,109.6,109.31,109.5981,1375735,65.54365,109.17813,109.24791,0.18755527,0.089922387,0.097632885,94.39030,89.41297,17.81447,152.11723,0.29086494,109.64496,108.88983,108.13470,2025-04-29,14:00
2025-04-29 14:05:00,109.5913,109.91,109.54,109.73,2688913,67.64511,109.27924,109.34433,0.21887272,0.11571245,0.10316027,88.95707,88.74136,19.19406,164.91717,0.29651764,109.77165,108.93258,108.093508,2025-04-29,14:05
2025-04-29 14:10:00,109.725,109.86,109.61,109.845,1668615,69.39747,109.40258,109.44446,0.25008853,0.14258767,0.10750086,96.012132,93.11983,20.47512,142.94606,0.29319495,109.90304,108.97439,108.045740,2025-04-29,14:10
2025-04-29 14:15:00,109.8488,110.1999,109.81,109.88,3090160,69.93119,109.51907,109.53157,0.27448706,0.16896755,0.10551951,83.33764,89.43561,22.43928,145.18844,0.30010247,110.032615,109.031330,108.030045,2025-04-29,14:15
2025-04-29 14:20:00,109.895,110.019997,109.78,109.945,1723425,70.94482,109.62490,109.61425,0.29566003,0.19430604,0.10135399,85.17943,88.17640,24.092663,118.23171,0.29580928,110.15851,109.084080,108.0096475,2025-04-29,14:20
2025-04-29 14:25:00,109.9504,110.11,109.87,109.9801,1563601,71.50348,109.72647,109.68742,0.31167943,0.21778072,0.093898707,86.087985,84.86835,25.82047,111.63130,0.29182275,110.26227,109.15984,108.057398,2025-04-29,14:25
2025-04-29 14:30:00,109.9852,110.017502,109.7,109.865,1535090,66.95718,109.75591,109.72294,0.31149619,0.23652382,0.074972379,78.80240,83.35661,26.45531,85.46569,0.29365719,110.33143,109.22566,108.11990,2025-04-29,14:30
2025-04-29 14:35:00,109.8652,110.010002,109.83,109.99,1132273,69.24415,109.80702,109.77635,0.31777433,0.25277392,0.065000412,85.62231,83.50423,27.044807,87.96635,0.28553884,110.38750,109.30641,108.22533,2025-04-29,14:35
2025-04-29 14:40:00,109.99,110.080002,109.925,110.054497,1304788,70.38321,109.87641,109.83198,0.32421695,0.26706253,0.057154426,89.90198,84.77556,27.78752,91.33773,0.27621455,110.44664,109.38364,108.32064,2025-04-29,14:40
2025-04-29 14:45:00,110.055,110.065002,109.85,109.87,1082834,63.17570,109.90662,109.83958,0.31085234,0.27582049,0.035031849,72.95708,82.82712,28.024594,73.92233,0.27184237,110.44750,109.45414,108.46078,2025-04-29,14:45
2025-04-29 14:50:00,109.87,109.885,109.69,109.791,1577771,60.32686,109.91340,109.82987,0.29053682,0.27876375,0.011773068,66.48092,76.44666,27.34793,48.96734,0.26635361,110.42341,109.51744,108.61147,2025-04-29,14:50
2025-04-29 14:55:00,109.8,109.85,109.55,109.565,1413956,52.96842,109.88229,109.77689,0.25328083,0.27366717,-0.020386344,28.65545,56.031150,26.018697,20.90884,0.26875659,110.39910,109.55594,108.71278,2025-04-29,14:55
2025-04-29 15:00:00,109.565,109.76,109.5118,109.58,1354130,53.37491,109.84896,109.73752,0.22240179,0.26341409,-0.041012300,30.34096,41.82578,24.59998,7.24963,0.26728823,110.36656,109.59394,108.82132,2025-04-29,15:00
2025-04-29 15:05:00,109.58,109.85,109.44,109.6889,1939126,56.32629,109.82050,109.72779,0.20436167,0.25160361,-0.047241943,42.57851,33.85831,23.66348,7.74689,0.27748164,110.30653,109.64164,108.97674,2025-04-29,15:05
2025-04-29 15:10:00,109.7,109.8799,109.1901,109.7,3275511,56.62747,109.78938,109.72223,0.18878368,0.23903962,-0.050255946,50.49488,41.13812,22.30919,-23.044183,0.30693270,110.23641,109.68506,109.13370,2025-04-29,15:10
2025-04-29 15:15:00,109.7,109.7499,108.8201,109.2557,4332174,43.64534,109.72168,109.62893,0.13898476,0.21902865,-0.080043890,31.56984,41.54774,22.33157,-132.38713,0.35142336,110.19242,109.69822,109.20401,2025-04-29,15:15
2025-04-29 15:20:00,109.25,109.47,109.13,109.38,1984898,47.28631,109.65390,109.57914,0.10830016,0.19688295,-0.088582792,40.57826,40.88099,22.35235,-128.34978,0.35060769,110.14236,109.71391,109.28547,2025-04-29,15:20
2025-04-29 15:25:00,109.3713,109.55,109.17,109.4,1666092,47.87005,109.58118,109.54331,0.084621110,0.17443058,-0.089809472,44.95712,39.035072,21.97725,-111.12994,0.35270749,110.15144,109.70392,109.25639,2025-04-29,15:25
2025-04-29 15:30:00,109.4,109.53,109.36,109.3988,1377331,47.83589,109.52882,109.51441,0.065009254,0.15254632,-0.087537063,44.86426,43.46655,21.62894,-87.78462,0.33965682,110.15853,109.69736,109.23618,2025-04-29,15:30
2025-04-29 15:35:00,109.395,109.44,108.91,109.059998,2109750,39.29474,109.44760,109.42353,0.021875722,0.12641220,-0.10453648,19.041044,36.28747,22.64996,-164.99930,0.35325268,110.20636,109.67886,109.15135,2025-04-29,15:35
2025-04-29 15:40:00,109.07,109.1187,108.78,108.88,2467378,35.65257,109.37149,109.31482,-0.026526650,0.095824428,-0.12235108,7.69217,23.86582,23.90003,-192.93495,0.35221315,110.27496,109.64295,109.010943,2025-04-29,15:40
2025-04-29 15:45:00,108.8912,109.19,108.77,109.1156,2246011,43.088245,109.31989,109.27498,-0.045351871,0.067589168,-0.11294104,26.38188,17.70503,24.68531,-139.44420,0.35705548,110.28287,109.61223,108.94159,2025-04-29,15:45
2025-04-29 15:50:00,109.12,109.34,109.080101,109.14,2750775,43.81235,109.25890,109.24798,-0.057637802,0.042543774,-0.10018158,28.57151,20.88185,24.65986,-88.56497,0.35011547,110.26876,109.57698,108.88520,2025-04-29,15:50
2025-04-29 15:55:00,109.15,109.24,108.815,108.92,5592800,38.99459,109.17223,109.18239,-0.084156646,0.017203690,-0.10136034,13.45299,22.80212,25.33743,-115.60266,0.35546404,110.26199,109.52898,108.79597,2025-04-29,15:55
2025-04-30 09:30:00,104.47,105.36,104.080002,105.15,21698271,12.87241,108.71604,108.37591,-0.40471494,-0.067180036,-0.33753490,18.44860,20.15770,29.32474,-530.48805,0.67578778,111.31601,109.28923,107.26245,2025-04-30,09:30
2025-04-30 09:35:00,105.155,105.44,104.61,104.86,5487525,12.19562,108.21382,107.67273,-0.67438644,-0.18862132,-0.48576512,13.44850,15.11669,32.86132,-323.42352,0.68680307,111.80340,109.033225,106.26305,2025-04-30,09:35
2025-04-30 09:40:00,104.865,105.12,104.4,105.050003,4860889,15.33637,107.73049,107.14818,-0.86282533,-0.32346212,-0.53936321,16.72446,16.20718,36.19816,-224.51224,0.68917436,112.029272,108.79248,105.55568,2025-04-30,09:40
2025-04-30 09:45:00,105.050003,105.537,104.77,105.4701,4235173,21.98132,107.29397,106.81257,-0.96711782,-0.45219326,-0.51492456,23.96765,18.046866,38.40389,-153.93136,0.69473376,112.058383,108.56648,105.074578,2025-04-30,09:45
2025-04-30 09:50:00,105.465,105.49,104.8101,105.045601,3044755,20.25164,106.84792,106.45917,-1.071670,-0.57608869,-0.49558171,17.030269,19.24079,40.45207,-129.17907,0.69367429,112.054882,108.31604,104.57719,2025-04-30,09:50
2025-04-30 09:55:00,105.050003,105.25,104.56,104.65,3453563,18.76937,106.37792,106.097339,-1.17293,-0.69545691,-0.47747290,10.42047,17.13946,42.46253,-116.94175,0.69341201,112.043956,108.055035,104.066115,2025-04-30,09:55
2025-04-30 10:00:00,104.655,105.42,104.57,105.089996,3477660,25.31672,105.93063,105.89587,-1.20380,-0.79712515,-0.40667295,18.46425,15.30499,43.93564,-93.90688,0.70459676,111.92438,107.81999,103.71559,2025-04-30,10:00
2025-04-30 10:05:00,105.089996,105.52,104.85,105.48,2787361,30.65237,105.52397,105.81270,-1.18315,-0.87433061,-0.30882186,25.68812,18.19094,45.067130,-74.90844,0.70212543,111.75884,107.61574,103.47263,2025-04-30,10:05
2025-04-30 10:10:00,105.49,105.84,105.25,105.7799,3034586,34.52598,105.17507,105.80614,-1.12957,-0.92537861,-0.20419197,31.71451,25.28896,45.37186,-56.89642,0.69411621,111.53952,107.42573,103.31194,2025-04-30,10:10
2025-04-30 10:15:00,105.79,106.010002,105.6,105.995,2826886,37.23410,105.26896,105.84391,-1.057559,-0.95181461,-0.10574401,36.40690,31.26984,45.27031,-43.67262,0.67382246,111.26246,107.24104,103.21961,2025-04-30,10:15
2025-04-30 10:20:00,105.9911,106.055,105.73,105.99,2455016,37.19555,105.39451,105.87313,-0.98948630,-0.95934895,-0.030137354,36.31175,34.81105,45.071445,-37.15010,0.64890635,110.94628,107.055535,103.16479,2025-04-30,10:20
2025-04-30 10:25:00,105.98,106.12,105.78,105.985,2126641,37.15419,105.49840,105.89550,-0.92527573,-0.95253430,0.027258573,36.21674,36.31180,44.72826,-31.76896,0.62684189,110.67247,106.89200,103.11153,2025-04-30,10:25
2025-04-30 10:30:00,105.98,106.36,105.8,105.957,2607971,36.90654,105.55250,105.90780,-0.86665746,-0.93535893,0.068701475,36.37598,36.30149,43.82527,-24.88455,0.62206730,110.34185,106.72085,103.099851,2025-04-30,10:30
2025-04-30 10:35:00,105.9401,106.088501,105.7,105.925,2177259,36.60626,105.65021,105.91124,-0.81340755,-0.91096866,0.097561110,80.92115,51.17129,43.11050,-25.84826,0.60538421,109.96499,106.54710,103.12921,2025-04-30,10:35
2025-04-30 10:40:00,105.93,106.44,105.67,106.3653,2651732,43.42724,105.84080,106.0020544,-0.72729428,-0.87423378,0.14693950,96.33827,71.21180,41.60528,-9.29277,0.61714278,109.55298,106.39543,103.23787,2025-04-30,10:40
2025-04-30 10:45:00,106.36,106.37,106.040001,106.17,1994450,41.30427,105.96080,106.035643,-0.66711825,-0.83281068,0.16569243,86.76450,88.0079727,40.20758,-0.38526890,0.59663271,109.16242,106.25093,103.33943,2025-04-30,10:45
2025-04-30 10:50:00,106.16,106.39,105.88,106.135,2247255,40.91827,106.033579,106.055515,-0.61516100,-0.78928074,0.17411974,83.77662,88.95980,39.15704,5.33706,0.59044482,108.76353,106.11368,103.46382,2025-04-30,10:50
2025-04-30 10:55:00,106.13,106.2701,105.82,106.0049973,2017465,39.44359,106.058590,106.045411,-0.57781413,-0.74698742,0.16917329,76.86149,82.46754,38.27529,10.86665,0.58042046,108.22200,105.95815,103.69430,2025-04-30,10:55
2025-04-30 11:00:00,105.97,106.47,105.9686,106.32,1962355,44.64888,106.094700,106.10033,-0.51684059,-0.70095805,0.18411746,92.14653,84.26155,36.91795,53.80338,0.57477641,107.56267,105.81715,104.071626,2025-04-30,11:00
2025-04-30 11:05:00,106.3266,106.53,106.21,106.4558,1733759,46.77309,106.14646,106.17142,-0.45234607,-0.65123566,0.19888959,96.21444,88.40748,35.49692,104.17489,0.55657816,106.76265,105.69394,104.62522,2025-04-30,11:05
2025-04-30 11:10:00,106.46,106.52,106.24,106.28,1596409,44.39770,106.17923,106.19314,-0.41068550,-0.60312562,0.19244013,85.11899,91.15999,34.17738,90.26517,0.53682249,106.81763,105.75044,104.68324,2025-04-30,11:10
2025-04-30 11:15:00,106.2786,106.42,106.2,106.205,1187986,43.38546,106.20679,106.19551,-0.37934793,-0.55837009,0.17902215,74.60952,85.31431,33.037277,75.40712,0.51419240,106.81947,105.81769,104.81590,2025-04-30,11:15
2025-04-30 11:20:00,106.2,106.51,106.13,106.1752,1837623,42.96627,106.23459,106.19145,-0.35284990,-0.51726605,0.16441615,61.84968,73.85939,31.69446,72.30866,0.50460758,106.82189,105.87395,104.92600,2025-04-30,11:20
2025-04-30 11:25:00,106.17,106.41,106.020103,106.375,1708915,46.68562,106.23567,106.22816,-0.31212990,-0.47623882,0.16410892,81.97678,72.81199,30.70713,68.53056,0.49641419,106.87209,105.91919,104.96630,2025-04-30,11:25
2025-04-30 11:30:00,106.375,106.5086,106.29,106.4401,1446113,47.87834,106.26568,106.27055,-0.27147644,-0.43528634,0.16380991,89.54672,77.79106,29.45919,92.43868,0.47657014,106.87785,105.98892,105.099984,2025-04-30,11:30
2025-04-30 11:35:00,106.435,106.62,106.26,106.4,1596852,47.17822,106.29512,106.29644,-0.23973055,-0.39617518,0.15644463,76.84209,82.78853,27.93098,95.51082,0.46824374,106.73584,106.076416,105.41700,2025-04-30,11:35
2025-04-30 11:40:00,106.4199,106.9,106.33,106.89,1936400,55.70233,106.39346,106.41515,-0.17303830,-0.35154781,0.17850951,99.18682,88.52521,26.20912,164.80380,0.47551202,106.74969,106.16642,105.58314,2025-04-30,11:40
2025-04-30 11:45:00,106.89,106.8986,106.6402,106.785,1266183,53.70250,106.44512,106.48912,-0.12719032,-0.30667631,0.17948599,90.65061,88.89317,24.61025,178.82620,0.46000402,106.78437,106.23167,105.67896,2025-04-30,11:45
2025-04-30 11:50:00,106.785,106.85,106.41,106.61,1534242,50.45125,106.46226,106.51330,-0.10378043,-0.26609713,0.16231670,73.14811,87.66185,23.28325,123.54392,0.45857479,106.80833,106.27317,105.73801,2025-04-30,11:50
2025-04-30 11:55:00,106.61,106.81,106.27,106.6216,1571382,50.66441,106.50021,106.53496,-0.083331575,-0.22954402,0.14621245,74.22187,79.34020,22.44400,95.11394,0.46439094,106.84420,106.30450,105.76480,2025-04-30,11:55
2025-04-30 12:00:00,106.625,106.7199,106.47,106.706,1054160,52.27367,106.55588,106.56917,-0.059627662,-0.19556075,0.13593309,82.037045,76.46901,21.66469,103.41399,0.44907022,106.88675,106.34030,105.79385,2025-04-30,12:00
2025-04-30 12:05:00,106.71,106.905,106.6501,106.71,1606676,52.35295,106.61530,106.59733,-0.040057791,-0.16446016,0.12440237,79.17563,78.47818,20.28482,127.72053,0.43520078,106.92010,106.37655,105.83301,2025-04-30,12:05
2025-04-30 12:10:00,106.7152,106.83,106.5313,106.5901,1309803,49.68731,106.63920,106.59589,-0.033833119,-0.13833475,0.10450163,64.41436,75.20901,19.37925,84.74542,0.42545061,106.92333,106.40821,105.89309,2025-04-30,12:10
2025-04-30 12:15:00,106.6,106.67,106.15,106.189,2127476,41.98550,106.61130,106.51451,-0.060567271,-0.12278125,0.062213984,19.086951,54.22565,19.57427,-26.83219,0.43220390,106.89844,106.42141,105.94437,2025-04-30,12:15
2025-04-30 12:20:00,106.185,106.2999,106.019997,106.040001,1785083,39.53394,106.57130,106.41961,-0.092708811,-0.11676677,0.024057955,2.26036,28.58723,20.058558,-103.094039,0.42132502,106.91009,106.40514,105.90019,2025-04-30,12:20
2025-04-30 12:25:00,106.037804,106.15,105.88,106.055,1867148,39.91429,106.47852,106.34669,-0.11563789,-0.11654099,0.00090310330,17.073443,12.80692,20.82094,-127.76603,0.41051640,106.91737,106.39939,105.88141,2025-04-30,12:25
2025-04-30 12:30:00,106.059998,106.12,105.805,105.885,1530221,37.068344,106.37852,106.25435,-0.14584556,-0.12240190,-0.023443655,7.27290,8.86890,21.69290,-148.40089,0.40369397,106.94062,106.38689,105.83316,2025-04-30,12:30
2025-04-30 12:35:00,105.8848,106.3689,105.75,106.3487,1830290,47.96660,106.34949,106.27322,-0.13086022,-0.12409357,-0.0067666531,51.83568,25.39401,21.49592,-81.26653,0.41906558,106.92996,106.40408,105.87819,2025-04-30,12:35
2025-04-30 12:40:00,106.35,106.41,106.11,106.14,1094194,44.25213,106.29598,106.24658,-0.13427688,-0.12613023,-0.0081466544,33.76622,30.95827,21.15588,-58.60755,0.41056111,106.93245,106.39508,105.85771,2025-04-30,12:40
2025-04-30 12:45:00,106.135,106.1752,105.99,106.099998,927816,43.55593,106.22865,106.21726,-0.13861449,-0.12862708,-0.0099874112,30.30293,38.63494,21.16694,-91.18389,0.39446414,106.92881,106.37729,105.82576,2025-04-30,12:45
2025-04-30 12:50:00,106.095001,106.334,106.048698,106.2384,967566,46.68160,106.17625,106.22149,-0.12939241,-0.12878015,-0.00061226275,42.28605,35.45173,20.54795,-50.39166,0.38666679,106.92849,106.37521,105.82192,2025-04-30,12:50
2025-04-30 12:55:00,106.23,106.45,106.21,106.3584,1181337,49.30282,106.15050,106.24887,-0.11112032,-0.12524818,0.014127867,52.67525,41.75474,19.53892,-11.26894,0.37619044,106.93074,106.38288,105.83502,2025-04-30,12:55
2025-04-30 13:00:00,106.355,106.4516,106.23,106.295,972780,47.96120,106.16228,106.25810,-0.10059581,-0.12031771,0.019721895,47.18604,47.38244,18.59585,-16.57396,0.36514796,106.93009,106.38887,105.84764,2025-04-30,13:00
2025-04-30 13:05:00,106.295,106.2952,106.029999,106.065002,1172192,43.35243,106.16506,106.21948,-0.10955097,-0.11816436,0.0086133924,27.27297,42.37808,18.37215,-73.18015,0.35800866,106.93274,106.37337,105.81399,2025-04-30,13:05
2025-04-30 13:10:00,106.059998,106.059998,105.64,105.8183,1949368,39.020974,106.13876,106.13924,-0.13499877,-0.12153124,-0.013467527,14.094785,29.51793,19.19022,-140.46510,0.36279398,106.95036,106.34228,105.73419,2025-04-30,13:10
2025-04-30 13:15:00,105.81,106.12,105.8002,106.065002,1245470,44.94482,106.15876,106.12439,-0.13371796,-0.12396859,-0.0097493735,35.71447,25.69407,19.69598,-87.24595,0.35972307,106.94468,106.32553,105.70637,2025-04-30,13:15
2025-04-30 13:20:00,106.07,106.15,106.019997,106.115,801114,46.087824,106.13279,106.12251,-0.12720239,-0.12461535,-0.0025870395,46.11641,31.97522,20.034594,-54.78305,0.34331463,106.85465,106.28678,105.71890,2025-04-30,13:20
2025-04-30 13:25:00,106.115,106.5,106.115,106.47,1236293,53.47420,106.16946,106.19201,-0.092328635,-0.11815800,0.025829369,96.51177,59.44755,18.97717,28.21374,0.34629231,106.79882,106.27103,105.74324,2025-04-30,13:25
2025-04-30 13:30:00,106.4701,106.7301,106.38,106.7301,1551457,58.013118,106.23947,106.29963,-0.043204894,-0.10316738,0.059962487,100,80.87606,17.98850,106.40705,0.34656466,106.82255,106.27703,105.73151,2025-04-30,13:30
2025-04-30 13:35:00,106.73,106.98,106.64,106.7889,1897744,58.98720,106.30063,106.39748,0.00046530792,-0.082440844,0.082906152,85.73877,94.083513,17.77051,152.29434,0.34609604,106.85633,106.28540,105.71446,2025-04-30,13:35
2025-04-30 13:40:00,106.78,107.050003,106.74,107.0308,1856359,62.80974,106.37535,106.52415,0.053971224,-0.055158430,0.10912965,98.63808,94.79228,17.75173,174.90398,0.34351813,106.93461,106.30164,105.66866,2025-04-30,13:40
2025-04-30 13:45:00,107.040001,107.040001,106.83,106.98,1149954,61.51319,106.45146,106.61532,0.091224615,-0.025881821,0.11710644,95.035496,93.13745,17.73430,167.57109,0.33398105,106.99234,106.31514,105.63793,2025-04-30,13:45
2025-04-30 13:50:00,106.98,107.19,106.96,107.19,1571355,64.75254,106.57646,106.73026,0.13612421,0.0065193851,0.12960483,100,97.89119,18.12977,185.33655,0.32655407,107.11517,106.34513,105.57509,2025-04-30,13:50
2025-04-30 13:55:00,107.1852,107.27,107.019997,107.050003,1544306,61.062642,106.71331,106.79420,0.15858264,0.036932036,0.12165060,86.50344,93.84631,18.70842,149.48102,0.32108592,107.21283,106.38818,105.56353,2025-04-30,13:55
2025-04-30 14:00:00,107.059998,107.0998,106.86,106.9899,1531423,59.49516,106.81608,106.83334,0.16957642,0.063460913,0.10611550,82.81605,89.77316,18.55402,104.83551,0.31527975,107.28373,106.43568,105.58762,2025-04-30,14:00
2025-04-30 14:05:00,106.9888,107.77,106.91,107.29,3207180,64.40795,106.94663,106.92468,0.20019706,0.090808142,0.10938892,77.46496,82.26148,19.94320,140.18530,0.35418784,107.40348,106.49743,105.59137,2025-04-30,14:05
2025-04-30 14:10:00,107.28,107.76,107.21,107.4212,2241417,66.33067,107.052324,107.023981,0.23237245,0.11912100,0.11325145,83.62472,81.30191,21.23315,140.33874,0.36817464,107.51922,106.57424,105.62925,2025-04-30,14:10
2025-04-30 14:15:00,107.435,107.6387,107.3601,107.6301,1589702,69.18491,107.15232,107.14520,0.27159679,0.14961616,0.12198063,93.43191,84.84053,22.43096,132.50728,0.36177664,107.68203,106.63831,105.59458,2025-04-30,14:15
2025-04-30 14:20:00,107.635,107.7304,107.47,107.56,1506541,67.12838,107.23800,107.22816,0.29364106,0.17842114,0.11521992,89.33904,88.79856,23.72959,121.60220,0.35453537,107.79992,106.70931,105.61869,2025-04-30,14:20
2025-04-30 14:25:00,107.56,107.6299,107.0,107.195,1759987,57.53789,107.25625,107.22153,0.27844923,0.19842676,0.080022473,67.14303,83.30466,23.042083,72.23778,0.37420413,107.83661,106.76406,105.69150,2025-04-30,14:25
2025-04-30 14:30:00,107.19,107.5,107.1272,107.4099,1492614,61.064856,107.30401,107.25920,0.28051639,0.21484469,0.065671702,78.24169,78.24125,22.40368,75.43779,0.37410403,107.90190,106.82263,105.74336,2025-04-30,14:30
2025-04-30 14:35:00,107.4,107.4,107.080002,107.1052,1232017,54.19175,107.29459,107.22840,0.25463302,0.22280235,0.031830668,52.17301,65.85258,21.63579,49.65968,0.37094625,107.92398,106.85997,105.79596,2025-04-30,14:35
2025-04-30 14:40:00,107.11,107.27,107.040001,107.145,1108734,54.90564,107.30514,107.21172,0.23462675,0.22516723,0.0094595197,44.69013,58.36828,20.76938,39.47860,0.36087835,107.94040,106.90247,105.86454,2025-04-30,14:40
2025-04-30 14:45:00,107.15,107.76,107.13,107.695,1762381,63.39618,107.38349,107.30838,0.26015340,0.23216447,0.027988937,92.71873,63.19396,21.27289,92.46577,0.38010168,108.0018479,106.98397,105.96609,2025-04-30,14:45
2025-04-30 14:50:00,107.69,107.835,107.58,107.61,1408101,61.46995,107.41904,107.36870,0.27040765,0.23981310,0.030594548,77.61203,71.67363,21.90684,112.69661,0.37116565,107.97389,107.073555,106.17322,2025-04-30,14:50
2025-04-30 14:55:00,107.61,107.74,107.39,107.39,1298255,56.67042,107.41558,107.37296,0.25781008,0.24341250,0.014397584,54.35893,74.89657,21.74310,79.25350,0.36965370,107.92060,107.13981,106.35902,2025-04-30,14:55
2025-04-30 15:00:00,107.39,107.65,107.39,107.49,1136988,58.26550,107.40001,107.39637,0.25297927,0.24532585,0.0076534190,64.61520,65.52872,21.59105,74.92080,0.36182145,107.84511,107.20856,106.57200,2025-04-30,15:00
2025-04-30 15:05:00,107.49,107.575,107.345,107.44,973192,57.13308,107.38668,107.40510,0.24232326,0.24472534,-0.0024020778,59.48746,59.48720,21.26406,54.99237,0.35240533,107.80242,107.25706,106.71169,2025-04-30,15:05
2025-04-30 15:10:00,107.44,107.67,107.36,107.5399,1383575,58.85393,107.42500,107.43206,0.23918218,0.24361670,-0.0044345223,68.097426,64.066697,21.23971,68.91261,0.34937620,107.79887,107.29755,106.79622,2025-04-30,15:10
2025-04-30 15:15:00,107.53,107.545,107.32,107.384,1315662,55.13423,107.42212,107.42245,0.22155911,0.23920519,-0.017646074,45.98840,57.85776,21.036422,29.96625,0.34049208,107.77175,107.32730,106.88285,2025-04-30,15:15
2025-04-30 15:20:00,107.38,107.5153,107.3,107.366,1182109,54.70421,107.45110,107.41116,0.20379065,0.23212228,-0.028331631,43.83206,52.63929,20.75349,15.95678,0.33154935,107.76730,107.34406,106.92082,2025-04-30,15:20
2025-04-30 15:25:00,107.3635,107.4,107.099998,107.255,1894368,52.010966,107.46332,107.37992,0.17869238,0.22143630,-0.042743920,30.53863,40.11969,19.59514,-49.67234,0.32929604,107.74954,107.35781,106.96608,2025-04-30,15:25
2025-04-30 15:30:00,107.25,107.395,107.040001,107.165,1382648,49.86730,107.40443,107.33694,0.14981292,0.20711162,-0.057298704,19.76061,31.37710,18.26981,-75.98725,0.33113173,107.75058,107.35656,106.96254,2025-04-30,15:30
2025-04-30 15:35:00,107.16,107.55,107.1501,107.415,1616746,55.37014,107.38277,107.35255,0.14542231,0.19477376,-0.049351450,47.16992,32.48972,17.64087,-6.42805,0.33604392,107.74333,107.37481,107.0062922,2025-04-30,15:35
2025-04-30 15:40:00,107.41,107.6,107.3011,107.58,1417207,58.60010,107.40388,107.39804,0.15348761,0.18651653,-0.033028922,67.92480,44.95178,17.24256,46.83342,0.33339055,107.73765,107.40431,107.070980,2025-04-30,15:40
2025-04-30 15:45:00,107.58,107.885,107.57,107.793,2563298,62.38460,107.43754,107.47703,0.17504867,0.18422296,-0.0091742845,89.11210,68.068941,17.81414,164.86019,0.33207712,107.79850,107.42946,107.060434,2025-04-30,15:45
2025-04-30 15:50:00,107.81,108.67,107.78,108.47,5505697,71.34945,107.55199,107.67563,0.24395224,0.19616882,0.047783429,87.73023,81.58904,19.98822,329.64269,0.37192871,108.066467,107.48190,106.89734,2025-04-30,15:50
2025-04-30 15:55:00,108.475,108.88,108.3,108.775,11652741,74.31896,107.68922,107.89550,0.31948695,0.22083244,0.098654507,94.29370,90.37868,22.30805,322.10052,0.38679053,108.35071,107.53915,106.72759,2025-04-30,15:55
2025-05-01 09:30:00,113.099998,114.079803,112.73,113.27,23609404,90.29072,108.34322,108.97040,0.73360079,0.32338611,0.41021468,88.49674,90.17356,26.78698,538.23162,0.73807706,110.45163,107.82465,105.19767,2025-05-01,09:30
2025-05-01 09:35:00,113.2699,113.385,112.080002,112.165,8239563,77.52619,108.87644,109.60932,0.96154103,0.45101710,0.51052394,72.80034,85.19693,29.83067,282.32757,0.77857158,111.28912,108.073150,104.85718,2025-05-01,09:35
2025-05-01 09:40:00,112.165,113.059898,112.095001,112.991,5732549,79.82251,109.51378,110.28566,1.19506,0.59982576,0.59523465,84.53357,81.94355,32.65694,209.81413,0.79188055,112.19669,108.35220,104.50772,2025-05-01,09:40
2025-05-01 09:45:00,112.991,113.81,112.95,113.52,5379974,81.15084,110.21989,110.93252,1.40660,0.76118013,0.64541750,92.047975,83.12729,35.50318,182.58108,0.79674626,113.077346,108.67294,104.26854,2025-05-01,09:45
2025-05-01 09:50:00,113.52,113.87,113.41,113.495,4206066,80.87992,110.89544,111.44502,1.55431,0.91980581,0.63450271,91.69294,89.42483,38.16314,148.27200,0.77269289,113.80491,108.99044,104.17598,2025-05-01,09:50
2025-05-01 09:55:00,113.4953,113.68,112.77,112.8,4370653,73.52894,111.47544,111.71602,1.59688,1.055221,0.54166089,81.82051,88.52047,39.51590,110.054214,0.78250081,114.29400,109.24570,104.19739,2025-05-01,09:55
2025-05-01 10:00:00,112.8,113.4,112.75,112.93,3772073,74.0048525,112.046222,111.95881,1.62241,1.16866,0.45375055,83.66711,85.72685,40.73795,93.10777,0.77303657,114.74448,109.51170,104.27891,2025-05-01,10:00
2025-05-01 10:05:00,112.93,113.15,112.56,112.73,3118252,71.86420,112.51956,112.11305,1.60797,1.25652,0.35144593,80.82617,82.10459,41.53548,76.80353,0.75996281,115.095468,109.77870,104.46192,2025-05-01,10:05
2025-05-01 10:10:00,112.73,112.8586,112.36,112.825,3248012,72.27442,112.96956,112.25544,1.58590,1.32240,0.26350681,81.89235,82.12854,41.91755,65.46597,0.74129377,115.41125,110.045445,104.67965,2025-05-01,10:10
2025-05-01 10:15:00,112.825,113.019997,112.75,112.9374,2791170,72.78016,112.93260,112.39183,1.55951,1.36982,0.18969212,83.14718,81.95523,42.37823,63.89210,0.70762969,115.68731,110.32032,104.95332,2025-05-01,10:15
2025-05-01 10:20:00,112.94,113.11,112.91,113.050003,2511555,73.30546,113.030934,112.52347,1.53005,1.40186,0.12818016,84.18078,83.073433,42.86681,60.81014,0.67137021,115.92921,110.59582,105.26243,2025-05-01,10:20
2025-05-01 10:25:00,113.055,113.4365,112.96,113.33,2693630,74.61724,113.068601,112.68477,1.51186,1.42386,0.087994567,88.098018,85.14199,43.53998,60.94979,0.65745101,116.13941,110.89312,105.64683,2025-05-01,10:25
2025-05-01 10:30:00,113.32,113.45,113.1337,113.405,2120679,74.97200,113.055823,112.82882,1.48636,1.43636,0.049999235,88.32478,86.86786,44.17422,58.76639,0.63308304,116.28748,111.19507,106.10266,2025-05-01,10:30
2025-05-01 10:35:00,113.405,113.68,113.35,113.53,2688556,75.58451,113.059712,112.96905,1.45942,1.44097,0.018445611,72.50704,82.97661,44.92286,60.51293,0.61143438,116.35902,111.50882,106.65862,2025-05-01,10:35
2025-05-01 10:40:00,113.525,113.65,113.2,113.2203,2293912,70.95149,113.10641,113.019304,1.39697,1.43217,-0.035199962,63.70371,74.84517,45.26510,52.97029,0.59990368,116.28035,111.81159,107.34282,2025-05-01,10:40
2025-05-01 10:45:00,113.225,113.58,113.21,113.465,2226421,72.39144,113.16586,113.10844,1.35165,1.41607,-0.064419564,77.18276,71.13117,45.58290,53.61662,0.58348219,116.14950,112.11409,108.078670,2025-05-01,10:45
2025-05-01 10:50:00,113.465,113.47,113.14,113.345,1991821,70.54469,113.23419,113.15575,1.29116,1.39109,-0.099924712,65.23174,68.70607,45.69624,48.81239,0.56537645,115.88711,112.40233,108.91756,2025-05-01,10:50
2025-05-01 10:55:00,113.34,113.53,113.3335,113.525,1622682,71.71053,113.31197,113.22960,1.24342,1.36155,-0.11813552,77.15227,73.18892,45.85978,60.20922,0.53902778,115.48500,112.68894,109.89287,2025-05-01,10:55
2025-05-01 11:00:00,113.53,113.59,113.3,113.4313,1739553,70.15386,113.36684,113.26994,1.18437,1.32612,-0.14174987,81.15886,74.51429,46.072420,61.51907,0.52123960,114.96732,112.93700,110.90668,2025-05-01,11:00
2025-05-01 11:05:00,113.435,113.5399,113.31,113.33,1403208,68.42466,113.39796,113.28195,1.11652,1.28420,-0.16767452,73.48496,77.26536,46.26987,52.63502,0.50042993,113.85840,113.16475,112.47110,2025-05-01,11:05
2025-05-01 11:10:00,113.3252,113.53,113.315,113.5184,1294044,69.91021,113.41889,113.32924,1.065676,1.24049,-0.17481834,87.75771,80.80051,46.45322,65.79276,0.48004181,113.88663,113.17717,112.46771,2025-05-01,11:10
2025-05-01 11:15:00,113.515,114.75,113.5,114.715,12364971,77.23579,113.56444,113.60639,1.10915,1.21422,-0.10507719,98.53541,86.59269,47.69630,256.18039,0.53503883,114.14514,113.30467,112.46420,2025-05-01,11:15
2025-05-01 11:20:00,114.715,114.94,114.43,114.4303,5885622,72.70072,113.66448,113.77117,1.10786,1.19295,-0.085095108,76.72584,87.67299,48.97173,280.17899,0.53325049,114.33549,113.37663,112.41778,2025-05-01,11:20
2025-05-01 11:25:00,114.435,114.53,114.22,114.325,3151510,71.039235,113.78722,113.88194,1.085819,1.17152,-0.085705868,69.70414,81.65513,49.53051,183.74861,0.51730385,114.46029,113.41688,112.37348,2025-05-01,11:25
2025-05-01 11:30:00,114.33,114.42,113.85,113.915,3256637,64.82704,113.83722,113.88855,1.023473,1.14191,-0.11844139,48.23233,64.88744,49.027787,112.052836,0.52106784,114.50341,113.43788,112.37236,2025-05-01,11:30
2025-05-01 11:35:00,113.915,114.28,113.83,114.215,2866093,67.094475,113.93389,113.95384,0.98689414,1.11091,-0.12401610,59.86247,59.26632,48.50722,102.26388,0.51599135,114.58321,113.50863,112.43406,2025-05-01,11:35
2025-05-01 11:40:00,114.21,114.25,113.9248,113.9248,1954801,62.87215,113.97831,113.94803,0.92383914,1.073496,-0.14965689,43.59980,50.56487,48.023833,77.39172,0.50236361,114.61312,113.55837,112.50363,2025-05-01,11:40
2025-05-01 11:45:00,113.93,114.13,113.74,113.835,2350909,61.58074,114.023165,113.92543,0.85674561,1.030146,-0.17340033,38.61103,47.35777,47.032624,48.33719,0.49433759,114.60274,113.61362,112.62451,2025-05-01,11:45
2025-05-01 11:50:00,113.84,113.89,113.545,113.545,2290964,57.47491,114.047054,113.84934,0.77128200,0.97837315,-0.20709115,22.49989,34.90357,45.56239,2.51590,0.48367071,114.57143,113.64962,112.72782,2025-05-01,11:50
2025-05-01 11:55:00,113.55,113.5999,113.050003,113.26,3524693,53.68658,114.018343,113.73147,0.67279907,0.91725834,-0.24445927,11.11107,24.073996,42.97248,-64.76445,0.48840110,114.54756,113.66575,112.78395,2025-05-01,11:55
2025-05-01 12:00:00,113.26,113.61,113.26,113.5099,2432543,56.40031,113.88444,113.68716,0.60790796,0.85538826,-0.24748030,24.33334,19.31477,40.58680,-42.38512,0.47851520,114.52809,113.68875,112.84940,2025-05-01,12:00
2025-05-01 12:05:00,113.51,113.81,113.24,113.78,2411303,59.18402,113.81219,113.70573,0.57168572,0.79864775,-0.22696203,38.62413,24.68951,38.75633,-18.49950,0.48504981,114.53490,113.71125,112.88760,2025-05-01,12:05
2025-05-01 12:10:00,113.78,113.9,113.58,113.75,2182349,58.73547,113.74830,113.71458,0.53439848,0.74579790,-0.21139942,37.036888,33.33145,37.22707,3.42249,0.47326051,114.54013,113.72850,112.91686,2025-05-01,12:10
2025-05-01 12:15:00,113.7476,113.78,113.19,113.365,1983864,53.16633,113.68719,113.64466,0.46838239,0.69031480,-0.22193241,16.66640,30.77580,34.83650,-55.26909,0.48159879,114.54307,113.72025,112.89743,2025-05-01,12:15
2025-05-01 12:20:00,113.37,113.55,113.16,113.4,1800224,53.59712,113.59663,113.59573,0.41411501,0.63507484,-0.22095983,18.51844,24.073910,32.54628,-70.44651,0.47505597,114.53374,113.72923,112.92473,2025-05-01,12:20
2025-05-01 12:25:00,113.4,113.7618,113.365,113.6518,1322145,56.68377,113.56630,113.60695,0.38696522,0.58545292,-0.19848769,31.84123,22.34202,30.88751,-28.32916,0.46946660,114.53489,113.73857,112.94226,2025-05-01,12:25
2025-05-01 12:30:00,113.65,113.665,113.46,113.585,1216714,55.62659,113.53852,113.60256,0.35595515,0.53955336,-0.18359821,36.14848,28.83605,29.34722,-36.66504,0.45057626,114.52985,113.75057,112.97130,2025-05-01,12:30
2025-05-01 12:35:00,113.585,113.8,113.5,113.675,1305746,56.79574,113.55297,113.61705,0.33478285,0.49859926,-0.16381641,45.62060,37.87010,28.22422,-20.60481,0.43982103,114.53139,113.75807,112.98476,2025-05-01,12:35
2025-05-01 12:40:00,113.675,113.69,113.31,113.475,1563389,53.42699,113.57686,113.58864,0.29842489,0.45856439,-0.16013950,34.55259,38.77389,26.63701,-57.27223,0.43554845,114.53011,113.76026,112.99041,2025-05-01,12:40
2025-05-01 12:45:00,113.47,113.4999,113.14,113.21,1362553,49.25811,113.54353,113.51291,0.24539890,0.41593129,-0.17053239,13.33304,31.16874,24.76523,-99.83880,0.43014509,114.53915,113.75426,112.96937,2025-05-01,12:45
2025-05-01 12:50:00,113.2,113.37,112.86,113.1145,2194043,47.81030,113.46959,113.43323,0.19343975,0.37143298,-0.17799323,20.039529,22.64172,23.71856,-126.95817,0.43584917,114.56180,113.73406,112.90632,2025-05-01,12:50
2025-05-01 12:55:00,113.1148,113.29,113.0606,113.13,1197757,48.076977,113.40070,113.37258,0.15176267,0.32749892,-0.17573625,25.96119,19.77792,22.74664,-111.98410,0.42110284,114.39005,113.65481,112.91958,2025-05-01,12:55
2025-05-01 13:00:00,113.13,113.5,113.010002,113.495,1487024,54.035142,113.41515,113.39707,0.14649744,0.29129862,-0.14480118,61.057844,35.68619,21.23093,-70.73780,0.42602392,114.25353,113.60805,112.96257,2025-05-01,13:00
2025-05-01 13:05:00,113.4981,113.75,113.39,113.728,1608098,57.39588,113.45159,113.46325,0.15928919,0.26489674,-0.10560754,83.46110,56.82671,20.26441,13.87483,0.42130797,114.13781,113.57820,113.018592,2025-05-01,13:05
2025-05-01 13:10:00,113.725,113.7387,113.5608,113.6705,1103428,56.30192,113.45367,113.50470,0.16290946,0.24449928,-0.081589822,77.93273,74.15056,19.36693,32.87812,0.40392184,114.10596,113.56597,113.025993,2025-05-01,13:10
2025-05-01 13:15:00,113.67,113.78,113.55,113.6277,1249802,55.45456,113.45841,113.52930,0.16047501,0.22769443,-0.067219413,73.81726,78.40370,18.64637,43.33810,0.39149855,113.98899,113.53661,113.084231,2025-05-01,13:15
2025-05-01 13:20:00,113.6299,113.87,113.56,113.68,1149270,56.31964,113.45897,113.55944,0.16091095,0.21433773,-0.053426782,81.18792,77.64597,18.22749,73.72465,0.38567759,113.94630,113.52437,113.10244,2025-05-01,13:20
2025-05-01 13:25:00,113.685,113.701,113.4,113.5648,1168141,53.83932,113.46894,113.56051,0.15022870,0.20151593,-0.051287225,69.78162,74.92893,17.28404,24.31202,0.37962883,113.90876,113.51086,113.11296,2025-05-01,13:25
2025-05-01 13:30:00,113.57,113.72,113.51,113.7188,966437,56.59153,113.52548,113.59217,0.15243287,0.19169931,-0.039266449,85.029800,78.66645,16.46719,65.80570,0.36751242,113.92751,113.51955,113.11159,2025-05-01,13:30
2025-05-01 13:35:00,113.715,113.73,113.4,113.435,948390,50.60385,113.56109,113.56074,0.12978287,0.17931602,-0.049533159,56.93027,70.58056,15.31858,5.57084,0.36483309,113.92084,113.52830,113.13576,2025-05-01,13:35
2025-05-01 13:40:00,113.44,113.44,112.9,113.1045,2273181,44.67582,113.55826,113.46949,0.084193639,0.16029155,-0.076097908,24.20779,55.38929,15.64265,-143.68545,0.37734508,113.94196,113.50803,113.074101,2025-05-01,13:40
2025-05-01 13:45:00,113.099998,113.27,112.96,113.22,1263969,47.012006,113.52770,113.41959,0.056729900,0.13957922,-0.082849318,35.64355,38.92720,15.94357,-121.44937,0.37253454,113.91242,113.48003,113.047645,2025-05-01,13:45
2025-05-01 13:50:00,113.2181,113.32,113.050003,113.305,1100399,48.72788,113.48070,113.39667,0.041346785,0.11993273,-0.078585946,44.059283,34.63687,16.027355,-82.68549,0.36521040,113.87793,113.45778,113.037629,2025-05-01,13:50
2025-05-01 13:55:00,113.2999,113.375,113.12,113.32,967458,49.041479,113.44176,113.38134,0.030019831,0.10195015,-0.071930320,45.54437,41.74907,15.88467,-58.76394,0.35733804,113.87812,113.45553,113.032941,2025-05-01,13:55
2025-05-01 14:00:00,113.32,113.43,113.23,113.395,964766,50.66623,113.41590,113.38407,0.026785993,0.086917319,-0.060131327,51.030360,46.87800,15.52736,-29.78090,0.34609939,113.87801,113.45528,113.032553,2025-05-01,14:00
2025-05-01 14:05:00,113.39,113.6,113.32,113.585,1156998,54.61434,113.40534,113.42426,0.039103995,0.077354655,-0.038250659,70.61822,55.73098,14.52916,25.53543,0.34137792,113.86943,113.45194,113.034454,2025-05-01,14:05
2025-05-01 14:10:00,113.5822,113.68,113.55,113.66,1161368,56.10764,113.41592,113.47141,0.054292493,0.072742222,-0.018449729,78.35064,66.66640,13.67714,69.90604,0.32627930,113.87919,113.45569,113.032186,2025-05-01,14:10
2025-05-01 14:15:00,113.65,113.92,113.6,113.87,1725643,60.069076,113.43272,113.55112,0.082325660,0.074658910,0.0076667500,95.098472,81.35578,13.69795,122.83499,0.32583075,113.91676,113.46544,113.014124,2025-05-01,14:15
2025-05-01 14:20:00,113.865,113.865,113.521,113.545,1761060,52.21468,113.44494,113.54990,0.077424492,0.075212026,0.0022124655,63.23517,78.89476,13.39387,65.051181,0.32748563,113.92158,113.46894,113.016298,2025-05-01,14:20
2025-05-01 14:25:00,113.545,113.69,113.4,113.67,1388344,54.66970,113.50778,113.57392,0.082673725,0.076704366,0.0059693588,75.49012,77.94125,12.63073,41.89792,0.32480815,113.93629,113.49194,113.047593,2025-05-01,14:25
2025-05-01 14:30:00,113.67,113.75,113.56,113.69,1185961,55.067553,113.56000,113.59714,0.087440003,0.078851493,0.0085885099,77.45133,72.058871,12.14307,64.95714,0.31517917,113.93723,113.52071,113.10420,2025-05-01,14:30
2025-05-01 14:35:00,113.69,113.705,113.41,113.4889,1047707,50.28912,113.58043,113.57549,0.074135379,0.077908270,-0.0037728919,57.73526,70.22557,11.45713,10.27428,0.31373767,113.91531,113.53866,113.16201,2025-05-01,14:35
2025-05-01 14:40:00,113.48,113.6,113.32,113.51,1142557,50.77186,113.60154,113.56239,0.064550102,0.075236637,-0.010686534,59.80418,64.99692,11.15772,-18.084566,0.31132775,113.91577,113.53941,113.16305,2025-05-01,14:40
2025-05-01 14:45:00,113.515,113.6173,113.415,113.495,1063506,50.39725,113.61266,113.54891,0.055108124,0.071210934,-0.016102810,58.33364,58.62436,10.80355,-1.12679,0.30354013,113.89435,113.52776,113.16117,2025-05-01,14:45
2025-05-01 14:50:00,113.5,113.555,113.27,113.305,1279663,45.78848,113.58155,113.50013,0.031925660,0.063353880,-0.031428219,35.93766,51.35849,11.026175,-54.34495,0.30221609,113.88218,113.50949,113.13679,2025-05-01,14:50
2025-05-01 14:55:00,113.305,113.41,113.23,113.26,1026749,44.74486,113.53710,113.45211,0.0098093387,0.052644971,-0.042835633,24.13796,39.46976,11.37964,-77.91083,0.29348639,113.87477,113.49110,113.10743,2025-05-01,14:55
2025-05-01 15:00:00,113.2655,113.29,113.029999,113.17,1731879,42.65091,113.45932,113.39568,-0.014809855,0.039154006,-0.053963861,15.73028,25.26863,12.39142,-117.94134,0.29109466,113.86320,113.46560,113.068000,2025-05-01,15:00
2025-05-01 15:05:00,113.165,113.2,113.059998,113.080002,990798,40.60471,113.40766,113.33255,-0.041108819,0.023101441,-0.064210260,5.61832,15.16219,13.33093,-119.068537,0.28030214,113.86974,113.44136,113.012986,2025-05-01,15:05
2025-05-01 15:10:00,113.088501,113.22,112.97,113.21,1763421,44.72954,113.35655,113.30804,-0.050874792,0.0083061946,-0.059180986,25.26301,15.53721,14.50169,-99.67979,0.27813770,113.83571,113.41592,112.99613,2025-05-01,15:10
2025-05-01 15:15:00,113.2,113.28,113.044998,113.135,1311372,42.87943,113.29488,113.27343,-0.063929088,-0.0061408620,-0.057788226,17.36857,16.083304,15.23007,-83.33343,0.27505648,113.83800,113.40092,112.96384,2025-05-01,15:15
2025-05-01 15:20:00,113.14,113.19,112.88,113.019997,1526725,40.13776,113.24278,113.22274,-0.082602504,-0.021433190,-0.061169314,13.46147,18.69769,16.45975,-121.81018,0.27755282,113.84660,113.39670,112.94679,2025-05-01,15:20
2025-05-01 15:25:00,113.010002,113.07,112.9,113.0,1178760,39.66289,113.18611,113.17820,-0.097886508,-0.036723854,-0.061162654,12.18301,14.33768,17.60159,-127.86391,0.26987034,113.86231,113.38570,112.90908,2025-05-01,15:25
2025-05-01 15:30:00,113.0,113.040001,112.83,112.94,1389648,38.20249,113.12444,113.13056,-0.11353177,-0.052085437,-0.061446332,11.95661,12.53370,18.89435,-131.37398,0.26559383,113.88150,113.36745,112.85339,2025-05-01,15:30
2025-05-01 15:35:00,112.93,112.97,112.57,112.575,2340863,30.77782,113.043333,113.019445,-0.15361289,-0.072390928,-0.081221963,0.42349594,8.18771,20.83685,-170.43256,0.27519438,113.94975,113.33020,112.71064,2025-05-01,15:35
2025-05-01 15:40:00,112.58,112.73,112.31,112.3477,2531769,27.22894,112.94197,112.88510,-0.20139669,-0.098192081,-0.10320461,2.70282,5.027643,23.21134,-190.36625,0.28553805,114.029560,113.27783,112.52610,2025-05-01,15:40
2025-05-01 15:45:00,112.35,112.66,112.3,112.5991,2530945,36.016618,112.87853,112.82790,-0.21648463,-0.12185059,-0.094634039,22.70519,8.61050,25.43623,-151.35858,0.29085680,114.021405,113.22854,112.43567,2025-05-01,15:45
2025-05-01 15:50:00,112.6,112.75,111.95,112.065002,4839378,28.21984,112.76576,112.67532,-0.26844453,-0.15116938,-0.11727515,6.89769,10.76856,28.11176,-179.90957,0.32722439,114.063515,113.14879,112.23406,2025-05-01,15:50
2025-05-01 15:55:00,112.059998,112.12,111.32,111.53,9297910,22.87738,112.57909,112.44625,-0.34877301,-0.19069011,-0.15808291,9.39593,12.99960,31.30128,-238.18935,0.36099430,114.12816,113.031785,111.93541,2025-05-01,15:55
2025-05-02 09:30:00,114.18,115.4,113.9501,115.050003,21329249,67.061292,112.79187,112.96700,-0.12693575,-0.17793923,0.051003483,91.42161,35.90508,31.25551,254.94025,0.61163776,114.50036,113.10704,111.71371,2025-05-02,09:30
2025-05-02 09:35:00,115.15,115.175,114.54,114.9288,12546728,65.66630,113.0039563,113.35936,0.038646511,-0.13462209,0.17326860,88.45101,63.089516,31.21302,222.86784,0.61330664,114.75928,113.16998,111.58067,2025-05-02,09:35
2025-05-02 09:40:00,114.935,115.07,114.38,114.55,4257968,61.36954,113.17618,113.59749,0.13771817,-0.080154035,0.21787220,79.16671,86.34644,30.86782,168.26361,0.61878491,114.89978,113.21298,111.52617,2025-05-02,09:40
2025-05-02 09:45:00,114.56,114.715,113.71,113.71,5164187,53.075772,113.26173,113.61999,0.14676011,-0.034771205,0.18153132,58.57839,75.39870,29.38536,87.57371,0.64637151,114.92079,113.22403,111.52727,2025-05-02,09:45
2025-05-02 09:50:00,113.705,114.375,113.65,113.912,4311397,54.66256,113.41029,113.67839,0.16828601,0.0058402388,0.16244578,63.52945,67.091519,27.91237,73.71398,0.65198772,114.96334,113.24413,111.52492,2025-05-02,09:50
2025-05-02 09:55:00,113.93,114.0,113.61,113.93,2806991,54.80918,113.58610,113.72872,0.18466897,0.041605984,0.14306298,63.97057,62.026139,26.47679,56.078894,0.63327427,115.0080870,113.26588,111.52367,2025-05-02,09:55
2025-05-02 10:00:00,113.92,114.15,113.47,113.97,3792264,55.15632,113.73842,113.77697,0.19859108,0.073003003,0.12558807,64.95099,64.15034,25.36791,52.72185,0.63661184,115.068230,113.29913,111.53003,2025-05-02,10:00
2025-05-02 10:05:00,113.965,114.255,113.88,113.98,2593212,55.24889,113.95120,113.81758,0.20803346,0.10000909,0.10802437,65.19614,64.70590,24.49735,62.41358,0.61792528,115.12871,113.33513,111.54155,2025-05-02,10:05
2025-05-02 10:10:00,113.98,113.99,113.52,113.895,2617298,54.22442,114.21398,113.83306,0.20627942,0.12126316,0.085016263,63.11264,64.41992,23.0053246,36.85163,0.60735928,115.17940,113.37138,111.56337,2025-05-02,10:10
2025-05-02 10:15:00,113.8905,114.1196,113.7901,113.8218,2044178,53.30781,114.077512,113.83081,0.19671539,0.13635361,0.060361781,61.31861,63.20913,21.83844,42.40661,0.58751206,115.22148,113.40847,111.59546,2025-05-02,10:15
2025-05-02 10:20:00,113.825,113.8499,113.37,113.5899,2750874,50.40092,113.92874,113.78263,0.16848103,0.14277909,0.025701942,55.63472,60.021991,20.56229,13.14516,0.57982524,115.23972,113.42747,111.61521,2025-05-02,10:20
2025-05-02 10:25:00,113.59,113.91,113.49,113.905,2389405,54.066140,113.85708,113.80710,0.16957640,0.14813855,0.021437848,63.35779,60.10371,19.26488,25.43456,0.56840957,115.28444,113.46597,111.64749,2025-05-02,10:25
2025-05-02 10:30:00,113.9,113.9099,113.49,113.8644,2063661,53.51743,113.87423,113.81856,0.16526367,0.15156358,0.013700096,62.36279,60.45177,18.060135,21.51414,0.55780167,115.32249,113.50819,111.69388,2025-05-02,10:30
2025-05-02 10:35:00,113.865,114.050003,113.75,114.010002,1801751,55.27077,113.88512,113.85685,0.17161617,0.15557410,0.016042076,31.52708,52.41589,16.88637,35.30872,0.53938748,115.36982,113.55869,111.74755,2025-05-02,10:35
2025-05-02 10:40:00,114.019997,114.19,113.82,113.945,2460170,54.28626,113.88679,113.87448,0.16945208,0.15834969,0.011102389,31.85578,41.91522,16.081671,36.79294,0.52728857,115.40432,113.60894,111.81355,2025-05-02,10:40
2025-05-02 10:45:00,113.93,114.050003,113.81,113.94,1633405,54.20632,113.88346,113.88758,0.16542685,0.15976512,0.0056617257,33.52945,32.30411,15.31096,27.87594,0.50676835,115.41295,113.67719,111.94142,2025-05-02,10:45
2025-05-02 10:50:00,113.93,114.2,113.82,114.16,1940359,57.19478,113.90346,113.94207,0.17793793,0.16339968,0.014538242,58.73641,41.37388,14.91915,39.010732,0.49771327,115.40278,113.76780,112.13282,2025-05-02,10:50
2025-05-02 10:55:00,114.1528,114.4499,114.14,114.435,2725888,60.65141,113.96346,114.040654,0.20764911,0.17224957,0.035399537,98.62022,63.62869,15.064822,75.094338,0.48429792,115.42654,113.85960,112.29266,2025-05-02,10:55
2025-05-02 11:00:00,114.43,114.65,114.38,114.555,2361353,62.090085,114.044923,114.14352,0.23813359,0.18542637,0.052707218,92.57802,83.31155,15.57885,102.67665,0.46899123,115.34274,113.98410,112.62545,2025-05-02,11:00
2025-05-02 11:05:00,114.56,114.59,114.4,114.41,1692637,59.27027,114.13605,114.19682,0.24773699,0.19788850,0.049848494,81.25015,90.81613,16.056153,78.58086,0.44906292,114.89928,114.12810,113.35691,2025-05-02,11:05
2025-05-02 11:10:00,114.42,114.5202,114.3,114.479,1589290,60.19656,114.19982,114.25325,0.25794149,0.20989910,0.048042397,86.64020,86.82279,16.18771,82.20459,0.43271554,114.76746,114.099546,113.43163,2025-05-02,11:10
2025-05-02 11:15:00,114.47,114.7,114.44,114.5301,1707780,60.90576,114.27379,114.30862,0.26707346,0.22133397,0.045739488,87.22558,85.038645,16.68891,126.31179,0.42037832,114.66617,114.079610,113.49305,2025-05-02,11:15
2025-05-02 11:20:00,114.53,114.64,114.3498,114.64,1789932,62.45511,114.34379,114.37490,0.27995162,0.23305750,0.046894123,95.48889,89.78489,16.85737,128.78791,0.41107982,114.68621,114.084110,113.48201,2025-05-02,11:20
2025-05-02 11:25:00,114.64,114.8,114.54,114.6501,1857148,62.60182,114.42213,114.42994,0.28765682,0.24397736,0.043679460,89.51732,90.74393,17.36394,132.63552,0.40028856,114.75543,114.13112,113.50680,2025-05-02,11:25
2025-05-02 11:30:00,114.66,114.84,114.5532,114.74,1524870,63.95181,114.51102,114.49195,0.29758681,0.25469925,0.042887554,92.59270,92.53297,17.92146,121.59759,0.39218198,114.84144,114.17252,113.50359,2025-05-02,11:30
2025-05-02 11:35:00,114.7301,114.74,114.56,114.66,1116497,61.81354,114.56658,114.52556,0.29559410,0.26287822,0.032715878,86.66719,89.59240,18.43915,96.13782,0.37702615,114.90032,114.20902,113.51772,2025-05-02,11:35
2025-05-02 11:40:00,114.66,114.8,114.57,114.77,1086099,63.61500,114.60380,114.57445,0.29943864,0.27019031,0.029248333,93.57799,90.94596,19.064996,96.43820,0.36652452,114.97221,114.24902,113.52582,2025-05-02,11:40
2025-05-02 11:45:00,114.765,114.85,114.72,114.805,1173209,64.19390,114.63158,114.62056,0.30183065,0.27651837,0.025312275,95.67326,91.97281,19.76981,99.78896,0.34962972,115.040968,114.29026,113.53956,2025-05-02,11:45
2025-05-02 11:50:00,114.8,114.83,114.55,114.58,1318586,57.82521,114.65047,114.61245,0.28231647,0.27767799,0.0046384774,74.038807,87.76335,19.68648,68.18022,0.34465608,115.062353,114.32452,113.58668,2025-05-02,11:50
2025-05-02 11:55:00,114.59,114.8386,114.58,114.7599,934487,61.14452,114.68168,114.64194,0.27816139,0.27777467,0.00038671669,91.25285,86.98831,19.63437,76.69110,0.33850910,115.094588,114.37142,113.64825,2025-05-02,11:55
2025-05-02 12:00:00,114.765,115.1699,114.65,115.115,4641973,66.71331,114.74667,114.73655,0.30006271,0.28223228,0.017830432,94.66927,86.65364,20.47019,122.64097,0.35146541,115.14634,114.44768,113.74901,2025-05-02,12:00
2025-05-02 12:05:00,115.1114,115.23,114.78,114.84,2240438,59.59036,114.76889,114.75724,0.29186491,0.28415881,0.0077061014,58.063775,81.32863,21.38843,112.87625,0.35850392,115.16620,114.49443,113.82265,2025-05-02,12:05
2025-05-02 12:10:00,114.8455,115.22,114.71,115.155,2046424,64.29321,114.82499,114.83679,0.30724443,0.28877593,0.018468499,91.93499,81.55601,21.90710,128.23888,0.36932522,115.22417,114.55896,113.89374,2025-05-02,12:10
2025-05-02 12:15:00,115.15,115.25,114.97,115.019997,1651317,61.015806,114.85610,114.87343,0.30502315,0.29202537,0.012997776,75.78904,75.26260,22.46990,132.80044,0.36294476,115.25331,114.60945,113.96560,2025-05-02,12:15
2025-05-02 12:20:00,115.021301,115.125,114.87,114.8999,1194154,58.17484,114.88275,114.87873,0.29022661,0.29166562,-0.0014390094,61.10890,76.27764,22.49110,96.72642,0.35523423,115.23513,114.65720,114.079269,2025-05-02,12:20
2025-05-02 12:25:00,114.88,114.91,114.65,114.745,1800989,54.64093,114.87998,114.85198,0.26296980,0.28592646,-0.022956662,43.90165,60.26653,21.51473,30.68616,0.34843193,115.17305,114.69745,114.22185,2025-05-02,12:25
2025-05-02 12:30:00,114.745,114.8751,114.68,114.7524,1107704,54.78226,114.87413,114.83207,0.23920829,0.27658282,-0.037374537,29.91586,44.97547,20.60809,21.96038,0.33747957,115.13391,114.72707,114.32023,2025-05-02,12:30
2025-05-02 12:35:00,114.755,114.9799,114.71,114.9119,1183501,57.83177,114.91101,114.84803,0.23058936,0.26738413,-0.036794774,51.70027,41.83926,20.15077,54.90220,0.33265228,115.14208,114.75092,114.35975,2025-05-02,12:35
2025-05-02 12:40:00,114.9102,114.93,114.67,114.695,1111904,52.63333,114.90380,114.81743,0.20390597,0.25468850,-0.050782524,20.71390,34.11001,19.53281,5.080777,0.32746298,115.13971,114.75792,114.37612,2025-05-02,12:40
2025-05-02 12:45:00,114.695,114.7,114.47,114.5199,1588632,48.81830,114.83768,114.75792,0.16670821,0.23709244,-0.070384232,6.39696,26.27038,18.21742,-95.019530,0.32050104,115.12778,114.76341,114.39904,2025-05-02,12:45
2025-05-02 12:50:00,114.52,114.64,114.42,114.5815,1252720,50.18621,114.80896,114.72264,0.14057879,0.21778971,-0.077210922,19.45767,15.52284,17.20481,-110.20169,0.31332248,115.11939,114.76853,114.41768,2025-05-02,12:50
2025-05-02 12:55:00,114.58,114.65,114.4117,114.425,884680,46.76655,114.72785,114.66311,0.10602112,0.19543599,-0.089414872,1.58721,9.14728,16.21750,-131.73218,0.30796402,115.13101,114.76328,114.39555,2025-05-02,12:55
2025-05-02 13:00:00,114.43,114.455,114.22,114.34,1559995,44.97388,114.65229,114.59849,0.070956644,0.17054012,-0.099583478,11.65003,10.89830,16.098035,-190.042417,0.30275235,115.15708,114.74828,114.33948,2025-05-02,13:00
2025-05-02 13:05:00,114.335,114.38,113.95,113.9845,2028806,38.35277,114.55058,114.47569,0.014316938,0.13929549,-0.12497855,2.65385,5.29703,16.89729,-238.26050,0.31184149,115.24172,114.71500,114.18828,2025-05-02,13:05
2025-05-02 13:10:00,113.98,114.15,113.96,114.095001,1469921,41.24822,114.47836,114.39955,-0.021406911,0.10715501,-0.12856192,11.15415,8.48601,17.63945,-197.16868,0.30313870,115.27438,114.68275,114.091118,2025-05-02,13:10
2025-05-02 13:15:00,114.095497,114.3199,114.095497,114.3016,1132646,46.32409,114.42827,114.37996,-0.032671105,0.079189784,-0.11186089,27.046140,13.61805,17.43631,-122.18080,0.29755017,115.27940,114.66483,114.050261,2025-05-02,13:15
2025-05-02 13:20:00,114.3058,114.48,114.21,114.285,1432766,45.98048,114.35861,114.36097,-0.042447741,0.054862279,-0.097310020,25.76969,21.32333,16.50499,-86.020216,0.29558261,115.27460,114.64058,114.0065575,2025-05-02,13:20
2025-05-02 13:25:00,114.285,114.45,114.27,114.3645,811606,47.97161,114.32189,114.36168,-0.043282020,0.035233419,-0.078515439,35.27693,29.36425,15.64020,-68.13344,0.28732673,115.25877,114.61856,113.97834,2025-05-02,13:25
2025-05-02 13:30:00,114.365,114.43,114.19,114.245,894451,45.27041,114.29134,114.33834,-0.052975114,0.017591712,-0.070566827,28.64413,29.89692,15.17772,-77.39841,0.28394610,115.26239,114.60181,113.94122,2025-05-02,13:30
2025-05-02 13:35:00,114.245,114.6,114.22,114.5915,1252371,53.45447,114.29246,114.38897,-0.032324962,0.0076083776,-0.039933339,62.28786,42.069639,14.23768,-30.69655,0.29080689,115.24997,114.59338,113.93680,2025-05-02,13:35
2025-05-02 13:40:00,114.595,114.64,114.395,114.595,1252112,53.53011,114.31134,114.43018,-0.015498338,0.0029870345,-0.018485372,62.62788,51.18662,13.54186,-8.68473,0.28753517,115.17893,114.56739,113.95584,2025-05-02,13:40
2025-05-02 13:45:00,114.598,114.76,114.54,114.56,1660505,52.60989,114.33579,114.45614,-0.0049307815,0.0014034713,-0.0063342528,62.24475,62.38683,13.41122,16.67247,0.28271132,115.15201,114.55339,113.95476,2025-05-02,13:45
2025-05-02 13:50:00,114.565,114.64,114.38,114.5,1247359,50.99181,114.39307,114.46491,-0.0013812958,0.00084651787,-0.0022278136,67.90118,64.25793,12.50886,-8.59714,0.28108923,115.051902,114.52064,113.98937,2025-05-02,13:50
2025-05-02 13:55:00,114.5,114.53,114.336,114.4553,996181,49.76378,114.43310,114.46299,-0.0021504800,0.00024711830,-0.0023975983,62.38262,64.17618,11.76257,-21.82157,0.27486859,114.97202,114.49240,114.012778,2025-05-02,13:55
2025-05-02 14:00:00,114.455,114.67,114.43,114.641,1522085,54.64995,114.47081,114.49859,0.012085022,0.0026146991,0.0094703230,85.30833,71.86404,11.41695,37.85954,0.27237782,114.92731,114.47946,114.031603,2025-05-02,14:00
2025-05-02 14:05:00,114.645,114.8268,114.59,114.735,1451796,56.93345,114.52081,114.54587,0.030599189,0.0082115970,0.022387592,89.53047,79.073806,11.73417,93.43684,0.26983663,114.92564,114.47896,114.032269,2025-05-02,14:05
2025-05-02 14:10:00,114.73,114.8782,114.69,114.76,994863,57.54575,114.56476,114.58870,0.046750305,0.015919339,0.030830967,87.26626,87.36835,12.22572,116.29906,0.26400504,114.92696,114.47934,114.031708,2025-05-02,14:10
2025-05-02 14:15:00,114.775,114.8328,114.605,114.6223,1305273,53.070331,114.60668,114.59542,0.047886697,0.022312810,0.025573886,72.13045,82.97573,12.21489,88.91410,0.26141885,114.87253,114.46485,114.057183,2025-05-02,14:15
2025-05-02 14:20:00,114.61,114.79,114.585,114.785,976648,57.29630,114.62818,114.63334,0.061210588,0.030092366,0.031118222,88.093381,82.49670,12.094483,104.89045,0.25738906,114.88890,114.46936,114.049806,2025-05-02,14:20
2025-05-02 14:25:00,114.785,114.88,114.75,114.8,956656,57.67469,114.65096,114.66667,0.072148511,0.038503595,0.033644916,88.40655,82.87679,12.38278,128.53047,0.24828965,114.92675,114.48336,114.039974,2025-05-02,14:25
2025-05-02 14:30:00,114.81,114.935,114.8,114.91,1317103,60.44293,114.68985,114.71534,0.088670880,0.048537052,0.040133828,96.64509,91.048341,12.88756,137.62946,0.24019714,114.97936,114.49979,114.020212,2025-05-02,14:30
2025-05-02 14:35:00,114.9184,115.029999,114.88,114.925,1976342,60.81923,114.73707,114.75727,0.10180179,0.059190000,0.042611794,87.50045,90.85070,13.75079,136.58527,0.23375460,115.037167,114.52479,114.012405,2025-05-02,14:35
2025-05-02 14:40:00,114.9201,114.93,114.67,114.75,1344018,54.32575,114.76981,114.75582,0.096969056,0.066745812,0.030223245,65.43215,83.19256,13.29977,76.66754,0.23562942,115.059259,114.54529,114.031313,2025-05-02,14:40
2025-05-02 14:45:00,114.76,114.77,114.4,114.44,1938131,45.13331,114.74748,114.69265,0.067348513,0.066866352,0.00048216076,14.98615,55.97292,13.067024,-10.10167,0.24522697,115.016852,114.56806,114.11927,2025-05-02,14:45
2025-05-02 14:50:00,114.44,114.57,114.33,114.5,1485298,47.0024489,114.72137,114.65412,0.048160159,0.063125113,-0.014964954,24.28556,34.90128,13.13008,-47.046728,0.24485346,114.98321,114.58831,114.19342,2025-05-02,14:50
2025-05-02 14:55:00,114.496,114.58,114.37,114.5,993967,47.0024489,114.69248,114.62330,0.032577716,0.057015634,-0.024437918,24.28556,21.18576,13.13458,-48.45537,0.24236386,114.97329,114.59823,114.22317,2025-05-02,14:55
2025-05-02 15:00:00,114.5,114.5,114.27,114.3675,1238382,43.23044,114.66417,114.57214,0.0094282160,0.047498150,-0.038069934,12.82939,20.46684,13.55257,-95.44680,0.24148097,114.96516,114.60236,114.23955,2025-05-02,15:00
2025-05-02 15:05:00,114.3683,114.525,114.24,114.48,1234998,47.11148,114.63028,114.55371,0.00015830208,0.038030181,-0.037871879,30.38041,22.49845,14.062832,-82.39173,0.24458973,114.95909,114.60813,114.25717,2025-05-02,15:05
2025-05-02 15:10:00,114.475,114.5099,114.22,114.315,1117748,42.52019,114.57639,114.50597,-0.020268721,0.026370400,-0.046639121,11.72858,18.31279,14.62118,-115.060836,0.24782631,114.94917,114.61163,114.27409,2025-05-02,15:10
2025-05-02 15:15:00,114.31,114.53,114.3,114.49,1214831,48.27741,114.52972,114.50278,-0.022082068,0.016679907,-0.038761975,33.33302,25.14734,15.0012730,-72.69054,0.24655269,114.94818,114.60656,114.26493,2025-05-02,15:15
2025-05-02 15:20:00,114.4849,114.55,114.37,114.455,997437,47.25800,114.47750,114.49322,-0.026042840,0.0081353573,-0.034178197,29.012508,24.69137,15.21068,-61.12512,0.24179895,114.94752,114.59956,114.25159,2025-05-02,15:20
2025-05-02 15:25:00,114.455,114.54,114.41,114.47,5126769,47.76708,114.44639,114.48858,-0.027652692,0.00097774742,-0.028630439,30.86429,31.069939,15.40512,-50.22101,0.23381312,114.94725,114.59506,114.24286,2025-05-02,15:25
2025-05-02 15:30:00,114.47,114.48,114.18,114.305,1463616,42.86548,114.43139,114.45186,-0.041761308,-0.0075700636,-0.034191244,14.70591,24.86090,16.65614,-105.35322,0.23854097,114.95771,114.58531,114.21291,2025-05-02,15:30
2025-05-02 15:35:00,114.3049,114.41,114.12,114.335,1710926,43.99079,114.41306,114.42849,-0.049946089,-0.016045269,-0.033900821,23.62607,23.065425,18.051611,-111.30526,0.24221668,114.96359,114.57929,114.19499,2025-05-02,15:35
2025-05-02 15:40:00,114.335,114.4099,114.2,114.2699,2039396,42.054982,114.38749,114.39677,-0.060982773,-0.025032770,-0.035950003,16.47202,18.26800,19.34740,-97.59001,0.23990834,114.96656,114.56074,114.15491,2025-05-02,15:40
2025-05-02 15:45:00,114.265,114.3,113.9,113.97,2431024,34.51925,114.34332,114.31142,-0.092858134,-0.038597843,-0.054260292,6.79609,15.63140,21.55587,-164.22828,0.25134356,114.99425,114.52249,114.050722,2025-05-02,15:45
2025-05-02 15:50:00,113.97,114.34,113.96,114.25,3784911,44.51574,114.31777,114.29913,-0.094437410,-0.049765756,-0.044671654,40.22994,21.16602,23.27714,-112.15755,0.26053311,114.96977,114.49699,114.024199,2025-05-02,15:50
2025-05-02 15:55:00,114.255,114.63,114.050003,114.39,7938213,48.73028,114.32610,114.31731,-0.083430482,-0.056498701,-0.026931781,67.12339,38.049806,22.86397,-46.80429,0.28335176,114.95668,114.48537,114.014058,2025-05-02,15:55
2025-05-05 09:30:00,112.905,113.97,112.77,113.939,10255361,38.56712,114.26488,114.24165,-0.10983297,-0.067165554,-0.042667413,62.84978,56.73437,25.30265,-282.72688,0.37882683,114.94975,114.44307,113.93639,2025-05-05,09:30
2025-05-05 09:35:00,113.92,114.18,113.7,113.71,3577904,34.61893,114.18210,114.13532,-0.14753513,-0.083239470,-0.064295664,50.53775,60.17031,26.69226,-161.51247,0.38605373,114.96027,114.38857,113.81687,2025-05-05,09:35
2025-05-05 09:40:00,113.7248,114.019997,113.49,113.88,2825844,39.56495,114.11654,114.084253,-0.16183145,-0.098957866,-0.062873584,59.67743,57.68832,28.28843,-158.13447,0.39633552,114.89706,114.33707,113.77708,2025-05-05,09:40
2025-05-05 09:45:00,113.875,114.38,113.75,114.059998,2869508,44.36418,114.089322,114.079402,-0.15682904,-0.11053210,-0.046296935,69.35487,59.85668,28.43806,-66.76270,0.41302564,114.79614,114.29382,113.79150,2025-05-05,09:45
2025-05-05 09:50:00,114.074699,114.099998,113.64,113.81,2328064,39.65416,114.030988,114.025521,-0.17106556,-0.12263879,-0.048426767,55.91401,61.64877,28.77372,-113.15248,0.41638089,114.74550,114.24682,113.74814,2025-05-05,09:50
2025-05-05 09:55:00,113.81,114.019997,113.6703,113.7465,1923600,38.53508,113.97283,113.96972,-0.18533555,-0.13517814,-0.050157406,52.50006,59.25631,29.085402,-107.40798,0.41161749,114.74738,114.21214,113.67691,2025-05-05,09:55
2025-05-05 10:00:00,113.76,114.2,113.74,113.805,2480764,40.20922,113.95450,113.93677,-0.18973681,-0.14608988,-0.043646935,55.64534,54.68647,28.71073,-69.48895,0.41507332,114.72350,114.17739,113.63129,2025-05-05,10:00
2025-05-05 10:05:00,113.81,113.89,113.4714,113.645,2342718,37.22301,113.88728,113.87842,-0.20378668,-0.15762924,-0.046157440,47.042995,51.72947,28.91170,-119.42561,0.41532536,114.70630,114.13464,113.56299,2025-05-05,10:05
2025-05-05 10:10:00,113.63,113.6796,113.11,113.305,2587579,31.81587,113.76672,113.76373,-0.23959427,-0.17402224,-0.065572023,28.76363,43.81732,29.72219,-168.58991,0.42634519,114.74659,114.081520,113.41645,2025-05-05,10:10
2025-05-05 10:15:00,113.31,113.6,113.18,113.4601,2122795,36.35758,113.71351,113.70301,-0.25254574,-0.18972694,-0.062818797,37.10223,37.63628,30.47480,-136.52670,0.42589183,114.72146,114.030524,113.33959,2025-05-05,10:15
2025-05-05 10:20:00,113.47,113.5252,112.915,113.010002,2726349,30.093079,113.63573,113.56441,-0.29572000,-0.21092555,-0.084794442,12.90352,26.25646,31.59122,-166.41523,0.43905663,114.77303,113.96527,113.15752,2025-05-05,10:20
2025-05-05 10:25:00,113.014999,113.33,113.0049973,113.245,1990845,36.26756,113.56518,113.50053,-0.30742946,-0.23022633,-0.077203128,25.53795,25.18123,32.62790,-140.66009,0.43091005,114.73107,113.90302,113.074978,2025-05-05,10:25
2025-05-05 10:30:00,113.247,113.33,112.855,112.89,1676285,31.71099,113.43518,113.37842,-0.34141943,-0.25246495,-0.088954479,6.45176,14.96441,33.82290,-153.44856,0.43405923,114.72226,113.82477,112.92729,2025-05-05,10:30
2025-05-05 10:35:00,112.8744,113.35,112.66,113.27,2515662,40.34998,113.37518,113.35674,-0.33384576,-0.26874112,-0.065104646,35.46484,22.48485,35.21441,-122.76039,0.45234034,114.64191,113.76477,112.88764,2025-05-05,10:35
2025-05-05 10:40:00,113.275,113.41,113.15,113.369,1808096,42.39475,113.33323,113.35919,-0.31620950,-0.27823479,-0.037974705,41.22106,27.71255,36.23088,-73.89240,0.43860190,114.57446,113.71797,112.86149,2025-05-05,10:40
2025-05-05 10:45:00,113.3751,113.5,113.3,113.3,1473959,41.33138,113.27712,113.34735,-0.30429268,-0.28344637,-0.020846307,37.20941,37.96510,36.75768,-56.75724,0.42155869,114.49185,113.66622,112.84060,2025-05-05,10:45
2025-05-05 10:50:00,113.3049,113.55,113.3,113.547,1234232,46.50403,113.26623,113.38728,-0.27178519,-0.28111413,0.0093289462,51.56958,43.33335,37.012539,-32.14719,0.40930450,114.40879,113.63008,112.85137,2025-05-05,10:50
2025-05-05 10:55:00,113.5301,113.72,113.51,113.56,1343964,46.77005,113.29457,113.42182,-0.24218201,-0.27332771,0.031145696,58.44142,49.073466,36.47558,-1.23445,0.39506839,114.37285,113.60958,112.84631,2025-05-05,10:55
2025-05-05 11:00:00,113.57,113.8,113.47,113.775,1408104,51.10089,113.32956,113.49246,-0.19907742,-0.25847765,0.059400231,72.40277,60.80459,35.62878,24.57392,0.39042078,114.29559,113.58583,112.87607,2025-05-05,11:00
2025-05-05 11:05:00,113.78,113.81,113.48,113.5158,1470746,46.21876,113.38576,113.49713,-0.18371433,-0.24352499,0.059810654,55.57146,62.13855,34.79762,16.80572,0.38610460,114.14856,113.54212,112.93568,2025-05-05,11:05
2025-05-05 11:10:00,113.5197,113.75,113.45,113.71,1302328,50.067827,113.43742,113.53970,-0.15409249,-0.22563849,0.071545998,85.36578,71.11334,34.11286,24.77996,0.37995449,114.11494,113.53067,112.94640,2025-05-05,11:10
2025-05-05 11:15:00,113.7104,113.78,113.56,113.7485,1080444,50.81927,113.53281,113.58146,-0.12605739,-0.20572227,0.079664875,94.65210,78.52978,33.32526,44.13552,0.36852925,114.11947,113.53259,112.94572,2025-05-05,11:15
2025-05-05 11:20:00,113.75,113.97,113.67,113.9489,1555963,54.64560,113.60824,113.65495,-0.086669594,-0.18191173,0.095242140,98.38909,92.80232,31.68198,87.84561,0.36363453,114.13177,113.53604,112.94031,2025-05-05,11:20
2025-05-05 11:25:00,113.945,113.9483,113.845,113.9199,1070469,53.99099,113.66945,113.70794,-0.057135856,-0.15695656,0.099820702,96.17539,96.40553,30.15608,104.23618,0.34508185,114.10285,113.52903,112.95522,2025-05-05,11:25
2025-05-05 11:30:00,113.92,114.12,113.82,113.8352,2253790,52.030471,113.72892,113.73339,-0.040102584,-0.13358576,0.093483179,80.49278,91.68575,28.037605,107.43268,0.34186194,114.10667,113.53029,112.95391,2025-05-05,11:30
2025-05-05 11:35:00,113.835,113.85,113.6,113.64,1359711,47.72914,113.73925,113.71471,-0.041871774,-0.11524297,0.073371191,67.12304,81.26374,26.85486,47.26047,0.33530037,114.095197,113.52497,112.95474,2025-05-05,11:35
2025-05-05 11:40:00,113.646,113.8,113.4,113.54,1566769,45.64723,113.73703,113.67977,-0.050757807,-0.10234593,0.051588127,60.27382,69.29654,26.41721,20.50004,0.33992188,114.067434,113.51172,112.95600,2025-05-05,11:40
2025-05-05 11:45:00,113.53,113.6799,113.48,113.545,1048675,45.77453,113.71148,113.65282,-0.056742720,-0.093225291,0.036482571,40.72125,56.039371,26.010830,18.88193,0.32992016,114.059338,113.50672,112.95410,2025-05-05,11:45
2025-05-05 11:50:00,113.55,113.7955,113.5309,113.7,956933,49.70873,113.73194,113.66225,-0.048420539,-0.084264341,0.035843802,48.77976,49.92495,25.069029,47.31590,0.32525462,114.077070,113.52647,112.97587,2025-05-05,11:50
2025-05-05 11:55:00,113.6985,113.72,113.5,113.565,868347,46.54159,113.71583,113.64280,-0.052117303,-0.077834933,0.025717630,32.31701,40.60601,24.30965,20.10040,0.31773652,114.081684,113.53171,112.98175,2025-05-05,11:55
2025-05-05 12:00:00,113.565,113.75,113.56,113.7499,979754,51.13402,113.71599,113.66422,-0.039669971,-0.070201941,0.030531970,48.59704,43.23127,23.44946,45.23793,0.30861266,114.070781,113.56871,113.066638,2025-05-05,12:00
2025-05-05 12:05:00,113.745,113.8,113.6382,113.67,857254,49.16829,113.68500,113.66538,-0.035839709,-0.063329494,0.027489785,37.49947,39.47117,22.38666,47.41170,0.29812634,114.070963,113.58996,113.10896,2025-05-05,12:05
2025-05-05 12:10:00,113.6672,113.77,113.6509,113.7499,551090,51.18906,113.66611,113.68228,-0.026056361,-0.055874868,0.029818507,48.59704,44.89785,21.39978,50.46387,0.28533838,113.99503,113.63295,113.27088,2025-05-05,12:10
2025-05-05 12:15:00,113.745,113.9,113.71,113.855,1018497,53.79127,113.66831,113.71683,-0.0097101582,-0.046641926,0.036931768,63.19459,49.76370,19.95950,94.76453,0.27852867,113.99565,113.66220,113.32875,2025-05-05,12:15
2025-05-05 12:20:00,113.85,113.95,113.8314,113.91,946871,55.13908,113.69831,113.75546,0.0075948417,-0.035794572,0.043389414,70.83351,60.87505,18.87647,132.080262,0.26710512,114.010735,113.68925,113.36777,2025-05-05,12:20
2025-05-05 12:25:00,113.9001,113.92,113.73,113.785,731355,51.46501,113.72553,113.76137,0.011094829,-0.026416692,0.037511521,53.47243,62.50018,17.73197,70.041408,0.26159724,113.98281,113.71350,113.44420,2025-05-05,12:25
2025-05-05 12:30:00,113.78,113.78,113.61,113.68,32965,48.53911,113.74053,113.74510,0.0053341874,-0.020066516,0.025400704,38.88861,54.39818,17.25992,-20.033474,0.25541198,113.97906,113.72015,113.46125,2025-05-05,12:30
2025-05-05 12:35:00,113.705,113.88,113.68,113.87,71378,53.67160,113.75942,113.77008,0.015916771,-0.012869859,0.028786629,65.27746,52.54616,16.25825,58.24135,0.25145398,113.99145,113.73566,113.47986,2025-05-05,12:35
2025-05-05 12:40:00,113.96,114.059998,113.94,114.021301,2794702,57.32191,113.81012,113.82032,0.036096198,-0.0030766475,0.039172845,94.13689,66.10099,15.75755,161.59186,0.24706424,114.032280,113.74797,113.46366,2025-05-05,12:40
2025-05-05 12:45:00,114.027298,114.035004,113.9215,114.014999,643298,57.12004,113.83958,113.85926,0.050992223,0.0077371267,0.043255097,93.18205,84.19880,15.18954,130.83122,0.23752411,114.058973,113.77293,113.48689,2025-05-05,12:45
2025-05-05 12:50:00,114.0298,114.059998,113.85,113.955,1048287,55.12939,113.87125,113.87841,0.057295661,0.017648833,0.039646827,81.89711,89.73868,14.26079,98.41156,0.23555804,114.080237,113.78518,113.49012,2025-05-05,12:50
2025-05-05 12:55:00,113.955,114.050003,113.935,114.019302,745332,56.86442,113.90118,113.90659,0.066710697,0.027461206,0.039249491,92.73297,89.27071,13.39838,110.93198,0.22694714,114.11020,113.79872,113.48724,2025-05-05,12:55
2025-05-05 13:00:00,114.014999,114.040001,113.88,113.9164,905139,53.31159,113.90800,113.90855,0.065117946,0.034992554,0.030125392,74.35695,82.99568,12.60940,76.31071,0.22216547,114.10575,113.79710,113.48844,2025-05-05,13:00
2025-05-05 13:05:00,113.91,114.059998,113.89,114.050003,882509,57.062554,113.92356,113.93684,0.073786005,0.042751244,0.031034760,98.0010986,88.36367,11.75179,98.96714,0.21843923,114.12744,113.80360,113.47976,2025-05-05,13:05
2025-05-05 13:10:00,114.040001,114.099998,113.92,113.945,1137067,53.42946,113.94133,113.93847,0.071360016,0.048472999,0.022887018,68.36750,80.24185,11.12459,89.53939,0.21569359,114.13856,113.80909,113.47962,2025-05-05,13:10
2025-05-05 13:15:00,113.945,113.99,113.87,113.9798,774220,54.46415,113.97464,113.94674,0.071421976,0.053062794,0.018359182,75.46908,80.61256,10.45339,62.37416,0.20885799,114.15396,113.82608,113.49820,2025-05-05,13:15
2025-05-05 13:20:00,113.97,114.050003,113.95,114.029999,470113,55.98353,113.99242,113.96339,0.074661266,0.057382488,0.017278777,85.71430,76.51696,9.98801,84.65687,0.20108285,114.16212,113.85058,113.53904,2025-05-05,13:20
2025-05-05 13:25:00,114.029999,114.16,114.029999,114.13,1744692,58.92365,114.0044996,113.99671,0.084325416,0.062771074,0.021554342,94.54433,85.24257,10.23561,122.50229,0.19600586,114.18078,113.87983,113.57888,2025-05-05,13:25
2025-05-05 13:30:00,114.135,114.32,114.099998,114.255,1068836,62.31247,114.031166,114.048368,0.10090758,0.070398375,0.030509205,90.84472,90.36778,11.29591,165.73269,0.19771981,114.23799,113.90758,113.57717,2025-05-05,13:30
2025-05-05 13:35:00,114.26,114.37,114.18,114.29,876816,63.22736,114.068388,114.096694,0.11554168,0.079427035,0.036114641,89.47348,91.62084,12.51196,180.0013314,0.19716857,114.27503,113.94383,113.61263,2025-05-05,13:35
2025-05-05 13:40:00,114.29,114.32,114.1906,114.1999,587762,59.24075,114.088454,114.11734,0.11850271,0.087242169,0.031260536,75.34720,85.22180,13.64114,146.52247,0.19232811,114.30287,113.96633,113.62979,2025-05-05,13:40
2025-05-05 13:45:00,114.2,114.27,114.1849,114.235,468954,60.29119,114.12385,114.14087,0.12227237,0.094248209,0.028024160,74.038264,79.61965,14.63757,130.89580,0.18466884,114.32160,113.99458,113.66756,2025-05-05,13:45
2025-05-05 13:50:00,114.2301,114.34,114.16,114.3008,884750,62.25478,114.15172,114.17285,0.12908107,0.10121478,0.027866287,86.69122,78.69223,15.92455,133.36254,0.18433483,114.35482,114.022125,113.68943,2025-05-05,13:50
2025-05-05 13:55:00,114.3097,114.36,114.25,114.26,717359,60.26496,114.18672,114.19028,0.12969026,0.10690988,0.022780380,78.84621,79.85856,17.22096,122.19059,0.17902524,114.38117,114.042375,113.70358,2025-05-05,13:55
2025-05-05 14:00:00,114.27,114.32,114.21,114.305,732944,61.71844,114.22285,114.21323,0.13227919,0.11198374,0.020295449,86.99951,84.17898,18.0090880,100.88479,0.17409491,114.41356,114.062125,113.71069,2025-05-05,14:00
2025-05-05 14:05:00,114.305,114.53,114.265,114.43,1383745,65.49439,114.26730,114.25658,0.14277161,0.11814131,0.024630295,84.84862,83.56478,19.75072,137.81985,0.18058809,114.45639,114.094375,113.73236,2025-05-05,14:05
2025-05-05 14:10:00,114.42,114.47,114.37,114.455,604226,66.21225,114.30341,114.29627,0.15135956,0.12478496,0.026574599,88.63676,86.82830,21.36795,132.72877,0.17483168,114.47477,114.13312,113.79148,2025-05-05,14:10
2025-05-05 14:15:00,114.455,114.47,114.29,114.3272,703442,59.40855,114.31143,114.30245,0.14616825,0.12906162,0.017106629,69.27301,80.91946,22.055096,93.45864,0.17520087,114.48510,114.15598,113.82687,2025-05-05,14:15
2025-05-05 14:20:00,114.3297,114.3899,114.31,114.335,515628,59.68076,114.31643,114.30896,0.14105725,0.13146074,0.0095965025,70.45441,76.12139,22.69316,77.92626,0.16839386,114.50350,114.17167,113.83984,2025-05-05,14:20
2025-05-05 14:25:00,114.33,114.44,114.315,114.371,620507,60.98192,114.33544,114.32137,0.13831746,0.13283209,0.0054853685,72.58688,70.77143,23.55663,83.85814,0.16529429,114.52396,114.18947,113.85498,2025-05-05,14:25
2025-05-05 14:30:00,114.37,114.55,114.34,114.5301,773688,66.17637,114.36823,114.36312,0.14728603,0.13572287,0.011563152,96.17213,79.73781,24.89426,119.23514,0.16848804,114.56577,114.21822,113.87068,2025-05-05,14:30
2025-05-05 14:35:00,114.535,114.62,114.465,114.573,1000415,67.43531,114.39848,114.40509,0.15605644,0.13978959,0.016266854,90.96071,86.57324,26.43758,144.84505,0.16752507,114.61330,114.24591,113.87852,2025-05-05,14:35
2025-05-05 14:40:00,114.575,114.66,114.5,114.655,1002056,69.75279,114.44237,114.45507,0.16769080,0.14536983,0.022320967,98.99902,95.37729,28.035097,156.40773,0.16698782,114.65871,114.28284,113.90697,2025-05-05,14:40
2025-05-05 14:45:00,114.65,114.66,114.53,114.5701,819115,64.62486,114.47182,114.47808,0.16812239,0.14992034,0.018202044,82.019043,90.65959,29.51851,132.67491,0.16434618,114.68863,114.30884,113.92906,2025-05-05,14:45
2025-05-05 14:50:00,114.57,114.6355,114.3,114.34,1071112,53.20780,114.46182,114.45046,0.14818884,0.14957404,-0.0013851999,35.99854,72.33887,28.52609,51.13605,0.17657110,114.66976,114.32859,113.98743,2025-05-05,14:50
2025-05-05 14:55:00,114.3286,114.34,114.13,114.18,1264579,46.99132,114.43127,114.39637,0.11811941,0.14328312,-0.025163702,9.43442,42.48400,26.61737,-65.22334,0.17895881,114.64856,114.33860,114.028645,2025-05-05,14:55
2025-05-05 15:00:00,114.18,114.265,114.07,114.26,969564,50.12889,114.42380,114.36910,0.099596568,0.13454581,-0.034949238,32.20359,25.87885,25.22503,-87.25434,0.18010459,114.62891,114.35010,114.071296,2025-05-05,15:00
2025-05-05 15:05:00,114.26,114.34,114.14,114.1698,756049,46.76769,114.40544,114.32924,0.076753736,0.12298739,-0.046233656,16.91516,19.51772,23.43452,-83.34876,0.18152547,114.62510,114.35209,114.079092,2025-05-05,15:05
2025-05-05 15:10:00,114.16,114.225,114.040001,114.1699,971920,46.77191,114.38310,114.29737,0.057990156,0.10998794,-0.051997789,20.95121,23.35665,22.38561,-121.44429,0.18177348,114.62929,114.34784,114.066394,2025-05-05,15:10
2025-05-05 15:15:00,114.165,114.37,114.14,114.31,1175223,52.50756,114.35864,114.29989,0.053804443,0.098751245,-0.044946802,43.54765,27.13801,21.10892,-43.65961,0.18521847,114.62960,114.34884,114.068082,2025-05-05,15:15
2025-05-05 15:20:00,114.3166,114.35,114.15,114.2682,1010602,50.75066,114.32478,114.29356,0.046577902,0.088316576,-0.041738674,36.80674,33.76854,19.92341,-55.059486,0.18627408,114.62729,114.35225,114.077224,2025-05-05,15:20
2025-05-05 15:25:00,114.2648,114.42,114.2201,114.374,945974,54.86746,114.29356,114.30965,0.048824912,0.080418243,-0.031593331,53.87067,44.74169,19.25850,-9.018543,0.18724720,114.62901,114.35920,114.089402,2025-05-05,15:25
2025-05-05 15:30:00,114.36,114.5482,114.335,114.51,1054515,59.54857,114.28688,114.34972,0.060878110,0.076510216,-0.015632107,75.80631,55.49458,19.35581,64.095816,0.18910121,114.64575,114.36967,114.093582,2025-05-05,15:30
2025-05-05 15:35:00,114.5,114.62,114.48,114.51,1035089,59.54857,114.30577,114.38177,0.069627731,0.075133719,-0.0055059886,75.80631,68.49443,19.80477,97.0090725,0.18559394,114.65989,114.38217,114.10444,2025-05-05,15:35
2025-05-05 15:40:00,114.515,114.55,114.25,114.29,1304542,49.84875,114.31799,114.36342,0.058139414,0.071734858,-0.013595445,40.32240,63.97834,18.61428,-9.52313,0.19376602,114.66005,114.38142,114.10278,2025-05-05,15:40
2025-05-05 15:45:00,114.28,114.32,114.050003,114.2562,1493072,48.54061,114.31757,114.34198,0.045779884,0.066543863,-0.020763979,34.87110,50.33327,18.11868,-94.17902,0.19921106,114.65556,114.37273,114.089887,2025-05-05,15:45
2025-05-05 15:50:00,114.26,114.37,113.6901,113.8702,2409758,36.69652,114.28428,114.24762,0.0047826340,0.054191617,-0.049408983,18.56883,31.25411,19.032198,-191.50421,0.23354607,114.69807,114.34349,113.98890,2025-05-05,15:50
2025-05-05 15:55:00,113.875,114.019997,113.67,113.81,4303101,35.25176,114.24429,114.16010,-0.032194784,0.036914337,-0.069109121,14.50020,22.64671,19.94427,-208.99335,0.24186410,114.74180,114.31763,113.89345,2025-05-05,15:55
2025-05-06 09:30:00,111.445,111.98,111.12,111.49,10919064,13.38395,113.93096,113.62608,-0.24587000,-0.019642531,-0.22622747,10.57129,14.54677,23.90145,-546.69753,0.41673058,115.47846,114.17537,112.87229,2025-05-06,09:30
2025-05-06 09:35:00,111.5,112.010002,111.445,111.86,3505416,21.72376,113.66338,113.27286,-0.38096154,-0.091906332,-0.28905521,21.14280,15.40476,27.47548,-298.65633,0.42732142,115.69284,114.049825,112.40681,2025-05-06,09:35
2025-05-06 09:40:00,111.855,112.0,111.48,111.5099,3123476,19.78281,113.34515,112.92027,-0.51038906,-0.17560288,-0.33478618,11.14001,14.28470,30.79423,-218.98056,0.43394108,115.86157,113.89882,111.93606,2025-05-06,09:40
2025-05-06 09:45:00,111.51,111.85,111.4,111.5755,2612286,21.20341,113.019090,112.65132,-0.60074314,-0.26063093,-0.34011221,13.014221,15.099008,33.92100,-169.41105,0.43508793,115.92867,113.74894,111.56922,2025-05-06,09:45
2025-05-06 09:50:00,111.57,111.615,110.822,110.88,3645985,17.63705,112.61576,112.29705,-0.72016903,-0.35253855,-0.36763048,1.52708,8.56044,37.11243,-161.31023,0.46065303,116.028119,113.56019,111.092261,2025-05-06,09:50
2025-05-06 09:55:00,110.8853,111.37,110.84,111.099998,2722131,22.10044,112.26131,112.057641,-0.78797932,-0.43962671,-0.34835262,7.31963,7.28698,40.075903,-131.66851,0.46560684,116.028045,113.38669,110.74533,2025-05-06,09:55
2025-05-06 10:00:00,111.11,111.54,110.9203,111.425,2875457,28.28347,111.94673,111.93111,-0.80620093,-0.51294155,-0.29325938,15.87688,8.24120,42.17317,-102.82061,0.47661332,115.97584,113.24094,110.50603,2025-05-06,10:00
2025-05-06 10:05:00,111.42,111.82,111.42,111.8051,2570079,34.80118,111.71728,111.90591,-0.78096856,-0.56654695,-0.21442161,25.88467,16.36039,43.11110,-72.69220,0.47114105,115.88972,113.12219,110.35466,2025-05-06,10:05
2025-05-06 10:10:00,111.8088,112.13,111.73,111.9151,3244850,36.59703,111.50673,111.90775,-0.74352470,-0.60194250,-0.14158220,28.78095,23.51416,42.97856,-54.020479,0.46605911,115.76841,113.0049454,110.24148,2025-05-06,10:10
2025-05-06 10:15:00,111.915,112.48,111.79,112.44,2714526,44.45872,111.61229,112.014199,-0.66384258,-0.61432252,-0.049520062,43.40134,32.68899,41.85570,-34.20436,0.48205506,115.63862,112.91846,110.19829,2025-05-06,10:15
2025-05-06 10:20:00,112.44,112.9258,112.44,112.755,3443401,48.57925,111.71173,112.16236,-0.56872062,-0.60520214,0.036481519,54.48130,42.22119,39.72539,-7.21683,0.48232213,115.50692,112.84771,110.18850,2025-05-06,10:20
2025-05-06 10:25:00,112.77,112.97,112.47,112.655,2920644,47.37758,111.83897,112.26089,-0.49569080,-0.58329987,0.087609067,51.66285,49.84850,37.64629,-3.75876,0.48358484,115.33863,112.76496,110.19129,2025-05-06,10:25
2025-05-06 10:30:00,112.65,113.13,112.59,113.040001,2706468,52.27263,112.0016886,112.41671,-0.40211239,-0.54706237,0.14494998,69.35596,58.50004,35.34535,13.35540,0.48761456,115.18787,112.70355,110.21923,2025-05-06,10:30
2025-05-06 10:35:00,113.025002,113.19,112.86,113.13,2151818,53.36469,112.25169,112.55937,-0.31703430,-0.50105676,0.18402246,97.46600,72.82827,33.068845,27.21514,0.47635651,115.015098,112.64135,110.26760,2025-05-06,10:35
2025-05-06 10:40:00,113.125,113.23,112.975,113.035004,1707710,52.011882,112.46669,112.65449,-0.25434259,-0.45171393,0.19737134,91.90202,86.24133,30.85766,35.26311,0.46054568,114.79146,112.56760,110.34374,2025-05-06,10:40
2025-05-06 10:45:00,113.050003,113.25,113.010002,113.145,1641296,53.48235,112.65780,112.75259,-0.19355229,-0.40008160,0.20652931,95.67532,95.014447,28.75310,47.23348,0.44479226,114.55823,112.49935,110.44047,2025-05-06,10:45
2025-05-06 10:50:00,113.14,113.15,112.82,112.92,1706629,50.10044,112.78168,112.78608,-0.16166743,-0.35239877,0.19073133,86.40850,91.32861,27.27192,43.066481,0.43659294,114.33199,112.43085,110.52971,2025-05-06,10:50
2025-05-06 10:55:00,112.9101,112.97,112.7,112.715,1335670,47.17350,112.87055,112.77186,-0.15119748,-0.31215851,0.16096103,77.96527,86.68303,26.18357,38.52070,0.42469375,114.068533,112.35379,110.63905,2025-05-06,10:55
2025-05-06 11:00:00,112.71,112.87,112.69,112.8399,1321923,49.12370,112.91499,112.78547,-0.13130788,-0.27598838,0.14468050,82.98331,82.45236,25.19749,47.78877,0.40721565,113.88881,112.30227,110.71574,2025-05-06,11:00
2025-05-06 11:05:00,112.835,112.93,112.58,112.62,690291,45.91022,112.89999,112.75237,-0.13177013,-0.24714473,0.11537461,72.95785,77.96881,24.55859,48.45412,0.40312882,113.68099,112.24277,110.80456,2025-05-06,11:05
2025-05-06 11:10:00,112.63,112.73,112.59,112.69,1773630,47.096661,112.90388,112.73990,-0.12504639,-0.22272506,0.097678673,69.39907,75.11341,23.96533,39.66927,0.38433414,113.71016,112.30277,110.89539,2025-05-06,11:10
2025-05-06 11:15:00,112.71,112.8189,112.58,112.76,1013689,48.31745,112.87277,112.74392,-0.11276946,-0.20073394,0.087964486,67.76323,70.040050,23.083994,40.85434,0.37394593,113.75321,112.34777,110.94234,2025-05-06,11:15
2025-05-06 11:20:00,112.765,113.115,112.7,113.029999,1591776,52.83807,112.86166,112.80114,-0.080327459,-0.17665265,0.096325187,84.93141,74.031237,21.60061,61.030898,0.37687843,113.80393,112.42378,111.043629,2025-05-06,11:20
2025-05-06 11:25:00,113.0049973,113.13,112.9,113.07,953466,53.48719,112.86554,112.85491,-0.050803571,-0.15148283,0.10067926,77.77767,76.82410,20.27041,66.79854,0.36638681,113.84835,112.49850,111.14866,2025-05-06,11:25
2025-05-06 11:30:00,113.065002,113.089996,112.865,113.065002,877608,53.38833,112.85666,112.89693,-0.027492003,-0.12668467,0.099192662,76.28233,79.66380,18.91220,62.23518,0.35628764,113.75432,112.60775,111.46119,2025-05-06,11:30
2025-05-06 11:35:00,113.065002,113.16,113.010002,113.055,866978,53.17647,112.87166,112.92854,-0.0097125458,-0.10329024,0.093577695,70.89557,74.98519,17.89625,75.35495,0.34155292,113.63380,112.70550,111.77721,2025-05-06,11:35
2025-05-06 11:40:00,113.050102,113.14,112.76,112.815,1234312,48.23089,112.88277,112.90583,-0.014817216,-0.085595636,0.070778420,35.074991,60.75096,17.16502,37.69234,0.34429895,113.49394,112.77500,112.056066,2025-05-06,11:40
2025-05-06 11:45:00,112.8149,112.94,112.76,112.84,1291490,48.76530,112.88278,112.89267,-0.016653930,-0.071807295,0.055153365,38.80542,48.25866,16.48602,11.38926,0.33256333,113.39143,112.82675,112.26207,2025-05-06,11:45
2025-05-06 11:50:00,112.831,112.8998,112.63,112.685,1209723,45.62017,112.89000,112.85113,-0.030267737,-0.063499383,0.033231647,15.67128,29.85056,16.29355,-47.48158,0.32808066,113.25349,112.86524,112.47700,2025-05-06,11:50
2025-05-06 11:55:00,112.69,112.83,112.64,112.73,621839,46.69519,112.89444,112.82691,-0.036998687,-0.058199244,0.021200557,25.86248,26.77973,16.11483,-70.84052,0.31821793,113.22236,112.87974,112.53713,2025-05-06,11:55
2025-05-06 12:00:00,112.72,112.93,112.71,112.905,801453,50.77041,112.91056,112.84253,-0.027890838,-0.052137563,0.024246725,56.033918,32.52256,15.49428,-18.68620,0.31120245,113.22514,112.88724,112.54934,2025-05-06,12:00
2025-05-06 12:05:00,112.9049,112.9049,112.6201,112.6449,699777,45.23489,112.86777,112.80300,-0.041186037,-0.049947258,0.0087612206,11.18915,31.028517,15.25770,-85.10273,0.30932348,113.22605,112.88674,112.54743,2025-05-06,12:05
2025-05-06 12:10:00,112.65,113.79,112.6,113.6797,2933633,62.67223,112.93551,112.97834,0.031415423,-0.033674721,0.065090145,90.88446,52.70251,16.12311,200.73962,0.37222912,113.40049,112.91872,112.43695,2025-05-06,12:10
2025-05-06 12:15:00,113.69,113.69,113.26,113.3499,1835259,56.49790,112.96717,113.052652,0.061629791,-0.014613819,0.076243610,63.62794,55.23385,16.92670,199.26507,0.37635563,113.43950,112.92972,112.41994,2025-05-06,12:15
2025-05-06 12:20:00,113.35,113.445,112.83,112.92,1715136,49.63371,112.95217,113.026121,0.050305575,-0.0016299402,0.051935515,28.098892,60.87043,16.16497,55.14634,0.39340150,113.43146,112.92397,112.41648,2025-05-06,12:20
2025-05-06 12:25:00,112.95,113.17,112.91,113.017899,1070451,51.091000,112.97471,113.024477,0.048669762,0.0084300002,0.040239761,35.11758,42.28147,15.45764,45.92094,0.38387243,113.41699,112.91761,112.41824,2025-05-06,12:25
2025-05-06 12:30:00,113.010101,113.17,112.93,113.1213,1124462,52.64933,113.0059662,113.043841,0.055082028,0.017760406,0.037321622,43.80674,35.67440,14.80084,58.29445,0.37359568,113.43489,112.92768,112.42046,2025-05-06,12:30
2025-05-06 12:35:00,113.1236,113.4,113.11,113.21,1285497,54.0031960,113.064300,113.077073,0.066553898,0.027519104,0.039034794,51.26045,43.39492,14.85841,109.070924,0.36762462,113.46401,112.95243,112.44085,2025-05-06,12:35
2025-05-06 12:40:00,113.2131,113.39,112.96,113.010002,1295207,50.49724,113.095411,113.063659,0.058829209,0.033781125,0.025048084,34.45402,43.17374,14.37155,57.89996,0.37208003,113.47040,112.96094,112.45147,2025-05-06,12:40
2025-05-06 12:45:00,113.010002,113.050003,112.88,112.92,1187124,48.95688,113.097077,113.034927,0.044926881,0.036010276,0.0089166045,26.89068,37.53505,13.63994,-10.32084,0.35764616,113.46147,112.97593,112.49040,2025-05-06,12:45
2025-05-06 12:50:00,112.92,112.92,112.6201,112.825,1411821,47.31622,113.11709,112.99294,0.025944311,0.033997083,-0.0080527723,18.90740,26.75070,13.20725,-79.75569,0.35352116,113.45572,112.98268,112.50965,2025-05-06,12:50
2025-05-06 12:55:00,112.825,112.87,112.62,112.63,1059865,44.052843,113.00045437,112.92035,-0.0047792658,0.026241813,-0.031021079,2.52090,16.10632,12.80578,-112.70888,0.34612679,113.46460,112.97618,112.48777,2025-05-06,12:55
2025-05-06 13:00:00,112.63,113.029999,112.61,112.85,1404164,48.37861,112.94491,112.90628,-0.011246025,0.018744246,-0.029990270,21.0083603,14.14555,11.92037,-57.55451,0.35140332,113.45793,112.96718,112.47644,2025-05-06,13:00
2025-05-06 13:05:00,112.845,113.115,112.8301,113.019997,993198,51.49921,112.95602,112.92902,-0.0026233063,0.014470735,-0.017094042,35.29389,19.60772,11.38836,6.14342,0.34665286,113.45382,112.96468,112.47555,2025-05-06,13:05
2025-05-06 13:10:00,113.020302,113.050003,112.84,112.965,809892,50.43687,112.95014,112.93622,-0.00022520880,0.011531547,-0.011756755,30.67203,28.99143,10.89436,-7.52559,0.33689242,113.44665,112.95968,112.47271,2025-05-06,13:10
2025-05-06 13:15:00,112.97,113.12,112.93,113.029999,620985,51.70485,112.94000,112.95497,0.0068415890,0.010593555,-0.0037519661,36.13441,34.033441,10.69150,24.10805,0.32640028,113.44455,112.95843,112.47232,2025-05-06,13:15
2025-05-06 13:20:00,113.029999,113.040001,112.67,112.809,1046469,47.27644,112.89544,112.92578,-0.0053293962,0.0074089648,-0.012738361,18.42566,28.41070,10.35919,-50.34809,0.32951474,113.44461,112.95813,112.47166,2025-05-06,13:20
2025-05-06 13:25:00,112.799,112.99,112.67,112.92,973184,49.61080,112.88544,112.92462,-0.0059496287,0.0047372461,-0.010686875,37.12550,30.56186,10.050612,-42.57901,0.32883509,113.44597,112.96213,112.47830,2025-05-06,13:25
2025-05-06 13:30:00,112.93,113.089996,112.91,113.040001,803569,52.080963,112.89878,112.94770,0.0032051049,0.0044308179,-0.0012257130,54.43036,36.66051,9.34765,14.65987,0.31820349,113.44752,112.97988,112.51225,2025-05-06,13:30
2025-05-06 13:35:00,113.050003,113.099998,112.84,112.86,796727,48.25944,112.90267,112.93016,-0.0040179072,0.0027410729,-0.0067589800,31.64553,41.067128,8.97860,-25.44402,0.31404625,113.44344,112.98638,112.52933,2025-05-06,13:35
2025-05-06 13:40:00,112.855,112.87,112.72,112.79,792062,46.82063,112.92044,112.90213,-0.015215195,-0.00085018078,-0.014365015,22.78482,36.28690,9.10433,-86.53132,0.30232877,113.44449,112.98063,112.51678,2025-05-06,13:40
2025-05-06 13:45:00,112.79,112.9297,112.7347,112.8996,1040131,49.36598,112.92595,112.90162,-0.015071886,-0.0036945218,-0.011377364,37.12782,30.51939,8.94128,-64.63307,0.29466241,113.43300,112.99337,112.55373,2025-05-06,13:45
2025-05-06 13:50:00,112.9,113.050003,112.865,112.98,795491,51.21101,112.92151,112.91730,-0.0083736782,-0.0046303531,-0.0037433251,72.54925,44.15397,8.35931,-4.47884,0.28682975,113.26532,112.95838,112.65145,2025-05-06,13:50
2025-05-06 13:55:00,112.98,113.0765,112.83,112.875,809794,48.71458,112.91151,112.90884,-0.011406704,-0.0059856233,-0.0054210809,51.96045,53.87917,7.86281,-13.89513,0.28394892,113.18501,112.93464,112.68427,2025-05-06,13:55
2025-05-06 14:00:00,112.88,113.305,112.88,113.14,1221701,54.71445,112.92373,112.95507,0.0074865367,-0.0032911913,0.010777728,76.25885,66.92285,8.16510,103.56260,0.29438116,113.21134,112.94564,112.67994,2025-05-06,14:00
2025-05-06 14:05:00,113.1399,113.2387,112.99,113.2387,872451,56.74426,112.97148,113.011797,0.030077239,0.0033824947,0.026694744,90.46051,72.89327,8.44580,122.63217,0.29111844,113.25035,112.95668,112.66301,2025-05-06,14:05
2025-05-06 14:10:00,113.235,113.27,113.040001,113.235,773997,56.64176,113.0064782,113.056437,0.047138569,0.012133710,0.035004860,88.97646,85.23194,8.83650,128.20094,0.28675253,113.27250,112.96236,112.65223,2025-05-06,14:10
2025-05-06 14:15:00,113.2313,113.61,113.23,113.6,1408396,63.62219,113.068700,113.16515,0.089085155,0.027523999,0.061561157,98.93595,92.79097,10.39874,262.76281,0.29341287,113.38648,112.98186,112.57725,2025-05-06,14:15
2025-05-06 14:20:00,113.605,113.7199,113.52,113.7,1192127,65.27180,113.16203,113.27212,0.12891116,0.047801431,0.081109730,98.10410,95.33884,12.16411,267.37735,0.28673376,113.52816,113.016364,112.50457,2025-05-06,14:20
2025-05-06 14:25:00,113.695,113.78,113.57,113.68,1388870,64.64056,113.26092,113.35370,0.15704962,0.069651070,0.087398555,90.99113,96.010394,13.97066,210.18604,0.28125271,113.63950,113.054364,112.46923,2025-05-06,14:25
2025-05-06 14:30:00,113.67,113.8,113.64,113.73,1106405,65.53806,113.35319,113.42896,0.18129454,0.091979763,0.089314774,93.80536,94.30020,15.70523,178.53616,0.27259207,113.74380,113.099614,112.45543,2025-05-06,14:30
2025-05-06 14:35:00,113.73,113.8,113.56,113.755,1303896,66.0025736,113.43930,113.49416,0.20021762,0.11362733,0.086590286,95.83280,93.54310,16.80097,144.55244,0.27026445,113.82228,113.15586,112.48945,2025-05-06,14:35
2025-05-06 14:40:00,113.74,113.88,113.6,113.625,1393484,61.36923,113.52263,113.52033,0.20239156,0.13138018,0.071011383,78.017403,89.21852,18.080293,121.59598,0.27095976,113.87536,113.19461,112.51387,2025-05-06,14:40
2025-05-06 14:45:00,113.62,113.73,113.58,113.7201,956918,63.39375,113.58709,113.56029,0.20937470,0.14697908,0.062395613,86.21574,86.68865,19.13246,99.096298,0.26231989,113.94211,113.22962,112.51713,2025-05-06,14:45
2025-05-06 14:50:00,113.725,114.1099,113.66,114.099899,2307406,70.12698,113.68278,113.66821,0.24275712,0.16613469,0.076622431,99.27268,87.83527,21.18459,133.34256,0.27571831,114.081495,113.28636,112.49123,2025-05-06,14:50
2025-05-06 14:55:00,114.089996,114.12,113.935,114.050102,1472000,68.35176,113.77334,113.74459,0.26217257,0.18534227,0.076830300,94.58136,93.35659,23.11386,127.022794,0.26923880,114.18904,113.33737,112.48570,2025-05-06,14:55
2025-05-06 15:00:00,114.050003,114.07,113.9,114.029999,1019648,67.60769,113.82112,113.80167,0.27279268,0.20283235,0.069960332,93.022953,95.62566,24.65946,107.61707,0.26215018,114.26476,113.39842,112.53208,2025-05-06,15:00
2025-05-06 15:05:00,114.035004,114.044998,113.8,113.88,1111928,62.16952,113.84112,113.81734,0.26603860,0.21547360,0.050565002,80.64480,89.41637,25.40491,83.83085,0.26092482,114.30778,113.44642,112.58506,2025-05-06,15:05
2025-05-06 15:10:00,113.88,114.099998,113.78,114.070999,1119137,65.92775,113.88457,113.86807,0.27295178,0.22696924,0.045982547,95.66342,89.77706,26.27333,88.92973,0.26514445,114.37904,113.49797,112.61690,2025-05-06,15:10
2025-05-06 15:15:00,114.0755,114.2,114.019997,114.050003,1841864,65.16142,113.92012,113.90445,0.27358263,0.23629192,0.037290715,87.069447,87.79256,27.38867,99.51055,0.25906273,114.41868,113.55747,112.69626,2025-05-06,15:15
2025-05-06 15:20:00,114.059998,114.16,113.99,114.1319,1246685,66.78325,113.96200,113.94994,0.27749198,0.24453193,0.032960052,92.97934,91.90407,28.20248,95.81890,0.25270152,114.44424,113.62456,112.80489,2025-05-06,15:20
2025-05-06 15:25:00,114.135,114.3,114.074997,114.23,1205962,68.66517,114.029222,114.0059553,0.28521871,0.25266929,0.032549426,91.025754,90.35818,29.39155,114.042414,0.25072328,114.47998,113.69109,112.90219,2025-05-06,15:25
2025-05-06 15:30:00,114.2314,114.5,114.165,114.43,2177690,72.13150,114.10810,114.090764,0.30397623,0.26293068,0.041045559,92.55324,92.18611,31.016862,138.31424,0.25674298,114.54423,113.76358,112.98294,2025-05-06,15:30
2025-05-06 15:35:00,114.435,114.455,114.26,114.3355,1214039,68.28765,114.13428,114.13971,0.30766991,0.27187852,0.035791384,82.50032,88.69311,32.52608,123.27895,0.25233274,114.54058,113.83661,113.13264,2025-05-06,15:35
2025-05-06 15:40:00,114.335,114.69,114.3,114.675,1649459,73.70843,114.20371,114.24677,0.33414025,0.28433087,0.049809386,98.67263,91.24206,34.44963,155.31399,0.26216607,114.63137,113.91336,113.19535,2025-05-06,15:40
2025-05-06 15:45:00,114.675,114.74,114.525,114.625,2372184,71.76274,114.26982,114.32242,0.34708242,0.29688118,0.050201239,90.086357,90.41977,36.33372,160.50486,0.25879681,114.69441,113.98268,113.27094,2025-05-06,15:45
2025-05-06 15:50:00,114.62,114.63,113.97,114.059998,2819509,54.31575,114.28982,114.26993,0.30819551,0.29914404,0.0090514681,41.37908,76.71269,34.77623,57.72439,0.28745390,114.64775,114.023925,113.40010,2025-05-06,15:50
2025-05-06 15:55:00,114.050003,114.050003,113.38,113.445,5742924,42.26939,114.22027,114.10495,0.22515671,0.28434658,-0.059189870,4.77959,45.41501,33.28223,-102.92042,0.31549292,114.66425,114.016175,113.36810,2025-05-06,15:55
2025-05-07 09:30:00,113.044998,113.42,112.6428,112.86,11323692,34.44395,114.088045,113.85596,0.11086533,0.24965033,-0.13878500,10.35673,18.83847,33.43388,-236.68108,0.35025774,114.78677,113.97418,113.16158,2025-05-07,09:30
2025-05-07 09:35:00,112.8652,113.23,112.615,112.89,3881471,35.10740,113.95006,113.66277,0.022450449,0.20421035,-0.18175990,12.94125,9.35919,33.62109,-209.54463,0.36916829,114.86840,113.93468,113.00094952,2025-05-07,09:35
2025-05-07 09:40:00,112.885,113.32,112.885,113.145,2860404,40.60954,113.82950,113.55921,-0.026734655,0.15802135,-0.18475601,24.94112,16.079700,33.46579,-145.017624,0.37387038,114.89778,113.90542,112.91307,2025-05-07,09:40
2025-05-07 09:45:00,113.145,113.525,112.77,112.865,3825848,36.90893,113.65561,113.42037,-0.087301409,0.10895680,-0.19625821,11.76471,16.54902,32.60134,-134.90670,0.40109428,114.95125,113.86092,112.77060,2025-05-07,09:45
2025-05-07 09:50:00,112.87,113.14,112.84,113.07,2102034,41.13820,113.51500,113.35030,-0.11740568,0.063684302,-0.18108999,21.41185,19.37256,31.79863,-121.89627,0.39387347,114.97322,113.83317,112.69313,2025-05-07,09:50
2025-05-07 09:55:00,113.059998,113.3158,113.025002,113.26,1856013,44.82959,113.35778,113.33224,-0.12449681,0.026048080,-0.15054489,30.35314,21.17657,30.43876,-85.24334,0.38651123,114.97668,113.81017,112.64366,2025-05-07,09:55
2025-05-07 10:00:00,113.27,113.41,113.030098,113.29,1710222,45.41167,113.20944,113.32379,-0.12624070,-0.0044096756,-0.12183102,31.76485,27.84328,28.85950,-70.13816,0.38603940,114.94930,113.76968,112.59005,2025-05-07,10:00
2025-05-07 10:05:00,113.285,113.65,113.2,113.5989,2069377,51.12940,113.15821,113.37881,-0.10152685,-0.023833110,-0.077693736,46.30127,36.13975,26.95626,-34.80653,0.39060834,114.92167,113.74711,112.57256,2025-05-07,10:05
2025-05-07 10:10:00,113.595,113.63,113.195,113.425,1746728,48.076475,113.15599,113.38805,-0.094879248,-0.038042337,-0.056836911,38.11789,38.72800,25.17307,-39.29949,0.39377900,114.89188,113.71687,112.54185,2025-05-07,10:10
2025-05-07 10:15:00,113.425,113.46,113.1448,113.259,1625056,45.29607,113.20032,113.36224,-0.10183197,-0.050800263,-0.051031702,30.30611,38.24176,23.40042,-50.96579,0.38816627,114.87469,113.68582,112.49694,2025-05-07,10:15
2025-05-07 10:20:00,113.246,113.46,113.1501,113.42,1562608,48.41217,113.25921,113.37379,-0.093275828,-0.059295376,-0.033980452,37.88237,35.43546,21.75439,-40.18536,0.38257571,114.83379,113.65327,112.47274,2025-05-07,10:20
2025-05-07 10:25:00,113.4187,113.52,113.265,113.4803,1767086,49.57091,113.29647,113.39509,-0.080698855,-0.063576072,-0.017122783,42.94309,37.043856,20.39670,-26.96116,0.37346296,114.79307,113.62478,112.45649,2025-05-07,10:25
2025-05-07 10:30:00,113.48,113.67,113.43,113.5589,1557260,51.11224,113.37357,113.42785,-0.063655529,-0.063591963,-0.000063565339,65.77684,48.86743,19.66981,-6.37145,0.36392974,114.74114,113.59613,112.45112,2025-05-07,10:30
2025-05-07 10:35:00,113.56,113.67,113.49,113.5989,1429150,51.91769,113.43233,113.46206,-0.046386120,-0.060150795,0.013764675,93.26082,67.32692,18.99484,2.85012,0.35079192,114.67214,113.56458,112.45701,2025-05-07,10:35
2025-05-07 10:40:00,113.595,113.64,113.34,113.46,1358752,48.90461,113.45456,113.46165,-0.043407741,-0.056802184,0.013394443,80.094879,79.71085,17.72384,-7.50786,0.34716415,114.55033,113.51608,112.48182,2025-05-07,10:40
2025-05-07 10:45:00,113.4502,113.5,113.34,113.3825,968421,47.25668,113.46483,113.44582,-0.046761866,-0.054794120,0.0080322540,68.055779,80.47049,16.54363,-13.80433,0.33379554,114.43273,113.46842,112.50412,2025-05-07,10:45
2025-05-07 10:50:00,113.385,113.5,113.099998,113.15,1513812,42.61711,113.41496,113.38666,-0.067403706,-0.057316037,-0.010087668,42.22269,63.45778,16.22909,-39.52230,0.33852454,114.18951,113.39217,112.59484,2025-05-07,10:50
2025-05-07 10:55:00,113.155,113.28,112.95,113.1803,2330943,43.39696,113.38777,113.34539,-0.080391153,-0.061931061,-0.018460092,41.000091920,50.42619,16.44847,-61.24464,0.33791578,113.88552,113.31994,112.75436,2025-05-07,10:55
2025-05-07 11:00:00,113.18,113.27,112.9301,113.19,1472195,43.66108,113.38010,113.31431,-0.088876209,-0.067320090,-0.021556119,35.12683,39.44987,16.71853,-56.68753,0.33805730,113.73047,113.27644,112.82241,2025-05-07,11:00
2025-05-07 11:05:00,113.21,113.32,113.040001,113.265,1180210,45.76719,113.36288,113.30445,-0.088528549,-0.071561782,-0.016966767,45.26294,40.46329,16.70990,-21.55621,0.33391027,113.71484,113.26744,112.82004,2025-05-07,11:05
2025-05-07 11:10:00,113.27,113.38,113.059998,113.14,1270977,42.88931,113.32507,113.27156,-0.097218803,-0.076693186,-0.020525617,28.36874,36.25284,16.38902,-34.24166,0.33291685,113.69306,113.28144,112.86982,2025-05-07,11:10
2025-05-07 11:15:00,113.145,113.38,113.125,113.325,1021375,48.091624,113.29908,113.28225,-0.088161860,-0.078986921,-0.0091749389,53.37183,42.33450,16.091070,-6.61015,0.32735116,113.67369,113.30319,112.93269,2025-05-07,11:15
2025-05-07 11:20:00,113.325,113.5,113.2431,113.461,1065488,51.58332,113.28375,113.31800,-0.069212141,-0.077031965,0.0078198237,71.75294,51.16450,15.17194,47.75462,0.32231872,113.68811,113.31899,112.94987,2025-05-07,11:20
2025-05-07 11:25:00,113.46,113.47,113.13,113.295,1097899,47.39286,113.26542,113.31340,-0.066818948,-0.074989362,0.0081704138,49.31739,58.14738,14.83853,-9.87242,0.32358195,113.64593,113.34049,113.035051,2025-05-07,11:25
2025-05-07 11:30:00,113.29,113.43,113.23,113.305,768050,47.66872,113.25681,113.31172,-0.063384578,-0.072668405,0.0092838269,50.66921,57.24651,14.52894,-6.22071,0.31475445,113.63217,113.35224,113.072312,2025-05-07,11:30
2025-05-07 11:35:00,113.305,113.64,113.25,113.6287,1367881,55.75480,113.31000,113.37511,-0.034149283,-0.064964580,0.030815298,94.41844,64.80168,13.84130,93.75743,0.32012909,113.67165,113.37067,113.069702,2025-05-07,11:35
2025-05-07 11:40:00,113.63,114.040001,113.605,114.019897,2555851,63.16281,113.40329,113.50407,0.020351643,-0.047901336,0.068252979,98.18872,81.092121,14.71339,251.46790,0.32833398,113.81736,113.40717,112.99698,2025-05-07,11:40
2025-05-07 11:45:00,114.023697,114.035004,113.7,113.885,1677913,59.46550,113.48051,113.58026,0.052058991,-0.027909270,0.079968261,86.034906,92.88069,15.52318,204.78894,0.32881061,113.87507,113.42147,112.96788,2025-05-07,11:45
2025-05-07 11:50:00,113.88,114.22,113.8101,114.125,1877268,63.55320,113.57607,113.68921,0.095452794,-0.0032368574,0.098689651,92.63500,92.28621,16.83805,215.22553,0.33460303,114.0040466,113.45647,112.90890,2025-05-07,11:50
2025-05-07 11:55:00,114.12,114.21,113.94,114.010002,1216203,60.40960,113.67273,113.75336,0.11918939,0.021248392,0.097940996,83.71976,87.46322,18.059008,173.91718,0.32998828,114.083664,113.49402,112.90439,2025-05-07,11:55
2025-05-07 12:00:00,114.0,114.0,113.865,113.935,777438,58.38123,113.74051,113.78969,0.13044488,0.043087689,0.087357190,77.90501,84.75326,18.73624,117.96765,0.31677514,114.13850,113.51977,112.90105,2025-05-07,12:00
2025-05-07 12:05:00,113.935,114.0,113.82,113.915,884655,57.82379,113.79096,113.81475,0.13618156,0.061706463,0.074475096,76.35476,79.32651,19.092625,97.15946,0.30700551,114.18327,113.54151,112.89975,2025-05-07,12:05
2025-05-07 12:10:00,113.92,114.0049973,113.82,113.875,830300,56.65835,113.85540,113.82680,0.13593323,0.076551816,0.059381411,70.76262,75.0074633,19.44297,83.39209,0.29829066,114.21537,113.55731,112.89926,2025-05-07,12:10
2025-05-07 12:15:00,113.8772,113.89,113.65,113.8484,1051392,55.85209,113.91578,113.83112,0.13206733,0.087654920,0.044412415,67.96519,71.69419,18.74535,54.48512,0.29412688,114.23988,113.56979,112.89970,2025-05-07,12:15
2025-05-07 12:20:00,113.845,113.87,113.5,113.635,1211394,49.73805,113.91648,113.79190,0.11051056,0.092226049,0.018284516,46.57549,61.76777,17.48999,23.74047,0.29954659,114.24723,113.57854,112.90985,2025-05-07,12:20
2025-05-07 12:25:00,113.63,113.78,113.62,113.6799,855995,50.95459,113.87870,113.76950,0.095943664,0.092969572,0.0029740919,50.44971,54.99680,16.32431,26.17243,0.28957869,114.25721,113.59341,112.92961,2025-05-07,12:25
2025-05-07 12:30:00,113.68,113.84,113.5949,113.835,840437,55.0059042,113.87314,113.78260,0.095809961,0.093537650,0.0022723116,64.67883,53.90134,15.39167,35.69233,0.28640124,114.26664,113.62766,112.98868,2025-05-07,12:30
2025-05-07 12:35:00,113.83,113.88,113.72,113.8148,622529,54.37583,113.83868,113.78904,0.093001751,0.093430470,-0.00042871910,59.070137,58.066227,14.73661,41.88814,0.27737229,114.26868,113.65938,113.050085,2025-05-07,12:35
2025-05-07 12:40:00,113.815,113.99,113.795,113.91,1161627,56.88242,113.82757,113.81323,0.097336614,0.094211699,0.0031249156,68.041529,63.93017,14.68380,60.42257,0.27148854,114.27380,113.69538,113.11697,2025-05-07,12:40
2025-05-07 12:45:00,113.905,113.94,113.76,113.875,718175,55.67141,113.82090,113.82558,0.096831311,0.094735621,0.0020956898,52.083245,59.73164,14.40982,45.15173,0.26495366,114.27383,113.72588,113.17794,2025-05-07,12:45
2025-05-07 12:50:00,113.8805,114.050003,113.8584,114.010002,809689,59.27276,113.83146,113.86247,0.10610133,0.097008763,0.0090925658,70.83351,63.65276,14.69998,75.14060,0.25971444,114.25945,113.76938,113.27932,2025-05-07,12:50
2025-05-07 12:55:00,114.014999,114.099998,113.8801,113.9298,860487,56.34422,113.83754,113.87594,0.10575729,0.098758469,0.0069988253,59.69461,60.87046,15.20338,71.15680,0.25687070,114.24925,113.79963,113.35000,2025-05-07,12:55
2025-05-07 13:00:00,113.92,113.985,113.81,113.915,1048583,55.79632,113.84495,113.88375,0.10310183,0.099627142,0.0034746904,58.45091,62.99301,15.17344,42.32481,0.25102301,114.24639,113.82233,113.39826,2025-05-07,13:00
2025-05-07 13:05:00,113.9187,113.96,113.83,113.9482,544396,56.81070,113.87974,113.89664,0.10249447,0.10020061,0.0022938592,74.69959,64.28170,15.14564,40.87111,0.24237831,114.20586,113.85499,113.50411,2025-05-07,13:05
2025-05-07 13:10:00,113.9488,114.13,113.89,114.059998,896196,60.12926,113.92198,113.92931,0.10976919,0.10211432,0.0076548675,88.88889,74.013130,15.96329,105.24690,0.24220828,114.14832,113.89273,113.63715,2025-05-07,13:10
2025-05-07 13:15:00,114.059998,114.07,113.89,113.895,748840,53.58526,113.92864,113.92245,0.10105536,0.10190253,-0.00084716694,62.69815,75.42888,16.72254,50.94993,0.23776486,114.13116,113.90605,113.68094,2025-05-07,13:15
2025-05-07 13:20:00,113.895,114.050003,113.775,114.018799,1061953,57.33702,113.95131,113.94172,0.10295262,0.10211255,0.00084007277,82.34938,77.97881,16.54091,44.28555,0.24042462,114.13099,113.90599,113.68100,2025-05-07,13:20
2025-05-07 13:25:00,114.019997,114.07,113.94,113.945,522935,54.50855,113.95520,113.94237,0.097378719,0.10116578,-0.0037870650,70.63518,71.89424,16.48278,69.040848,0.23253695,114.13439,113.90899,113.68360,2025-05-07,13:25
2025-05-07 13:30:00,113.95,114.0,113.82,113.8283,674341,50.28430,113.95001,113.91956,0.082592631,0.097451153,-0.014858522,43.61811,65.53422,15.56608,-7.35317,0.22878433,114.098841,113.89416,113.68948,2025-05-07,13:30
2025-05-07 13:35:00,113.83,113.845,113.6,113.73,1959733,46.98159,113.91890,113.88165,0.062225498,0.090406022,-0.028180524,25.24809,46.50046,15.45848,-121.61736,0.22994279,114.089483,113.88016,113.67084,2025-05-07,13:35
2025-05-07 13:40:00,113.729,113.729,113.58,113.5854,771227,42.55378,113.88063,113.82240,0.034024184,0.079129654,-0.045105471,0.98211932,23.28277,15.45954,-161.17388,0.22423270,114.10634,113.86268,113.61902,2025-05-07,13:40
2025-05-07 13:45:00,113.585,113.77,113.5701,113.705,639466,47.0027184,113.85730,113.79892,0.021082009,0.067520125,-0.046438116,24.094186,16.77480,15.17145,-107.93768,0.22249449,114.10388,113.85218,113.60048,2025-05-07,13:45
2025-05-07 13:50:00,113.705,113.73,113.15,113.4,2367463,38.75894,113.79639,113.71914,-0.013628631,0.051290374,-0.064919005,25.51032,16.86221,16.66830,-214.33347,0.24803073,114.14763,113.82843,113.50924,2025-05-07,13:50
2025-05-07 13:55:00,113.385,113.47,113.17,113.335,1257700,37.25908,113.71583,113.64231,-0.045853644,0.031861570,-0.077715215,18.87738,22.82730,18.058239,-211.48269,0.25174304,114.18729,113.80276,113.41823,2025-05-07,13:55
2025-05-07 14:00:00,113.33,113.75,113.3,113.505,1656343,43.42505,113.67250,113.61485,-0.057017506,0.014085755,-0.071103261,36.22421,26.87064,17.62455,-115.36058,0.26590403,114.19601,113.79626,113.39651,2025-05-07,14:00
2025-05-07 14:05:00,113.49,113.52,112.51,112.6489,2876392,28.32718,113.52029,113.42166,-0.13340678,-0.015412751,-0.11799403,8.57415,21.22525,19.42318,-276.62622,0.31905335,114.38483,113.74471,113.10459,2025-05-07,14:05
2025-05-07 14:10:00,112.64,112.95,112.6088,112.69,3017504,29.59277,113.38085,113.27533,-0.18845702,-0.050021605,-0.13843541,11.11116,18.63651,21.093347,-235.72599,0.32063484,114.47327,113.68746,112.90166,2025-05-07,14:10
2025-05-07 14:15:00,112.685,112.8,112.2818,112.69,2069821,29.59277,113.25437,113.15826,-0.22943989,-0.085905262,-0.14353463,22.086548,13.92395,23.23212,-208.52214,0.33474690,114.52597,113.63122,112.73647,2025-05-07,14:15
2025-05-07 14:20:00,112.68,112.98,112.6301,112.8,1682962,33.25131,113.15103,113.086610,-0.25015930,-0.11875607,-0.13140323,28.97906,20.72559,24.37014,-137.32876,0.33582976,114.53013,113.57572,112.62131,2025-05-07,14:20
2025-05-07 14:25:00,112.8,113.080002,112.78,113.000099182,1585882,39.41814,113.086001,113.069308,-0.24757956,-0.14452077,-0.10305879,40.16887,30.41149,24.98041,-96.26021,0.33327071,114.50747,113.53198,112.55648,2025-05-07,14:25
2025-05-07 14:30:00,112.995,113.34,112.8001,113.2398,2240638,45.86983,113.034312,113.10341,-0.22361558,-0.16033973,-0.063275848,53.57342,40.90712,24.48653,-60.25361,0.34802952,114.45109,113.49347,112.53584,2025-05-07,14:30
2025-05-07 14:35:00,113.24,113.43,113.089996,113.32,1687170,47.87019,113.025423,113.14672,-0.19589432,-0.16745065,-0.028443670,60.42370,51.38866,23.69075,-30.62417,0.34745627,114.40173,113.46298,112.52422,2025-05-07,14:35
2025-05-07 14:40:00,113.335,113.54,113.26,113.34,1366284,48.38238,113.025978,113.18538,-0.17034779,-0.16803008,-0.0023177168,67.69420,60.56377,22.54708,-10.26902,0.34263788,114.35080,113.43423,112.51765,2025-05-07,14:40
2025-05-07 14:45:00,113.34,113.46,112.77,113.0,1752751,41.0052387,112.96987,113.14830,-0.17551364,-0.16952679,-0.0059868509,48.25978,58.79256,22.76066,-56.34158,0.36744963,114.29014,113.38682,112.48349,2025-05-07,14:45
2025-05-07 14:50:00,113.029999,113.17,112.84,113.099998,1250541,43.72315,113.019989,113.13864,-0.16958371,-0.16953817,-0.000045540047,54.97921,56.97773,22.95898,-56.94805,0.36477479,114.19474,113.33882,112.48289,2025-05-07,14:50
2025-05-07 14:55:00,113.1299,113.825,113.1292,113.76,2241750,57.60563,113.13888,113.26291,-0.11035532,-0.15770160,0.047346285,95.78830,66.34243,21.56360,46.68689,0.39050505,114.17232,113.33207,112.49181,2025-05-07,14:55
2025-05-07 15:00:00,113.75,113.79,113.45,113.71,1377773,56.46909,113.25221,113.35233,-0.066682541,-0.13949779,0.072815249,92.54808,81.10520,20.26789,67.41005,0.38689783,114.11620,113.31663,112.51705,2025-05-07,15:00
2025-05-07 15:05:00,113.69,113.88,113.54,113.7501,1511133,57.19840,113.35778,113.43188,-0.028507195,-0.11729967,0.088792477,91.87222,93.40287,19.30933,87.88985,0.38354772,114.079896,113.30688,112.53387,2025-05-07,15:05
2025-05-07 15:10:00,113.75,113.795,113.44,113.685,1505097,55.57064,113.43388,113.48251,-0.0034661592,-0.094532969,0.091066810,87.79878,90.73969,18.10860,75.63921,0.38150830,114.055735,113.29972,112.54370,2025-05-07,15:10
2025-05-07 15:15:00,113.685,113.8,113.46,113.7982,1393307,57.81859,113.49592,113.54565,0.025222981,-0.070581779,0.095804760,94.88206,91.51769,17.0088761,86.48047,0.37854370,114.067447,113.30313,112.53880,2025-05-07,15:15
2025-05-07 15:20:00,113.8,113.82,113.6,113.6484,1116632,53.93004,113.53241,113.56620,0.035462677,-0.049372888,0.084835565,85.50881,89.39655,16.052550,85.85960,0.36721924,114.075726,113.30628,112.53682,2025-05-07,15:20
2025-05-07 15:25:00,113.645,113.65,113.15,113.235,1900561,44.94649,113.52074,113.49996,0.010103420,-0.037477626,0.047581046,48.39617,76.26235,16.012387,16.17907,0.37670358,114.030482,113.28278,112.53507,2025-05-07,15:25
2025-05-07 15:30:00,113.23,113.45,113.19,113.265,1324934,45.65396,113.55019,113.45297,-0.0074870178,-0.031479505,0.023992487,44.59482,59.49993,15.97509,7.95037,0.36836722,114.021812,113.27603,112.53024,2025-05-07,15:30
2025-05-07 15:35:00,113.27,113.87,113.22,113.85,1590914,57.20348,113.63352,113.53237,0.025483216,-0.020086961,0.045570177,97.29741,63.42947,15.10038,79.78510,0.38848395,114.088374,113.30177,112.51518,2025-05-07,15:35
2025-05-07 15:40:00,113.855,117.55,113.7801,116.91,22905042,80.52178,113.98352,114.20790,0.29512717,0.042955865,0.25217130,86.61091,76.16771,18.48923,404.59424,0.63001403,115.23225,113.47203,111.71180,2025-05-07,15:40
2025-05-07 15:45:00,116.91,117.68,115.61,115.855,13052875,66.97292,114.22186,114.53732,0.41886383,0.11813746,0.30072637,62.83105,82.24646,21.69679,320.70154,0.73287015,115.63129,113.63233,111.63338,2025-05-07,15:45
2025-05-07 15:50:00,115.87,116.35,114.8501,116.040001,10474512,67.99004,114.47629,114.83786,0.52579277,0.19966852,0.32612425,66.59882,72.013591,23.21519,191.49117,0.78765806,116.0055898,113.79983,111.59407,2025-05-07,15:50
2025-05-07 15:55:00,116.050003,117.24,116.040703,117.019997,14508206,72.77346,114.84684,115.27428,0.68175337,0.29608549,0.38566788,86.36357,71.93114,25.18045,204.57809,0.81711084,116.56691,114.016330,111.46575,2025-05-07,15:55
2025-05-08 09:30:00,118.48,118.59,117.34,117.4799,20981999,74.68529,115.25592,115.71541,0.83286262,0.40344092,0.42942170,79.67145,77.54461,27.64616,203.77488,0.87088861,117.14684,114.25032,111.35381,2025-05-08,09:30
2025-05-08 09:35:00,117.46,117.99,117.26,117.3295,5360449,72.88290,115.66493,116.038225,0.92976417,0.50870557,0.42105860,76.82906,80.95469,29.80472,150.28472,0.86082483,117.59505,114.46679,111.33854,2025-05-08,09:35
2025-05-08 09:40:00,117.3299,118.0,117.21,117.79,4381172,74.88173,116.17104,116.38858,1.031824,0.61332922,0.41849461,85.29419,80.59823,31.72259,130.40632,0.85576598,118.083493,114.69430,111.30512,2025-05-08,09:40
2025-05-08 09:45:00,117.82,117.88,116.49,116.8306,5151406,64.25513,116.56722,116.47698,1.023493,0.69536193,0.32813085,67.65807,76.59377,32.31369,90.97162,0.89392551,118.31923,114.86983,111.42043,2025-05-08,09:45
2025-05-08 09:50:00,116.835,117.059998,116.6001,116.9654,3751573,65.0065668,116.91338,116.57467,1.016055,0.75950063,0.25655481,70.13608,74.36278,32.86257,73.90947,0.86292368,118.54068,115.051105,111.56153,2025-05-08,09:50
2025-05-08 09:55:00,116.96,117.5999,116.82,117.44,4128577,67.58984,116.97227,116.74773,1.036509,0.81490240,0.22160706,78.86039,72.21818,33.73501,81.080891,0.85699339,118.77738,115.27310,111.76883,2025-05-08,09:55
2025-05-08 10:00:00,117.44,117.64,117.22,117.245,3051899,65.45190,117.12671,116.84719,1.025167,0.85695533,0.16821174,75.27583,74.75743,34.57152,76.85904,0.82577945,118.93598,115.48036,112.024731,2025-05-08,10:00
2025-05-08 10:05:00,117.24,117.3,116.9,117.0354,3289302,63.14002,117.23731,116.88483,0.98787737,0.88313974,0.10473763,71.21115,75.11579,34.78068,59.98094,0.79536674,119.068415,115.64412,112.21983,2025-05-08,10:05
2025-05-08 10:10:00,117.035004,117.17,116.71,117.040001,3560483,63.17077,117.23953,116.91586,0.94777091,0.89606598,0.051704939,71.13600,72.54099,34.64338,51.27153,0.77141191,119.16568,115.81063,112.45557,2025-05-08,10:10
2025-05-08 10:15:00,117.049301,117.28,116.98,117.125,1998824,63.77210,117.20010,116.95769,0.91232822,0.89931843,0.013009799,69.54205,70.62974,34.61473,53.61952,0.73773930,119.24110,115.97937,112.71764,2025-05-08,10:15
2025-05-08 10:20:00,117.125,117.44,117.0,117.22,2027989,64.47034,117.18793,117.010153,0.88174128,0.89580300,-0.014061718,63.36812,68.015391,34.73504,54.023635,0.71647238,119.28164,116.15612,113.030596,2025-05-08,10:20
2025-05-08 10:25:00,117.23,117.4,117.040001,117.24,2024091,64.62490,117.12682,117.056122,0.84932399,0.88650719,-0.037183208,63.90281,65.60433,34.84676,50.79987,0.69101011,119.29021,116.32821,113.36621,2025-05-08,10:25
2025-05-08 10:30:00,117.23,117.2699,116.85,116.865,2105386,59.40605,117.13064,117.017897,0.78433239,0.86607223,-0.081739845,32.33425,53.20173,34.54845,33.56538,0.67164503,119.18929,116.48904,113.78879,2025-05-08,10:30
2025-05-08 10:35:00,116.87,116.9399,116.54,116.69,2776097,57.089146,117.10005,116.95232,0.71051503,0.83496079,-0.12444576,9.52403,35.25370,33.64000,6.63407,0.65223484,118.91174,116.66179,114.41184,2025-05-08,10:35
2025-05-08 10:40:00,116.6949,116.7,116.081497,116.44,3507160,53.85751,116.98893,116.84986,0.62464087,0.79289681,-0.16825594,18.68672,20.18167,31.94993,-44.68828,0.64982519,118.45262,116.82054,115.18846,2025-05-08,10:40
2025-05-08 10:45:00,116.44,116.61,116.2997,116.3915,2176481,53.22801,116.89410,116.75818,0.54637317,0.74359208,-0.19721891,16.15870,14.78982,30.38057,-82.20785,0.62557359,117.88093,116.94762,116.014299,2025-05-08,10:45
2025-05-08 10:50:00,116.395,116.76,116.040001,116.2246,2847498,51.018107,116.80401,116.65147,0.46551184,0.68797603,-0.22246419,10.032674,14.95937,28.45149,-103.34628,0.63231842,117.89856,116.91335,115.92813,2025-05-08,10:50
2025-05-08 10:55:00,116.2203,116.2899,115.85,116.145,3187285,49.95283,116.70457,116.55017,0.39050371,0.62848157,-0.23797786,16.48034,14.22390,26.51192,-136.75278,0.61857448,117.85729,116.92785,115.99840,2025-05-08,10:55
2025-05-08 11:00:00,116.145,116.35,115.99,116.079903,1935124,49.050910,116.58845,116.45612,0.32209378,0.56720401,-0.24511023,12.84380,13.11894,24.63521,-140.72979,0.60010492,117.85179,116.92984,116.0078893,2025-05-08,11:00
2025-05-08 11:05:00,116.079903,116.7,116.019997,116.6346,2136013,56.29291,116.52340,116.49182,0.30907486,0.51557818,-0.20650332,43.83234,24.38549,23.51118,-80.35639,0.60581173,117.84026,116.91057,115.98088,2025-05-08,11:05
2025-05-08 11:10:00,116.645,116.88,116.57,116.82,2093552,58.42031,116.47673,116.55745,0.31014253,0.47449105,-0.16434852,61.0062139,39.22745,22.76598,-23.24182,0.58468215,117.77020,116.87758,115.98495,2025-05-08,11:10
2025-05-08 11:15:00,116.82,116.85,116.6202,116.745,2349220,57.20731,116.46340,116.59496,0.30146197,0.43988523,-0.13842327,56.28944,53.70933,22.073997,-20.69862,0.55933323,117.71785,116.84835,115.97885,2025-05-08,11:15
2025-05-08 11:20:00,116.745,117.27,116.73,117.23,3071897,62.61355,116.52340,116.72197,0.32991500,0.41789119,-0.087976184,86.79254,68.029398,22.11711,52.26522,0.55795181,117.59796,116.82035,116.042738,2025-05-08,11:20
2025-05-08 11:25:00,117.23,117.595,117.17,117.26,3215391,62.92554,116.61451,116.82958,0.35084062,0.40448107,-0.053640456,80.80237,74.62812,22.62261,99.51115,0.54845547,117.64274,116.84182,116.040899,2025-05-08,11:25
2025-05-08 11:30:00,117.26,117.58,117.029999,117.395,2756047,64.36662,116.72601,116.94266,0.37400594,0.39838605,-0.024380108,88.53844,85.37779,22.74480,88.34695,0.54856601,117.69863,116.86330,116.027970,2025-05-08,11:30
2025-05-08 11:35:00,117.41,117.61,117.4,117.6,2003552,66.49638,116.87883,117.074128,0.40424665,0.39955817,0.0046884848,99.43170,89.59084,22.90477,119.50812,0.52474015,117.73127,116.87130,116.011331,2025-05-08,11:35
2025-05-08 11:40:00,117.61,118.2,117.595,118.13,4734805,71.27625,117.099389,117.28530,0.46561182,0.41276890,0.052842926,97.021288,94.99714,23.87956,179.33576,0.53047269,117.92582,116.91555,115.90528,2025-05-08,11:40
2025-05-08 11:45:00,118.14,118.375,118.1001,118.265,3292760,72.35804,117.34218,117.48124,0.51915324,0.43404577,0.085107469,95.64354,97.36551,24.99746,189.92065,0.51221767,118.14616,116.97703,115.80790,2025-05-08,11:45
2025-05-08 11:50:00,118.245,118.2999,117.825,118.114,2975986,69.21793,117.50656,117.60779,0.54313970,0.45586455,0.087275144,89.66331,94.10938,25.30178,141.10694,0.50955207,118.30080,117.030730,115.76066,2025-05-08,11:50
2025-05-08 11:55:00,118.11,118.1386,117.8393,117.9899,1897648,66.65767,117.63654,117.68421,0.54584319,0.47386028,0.071982908,84.74847,90.018441,25.58437,113.75547,0.49453415,118.41107,117.073975,115.73688,2025-05-08,11:55
2025-05-08 12:00:00,117.9807,118.099998,117.8301,117.975,1395506,66.34038,117.77321,117.74237,0.54055225,0.48719867,0.053353577,84.15836,86.19005,25.82048,99.54906,0.47848867,118.50464,117.11172,115.71881,2025-05-08,12:00
2025-05-08 12:05:00,117.975,118.28,117.89,118.2682,1974147,69.42454,117.88857,117.84754,0.55363638,0.50048622,0.053150169,95.52217,88.14300,26.32719,105.43448,0.47216800,118.64430,117.16314,115.68197,2025-05-08,12:05
2025-05-08 12:10:00,118.2699,118.31,118.019997,118.21,1811915,68.090755,117.99412,117.92003,0.55293513,0.51097600,0.041959134,92.99360,90.89138,26.84590,96.019983,0.45915607,118.77219,117.23039,115.68858,2025-05-08,12:10
2025-05-08 12:15:00,118.21,118.45,118.19,118.35,1927287,69.60345,118.10023,118.0060236,0.55725251,0.52023130,0.037021207,94.68092,94.39890,27.55576,99.22038,0.44493024,118.90772,117.31339,115.71905,2025-05-08,12:15
2025-05-08 12:20:00,118.345,118.44,118.059998,118.27,1863003,67.63041,118.17468,118.058818,0.54790270,0.52576558,0.022137118,90.16282,92.61245,27.76645,84.36697,0.44029272,118.99827,117.40488,115.81150,2025-05-08,12:20
2025-05-08 12:25:00,118.2615,118.32,118.019997,118.049896,1427286,62.39046,118.16578,118.057034,0.51677558,0.52396758,-0.0071920036,76.73824,87.19400,27.82243,65.85649,0.43027203,119.033508,117.48780,115.94210,2025-05-08,12:25
2025-05-08 12:30:00,118.044998,118.22,118.010002,118.074997,1132192,62.74496,118.14467,118.060626,0.48850138,0.51687434,-0.028372956,73.59152,80.16419,27.83755,57.91662,0.41453825,119.031111,117.58032,116.12954,2025-05-08,12:30
2025-05-08 12:35:00,118.065002,118.07,117.895,117.96,1210312,59.95661,118.12755,118.040501,0.45160865,0.50382120,-0.052212549,65.49306,71.94094,27.41813,39.27001,0.39778554,118.97055,117.67107,116.37160,2025-05-08,12:35
2025-05-08 12:40:00,117.955,117.99,117.73,117.9516,1579200,59.74775,118.12330,118.022721,0.41688747,0.48643446,-0.069546983,52.53333,63.87264,26.43425,22.76174,0.38794332,118.84307,117.76466,116.68624,2025-05-08,12:40
2025-05-08 12:45:00,117.9599,118.17,117.81,118.095001,1521820,62.17055,118.13663,118.037177,0.39637290,0.46842215,-0.072049246,58.47982,58.83541,25.97842,36.48994,0.38594741,118.79061,117.83768,116.88475,2025-05-08,12:45
2025-05-08 12:50:00,118.099998,118.245,118.035004,118.1999,1214441,63.88305,118.12904,118.069721,0.38415097,0.45156791,-0.067416939,65.26369,58.75895,25.73920,57.020486,0.37337967,118.74818,117.90667,117.065168,2025-05-08,12:50
2025-05-08 12:55:00,118.19,118.22,118.089996,118.175,802866,63.15238,118.12515,118.090777,0.36821170,0.43489667,-0.066684972,61.80606,61.84986,25.51707,56.66566,0.35599576,118.63558,117.97817,117.32076,2025-05-08,12:55
2025-05-08 13:00:00,118.1713,118.2001,117.89,118.050102,1155940,59.47681,118.091832,118.082642,0.34156392,0.41623012,-0.074666201,44.45857,57.17611,24.51690,18.21034,0.35271780,118.58002,118.019179,117.45834,2025-05-08,13:00
2025-05-08 13:05:00,118.055,118.080002,117.9,117.9295,873165,56.082516,118.053999,118.052013,0.30717261,0.39441862,-0.087246005,27.70766,44.65743,23.58817,-23.62455,0.34038084,118.49583,118.052654,117.60948,2025-05-08,13:05
2025-05-08 13:10:00,117.935,117.9682,117.82,117.845,994711,53.76740,118.031233,118.010611,0.26998693,0.36953228,-0.099545350,15.97207,29.37944,22.40436,-91.71304,0.32665371,118.41647,118.075154,117.73384,2025-05-08,13:10
2025-05-08 13:15:00,117.8333,117.95,117.78,117.9301,879312,55.74867,118.015133,117.99451,0.24456454,0.34453873,-0.099974192,27.79138,23.82370,21.14256,-111.58597,0.31546403,118.36454,118.091659,117.81878,2025-05-08,13:15
2025-05-08 13:20:00,117.9354,118.059998,117.88,118.0084991,1092979,57.55341,118.020522,117.99731,0.22811376,0.32125374,-0.093139981,38.68031,27.48125,20.37402,-53.43831,0.30578805,118.36018,118.085584,117.81099,2025-05-08,13:20
2025-05-08 13:25:00,118.010002,118.018402,117.83,117.9049,853312,54.39632,118.015333,117.97883,0.20436103,0.29787519,-0.093514168,24.63331,30.36833,19.43818,-85.39868,0.29740320,118.33997,118.067579,117.79519,2025-05-08,13:25
2025-05-08 13:30:00,117.905,117.93,117.57,117.6,1414694,46.33967,117.96033,117.90306,0.15909984,0.27012012,-0.11102028,3.99984,22.43782,18.57481,-186.049608,0.30187445,118.38078,118.041879,117.70298,2025-05-08,13:30
2025-05-08 13:35:00,117.59,117.79,117.53,117.7449,1321734,50.12074,117.90978,117.87143,0.13338508,0.24277311,-0.10938804,30.056447,19.56320,17.91927,-164.85381,0.29888357,118.39205,118.029630,117.66721,2025-05-08,13:35
2025-05-08 13:40:00,117.7401,117.9562,117.69,117.8501,1075101,52.72500,117.87368,117.86716,0.12010967,0.21824043,-0.098130753,44.76883,26.27504,16.67088,-85.59023,0.29654883,118.39358,118.023384,117.65319,2025-05-08,13:40
2025-05-08 13:45:00,117.8587,118.029999,117.77,118.019997,1168771,56.66078,117.87033,117.89773,0.12189314,0.19897097,-0.077077828,68.53079,47.78535,15.80489,-30.51798,0.29393835,118.36374,118.010974,117.65821,2025-05-08,13:45
2025-05-08 13:50:00,118.019997,118.1883,117.93,118.1599,1145290,59.64037,117.89593,117.95016,0.13306148,0.18578907,-0.052727591,88.097144,67.13225,15.59373,47.71150,0.29139281,118.35622,118.0084690,117.66072,2025-05-08,13:50
2025-05-08 13:55:00,118.155,118.17,117.84,117.865,1282079,51.58894,117.89815,117.93313,0.11677053,0.17198536,-0.055214835,46.85276,67.82690,14.99011,-12.48111,0.29415060,118.29944,117.98422,117.66899,2025-05-08,13:55
2025-05-08 14:00:00,117.875,117.97,117.81,117.905,934707,52.52516,117.89537,117.92750,0.10586720,0.15876173,-0.052894531,54.34763,63.099179,14.29320,-43.12501,0.28456867,118.25399,117.96597,117.67795,2025-05-08,14:00
2025-05-08 14:05:00,117.92,118.089996,117.875,117.9688,1109395,54.051571,117.89095,117.93576,0.10120807,0.14725100,-0.046042929,65.48297,55.56112,14.12875,16.66468,0.27959922,118.24737,117.96191,117.67646,2025-05-08,14:05
2025-05-08 14:10:00,117.965,118.040001,117.86,117.94,1028349,53.21977,117.89486,117.93661,0.094106871,0.13662217,-0.042515301,62.28197,60.70419,13.89999,0.32026293,0.27248501,118.23595,117.95516,117.67438,2025-05-08,14:10
2025-05-08 14:15:00,117.94,118.095001,117.9101,118.080002,889038,56.70739,117.94819,117.96529,0.098638855,0.12902551,-0.030386654,83.54870,70.43788,13.91780,57.93775,0.26622882,118.24718,117.96116,117.67515,2025-05-08,14:15
2025-05-08 14:20:00,118.078697,118.191,117.96,118.089996,1396812,56.95412,117.98653,117.99023,0.10186275,0.12359296,-0.021730209,84.71935,76.85001,14.32489,86.34820,0.26371268,118.25949,117.96808,117.67668,2025-05-08,14:20
2025-05-08 14:25:00,118.090103,118.18,117.97,117.975,1061477,53.19740,118.00041029,117.98718,0.094054141,0.11768519,-0.023631052,67.32188,78.52998,14.70290,57.86410,0.25987599,118.24767,117.96208,117.67650,2025-05-08,14:25
2025-05-08 14:30:00,117.9746,118.38,117.9746,118.335,1700294,61.71167,118.035411,118.056747,0.11558244,0.11726464,-0.0016822002,94.70609,82.24911,15.81961,180.86179,0.27027025,118.28170,117.96884,117.65598,2025-05-08,14:30
2025-05-08 14:35:00,118.3399,118.36,118.21,118.255,1130228,59.13702,118.045977,118.096397,0.12475025,0.11876177,0.0059884892,85.29409,82.44069,16.85655,196.28615,0.26167962,118.29794,117.97284,117.64774,2025-05-08,14:35
2025-05-08 14:40:00,118.2502,118.35,118.21,118.2902,790834,59.92921,118.093222,118.13516,0.13331950,0.12167331,0.011646185,89.43551,89.81190,17.81942,172.39745,0.25298818,118.33707,117.98484,117.63261,2025-05-08,14:40
2025-05-08 14:45:00,118.29,118.3,118.059998,118.11,983926,54.14279,118.11600,118.13013,0.12413916,0.12216648,0.0019726764,60.86976,78.53312,17.67966,87.61347,0.25206084,118.34920,117.99387,117.63854,2025-05-08,14:45
2025-05-08 14:50:00,118.13,118.16,117.9901,118.079903,985565,53.21851,118.12834,118.12008,0.11313092,0.12035937,-0.0072284525,50.80421,67.036494,17.11301,40.52970,0.24619268,118.35598,118.0056145,117.65525,2025-05-08,14:50
2025-05-08 14:55:00,118.071701,118.1082,117.95,118.019997,1051093,51.33990,118.13723,118.10006,0.098438156,0.11597513,-0.017536969,36.84196,49.50531,16.33925,10.64778,0.23990772,118.35879,118.010109,117.66143,2025-05-08,14:55
2025-05-08 15:00:00,118.010002,118.16,117.86,118.12,1432995,54.24369,118.14168,118.10405,0.093782628,0.11153663,-0.017753998,54.38690,47.34436,15.26195,20.033996,0.24420024,118.36763,118.015685,117.66374,2025-05-08,15:00
2025-05-08 15:05:00,118.12,118.19,117.99,118.101,1045645,53.58922,118.14290,118.10344,0.087550332,0.10673937,-0.019189035,51.052723,47.42720,14.26159,41.44868,0.24104341,118.37547,118.025489,117.67551,2025-05-08,15:05
2025-05-08 15:10:00,118.099998,118.2,118.050003,118.11,847113,53.87313,118.15790,118.10475,0.082387918,0.10186908,-0.019481159,48.077233,51.17229,13.39495,50.52880,0.23453987,118.34271,118.050990,117.75927,2025-05-08,15:10
2025-05-08 15:15:00,118.1054,118.19,118.019997,118.17,1057012,55.81317,118.13957,118.11780,0.082190528,0.097933367,-0.015742840,59.61530,52.91509,12.48858,47.24505,0.22993029,118.33184,118.072244,117.81265,2025-05-08,15:15
2025-05-08 15:20:00,118.16,118.54,118.099998,118.475,3117065,64.083173,118.16401,118.18924,0.10542974,0.099432642,0.0059970994,90.44082,66.044452,13.40560,197.89943,0.24493545,118.39684,118.10349,117.81013,2025-05-08,15:20
2025-05-08 15:25:00,118.465,118.68,118.46,118.5405,1811302,65.57330,118.19182,118.25949,0.12766056,0.10507823,0.022582338,82.98737,77.68117,14.79156,251.50204,0.24315443,118.47614,118.12951,117.78289,2025-05-08,15:25
2025-05-08 15:30:00,118.55,118.6,118.36,118.38,1354735,59.10248,118.22182,118.28359,0.13081967,0.11022652,0.020593154,63.41425,78.94748,15.39969,151.32518,0.24292896,118.50388,118.14052,117.77716,2025-05-08,15:30
2025-05-08 15:35:00,118.39,118.4,118.080002,118.095001,1878158,49.72010,118.22350,118.24588,0.10906920,0.10999505,-0.00092584963,28.65862,58.35341,14.40119,21.59627,0.24843401,118.49368,118.15202,117.81036,2025-05-08,15:35
2025-05-08 15:40:00,118.099998,118.13,117.82,117.8342,1922282,42.99385,118.20285,118.16354,0.069980470,0.10199214,-0.032011666,1.65096,31.24128,14.36301,-112.97589,0.25283141,118.50158,118.14848,117.79538,2025-05-08,15:40
2025-05-08 15:45:00,117.84,117.96,117.66,117.92,2116375,45.60115,118.18063,118.11483,0.045402354,0.090674180,-0.045271826,25.48974,18.59978,14.88630,-145.19223,0.25620027,118.50470,118.14604,117.78738,2025-05-08,15:45
2025-05-08 15:50:00,117.92,117.98,117.36,117.645,3464571,39.38364,118.12997,118.020864,0.0036911463,0.073277573,-0.069586427,21.59061,16.24377,16.23906,-210.99147,0.28218616,118.54298,118.13129,117.71960,2025-05-08,15:50
2025-05-08 15:55:00,117.65,117.78,117.295,117.37,5464016,34.34132,118.047743,117.89069,-0.050967474,0.048428564,-0.099396038,5.41548,17.49861,17.66015,-237.86304,0.29667291,118.62478,118.095789,117.56680,2025-05-08,15:55
2025-05-09 09:30:00,117.345,117.81,117.13,117.68,10135553,43.17380,117.99330,117.84855,-0.068481204,0.025046610,-0.093527814,35.48400,20.83003,19.37703,-175.82871,0.32405343,118.63450,118.075289,117.51607,2025-05-09,09:30
2025-05-09 09:35:00,117.685,118.23,117.56,117.995,4231254,50.46565,117.93997,117.87784,-0.056293975,0.0087784931,-0.065072468,55.80670,32.23539,19.020620,-44.89037,0.34876432,118.63485,118.076289,117.51773,2025-05-09,09:35
2025-05-09 09:40:00,117.99,118.010002,117.4,117.525,3276055,41.83904,117.82713,117.80728,-0.083597024,-0.0096966104,-0.073900414,25.48410,38.92493,19.13774,-116.35095,0.36742405,118.62978,118.035789,117.44179,2025-05-09,09:40
2025-05-09 09:45:00,117.53,117.99,117.4651,117.67,2451941,44.96461,117.74824,117.77982,-0.092468945,-0.026251077,-0.066217868,34.83870,38.70983,19.24650,-85.90943,0.37867196,118.61198,118.0065395,117.40110,2025-05-09,09:45
2025-05-09 09:50:00,117.665,117.7346,117.41,117.5901,2063166,43.57504,117.69214,117.74188,-0.10473950,-0.041948761,-0.062790735,29.68419,30.0023298,19.50863,-107.44462,0.37480915,118.58818,117.97153,117.35489,2025-05-09,09:50
2025-05-09 09:55:00,117.597,117.87,117.5279,117.75,1938005,47.098613,117.68279,117.74350,-0.10040426,-0.053639860,-0.046764397,40.000098444,34.84100,19.13760,-63.33171,0.37247292,118.57396,117.95353,117.33310,2025-05-09,09:55
2025-05-09 10:00:00,117.72,117.88,117.59,117.8299,2070587,48.81862,117.67278,117.76078,-0.089489495,-0.060809787,-0.028679708,45.15510,38.27980,18.74790,-45.46112,0.36658207,118.56085,117.94103,117.32122,2025-05-09,10:00
2025-05-09 10:05:00,117.825,117.865,117.52,117.5801,1763706,44.0018790,117.66557,117.72465,-0.099845416,-0.068616913,-0.031228503,30.61928,38.59149,18.63300,-67.91744,0.36504058,118.55704,117.91904,117.28104,2025-05-09,10:05
2025-05-09 10:10:00,117.59,117.69,117.48,117.63,1722277,45.16568,117.69446,117.70572,-0.10284086,-0.075461703,-0.027379160,39.36995,38.38144,18.66867,-74.14621,0.35396619,118.53740,117.89454,117.25167,2025-05-09,10:10
2025-05-09 10:15:00,117.625,117.63,117.059998,117.089996,2660983,36.35875,117.62890,117.58257,-0.14709274,-0.089787911,-0.057304832,2.56399,24.18440,19.93704,-141.034046,0.36939715,118.56786,117.84399,117.12012,2025-05-09,10:15
2025-05-09 10:20:00,117.089996,117.135,116.67,116.705,4974555,31.62419,117.48557,117.40706,-0.21079856,-0.11399004,-0.096808521,2.24382,14.72592,21.91483,-208.21619,0.37622621,118.63951,117.77374,116.90797,2025-05-09,10:20
2025-05-09 10:25:00,116.71,116.86,115.85,116.1316,4761389,26.16028,117.33074,117.15197,-0.30404977,-0.15200199,-0.15204778,11.83195,5.54658,24.81811,-273.31601,0.42149592,118.77451,117.67182,116.56913,2025-05-09,10:25
2025-05-09 10:30:00,116.13,116.49,116.029999,116.225,3356833,28.33235,117.17019,116.96657,-0.36619424,-0.19484044,-0.17135380,15.75627,9.94401,27.51402,-228.12755,0.42424614,118.76553,117.55932,116.35311,2025-05-09,10:30
2025-05-09 10:35:00,116.225,116.24,115.34,115.3701,4503853,21.96372,116.92352,116.64728,-0.47890665,-0.25165368,-0.22725297,1.041713,9.54331,30.59955,-241.39443,0.45822867,118.85696,117.40080,115.94464,2025-05-09,10:35
2025-05-09 10:40:00,115.37,115.77,115.21,115.755,3254274,29.63287,116.70186,116.46882,-0.53105256,-0.30753346,-0.22351911,18.046271,11.61475,33.55319,-192.61424,0.46549788,118.81922,117.26955,115.71988,2025-05-09,10:40
2025-05-09 10:45:00,115.76,115.92,115.42,115.875,2344964,31.88065,116.48464,116.35006,-0.55628288,-0.35728334,-0.19899954,23.75001,14.27933,35.68246,-142.36744,0.46796231,118.77251,117.15855,115.54459,2025-05-09,10:45
2025-05-09 10:50:00,115.88,116.245,115.8,115.9414,3027943,33.15304,116.30257,116.26833,-0.56441406,-0.39870948,-0.16570457,26.30935,22.70188,36.44181,-99.94482,0.46632213,118.72945,117.063910,115.39837,2025-05-09,10:50
2025-05-09 10:55:00,115.94,116.31,115.86,116.275,1917895,39.28885,116.15201,116.26966,-0.53774037,-0.42651566,-0.11122471,39.88776,29.98237,36.91717,-75.46960,0.46515604,118.63238,116.98166,115.33094,2025-05-09,10:55
2025-05-09 11:00:00,116.27,116.39,116.010002,116.3899,1822345,41.28774,116.074222,116.29371,-0.50154838,-0.44152220,-0.060026176,44.19108,36.79606,37.069158,-58.26464,0.45907327,118.55938,116.91891,115.27843,2025-05-09,11:00
2025-05-09 11:05:00,116.385,116.695,116.3201,116.68,2094149,46.11200,116.071444,116.37097,-0.44433529,-0.44208482,-0.0022504718,55.056263,46.37837,36.17594,-28.27440,0.45306095,118.51447,116.88441,115.25434,2025-05-09,11:05
2025-05-09 11:10:00,116.68,116.68,116.28,116.63,1873506,45.41925,116.12682,116.42277,-0.39843542,-0.43335494,0.034919519,53.48395,50.91043,35.42483,-27.63440,0.44927100,118.42327,116.83190,115.24054,2025-05-09,11:10
2025-05-09 11:15:00,116.66,116.731,116.4901,116.725,1715595,47.046931,116.18238,116.48322,-0.35035497,-0.41675495,0.066399980,61.088602,56.54294,34.55220,-11.89933,0.43438776,118.26775,116.76840,115.26906,2025-05-09,11:15
2025-05-09 11:20:00,116.72,116.77,116.41,116.4899,1293493,43.58311,116.30680,116.48455,-0.32744685,-0.39889333,0.071446482,52.88845,55.82033,33.91715,-16.64372,0.42907385,118.17896,116.71665,115.25434,2025-05-09,11:20
2025-05-09 11:25:00,116.485,116.595,116.29,116.3775,1343039,41.99138,116.37597,116.46314,-0.31473338,-0.38206134,0.067327959,60.64943,58.20883,33.58778,-26.32397,0.42021146,118.053049,116.65202,115.25100,2025-05-09,11:25
2025-05-09 11:30:00,116.38,116.51,116.12,116.495,1532299,44.28233,116.44486,116.46952,-0.29181274,-0.36401162,0.072198880,77.87894,63.80561,33.63333,-27.041083,0.41805345,117.93137,116.59727,115.26317,2025-05-09,11:30
2025-05-09 11:35:00,116.495,116.64,116.385,116.53,1238841,44.97930,116.51026,116.48161,-0.26773776,-0.34475685,0.077019084,84.61550,74.38129,33.15597,-1.93374,0.40640658,117.76104,116.53627,115.31149,2025-05-09,11:35
2025-05-09 11:40:00,116.525,116.5251,116.3,116.36,1009908,42.21672,116.51970,116.45729,-0.25938557,-0.32768259,0.068297023,73.71816,78.73753,32.90453,-11.35566,0.39380580,117.53515,116.46277,115.39040,2025-05-09,11:40
2025-05-09 11:45:00,116.355,116.6,116.35,116.4753,994579,44.69772,116.52919,116.46089,-0.24068790,-0.31028365,0.069595752,81.10939,79.81435,32.35891,14.028701,0.38353396,117.34994,116.40753,115.46513,2025-05-09,11:45
2025-05-09 11:50:00,116.475,116.77,116.45,116.635,1390312,48.026253,116.52419,116.49571,-0.21055637,-0.29033820,0.079781827,90.00039560,81.60932,31.17113,59.72121,0.37899580,117.12570,116.35779,115.58987,2025-05-09,11:50
2025-05-09 11:55:00,116.63,116.73,116.58,116.72,679347,49.75951,116.53419,116.54057,-0.17776899,-0.26782435,0.090055367,94.84580,88.65186,30.068191,86.43914,0.36263907,117.051561,116.33929,115.62701,2025-05-09,11:55
2025-05-09 12:00:00,116.72,116.7599,116.25,116.255,982417,41.58845,116.48197,116.48346,-0.18714934,-0.25168935,0.064540008,43.40641,76.084203,29.92470,30.57334,0.37315791,117.0095930,116.31679,115.62398,2025-05-09,12:00
2025-05-09 12:05:00,116.255,116.383,116.15,116.2404,1170740,41.35889,116.45425,116.43485,-0.19353015,-0.24005751,0.046527365,30.31602,56.18941,30.025631,-12.081827,0.36314676,117.010827,116.32223,115.63362,2025-05-09,12:05
2025-05-09 12:10:00,116.25,116.28,115.98,116.26,1320061,41.82331,116.44119,116.39988,-0.19476035,-0.23099808,0.036237727,35.44318,36.38854,30.49701,-32.58881,0.35863595,117.011757,116.32398,115.63619,2025-05-09,12:10
2025-05-09 12:15:00,116.2699,116.39,116.07,116.3037,1153541,42.90899,116.41993,116.38064,-0.19001856,-0.22280218,0.032783612,40.97503,35.57808,30.43772,-22.66269,0.35587621,116.90210,116.37066,115.83921,2025-05-09,12:15
2025-05-09 12:20:00,116.31,116.48,116.27,116.3802,832389,44.84925,116.40329,116.38055,-0.17803548,-0.21384884,0.035813361,50.65864,42.35895,29.98491,2.37431,0.34545696,116.85218,116.40192,115.95165,2025-05-09,12:20
2025-05-09 12:25:00,116.39,116.4198,116.2,116.285,649902,42.89553,116.39496,116.36144,-0.17421239,-0.20592155,0.031709157,38.60796,43.41388,29.75268,-44.76085,0.33648167,116.80746,116.42242,116.037367,2025-05-09,12:25
2025-05-09 12:30:00,116.2802,116.4708,116.22,116.43,705971,46.70366,116.38992,116.37516,-0.15766509,-0.19627025,0.038605169,56.96212,48.74291,29.29695,-23.31657,0.33036163,116.76246,116.44685,116.13123,2025-05-09,12:30
2025-05-09 12:35:00,116.44,116.66,116.42,116.54,896083,49.45738,116.37937,116.40812,-0.13412894,-0.18384199,0.049713050,70.88637,55.48548,28.029502,57.40966,0.32390762,116.76789,116.46010,116.15230,2025-05-09,12:35
2025-05-09 12:40:00,116.54,116.61,116.45,116.485,524280,48.11866,116.35326,116.42350,-0.11854790,-0.17078317,0.052235276,63.92425,63.92425,26.85259,37.96108,0.31220019,116.77110,116.46485,116.15861,2025-05-09,12:40
2025-05-09 12:45:00,116.485,116.4932,116.16,116.245,868977,42.68866,116.35215,116.38780,-0.12413468,-0.16145348,0.037318793,33.54451,56.11838,26.67909,-79.35707,0.31370008,116.74692,116.44310,116.13929,2025-05-09,12:45
2025-05-09 12:50:00,116.24,116.45,116.19,116.4317,756543,47.63877,116.37340,116.39658,-0.11220379,-0.15160354,0.039399747,57.17749,51.54875,26.51799,-41.74632,0.30986396,116.72465,116.43319,116.14173,2025-05-09,12:50
2025-05-09 12:55:00,116.44,116.48,116.29,116.345,607318,45.66620,116.38285,116.38626,-0.10849383,-0.14298160,0.034487770,46.20265,45.64155,26.21585,-27.69520,0.30130243,116.67501,116.41419,116.15336,2025-05-09,12:55
2025-05-09 13:00:00,116.35,116.4,116.29,116.3327,559645,45.37915,116.38607,116.37555,-0.10533185,-0.13545165,0.030119801,45.22368,49.53461,25.93530,-43.18516,0.28763801,116.66703,116.40633,116.14563,2025-05-09,13:00
2025-05-09 13:05:00,116.34,116.465,116.21,116.465,768283,49.086432,116.39549,116.39344,-0.091100803,-0.12658148,0.035480674,62.18659,51.20431,25.95452,-14.69295,0.28530653,116.67225,116.41070,116.14915,2025-05-09,13:05
2025-05-09 13:10:00,116.46,116.58,116.28,116.3001,1040887,44.98777,116.39717,116.37477,-0.092066886,-0.11967856,0.027611673,47.073343,51.49454,25.31997,-10.47701,0.28635628,116.66374,116.40096,116.13817,2025-05-09,13:10
2025-05-09 13:15:00,116.3,116.48,116.27,116.42,598048,48.36389,116.39606,116.38382,-0.082210245,-0.11218490,0.029974651,64.70509,57.98834,24.77062,-4.011788,0.28090274,116.65173,116.39546,116.13918,2025-05-09,13:15
2025-05-09 13:20:00,116.415,116.67,116.11,116.57,1450214,52.30743,116.39939,116.42105,-0.061585003,-0.10206492,0.040479914,83.33355,65.037326,23.24337,38.058031,0.30083808,116.67256,116.40596,116.13935,2025-05-09,13:20
2025-05-09 13:25:00,116.57,116.65,116.4,116.43,829474,48.57844,116.39328,116.42284,-0.055891845,-0.092830303,0.036938458,57.14305,68.39390,21.82520,68.22760,0.29720679,116.66866,116.40369,116.13872,2025-05-09,13:25
2025-05-09 13:30:00,116.4215,116.45,116.23,116.36,879242,46.78260,116.40606,116.41028,-0.056378470,-0.085539937,0.029161466,44.64305,61.70655,21.27848,-32.61283,0.29169156,116.63312,116.38994,116.14676,2025-05-09,13:30
2025-05-09 13:35:00,116.36,116.52,116.335,116.48,630431,50.18264,116.41142,116.42422,-0.046544371,-0.077740823,0.031196453,66.072207,55.95277,20.38626,71.87216,0.28407056,116.57388,116.37794,116.18200,2025-05-09,13:35
2025-05-09 13:40:00,116.49,116.58,116.42,116.5275,696291,51.50322,116.43170,116.44488,-0.034520558,-0.069096770,0.034576212,74.55313,61.75613,19.23361,123.73386,0.27520864,116.58931,116.39157,116.19383,2025-05-09,13:40
2025-05-09 13:45:00,116.525,116.5711,116.47,116.5401,620390,51.86787,116.45474,116.46392,-0.023701367,-0.060017690,0.036316322,76.80381,72.47639,18.16329,122.31171,0.26277210,116.60160,116.40655,116.21150,2025-05-09,13:45
2025-05-09 13:50:00,116.54,116.5752,116.3301,116.51,865003,50.88394,116.45974,116.47314,-0.017355669,-0.051485286,0.034129616,71.42916,74.26203,17.86269,62.21486,0.26150995,116.60684,116.41905,116.23126,2025-05-09,13:50
2025-05-09 13:55:00,116.505,116.81,116.4801,116.7703,1136661,58.25878,116.51199,116.53257,0.0085784640,-0.039472536,0.048051000,94.32916,80.85404,16.85033,219.69108,0.26639460,116.67712,116.44238,116.20764,2025-05-09,13:55
2025-05-09 14:00:00,116.76,116.8,116.66,116.68,772891,55.16426,116.54088,116.56206,0.021595930,-0.027258843,0.048854772,81.42888,82.39573,15.91029,198.38758,0.25736637,116.71178,116.45737,116.20296,2025-05-09,14:00
2025-05-09 14:05:00,116.685,116.92,116.66,116.7388,1084192,56.77431,116.55963,116.59740,0.036239269,-0.014559220,0.050798489,77.62979,84.46261,15.61568,200.40246,0.25755409,116.74943,116.48006,116.21069,2025-05-09,14:05
2025-05-09 14:10:00,116.735,116.8251,116.7,116.745,566021,56.94993,116.59463,116.62692,0.047793790,-0.0020886184,0.049882408,78.39556,79.15141,15.34210,159.39167,0.24809357,116.78754,116.49581,116.20408,2025-05-09,14:10
2025-05-09 14:15:00,116.745,116.8399,116.51,116.59,912783,51.33664,116.62019,116.61954,0.043936635,0.0071164323,0.036820202,59.25891,71.76142,14.47212,86.50815,0.25393653,116.79236,116.49831,116.20426,2025-05-09,14:15
2025-05-09 14:20:00,116.59,116.7151,116.55,116.665,542215,53.71401,116.64074,116.62863,0.046397216,0.014972589,0.031424627,68.51876,68.72441,13.66428,76.12395,0.24759107,116.81007,116.50731,116.20455,2025-05-09,14:20
2025-05-09 14:25:00,116.66,116.7,116.56,116.58,551559,50.69168,116.64658,116.61891,0.041015725,0.020181216,0.020834509,58.025017,61.93423,12.91414,52.83379,0.23990595,116.80305,116.52406,116.24507,2025-05-09,14:25
2025-05-09 14:30:00,116.5802,116.73,116.55,116.7,680474,54.57731,116.66434,116.63512,0.045904301,0.025325833,0.020578468,68.11553,64.88644,12.028219,69.13775,0.23562698,116.82314,116.53748,116.25181,2025-05-09,14:30
2025-05-09 14:35:00,116.696,116.72,116.5,116.63,676948,52.0028526,116.67768,116.63410,0.043627235,0.028986114,0.014641122,57.97057,61.37037,11.51887,40.28321,0.23451085,116.82576,116.55173,116.27769,2025-05-09,14:35
2025-05-09 14:40:00,116.635,116.67,116.57,116.61,491797,51.25900,116.65987,116.62928,0.039750859,0.031139063,0.0086117963,47.44888,57.84499,11.045895,34.58879,0.22490283,116.82134,116.56559,116.30984,2025-05-09,14:40
2025-05-09 14:45:00,116.61,116.65,116.54,116.625,456534,51.81576,116.65376,116.62842,0.037457343,0.032402719,0.0050546245,49.99159,51.80368,10.80888,22.93694,0.21669552,116.82625,116.57359,116.32093,2025-05-09,14:45
2025-05-09 14:50:00,116.625,116.7099,116.55,116.6,607750,50.77464,116.63833,116.62274,0.033239141,0.032570003,0.00066913799,45.75331,47.73126,10.12597,27.14386,0.21263848,116.80794,116.58858,116.36923,2025-05-09,14:50
2025-05-09 14:55:00,116.6,116.665,116.5446,116.6124,557149,51.29722,116.62360,116.62067,0.030544484,0.032164900,-0.0016204154,47.85499,47.86663,9.53281,12.95307,0.20604998,116.80357,116.59820,116.39284,2025-05-09,14:55
2025-05-09 15:00:00,116.61,116.67,116.555,116.605,758213,50.94988,116.62527,116.61754,0.027495455,0.031231011,-0.0037355560,28.39328,40.66719,8.94018,9.98386,0.19954625,116.80493,116.59995,116.39498,2025-05-09,15:00
2025-05-09 15:05:00,116.6001,116.788,116.47,116.68,1191487,54.32841,116.62693,116.63003,0.030775938,0.031139996,-0.00036405826,46.66678,40.97168,9.13615,36.80354,0.20800729,116.80453,116.61245,116.42038,2025-05-09,15:05
2025-05-09 15:10:00,116.6849,116.74,116.51,116.6213,808756,51.34723,116.63152,116.62828,0.028312728,0.030574542,-0.0022618144,33.62212,36.22740,9.31813,4.86992,0.20957789,116.77875,116.62552,116.47229,2025-05-09,15:10
2025-05-09 15:15:00,116.625,116.69,116.57,116.6852,658192,54.28799,116.62988,116.63967,0.031157950,0.030691224,0.00046672642,58.17916,46.15602,9.48710,24.55758,0.20317967,116.77555,116.63578,116.49601,2025-05-09,15:15
2025-05-09 15:20:00,116.685,116.795,116.51,116.725,1214318,56.068782,116.64043,116.65673,0.036206561,0.031794291,0.0044122693,68.93757,53.57961,10.42755,54.71700,0.20902370,116.78127,116.64566,116.51004,2025-05-09,15:20
2025-05-09 15:25:00,116.7203,116.8,116.68,116.7252,848974,56.077967,116.65323,116.67043,0.039765238,0.033388481,0.0063767573,77.33158,68.14943,11.33583,124.92366,0.20266506,116.78562,116.65491,116.52419,2025-05-09,15:25
2025-05-09 15:30:00,116.725,116.73,116.43,116.62,1733902,50.096210,116.65268,116.66034,0.033708659,0.033452516,0.00025614260,51.35163,65.87359,11.10886,-97.40272,0.20961777,116.77447,116.66041,116.54635,2025-05-09,15:30
2025-05-09 15:35:00,116.62,116.695,116.56,116.635,865843,50.90044,116.65657,116.65527,0.029775864,0.032717186,-0.0029413217,55.40549,61.36290,10.89810,-35.89250,0.20428808,116.75631,116.65364,116.55098,2025-05-09,15:35
2025-05-09 15:40:00,116.635,116.7599,116.6212,116.735,1333225,55.99234,116.67019,116.67122,0.034332375,0.033040224,0.0012921512,82.43190,63.063007,10.15316,90.33457,0.19960339,116.76454,116.65639,116.54825,2025-05-09,15:40
2025-05-09 15:45:00,116.73,116.755,116.5,116.6251,1502907,49.87102,116.67242,116.66200,0.028743973,0.032180973,-0.0034370005,52.72903,63.52214,10.35072,-35.87109,0.20356009,116.75271,116.65071,116.54871,2025-05-09,15:45
2025-05-09 15:50:00,116.64,116.865,116.62,116.7304,2123505,54.95261,116.67802,116.67568,0.032438101,0.032232399,0.00020570190,69.057808,68.072915,9.65549,203.86614,0.20651974,116.74944,116.64998,116.55052,2025-05-09,15:50
2025-05-09 15:55:00,116.73,116.73,116.57,116.6207,4061294,49.34097,116.67796,116.66468,0.026211454,0.031028210,-0.0048167559,43.83857,55.20847,9.36933,-5.54195,0.20322550,116.74814,116.65151,116.55489,2025-05-09,15:55
2025-05-12 09:30:00,121.94,122.82,121.6,121.855,28761886,91.89091,117.25238,117.70274,0.43858582,0.11253973,0.32604609,84.89833,65.93157,14.85531,666.66667,0.63151673,119.18152,116.91101,114.64051,2025-05-12,09:30
2025-05-12 09:35:00,121.85,122.0,121.029999,121.36,6524443,84.64986,117.76738,118.43420,0.71718563,0.23346891,0.48371672,77.15181,68.62957,18.87830,310.66502,0.65569419,120.12718,117.15001,114.17285,2025-05-12,09:35
2025-05-12 09:40:00,121.355,121.5599,120.6801,121.3,5487414,83.78803,118.27569,119.0073574,0.92250264,0.37127566,0.55122698,76.21288,79.42101,21.99579,201.11927,0.67170167,120.85217,117.38002,113.90786,2025-05-12,09:40
2025-05-12 09:45:00,121.3,121.53,120.89,121.45,4250672,84.22056,118.81236,119.49589,1.084816,0.51398373,0.57083229,78.56021,77.30830,24.89059,157.39866,0.66943722,121.49709,117.62102,113.74494,2025-05-12,09:45
2025-05-12 09:50:00,121.45,122.078499,121.39,121.8413,4565798,85.32083,119.39083,119.96497,1.23084,0.65735442,0.57348277,84.68390,79.81900,27.80396,140.96819,0.67079881,122.13794,117.88258,113.62722,2025-05-12,09:50
2025-05-12 09:55:00,121.8605,121.9599,121.1501,121.38,3045373,78.38203,119.90694,120.24797,1.29442,0.78476663,0.50964882,77.46475,80.23628,30.057926,109.42826,0.68072741,122.59381,118.12033,113.64685,2025-05-12,09:55
2025-05-12 10:00:00,121.38,121.47,120.97,121.049896,3140532,73.75937,120.39859,120.40836,1.30314,0.88844199,0.41470146,72.29885,78.14917,31.81043,85.24267,0.66781831,122.93284,118.34282,113.75281,2025-05-12,10:00
2025-05-12 10:05:00,121.040001,121.43,120.94,121.029999,2780594,73.47807,120.87632,120.53269,1.29354,0.96946234,0.32408139,71.98746,73.91702,33.37882,74.19857,0.65511685,123.22400,118.56371,113.90341,2025-05-12,10:05
2025-05-12 10:10:00,121.010002,121.47,120.9515,121.425,2700867,75.47750,121.41013,120.71115,1.30279,1.036128,0.26666346,77.92727,74.071193,34.86030,69.89853,0.64535859,123.53293,118.80471,114.076476,2025-05-12,10:10
2025-05-12 10:15:00,121.425,121.695,121.32,121.4199,2549586,75.39840,121.36179,120.85290,1.29478,1.087859,0.20692415,77.84651,75.92041,36.38028,67.87985,0.62604726,123.79527,119.041700,114.28813,2025-05-12,10:15
2025-05-12 10:20:00,121.4101,121.49,121.031799,121.080002,2869876,70.12792,121.33068,120.89832,1.24664,1.11962,0.12702416,72.46839,76.080720,37.15297,54.56437,0.61405807,123.96111,119.26464,114.56816,2025-05-12,10:20
2025-05-12 10:25:00,121.074997,121.127,120.47,120.86,3851492,66.86970,121.28179,120.89066,1.17716,1.13112,0.046038296,68.64001,72.98497,36.74205,39.43520,0.61712518,124.062599,119.47337,114.88415,2025-05-12,10:25
2025-05-12 10:30:00,120.86,120.905,120.28,120.515,3085106,62.0045888,121.17790,120.81552,1.081794,1.12126,-0.039464900,63.12000,68.076132,36.0074072,28.018437,0.61768767,124.092730,119.66287,115.23302,2025-05-12,10:30
2025-05-12 10:35:00,120.505,120.68,120.33,120.5901,2328146,62.64179,121.038878,120.77044,1.00073715,1.097154,-0.096417186,12.20883,47.98961,35.32524,22.92596,0.59856701,124.089346,119.85612,115.62289,2025-05-12,10:35
2025-05-12 10:40:00,120.595,120.96,120.58,120.8889,2272203,65.14614,120.98431,120.79413,0.94966257,1.067656,-0.11799341,33.85610,36.39497,35.0091312,28.46932,0.58295489,124.051625,120.069565,116.087505,2025-05-12,10:40
2025-05-12 10:45:00,120.88,120.975,120.585,120.7085,1929076,62.42528,120.94638,120.77701,0.88443387,1.031012,-0.14657769,23.82568,23.29687,34.73275,21.65190,0.56917235,123.93565,120.27324,116.61083,2025-05-12,10:45
2025-05-12 10:50:00,120.7,120.94,120.48,120.9182,1962027,64.29218,120.93396,120.80524,0.83997746,0.99280474,-0.15282728,35.48506,31.055615,34.23712,16.76947,0.56137426,123.77142,120.48240,117.19338,2025-05-12,10:50
2025-05-12 10:55:00,120.9116,120.98,120.75,120.8726,1759801,63.55269,120.87258,120.81872,0.79193687,0.95263117,-0.16069430,32.94957,30.75344,33.83032,13.16377,0.53770491,123.46821,120.69478,117.92134,2025-05-12,10:55
2025-05-12 11:00:00,120.878,121.2,120.71,121.0952,5296447,65.63088,120.83650,120.87401,0.76303080,0.91471109,-0.15168029,48.52671,38.98711,33.74764,10.26656,0.53429727,123.0083028,120.91301,118.81773,2025-05-12,11:00
2025-05-12 11:05:00,121.089996,121.15,120.87,120.975,1578397,63.52456,120.82483,120.89421,0.72209939,0.87618875,-0.15408936,49.11655,43.53094,33.67087,-29.42112,0.51613309,121.84948,121.13073,120.41198,2025-05-12,11:05
2025-05-12 11:10:00,120.98,121.28,120.9108,121.275,1513839,66.42113,120.87094,120.97037,0.70573344,0.84209769,-0.13636425,70.31817,55.98715,33.78284,17.093005,0.50563799,121.74398,121.10173,120.45948,2025-05-12,11:10
2025-05-12 11:15:00,121.28,121.61,121.24,121.57,2380700,69.025847,120.98817,121.090294,0.70840119,0.81535839,-0.10695720,91.16608,70.20027,34.32324,96.72084,0.49594975,121.77748,121.11223,120.44698,2025-05-12,11:15
2025-05-12 11:20:00,121.575,121.69,121.43,121.6798,1896996,69.95990,121.10924,121.20820,0.71117751,0.79452221,-0.083344707,98.92595,86.80340,34.92576,115.031538,0.47909635,121.83726,121.13122,120.42518,2025-05-12,11:20
2025-05-12 11:25:00,121.68,121.85,121.6,121.6514,2092794,69.37707,121.19397,121.29684,0.70298223,0.77621422,-0.073231984,87.35027,92.48077,35.68652,125.61725,0.46273233,121.87059,121.14129,120.41199,2025-05-12,11:25
2025-05-12 11:30:00,121.655,121.85,121.59,121.8,1383975,70.75003,121.31524,121.39747,0.70040480,0.76105233,-0.060647534,96.81558,94.36393,36.35859,136.50486,0.44825160,121.86078,121.13923,120.41767,2025-05-12,11:30
2025-05-12 11:35:00,121.81,121.88,121.615,121.6799,1665721,68.092895,121.39988,121.45396,0.68082284,0.74500644,-0.064183595,87.49398,90.55327,37.024055,124.70145,0.43516216,121.90696,121.15422,120.40148,2025-05-12,11:35
2025-05-12 11:40:00,121.685,121.74,121.52,121.6518,1366027,67.45460,121.48646,121.49353,0.65548066,0.72710128,-0.071620616,85.27769,89.86241,37.28039,93.64579,0.41979352,121.96555,121.18432,120.40308,2025-05-12,11:40
2025-05-12 11:45:00,121.6515,121.84,121.63,121.6742,1066459,67.71441,121.55079,121.52966,0.62994271,0.70766957,-0.077726861,85.30027,86.023980,37.67918,95.80193,0.40480820,122.022389,121.21653,120.41066,2025-05-12,11:45
2025-05-12 11:50:00,121.67,121.6901,121.445,121.6018,1584242,65.88356,121.62043,121.54409,0.59697976,0.68553161,-0.088551841,80.12861,83.56886,37.33305,65.39903,0.39340061,122.043961,121.22537,120.40677,2025-05-12,11:50
2025-05-12 11:55:00,121.61,121.74,121.52,121.7201,1266850,67.43298,121.66989,121.57929,0.57378806,0.66318290,-0.089394838,88.57875,84.66921,37.10753,76.052763,0.38101494,122.083335,121.24038,120.39742,2025-05-12,11:55
2025-05-12 12:00:00,121.73,122.099998,121.65,122.019997,3384541,71.025403,121.71989,121.66743,0.57300237,0.64514679,-0.072144422,94.24447,87.65061,37.53008,105.59424,0.38594223,122.19190,121.28738,120.38285,2025-05-12,12:00
2025-05-12 12:05:00,122.021599,122.3,122.019997,122.2999,2212737,73.91727,121.78879,121.79392,0.58818503,0.63375444,-0.045569407,99.99328,94.27217,38.22537,133.24791,0.37837538,122.34219,121.35937,120.37655,2025-05-12,12:05
2025-05-12 12:10:00,122.2918,122.48,122.28,122.3813,2387817,74.70792,121.86989,121.91140,0.59987122,0.62697779,-0.027106579,93.86948,96.035743,39.12445,146.74242,0.36563461,122.45138,121.45269,120.45399,2025-05-12,12:10
2025-05-12 12:15:00,122.39,122.72,122.37,122.6615,2848114,77.26274,121.96561,122.061420,0.62454283,0.62649080,-0.0019479744,96.76641,96.87639,40.26886,166.57088,0.36451774,122.60407,121.55625,120.50844,2025-05-12,12:15
2025-05-12 12:20:00,122.665,122.675,122.44,122.495,1760542,72.57170,122.056178,122.14814,0.62347338,0.62588732,-0.0024139329,84.79743,91.81111,41.33153,148.44211,0.35526652,122.71327,121.63656,120.55985,2025-05-12,12:20
2025-05-12 12:25:00,122.495,122.55,122.33,122.3713,1648267,69.20948,122.13612,122.19277,0.60566235,0.62184232,-0.016179976,72.96890,84.84425,41.82251,119.39663,0.34560471,122.75283,121.71970,120.68657,2025-05-12,12:25
2025-05-12 12:30:00,122.395,122.48,122.33,122.4603,1052388,70.27642,122.22347,122.24627,0.59190516,0.61585489,-0.023949729,79.63104,79.13246,42.27842,106.66469,0.33163306,122.80913,121.79680,120.78448,2025-05-12,12:30
2025-05-12 12:35:00,122.4629,122.6,122.44,122.475,1577954,70.45853,122.32049,122.29202,0.57555418,0.60779475,-0.032240569,80.78412,77.79469,42.89995,104.49020,0.31937327,122.83623,121.87692,120.91762,2025-05-12,12:35
2025-05-12 12:40:00,122.475,122.53,122.42,122.44,954256,69.36902,122.40048,122.32162,0.55339285,0.59691437,-0.043521517,78.039338,79.48483,43.37436,87.11937,0.30441808,122.86252,121.94417,121.025807,2025-05-12,12:40
2025-05-12 12:45:00,122.4416,122.6,122.41,122.58,1293938,71.28214,122.46270,122.37329,0.54089156,0.58570981,-0.044818247,89.019669,82.61438,43.93977,87.26315,0.29624499,122.86740,122.024415,121.18143,2025-05-12,12:45
2025-05-12 12:50:00,122.585,122.731,122.51,122.705,1603549,72.90909,122.50771,122.43963,0.53490461,0.57554877,-0.040644162,97.97816,88.34572,44.69193,96.76935,0.29087039,122.91475,122.095915,121.27708,2025-05-12,12:50
2025-05-12 12:55:00,122.7,122.7103,122.52,122.56,1564782,68.090048,122.52757,122.46371,0.51255090,0.56294919,-0.050398295,86.70258,91.23347,45.39036,80.51467,0.28368679,122.95068,122.14542,121.34015,2025-05-12,12:55
2025-05-12 13:00:00,122.57,122.59,122.33,122.515,1444917,66.61851,122.51129,122.47397,0.48560668,0.54748069,-0.061874013,82.16331,88.94801,44.94725,55.10141,0.28199449,122.97802,122.18717,121.39633,2025-05-12,13:00
2025-05-12 13:05:00,122.515,122.89,122.44,122.845,2580653,71.48550,122.55018,122.54817,0.48528749,0.53504205,-0.049754563,96.37111,88.41233,45.16136,92.77040,0.29399466,123.047053,122.24686,121.44666,2025-05-12,13:05
2025-05-12 13:10:00,122.85,122.93,122.59,122.6713,2417586,66.028539,122.58351,122.57280,0.46565078,0.52116380,-0.055513015,71.57182,83.36875,45.43551,87.91707,0.29728104,123.083403,122.29042,121.49744,2025-05-12,13:10
2025-05-12 13:15:00,122.675,122.82,122.55,122.724,1359251,66.85518,122.61281,122.60304,0.44916302,0.50676364,-0.057600617,68.30757,78.75017,45.46287,78.10006,0.29533216,123.10484,122.34263,121.58041,2025-05-12,13:15
2025-05-12 13:20:00,122.7124,122.7382,122.48,122.59,1223064,62.67842,122.62559,122.60043,0.42043693,0.48949830,-0.069061372,43.33253,61.070638,45.085350,56.028623,0.29267943,123.088792,122.38953,121.69028,2025-05-12,13:20
2025-05-12 13:25:00,122.595,122.71,122.55,122.6615,924078,63.97184,122.65020,122.61264,0.39884334,0.47136731,-0.072523968,55.24967,55.62992,44.73480,64.023285,0.28320204,123.064731,122.43890,121.81307,2025-05-12,13:25
2025-05-12 13:30:00,122.665,122.75,122.59,122.645,965564,63.42552,122.65742,122.61911,0.37606363,0.45230657,-0.076242940,52.49927,50.36049,44.51610,69.99430,0.27440190,122.99019,122.49106,121.99193,2025-05-12,13:30
2025-05-12 13:35:00,122.645,122.66,122.47,122.505,1374373,58.83498,122.63520,122.59629,0.34276262,0.43039778,-0.087635164,29.16598,45.63831,43.55688,15.21764,0.26837337,122.88263,122.53030,122.17798,2025-05-12,13:35
2025-05-12 13:40:00,122.5,122.57,122.4718,122.5401,997813,59.62406,122.63299,122.58505,0.31556618,0.40743146,-0.091865283,35.016467,38.89390,42.66617,-12.041713,0.25621798,122.81968,122.55631,122.29294,2025-05-12,13:40
2025-05-12 13:45:00,122.545,122.74,122.54,122.6015,1381841,61.031184,122.64260,122.58834,0.29556034,0.38505724,-0.089496892,45.25005,36.47750,42.37732,47.69114,0.25220219,122.80743,122.57139,122.33535,2025-05-12,13:45
2025-05-12 13:50:00,122.605,122.86,122.6,122.825,1419174,65.71490,122.64038,122.63567,0.29434675,0.36691514,-0.072568390,82.49940,54.25531,42.44555,139.89152,0.25275933,122.83726,122.59357,122.34989,2025-05-12,13:50
2025-05-12 13:55:00,122.825,122.871,122.74,122.815,2103047,65.33671,122.65634,122.67154,0.28924427,0.35138097,-0.062136699,80.83364,69.52770,42.53935,150.37641,0.24406254,122.86207,122.60125,122.34043,2025-05-12,13:55
2025-05-12 14:00:00,122.815,122.94,122.77,122.78,1574399,63.94864,122.66257,122.69323,0.27915805,0.33693638,-0.057778334,73.76992,79.034318,42.82062,142.91770,0.23877278,122.88261,122.61550,122.34839,2025-05-12,14:00
2025-05-12 14:05:00,122.785,122.82,122.64,122.66,865586,59.29770,122.67034,122.68658,0.25850190,0.32124949,-0.062747586,54.098006,69.56719,42.14736,56.48639,0.23457470,122.87280,122.62993,122.38706,2025-05-12,14:05
2025-05-12 14:10:00,122.6507,122.69,122.54,122.65,1769115,58.91323,122.66907,122.67927,0.23857482,0.30471455,-0.066139734,41.99982,56.62258,40.86578,-7.029633,0.22853376,122.86953,122.63942,122.40931,2025-05-12,14:10
2025-05-12 14:15:00,122.655,122.691,122.5,122.68,1249558,59.75633,122.67296,122.67941,0.22263670,0.28829898,-0.065662285,44.68054,46.92612,39.42003,-15.023816,0.22585291,122.86751,122.64967,122.43183,2025-05-12,14:15
2025-05-12 14:20:00,122.68,122.77,122.6,122.635,1041272,57.83910,122.68740,122.67053,0.20402280,0.27144374,-0.067420948,35.10649,40.59561,38.40501,15.17319,0.22186329,122.85518,122.65942,122.46366,2025-05-12,14:20
2025-05-12 14:25:00,122.63,122.79,122.57,122.735,1242550,60.84555,122.70906,122.68343,0.19509129,0.25617325,-0.061081959,56.38270,45.38991,37.25612,36.98388,0.22173028,122.86201,122.66717,122.47232,2025-05-12,14:25
2025-05-12 14:30:00,122.735,122.78,122.57,122.64,1099715,56.70830,122.71333,122.67474,0.17829197,0.24059700,-0.062305024,36.16973,42.55297,36.18928,2.27235,0.22089234,122.85830,122.66392,122.46954,2025-05-12,14:30
2025-05-12 14:35:00,122.6442,122.76,122.64,122.71,1262195,58.92454,122.70056,122.68179,0.16868232,0.22621406,-0.057531746,51.063243,47.87189,35.19865,36.97321,0.21368594,122.86069,122.67142,122.48215,2025-05-12,14:35
2025-05-12 14:40:00,122.7,122.85,122.68,122.765,1445332,60.62996,122.69500,122.69843,0.16361856,0.21369496,-0.050076398,62.76540,49.99946,34.72034,90.61958,0.21056538,122.86296,122.68392,122.50488,2025-05-12,14:40
2025-05-12 14:45:00,122.765,122.91,122.76,122.855,1645134,63.31424,122.70333,122.72975,0.16496644,0.20394926,-0.038982815,81.84559,65.22474,34.55225,152.41169,0.20623939,122.86531,122.68442,122.50353,2025-05-12,14:45
2025-05-12 14:50:00,122.855,122.885,122.71,122.75,1494718,58.31856,122.71333,122.73380,0.15576618,0.19431264,-0.038546465,56.81787,67.14295,33.95874,87.64848,0.20400823,122.87134,122.68835,122.50537,2025-05-12,14:50
2025-05-12 14:55:00,122.745,122.79,122.565,122.59,1259418,51.63307,122.70667,122.70504,0.13401905,0.18225392,-0.048234871,20.45360,53.039018,32.26930,-35.53013,0.20550753,122.86870,122.68165,122.49461,2025-05-12,14:55
2025-05-12 15:00:00,122.595,122.78,122.48,122.7725,1770578,57.60320,122.71694,122.71853,0.13001205,0.17180555,-0.041793499,63.58615,46.95254,30.11898,-12.49651,0.21225667,122.87685,122.69078,122.50471,2025-05-12,15:00
2025-05-12 15:05:00,122.775,123.0,122.71,122.93,2575982,61.96637,122.74972,122.76082,0.13795524,0.16503549,-0.027080247,86.53843,56.85940,29.31468,156.29338,0.21780983,122.91675,122.70420,122.49166,2025-05-12,15:05
2025-05-12 15:10:00,122.935,122.94,122.74,122.8725,1993630,59.55653,122.76500,122.78316,0.13801929,0.15963225,-0.021612962,75.48014,75.20158,28.56783,112.32375,0.21653802,122.93834,122.71558,122.49282,2025-05-12,15:10
2025-05-12 15:15:00,122.8701,122.93,122.76,122.865,1488609,59.23298,122.79000,122.79953,0.13589833,0.15488546,-0.018987136,74.037883,78.68549,27.87433,100.38129,0.21321375,122.94315,122.73358,122.52401,2025-05-12,15:15
2025-05-12 15:20:00,122.865,122.9,122.66,122.6652,1629709,51.24574,122.78502,122.77266,0.11674956,0.14725828,-0.030508722,35.61483,61.71095,26.48057,3.55929,0.21512690,122.93274,122.73983,122.54693,2025-05-12,15:20
2025-05-12 15:25:00,122.67,122.68,122.47,122.585,1941949,48.42312,122.76502,122.73513,0.094018750,0.13661038,-0.042591626,21.69776,43.78349,25.17648,-137.89656,0.21476063,122.93440,122.73901,122.54362,2025-05-12,15:25
2025-05-12 15:30:00,122.58,122.59,122.37,122.3801,1954513,42.050423,122.71225,122.66412,0.058792761,0.12104685,-0.062254092,1.60218,19.63826,24.48882,-208.027139,0.21513441,122.96270,122.71676,122.47083,2025-05-12,15:30
2025-05-12 15:35:00,122.385,122.42,122.13,122.22,2344350,37.85819,122.65337,122.57530,0.017752920,0.10038807,-0.082635146,10.34525,11.21506,24.88198,-279.43349,0.22048202,123.010074,122.68701,122.36395,2025-05-12,15:35
2025-05-12 15:40:00,122.215,122.38,122.070099,122.315,2731088,41.58014,122.62281,122.52324,-0.0070246688,0.078905519,-0.085930188,26.33652,12.76132,25.46682,-225.38888,0.22686890,123.021752,122.66376,122.30578,2025-05-12,15:40
2025-05-12 15:45:00,122.315,122.52,122.18,122.51,2563118,48.41043,122.59364,122.52059,-0.010801725,0.060964070,-0.071765796,47.30646,27.99607,25.063172,-121.20378,0.23494943,123.020484,122.65626,122.29205,2025-05-12,15:45
2025-05-12 15:50:00,122.51,123.0,122.51,122.88,5921388,58.35873,122.58809,122.59247,0.015877419,0.051946740,-0.036069321,87.095107,53.57936,24.15870,67.45728,0.25316718,123.044766,122.66776,122.29076,2025-05-12,15:50
2025-05-12 15:55:00,122.885,123.0,122.62,122.99,9459059,60.78018,122.60114,122.67198,0.045373921,0.050632176,-0.0052582553,98.92439,77.77532,23.31883,93.65538,0.26222647,123.085640,122.68326,122.28089,2025-05-12,15:55
2025-05-13 09:30:00,124.97,125.85,124.47,125.64,25124192,84.36616,122.90948,123.26558,0.27936277,0.096378295,0.18298447,94.44432,93.48794,26.60176,598.54485,0.44778176,124.18244,122.83351,121.48459,2025-05-13,09:30
2025-05-13 09:35:00,125.66,126.18,125.49,126.11,6926056,85.97691,123.29223,123.83447,0.49699672,0.17650198,0.32049474,98.29680,97.22184,29.81455,371.33917,0.46508324,124.96462,123.0022644,121.039913,2025-05-13,09:35
2025-05-13 09:40:00,126.11,126.57,125.98,126.515,6122021,87.20066,123.72890,124.37057,0.69415146,0.28003187,0.41411958,98.77774,97.17296,32.97453,262.077580,0.47400560,125.67438,123.19601,120.71765,2025-05-13,09:40
2025-05-13 09:45:00,126.51,126.73,126.37,126.4601,5227282,86.10372,124.18223,124.78848,0.83632729,0.39129096,0.44503633,94.20793,97.094158,35.97742,196.97834,0.46586239,126.22698,123.38352,120.54006,2025-05-13,09:45
2025-05-13 09:50:00,126.47,127.28,126.4442,127.25,6442575,88.37045,124.74112,125.28078,1.0011999,0.51327275,0.48792717,99.42420,97.46996,38.98097,171.68180,0.49228652,126.89373,123.60777,120.32181,2025-05-13,09:50
2025-05-13 09:55:00,127.25,127.89,127.099998,127.725,6599289,89.48157,125.34223,125.76963,1.15686,0.64198931,0.51486625,97.16488,96.93234,41.96751,158.047431,0.51355183,127.57113,123.85127,120.13141,2025-05-13,09:55
2025-05-13 10:00:00,127.73,127.85,127.47,127.59,5252641,86.93917,125.90668,126.13370,1.25486,0.76456246,0.49029259,94.84522,97.14477,44.74074,132.74256,0.50401222,128.11274,124.093269,120.073799,2025-05-13,10:00
2025-05-13 10:05:00,127.5954,128.565,127.56,128.4303,8546668,89.028692,126.52338,126.59302,1.38437,0.88852347,0.49584406,97.92600,96.64537,47.51632,128.92145,0.53979741,128.75850,124.38528,120.012065,2025-05-13,10:05
2025-05-13 10:10:00,128.435,128.875,127.8135,128.77499,7877987,89.75290,127.16615,127.029414,1.49756,1.010330,0.48722784,98.53038,97.10053,50.16846,119.95472,0.57706192,129.38631,124.68541,119.98451,2025-05-13,10:10
2025-05-13 10:15:00,128.77499,129.49989,128.64999,129.1313,8817102,90.45433,127.55408,127.44979,1.59760,1.12778,0.46981383,95.039011,97.16513,52.76469,121.25798,0.59655030,130.00054949,124.99547,119.99040,2025-05-13,10:15
2025-05-13 10:20:00,129.13541,129.22,128.71001,129.035004,5598746,88.68739,127.87908,127.76683,1.65009,1.23224,0.41784333,93.64896,95.73945,55.17547,106.065818,0.59036775,130.50294,125.30360,120.10426,2025-05-13,10:20
2025-05-13 10:25:00,129.029999,129.39999,128.88,129.215,4573397,89.11537,128.17908,128.056467,1.68677,1.32315,0.36361776,95.92416,94.87071,57.45170,100.57976,0.58534069,130.95968,125.62110,120.28252,2025-05-13,10:25
2025-05-13 10:30:00,129.22501,129.61,128.92,129.205,5992714,88.91422,128.48407,128.28617,1.69548,1.39762,0.29786806,94.20602,94.59305,59.60866,94.52856,0.59281653,131.32341,125.94809,120.57277,2025-05-13,10:30
2025-05-13 10:35:00,129.205,129.69,129.17999,129.55659,4567303,89.78753,128.74035,128.54026,1.71104,1.46030,0.25073873,97.44430,95.85816,61.62818,93.64953,0.58690176,131.65860,126.29667,120.93474,2025-05-13,10:35
2025-05-13 10:40:00,129.55,129.61,129.2,129.34531,4028181,85.43197,128.92039,128.70127,1.68687,1.50562,0.18125762,91.79296,94.48109,63.50344,85.18935,0.57426619,131.84647,126.64493,121.44339,2025-05-13,10:40
2025-05-13 10:45:00,129.35001,129.7999,129.32001,129.78,4911973,86.84576,129.16372,128.91701,1.68339,1.54117,0.14222102,99.47911,96.23879,65.28744,86.80163,0.56752495,131.97614,127.022929,122.069723,2025-05-13,10:45
2025-05-13 10:50:00,129.77,129.99001,129.75,129.8949,6030805,87.19937,129.32646,129.11259,1.67065,1.56707,0.10358019,97.37271,96.21493,66.98555,89.70256,0.54413070,132.0037096,127.40192,122.80014,2025-05-13,10:50
2025-05-13 10:55:00,129.89,130.83,129.88,130.63,11021413,89.19979,129.53257,129.41607,1.70026,1.59370,0.10655722,95.43990,97.43057,68.71371,105.90296,0.57312115,132.028707,127.80792,123.58714,2025-05-13,10:55
2025-05-13 11:00:00,130.63251,130.64,130.070007,130.155,5201787,80.45091,129.64631,129.56386,1.66620,1.60820,0.057993978,81.90342,91.57201,70.31842,95.93118,0.57289764,131.85007,128.17167,124.49328,2025-05-13,11:00
2025-05-13 11:05:00,130.1514,130.19,129.55,129.71001,8088261,73.20690,129.72131,129.59309,1.58502,1.60357,-0.018544699,66.66682,81.33671,70.14143,72.39052,0.57769084,131.36816,128.50767,125.64719,2025-05-13,11:05
2025-05-13 11:10:00,129.71001,130.0099945,129.55,129.58501,4189226,71.26570,129.76242,129.59147,1.49339,1.58153,-0.088142140,61.92680,70.16568,69.97708,62.58769,0.56928375,131.27672,128.70493,126.13313,2025-05-13,11:10
2025-05-13 11:15:00,129.59,130.25,129.59,130.17999,8901329,74.70406,129.87076,129.70918,1.45204,1.55563,-0.10359182,78.45156,69.015061,69.96537,76.25643,0.57612014,131.26149,128.90842,126.55535,2025-05-13,11:15
2025-05-13 11:20:00,130.17171,130.1899,129.89999,129.90581,3058670,70.51648,129.90956,129.74850,1.38123,1.52075,-0.13952520,57.60592,65.99476,69.95450,73.61136,0.55567597,131.19344,129.077965,126.96249,2025-05-13,11:20
2025-05-13 11:25:00,129.89999,130.17999,129.82001,129.83,3971327,69.35887,129.96341,129.76480,1.30396,1.47739,-0.17343555,52.83008,62.96252,69.66349,66.63170,0.54169807,131.0083125,129.24646,127.48461,2025-05-13,11:25
2025-05-13 11:30:00,129.83501,129.89999,129.64,129.7916,2482271,68.74314,129.96470,129.77016,1.22550,1.42701,-0.20151825,46.74831,52.39477,68.76358,46.43103,0.52157638,130.89071,129.37354,127.85638,2025-05-13,11:30
2025-05-13 11:35:00,129.795,130.35001,129.45,129.94,6220176,69.85670,129.96971,129.80413,1.16190,1.37399,-0.21209484,53.40326,50.99388,68.31182,56.24036,0.54860730,130.81597,129.48429,128.15261,2025-05-13,11:35
2025-05-13 11:40:00,129.95,129.9702,129.59,129.845,2499108,68.18215,129.88249,129.81230,1.091247,1.31744,-0.22619485,40.30332,46.81830,67.89233,35.70089,0.53657844,130.61236,129.59704,128.58172,2025-05-13,11:40
2025-05-13 11:45:00,129.845,130.029999,129.75,129.895,3015207,68.60868,129.85360,129.82884,1.027448,1.25944,-0.23199474,42.63836,45.44832,67.55358,43.90306,0.51825132,130.53913,129.67028,128.80142,2025-05-13,11:45
2025-05-13 11:50:00,129.89999,130.0,129.82001,129.96471,1887974,69.22794,129.88190,129.85602,0.97131495,1.20182,-0.23050232,42.69546,41.87905,67.23902,45.52228,0.49408999,130.50293,129.72976,128.95659,2025-05-13,11:50
2025-05-13 11:55:00,129.96001,129.99001,129.78999,129.91,1812491,68.092642,129.91801,129.86681,0.91190311,1.14383,-0.23193133,33.33370,39.55584,66.81995,33.67576,0.47308443,130.49436,129.76870,129.043029,2025-05-13,11:55
2025-05-13 12:00:00,129.92,129.9455,129.37,129.39,3182926,58.30426,129.83024,129.77145,0.81348149,1.077764,-0.26428236,1.37015,25.79977,64.80503,-62.60573,0.48039986,130.45454,129.78645,129.11835,2025-05-13,12:00
2025-05-13 12:05:00,129.39,129.6701,129.32001,129.64,2219250,61.19257,129.80070,129.74516,0.74704311,1.011620,-0.26457659,24.24197,19.64861,62.75821,-82.94520,0.47109256,130.42699,129.80770,129.18840,2025-05-13,12:05
2025-05-13 12:10:00,129.6451,129.92,129.485,129.89999,2052833,63.98656,129.80848,129.77613,0.70721724,0.95073921,-0.24352197,56.30944,27.30719,61.25555,-23.55675,0.46851435,130.39720,129.84245,129.28769,2025-05-13,12:10
2025-05-13 12:15:00,129.89999,130.029999,129.83,129.9299,2658144,64.30492,129.82385,129.80688,0.67034094,0.89465956,-0.22431862,59.21306,46.58816,60.025587,28.79681,0.44933453,130.40106,129.86111,129.32116,2025-05-13,12:15
2025-05-13 12:20:00,129.92999,129.95,129.705,129.925,1861252,64.20481,129.82218,129.83051,0.63341931,0.84241151,-0.20899220,58.73752,58.086674,58.40654,-9.39085,0.43473886,130.37568,129.89010,129.40451,2025-05-13,12:20
2025-05-13 12:25:00,129.94,130.48,129.94,130.46001,3787368,69.74497,129.89051,129.95641,0.63995201,0.80191961,-0.16196760,98.27679,72.075790,57.68479,165.72538,0.44332842,130.46604,129.92410,129.38215,2025-05-13,12:25
2025-05-13 12:30:00,130.45,130.46001,130.089996,130.24001,2204700,65.27122,129.92885,130.013126,0.62022736,0.76558116,-0.14535379,79.31098,78.77510,57.014587,128.78093,0.43809142,130.50019,129.94135,129.38251,2025-05-13,12:30
2025-05-13 12:35:00,130.24339,130.60001,130.22,130.5784,2538001,68.60683,129.99703,130.12618,0.62469987,0.73740490,-0.11270503,98.31199,91.96659,56.57985,205.83361,0.43394238,130.48521,129.93877,129.39234,2025-05-13,12:35
2025-05-13 12:40:00,130.58501,130.78999,130.47,130.73531,2433689,70.043576,130.088735,130.24801,0.63360161,0.71664424,-0.083042630,96.27973,91.30090,56.41840,240.10295,0.42580307,130.61026,129.96779,129.32532,2025-05-13,12:40
2025-05-13 12:45:00,130.74001,130.99001,130.64999,130.98,2555375,72.18171,130.26540,130.39440,0.65287481,0.70389036,-0.051015549,99.40061,97.99744,56.50556,228.14967,0.41967511,130.79827,130.031287,129.26431,2025-05-13,12:45
2025-05-13 12:50:00,130.98,130.99001,130.85001,130.933,2062880,71.13157,130.40907,130.50212,0.65678566,0.69446942,-0.037683753,96.58641,97.42225,56.58650,185.16206,0.39969827,130.93108,130.098686,129.26630,2025-05-13,12:50
2025-05-13 12:55:00,130.9348,130.95,130.57001,130.64,2065570,64.80181,130.49129,130.52970,0.62899183,0.68137390,-0.052382071,79.041528,91.67618,55.47351,117.96770,0.39829051,130.98658,130.12169,129.25679,2025-05-13,12:55
2025-05-13 13:00:00,130.63,130.78,130.515,130.74159,1602517,65.93377,130.58148,130.57208,0.60815232,0.66672958,-0.058577264,85.12495,86.91763,54.22008,95.31183,0.38876972,131.062692,130.16348,129.26426,2025-05-13,13:00
2025-05-13 13:05:00,130.74989,130.78999,130.45,130.785,1766887,66.43057,130.67703,130.61466,0.58835756,0.65105518,-0.062697615,87.72443,83.96363,52.78980,83.59229,0.38528590,131.13561,130.21123,129.28684,2025-05-13,13:05
2025-05-13 13:10:00,130.785,130.87,130.64999,130.77,1328844,66.072037,130.71148,130.64573,0.56494739,0.63383362,-0.068886231,86.82626,86.55855,51.62430,87.92195,0.37347985,131.19403,130.26015,129.32626,2025-05-13,13:10
2025-05-13 13:15:00,130.785,130.97,130.71001,130.925,3633681,67.99435,130.78759,130.70159,0.55253252,0.61757340,-0.065040885,95.68091,90.077201,50.74399,94.28359,0.36537376,131.27394,130.30940,129.34485,2025-05-13,13:15
2025-05-13 13:20:00,130.925,130.935,130.78,130.8895,1234640,67.057042,130.82216,130.73917,0.53367661,0.60079404,-0.067117432,92.17826,91.56181,49.92656,85.033540,0.35034697,131.33302,130.36162,129.39023,2025-05-13,13:20
2025-05-13 13:25:00,130.88879,130.89999,130.705,130.83501,1462363,65.56338,130.83323,130.75834,0.50847497,0.58233023,-0.073855259,87.93787,91.93235,48.79675,69.57168,0.33925019,131.37612,130.40862,129.44113,2025-05-13,13:25
2025-05-13 13:30:00,130.83501,130.99001,130.815,130.97501,2004536,67.56257,130.83268,130.80167,0.49410355,0.56468489,-0.070581343,98.57149,92.89587,47.96391,80.25467,0.32751826,131.43412,130.45914,129.48416,2025-05-13,13:30
2025-05-13 13:35:00,130.97501,131.2189,130.92999,130.985,4188990,67.70671,130.83846,130.83834,0.47801036,0.54734999,-0.069339623,79.28066,88.59667,47.69244,92.22397,0.32476052,131.47934,130.51289,129.54644,2025-05-13,13:35
2025-05-13 13:40:00,130.98,131.089996,130.74001,130.82001,1810842,62.74969,130.85846,130.83467,0.44679247,0.52723848,-0.080446011,60.066601,79.30625,46.50500,62.17930,0.32656268,131.40917,130.58439,129.75960,2025-05-13,13:40
2025-05-13 13:45:00,130.825,131.039993,130.78999,130.98,1486241,65.39533,130.88495,130.86374,0.43000497,0.50779178,-0.077786814,68.92898,69.42541,45.40238,70.33862,0.32109392,131.36919,130.65139,129.93358,2025-05-13,13:45
2025-05-13 13:50:00,130.985,131.070007,130.45,130.47839,1904089,52.74651,130.85088,130.78667,0.37193817,0.48062106,-0.10868289,3.69312,44.22957,42.89349,2.73785,0.34244510,131.31667,130.68031,130.043940,2025-05-13,13:50
2025-05-13 13:55:00,130.47501,130.52,130.22009,130.24159,2818083,48.024019,130.79217,130.67765,0.30331551,0.44515995,-0.14184444,2.15253,24.92487,39.91119,-106.097973,0.33940698,131.27023,130.69589,130.12155,2025-05-13,13:55
2025-05-13 14:00:00,130.255,130.32001,129.88,130.21989,3734500,47.60345,130.71382,130.58610,0.24436384,0.40500073,-0.16063689,25.38577,10.41047,38.14180,-180.26411,0.34659237,131.21606,130.71064,130.20521,2025-05-13,14:00
2025-05-13 14:05:00,130.22,130.34869,130.0,130.020004,1923080,43.79814,130.61721,130.47288,0.17944621,0.35988982,-0.18044362,10.45632,12.66487,36.39436,-174.99974,0.34674248,131.26859,130.68864,130.10868,2025-05-13,14:05
2025-05-13 14:10:00,130.024994,130.16499,129.87,130.0,2118690,43.42404,130.52443,130.37830,0.12494406,0.31290067,-0.18795661,9.63779,15.15996,35.13159,-191.95033,0.34304646,131.30143,130.67663,130.051845,2025-05-13,14:10
2025-05-13 14:15:00,130.0,130.17999,129.86,130.1546,2811020,47.17916,130.43328,130.33356,0.093152011,0.26895094,-0.17579893,21.67937,13.92449,33.89796,-151.044983,0.34139971,131.31963,130.65545,129.99126,2025-05-13,14:15
2025-05-13 14:20:00,130.155,130.42,130.085007,130.37,2104374,51.96293,130.36494,130.34085,0.084364502,0.23203365,-0.14766915,37.52990,22.94902,31.82332,-79.93725,0.34094198,131.31159,130.63718,129.96277,2025-05-13,14:20
2025-05-13 14:25:00,130.3718,130.5,130.3101,130.44501,2979358,53.54097,130.32328,130.36168,0.082502162,0.20212735,-0.11962519,43.049957,34.086409,29.61144,-43.81494,0.33015296,131.27062,130.61043,129.95024,2025-05-13,14:25
2025-05-13 14:30:00,130.45,130.465,130.17,130.2354,2059697,48.72424,130.24054,130.33642,0.063381844,0.17437825,-0.11099641,27.62500,36.068286,28.032408,-64.77434,0.32764190,131.23759,130.57555,129.91351,2025-05-13,14:30
2025-05-13 14:35:00,130.23,130.38,130.1602,130.22,1874849,48.37995,130.21183,130.31314,0.046451058,0.14879281,-0.10234176,26.49202,32.38899,26.59936,-65.32022,0.31993911,131.23351,130.55455,129.87559,2025-05-13,14:35
2025-05-13 14:40:00,130.23,130.33,129.85001,129.92,2909036,42.13270,130.17610,130.23451,0.0087249720,0.12077924,-0.11205427,5.11303,19.74335,26.23010,-99.94171,0.33137173,131.23995,130.51347,129.78699,2025-05-13,14:40
2025-05-13 14:45:00,129.925,130.029999,129.72,129.94,2233517,42.66435,130.14500,130.17561,-0.019336150,0.092756166,-0.11209232,16.058540,15.88786,26.23475,-113.20967,0.32984500,131.22730,130.47122,129.71514,2025-05-13,14:45
2025-05-13 14:50:00,129.92999,130.14999,129.85001,130.11501,1666788,47.23183,130.15556,130.16349,-0.027140647,0.068776803,-0.095917450,29.25944,16.81034,25.71598,-78.56600,0.32771234,131.19669,130.43847,129.68025,2025-05-13,14:50
2025-05-13 14:55:00,130.12,130.48,130.080002,130.465,2414444,54.95954,130.20722,130.22379,-0.0050264888,0.054016145,-0.059042634,55.18457,33.50085,23.98880,-15.94979,0.33287531,131.14043,130.41547,129.69051,2025-05-13,14:55
2025-05-13 15:00:00,130.465,130.57001,130.3018,130.49001,2020139,55.46147,130.24449,130.27703,0.014351733,0.046083263,-0.031731530,90.58809,58.34403,22.46498,12.65144,0.32825591,131.088423,130.39550,129.70257,2025-05-13,15:00
2025-05-13 15:05:00,130.49001,130.675,130.14999,130.2047,2471119,48.78258,130.22612,130.26257,0.0066108685,0.038188784,-0.031577915,50.75335,65.50867,21.18203,-7.62809,0.34230972,131.030930,130.36398,129.69703,2025-05-13,15:05
2025-05-13 15:10:00,130.2,130.32001,130.11,130.15421,1724805,47.68809,130.19381,130.24089,-0.0035570475,0.029839617,-0.033396665,45.46631,62.26925,20.12305,-39.91523,0.33285950,130.93304,130.32294,129.71284,2025-05-13,15:10
2025-05-13 15:15:00,130.15491,130.33,130.12,130.31,2028863,51.31746,130.20210,130.25471,0.00094504334,0.024060703,-0.023115659,61.77960,52.66642,19.10025,-15.021254,0.32408430,130.81837,130.28919,129.76001,2025-05-13,15:15
2025-05-13 15:20:00,130.30499,130.31931,129.89999,129.985,2139195,44.39745,130.17599,130.20077,-0.021464130,0.014955736,-0.036419866,27.74857,44.99816,18.88817,-71.95192,0.33088625,130.73242,130.24744,129.76246,2025-05-13,15:20
2025-05-13 15:25:00,129.97501,130.265,129.92,130.215,1877387,49.57920,130.20877,130.20362,-0.020429331,0.0078787227,-0.028308054,51.83185,47.12001,18.69123,-38.075286,0.33189446,130.55882,130.20919,129.85956,2025-05-13,15:25
2025-05-13 15:30:00,130.215,130.22,130.044998,130.19,1986540,49.044306,130.23655,130.20089,-0.021379594,0.0020270594,-0.023406653,49.21469,42.93171,18.50836,-21.14698,0.32068793,130.52186,130.19477,129.86768,2025-05-13,15:30
2025-05-13 15:35:00,130.19501,130.41499,130.10001,130.25011,2747265,50.42931,130.25156,130.21074,-0.017085809,-0.0017955142,-0.015290294,55.50833,52.18496,17.44078,36.81160,0.32028073,130.52255,130.19520,129.86784,2025-05-13,15:35
2025-05-13 15:40:00,130.255,130.37,130.21001,130.3,2178969,51.60530,130.23322,130.22859,-0.0095466952,-0.0033457504,-0.0062009448,60.73306,55.15203,16.44945,52.63900,0.30883128,130.52961,130.19920,129.86879,2025-05-13,15:40
2025-05-13 15:45:00,130.3015,130.315,130.11,130.2,2666644,49.091516,130.20100,130.22287,-0.011508883,-0.0049783769,-0.0065305061,50.26124,55.50088,15.94557,4.74435,0.30141489,130.52824,130.20820,129.88816,2025-05-13,15:45
2025-05-13 15:50:00,130.21001,130.45,129.9626,130.029907,5061572,45.070275,130.18158,130.18428,-0.026483465,-0.0092793945,-0.017204071,32.45083,47.81504,16.044559,-34.82391,0.31469927,130.52609,130.20970,129.89330,2025-05-13,15:50
2025-05-13 15:55:00,130.024994,130.12,129.82001,129.84,8227257,41.029146,130.14667,130.11542,-0.053063468,-0.018036209,-0.035027259,2.33791,28.34999,16.63028,-150.84583,0.31364845,130.54871,130.19397,129.83922,2025-05-13,15:55
2025-05-14 09:30:00,133.17,134.86,132.75,134.795,33436082,83.24389,130.64500,131.051337,0.32198726,0.049968484,0.27201877,98.71027,44.49967,20.36307,651.23516,0.64981673,132.45427,130.41522,128.37616,2025-05-14,09:30
2025-05-14 09:35:00,134.8,134.84,133.88,134.0,8373124,74.080851,131.091112,131.64107,0.54874239,0.14972326,0.39901912,82.93647,61.32822,23.82923,338.18826,0.67197206,133.16227,130.59297,128.023663,2025-05-14,09:35
2025-05-14 09:40:00,134.0099945,134.17,133.33501,133.64,6862025,70.30681,131.47167,132.040856,0.69142807,0.25806423,0.43336385,75.79359,85.81344,25.95155,200.85392,0.68361631,133.64707,130.76320,127.87932,2025-05-14,09:40
2025-05-14 09:45:00,133.39999,133.49001,132.41,133.15891,8330833,65.50416,131.80155,132.26447,0.75696143,0.35784367,0.39911776,66.24806,74.99271,26.36008,122.88964,0.72264341,133.96288,130.91014,127.85740,2025-05-14,09:45
2025-05-14 09:50:00,133.16,133.2198,132.41,132.71001,4991900,61.29667,132.074868,132.35357,0.76386933,0.43904880,0.32482053,57.34133,66.46100,26.73943,91.57860,0.72886882,134.16303,131.049641,127.93625,2025-05-14,09:50
2025-05-14 09:55:00,132.71001,132.8551,131.92999,132.66499,6213301,60.87442,132.33764,132.41586,0.75698563,0.50263617,0.25434947,56.44821,60.012534,26.34908,65.79352,0.74288604,134.33145,131.18589,128.040329,2025-05-14,09:55
2025-05-14 10:00:00,132.67,132.72,132.11,132.61501,4851216,60.37702,132.60598,132.45569,0.73897817,0.54990457,0.18907360,55.45639,56.41531,25.98661,57.63223,0.73339422,134.47493,131.31089,128.14685,2025-05-14,10:00
2025-05-14 10:05:00,132.61501,133.14999,132.34,132.83,4784213,61.82192,132.91710,132.53055,0.73359906,0.58664347,0.14695560,59.72219,57.20893,26.076340,63.42546,0.73886589,134.63440,131.42914,128.22388,2025-05-14,10:05
2025-05-14 10:10:00,132.8399,132.8499,132.42999,132.605,3505847,59.38136,133.22432,132.54544,0.70307535,0.60992984,0.093145510,55.25778,56.81212,26.15966,50.81064,0.71608308,134.74878,131.53489,128.32100,2025-05-14,10:10
2025-05-14 10:15:00,132.60001,132.60001,131.94,132.039505,3813865,53.64909,132.91816,132.44425,0.62603814,0.61315150,0.012886638,44.037711,53.0058946,25.40934,27.25666,0.71243381,134.78771,131.62663,128.46555,2025-05-14,10:15
2025-05-14 10:20:00,132.030701,132.48,131.67999,132.245,4075554,55.33634,132.72316,132.40440,0.57493939,0.60550908,-0.030569693,48.11490,49.13680,24.30397,20.85231,0.71868876,134.82820,131.73117,128.63414,2025-05-14,10:20
2025-05-14 10:25:00,132.24001,132.74001,132.19,132.66,2908787,58.61304,132.61427,132.45552,0.56145883,0.59669903,-0.035240201,56.34921,49.50061,23.60293,35.74877,0.70663978,134.89908,131.84867,128.79826,2025-05-14,10:25
2025-05-14 10:30:00,132.64,132.83,132.37,132.53011,3009783,57.19856,132.54440,132.47044,0.53413651,0.58418653,-0.050050018,53.77186,52.74532,23.064982,34.029780,0.68902313,134.91505,131.97593,129.036807,2025-05-14,10:30
2025-05-14 10:35:00,132.53999,132.78,132.38,132.595,1910087,57.74716,132.53162,132.49535,0.51181996,0.56971321,-0.057893249,28.77378,46.29828,22.56546,30.54362,0.66837819,134.93011,132.094926,129.25975,2025-05-14,10:35
2025-05-14 10:40:00,132.58,132.9597,132.41,132.58,2531994,57.56351,132.52218,132.51228,0.48730625,0.55323182,-0.065925567,28.48127,37.0089713,22.34796,30.31521,0.65990102,134.91673,132.21443,129.51212,2025-05-14,10:40
2025-05-14 10:45:00,132.58,132.895,132.5,132.89,1853937,60.36872,132.55273,132.58782,0.48727616,0.54004069,-0.052764530,48.59454,35.28320,22.14599,33.31399,0.64097983,134.90617,132.34642,129.78667,2025-05-14,10:45
2025-05-14 10:50:00,132.88499,133.59,132.82001,133.57001,4506195,65.72160,132.63496,132.78426,0.53594522,0.53922160,-0.0032763737,98.95346,58.67642,22.85305,74.48610,0.65019477,134.94041,132.50992,130.079436,2025-05-14,10:50
2025-05-14 10:55:00,133.565,133.77499,133.44,133.515,3191173,64.95728,132.73607,132.93041,0.56358052,0.54409338,0.019487139,87.58977,78.37925,23.71691,94.64505,0.62768024,134.89654,132.67567,130.45480,2025-05-14,10:55
2025-05-14 11:00:00,133.53,133.55,133.080002,133.13,3796590,59.72230,132.85724,132.97033,0.54809772,0.54489425,0.0032034739,69.21295,85.25206,23.72725,53.92144,0.61641746,134.69546,132.83068,130.96589,2025-05-14,11:00
2025-05-14 11:05:00,133.14,133.78999,133.0,133.765,3470800,64.76600,133.026125,133.12926,0.58037603,0.55199061,0.028385426,98.81546,85.20606,24.039714,72.78357,0.62881573,134.33426,133.026926,131.71959,2025-05-14,11:05
2025-05-14 11:10:00,133.765,134.16,133.67,134.10001,3934669,67.10627,133.18613,133.32341,0.62577551,0.56674759,0.059027928,97.58075,88.53639,24.76454,137.046143,0.61890071,134.13646,132.99218,131.84790,2025-05-14,11:10
2025-05-14 11:15:00,134.10001,134.1149,133.75,133.78999,2971559,62.94005,133.32611,133.41673,0.62948320,0.57929471,0.050188489,85.080293,93.82550,25.43758,132.79627,0.60075771,134.092124,132.98168,131.87123,2025-05-14,11:15
2025-05-14 11:20:00,133.78,134.10001,133.7,134.059998,2337321,64.97934,133.48889,133.54538,0.64675328,0.59278642,0.053966859,95.96751,92.87619,25.93707,136.62134,0.58641853,134.17622,133.0026764,131.82913,2025-05-14,11:20
2025-05-14 11:25:00,134.065002,134.28,133.92,134.155,1969870,65.69463,133.66389,133.66730,0.66049201,0.60632754,0.054164472,95.19232,92.080042,26.63400,133.60581,0.57024582,134.32840,133.052481,131.77656,2025-05-14,11:25
2025-05-14 11:30:00,134.155,134.38499,134.065002,134.3179,2831590,66.94150,133.82255,133.79742,0.67672410,0.62040685,0.056317246,96.94337,96.034399,27.41641,127.84053,0.55237055,134.51089,133.13288,131.75486,2025-05-14,11:30
2025-05-14 11:35:00,134.315,134.37,134.14999,134.31,2137973,66.81461,133.90477,133.89994,0.68109907,0.63254530,0.048553771,96.27807,96.13792,28.14294,114.75256,0.52862989,134.66606,133.21513,131.76420,2025-05-14,11:35
2025-05-14 11:40:00,134.295,134.33,133.96001,134.265,2193593,66.047028,133.98810,133.97295,0.67317534,0.64067131,0.032504034,94.015175,95.74554,28.24557,95.18342,0.51729883,134.78974,133.29763,131.80552,2025-05-14,11:40
2025-05-14 11:45:00,134.2601,134.34,134.020004,134.041107,1586884,62.21709,134.089333,133.98658,0.64143543,0.64082413,0.00061129861,82.58790,90.96038,28.35740,81.33489,0.50320549,134.86767,133.35818,131.84870,2025-05-14,11:45
2025-05-14 11:50:00,134.050003,134.33,133.98,134.1712,1819383,63.54010,134.13447,134.023507,0.61963623,0.63658655,-0.016950316,88.65827,88.42045,28.33171,76.41249,0.49226268,134.94406,133.43649,131.92892,2025-05-14,11:50
2025-05-14 11:55:00,134.16499,134.59,134.059998,134.52,2921914,66.88786,134.18113,134.12281,0.62332027,0.63393329,-0.010613027,96.045621,89.097266,28.76590,93.14630,0.49495811,134.99429,133.56052,132.12674,2025-05-14,11:55
2025-05-14 12:00:00,134.505,134.58,134.375,134.545,1659277,67.12083,134.26502,134.20724,0.62109707,0.63136605,-0.010268982,97.16992,93.95794,29.16907,98.26801,0.47424695,135.035861,133.67552,132.31517,2025-05-14,12:00
2025-05-14 12:05:00,134.545,134.85001,134.53,134.815,2700567,69.60847,134.34891,134.32880,0.63381602,0.63185604,0.0019599745,98.10792,97.10782,29.99730,116.35200,0.46322983,135.14618,133.78327,132.42035,2025-05-14,12:05
2025-05-14 12:10:00,134.8118,134.94,134.67,134.7818,2957567,68.91792,134.41856,134.41940,0.63390935,0.63226670,0.0016426454,91.84521,95.70768,30.90856,119.13483,0.44942801,135.19668,133.89585,132.59502,2025-05-14,12:10
2025-05-14 12:15:00,134.8,134.812,134.58,134.64,1619783,65.91069,134.45435,134.46352,0.61544676,0.62890271,-0.013455955,76.37779,88.77697,31.39860,101.69225,0.43389705,135.19085,133.99810,132.80535,2025-05-14,12:15
2025-05-14 12:20:00,134.64999,134.95,134.6324,134.94299,2288984,69.021267,134.52468,134.55941,0.61813857,0.62674989,-0.0086113136,99.43970,89.22090,32.096022,120.94786,0.42558987,135.18544,134.11625,133.047058,2025-05-14,12:20
2025-05-14 12:25:00,134.94501,135.11,134.67999,134.97,5468704,69.29026,134.60301,134.64153,0.61535772,0.62447145,-0.0091137347,90.070991,88.62949,33.011542,129.64336,0.42590544,135.19234,134.22025,133.24817,2025-05-14,12:25
2025-05-14 12:30:00,134.9783,135.36,134.91,135.34331,3278134,72.80523,134.74770,134.78189,0.63594578,0.62676632,0.0091794618,98.84076,96.11715,34.24284,158.92739,0.42762626,135.34872,134.30892,133.26911,2025-05-14,12:30
2025-05-14 12:35:00,135.34,135.435,135.11,135.145,2896293,68.33106,134.85590,134.85451,0.62900972,0.62721500,0.0017947231,80.33932,89.75036,35.49404,141.68909,0.42029560,135.42404,134.39042,133.35680,2025-05-14,12:35
2025-05-14 12:40:00,135.14,135.28999,134.83,134.905,2863914,63.26371,134.89868,134.86461,0.59726155,0.62122431,-0.023962760,64.067656,81.082577,35.47706,95.81203,0.42313102,135.35786,134.47917,133.60048,2025-05-14,12:40
2025-05-14 12:45:00,134.9099,135.070007,134.8546,134.9382,1667854,63.66516,134.94237,134.87933,0.56822991,0.61062543,-0.042395521,66.31873,70.24190,35.46130,78.45612,0.40829368,135.37357,134.53783,133.70208,2025-05-14,12:45
2025-05-14 12:50:00,134.93159,135.088501,134.86,134.99989,1824783,64.44264,134.96291,134.90344,0.54393001,0.59728634,-0.053356337,70.095957,66.82745,35.48486,75.21338,0.39545130,135.41633,134.58282,133.74931,2025-05-14,12:50
2025-05-14 12:55:00,135.0,135.035004,134.66,134.715,1625308,58.24436,134.95549,134.86575,0.49596618,0.57702231,-0.081056134,50.51544,62.31004,34.65545,37.73004,0.39399049,135.38004,134.62907,133.87810,2025-05-14,12:55
2025-05-14 13:00:00,134.72,134.86861,134.66,134.7599,1376076,58.91515,134.96881,134.84458,0.45631794,0.55288144,-0.096563501,50.90221,57.17120,33.88528,24.54997,0.38074852,135.36955,134.66407,133.95858,2025-05-14,13:00
2025-05-14 13:05:00,134.75,135.039993,134.7415,134.97,1625396,61.99159,134.97181,134.86967,0.43681427,0.52966800,-0.092853733,56.13232,52.51666,33.60639,52.73550,0.37487309,135.38154,134.70482,134.028088,2025-05-14,13:05
2025-05-14 13:10:00,134.98,134.9807,134.71001,134.87,1398253,59.70004,134.96070,134.86973,0.40857798,0.50545000,-0.096872015,37.56871,48.20108,33.20231,33.92951,0.36743151,135.38849,134.73242,134.076350,2025-05-14,13:10
2025-05-14 13:15:00,134.87489,134.875,134.25999,134.562,2456601,53.17996,134.87389,134.80818,0.35722969,0.47580594,-0.11857625,25.70223,39.80108,31.055245,-44.00040951,0.38511536,135.37741,134.74502,134.11263,2025-05-14,13:15
2025-05-14 13:20:00,134.56,134.575,133.96001,134.14999,2361647,45.95053,134.76333,134.67655,0.28006224,0.43665720,-0.15659496,12.88057,25.38383,29.51261,-135.80851,0.40153500,135.39081,134.73927,134.087726,2025-05-14,13:20
2025-05-14 13:25:00,134.16,134.55499,134.14999,134.46001,2128591,51.31377,134.71389,134.63324,0.24114219,0.39755420,-0.15641200,33.89852,24.16044,28.080158,-102.50949,0.40178241,135.34405,134.76021,134.17638,2025-05-14,13:25
2025-05-14 13:30:00,134.46091,134.55499,134.24001,134.295,1373478,48.55220,134.64242,134.56559,0.19473814,0.35699099,-0.16225284,22.71143,23.16350,26.75003,-118.80694,0.39558275,135.32731,134.76640,134.20550,2025-05-14,13:30
2025-05-14 13:35:00,134.28999,134.625,134.23,134.5892,1460532,53.37067,134.59679,134.57031,0.17963178,0.32151914,-0.14188737,42.65763,33.089191,25.24606,-86.62466,0.39554143,135.32547,134.76986,134.21426,2025-05-14,13:35
2025-05-14 13:40:00,134.5847,134.86,134.57001,134.7612,1695038,55.96709,134.60192,134.60849,0.17946979,0.29310927,-0.11363949,54.31852,39.89586,23.87073,-13.76781,0.38800228,135.32669,134.78067,134.23466,2025-05-14,13:40
2025-05-14 13:45:00,134.7682,134.94,134.66,134.9099,2034418,58.13733,134.61859,134.66877,0.18915949,0.27231932,-0.083159827,71.42103,56.13240,22.85522,19.54977,0.38028774,135.33419,134.78542,134.23665,2025-05-14,13:45
2025-05-14 13:50:00,134.905,135.14999,134.89,134.905,2195434,58.035864,134.61137,134.71602,0.19420474,0.25669640,-0.062491658,79.41195,68.38384,22.55238,62.078212,0.37169537,135.34281,134.79158,134.24035,2025-05-14,13:50
2025-05-14 13:55:00,134.9001,135.0,134.83,134.995,1241047,59.43673,134.62525,134.77181,0.20312361,0.24598184,-0.042858230,86.97475,79.26925,22.020242,45.50785,0.35728842,135.36275,134.80933,134.25591,2025-05-14,13:55
2025-05-14 14:00:00,135.0,135.0,134.81,134.85181,1251595,56.22096,134.65746,134.78781,0.19637409,0.23606029,-0.039686202,74.94198,80.44289,21.43960,27.12136,0.34533943,135.35521,134.80477,134.25433,2025-05-14,14:00
2025-05-14 14:05:00,134.86,134.91,134.78,134.8053,1154107,55.17672,134.73027,134.79131,0.18513802,0.22587584,-0.040737819,71.033634,77.65012,20.76449,11.020000,0.32995839,135.34174,134.79653,134.25133,2025-05-14,14:05
2025-05-14 14:10:00,134.81,134.825,134.59,134.67751,1528452,52.30214,134.75443,134.76855,0.16403073,0.21350682,-0.049476085,60.29466,68.75676,19.31918,-25.43763,0.32317569,135.24890,134.76324,134.27759,2025-05-14,14:10
2025-05-14 14:15:00,134.675,134.89999,134.55,134.88499,1516077,56.28440,134.81999,134.79184,0.16217622,0.20324070,-0.041064479,77.73090,69.68640,18.27323,10.63338,0.32509106,135.20741,134.75024,134.29308,2025-05-14,14:15
2025-05-14 14:20:00,134.88499,134.8889,134.56,134.5963,1225266,50.026082,134.82078,134.75273,0.13584519,0.18976160,-0.053916409,53.47045,63.83201,17.30199,-19.90461,0.32536335,135.19087,134.73481,134.27875,2025-05-14,14:20
2025-05-14 14:25:00,134.6151,134.71651,134.425,134.56,2120462,49.28403,134.79842,134.71418,0.11077159,0.17396359,-0.063192006,50.41994,60.54043,16.33062,-56.30981,0.32294482,135.16801,134.71590,134.26379,2025-05-14,14:25
2025-05-14 14:30:00,134.55499,135.070007,134.5515,134.94,2030540,56.54990,134.80177,134.75935,0.12017846,0.16320657,-0.043028111,79.00085449,60.96375,16.26378,57.78003,0.33691368,135.15819,134.71290,134.26762,2025-05-14,14:30
2025-05-14 14:35:00,134.94,134.965,134.77,134.9577,1556092,56.85993,134.80762,134.79902,0.12759094,0.15608344,-0.028492505,79.098735,69.50651,16.20173,71.59762,0.32677643,135.18294,134.72504,134.26714,2025-05-14,14:35
2025-05-14 14:40:00,134.96001,135.10001,134.9201,135.070007,1368216,58.86541,134.81596,134.85322,0.14090319,0.15304739,-0.012144204,91.30579,83.13513,16.59988,110.76781,0.31628533,135.22249,134.74054,134.25860,2025-05-14,14:40
2025-05-14 14:45:00,135.070007,135.17,134.97,135.1214,1524730,59.78668,134.84591,134.90685,0.15382689,0.15320329,0.00062360075,93.47657,87.96036,17.19535,123.61106,0.30797902,135.24864,134.74811,134.24759,2025-05-14,14:45
2025-05-14 14:50:00,135.1382,135.32001,135.080002,135.215,2089705,61.47881,134.89143,134.96848,0.16966575,0.15649578,0.013169967,88.26698,91.016448,18.20566,146.56025,0.30312377,135.30384,134.76536,134.22689,2025-05-14,14:50
2025-05-14 14:55:00,135.2186,135.2186,135.0099945,135.091599,1546199,58.012895,134.93744,134.99310,0.17029790,0.15925620,0.011041691,74.47958,85.40771,18.75813,104.47571,0.29637228,135.33972,134.79184,134.24397,2025-05-14,14:55
2025-05-14 15:00:00,135.1042,135.11,134.89999,134.935,1502588,53.86284,134.94300,134.98148,0.15636007,0.15867698,-0.0023169099,56.98235,73.24297,18.68607,59.74444,0.29020331,135.29554,134.83110,134.36665,2025-05-14,15:00
2025-05-14 15:05:00,134.94,135.3,134.91,135.2001,2221862,59.18577,135.010089,135.025207,0.16480631,0.15990284,0.0049034648,86.60302,72.68832,19.25322,109.83550,0.29733160,135.32627,134.86810,134.40993,2025-05-14,15:05
2025-05-14 15:10:00,135.21001,135.27,135.13,135.205,1667293,59.27925,135.081757,135.061166,0.16993633,0.16190954,0.0080267878,87.15029,76.91189,19.77986,126.50758,0.28609359,135.31191,134.91360,134.51529,2025-05-14,15:10
2025-05-14 15:15:00,135.205,135.25,135.0099945,135.061905,1509919,55.29480,135.095301,135.061314,0.16060384,0.16164840,-0.0010445611,71.16188,81.63839,19.60621,79.63279,0.28280158,135.31109,134.93724,134.56338,2025-05-14,15:15
2025-05-14 15:20:00,135.065002,135.17999,134.71001,134.7915,2346279,48.64153,135.076835,135.0073520,0.12989137,0.15529699,-0.025405627,40.94962,66.42060,18.34744,-19.35392,0.29617189,135.30998,134.93875,134.56752,2025-05-14,15:20
2025-05-14 15:25:00,134.795,134.94,134.6413,134.89,2322072,50.95640,135.056834,134.98388,0.11220583,0.14667876,-0.034472928,51.95465,54.68872,17.45196,-51.55621,0.29635290,135.30939,134.93776,134.56612,2025-05-14,15:25
2025-05-14 15:30:00,134.89,134.97,134.75,134.82001,1595903,49.25736,135.023346,134.95111,0.091487535,0.13564052,-0.044152980,44.13434,45.67954,16.48419,-37.40714,0.29089921,135.30847,134.93351,134.55854,2025-05-14,15:30
2025-05-14 15:35:00,134.815,134.8499,134.44,134.60989,2404075,44.46438,134.95611,134.88286,0.057451465,0.12000271,-0.062551241,19.30573,38.46491,16.73259,-119.56438,0.29939904,135.31338,134.91425,134.51512,2025-05-14,15:35
2025-05-14 15:40:00,134.60001,134.7187,134.41,134.5215,2285567,42.58694,134.89277,134.81059,0.023078924,0.10061795,-0.077539026,12.25226,25.23078,17.061104,-136.015576,0.30006344,135.33166,134.89774,134.46382,2025-05-14,15:40
2025-05-14 15:45:00,134.52,134.64999,134.25999,134.6001,2771800,44.81806,134.85556,134.76849,0.0021557901,0.080925517,-0.078769727,32.084815,21.21427,17.84040,-134.98950,0.30648743,135.33900,134.88748,134.43595,2025-05-14,15:45
2025-05-14 15:50:00,134.61,135.17999,134.61,134.97,4972318,53.89818,134.82999,134.80879,0.015246431,0.067789700,-0.052543269,66.98096,37.10601,16.79000,11.16080,0.32601655,135.34433,134.90210,134.45987,2025-05-14,15:50
2025-05-14 15:55:00,134.96001,135.395,134.82001,135.34711,9410376,60.95240,134.84578,134.91646,0.055411390,0.065314038,-0.0099026484,95.78001,64.94859,16.47885,99.35459,0.34380086,135.40788,134.92521,134.44253,2025-05-14,15:55
2025-05-15 09:30:00,133.85249,134.72,133.61,134.48,21652331,44.20358,134.78112,134.82916,0.017076929,0.055666616,-0.038589687,48.73912,70.50003,17.36756,-199.42796,0.44332268,135.42024,134.91939,134.41854,2025-05-15,09:30
2025-05-15 09:35:00,134.49001,134.545,133.465,133.72,5489071,35.099852,134.66207,134.60733,-0.073778144,0.029777664,-0.10355581,13.21263,52.57725,18.42288,-255.94830,0.48879976,135.58849,134.87739,134.16629,2025-05-15,09:35
2025-05-15 09:40:00,133.73,133.83,133.33189,133.715,4678926,35.048660,134.53151,134.42886,-0.14451937,-0.0050817422,-0.13943762,18.56917,26.84031,19.61064,-237.63941,0.48946463,135.68798,134.81614,133.94430,2025-05-15,09:40
2025-05-15 09:45:00,133.715,133.75999,132.66,133.085007,5921595,29.26316,134.33873,134.16009,-0.24855204,-0.053775802,-0.19477624,15.53941,15.77374,21.59049,-238.63322,0.53307365,135.87159,134.72251,133.57342,2025-05-15,09:45
2025-05-15 09:50:00,133.080399,133.69,132.91499,133.59,4030740,38.085712,134.22541,134.046074,-0.28694255,-0.10040915,-0.18653340,34.0033809,22.70399,23.42892,-164.95201,0.55035475,135.88578,134.64851,133.41123,2025-05-15,09:50
2025-05-15 09:55:00,133.58501,133.62,133.14999,133.58,3026546,37.98474,134.12080,133.95286,-0.31454786,-0.14323689,-0.17131097,33.63795,27.72692,25.13604,-132.93788,0.54461522,135.87171,134.57144,133.27116,2025-05-15,09:55
2025-05-15 10:00:00,133.57001,134.020203,133.42,134.020004,4365677,44.90963,134.056346,133.96629,-0.29749145,-0.17408780,-0.12340365,49.72579,39.12237,25.42380,-76.87351,0.54858588,135.79792,134.51169,133.22545,2025-05-15,10:00
2025-05-15 10:05:00,134.020004,134.2,133.78999,133.845,3105993,42.85970,133.93135,133.94203,-0.29469831,-0.19820991,-0.096488407,43.32714,42.23029,25.17166,-54.80345,0.53868715,135.73796,134.44936,133.16075,2025-05-15,10:05
2025-05-15 10:10:00,133.84,133.90511,133.33,133.4301,3107644,38.38610,133.71834,133.83964,-0.32224914,-0.22301775,-0.099231391,28.15706,40.40333,25.68662,-88.27127,0.54128833,135.71518,134.37411,133.033043,2025-05-15,10:10
2025-05-15 10:15:00,133.44,133.88,132.75,133.86,4924815,44.81369,133.64946,133.84372,-0.30586809,-0.23958782,-0.066280271,43.87556,38.45326,26.90962,-85.13916,0.58333952,135.60976,134.30711,133.0044491,2025-05-15,10:15
2025-05-15 10:20:00,133.84,133.89,133.60001,133.72501,2113599,43.28663,133.65001,133.81997,-0.30031705,-0.25173367,-0.048583383,38.93975,36.99079,28.016142,-52.036263,0.56238621,135.49070,134.23311,132.97551,2025-05-15,10:20
2025-05-15 10:25:00,133.7289,133.73891,133.2,133.27,2128504,38.52194,133.60057,133.70998,-0.32884197,-0.26715533,-0.061686642,22.30349,35.039602,29.49422,-82.83085,0.56070933,135.40746,134.14351,132.87957,2025-05-15,10:25
2025-05-15 10:30:00,133.3,133.44,133.10001,133.1646,2074470,37.49234,133.60941,133.60090,-0.35585166,-0.28489459,-0.070957065,18.44946,26.56423,30.97165,-94.91588,0.54494412,135.35784,134.062166,132.76649,2025-05-15,10:30
2025-05-15 10:35:00,133.1499,133.2,132.8401,132.9252,2956054,35.19181,133.53555,133.46576,-0.39205486,-0.30632665,-0.085728209,12.87369,17.87555,32.60766,-116.56115,0.53172624,135.29119,133.96393,132.63666,2025-05-15,10:35
2025-05-15 10:40:00,132.925,133.34,132.85001,133.24001,2398549,40.37310,133.49777,133.42061,-0.39083875,-0.32322907,-0.067609679,30.76942,20.69752,33.67315,-91.22709,0.52874510,135.18681,133.88493,132.58304,2025-05-15,10:40
2025-05-15 10:45:00,133.24001,133.61501,133.10001,133.38499,2194314,42.64736,133.42721,133.41349,-0.37386587,-0.33335643,-0.040509447,47.077533,30.24021,33.81632,-57.49262,0.52776326,135.098348,133.82368,132.54901,2025-05-15,10:45
2025-05-15 10:50:00,133.37,133.78,133.2301,133.69,2258729,47.20898,133.40999,133.46879,-0.33197634,-0.33308041,0.0011040668,66.88333,48.24343,33.47123,-25.33094,0.52934419,135.016629,133.78211,132.54758,2025-05-15,10:50
2025-05-15 10:55:00,133.6846,133.69,133.35001,133.565,2020436,45.60799,133.42498,133.48803,-0.30534522,-0.32753337,0.022188156,56.20718,56.72268,33.15079,-25.26633,0.51581934,134.90888,133.73035,132.55182,2025-05-15,10:55
2025-05-15 11:00:00,133.565,133.83,133.42999,133.7312,2129111,48.12688,133.41067,133.53667,-0.26774264,-0.31557522,0.047832590,67.66919,63.58657,32.42673,8.48814,0.50754719,134.70100,133.66841,132.63582,2025-05-15,11:00
2025-05-15 11:05:00,133.73,133.87,133.59,133.73,1743888,48.10948,133.41122,133.57533,-0.23532689,-0.29952556,0.064198670,67.58605,63.82081,31.63100,51.59250,0.49129373,134.27839,133.58756,132.89672,2025-05-15,11:05
2025-05-15 11:10:00,133.72,133.9702,133.67999,133.83881,1570272,49.87152,133.47442,133.62803,-0.19856811,-0.27933407,0.080765957,75.090238,70.11516,30.57585,95.33869,0.47693038,134.12688,133.55550,132.98412,2025-05-15,11:10
2025-05-15 11:15:00,133.83,134.39999,133.82001,134.36011,2707545,57.34466,133.60726,133.77444,-0.12592033,-0.24865132,0.12273099,97.58263,80.086307,28.39207,193.55106,0.48429154,134.25567,133.58750,132.91934,2025-05-15,11:15
2025-05-15 11:20:00,134.37,134.49001,134.070099,134.16499,2708952,54.094135,133.74501,133.85255,-0.083132223,-0.21554750,0.13241528,81.32120,84.66469,26.58940,173.048384,0.47969262,134.32265,133.61000,132.89735,2025-05-15,11:20
2025-05-15 11:25:00,134.16499,134.47,134.0,134.38499,2195692,57.050383,133.87223,133.95904,-0.031111447,-0.17866029,0.14754884,93.63532,90.84638,24.72573,157.048495,0.47900037,134.42063,133.67500,132.92937,2025-05-15,11:25
2025-05-15 11:30:00,134.39999,134.4399,134.21001,134.435,1396943,57.71688,133.98890,134.054233,0.013988965,-0.14013044,0.15411940,96.66599,90.54084,22.99519,149.65159,0.46120670,134.53144,133.71725,132.90306,2025-05-15,11:30
2025-05-15 11:35:00,134.44,134.44749,134.21001,134.33,1729178,55.76019,134.060011,134.10939,0.040788900,-0.10394657,0.14473547,90.30223,93.53451,21.41119,124.28498,0.44522678,134.60833,133.75475,132.90117,2025-05-15,11:35
2025-05-15 11:40:00,134.34,134.62,134.3,134.59,1944365,59.42812,134.17390,134.20551,0.082061472,-0.066744963,0.14880643,98.31457,95.094265,20.45839,136.78652,0.43628144,134.70564,133.78325,132.86086,2025-05-15,11:40
2025-05-15 11:45:00,134.59,134.67,134.42999,134.58501,1592616,59.32646,134.26877,134.28141,0.11306433,-0.030783105,0.14384743,95.33012,94.64898,19.72019,128.74657,0.42226173,134.80672,133.82025,132.83378,2025-05-15,11:45
2025-05-15 11:50:00,134.5851,134.64999,134.44,134.47099,1418132,56.93002,134.35110,134.31933,0.12697072,0.00076766026,0.12620306,87.32445,93.65638,19.034726,105.83851,0.40709957,134.88053,133.87230,132.86406,2025-05-15,11:50
2025-05-15 11:55:00,134.48,134.535,134.31,134.53,1434576,57.87832,134.42790,134.36146,0.14112610,0.028839347,0.11228675,90.27712,90.97723,17.90224,85.085872,0.39409289,134.95391,133.90580,132.85768,2025-05-15,11:55
2025-05-15 12:00:00,134.53,134.78999,134.52071,134.653,2253007,59.86224,134.46044,134.41977,0.16042027,0.055155532,0.10526474,90.48648,89.36268,17.66347,100.34052,0.38517819,135.045381,133.95219,132.85901,2025-05-15,12:00
2025-05-15 12:05:00,134.66,134.92999,134.62,134.8799,1957307,63.29649,134.53988,134.51179,0.19180877,0.082486180,0.10932259,96.66036,92.47465,17.83830,109.64840,0.37980815,135.14991,134.032690,132.91547,2025-05-15,12:05
2025-05-15 12:10:00,134.8701,134.92,134.73,134.8,1779158,61.30735,134.58599,134.56944,0.20784166,0.10755728,0.10028439,90.29926,92.48203,18.00064989,102.59402,0.36625060,135.20463,134.11446,133.024286,2025-05-15,12:10
2025-05-15 12:15:00,134.80901,135.059998,134.77,135.044998,2812243,64.94528,134.65377,134.66455,0.23757825,0.13356147,0.10401678,98.91309,95.29090,18.55129,118.46320,0.36080365,135.23724,134.22045,133.20366,2025-05-15,12:15
2025-05-15 12:20:00,135.044998,135.089996,134.78,135.0050049,1982296,63.88927,134.72877,134.73264,0.25497835,0.15784485,0.097133501,93.30770,94.17335,19.14705,114.87665,0.35717464,135.27491,134.30870,133.34249,2025-05-15,12:20
2025-05-15 12:25:00,135.0,135.25,134.86,135.2166,2094323,66.95108,134.79839,134.82943,0.28258443,0.18279276,0.099791669,97.32788,96.51622,20.13761,131.87286,0.35951926,135.34591,134.40028,133.45465,2025-05-15,12:25
2025-05-15 12:30:00,135.215,135.295,135.10001,135.19,2029934,66.19138,134.86561,134.90155,0.29887117,0.20600844,0.092862727,91.89221,94.17593,21.17578,134.89745,0.34776732,135.42162,134.47528,133.52894,2025-05-15,12:30
2025-05-15 12:35:00,135.17171,135.81,135.14999,135.715,3194010,72.76171,135.0038333,135.064236,0.35010535,0.23482783,0.11527753,94.062390,94.42749,23.23013,179.68850,0.37006992,135.57826,134.58278,133.58730,2025-05-15,12:35
2025-05-15 12:40:00,135.715,136.0,135.69,135.896,3165550,74.59482,135.15561,135.23059,0.40069502,0.26800126,0.13269375,94.18970,93.38143,25.44152,197.55544,0.36577903,135.76059,134.69102,133.62144,2025-05-15,12:40
2025-05-15 12:45:00,135.89,136.24541,135.89,136.215,3877296,77.47237,135.32917,135.42747,0.46121178,0.30664337,0.15456841,98.43679,95.56296,27.84074,200.59001,0.36503823,135.98233,134.81527,133.64821,2025-05-15,12:45
2025-05-15 12:50:00,136.215,136.22,135.78,135.8,2561759,66.86233,135.43140,135.50198,0.47026435,0.33936756,0.13089678,76.98657,89.87102,29.51726,149.98989,0.37039281,136.065201,134.91333,133.76146,2025-05-15,12:50
2025-05-15 12:55:00,135.8,135.81,135.63,135.785,2108231,66.50779,135.54084,135.55858,0.47080114,0.36565428,0.10514686,76.21158,83.87831,30.35496,108.014231,0.35679280,136.16663,134.98457,133.80252,2025-05-15,12:55
2025-05-15 13:00:00,135.7851,136.1125,135.72,136.1017,2342922,70.11140,135.65826,135.66721,0.49111997,0.39074742,0.10037255,92.57484,81.92433,31.66269,120.61248,0.35934345,136.29591,135.081409,133.86691,2025-05-15,13:00
2025-05-15 13:05:00,136.11,136.12,135.92999,135.9554,1533950,66.54914,135.76385,135.72484,0.48977171,0.41055228,0.079219434,83.18500,83.99047,32.88933,108.37408,0.34724766,136.38717,135.15993,133.93269,2025-05-15,13:05
2025-05-15 13:10:00,135.955,136.089996,135.85001,135.99181,1417998,66.99850,135.84999,135.77824,0.48603824,0.42564947,0.060388769,84.39774,86.71919,33.63335,93.073382,0.33958642,136.46869,135.23777,134.0068465,2025-05-15,13:10
2025-05-15 13:15:00,135.99541,136.28999,135.96001,136.28,1962258,70.38941,135.97110,135.87859,0.50056399,0.44063237,0.059931617,99.35933,88.98069,34.69253,103.26314,0.33890071,136.57203,135.33527,134.098505,2025-05-15,13:15
2025-05-15 13:20:00,136.28,136.3,136.14999,136.22,1631540,68.80439,136.027212,135.94687,0.50145400,0.45279670,0.048657303,94.77112,92.84273,35.69401,97.48145,0.32540846,136.66115,135.41677,134.17239,2025-05-15,13:20
2025-05-15 13:25:00,136.22501,136.27,136.020004,136.22,1714162,68.80439,136.063212,136.0014973,0.49643673,0.46152470,0.034912025,94.73674,96.28906,35.94557,83.38783,0.32002214,136.72832,135.49852,134.26872,2025-05-15,13:25
2025-05-15 13:30:00,136.22,136.22,135.87,135.88499,3248157,60.048197,136.026545,135.97820,0.46012424,0.46124461,-0.0011203741,71.18001,86.89596,35.44796,57.32193,0.32216385,136.71427,135.56922,134.42417,2025-05-15,13:30
2025-05-15 13:35:00,135.88,136.105,135.74001,136.014999,1723755,62.065735,136.050434,135.98556,0.43680146,0.45635598,-0.019554523,76.24963,80.72213,34.39430,47.64016,0.32522288,136.69838,135.64347,134.58856,2025-05-15,13:35
2025-05-15 13:40:00,136.0099945,136.19501,135.92,136.1646,1187491,64.29984,136.092611,136.021365,0.42548451,0.45018169,-0.024697179,88.22562,78.55175,33.67476,62.94708,0.32163619,136.69275,135.71905,134.74535,2025-05-15,13:40
2025-05-15 13:45:00,136.145,136.16499,135.89,135.98,1705677,59.63269,136.079088,136.013091,0.39704313,0.43955398,-0.042510843,52.23758,72.23761,32.86331,46.78443,0.31830459,136.67337,135.77405,134.87474,2025-05-15,13:45
2025-05-15 13:50:00,135.98,136.080002,135.86,136.0048981,1192689,60.053912,136.084588,136.011453,0.37222181,0.42608754,-0.053865734,55.95436,65.47252,31.96059,37.041326,0.31128292,136.61862,135.83430,135.049981,2025-05-15,13:50
2025-05-15 13:55:00,136.0050049,136.050003,135.84,135.9314,1498778,58.12599,136.077876,135.99544,0.34266968,0.40940397,-0.066734287,44.98394,51.058629,31.018294,22.82443,0.30404891,136.57474,135.87862,135.18250,2025-05-15,13:55
2025-05-15 14:00:00,135.935,135.96001,135.74001,135.7719,1566143,54.069513,136.021420,135.95073,0.30288758,0.38810069,-0.085213109,21.17789,40.70540,29.62381,-21.98111,0.29804550,136.48998,135.91696,135.34395,2025-05-15,14:00
2025-05-15 14:05:00,135.77,135.87,135.59,135.74001,1764518,53.26905,135.96809,135.90859,0.26572356,0.36362527,-0.097901705,21.12785,29.096562,27.61195,-77.89643,0.29675645,136.42662,135.94313,135.45964,2025-05-15,14:05
2025-05-15 14:10:00,135.73,135.74001,135.45,135.495,1712407,47.45622,135.88753,135.82587,0.21403327,0.33370687,-0.11967359,5.29386,15.86654,26.13686,-183.85743,0.29627446,136.35783,135.95838,135.55894,2025-05-15,14:10
2025-05-15 14:15:00,135.495,135.495,134.91,134.92,2704099,37.19753,135.78031,135.64469,0.12522736,0.29201097,-0.16678361,0.71902958,9.046915,26.47055,-321.10662,0.31689710,136.51616,135.91863,135.32111,2025-05-15,14:15
2025-05-15 14:20:00,134.925,135.069,134.75999,135.024994,2235417,39.75839,135.67031,135.52075,0.062598708,0.24612851,-0.18352981,17.20766,7.74018,27.13240,-264.92076,0.31633343,136.58857,135.87508,135.16159,2025-05-15,14:20
2025-05-15 14:25:00,135.020004,135.3699,135.0,135.36,2021343,47.16168,135.58091,135.48860,0.039541484,0.20481111,-0.16526962,38.96122,18.96264,26.45421,-147.82552,0.32015987,136.56152,135.83233,135.10315,2025-05-15,14:25
2025-05-15 14:30:00,135.36,135.59,135.28999,135.42999,1919030,48.58340,135.51980,135.47688,0.026609505,0.16917079,-0.14256128,44.37045,33.51311,25.025795,-85.89800,0.31872010,136.56384,135.81383,135.063828,2025-05-15,14:30
2025-05-15 14:35:00,135.425,135.48,135.23,135.2986,1447452,46.076963,135.44132,135.44123,0.0056928431,0.13647520,-0.13078236,36.89057,40.074079,23.88079,-95.77013,0.31381152,136.57250,135.78951,135.0065254,2025-05-15,14:35
2025-05-15 14:40:00,135.3,135.47,135.1449,135.19501,1547687,44.14335,135.35950,135.39198,-0.019023474,0.10537546,-0.12439894,30.31421,37.19174,23.076376,-95.28688,0.31461811,136.55414,135.74418,134.93421,2025-05-15,14:40
2025-05-15 14:45:00,135.1978,135.25,134.9501,135.11,1495672,42.56483,135.28595,135.33559,-0.044952480,0.075309875,-0.12026236,24.39045,30.53174,22.88724,-110.55555,0.31356655,136.55068,135.70191,134.85314,2025-05-15,14:45
2025-05-15 14:50:00,135.12,135.13989,134.66,134.69501,1558809,35.82899,135.16984,135.20747,-0.097859827,0.040675935,-0.13853576,2.32584,19.010168,23.42418,-136.54638,0.32544671,136.58023,135.63707,134.69391,2025-05-15,14:50
2025-05-15 14:55:00,134.6949,134.83,134.57001,134.61501,1777630,34.68932,135.072067,135.088977,-0.14457815,0.0036251175,-0.14820327,2.98002,9.89877,24.12260,-142.73941,0.32077156,136.54784,135.55382,134.55979,2025-05-15,14:55
2025-05-15 15:00:00,134.61501,134.91,134.50999,134.8551,1668321,40.77771,135.064857,135.042202,-0.16038017,-0.029175941,-0.13120423,22.40949,9.23845,24.41854,-115.43275,0.32643139,136.47468,135.48557,134.49646,2025-05-15,15:00
2025-05-15 15:05:00,134.85001,135.020004,134.42999,134.455,1916938,34.93348,135.0015242,134.92476,-0.20284985,-0.063910722,-0.13893913,1.63457,9.0080268,24.21675,-121.72973,0.34525854,136.42286,135.39732,134.37179,2025-05-15,15:05
2025-05-15 15:10:00,134.45,134.67999,134.32001,134.645,1783458,39.37690,134.92208,134.86881,-0.21865524,-0.094859626,-0.12379561,20.96771,15.0039229,24.32643,-121.72223,0.34631046,136.38508,135.33532,134.28557,2025-05-15,15:10
2025-05-15 15:15:00,134.64,134.88,134.47,134.5988,1793719,38.68506,134.82973,134.81481,-0.23223234,-0.12233417,-0.10989817,19.63336,14.078546,23.58300,-97.11196,0.35085997,136.31238,135.26451,134.21665,2025-05-15,15:15
2025-05-15 15:20:00,134.5934,134.63,133.96021,134.054993,3266371,31.63909,134.69155,134.66285,-0.28360384,-0.15458810,-0.12901574,5.81593,15.47233,24.15488,-146.70188,0.37364139,136.24719,135.15903,134.070879,2025-05-15,15:20
2025-05-15 15:25:00,134.049896,134.085007,133.59,133.735,3116716,28.36521,134.52932,134.47728,-0.34614665,-0.19289981,-0.15324684,7.25021,10.89984,25.36187,-182.77800,0.38231060,136.23188,135.046785,133.86169,2025-05-15,15:25
2025-05-15 15:30:00,133.735,134.27,133.73,134.1799,2609878,37.97499,134.42598,134.41780,-0.35571210,-0.22546227,-0.13024983,29.49524,14.18713,25.78458,-130.62172,0.39357474,136.11219,134.95554,133.79888,2025-05-15,15:30
2025-05-15 15:35:00,134.17,134.21001,133.96001,134.014999,1837744,36.044888,134.35042,134.33724,-0.37230724,-0.25483126,-0.11747598,21.25015,19.33187,26.17710,-118.35074,0.38331940,135.99444,134.85972,133.72499,2025-05-15,15:35
2025-05-15 15:40:00,134.014999,134.44,133.94,134.17,2297735,39.17426,134.30098,134.30379,-0.36870175,-0.27760536,-0.091096389,30.68794,27.14444,25.68988,-92.66763,0.39165373,135.87079,134.77962,133.68845,2025-05-15,15:40
2025-05-15 15:45:00,134.175,134.4399,134.089996,134.37,1916619,43.046669,134.24708,134.31703,-0.34572103,-0.29122850,-0.054492535,41.48919,31.14243,25.23747,-68.68599,0.38867127,135.72156,134.71112,133.70068,2025-05-15,15:45
2025-05-15 15:50:00,134.38,134.95,134.23,134.34,3619932,42.60849,134.23430,134.32163,-0.32616942,-0.29821668,-0.027952738,45.18062,39.11925,23.66677,-30.37004,0.41233770,135.60851,134.65337,133.69823,2025-05-15,15:50
2025-05-15 15:55:00,134.34,134.94,134.21001,134.89999,6961724,52.35780,134.26263,134.43730,-0.26246200,-0.29106574,0.028603743,84.52163,57.063814,22.14979,3.80467,0.43502756,135.60643,134.65237,133.69831,2025-05-15,15:55
2025-05-16 09:30:00,136.25,136.31,135.75,136.19,21091970,66.48273,134.43943,134.78784,-0.10665110,-0.25418282,0.14753172,95.58842,75.096890,23.31404,211.0022659,0.50466871,135.86896,134.71062,133.55228,2025-05-16,09:30
2025-05-16 09:35:00,136.19501,136.2899,135.31,135.705,5293654,59.35742,134.62277,134.97127,-0.022051141,-0.20775648,0.18570534,77.75752,85.95586,23.27538,147.44455,0.53861410,135.93368,134.72787,133.52206,2025-05-16,09:35
2025-05-16 09:40:00,135.715,135.7298,135.029999,135.34109,3889608,54.62665,134.80122,135.045237,0.015452565,-0.16311467,0.17856724,64.37860,79.24151,22.60799,90.92503,0.55012727,135.91947,134.72343,133.52738,2025-05-16,09:40
2025-05-16 09:45:00,135.345,135.75999,135.3,135.49181,3317187,56.18415,134.94699,135.13455,0.056682248,-0.11915529,0.17583754,69.91944,70.68519,22.039271,108.88806,0.54368900,135.95049,134.73309,133.51568,2025-05-16,09:45
2025-05-16 09:50:00,135.625,135.67999,135.3,135.46001,3214994,55.74931,135.10754,135.19964,0.085802057,-0.078163819,0.16396588,68.75035,67.68280,21.51117,99.36926,0.53199619,135.98906,134.74634,133.50361,2025-05-16,09:50
2025-05-16 09:55:00,135.465,135.66,135.33501,135.56,2702802,56.87942,135.26199,135.27171,0.11561540,-0.039407975,0.15502337,72.42648,70.36543,21.020792,96.40756,0.51721053,136.052699,134.76884,133.48497,2025-05-16,09:55
2025-05-16 10:00:00,135.56,135.95,135.020004,135.681,4134656,58.26837,135.40766,135.35357,0.14730847,-0.0020646856,0.14937316,76.87509,72.68397,19.76683,87.83253,0.54669497,136.16123,134.81814,133.47504,2025-05-16,10:00
2025-05-16 10:05:00,135.67461,135.88499,135.431,135.655,2562009,57.83726,135.55377,135.41386,0.16838635,0.032025521,0.13636083,74.61247,74.63801,18.60244,87.69844,0.54007352,136.25754,134.87013,133.48273,2025-05-16,10:05
2025-05-16 10:10:00,135.64999,135.74001,135.41,135.52,2432506,55.53968,135.62266,135.43509,0.17221263,0.060062942,0.11214968,66.66688,72.71815,17.46593,68.36442,0.52506840,136.31933,134.90338,133.48743,2025-05-16,10:10
2025-05-16 10:15:00,135.5118,136.12,135.38,136.050003,3680872,61.93336,135.60710,135.55807,0.21552699,0.091155752,0.12437124,89.029745,76.76970,17.29521,88.17890,0.54041996,136.46711,134.98313,133.49915,2025-05-16,10:15
2025-05-16 10:20:00,136.039993,136.039993,135.4501,135.63,2721537,55.16339,135.59877,135.57246,0.21350247,0.11562510,0.097877376,69.36972,75.022114,17.13669,67.040786,0.54466849,136.53349,135.032380,133.53127,2025-05-16,10:20
2025-05-16 10:25:00,135.63,135.80901,135.33,135.425,2418388,52.16599,135.60809,135.54297,0.19312981,0.13112604,0.062003772,57.85722,72.085561,16.62310,44.67762,0.53997816,136.57026,135.073690,133.57712,2025-05-16,10:25
2025-05-16 10:30:00,135.425,135.42999,134.92,135.029999,4075766,46.88018,135.55678,135.44037,0.14345710,0.13359225,0.0098648507,39.047411,55.42478,15.83100,1.24637,0.53783647,136.54478,135.12244,133.70010,2025-05-16,10:30
2025-05-16 10:35:00,135.039993,135.059998,134.6344,134.72501,3601902,43.23722,135.47511,135.29730,0.078574999,0.12258880,-0.044013802,5.40742,34.10402,15.74008,-42.75646,0.52981945,136.46029,135.17194,133.88359,2025-05-16,10:35
2025-05-16 10:40:00,134.72,134.73,133.50999,133.5235,5837368,32.51713,135.24884,134.94254,-0.069000757,0.084270889,-0.15327165,0.48577263,14.98020,17.41498,-145.27918,0.57911814,136.55411,135.13912,133.72414,2025-05-16,10:40
2025-05-16 10:45:00,133.52,134.5,133.46001,134.47501,5400710,44.29587,135.11484,134.84903,-0.10793272,0.045830168,-0.15376288,38.15804,14.68374,19.029387,-120.54357,0.61203780,136.51694,135.16212,133.80730,2025-05-16,10:45
2025-05-16 10:50:00,134.47141,134.66,134.3118,134.52499,2786593,44.84057,134.98928,134.78422,-0.13321733,0.010020668,-0.14323800,40.037287,26.22703,20.080182,-83.28329,0.59319264,136.49083,135.17987,133.86891,2025-05-16,10:50
2025-05-16 10:55:00,134.5282,134.66,134.21001,134.3201,2064540,42.98514,134.85596,134.69140,-0.16785397,-0.025554259,-0.14229971,32.33443,36.84325,21.19693,-97.45018,0.58296437,136.49466,135.17738,133.86009,2025-05-16,10:55
2025-05-16 11:00:00,134.325,134.715,134.32001,134.505,2185636,45.18930,134.68429,134.65412,-0.17832774,-0.056108955,-0.12221878,39.28582,37.21918,22.068738,-83.099467,0.56953756,136.48376,135.18563,133.88749,2025-05-16,11:00
2025-05-16 11:05:00,134.505,134.74001,134.45,134.49001,2039963,45.037199,134.55762,134.62130,-0.18569799,-0.082026761,-0.10367122,38.72193,36.78073,22.79941,-75.50775,0.54957120,136.49326,135.16513,133.83700,2025-05-16,11:05
2025-05-16 11:10:00,134.5,134.99001,134.48,134.96001,2198995,50.64322,134.50596,134.68904,-0.15186321,-0.095994050,-0.055869156,56.39122,44.79966,22.70483,-38.49655,0.54674539,136.34747,135.10363,133.85979,2025-05-16,11:10
2025-05-16 11:15:00,134.955,135.065002,134.71001,134.745,2090269,48.22017,134.47429,134.70023,-0.14077576,-0.10495039,-0.035825371,48.30805,47.80707,22.39360,-29.61820,0.53304898,136.27682,135.055627,133.83443,2025-05-16,11:15
2025-05-16 11:20:00,134.741,134.82001,134.61,134.67349,1420587,47.40783,134.46857,134.69488,-0.13618866,-0.11119805,-0.024990611,45.61996,50.10641,22.31256,-43.10181,0.50997454,136.24690,135.022247,133.79760,2025-05-16,11:20
2025-05-16 11:25:00,134.67101,134.92,134.62,134.86501,1354525,49.84499,134.61762,134.72891,-0.11576537,-0.11211151,-0.0036538564,54.45760,49.46187,21.91706,-26.26985,0.49497657,136.19784,134.99091,133.78397,2025-05-16,11:25
2025-05-16 11:30:00,134.86,135.17,134.825,135.065002,1819919,52.32939,134.68318,134.79613,-0.082490776,-0.10618736,0.023696586,68.32679,56.13479,20.79459,6.33008,0.48426405,136.15952,134.97116,133.78279,2025-05-16,11:30
2025-05-16 11:35:00,135.059998,135.089996,134.81,134.88989,1430097,49.99432,134.72372,134.81488,-0.069449754,-0.098839841,0.029390087,72.58356,65.12265,19.79127,-2.36518,0.46967367,136.095105,134.93765,133.78020,2025-05-16,11:35
2025-05-16 11:40:00,134.8838,135.25999,134.88,135.1848,1708263,53.73831,134.81980,134.88886,-0.034915664,-0.086055005,0.051139342,95.82245,78.91093,18.40101,29.56870,0.46326767,136.025918,134.91284,133.79976,2025-05-16,11:40
2025-05-16 11:45:00,135.19,135.33,135.089996,135.13,1448254,52.94512,134.88924,134.93709,-0.011832198,-0.071210444,0.059378246,89.30495,85.90365,17.31335,48.40456,0.44732037,135.95217,134.88659,133.82101,2025-05-16,11:45
2025-05-16 11:50:00,135.14999,135.19971,134.8,134.94501,1982699,50.24843,134.93980,134.93867,-0.0083696612,-0.058642287,0.050272626,79.41200,88.17980,16.68271,20.52476,0.44391920,135.88380,134.85784,133.83188,2025-05-16,11:50
2025-05-16 11:55:00,134.94501,134.94501,134.605,134.66499,1606156,46.39642,134.90702,134.88394,-0.027898769,-0.052493584,0.024594815,40.62398,69.78031,16.59155,-16.72017,0.43649723,135.65842,134.78859,133.91877,2025-05-16,11:55
2025-05-16 12:00:00,134.66499,134.97,134.57001,134.875,1862628,49.52183,134.92147,134.88215,-0.026128745,-0.047220616,0.021091871,59.37466,59.80355,16.59394,8.56775,0.43388985,135.53237,134.75084,133.96931,2025-05-16,12:00
2025-05-16 12:05:00,134.8822,134.92999,134.72501,134.86501,1226917,49.37428,134.94275,134.87872,-0.025241493,-0.042824791,0.017583298,53.96051,51.31972,16.59617,28.56566,0.41753961,135.44351,134.72284,134.0021711,2025-05-16,12:05
2025-05-16 12:10:00,134.86011,134.97,134.8,134.9101,899785,50.096653,134.94776,134.88500,-0.020661800,-0.038392193,0.017730393,52.28360,55.20626,16.44208,48.11714,0.39985808,135.42914,134.71685,134.0045502,2025-05-16,12:10
2025-05-16 12:15:00,134.92,135.16,134.89999,134.9556,1298669,50.85868,134.93560,134.89912,-0.013208493,-0.033355453,0.020146960,55.95268,54.065597,15.58390,74.95697,0.38986892,135.44825,134.72838,134.0085001,2025-05-16,12:15
2025-05-16 12:20:00,134.96001,135.095001,134.8116,134.8116,1210529,48.34283,134.92690,134.88161,-0.018705439,-0.030425450,0.011720012,31.78870,46.67500,15.073666,42.11790,0.38226410,135.25394,134.79278,134.33162,2025-05-16,12:20
2025-05-16 12:25:00,134.82001,134.88989,134.73,134.795,1067947,48.047732,134.88359,134.86429,-0.024123336,-0.029165027,0.0050416910,29.60427,39.11522,14.86195,-5.16912,0.36638072,135.24633,134.80878,134.37123,2025-05-16,12:25
2025-05-16 12:30:00,134.8,134.87,134.535,134.58501,1207178,44.35914,134.82303,134.80843,-0.044844673,-0.032300957,-0.012543717,6.28971,22.56089,15.25221,-74.042519,0.36413863,135.24227,134.81178,134.38129,2025-05-16,12:30
2025-05-16 12:35:00,134.59,134.78999,134.56,134.72549,1007825,47.27538,134.79864,134.79185,-0.049361295,-0.035713024,-0.013648271,23.96115,19.95171,15.61459,-75.39304,0.35455700,135.20194,134.83205,134.46216,2025-05-16,12:35
2025-05-16 12:40:00,134.72501,134.86639,134.62,134.69991,1097666,46.79429,134.80252,134.77346,-0.054378724,-0.039446164,-0.014932559,20.74240,16.99775,15.60088,-66.45592,0.34683142,135.18609,134.84180,134.49750,2025-05-16,12:40
2025-05-16 12:45:00,134.7,134.82001,134.57001,134.67,986198,46.20251,134.77974,134.75277,-0.060075819,-0.043572095,-0.016503724,16.98048,20.56135,15.75676,-96.87663,0.33991489,135.16602,134.85079,134.53557,2025-05-16,12:45
2025-05-16 12:50:00,134.67999,134.85001,134.67,134.815,1047859,49.53484,134.77419,134.76521,-0.052287437,-0.045315164,-0.0069722739,35.22005,24.31431,15.75244,-43.36430,0.32849297,135.15503,134.84354,134.53206,2025-05-16,12:50
2025-05-16 12:55:00,134.815,134.89,134.62,134.625,1079896,45.55315,134.74251,134.73717,-0.060746451,-0.048401421,-0.012345030,13.53932,21.91329,15.93405,-74.063481,0.32431520,135.16080,134.83755,134.51429,2025-05-16,12:55
2025-05-16 13:00:00,134.623,134.85001,134.42999,134.83501,1872179,50.30765,134.72911,134.75674,-0.049928944,-0.048706926,-0.0012220182,55.48054,34.74664,16.75637,-77.85749,0.33115079,135.16002,134.84562,134.53122,2025-05-16,13:00
2025-05-16 13:05:00,134.83501,135.25,134.80009,135.2101,2208797,57.45392,134.77339,134.84741,-0.010962865,-0.041158113,0.030195249,95.13398,54.71795,15.67641,110.79263,0.33963326,135.21523,134.86288,134.51052,2025-05-16,13:05
2025-05-16 13:10:00,135.215,135.36,135.080002,135.3311,1932546,59.47842,134.83296,134.94415,0.029343644,-0.027057762,0.056401406,96.89248,82.50233,14.85052,172.65492,0.33537366,135.27508,134.87618,134.47728,2025-05-16,13:10
2025-05-16 13:15:00,135.33501,135.64999,135.24001,135.55,2577918,62.91625,134.94018,135.065319,0.078050732,-0.0060360630,0.084086795,91.80404,94.61017,15.031595,215.46180,0.34070328,135.40470,134.90919,134.41367,2025-05-16,13:15
2025-05-16 13:20:00,135.549,135.60001,135.27499,135.5518,1888897,62.94409,135.031991,135.16262,0.11546572,0.018264294,0.097201428,91.95162,93.54938,15.19973,182.85550,0.33958249,135.48573,134.92754,134.36934,2025-05-16,13:20
2025-05-16 13:25:00,135.55611,135.8299,135.53999,135.82179,2383106,66.95170,135.15665,135.29445,0.16500120,0.047611675,0.11738952,99.42122,94.39229,16.022006,219.32328,0.33603386,135.63928,134.96213,134.28497,2025-05-16,13:25
2025-05-16 13:30:00,135.8201,136.25,135.71989,136.014999,3949330,69.49425,135.30609,135.43856,0.21734319,0.081557978,0.13578521,87.087931,92.82026,17.73713,218.67124,0.34989613,135.83339,135.015625,134.19786,2025-05-16,13:30
2025-05-16 13:35:00,136.020004,136.11,135.71001,135.793,2792667,63.45349,135.41476,135.50945,0.23816562,0.11287951,0.12528612,74.89017,87.13311,19.28387,155.042641,0.35347454,135.93937,135.072025,134.20468,2025-05-16,13:35
2025-05-16 13:40:00,135.795,135.96989,135.61,135.785,2237432,63.24027,135.54365,135.56456,0.25112753,0.14052911,0.11059842,74.45085,78.80965,20.24641,117.93723,0.35393306,136.032901,135.11753,134.20215,2025-05-16,13:40
2025-05-16 13:45:00,135.78,135.8,135.56,135.66499,1730302,59.98236,135.63587,135.58465,0.24884754,0.16219280,0.086654741,67.85690,72.39931,20.90333,85.92608,0.34579538,136.094917,135.15752,134.22013,2025-05-16,13:45
2025-05-16 13:50:00,135.651,135.75,135.47501,135.58501,4625928,57.84349,135.67752,135.58472,0.23784466,0.17732317,0.060521487,63.46205,68.58994,21.10905,66.27886,0.34073813,136.13914,135.19127,134.24340,2025-05-16,13:50
2025-05-16 13:55:00,135.58501,135.66499,135.48,135.545,1387086,56.75338,135.70129,135.57677,0.22332212,0.18652296,0.036799160,61.26379,64.19425,21.30007,54.28218,0.32961380,136.17410,135.22074,134.26738,2025-05-16,13:55
2025-05-16 14:00:00,135.55,135.5546,135.23,135.265,1533235,49.69481,135.66962,135.51442,0.18706300,0.18663097,0.00043203041,45.87931,56.86838,20.32980,18.51084,0.32925569,136.17816,135.24341,134.30866,2025-05-16,14:00
2025-05-16 14:05:00,135.27,135.28999,135.059998,135.2498,1695691,49.33614,135.63607,135.46150,0.15531072,0.18036692,-0.025056194,45.044267,50.72912,18.99437,-8.65339,0.32216569,136.17800,135.26615,134.35430,2025-05-16,14:05
2025-05-16 14:10:00,135.2413,135.55991,135.2019,135.36459,1293244,52.14561,135.58527,135.44212,0.13782085,0.17185770,-0.034036854,38.93350,43.28569,18.45915,15.63757,0.32472541,136.16219,135.30513,134.44807,2025-05-16,14:10
2025-05-16 14:15:00,135.36501,135.405,135.080002,135.19501,1336801,47.91805,135.49416,135.39269,0.10901911,0.15928998,-0.050270877,11.34534,31.77437,17.49113,-16.96041,0.32474480,136.14566,135.32861,134.51156,2025-05-16,14:15
2025-05-16 14:20:00,135.19501,135.28999,135.16,135.17999,1054299,47.55048,135.42604,135.35015,0.084013507,0.14423469,-0.060221182,10.083603,20.12081,16.59226,-26.89856,0.31083372,136.12113,135.35261,134.58409,2025-05-16,14:20
2025-05-16 14:25:00,135.1701,135.17999,134.952,135.035004,2003173,44.037583,135.34271,135.28712,0.051898731,0.12576750,-0.073868767,6.39503,9.27466,15.84172,-67.20769,0.30491680,136.089387,135.37086,134.65233,2025-05-16,14:25
2025-05-16 14:30:00,135.035004,135.28999,135.014999,135.2382,1685268,49.65158,135.29529,135.27734,0.042355932,0.10908518,-0.066729252,22.049938,12.84286,14.71811,-46.85650,0.30277945,136.067457,135.39202,134.71658,2025-05-16,14:30
2025-05-16 14:35:00,135.24001,135.31,135.089996,135.27499,1090450,50.61747,135.26084,135.27687,0.037331423,0.094734432,-0.057403010,24.88421,17.77639,13.73688,-46.32793,0.29686672,136.0050924,135.42452,134.84395,2025-05-16,14:35
2025-05-16 14:40:00,135.28,135.44501,135.22,135.27,1429246,50.47603,135.23029,135.27550,0.032571379,0.082301822,-0.049730443,27.46175,24.79863,13.34528,-35.42278,0.29173382,135.96631,135.44627,134.92623,2025-05-16,14:40
2025-05-16 14:45:00,135.27499,135.33,135.21001,135.245,886519,49.72604,135.22807,135.26940,0.026475784,0.071136614,-0.044660830,28.78472,27.043561,12.93664,-54.44282,0.27946677,135.96510,135.44801,134.93093,2025-05-16,14:45
2025-05-16 14:50:00,135.245,135.28999,135.080002,135.095001,1143089,45.37174,135.21087,135.23452,0.0094329889,0.058795889,-0.049362900,16.86370,24.37006,12.047686,-83.40323,0.27450424,135.97381,135.43621,134.89861,2025-05-16,14:50
2025-05-16 14:55:00,135.089996,135.24001,135.080002,135.12,1030193,46.21687,135.18369,135.21161,-0.0020333113,0.046630049,-0.048663360,21.052430,22.23362,11.22223,-77.82363,0.26632563,135.96659,135.41471,134.86283,2025-05-16,14:55
2025-05-16 15:00:00,135.12,135.41,135.10001,135.39,1394024,54.42039,135.20535,135.24729,0.010545094,0.039413058,-0.028867964,61.43129,33.11581,11.12216,-31.59268,0.26944505,135.95495,135.40662,134.85829,2025-05-16,15:00
2025-05-16 15:05:00,135.395,135.64,135.3,135.3485,2395623,53.080129,135.22408,135.26753,0.016968945,0.034924235,-0.017955290,57.63046,46.70473,11.86708,10.31435,0.27448443,135.89738,135.38295,134.86853,2025-05-16,15:05
2025-05-16 15:10:00,135.345,135.36,135.10001,135.22501,1712073,49.19775,135.24519,135.25903,0.011957494,0.030330887,-0.018373393,39.68152,52.91443,11.61606,-47.95431,0.27344944,135.77181,135.34345,134.91510,2025-05-16,15:10
2025-05-16 15:15:00,135.22501,135.25,135.10001,135.2,1422059,48.42526,135.24094,135.24722,0.0058998435,0.025444678,-0.019544835,36.046486,44.45282,11.38298,-61.45693,0.26463118,135.69284,135.31380,134.93477,2025-05-16,15:15
2025-05-16 15:20:00,135.205,135.27,135.13,135.215,1342182,48.94306,135.23428,135.24078,0.0022831187,0.020812366,-0.018529248,38.22662,37.98487,11.24797,-47.50337,0.25572891,135.59830,135.28530,134.97231,2025-05-16,15:20
2025-05-16 15:25:00,135.215,135.31,135.070007,135.080307,1672107,44.61177,135.21320,135.20868,-0.011320964,0.014385700,-0.025706664,18.64978,30.97430,10.82052,-72.51912,0.25460472,135.52831,135.25607,134.98383,2025-05-16,15:25
2025-05-16 15:30:00,135.085007,135.17999,134.97,135.1301,2251521,46.49670,135.20043,135.19296,-0.017878613,0.0079328376,-0.025811451,25.88658,27.58766,10.15917,-111.61480,0.25141806,135.46480,135.23332,135.0018480,2025-05-16,15:30
2025-05-16 15:35:00,135.14,135.1499,134.89,134.98,2182668,41.87057,135.18765,135.15037,-0.034786474,-0.00061102464,-0.034175449,11.99951,18.84529,9.91704,-179.40837,0.25202412,135.41435,135.20507,134.99580,2025-05-16,15:35
2025-05-16 15:40:00,134.985,135.125,134.875,134.94,2010518,40.70841,135.16766,135.10830,-0.050827293,-0.010654278,-0.040173015,8.49706,15.46105,9.76259,-177.54917,0.25187954,135.42562,135.18882,134.95202,2025-05-16,15:40
2025-05-16 15:45:00,134.935,135.25999,134.88,135.25,2606210,51.86176,135.15210,135.13664,-0.038086509,-0.016140724,-0.021945784,49.019647,23.17207,9.22653,-49.69866,0.26103026,135.42564,135.18883,134.95202,2025-05-16,15:45
2025-05-16 15:50:00,135.22,135.33,135.089996,135.145,2763223,48.53182,135.12949,135.13831,-0.036046106,-0.020121801,-0.015924305,35.29470,30.93714,9.073193,4.23456,0.25952849,135.40102,135.17785,134.95469,2025-05-16,15:50
2025-05-16 15:55:00,135.13,135.42,135.029999,135.32001,6556961,53.85062,135.14005,135.17465,-0.020076360,-0.020112712,0.000036352536,58.17094,47.49510,9.35514,62.35628,0.26884784,135.41568,135.18410,134.95253,2025-05-16,15:55
2025-05-19 09:30:00,132.41,133.62981,132.41,132.75,24509687,20.44160,134.86782,134.68972,-0.21235049,-0.058560268,-0.15379022,10.52622,34.66395,13.14273,-617.38956,0.45750183,136.14868,135.062605,133.97653,2025-05-19,09:30
2025-05-19 09:35:00,132.75,134.48,132.74001,134.1801,6895674,42.0036594,134.75283,134.58780,-0.24649066,-0.096146345,-0.15034431,54.80180,41.16632,14.46688,-242.87438,0.54910815,136.17219,135.019860,133.86754,2025-05-19,09:35
2025-05-19 09:40:00,134.19,134.63,133.88,134.3826,4873329,44.30542,134.67531,134.54676,-0.25427584,-0.12777224,-0.12650360,61.071140,42.13305,15.37027,-114.98099,0.56345756,136.15700,134.97708,133.79716,2025-05-19,09:40
2025-05-19 09:45:00,134.38,134.91,134.12,134.625,4701663,47.016214,134.61919,134.56241,-0.23814077,-0.14984595,-0.088294823,73.58805,63.15366,15.61743,-60.95602,0.57963978,136.12570,134.94458,133.76346,2025-05-19,09:45
2025-05-19 09:50:00,134.62,134.67,134.059998,134.095001,4590736,42.18189,134.52086,134.46892,-0.26506459,-0.17288968,-0.092174910,55.98009,63.54643,15.93284,-88.65768,0.58180841,136.11237,134.88583,133.65929,2025-05-19,09:50
2025-05-19 09:55:00,134.10001,134.5499,134.044998,134.080002,3412819,42.050118,134.42530,134.39114,-0.28433460,-0.19517866,-0.089155936,55.48177,61.68330,16.24841,-82.18880,0.57631481,136.090475,134.82758,133.56469,2025-05-19,09:55
2025-05-19 10:00:00,134.059998,134.59,133.92999,134.37,4204472,45.58924,134.32752,134.38691,-0.27305854,-0.21075464,-0.062303900,65.11611,58.85932,16.72214,-63.54601,0.58229259,136.063030,134.79133,133.51963,2025-05-19,10:00
2025-05-19 10:05:00,134.37,135.22,134.28,135.17999,4651607,54.033565,134.33141,134.54553,-0.19649705,-0.20790312,0.011406071,92.026381,70.87475,15.77691,16.21285,0.60784329,136.069396,134.79433,133.51926,2025-05-19,10:05
2025-05-19 10:10:00,135.19,135.44,135.0,135.17,3387555,53.92236,134.31474,134.67042,-0.13507097,-0.19333669,0.058265715,91.088964,82.74382,14.81490,58.39624,0.59585466,136.041332,134.78333,133.52533,2025-05-19,10:10
2025-05-19 10:15:00,135.16,135.87,135.1402,135.575,3831945,57.71957,134.62863,134.85134,-0.053098269,-0.16528901,0.11219074,91.47402,91.52979,14.65765,100.47837,0.60542199,136.076654,134.79465,133.51266,2025-05-19,10:15
2025-05-19 10:20:00,135.575,135.74001,135.39,135.67461,2640805,58.62273,134.79469,135.015991,0.019676516,-0.12829590,0.14797242,94.35291,92.30530,14.51163,104.97901,0.58717800,136.14353,134.81713,133.49074,2025-05-19,10:20
2025-05-19 10:25:00,135.6758,135.6799,135.10001,135.285,2908643,53.78343,134.89496,135.069793,0.045390150,-0.093558691,0.13894884,83.092691,89.63987,13.76297,71.14587,0.58665779,136.15319,134.82139,133.48958,2025-05-19,10:25
2025-05-19 10:30:00,135.295,135.3185,134.9646,135.12,2445108,51.83187,134.94995,135.079834,0.051855817,-0.064475790,0.11633161,78.32365,85.25642,12.79353,43.59716,0.57003203,136.14346,134.81664,133.48981,2025-05-19,10:30
2025-05-19 10:35:00,135.10001,135.39999,134.92999,135.13499,2230816,52.0023652,135.065509,135.090866,0.057527095,-0.040075213,0.097602307,78.75716,80.057831,12.059907,46.23264,0.56288697,136.14858,134.81937,133.49016,2025-05-19,10:35
2025-05-19 10:40:00,135.123,135.25999,135.0,135.1326,1600197,51.97073,135.18246,135.099212,0.061123719,-0.019835426,0.080959145,76.44094,77.84058,11.37868,42.78400,0.54125179,136.14883,134.81949,133.49016,2025-05-19,10:40
2025-05-19 10:45:00,135.14011,135.38,134.35001,134.4287,8424116,43.58036,135.18899,134.96511,0.0070931985,-0.014449701,0.021542900,27.57254,60.92354,11.68713,-8.13593,0.57616229,136.12964,134.79193,133.45422,2025-05-19,10:45
2025-05-19 10:50:00,134.42999,134.72,134.28,134.64,2602302,46.37893,135.12899,134.90009,-0.018463104,-0.015252382,-0.0032107217,36.59824,46.87057,12.095164,-27.43717,0.56643659,136.11439,134.77693,133.43947,2025-05-19,10:50
2025-05-19 10:55:00,134.66,134.81,134.55,134.655,1636590,46.58149,135.071765,134.85107,-0.037078909,-0.019617687,-0.017461222,37.37140,33.84739,12.24596,-8.73155,0.54454787,136.067588,134.74718,133.42677,2025-05-19,10:55
2025-05-19 11:00:00,134.66,134.71001,134.41,134.657,2235043,46.61043,134.96977,134.81226,-0.051081934,-0.025910537,-0.025171397,37.47444,37.14803,12.65306,-15.78076,0.52708038,136.030858,134.72278,133.41470,2025-05-19,11:00
2025-05-19 11:05:00,134.66,134.72,134.3,134.56,1693380,45.32691,134.84592,134.76180,-0.069208736,-0.034570176,-0.034638559,32.47444,35.77343,13.23953,-20.68185,0.51943165,135.96511,134.68478,133.40444,2025-05-19,11:05
2025-05-19 11:10:00,134.55,135.13,134.55,135.020004,2620445,52.067885,134.81648,134.81344,-0.045926250,-0.036841391,-0.0090848590,46.54133,38.83007,12.70561,21.79420,0.52375809,135.72647,134.79828,133.87009,2025-05-19,11:10
2025-05-19 11:15:00,135.014999,135.28,134.89999,135.155,1843653,53.86556,134.82037,134.88175,-0.016392818,-0.032751677,0.016358859,55.031573,44.68245,11.85545,50.31042,0.51349001,135.74204,134.84702,133.95201,2025-05-19,11:15
2025-05-19 11:20:00,135.1698,135.235,134.89,134.895,1731821,49.97784,134.79370,134.88440,-0.013807579,-0.028962857,0.015155278,38.67968,46.75086,11.089790,26.26971,0.50145509,135.74198,134.87264,134.0033086,2025-05-19,11:20
2025-05-19 11:25:00,134.89999,135.015106,134.795,134.925,1314356,50.42247,134.77063,134.89252,-0.0092316902,-0.025016624,0.015784933,44.17817,45.96314,10.61328,4.58697,0.48135887,135.74969,134.88764,134.025596,2025-05-19,11:25
2025-05-19 11:30:00,134.92,135.2,134.86,135.11501,1476174,53.25642,134.84689,134.93702,0.0096155021,-0.018090198,0.027705701,59.64750,47.50178,10.024817,28.85909,0.47126155,135.72440,134.93864,134.15289,2025-05-19,11:30
2025-05-19 11:35:00,135.12,135.49001,135.080002,135.465,2014186,58.017027,134.93856,135.042616,0.052191740,-0.0040338108,0.056225551,97.93314,67.25294,10.16886,85.80813,0.46688599,135.71936,135.0078941,134.29643,2025-05-19,11:35
2025-05-19 11:40:00,135.465,135.72,135.39,135.405,2163523,56.94633,135.021890,135.11509,0.080168284,0.012806608,0.067361676,78.12487,78.56850,10.79250,116.41594,0.45710855,135.72719,135.059644,134.39210,2025-05-19,11:40
2025-05-19 11:45:00,135.4014,135.56,135.14999,135.189,1492230,53.14376,135.081000,135.12987,0.083942588,0.027033804,0.056908784,63.12466,79.72755,10.68736,58.92691,0.45374391,135.72798,135.060094,134.39221,2025-05-19,11:45
2025-05-19 11:50:00,135.17999,135.23,134.98,135.034698,1294740,50.54726,135.13374,135.11084,0.073634470,0.036353937,0.037280533,52.40961,64.55305,10.13763,5.76873,0.43919078,135.71936,135.053329,134.38730,2025-05-19,11:50
2025-05-19 11:55:00,135.035004,135.1687,134.94501,135.089996,1256665,51.46253,135.14152,135.10667,0.069130395,0.042909229,0.026221166,56.24974,57.26133,9.53396,8.79750,0.42379814,135.65124,135.029079,134.40691,2025-05-19,11:55
2025-05-19 12:00:00,135.085007,135.22,134.9801,135.175,1175803,52.90551,135.14374,135.12034,0.071594913,0.048646366,0.022948547,61.61980,56.75972,9.11114,33.83582,0.41066246,135.55683,135.0040993,134.45137,2025-05-19,12:00
2025-05-19 12:05:00,135.17,135.25,133.28,135.12579,930418,51.94281,135.16939,135.12143,0.068784355,0.052673963,0.016110391,75.64725,64.50559,11.24968,-118.88284,0.52204380,135.53691,134.99614,134.45536,2025-05-19,12:05
2025-05-19 12:10:00,135.12,135.33,132.89999,135.1687,1788946,52.75015,135.19647,135.13088,0.069221321,0.055983435,0.013237886,80.45040,72.57248,13.62805,-122.96981,0.65832695,135.54199,134.99857,134.45516,2025-05-19,12:10
2025-05-19 12:15:00,135.145,135.2,132.85001,134.85001,1364745,46.50143,135.16702,135.074707,0.043351858,0.053457119,-0.010105262,69.68653,75.26139,15.88651,-142.27621,0.77916009,135.52763,134.98432,134.44102,2025-05-19,12:15
2025-05-19 12:20:00,134.8483,135.059998,134.83501,135.029999,1278827,50.096927,135.11869,135.065766,0.036948112,0.050155318,-0.013207206,75.95806,75.36500,17.98365,21.21403,0.73957657,135.51873,134.97919,134.43966,2025-05-19,12:20
2025-05-19 12:25:00,135.039902,135.32001,134.97501,135.22501,1603406,53.72553,135.098689,135.097614,0.047066011,0.049537456,-0.0024714459,82.75275,76.13245,19.19737,64.083114,0.71139262,135.50505,135.019010,134.53297,2025-05-19,12:25
2025-05-19 12:30:00,135.2211,135.25999,134.89,134.97,1235388,48.73512,135.074356,135.072091,0.034114505,0.046452866,-0.012338361,73.86755,77.52612,20.43722,27.18138,0.68700708,135.49036,135.035510,134.58066,2025-05-19,12:30
2025-05-19 12:35:00,134.9684,135.080002,134.8701,134.875,980734,46.98417,135.056612,135.032673,0.016000099,0.040362313,-0.024362214,70.55740,75.72590,21.61609,-2.022795,0.65292800,135.47383,135.046510,134.61919,2025-05-19,12:35
2025-05-19 12:40:00,134.8765,134.9288,134.69,134.845,1168063,46.41706,135.029390,134.99514,-0.00076750125,0.032136350,-0.032903851,69.51214,71.31236,22.96300,-40.97986,0.62334743,135.45594,135.055910,134.65588,2025-05-19,12:40
2025-05-19 12:45:00,134.85001,134.88,134.71001,134.78841,998399,45.30602,134.98643,134.95379,-0.018410452,0.022026989,-0.040437442,67.54019,69.20325,24.21371,-57.32286,0.59096534,135.42036,135.067331,134.71430,2025-05-19,12:45
2025-05-19 12:50:00,134.8,135.0,134.77,134.942,1243612,48.88212,134.96601,134.95143,-0.019770881,0.013667415,-0.033438297,77.19564,71.41599,24.95888,-22.18297,0.56518180,135.42017,135.063431,134.70669,2025-05-19,12:50
2025-05-19 12:55:00,134.95,135.14,134.85001,135.089996,1232429,52.12992,134.95727,134.97915,-0.0088055668,0.0091728188,-0.017978386,90.32234,78.35273,25.17441,18.36866,0.54552547,135.41470,135.060181,134.70566,2025-05-19,12:55
2025-05-19 13:00:00,135.080002,135.45,135.0099945,135.4313,1732501,58.65420,135.021857,135.069578,0.027112736,0.012760802,0.014351934,99.28107,88.93302,24.40883,95.10518,0.53798812,135.46765,135.086996,134.70634,2025-05-19,13:00
2025-05-19 13:05:00,135.435,135.55,135.33,135.4901,1849179,59.67376,135.072979,135.15368,0.059634849,0.022135612,0.037499237,97.78126,95.79489,23.40850,126.91607,0.51527477,135.52629,135.11525,134.70421,2025-05-19,13:05
2025-05-19 13:10:00,135.485,135.63499,135.375,135.57001,1382306,61.078631,135.11131,135.23695,0.090810147,0.035870519,0.054939628,97.66652,98.24295,22.23212,129.36863,0.49704046,135.59434,135.13800,134.68166,2025-05-19,13:10
2025-05-19 13:15:00,135.565,135.61,135.36,135.4314,1128401,57.34667,135.16258,135.27584,0.10314309,0.049325033,0.053818056,92.68945,96.045741,21.17918,109.67994,0.47939471,135.58806,135.13632,134.68458,2025-05-19,13:15
2025-05-19 13:20:00,135.42999,135.57001,135.405,135.52499,974228,59.16123,135.23480,135.32567,0.11909669,0.063279364,0.055817327,96.050231,95.46873,20.20145,118.31775,0.45693856,135.61104,135.14232,134.67360,2025-05-19,13:20
2025-05-19 13:25:00,135.52029,135.7,135.27,135.27499,1808133,52.71092,135.28258,135.31553,0.11029570,0.072682632,0.037613072,57.92026,82.21998,19.67869,92.86410,0.45501385,135.61854,135.14662,134.67470,2025-05-19,13:25
2025-05-19 13:30:00,135.28,135.56,135.16,135.545,2018333,58.032841,135.36664,135.36143,0.12368222,0.082882549,0.040799667,84.65350,79.54133,19.49606,84.80750,0.45108386,135.67148,135.17214,134.67279,2025-05-19,13:30
2025-05-19 13:35:00,135.5401,135.61501,133.0,135.4212,1107711,54.97785,135.41989,135.37338,0.12288539,0.090883117,0.032002273,89.67431,77.41602,22.32868,-81.55593,0.60564969,135.69791,135.18870,134.67948,2025-05-19,13:35
2025-05-19 13:40:00,135.425,135.485,135.30499,135.4115,713448,54.73459,135.45561,135.38101,0.12008654,0.096723802,0.023362737,89.31488,87.88090,24.95896,72.80812,0.57524671,135.71882,135.20052,134.68222,2025-05-19,13:40
2025-05-19 13:45:00,135.41499,135.45,135.2,135.33501,963435,52.75331,135.44491,135.37181,0.11042325,0.099463691,0.010959557,86.48183,88.49034,27.48247,51.14575,0.55201480,135.73127,135.21098,134.69070,2025-05-19,13:45
2025-05-19 13:50:00,135.3344,135.69,135.25999,135.53,1463136,57.023966,135.44934,135.40344,0.11714883,0.10300072,0.014148112,93.70376,89.83349,29.092504,80.72916,0.54330002,135.76699,135.22905,134.69110,2025-05-19,13:50
2025-05-19 13:55:00,135.53,135.57539,135.39999,135.425,752485,54.18387,135.43323,135.40776,0.11270741,0.10494206,0.0077653496,89.81503,90.00020722,30.58753,69.35841,0.51702143,135.77260,135.25780,134.74299,2025-05-19,13:55
2025-05-19 14:00:00,135.42999,135.55499,135.38,135.44,821501,54.53226,135.43419,135.41421,0.10913977,0.10578160,0.0033581745,90.37056,91.29645,31.99772,61.60440,0.49259046,135.78781,135.27830,134.76878,2025-05-19,14:00
2025-05-19 14:05:00,135.44009,135.50999,135.35001,135.36,731576,52.25011,135.41586,135.40336,0.098718951,0.10436907,-0.0056501191,87.40753,89.19771,33.34209,44.041794,0.46883317,135.79514,135.28505,134.77496,2025-05-19,14:05
2025-05-19 14:10:00,135.3656,135.38,135.22,135.30009,860457,50.54434,135.41865,135.38271,0.084650659,0.10042539,-0.015774729,85.18879,87.65563,34.74465,12.64143,0.44677392,135.79073,135.30155,134.81237,2025-05-19,14:10
2025-05-19 14:15:00,135.3,135.3187,135.029999,135.125,1258164,45.83445,135.37198,135.33117,0.058696153,0.092079541,-0.033383388,78.70379,83.76670,36.26411,-32.53804,0.43548266,135.77069,135.31405,134.85741,2025-05-19,14:15
2025-05-19 14:20:00,135.1201,135.2317,134.95,135.035004,1425987,43.58630,135.32907,135.27194,0.030513328,0.079766298,-0.049252970,75.37059,79.75439,37.76448,-67.45515,0.42449874,135.74749,135.32355,134.89961,2025-05-19,14:20
2025-05-19 14:25:00,135.039993,135.21001,135.029999,135.085007,1015767,45.19477,135.29279,135.23455,0.012073885,0.066227816,-0.054153931,77.22256,77.098981,39.15768,-68.19690,0.40703511,135.70301,135.33838,134.97375,2025-05-19,14:25
2025-05-19 14:30:00,135.085007,135.25,135.0,135.2056,902280,48.97331,135.27841,135.22876,0.0071091656,0.054404086,-0.047294920,81.68887,78.094006,40.26894,-62.15521,0.39581832,135.67461,135.35156,135.028510,2025-05-19,14:30
2025-05-19 14:35:00,135.205,135.33,135.19,135.30499,858643,51.91600,135.25341,135.24401,0.011067418,0.045736752,-0.034669334,85.68738,81.53294,40.92729,-19.45565,0.37754554,135.66339,135.36231,135.061229,2025-05-19,14:35
2025-05-19 14:40:00,135.30499,135.32001,135.089996,135.1312,2048826,46.83047,135.22077,135.22144,0.00017829149,0.036625060,-0.036446768,79.22651,82.20092,41.69565,-56.0063823,0.36700735,135.66271,135.34730,135.031900,2025-05-19,14:40
2025-05-19 14:45:00,135.1313,135.21001,135.050003,135.1599,888446,47.74090,135.18964,135.20913,-0.0060655062,0.028086947,-0.034152453,28.36464,64.42618,42.47263,-65.00078414,0.35222138,135.64913,135.33079,135.012462,2025-05-19,14:45
2025-05-19 14:50:00,135.155,135.35989,135.13,135.315,970940,52.47670,135.18464,135.23031,0.0014848477,0.022766527,-0.021281679,49.32470,52.30528,42.44075,-7.079498,0.34348334,135.61686,135.31804,135.019228,2025-05-19,14:50
2025-05-19 14:55:00,135.315,135.39,135.27,135.285,1088469,51.50454,135.18297,135.24125,0.0049903807,0.019211298,-0.014220917,45.27084,40.98673,42.26170,17.39469,0.32751990,135.60522,135.31072,135.016233,2025-05-19,14:55
2025-05-19 15:00:00,135.28999,135.47,135.19,135.2354,1401942,49.85965,135.19523,135.24008,0.0037228109,0.016113600,-0.012390789,45.63509,46.74355,42.095437,15.29413,0.32412553,135.57524,135.29624,135.017248,2025-05-19,15:00
2025-05-19 15:05:00,135.24001,135.38989,135.19,135.21001,776485,48.99710,135.21468,135.23406,0.00066181257,0.013023243,-0.012361430,42.97712,44.62769,41.94105,2.033172,0.31525158,135.57441,135.29300,135.011581,2025-05-19,15:05
2025-05-19 15:10:00,135.2003,135.25999,135.080002,135.1619,1030731,47.32641,135.22322,135.21963,-0.0055818590,0.0093022224,-0.014884081,37.83924,42.15049,42.067969,-40.15596,0.30559023,135.53549,135.27384,135.012187,2025-05-19,15:10
2025-05-19 15:15:00,135.16,135.2,135.020004,135.050003,1209634,43.60268,135.20593,135.18570,-0.019335927,0.0035745925,-0.022910520,19.23178,33.34938,42.32927,-110.073720,0.29661897,135.52502,135.25528,134.98554,2025-05-19,15:15
2025-05-19 15:20:00,135.044998,135.25999,135.029999,135.155,1228670,47.75663,135.18927,135.17956,-0.021515826,-0.0014434912,-0.020072335,39.42311,32.16471,42.18672,-65.89221,0.29186017,135.50558,135.24246,134.97933,2025-05-19,15:20
2025-05-19 15:25:00,135.14999,135.17,134.99001,135.12,1309593,46.52628,135.18802,135.16765,-0.025770845,-0.0063089619,-0.019461883,32.69169,30.44886,42.16464,-89.11216,0.28386963,135.49639,135.23170,134.96702,2025-05-19,15:25
2025-05-19 15:30:00,135.12,135.36,135.080002,135.28,1608827,52.54467,135.20137,135.19012,-0.016047039,-0.0082565774,-0.0077904617,60.41581,44.17687,40.95929,6.67397,0.28359314,135.44747,135.21920,134.99094,2025-05-19,15:30
2025-05-19 15:35:00,135.28,135.45,135.22,135.265,1369076,51.95434,135.19581,135.20510,-0.0094423330,-0.0084937285,-0.00094860449,57.29091,50.13280,39.33636,65.19905,0.27976476,135.42048,135.21120,135.0019273,2025-05-19,15:35
2025-05-19 15:40:00,135.27299,135.3,135.10001,135.15891,1203238,47.85867,135.18180,135.19586,-0.012623469,-0.0093196765,-0.0033037921,35.18772,50.96481,38.26603,-18.68083,0.27406706,135.37904,135.19715,135.015259,2025-05-19,15:40
2025-05-19 15:45:00,135.155,135.39999,135.089996,135.33501,1722074,54.29870,135.19287,135.22369,-0.00092395644,-0.0076405325,0.0067165760,71.87589,54.78484,36.71363,66.76606,0.27663352,135.37359,135.19590,135.018207,2025-05-19,15:45
2025-05-19 15:50:00,135.37,135.55,135.16,135.30499,2627649,53.095035,135.20342,135.23995,0.0058585752,-0.0049407110,0.010799286,56.24796,54.43719,34.50447,119.58425,0.28473108,135.37442,135.19614,135.017866,2025-05-19,15:50
2025-05-19 15:55:00,135.3,135.60001,135.17999,135.49001,4970249,59.11196,135.23988,135.28996,0.025864617,0.0012203547,0.024644263,81.96713,70.030327,32.21098,164.44742,0.29439411,135.43052,135.21440,134.99827,2025-05-19,15:55
