Date,Close_INTC,High_INTC,Low_INTC,Open_INTC,Volume_INTC,Period_INTC
1999-01-20,19.599653244018555,20.37052568173538,19.511047216694784,19.971798558778403,61501200,before_trump
1999-01-21,18.926258087158203,19.511058196592867,18.749045932784064,19.422452119405797,63926400,before_trump
1999-01-22,18.270565032958984,18.819922468479575,18.21740141016667,18.53638314692056,87440800,before_trump
1999-01-25,18.5186710357666,18.607277117277444,17.94273150594611,18.412343737953588,59519200,before_trump
1999-01-26,19.41358184814453,19.422442451452675,18.66043056695225,18.837642633115138,68130000,before_trump
1999-01-27,18.819923400878906,19.493329322944255,18.802202192403502,19.369280863616428,57336000,before_trump
1999-01-28,19.44902801513672,19.652821930557288,19.138906839496727,19.440167410118434,83802000,before_trump
1999-01-29,19.98066520690918,20.007247023148974,19.333841011740947,19.54649554165927,57248400,before_trump
1999-02-01,19.546491622924805,19.945218786583744,19.42244317200869,19.945218786583744,52246000,before_trump
1999-02-02,19.085742950439453,19.57307621983322,18.8199248034974,19.56421561493515,59669200,before_trump
1999-02-03,19.670448303222656,19.714771079931136,18.837180101103264,18.934690209861916,57020000,before_trump
1999-02-04,18.456010818481445,19.431112254616394,18.43828170146081,19.395654020575122,86413200,before_trump
1999-02-05,18.092557907104492,18.792857796698442,17.40112257307502,18.686483129924678,135059600,before_trump
1999-02-08,18.721939086914062,18.95241750370372,18.065962054512717,18.42054423418912,69630800,before_trump
1999-02-09,17.773433685302734,18.801722117968627,17.693652686216588,18.659889230704366,80440000,before_trump
1999-02-10,18.269845962524414,18.3850851655874,17.596139852310024,17.791160042108928,67522400,before_trump
1999-02-11,18.899229049682617,18.943551819498946,18.128012854878495,18.385084919813202,54106800,before_trump
1999-02-12,17.941856384277344,18.6155624540427,17.835481741682813,18.6155624540427,73194800,before_trump
1999-02-16,17.924123764038086,18.509184183635767,17.746832727796363,18.32302859558196,59492800,before_trump
1999-02-17,17.67592430114746,18.216662206047157,17.534091408059016,17.578414187149153,81443200,before_trump
1999-02-18,18.172338485717773,18.420546035766602,17.69365249633789,17.870943603515624,71698800,before_trump
1999-02-19,18.163480758666992,18.52692766501416,18.065970613061655,18.207803552123966,50430400,before_trump
1999-02-22,18.837177276611328,18.84604183062385,17.782295349121092,18.119148401596966,60588800,before_trump
1999-02-23,19.04107093811035,19.502027962682856,18.651030378856696,18.757405076834967,73702800,before_trump
1999-02-24,18.4914608001709,19.413374473813167,18.473731691062394,18.996740409763298,65650400,before_trump
1999-02-25,18.11915397644043,18.43827801907832,17.737978036622945,18.296445111239258,79470000,before_trump
1999-02-26,17.011083602905273,17.58727976454615,16.860386145245354,17.569550651880277,167201200,before_trump
1999-03-01,16.603315353393555,16.878116621922757,16.266462185519046,16.851522950774772,128595600,before_trump
1999-03-02,15.575027465820312,16.426024982450222,15.539569235960734,16.399431310055537,134460000,before_trump
1999-03-03,16.266460418701172,16.310783199133603,15.60161871221475,16.00938829219309,136544000,before_trump
1999-03-04,16.080307006835938,16.718555135001424,15.654808254725616,16.426024742925573,105008400,before_trump
1999-03-05,16.257600784301758,16.612183135104413,15.920747551039234,16.48807931232348,87876400,before_trump
1999-03-08,16.966754913330078,17.026590647742292,16.59444367698741,16.70081831594246,73882400,before_trump
1999-03-09,16.355113983154297,17.04654969626326,16.27533293933403,16.904716729471676,90112800,before_trump
1999-03-10,16.57672119140625,16.78947055429061,16.346242714948197,16.5855857481931,80239200,before_trump
1999-03-11,16.754005432128906,16.931296494902757,16.470339731690743,16.727411772712827,60116000,before_trump
1999-03-12,16.7717342376709,17.002212615144174,16.594443178076066,16.860379767468313,68498000,before_trump
1999-03-15,16.71855354309082,16.860386446955854,16.558991526242657,16.860386446955854,44557200,before_trump
1999-03-16,17.073135375976562,17.374530289155796,16.718553125177465,16.798334131607263,84968800,before_trump
1999-03-17,17.090866088867188,17.356802801868234,16.9667622894667,17.12632431726733,58679200,before_trump
1999-03-18,17.277019500732422,17.445446063335766,17.108592938129078,17.277019500732422,54057600,before_trump
1999-03-19,16.87811279296875,17.64046452626461,16.864815960411264,17.57841264099634,71022800,before_trump
1999-03-22,16.32850456237793,16.913564986437073,16.31077545861856,16.895835882677705,49174000,before_trump
1999-03-23,16.248735427856445,16.594453202917222,16.133496169502855,16.390568361214715,66840000,before_trump
1999-03-24,16.91356658935547,16.940160247514832,16.20440237177243,16.275318793530737,64180000,before_trump
1999-03-25,16.727415084838867,17.064268170808067,16.55898854185427,17.046539061020212,60403200,before_trump
1999-03-26,16.55012321472168,17.17950658282304,16.54125866024138,16.736278858807996,53682400,before_trump
1999-03-29,17.241565704345703,17.250430262548452,16.470349140706592,16.674233979369806,44410400,before_trump
1999-03-30,17.241565704345703,17.445450543008917,17.108597331304477,17.117461889507226,50729200,before_trump
1999-03-31,16.860380172729492,17.51635710899762,16.84265106634387,17.285878725984496,38569200,before_trump
1999-04-01,17.1440486907959,17.214965127986368,16.860382942034022,17.01108037106377,32888800,before_trump
1999-04-05,18.08369255065918,18.08369255065918,17.268153474845136,17.28588258518892,56909600,before_trump
1999-04-06,18.500322341918945,18.6066969792467,17.870939071063052,17.97731370839081,70669200,before_trump
1999-04-07,18.739675521850586,18.93469579691242,18.225531160323936,18.642165384319668,65404400,before_trump
1999-04-08,18.58896827697754,18.91695674919889,18.21665703823979,18.721936576526737,54526400,before_trump
1999-04-09,18.553516387939453,18.81945307768536,18.44714171204109,18.775130296061043,44679200,before_trump
1999-04-12,17.374530792236328,17.720248496775724,17.01994853117028,17.48090547055614,83342600,before_trump
1999-04-13,17.161779403686523,17.870943841855386,16.966759183190085,17.853214730901165,71036800,before_trump
1999-04-14,16.168943405151367,17.445438937137002,15.956194149820428,17.40998072791518,104478400,before_trump
1999-04-15,16.57672119140625,16.62990853212734,16.027118670621658,16.594450304979947,63876800,before_trump
1999-04-16,16.239870071411133,16.55899415578384,16.013823844980465,16.41716122939597,34904400,before_trump
1999-04-19,15.743453979492188,16.736284410631335,15.601621060758022,16.20441096537822,64349400,before_trump
1999-04-20,16.044843673706055,16.16894743692809,15.743448820166826,15.956198128547458,39453400,before_trump
1999-04-21,16.57672119140625,16.878116122159092,15.92074398917948,16.3285136013745,43047400,before_trump
1999-04-22,17.445449829101562,17.480908060461523,16.878118127342162,17.019951052782012,56996800,before_trump
1999-04-23,17.516359329223633,18.01277437094252,17.303610025629823,17.569546655122085,44717000,before_trump
1999-04-26,18.278715133666992,18.331902471592308,17.72911264177206,17.782299979697374,37821600,before_trump
1999-04-27,17.65818977355957,18.38508312769204,17.60500245496451,18.172333853311805,36775400,before_trump
1999-04-28,17.356801986694336,17.977320954553683,17.268156419857284,17.711384254042535,29094000,before_trump
1999-04-29,17.25042724609375,17.480905719063145,16.984490546513683,17.44544749245247,29336200,before_trump
1999-04-30,17.356801986694336,17.658196913940305,16.824928585672037,17.463176666898796,28045000,before_trump
1999-05-03,17.906396865844727,17.906396865844727,17.28587816257288,17.35679458580395,29665000,before_trump
1999-05-04,17.49863052368164,18.136878445518054,17.46317230580184,17.817754484599845,29221200,before_trump
1999-05-05,18.163442611694336,18.44724640250206,17.205604817718267,17.507146345451474,35256800,before_trump
1999-05-06,16.939537048339844,18.145703037122157,16.602520080885963,18.021538891218096,58030600,before_trump
1999-05-07,17.294288635253906,17.50714141845703,16.92179626464844,17.223337707519534,38797800,before_trump
1999-05-10,17.205615997314453,17.542633217880404,17.063714009707734,17.34751798492117,21220200,before_trump
1999-05-11,17.684528350830078,17.773217058707864,17.223347069865603,17.36524900247006,28584200,before_trump
1999-05-12,17.737733840942383,17.879635711669923,17.205601825714112,17.649045171737672,23681000,before_trump
1999-05-13,17.045963287353516,17.879636830023248,17.028225552403093,17.86189909507283,27664200,before_trump
1999-05-14,16.46061897277832,16.921800107791505,16.30097934911991,16.850849163943323,45267200,before_trump
1999-05-17,16.868589401245117,16.886327139837384,16.230030811923534,16.33645724347713,30004600,before_trump
1999-05-18,16.726688385009766,16.992754478090514,16.478360031467734,16.975016738551798,32767400,before_trump
1999-05-19,16.939537048339844,16.97501251859815,16.389667259336143,16.76215969704833,34605800,before_trump
1999-05-20,16.371932983398438,17.063704799598373,16.354195244521517,17.01049158296761,42619000,before_trump
1999-05-21,16.17681312561035,16.42514139727542,16.01717352239709,16.380797063049517,39350400,before_trump
1999-05-24,15.875280380249023,16.24777299252302,15.751116176157689,16.24777299252302,35671000,before_trump
1999-05-25,15.006124496459961,15.981699966087971,14.970649024837122,15.981699966087971,66201200,before_trump
1999-05-26,14.66910457611084,15.254449740574755,14.473989521289534,15.254449740574755,73240000,before_trump
1999-05-27,15.07707405090332,15.431828734453989,14.686843898997589,14.828745772417856,55010800,before_trump
1999-05-28,15.34314250946045,15.378617983470765,14.899699084331536,15.218978350424354,34955400,before_trump
1999-06-01,14.385308265686035,15.289933076475169,14.225668593193834,15.272195335087146,57058600,before_trump
1999-06-02,14.740058898925781,14.859788619223915,14.296615490414176,14.615894744542532,57670600,before_trump
1999-06-03,14.332088470458984,14.935171401146615,14.27887527069243,14.899695934635579,49020400,before_trump
1999-06-04,15.094813346862793,15.130288818888321,14.580419002492615,14.633632210530909,50203800,before_trump
1999-06-07,15.165760040283203,15.46730146798474,15.077071385076867,15.307661888613337,37754200,before_trump
1999-06-08,14.66910457611084,15.289925205087718,14.615891379341392,15.112547882522895,32770200,before_trump
1999-06-09,15.07707405090332,15.236713658501122,14.757794835707722,14.935172177483055,44114800,before_trump
1999-06-10,15.715642929077148,15.733380675046762,15.148035058049532,15.183510549988759,61884400,before_trump
1999-06-11,15.449572563171387,16.088131245460904,15.39635933964726,15.928491574888525,45783200,before_trump
1999-06-14,15.431829452514648,15.751108682566676,15.325403042497307,15.555993597534881,24989400,before_trump
1999-06-15,15.804332733154297,15.928496963381098,15.52052877835018,15.538266525525437,27586800,before_trump
1999-06-16,16.939537048339844,16.957274783468996,16.24776537830293,16.318716318819536,61416000,before_trump
1999-06-17,16.46061897277832,16.575914256531618,16.1413397254615,16.24776614123377,46763200,before_trump
1999-06-18,15.591468811035156,15.928485770545587,15.431829198635478,15.857534831701285,80073000,before_trump
1999-06-21,16.123605728149414,16.194556688449303,15.733375446500034,15.822064146874894,31147400,before_trump
1999-06-22,15.804332733154297,16.212300918185218,15.626955261401724,15.822070480329554,32863600,before_trump
1999-06-23,16.05264663696289,16.176810754596858,15.751105208423256,15.857531594966657,22939200,before_trump
1999-06-24,15.626941680908203,16.017171779636897,15.609203949147808,15.999434047876504,26697400,before_trump
1999-06-25,15.697901725769043,15.981705598777296,15.573737531327932,15.75111495195809,23760600,before_trump
1999-06-28,16.17681312561035,16.17681312561035,15.697894315970572,15.76884525073202,23692000,before_trump
1999-06-29,16.815364837646484,16.815364837646484,16.088118046144896,16.176806679254845,43264600,before_trump
1999-06-30,16.886323928833008,16.992750340149183,16.052650373522976,16.797635252736196,38437200,before_trump
1999-07-01,17.844160079956055,17.9328487483455,16.815371526638508,16.95727339606162,61648600,before_trump
1999-07-02,18.021543502807617,18.16344542015256,17.808690626790206,17.826428366458323,37455600,before_trump
1999-07-06,18.12796401977539,18.660096036011456,18.07475081815178,18.41176776176796,57441400,before_trump
1999-07-07,18.269866943359375,18.394031087634634,17.98606318501593,18.21665373866998,34634200,before_trump
1999-07-08,18.660097122192383,18.695572592006435,18.057014135353466,18.110227340074545,37003000,before_trump
1999-07-09,18.802001953125,18.83304299408535,18.26986982237618,18.624624576208728,35534000,before_trump
1999-07-12,18.5714111328125,18.926165882245403,18.447246970510985,18.837477194887178,41699000,before_trump
1999-07-13,18.553668975830078,18.76652177478798,18.3053407103792,18.411767109858147,46768600,before_trump
1999-07-14,19.298654556274414,19.316392290241577,18.62018623203039,18.979375344865463,89826200,before_trump
1999-07-15,19.209964752197266,19.493768478914863,19.085800621758317,19.440555280155312,47663000,before_trump
1999-07-16,19.050331115722656,19.334134931226906,19.014855638784628,19.298659454288874,32286600,before_trump
1999-07-19,19.174497604370117,19.298661788672234,19.01485793883882,19.050333420067997,33173000,before_trump
1999-07-20,18.42951011657715,19.06806869616981,18.340821424967054,19.06806869616981,42724000,before_trump
1999-07-21,18.606884002685547,18.731048147603374,18.323080242873374,18.500457592755982,28579200,before_trump
1999-07-22,18.127960205078125,18.589141188768956,18.092484744794213,18.482714807917226,29924600,before_trump
1999-07-23,18.216655731201172,18.447246310077137,17.915114204978757,18.252131204874395,27393200,before_trump
1999-07-26,17.844165802001953,18.500462158536816,17.808690323270337,17.844165802001953,35694200,before_trump
1999-07-27,19.174497604370117,19.33413726990141,18.32308605486987,18.340823795484457,77952200,before_trump
1999-07-28,19.954954147338867,20.096856043497723,19.01485408528646,19.139018244425458,83384400,before_trump
1999-07-29,19.724365234375,20.154505393487945,19.369610463972574,19.529250110653667,72512000,before_trump
1999-07-30,19.582468032836914,20.362928715305053,19.582468032836914,19.901747402937517,58118000,before_trump
1999-08-02,20.2387638092041,20.806371558454348,19.724369286446066,19.830795739430485,77483200,before_trump
1999-08-03,20.699939727783203,20.877317103342612,20.0081679631015,20.52256235222379,75450600,before_trump
1999-08-04,20.672971725463867,21.098852688048527,20.619736605140783,20.708461805679253,53272800,before_trump
1999-08-05,20.282569885253906,20.5842354041072,19.73247393910966,20.424530129420162,59293200,before_trump
1999-08-06,20.31806182861328,20.814922729225657,20.01639628181291,20.08737641047182,42893200,before_trump
1999-08-09,20.850419998168945,21.13434061090997,20.051893274834814,20.406794040761095,54494600,before_trump
1999-08-10,20.371295928955078,21.134332274726045,20.31806083506408,20.708451523598065,67205200,before_trump
1999-08-11,21.57796287536621,21.6489430164036,20.88590650025167,20.992376711807754,80989400,before_trump
1999-08-12,21.56021499633789,21.79090042428225,21.31178453547474,21.41825473298752,48030000,before_trump
1999-08-13,22.642669677734375,22.66041471666677,21.84414292577666,21.84414292577666,46873400,before_trump
1999-08-16,22.305503845214844,22.55393427785845,22.039328381668128,22.500699185149106,35343600,before_trump
1999-08-17,22.429719924926758,22.57168017761617,22.00383916685853,22.518445082857642,32726200,before_trump
1999-08-18,22.287755966186523,22.660401567532,22.16354076573803,22.270010937551024,32524600,before_trump
1999-08-19,21.950605392456055,22.234525914913043,21.808645131227557,22.00384049041674,32120600,before_trump
1999-08-20,22.69590187072754,22.73139194402031,21.8618851483474,22.12806069804319,35718000,before_trump
1999-08-23,23.54767417907715,23.56541922367329,22.695912038462453,22.855617439827707,49839000,before_trump
1999-08-24,23.60090446472168,23.99129536564189,23.35247389140882,23.370218932359737,61735000,before_trump
1999-08-25,23.7606143951416,23.95580988307779,23.104047753901693,23.49443872977407,48070800,before_trump
1999-08-26,23.015302658081055,23.81382896464516,22.96206757097678,23.68961376140186,43461800,before_trump
1999-08-27,23.56540870666504,23.707369000078682,23.22825300980763,23.38795833989798,40881200,before_trump
1999-08-30,23.352474212646484,23.88482544849709,23.03306347113612,23.583159748181746,34043600,before_trump
1999-08-31,23.334720611572266,23.70736633997,22.80236957100408,23.37021068094348,43185000,before_trump
1999-09-01,23.689613342285156,24.1687291177471,23.618633227401904,23.760593457168405,53947000,before_trump
1999-09-02,24.221967697143555,24.417163041223098,23.281481039305746,23.35246116442558,50979600,before_trump
1999-09-03,25.357656478881836,25.410891586955067,24.701090145978668,24.718835182003076,48828400,before_trump
1999-09-07,24.8785400390625,25.370964779493303,24.772069824915302,25.268930824268903,39605600,before_trump
1999-09-08,24.399431228637695,25.16246798706055,24.29296098327637,24.70109692382813,44545800,before_trump
1999-09-09,24.91402816772461,24.931773202032105,24.275206932654747,24.5058923786522,39662000,before_trump
1999-09-10,24.80755615234375,24.949516416448724,24.381675360028837,24.931771383435603,32576600,before_trump
1999-09-13,23.955793380737305,24.87853505169904,23.867068220067907,24.576869505423087,36046600,before_trump
1999-09-14,24.363929748535156,24.381674781126954,23.867068835964886,23.955793998923863,36912800,before_trump
1999-09-15,23.56540870666504,24.59462083391396,23.494428559958216,24.59462083391396,46949000,before_trump
1999-09-16,23.45894432067871,23.689629854845748,22.820122841446913,23.387964156319622,56585200,before_trump
1999-09-17,24.02678871154785,24.09776888499408,23.334732020447138,23.44120228061648,51575200,before_trump
1999-09-20,23.86707305908203,24.31069895237352,23.725112773228755,24.044523416398626,20707200,before_trump
1999-09-21,23.281482696533203,23.778343607739703,23.263737663990113,23.778343607739703,38608600,before_trump
1999-09-22,23.512176513671875,23.760607057967274,23.104040619472286,23.37021620264593,42055400,before_trump
1999-09-23,22.00384521484375,23.618643533029864,21.719924631426412,23.60089849656628,73686000,before_trump
1999-09-24,21.48480796813965,21.61345951285905,20.619737236405758,21.347283903094773,124564000,before_trump
1999-09-27,22.199039459228516,22.642665347702305,21.5069830732094,21.773158606293674,71235400,before_trump
1999-09-28,22.00384521484375,22.216785652406756,21.36502390215474,22.14580550655242,50034400,before_trump
1999-09-29,21.347278594970703,22.12806018946672,21.25855341377797,22.0038449357969,46331800,before_trump
1999-09-30,21.098857879638672,21.648954258334044,20.832682212528006,21.34728850227529,46111600,before_trump
1999-10-01,21.27629852294922,21.436003849643583,20.885907724362994,21.081103123656106,37753600,before_trump
1999-10-04,21.861879348754883,21.950604508449505,20.903647624052965,21.063352911503284,41334800,before_trump
1999-10-05,21.631200790405273,22.19904199245037,21.294045076691003,22.039336654375187,39542200,before_trump
1999-10-06,21.844133377075195,22.163543938234703,21.613447971793327,21.826388345899666,36667600,before_trump
1999-10-07,21.471494674682617,22.092570966925503,21.20531912086424,21.8086503761859,35291000,before_trump
1999-10-08,21.489238739013672,21.808649389139394,21.240808233360337,21.54247384736796,36361800,before_trump
1999-10-11,21.719924926757812,22.057080624150295,21.59570966982374,21.631199743233473,24459000,before_trump
1999-10-12,21.773157119750977,22.660408836122247,21.506981604839595,22.23452801226404,88521800,before_trump
1999-10-13,20.477773666381836,21.014561061016195,20.26483321231201,20.619733969095055,120722000,before_trump
1999-10-14,20.82380485534668,20.868167456231525,20.016405519242483,20.553192989949117,51861200,before_trump
1999-10-15,20.122873306274414,20.81492979564364,20.10512826808546,20.477774070053503,48653200,before_trump
1999-10-18,19.69698715209961,20.15835802232897,19.040420913696288,20.034142788036448,58185800,before_trump
1999-10-19,18.490320205688477,19.803452350814144,18.454830147712105,19.767962292837776,84401400,before_trump
1999-10-20,19.856691360473633,19.87443639296735,19.040419865762473,19.164635093218518,65099000,before_trump
1999-10-21,20.353561401367188,20.513266765458127,19.27111393363973,19.430819297730665,53021200,before_trump
1999-10-22,20.850418090820312,21.11659364091589,20.566497504051696,20.690712760762967,61746200,before_trump
1999-10-25,20.229339599609375,20.76169064170436,20.105124356453878,20.72620057223136,35013800,before_trump
1999-10-26,20.28257942199707,21.18757640408093,20.229344305403902,21.081106170894593,56708600,before_trump
1999-10-27,19.714736938476562,20.087382731193042,19.28885603251487,20.069637693444637,72186600,before_trump
1999-10-28,20.495519638061523,20.5132646767092,19.90993336268834,20.193853981051095,73409000,before_trump
1999-10-29,21.98609733581543,22.163547677508856,21.489236379073837,21.560216515751208,84593000,before_trump
1999-11-01,21.577957153320312,22.234523283807853,21.560212122766593,22.039327947716963,45868200,before_trump
1999-11-02,22.003843307495117,22.19903869167451,21.73766778361413,21.87962806301732,40676400,before_trump
1999-11-03,22.651439666748047,22.91771834621609,22.083378483882893,22.260897603528257,50480200,before_trump
1999-11-04,23.166236877441406,23.219492594401043,22.775694953070747,22.846702575683594,43687000,before_trump
1999-11-05,23.39700698852539,23.823052639302787,23.237239869483865,23.397006988525387,39674400,before_trump
1999-11-08,23.326013565063477,23.610044171639593,22.935471481021317,23.166246348864412,26942400,before_trump
1999-11-09,22.74018096923828,23.361497389162825,22.54491009440485,23.361497389162825,33702800,before_trump
1999-11-10,22.438411712646484,23.148488032666943,22.225388816640347,22.438411712646484,34175200,before_trump
1999-11-11,22.562671661376953,22.846702146492635,22.189881649662624,22.669183093295334,32186200,before_trump
1999-11-12,21.639570236206055,22.54491730925487,21.160268844591975,22.473909695682416,87515200,before_trump
1999-11-15,21.0360050201416,21.652883648369382,21.018253117171017,21.639569721141445,39333800,before_trump
1999-11-16,21.74608039855957,21.87034371512277,20.911740987349532,21.160267620475928,55737400,before_trump
1999-11-17,21.23128318786621,22.367405365143334,21.16027555178639,21.88810382160455,47086400,before_trump
1999-11-18,22.2963924407959,22.2963924407959,21.484242795758945,21.497556724366106,37706400,before_trump
1999-11-19,22.686946868896484,22.82896218575969,22.083381772227877,22.154389430659478,46497200,before_trump
1999-11-22,22.864456176757812,23.112982874331266,22.402906595549968,22.970967618575006,36870800,before_trump
1999-11-23,22.438411712646484,23.148488032666943,22.1543811846383,22.908837274660037,41043600,before_trump
1999-11-24,23.343748092651367,23.361499992341596,22.47390500783014,22.70467970380312,33626800,before_trump
1999-11-26,22.793441772460938,23.361502626603265,22.77568987076899,23.290495019835475,14182200,before_trump
1999-11-29,22.420654296875,22.81119617694725,22.225383356838876,22.7934442733076,32651200,before_trump
1999-11-30,21.781583786010742,22.633675083262997,21.746079981958566,22.278637042741224,34865800,before_trump
1999-12-01,21.67507553100586,22.030113623241824,21.30228553415809,21.604067912558666,45556600,before_trump
1999-12-02,22.030126571655273,22.18989380706615,21.444313375148727,21.479817205240032,31118400,before_trump
1999-12-03,22.349653244018555,22.722443329899722,22.2963975174641,22.438412788275976,36542200,before_trump
1999-12-06,22.118877410888672,22.544923203714777,21.92360642251004,22.385156031404986,28640000,before_trump
1999-12-07,21.92360496520996,22.278643102298382,21.67507826924807,22.225387381735118,33654200,before_trump
1999-12-08,21.160274505615234,22.012366096445376,21.018259240476876,21.71058365802637,52680200,before_trump
1999-12-09,20.805225372314453,21.479797526024306,20.48569119424136,21.479797526024306,53826600,before_trump
1999-12-10,20.521211624145508,21.018265192896436,20.34369249244875,20.87624988753903,56234800,before_trump
1999-12-13,21.0360050201416,21.35553927361211,20.04189845378892,20.23716938646534,47804800,before_trump
1999-12-14,20.574466705322266,21.302295121990266,20.556714792720605,21.195783646380313,41743400,before_trump
1999-12-15,22.420654296875,22.504975839163325,20.485696800153406,20.507886679702963,82046800,before_trump
1999-12-16,22.793441772460938,23.041968396148206,22.54491514877367,22.651426558925355,50160200,before_trump
1999-12-17,23.308258056640625,23.574536709229818,22.864460302325305,23.112987044741885,69469600,before_trump
1999-12-20,23.024213790893555,23.627778377547664,22.473904903061865,23.539018879510294,36251400,before_trump
1999-12-21,23.539024353027344,23.64553577543923,22.722436781202866,22.8822039148207,34670400,before_trump
1999-12-22,23.432519912719727,23.752054275165904,23.1839931863727,23.592287093942815,24926600,before_trump
1999-12-23,23.610036849975586,23.84081164625354,23.43251777591562,23.681044479599574,21641600,before_trump
1999-12-27,24.160350799560547,24.178102710508057,23.468026272607673,23.6988011149253,28611000,before_trump
1999-12-28,23.574527740478516,24.28460387723992,23.539023933640447,23.982821519116325,23457400,before_trump
1999-12-29,23.823062896728516,24.10709345287431,23.414768972268938,23.468024701546273,16024200,before_trump
1999-12-30,23.769813537597656,24.249115229543243,23.50353481985011,23.94733268276269,14885400,before_trump
1999-12-31,23.379253387451172,23.82305090809375,23.272741982496953,23.805299007268047,11572000,before_trump
2000-01-03,24.710643768310547,24.81715516386361,23.64552981277992,23.649967787594633,57710200,before_trump
2000-01-04,23.556777954101562,24.95917845023873,23.361506998943224,24.266854154677343,51019600,before_trump
2000-01-05,23.752058029174805,24.39112685507188,22.86446243765108,23.574538910870057,52389000,before_trump
2000-01-06,22.367403030395508,23.68104416075207,22.207635865892684,23.219494574410575,55171200,before_trump
2000-01-07,23.29050636291504,23.29050636291504,21.97686499793355,22.012368818608728,41096400,before_trump
2000-01-10,24.355615615844727,24.781661370057755,23.894066048780612,24.355615615844727,53619800,before_trump
2000-01-11,25.473974227905273,26.2373058598216,25.074556513530453,25.154440056405416,105481800,before_trump
2000-01-12,25.917768478393555,26.91187466660591,25.349707799415068,25.81125710108509,97326600,before_trump
2000-01-13,25.86453628540039,26.414845568068486,25.367482739764696,26.326086006347825,76104200,before_trump
2000-01-14,29.27288818359375,30.284746659315307,27.90599164621551,27.976999258546847,184405200,before_trump
2000-01-18,29.006616592407227,30.03622721808631,28.474059372228393,28.487373302732866,102100600,before_trump
2000-01-19,28.420795440673828,29.006608213654616,28.367539734039212,28.687073973846914,45568000,before_trump
2000-01-20,27.160404205322266,28.633811753715563,27.107148510802023,28.33202948476754,70002000,before_trump
2000-01-21,27.817235946655273,27.905995474245113,27.16041544249047,27.26692687559828,55558200,before_trump
2000-01-24,28.06575584411621,29.787690263394687,27.905988733049135,29.037672436440918,74832600,before_trump
2000-01-25,28.846839904785156,28.91784751070463,27.67521440711388,28.225523352989782,51382600,before_trump
2000-01-26,27.4089412689209,28.740334141439725,27.373437458987063,28.6160708066713,49306200,before_trump
2000-01-27,27.870492935180664,28.72258443893141,27.124912869398763,28.225531061743474,61482000,before_trump
2000-01-28,26.698875427246094,28.04802072809098,26.43259674944776,27.621974843613646,53922800,before_trump
2000-01-31,28.10127067565918,28.13677449205294,26.379335580561936,26.59235847892448,68453200,before_trump
2000-02-01,28.811357498168945,28.829109412832018,27.444460069112253,27.941513679678323,48051400,before_trump
2000-02-02,28.420795440673828,29.237382942404622,28.314284027404597,28.687073973846914,52080600,before_trump
2000-02-03,29.601306915283203,29.725607544201612,28.624659116638586,28.89101760717803,56126000,before_trump
2000-02-04,29.761119842529297,30.75552480146822,29.619061991252305,29.654576454071552,55953800,before_trump
2000-02-07,30.666728973388672,30.720000650817834,29.583538198995672,29.81438213452205,42810000,before_trump
2000-02-08,30.915342330932617,31.27048698723282,30.684498304337488,30.915342330932617,38026000,before_trump
2000-02-09,29.72559928894043,30.933090777380066,29.69008483339809,30.720004044126014,38615200,before_trump
2000-02-10,30.577938079833984,30.719995864177,29.317175243789727,29.654562481604387,43539200,before_trump
2000-02-11,30.08075714111328,30.89758997965591,29.903184784908362,30.4714163247641,37756000,before_trump
2000-02-14,31.217220306396484,31.234977542065653,30.014167589810388,30.20505787325394,34374200,before_trump
2000-02-15,31.82096290588379,32.069564178586006,29.903181659323828,31.234974191657134,62771400,before_trump
2000-02-16,30.453657150268555,32.06956548885423,30.400385446798698,31.64339186109537,46050000,before_trump
2000-02-17,31.25272560119629,31.927500358494846,30.648979765718636,30.933095453002238,48669600,before_trump
2000-02-18,29.938688278198242,31.394781065156877,29.88541659087049,31.252723232282865,50370000,before_trump
2000-02-22,30.32935905456543,30.347116290545852,28.855508468190177,29.796641975152685,45793600,before_trump
2000-02-23,30.986370086669922,31.57235874733474,29.636820443926705,29.920936158188432,40842000,before_trump
2000-02-24,32.460208892822266,33.09946902419075,31.32374643705606,31.9452493425532,85347800,before_trump
2000-02-25,32.17609786987305,32.779843635643296,32.051797271038,32.35367015392312,46299000,before_trump
2000-02-28,31.927486419677734,32.548989214276574,30.755509721291343,31.714399747243842,47422200,before_trump
2000-02-29,32.10508346557617,32.85088739563933,31.625638081964137,32.158355174866394,44414200,before_trump
2000-03-01,32.921913146972656,33.206028902286334,31.963022472788985,32.069565881031615,40813000,before_trump
2000-03-02,32.886383056640625,33.25928480836279,32.42469517355604,32.77983969900572,36469800,before_trump
2000-03-03,33.88079833984375,34.02285619451815,32.85087889345437,33.24153799380896,34285000,before_trump
2000-03-06,33.34807586669922,33.77424936020336,33.15274634884315,33.525648155659276,28032000,before_trump
2000-03-07,32.886383056640625,34.09387444316955,32.72656802018827,33.4723715236326,39924200,before_trump
2000-03-08,32.655540466308594,33.08171391448228,31.891979704997407,32.99292777944609,46391200,before_trump
2000-03-09,33.6321907043457,33.66770516126687,31.820953401366157,32.30039856980192,38375800,before_trump
2000-03-10,34.14714813232422,34.271448723549526,33.34807290301866,33.49013072156187,43497600,before_trump
2000-03-13,34.69763946533203,35.65653021821224,33.738748712451816,33.756505948616265,67439200,before_trump
2000-03-14,33.49012756347656,35.69202354325975,33.47237033783315,35.301364579104664,56785000,before_trump
2000-03-15,34.14714813232422,34.98173781626558,33.72097467669459,33.827518040601994,48895600,before_trump
2000-03-16,35.532230377197266,35.62101656004884,33.98735079557999,35.01727051665817,54972800,before_trump
2000-03-17,36.899532318115234,36.93504678617887,35.230352319124464,35.319138489283546,60851000,before_trump
2000-03-20,38.35563278198242,39.03040780314693,36.91729655265808,36.91729655265808,65163600,before_trump
2000-03-21,39.3322639465332,39.45656455494211,38.10701509221682,38.35561630903464,51231000,before_trump
2000-03-22,40.930397033691406,41.30329869864044,39.63411981744001,39.882720927406034,53693200,before_trump
2000-03-23,40.52198791503906,40.823860743503424,39.61636942964599,40.450959014223926,45593800,before_trump
2000-03-24,39.50983428955078,41.05471320334445,39.10141802498464,39.81170718075184,46898000,before_trump
2000-03-27,40.53977966308594,40.84165274861921,39.509859724207715,39.6696748871371,35766200,before_trump
2000-03-28,38.55094528198242,40.50424052888158,38.391130216327035,39.95376641384636,44857800,before_trump
2000-03-29,37.4677734375,39.11919662692536,37.36123000592417,38.7818090936019,61325400,before_trump
2000-03-30,36.08268737792969,37.8939246380423,34.96398201138954,36.86400541170375,71646800,before_trump
2000-03-31,37.485530853271484,38.32012107122684,36.437853771157314,36.82851302211514,58442200,before_trump
2000-04-03,37.11260223388672,37.78737681995738,35.727538609846924,37.325688945277456,50071600,before_trump
2000-04-04,37.716373443603516,38.071518202959474,33.80978109068789,37.36122868424755,87341800,before_trump
2000-04-05,36.899532318115234,38.07150976421514,36.295786361033464,36.899532318115234,62101800,before_trump
2000-04-06,36.881778717041016,37.396738554688675,36.082703106898094,36.72196359501243,55134000,before_trump
2000-04-07,38.870574951171875,38.923846639090335,37.307938772230294,37.32569600153645,51357200,before_trump
2000-04-10,37.25466537475586,39.509833393151474,37.183636460790645,39.065902680868874,44849000,before_trump
2000-04-11,37.14814376831055,38.14254914642976,36.22032803604753,36.93505690157071,53071200,before_trump
2000-04-12,34.626583099365234,37.46773863572341,34.591068655160754,36.91726475055401,60169600,before_trump
2000-04-13,34.413516998291016,36.72195725101436,34.306973602011475,35.05277737596825,69414600,before_trump
2000-04-14,31.394784927368164,34.30697085954485,30.791039063380317,33.86304007720084,92800400,before_trump
2000-04-17,34.94623947143555,35.01726841345066,31.128433838123225,31.252734486649672,88873400,before_trump
2000-04-18,36.65092849731445,37.21915994688522,35.58549452936927,35.97615365094917,98558000,before_trump
2000-04-19,33.82752227783203,35.72754583884412,33.79200781874769,35.68759207237424,87377800,before_trump
2000-04-20,32.779850006103516,33.916312844885006,32.67330661496775,33.50789651219791,45799000,before_trump
2000-04-24,32.99293899536133,33.09948239362407,31.359273555332674,31.53684588577057,58320200,before_trump
2000-04-25,35.51447296142578,35.585501907348636,33.95183615112305,34.01842578792572,51342400,before_trump
2000-04-26,34.3247184753418,35.51445263873957,34.271446796383685,35.30136592290713,47572000,before_trump
2000-04-27,35.60324478149414,35.95838936784321,33.24153328227283,33.401348346129915,61088400,before_trump
2000-04-28,36.029415130615234,36.66867533007416,35.76305671417402,36.36680245810744,44336400,before_trump
2000-05-01,36.118202209472656,37.21915035941725,35.86960101432388,36.34904617639652,42389800,before_trump
2000-05-02,34.431278228759766,36.26027341058661,34.34249205488467,35.76307083688611,43871400,before_trump
2000-05-03,33.835906982421875,34.279947756469404,32.93006380336491,34.1378547087742,58988600,before_trump
2000-05-04,33.97800064086914,34.279948372648946,33.26753538962253,33.74709943421399,40984800,before_trump
2000-05-05,35.061458587646484,35.20355163156805,33.81814445333278,33.81814445333278,34217400,before_trump
2000-05-08,33.42738723754883,34.86607924936682,33.391863977997765,34.7417478409381,40937800,before_trump
2000-05-09,33.23200225830078,33.88918242054403,32.68139185209697,33.64051965645199,43054000,before_trump
2000-05-10,30.141489028930664,33.10768152617959,29.875064553129864,32.53930931113788,97225600,before_trump
2000-05-11,32.841251373291016,32.9655827738389,30.230291961785454,30.443431505581827,70267600,before_trump
2000-05-12,32.68137741088867,33.96021391827127,32.610330938256304,33.14317948299905,38429400,before_trump
2000-05-15,33.56947326660156,33.60499651873553,32.04197342484086,32.55706058078342,41105400,before_trump
2000-05-16,34.63518142700195,34.91936753101838,33.7293382204496,34.03128595596705,44468400,before_trump
2000-05-17,35.0081787109375,35.64759750017837,34.20890522438642,34.77727748148941,65543200,before_trump
2000-05-18,35.22130584716797,35.94953254395762,34.990404699405396,35.203544220417,50141400,before_trump
2000-05-19,33.49843978881836,35.132510022419254,33.05439896447029,34.635184299149415,71968000,before_trump
2000-05-22,33.6405143737793,33.693799243431535,31.651212573429095,33.391851648735525,59249600,before_trump
2000-05-23,31.22493553161621,34.066795420728035,31.20717390730926,33.46290019429178,50385800,before_trump
2000-05-24,33.3563346862793,33.5827954249641,31.11836973927653,31.15389299240356,75482200,before_trump
2000-05-25,32.73468017578125,34.74174412578846,32.272877851000835,33.72933133684677,50488800,before_trump
2000-05-26,33.40962219238281,34.06680242689539,32.50377916643304,32.68139544603103,30851000,before_trump
2000-05-30,35.736392974853516,35.771916228307646,33.8536605417847,33.88918379523882,41768000,before_trump
2000-05-31,35.434444427490234,36.35804899402131,35.38115954865191,35.87848508447633,54089600,before_trump
2000-06-01,36.855369567871094,36.94417768731174,35.842957006247644,35.86071863013577,45978400,before_trump
2000-06-02,38.13421630859375,38.240786079367645,37.51255931241266,37.74346048242278,42657400,before_trump
2000-06-05,37.67240524291992,38.36510859250685,37.2816495072555,37.6901668672683,39176000,before_trump
2000-06-06,36.81986618041992,38.38288992565724,36.80210454695131,37.31719191754089,47425200,before_trump
2000-06-07,36.64223098754883,36.766562357841046,35.718626522520935,36.73103910918613,39753400,before_trump
2000-06-08,35.860713958740234,37.370451792565355,35.807429094016996,36.83760314533296,34394000,before_trump
2000-06-09,36.10939025878906,36.37581468273488,35.66534955221271,36.358053054471824,27519200,before_trump
2000-06-12,35.54100799560547,36.37580428535732,35.416676633301996,36.32251941579869,25947000,before_trump
2000-06-13,37.37047576904297,37.47260515862091,35.274603078573826,35.38117287639429,39126600,before_trump
2000-06-14,35.9317626953125,37.31716926487967,35.80743133650519,37.192837906072356,37008800,before_trump
2000-06-15,36.446868896484375,36.961956224943464,35.94954320004112,36.01614932010049,33411000,before_trump
2000-06-16,35.8252067565918,36.85538126917599,35.771921868009855,36.731049862484795,44086200,before_trump
2000-06-19,38.7913932800293,38.84467816090846,36.48238177526565,36.50014340222537,61221200,before_trump
2000-06-20,39.30647659301758,39.85708697457363,38.631534834981125,38.631534834981125,58579400,before_trump
2000-06-21,39.50185012817383,39.57289662121011,38.64929221173843,38.75586195129285,32891400,before_trump
2000-06-22,38.09868621826172,39.32423836234567,38.08092459298514,39.21766861068619,29696200,before_trump
2000-06-23,38.1875114440918,39.07559310558231,38.11646491117256,38.43617430930914,30321600,before_trump
2000-06-26,38.13421630859375,38.991214881900525,37.69017559703583,38.59601864861398,29904800,before_trump
2000-06-27,37.33494186401367,38.79139535252419,37.29941860819634,38.06316860826893,33370400,before_trump
2000-06-28,37.6191291809082,38.56049549185633,37.22837335372218,37.494797781349014,30631800,before_trump
2000-06-29,37.441497802734375,38.18748589937329,37.08626537576346,37.24611996790037,47136200,before_trump
2000-06-30,37.992122650146484,38.116454047318534,36.83761681926311,37.19284938261184,41431200,before_trump
2000-07-03,38.89797592163086,38.89797592163086,38.00101346316403,38.11646407663006,15083800,before_trump
2000-07-05,37.405982971191406,38.22301773694392,37.33493646982162,37.832261979410106,42005200,before_trump
2000-07-06,38.826927185058594,38.88021208055501,37.10404889734099,37.37047337482309,44906200,before_trump
2000-07-07,39.59066390991211,39.750518542119025,38.684820994072936,39.14662326489291,37286800,before_trump
2000-07-10,39.16438674926758,39.78604368179563,38.933485602900014,39.14662512262392,31349400,before_trump
2000-07-11,39.44857406616211,40.14127752792723,38.96901013109395,39.28871942113939,42782000,before_trump
2000-07-12,40.12350845336914,40.42545606014527,39.43080512017684,39.85708409444903,29824200,before_trump
2000-07-13,40.691898345947266,41.20698566678204,39.85710165355987,39.89262491706572,45176000,before_trump
2000-07-14,41.68653869628906,41.793108458614476,40.65636432714345,40.92278873295697,37471800,before_trump
2000-07-17,41.579986572265625,41.91745762945189,41.02937590001435,41.668794745209375,46580000,before_trump
2000-07-18,40.638607025146484,41.15813467177478,40.19456630153256,41.15369426453864,50683600,before_trump
2000-07-19,39.25320053100586,41.52668906854828,39.21767727260676,41.18921811375682,72188400,before_trump
2000-07-20,40.54979705810547,40.70965171142257,39.18215169083691,39.484099369324774,60488400,before_trump
2000-07-21,39.27095413208008,40.4254597940363,39.235430880942964,40.389936542899186,32086600,before_trump
2000-07-24,39.217689514160156,40.35443413775901,39.11111970569777,39.270974418391354,39835400,before_trump
2000-07-25,40.034690856933594,40.336638392234335,39.12884825103137,39.42635538140122,29623200,before_trump
2000-07-26,39.50186538696289,39.82157472912356,38.80916181228144,39.50186538696289,46639800,before_trump
2000-07-27,38.93347930908203,39.892606992791166,38.649293328723765,39.35975827961942,39223800,before_trump
2000-07-28,36.69552993774414,39.608437444902926,36.588960150896874,39.217681559796254,55433800,before_trump
2000-07-31,37.938838958740234,38.40064130561628,36.66000169046809,37.19285055224815,30470700,before_trump
2000-08-01,36.7310676574707,38.294091813107755,36.51792799988384,38.11647543178537,25001100,before_trump
2000-08-02,35.985069274902344,37.58361628119119,35.9140227412895,37.08629054590133,33226800,before_trump
2000-08-03,36.99138641357422,37.16905877867303,34.36183541011169,35.14359381654649,34941100,before_trump
2000-08-04,35.570011138916016,37.666545261988986,34.93039055899545,37.64877802365786,34939700,before_trump
2000-08-07,35.78322982788086,36.600523061288264,34.75272966401934,35.605557385835766,30634400,before_trump
2000-08-08,35.03699493408203,36.03196030746367,34.96592597884049,35.67661553125594,24900100,before_trump
2000-08-09,36.138572692871094,36.884796907768134,35.7299260989989,35.74769334221074,30071900,before_trump
2000-08-10,35.250205993652344,36.84925767683213,35.250205993652344,35.9253611487727,16678400,before_trump
2000-08-11,36.28070068359375,36.45837306696101,34.57504580326809,35.17913190671676,22509600,before_trump
2000-08-14,38.05741882324219,38.09295329459909,36.17409184132637,36.6360399689661,25665000,before_trump
2000-08-15,38.5904541015625,39.087936935284304,37.52441945787293,37.986367803471744,34464300,before_trump
2000-08-16,38.697044372558594,39.51433732073936,38.41276856449572,39.01685465662933,24609500,before_trump
2000-08-17,39.83415603637695,40.651449157551504,38.91025946461442,38.94579394814375,40495900,before_trump
2000-08-18,40.11844253540039,41.46875326732706,39.940770070673196,40.36718398601846,35795600,before_trump
2000-08-21,40.97126388549805,42.10836747989175,40.11843618970277,41.31772513691487,46024300,before_trump
2000-08-22,41.00678634643555,41.85961379211531,41.00678634643555,41.20222596940383,31693500,before_trump
2000-08-23,42.42818069458008,42.57031865335589,40.18950784386102,40.61592172018846,36177000,before_trump
2000-08-24,42.2149658203125,43.11221151640921,41.50427616003788,42.392638235381156,23352900,before_trump
2000-08-25,41.46873474121094,42.32156219090165,41.291062355858706,42.00175189726764,20844200,before_trump
2000-08-28,42.001766204833984,43.103335369258566,41.50428335638418,41.64642131308412,42760500,before_trump
2000-08-29,42.10838317871094,42.60586618672946,41.57536567011966,41.68196917183791,23023100,before_trump
2000-08-30,41.788543701171875,42.286026364281064,41.36212998993543,41.93068160491736,21770400,before_trump
2000-08-31,42.570316314697266,42.996730167599075,41.859626559860914,42.00176451082819,28530700,before_trump
2000-09-01,42.037296295166016,43.03226188795101,41.75302041151316,42.9967274024944,18322000,before_trump
2000-09-05,39.37221145629883,40.58038401001197,38.80365966631617,40.402711575642385,58396000,before_trump
2000-09-06,37.35562515258789,38.94579326253159,36.95586221992048,38.6970518822052,62344900,before_trump
2000-09-07,38.34170913696289,39.052398833662856,37.66655392509793,37.87087721289917,34716000,before_trump
2000-09-08,37.169063568115234,38.34170132886839,36.920322224925165,38.199563418474064,29681800,before_trump
2000-09-11,36.778194427490234,38.02190148542469,36.35178057905557,37.27567725066402,30507800,before_trump
2000-09-12,36.92033004760742,38.057433571691575,36.70712313684164,36.99139901786268,28997300,before_trump
2000-09-13,34.82377243041992,35.99640966532181,34.3973588904556,35.07251366206578,70068400,before_trump
2000-09-14,33.899879455566406,35.74767162714864,33.68667266653769,35.53446483811992,50489200,before_trump
2000-09-15,32.70061111450195,34.042037976303035,32.194244683226046,33.93543451708706,75675900,before_trump
2000-09-18,31.7322998046875,33.68669676914194,31.554627353373462,33.18921390546262,50767100,before_trump
2000-09-19,34.326290130615234,34.397359054281104,32.30082580613794,32.514032577135545,58855100,before_trump
2000-09-20,35.85429000854492,36.10303136638418,34.361841861509355,34.823790097496556,70335900,before_trump
2000-09-21,34.95705032348633,35.783227116392105,34.32631320202063,35.285744316362816,57112300,before_trump
2000-09-22,27.25494384765625,28.143305772286507,26.437650876996415,26.579788784937257,308734400,before_trump
2000-09-25,25.79804039001465,28.54307981167943,25.44269548106128,28.46312720716492,130214700,before_trump
2000-09-26,24.625396728515625,26.43765536221591,24.341120864405777,26.40212087920218,112681600,before_trump
2000-09-27,24.945205688476562,25.97570563857032,24.69646432121255,25.371619460929153,80365100,before_trump
2000-09-28,25.2650089263916,25.336077868519286,24.72310824266801,25.08733657107239,66739000,before_trump
2000-09-29,23.63042640686035,24.94520201145258,23.52382297946098,24.90966753565279,72985600,before_trump
2000-10-02,22.813129425048828,24.41218055297281,22.67099154701114,24.41218055297281,66785700,before_trump
2000-10-03,22.91975212097168,24.163459600404252,22.8131486227346,23.74592923230903,81206500,before_trump
2000-10-04,23.879180908203125,24.305594852992467,23.16849100022089,23.310628981817334,63726000,before_trump
2000-10-05,23.310626983642578,24.092385815411077,23.02635104481767,23.950247845998625,52072400,before_trump
2000-10-06,22.706539154052734,24.02131528660352,22.315659763294395,23.52383242563836,69734600,before_trump
2000-10-09,22.209054946899414,23.044115412902833,21.60496865234375,22.99081368103027,56544700,before_trump
2000-10-10,21.356216430664062,22.84866416791513,21.285147490794962,22.28011264896234,68882800,before_trump
2000-10-11,20.11252212524414,21.676039746287856,19.89931517692,21.03641890131543,122056600,before_trump
2000-10-12,21.10747718811035,21.889235602484806,19.899305093168007,21.10747718811035,100212800,before_trump
2000-10-13,22.95526885986328,23.16847569137904,21.000872904302167,21.098592702080225,80908800,before_trump
2000-10-16,20.290189743041992,22.280120786142433,20.112517328479452,22.244586303229926,92057900,before_trump
2000-10-17,20.574460983276367,20.823202307771936,19.899305959645538,20.681064408060184,78642100,before_trump
2000-10-18,21.711563110351562,22.635459412919715,20.04144287109375,20.60999444190492,16790000,before_trump
2000-10-19,23.84363555908203,24.056842434424045,23.239549412279654,23.888053658111616,64250700,before_trump
2000-10-20,24.483266830444336,25.229491218600117,23.523835474244052,23.66597345294039,59899600,before_trump
2000-10-23,24.625391006469727,25.58482182490361,24.092373885117567,24.838597855010587,43746200,before_trump
2000-10-24,23.879175186157227,25.300554661523726,23.66596826485225,24.803071845145453,46937000,before_trump
2000-10-25,23.488296508789062,24.767538073564264,23.390576667035404,23.87917587580371,53225900,before_trump
2000-10-26,25.407155990600586,25.584828410115275,23.701500763259567,23.879173182774256,50811900,before_trump
2000-10-27,26.366592407226562,26.72193731837517,25.495997374912477,26.082316478307675,50197800,before_trump
2000-10-30,25.584835052490234,26.22445592880249,24.94521417617798,26.12673607269923,49111200,before_trump
2000-10-31,25.584835052490234,26.686404339472453,25.407162586847942,25.97571447690328,55793900,before_trump
2000-11-01,25.513765335083008,26.473196622056882,25.12288592187143,25.193954906091715,47654600,before_trump
2000-11-02,26.54425811767578,27.219413277295377,26.36658570724957,26.437654671420052,65511800,before_trump
2000-11-03,26.129032135009766,26.87557591029576,25.880184209914432,26.804476503125663,31103600,before_trump
2000-11-06,26.484521865844727,26.946667884980272,26.377872784505755,26.520071559624384,24583500,before_trump
2000-11-07,26.271228790283203,26.626725796917615,25.77353298099502,26.591176096254173,21043200,before_trump
2000-11-08,24.28045654296875,26.342340114699628,24.13825767595283,26.306790397945644,38074100,before_trump
2000-11-09,23.533903121948242,24.102698363566326,22.716259962122244,24.067148660965195,48864700,before_trump
2000-11-10,21.045429229736328,22.183019998911266,21.045429229736328,21.6142246143238,94080100,before_trump
2000-11-13,21.720870971679688,22.609613646461998,20.476631226984452,21.04542653884513,81393300,before_trump
2000-11-14,23.285058975219727,23.462807517015296,22.43186597460099,23.036211016705927,48677100,before_trump
2000-11-15,23.60500144958496,24.387094871107355,23.178405037845476,23.711650552519835,41961500,before_trump
2000-11-16,22.75181770324707,24.422654315829277,22.618506271392107,23.46281200647354,39523700,before_trump
2000-11-17,23.60500144958496,23.747200253498125,22.467411018279662,22.822908028062567,40986100,before_trump
2000-11-20,23.391704559326172,24.422645945679452,23.107306935504575,23.32060515337077,37495900,before_trump
2000-11-21,24.24490737915039,24.671503989927228,23.56946274542039,24.13825822645618,36760300,before_trump
2000-11-22,23.42725372314453,24.95589091600525,23.356154318825425,24.031598659856908,36702700,before_trump
2000-11-24,24.991437911987305,25.026987610297386,23.88939726437478,24.351543342405837,20684000,before_trump
2000-11-27,24.991437911987305,26.591174335940973,24.88478881705706,25.84463067142926,52923300,before_trump
2000-11-28,23.907176971435547,25.382489751085473,23.88940211866868,24.56484652380961,49700800,before_trump
2000-11-29,24.316011428833008,24.74260812056692,23.285069423809386,24.10271308296605,61411300,before_trump
2000-11-30,21.649768829345703,22.147464664503076,20.938774779120887,21.89861674692439,78955300,before_trump
2000-12-01,19.41014862060547,21.898629212990784,19.23240000686366,21.898629212990784,1155400,before_trump
2000-12-04,18.73469352722168,20.103357096098403,18.236997683993778,19.97893313529143,82755800,before_trump
2000-12-05,20.47663116455078,20.761028819613987,19.339040544297962,19.69453761312697,75071400,before_trump
2000-12-06,18.059255599975586,20.08558939761064,17.774857873991717,20.08558939761064,102012000,before_trump
2000-12-07,18.379196166992188,18.912441703752116,17.881500332682922,18.450295571893513,68263600,before_trump
2000-12-08,19.339035034179688,19.83673078873578,18.77023988611558,19.765631395227768,88021400,before_trump
2000-12-11,21.29427719116211,21.72087372921544,19.516791615939894,19.97893786549767,73069600,before_trump
2000-12-12,20.761030197143555,21.56978608239187,20.689930778660187,21.009878161835346,48167200,before_trump
2000-12-13,20.19222640991211,21.543114796490734,20.014477937993867,21.47201540772344,48719800,before_trump
2000-12-14,19.978931427001953,20.832124228155063,19.62343442652149,20.22777932733828,33708000,before_trump
2000-12-15,18.45029640197754,19.765635451829503,18.379196993877432,19.65898633967934,80843900,before_trump
2000-12-18,18.912445068359375,19.623439243861608,18.441411427089147,19.44569069998605,38556100,before_trump
2000-12-19,19.019092559814453,20.618829317182023,18.947993148375893,19.19684108841085,54732300,before_trump
2000-12-20,18.1658992767334,19.41013895322199,17.91705134143568,18.734694557413896,63150800,before_trump
2000-12-21,18.841346740722656,19.59677809589314,17.988153680765404,18.201451945754716,51590000,before_trump
2000-12-22,18.73469352722168,19.907833729116014,18.20144798090607,19.125740261186458,45424100,before_trump
2000-12-26,18.699146270751953,19.26794159457711,18.201450362404945,18.841345101708242,28436200,before_trump
2000-12-27,18.52140235900879,19.1612972581684,18.379203492528873,18.592501792248743,33621500,before_trump
2000-12-28,17.597110748291016,18.592502871426667,17.09941468672319,18.272555403275923,49339500,before_trump
2000-12-29,17.099416732788086,17.88151063740625,16.957217841039327,17.597112853908737,54053600,before_trump
2001-01-02,17.668210983276367,18.130357347024038,17.206064619528693,17.454912661546672,50342900,before_trump
2001-01-03,19.47236442565918,19.694550236084318,17.13496969998672,17.13496969998672,78291900,before_trump
2001-01-04,19.223508834838867,20.121139159535456,18.592501378864036,19.33904541128496,68769000,before_trump
2001-01-05,18.237003326416016,19.694541603965835,18.059254755983112,19.374594177186605,44974700,before_trump
2001-01-08,18.1658992767334,18.379197506988586,17.419355470840244,17.91705134143568,45070800,before_trump
2001-01-09,18.34364891052246,18.734695689622747,18.130350667376852,18.50362259288167,40814400,before_trump
2001-01-10,18.770248413085938,18.98354669050737,17.70375702597878,17.98815472920736,51494300,before_trump
2001-01-11,18.983543395996094,19.481239290273145,18.20144984784644,18.414748088250892,64954600,before_trump
2001-01-12,18.272550582885742,19.232392734126822,18.094802036359614,19.09019389690592,51374500,before_trump
2001-01-16,17.845949172973633,18.414744365737732,17.632650975687095,18.308095267094465,60301100,before_trump
2001-01-17,17.348262786865234,18.80580125871252,17.134964473911975,18.770251539886978,7427400,before_trump
2001-01-18,18.3080997467041,18.379199163196155,17.06385995809314,17.597105581783552,86633300,before_trump
2001-01-19,19.09019660949707,19.69454175355936,18.379202322364964,18.983547466427254,81348900,before_trump
2001-01-22,18.983543395996094,19.267941049868693,18.48584750171904,18.592496621921267,45756600,before_trump
2001-01-23,20.12113380432129,20.414418881857774,18.628046136862817,19.019092906911464,84553900,before_trump
2001-01-24,20.61883544921875,21.080981761011586,20.014490272258893,20.298888002592943,73579100,before_trump
2001-01-25,19.62343406677246,20.512176551680632,19.51678496858348,20.369977754095324,45890400,before_trump
2001-01-26,20.40553855895996,20.51218771519146,19.19684812166965,19.410146434132646,48063700,before_trump
2001-01-29,21.080976486206055,21.258725023189243,19.765637312530465,20.050034971703568,49092800,before_trump
2001-01-30,21.045429229736328,21.720873748933947,20.93878009512618,21.25872749895663,60806400,before_trump
2001-01-31,21.045429229736328,21.95194687392261,20.761031537442594,21.223177787419914,71894200,before_trump
2001-02-01,21.507564544677734,21.578663931602286,20.76102098196991,21.080968223130405,50297000,before_trump
2001-02-02,20.298879623413086,21.747529964313408,20.19223051856153,21.427582649758737,47151200,before_trump
2001-02-05,19.741147994995117,20.0968443552653,19.163141409556072,19.954565811157227,39185100,before_trump
2001-02-06,20.16798973083496,20.45254690516773,19.62555261726312,19.670014675752615,40329200,before_trump
2001-02-07,19.883420944213867,20.52367421254276,19.27873730190325,19.91899057023214,53148000,before_trump
2001-02-08,19.705585479736328,20.5592570528657,19.670015830855938,20.132421266301016,42899000,before_trump
2001-02-09,19.065326690673828,20.239124789166805,19.029757051325554,19.527732002201365,40892100,before_trump
2001-02-12,19.670011520385742,20.02570793124263,19.136466904100416,19.172036545186103,30482000,before_trump
2001-02-13,18.46063995361328,20.061273475602874,18.425070319791292,19.421020066807035,41910800,before_trump
2001-02-14,19.421024322509766,19.661119403419914,18.176086865938625,18.53178328210181,47442300,before_trump
2001-02-15,20.38141632080078,20.77268260270097,19.990150038900595,20.167998348855225,58334500,before_trump
2001-02-16,19.56330680847168,20.09685153961182,19.136471023559572,19.776724700927737,41543900,before_trump
2001-02-20,17.891529083251953,19.421023617207887,17.855959442927396,19.38545397688333,52397300,before_trump
2001-02-21,17.500268936157227,18.638497810053632,17.357990326920177,17.64254754539428,51582200,before_trump
2001-02-22,17.073421478271484,17.962662180264793,16.86000370979309,17.60696589946747,58517400,before_trump
2001-02-23,17.037858963012695,17.500264321090285,16.219757175644652,17.28684646351601,63558300,before_trump
2001-02-26,16.788869857788086,17.47358541872542,16.184185985791483,17.393553729784692,60349600,before_trump
2001-02-27,16.504308700561523,17.571397625166792,16.504308700561523,16.78886574712293,40787300,before_trump
2001-02-28,16.25533103942871,17.18014199572006,15.935204169943244,16.717736517574384,48601400,before_trump
2001-03-01,16.575454711914062,16.646594002523138,15.401656416864354,16.07747967765055,56268300,before_trump
2001-03-02,16.682161331176758,17.713680901761247,16.14861672570202,16.219756006431986,54626200,before_trump
2001-03-05,17.286842346191406,17.50026015293451,16.78886746379083,17.002285270533932,33275700,before_trump
2001-03-06,17.92709732055664,18.709629346453955,17.891527683015855,17.998236595638215,59734200,before_trump
2001-03-07,18.74520492553711,19.17204071131784,18.033811949235893,18.63849597909193,77832700,before_trump
2001-03-08,18.92304801940918,19.172035493348773,18.60292126720113,18.74519982373804,64903100,before_trump
2001-03-09,16.753305435180664,17.411343971382028,16.50431788094231,17.180141242446414,95273400,before_trump
2001-03-12,15.792924880981445,16.717735797435314,15.686215929082922,16.219760688575537,59597600,before_trump
2001-03-13,16.717729568481445,16.860008118000437,15.792918996608003,16.077476095645984,52027200,before_trump
2001-03-14,16.539880752563477,17.002286020914713,15.935196940104166,16.148614756266277,57451000,before_trump
2001-03-15,16.219755172729492,17.037856859073305,16.184185534192803,16.93114794346324,40752100,before_trump
2001-03-16,15.864063262939453,16.39760799151365,15.757354317224612,16.18419010008397,59068600,before_trump
2001-03-19,15.401660919189453,15.79292713191713,14.44128021522152,15.650648509107066,76656300,before_trump
2001-03-20,14.01443099975586,15.615063981961477,13.978861377929068,15.579494360134685,64431100,before_trump
2001-03-21,14.547985076904297,15.223808344535549,14.014440391932256,14.085579683261862,68549500,before_trump
2001-03-22,16.326465606689453,16.39760489037873,14.8325406492146,14.86811029105924,94022700,before_trump
2001-03-23,16.39759635925293,16.931140709337082,15.75734313915195,16.89557108599814,84795800,before_trump
2001-03-26,16.113048553466797,16.82444142558454,15.864061048225588,16.78887178197865,64433900,before_trump
2001-03-27,16.717729568481445,16.904470164725122,15.970767183506743,16.14861537040548,72645800,before_trump
2001-03-28,15.330519676208496,16.682166422602748,15.259380373766692,16.326469910393733,73000000,before_trump
2001-03-29,15.117096900939941,15.686211137210622,14.654691583970013,15.294945099774528,64852600,before_trump
2001-03-30,14.974821090698242,15.22380861477161,14.405706749959117,15.15266932217922,47297100,before_trump
2001-04-02,14.681376457214355,15.294953062633974,14.26343297236331,14.832547504926435,44925500,before_trump
2001-04-03,14.227856636047363,15.01038875102997,14.138932532072069,14.405704843997956,57239500,before_trump
2001-04-04,12.876214027404785,14.281215281776301,12.76950507137657,14.050012543715166,84555800,before_trump
2001-04-05,14.583551406860352,14.690260319593476,13.712095286206502,13.801019380150771,67714900,before_trump
2001-04-06,13.445323944091797,14.36124217573297,13.089627543454448,14.2634256655577,73965900,before_trump
2001-04-09,13.203451156616211,13.772565411892783,12.662792179903747,13.482317011441815,60543900,before_trump
2001-04-10,14.096961975097656,14.28476965738663,13.288819596808867,13.362803980832043,55847600,before_trump
2001-04-11,15.662025451660156,16.100243713530947,15.468526507080828,15.878288403278567,91360800,before_trump
2001-04-12,16.003496170043945,16.225450421547745,14.97339840401462,15.627879696384417,54027200,before_trump
2001-04-16,14.9677095413208,15.252266765190013,14.523800966804611,15.235194026477647,59342200,before_trump
2001-04-17,14.819731712341309,15.21241966050546,14.330293238079955,14.370131051473507,74191900,before_trump
2001-04-18,17.80189323425293,18.319786003331938,16.27666694738545,16.62951715673585,49959200,before_trump
2001-04-19,18.490522384643555,18.507595116913325,17.329528828331995,17.52302775438392,85981400,before_trump
2001-04-20,18.456369400024414,18.53604502218952,17.790505897004603,18.194576364269295,62659300,before_trump
2001-04-23,17.255552291870117,17.813284268033506,16.874245515207427,17.682388187291046,58508800,before_trump
2001-04-24,16.583986282348633,17.665304055224446,16.447399014148335,17.039278261848743,50134100,before_trump
2001-04-25,16.52138900756836,16.709196688693346,15.650643712080115,16.504315187284483,64640600,before_trump
2001-04-26,16.29943084716797,17.278307996307433,16.276666842920125,17.204322540128686,53730100,before_trump
2001-04-27,17.175867080688477,17.204322357070314,16.53276741366645,16.845780881362753,42007500,before_trump
2001-04-30,17.59132194519043,18.012466373445633,17.375059000869932,17.557175393034417,41266300,before_trump
2001-05-01,17.744977951049805,17.87587393455811,17.141717304251486,17.51164125505709,37209500,before_trump
2001-05-02,18.177515029907227,18.49621880381773,17.756370485864867,18.149058657370812,45022200,before_trump
2001-05-03,17.311914443969727,17.767491797288102,17.146768454449198,17.733322762618062,37080900,before_trump
2001-05-04,17.585254669189453,17.68206473125736,16.68549101016152,17.02717364605878,35393400,before_trump
2001-05-07,17.744718551635742,18.040843770343162,17.2777524454632,17.68207638601459,33647800,before_trump
2001-05-08,17.926937103271484,18.109167550717427,17.596644145730924,17.932631940526562,41514400,before_trump
2001-05-09,17.044261932373047,17.647900701550515,16.685494705071218,17.647900701550515,61622800,before_trump
2001-05-10,16.520353317260742,17.391644310697924,16.457711161666655,17.357475269730404,49116200,before_trump
2001-05-11,15.911005020141602,16.651316186629856,15.825584668035836,16.531727910917525,47531600,before_trump
2001-05-14,15.609195709228516,16.030604002423317,15.210565684925076,15.973656700925766,41994500,before_trump
2001-05-15,15.48961067199707,16.002134322914547,15.33585325086793,15.728788520582514,47310800,before_trump
2001-05-16,16.15019416809082,16.229919742053298,15.090978005768854,15.375713439839965,59906400,before_trump
2001-05-17,16.286863327026367,16.622851149402397,15.945180666927781,16.389368233673864,56376100,before_trump
2001-05-18,16.377973556518555,16.594371892993,15.939480961407373,16.246995587437212,34775000,before_trump
2001-05-21,17.027183532714844,17.089825693419286,16.053388595471915,16.155893554377442,44417800,before_trump
2001-05-22,16.81648063659668,17.329004368599275,16.742448791223733,17.19233144581057,39665300,before_trump
2001-05-23,16.400760650634766,17.226493848071993,16.26408777193375,16.725359959501603,53488500,before_trump
2001-05-24,16.634239196777344,16.74243893762259,16.01351711174943,16.423535638803084,47217900,before_trump
2001-05-25,16.57159996032715,16.827861160316846,16.332422188629174,16.765220112948334,29592100,before_trump
2001-05-29,15.859770774841309,16.52605202304248,15.819907970567897,16.491882974082454,37797600,before_trump
2001-05-30,15.14792537689209,15.77434355185813,15.034030768287543,15.56933369084174,47272800,before_trump
2001-05-31,15.381404876708984,15.706003025964712,15.284594807090674,15.392794552235666,38761100,before_trump
2001-06-01,16.36659049987793,16.55451581857315,15.483911203074785,15.52377398489205,60601900,before_trump
2001-06-04,16.22991371154785,16.79938436809339,15.979346318537672,16.58298599652488,37894700,before_trump
2001-06-05,16.930370330810547,17.05565462940069,16.429236394988752,16.43493123457736,51625800,before_trump
2001-06-06,16.981624603271484,17.477064838267765,16.543131684025767,16.770920947028017,72646300,before_trump
2001-06-07,17.733320236206055,17.78457269472983,16.89619855728323,16.918976824305275,75686000,before_trump
2001-06-08,17.46567726135254,18.183210919394178,17.08413161190611,18.16043155587865,68334700,before_trump
2001-06-11,17.272050857543945,17.374555784454266,16.7538324703235,17.180935608330206,41072800,before_trump
2001-06-12,17.158157348632812,17.20371497614893,16.514655724195226,16.913285779595885,54088900,before_trump
2001-06-13,16.54882049560547,17.158154053947445,16.514652553074143,17.01578635952439,41032400,before_trump
2001-06-14,15.723092079162598,16.571603599674432,15.694617882124213,16.264088788737222,41913100,before_trump
2001-06-15,15.762953758239746,16.116025087203216,15.438355538129002,15.569333576738693,54910400,before_trump
2001-06-18,15.688920021057129,16.25269706585951,15.620584133685494,15.871151588466626,27854300,before_trump
2001-06-19,15.187783241271973,16.395061573686053,14.885963386623668,16.246999064963063,60427600,before_trump
2001-06-20,15.654749870300293,15.751559935577548,14.954301149506785,14.982774250867486,43070200,before_trump
2001-06-21,15.529476165771484,15.996442264156247,15.347245599199855,15.57503380741439,45895500,before_trump
2001-06-22,15.666142463684082,16.116023848828654,15.52946959657006,15.643363109408716,30366800,before_trump
2001-06-25,16.27547264099121,16.33811476587044,15.64335981336746,15.945179676846555,28358600,before_trump
2001-06-26,16.49757194519043,16.554519253680105,15.962270069454348,15.996438020076328,34780200,before_trump
2001-06-27,16.315338134765625,16.634241477306293,16.138802491631605,16.5146531311708,33729600,before_trump
2001-06-28,16.87912368774414,17.36886919963943,16.628557176421868,16.64564061490568,54522800,before_trump
2001-06-29,16.657026290893555,17.522622447718845,16.372290798741528,16.97592973797351,49436600,before_trump
2001-07-02,17.118297576904297,17.391644476349533,16.605773905486508,16.844951763638772,38578300,before_trump
2001-07-03,17.34608268737793,17.47706181681432,16.88481157328486,17.049958651792714,22120800,before_trump
2001-07-05,16.993011474609375,17.6535976212857,16.970232117602833,17.129684358110044,35630900,before_trump
2001-07-06,16.1900577545166,16.998706470655783,16.116025929742005,16.594381569496427,37375700,before_trump
2001-07-09,16.45770835876465,16.759528318830114,16.00782692444165,16.24700473958157,30139400,before_trump
2001-07-10,15.82559871673584,16.611468174391092,15.637672254626889,15.82559871673584,41241500,before_trump
2001-07-11,15.979353904724121,16.22992141669104,15.375715026338883,15.745870911588899,50333800,before_trump
2001-07-12,17.14107322692871,17.192325691592913,16.54312816790616,16.713970078846664,49223400,before_trump
2001-07-13,17.192323684692383,17.30052235419366,16.65702083078646,17.089818767329614,42796300,before_trump
2001-07-16,16.588682174682617,17.511225251201356,16.38367344692897,17.101206709514827,65739200,before_trump
2001-07-17,17.027185440063477,17.04996480511853,15.990748226016644,16.26978893086157,104487600,before_trump
2001-07-18,16.452009201049805,17.169542458122717,16.24130563717476,16.440620611835996,71663500,before_trump
2001-07-19,17.061351776123047,17.209414376336024,16.759532821155645,16.85064810033597,54602300,before_trump
2001-07-20,17.044260025024414,17.10120731827509,16.47478926487621,16.748134969064324,50444200,before_trump
2001-07-23,16.5146541595459,17.21510302356082,16.463401697673643,17.067040476616462,35057400,before_trump
2001-07-24,16.44631576538086,16.850640586868025,16.19005456426695,16.349505688645564,38032700,before_trump
2001-07-25,16.75382423400879,16.78799216412185,16.053375692706997,16.49756204271354,35538100,before_trump
2001-07-26,16.95884132385254,17.02717721364243,16.4007590976117,16.571600994445202,46221000,before_trump
2001-07-27,16.639934539794922,16.99870171227214,16.520346206422005,16.862028865769133,35482900,before_trump
2001-07-30,16.53743553161621,16.93606451169826,16.400761559164575,16.80508646479328,30514600,before_trump
2001-07-31,16.97593116760254,17.323308844859948,16.531744457593177,16.60577521386814,50354000,before_trump
2001-08-01,17.511234283447266,17.642212360493964,17.243583288676213,17.437203526997333,45023900,before_trump
2001-08-02,18.285707473754883,18.354043360515984,17.841519865090383,17.887077484990897,74140400,before_trump
2001-08-03,18.052082061767578,18.280013258119826,17.80705678648846,18.262917005479967,35671500,before_trump
2001-08-06,17.254322052001953,17.482252107559816,17.117564018667235,17.339795686979123,54176800,before_trump
2001-08-07,17.448060989379883,17.664594247095327,16.963708994265723,17.06627777992003,44101300,before_trump
2001-08-08,16.872547149658203,17.772872129721424,16.747184741931736,17.317010706195973,49096000,before_trump
2001-08-09,16.895343780517578,17.11187830886065,16.627525902679608,16.809870082216698,35734300,before_trump
2001-08-10,17.066282272338867,17.203040326925215,16.51924896713706,16.82125701696717,33800700,before_trump
2001-08-13,17.413875579833984,17.505047617933396,17.14035946553575,17.476556763598488,30830500,before_trump
2001-08-14,17.294214248657227,17.579127165152876,17.231533059234096,17.499350809471657,27561900,before_trump
2001-08-15,16.96941566467285,17.52214639547304,16.92382963622394,17.25432861419274,33348300,before_trump
2001-08-16,17.18594741821289,17.1973441959717,16.57053554837235,16.7585780339665,38692500,before_trump
2001-08-17,15.995012283325195,16.74148388206773,15.835461732457345,16.62182096891684,60330900,before_trump
2001-08-20,16.069087982177734,16.342604105118312,15.898139590197525,15.99501001959604,36548500,before_trump
2001-08-21,15.42519474029541,16.245744755603138,15.413797955685965,16.14317586783252,35088800,before_trump
2001-08-22,15.932326316833496,15.95511986690581,15.38529415737346,15.72149141294605,42316100,before_trump
2001-08-23,15.767071723937988,16.165950011095404,15.738580883507844,15.892432943428885,32548500,before_trump
2001-08-24,16.57052993774414,16.60471917258786,15.869644645738914,15.983609124170037,38858200,before_trump
2001-08-27,16.61042022705078,17.032091147361204,16.297016502464604,16.536343358517154,27995600,before_trump
2001-08-28,16.2457275390625,16.901026743646245,16.20014153579205,16.650303182230743,54856600,before_trump
2001-08-29,16.012109756469727,16.479366871613948,15.806972062267182,16.445177618199114,37922200,before_trump
2001-08-30,15.459371566772461,15.858250012259278,15.31691513436379,15.670207564954083,44788800,before_trump
2001-08-31,15.932326316833496,16.02919673092825,15.390992544891537,15.396690932409616,38127600,before_trump
2001-09-04,15.299821853637695,16.006405664703582,15.299821853637695,15.704397621024812,54390700,before_trump
2001-09-05,15.653118133544922,15.778480535556922,15.009215301494715,15.351111081839775,71243200,before_trump
2001-09-06,14.872451782226562,15.738587153362504,14.701503410976498,15.248536677377844,81642600,before_trump
2001-09-07,14.75279426574707,15.373904670531072,14.661622195949127,14.906647541102405,72749200,before_trump
2001-09-10,14.855363845825195,14.872459017323495,14.50776963335779,14.54765836685382,51654400,before_trump
2001-09-17,13.442190170288086,14.245644429143253,13.390905763394658,13.823973484463384,81412400,before_trump
2001-09-18,13.373811721801758,13.949335935488316,13.219959575059022,13.60744022310883,56115100,before_trump
2001-09-19,12.695720672607422,13.499175055887262,11.886567900250686,13.42509708474425,86255200,before_trump
2001-09-20,11.778300285339355,12.69002185670119,11.6814298480036,12.228462138706771,70338800,before_trump
2001-09-21,10.997637748718262,11.823885611751956,10.803896885480796,10.832388828225413,116397800,before_trump
2001-09-24,12.142986297607422,12.376614765646721,11.111602005517618,11.396514877453967,79136200,before_trump
2001-09-25,12.353822708129883,12.513373226083548,11.846678127166214,12.285443138395179,65914600,before_trump
2001-09-26,11.909356117248535,12.450690930837368,11.806787324201709,12.376612986145238,48082100,before_trump
2001-09-27,11.709921836853027,12.171481599438115,11.151492714430313,11.915059509113066,58791700,before_trump
2001-09-28,11.647239685058594,11.954945052652477,11.453498825632034,11.81818699073781,72640600,before_trump
2001-10-01,11.402216911315918,11.556070172203562,11.225571178550494,11.51618144441822,44631700,before_trump
2001-10-02,11.13439655303955,11.442101917092629,11.037526124440973,11.396515896978972,52207600,before_trump
2001-10-03,12.097399711608887,12.336726556233907,10.872274637375014,10.997635903852387,75582600,before_trump
2001-10-04,12.279744148254395,12.866665046273805,11.966340428906522,12.382312954399179,67181500,before_trump
2001-10-05,12.513371467590332,12.564655865970312,11.709917342112298,12.25695056254667,49112300,before_trump
2001-10-08,12.67292308807373,12.832474670941753,12.120192565585612,12.182872651794709,36853400,before_trump
2001-10-09,12.22276496887207,12.667228438161306,12.023325703158319,12.558962308740705,42528700,before_trump
2001-10-10,13.14017391204834,13.219950210099466,12.177169732500264,12.211358953461753,52538600,before_trump
2001-10-11,13.966432571411133,14.06330301533289,13.30543463177678,13.328227102010747,76342800,before_trump
2001-10-12,14.257038116455078,14.319718199300032,13.806875328339988,13.852461337161854,64736500,before_trump
2001-10-15,13.892354011535645,13.97213037112992,13.464984615829557,13.955035204033308,44391600,before_trump
2001-10-16,14.222843170166016,14.302619474807303,13.772681615276282,13.977819131702697,53540600,before_trump
2001-10-17,14.000622749328613,14.946533694230082,13.9607351086296,14.895249274229439,91448800,before_trump
2001-10-18,13.704310417175293,14.02341365613916,13.504872251393488,14.017715267565896,49862900,before_trump
2001-10-19,13.761289596557617,13.994918032330066,13.453584302529402,13.670117577078427,42197000,before_trump
2001-10-22,14.416595458984375,14.456484186669728,13.539064100183863,13.744201780853174,46022200,before_trump
2001-10-23,14.245644569396973,14.815470352172852,14.182963385497569,14.4849714416371,41881700,before_trump
2001-10-24,14.519157409667969,14.77557938882689,14.20005534760279,14.35390853509814,41092700,before_trump
2001-10-25,14.872452735900879,14.940831219300511,13.852464091291493,14.24564417483678,56318500,before_trump
2001-10-26,14.735688209533691,15.100376192424774,14.559041516821894,14.8211618196668,45505200,before_trump
2001-10-29,13.778388023376465,14.752789620072866,13.772689634951423,14.587540703172508,46369900,before_trump
2001-10-30,13.413701057434082,13.903750550348636,13.242752649979327,13.544760742349801,52532700,before_trump
2001-10-31,13.915145874023438,14.410894790920771,13.35671685911394,13.635931366568688,64549300,before_trump
2001-11-01,14.781281471252441,14.798375549565929,13.818275570474801,13.977827184824896,54534000,before_trump
2001-11-02,14.986425399780273,15.231450786941457,14.530564972636435,14.786987142190464,49877700,before_trump
2001-11-05,15.37419319152832,15.556677116620051,15.197413078749545,15.25443923736049,42474800,before_trump
2001-11-06,16.10983657836914,16.126944760992078,15.225934475514546,15.277257935699296,63152300,before_trump
2001-11-07,16.13264274597168,16.583147212432266,15.82470207538942,15.915943513854442,59713700,before_trump
2001-11-08,16.126937866210938,16.765627850163366,15.927346838344455,16.463391033495796,64845900,before_trump
2001-11-09,15.898835182189941,16.13834422776055,15.739163210265357,16.069913693416797,40852500,before_trump
2001-11-12,16.183958053588867,16.406359914691507,15.265841343009372,15.74485923013053,47878400,before_trump
2001-11-13,17.13629913330078,17.142001859353076,16.509014495121292,16.57174230632897,68022300,before_trump
2001-11-14,17.86052894592285,18.014499285587235,17.050760340782926,17.375808110507442,78499200,before_trump
2001-11-15,17.552583694458008,17.951764598443937,17.370099783502912,17.575393503525255,58207300,before_trump
2001-11-16,17.46704864501953,17.649532605345488,17.193324336056175,17.46704864501953,39647000,before_trump
2001-11-19,17.672338485717773,17.849118593268184,17.056458383838244,17.569691620790607,47857300,before_trump
2001-11-20,17.079261779785156,17.558279547252486,17.01083020399711,17.512657771605124,41297200,before_trump
2001-11-21,17.569698333740234,17.5868065136592,16.811253093608254,16.84546945344619,55275700,before_trump
2001-11-23,17.712251663208008,17.82060122319633,17.2902599567647,17.438527489463674,17574100,before_trump
2001-11-26,18.174175262451172,18.316739085214905,17.854829079915927,17.92326071551175,53246100,before_trump
2001-11-27,18.42508316040039,18.812859750912036,17.621016354966795,17.968874958987577,80781000,before_trump
2001-11-28,18.111438751220703,18.561943113533097,18.02590005839516,18.202680168592416,61282400,before_trump
2001-11-29,18.4307861328125,18.487811210397158,17.769285226141037,18.24260054880568,45961000,before_trump
2001-11-30,18.62467384338379,18.767238708129643,18.0658198346241,18.379462101991543,42399600,before_trump
2001-12-03,18.27111053466797,18.750128487180994,18.231191465555703,18.4136753755901,43008300,before_trump
2001-12-04,18.738727569580078,18.76153847173096,18.157062616936734,18.36235638555996,44357600,before_trump
2001-12-05,19.736679077148438,19.873540121149798,18.841371952574196,18.852777402135487,75429600,before_trump
2001-12-06,19.480064392089844,19.833624672244735,19.24625808459538,19.6739527086975,58338000,before_trump
2001-12-07,18.955425262451172,19.673951219389036,18.675997172028723,19.48006291745863,59279300,before_trump
2001-12-10,18.79005241394043,19.172125264326716,18.733025154307573,18.755836058160714,41557600,before_trump
2001-12-11,18.926908493041992,19.46865535210952,18.847072525985777,19.0181499090158,46751600,before_trump
2001-12-12,19.434444427490234,19.468658604591976,18.8812920270941,18.983938909133947,50047800,before_trump
2001-12-13,18.573352813720703,19.229152146744962,18.533434820444526,18.978236560017603,51006500,before_trump
2001-12-14,18.9725341796875,19.26336557294689,18.402274669058002,18.58475753843005,46155500,before_trump
2001-12-17,19.371706008911133,19.440136504828757,18.818553880547537,18.875578931251184,39108700,before_trump
2001-12-18,19.28046989440918,19.577005024955245,19.023852745343657,19.474358165329036,39780800,before_trump
2001-12-19,18.847074508666992,19.36601052449054,18.841372871291867,19.006748634943822,39961400,before_trump
2001-12-20,18.236902236938477,18.93261966374844,18.22549678358791,18.733027493165228,49423400,before_trump
2001-12-21,18.48212242126465,18.67030922377959,18.23120777226245,18.373773828384664,57817500,before_trump
2001-12-24,18.25970458984375,18.476403751255752,18.24829914183609,18.339540550530597,8673800,before_trump
2001-12-26,18.41367530822754,18.88698944716673,18.25970501955089,18.276812104281575,23231600,before_trump
2001-12-27,18.630369186401367,18.807150342091575,18.453590206077628,18.482102734320186,22443900,before_trump
2001-12-28,18.385162353515625,18.99533968240499,18.316729665428888,18.784342157187712,27584200,before_trump
2001-12-31,17.934659957885742,18.482108502312727,17.911849058026167,18.333842003959763,27975400,before_trump
2002-01-02,18.818559646606445,18.818559646606445,18.094329968859682,18.191274107516204,42357300,before_trump
2002-01-03,20.255613327026367,20.312638394565376,19.04666405719096,19.103689124729968,91464500,before_trump
2002-01-04,20.409589767456055,20.728933722452066,20.141567083483654,20.64339609537851,65032900,before_trump
2002-01-07,20.113046646118164,20.671900523360883,19.97048181492257,20.54074113970494,48808800,before_trump
2002-01-08,20.28983497619629,20.512235843243953,19.930570865767585,20.15297173281525,35636600,before_trump
2002-01-09,20.16437530517578,20.97414271233169,19.976188634985682,20.50653011869037,59083800,before_trump
2002-01-10,19.75949478149414,20.227107450388388,19.673954976665943,20.20429654571852,51679400,before_trump
2002-01-11,19.70245933532715,20.021805341944667,19.53708360821986,19.856429614837378,39583200,before_trump
2002-01-14,19.867847442626953,20.06743746152865,19.4458543200473,19.55990669172029,58696400,before_trump
2002-01-15,19.776596069335938,19.9476734534261,19.440142937966275,19.924862555449554,57115500,before_trump
2002-01-16,19.22344970703125,19.72527874098216,19.206342615938166,19.36601460045397,76428600,before_trump
2002-01-17,19.69105339050293,19.81651113553588,19.160712055148466,19.41732918118557,50498800,before_trump
2002-01-18,19.09228515625,19.559897707494862,18.9098023155382,19.132203141695264,51643600,before_trump
2002-01-22,18.07722282409668,19.155012706803088,17.997385771081927,19.132201809460742,52957100,before_trump
2002-01-23,18.504915237426758,18.596156640962988,18.031600048701325,18.054409855743717,49429000,before_trump
2002-01-24,18.932615280151367,19.16071776824518,18.567649558907426,18.772941145581672,53902500,before_trump
2002-01-25,19.20633888244629,19.480063163564935,18.67599740797666,18.744427934414517,35832800,before_trump
2002-01-28,19.34319496154785,19.56559792217637,19.001040241970625,19.291873711441255,29919400,before_trump
2002-01-29,18.636085510253906,19.559905532873152,18.53343859936644,19.32609916371125,44733000,before_trump
2002-01-30,19.308977127075195,19.326084207194576,18.51061336588844,18.744419554107008,47008900,before_trump
2002-01-31,19.981891632080078,20.044620519582292,19.571304132332614,19.736679894771694,63035000,before_trump
2002-02-01,19.770896911621094,19.999001594353,19.42304042473778,19.85643671148743,39369800,before_trump
2002-02-04,19.377422332763672,19.748091969419807,19.19493942174253,19.748091969419807,38594200,before_trump
2002-02-05,19.286123275756836,19.622774634702697,19.057886431318952,19.28612327575684,40974500,before_trump
2002-02-06,18.78400421142578,19.286128898210517,18.56147229814881,19.269011728465905,51612200,before_trump
2002-02-07,18.435937881469727,19.00082610008585,18.316111195011405,18.71552840435889,46596000,before_trump
2002-02-08,18.555757522583008,18.601404010065195,17.905278206939037,18.550050351242668,60722800,before_trump
2002-02-11,19.154876708984375,19.1891131974624,18.327513405602495,18.395986382558544,37651700,before_trump
2002-02-12,18.812519073486328,19.103521584740854,18.624221666414854,18.892402030432773,37593400,before_trump
2002-02-13,19.046466827392578,19.22905710232421,18.86387655246095,18.943759525662564,36786800,before_trump
2002-02-14,19.023651123046875,19.59995153143842,19.006533957214568,19.189124314921717,44874100,before_trump
2002-02-15,18.424522399902344,19.211942331351665,18.230519914621723,19.06929350913498,47587600,before_trump
2002-02-19,17.88245391845703,18.35604680957566,17.791158772178264,18.11069178415396,44224000,before_trump
2002-02-20,17.939523696899414,18.025112808395605,17.08933649116468,17.97375912383297,63430900,before_trump
2002-02-21,16.82114601135254,17.505860677586476,16.82114601135254,17.31185822509766,76409400,before_trump
2002-02-22,16.84967803955078,17.174917156283133,16.644263402320217,16.838265873410403,56059600,before_trump
2002-02-25,17.69986343383789,17.979454952323273,16.96379510058791,16.980913348450922,52400300,before_trump
2002-02-26,17.129268646240234,17.93951389652737,16.975207676715975,17.831100500752076,61576000,before_trump
2002-02-27,17.055089950561523,17.728392451645973,16.707027623298853,17.431682690435206,57714000,before_trump
2002-02-28,16.290494918823242,17.180624345235483,16.261965589959985,17.180624345235483,64454700,before_trump
2002-03-01,17.67703628540039,17.694154530534533,16.541552144607053,16.59861187339705,58489400,before_trump
2002-03-04,18.173463821411133,18.19058098699068,17.049390179848057,17.659928175861825,57664400,before_trump
2002-03-05,18.65846061706543,18.995111820560208,18.48728251861756,18.550046152618606,68035700,before_trump
2002-03-06,18.806819915771484,18.87529291659233,18.333226964992694,18.73834909159889,44898700,before_trump
2002-03-07,18.818239212036133,19.177714984267354,18.281880228957878,19.12065412863196,55171900,before_trump
2002-03-08,19.497243881225586,19.542892558269866,18.738353126878575,18.938060647325493,70218400,before_trump
2002-03-11,19.069293975830078,19.445888965281128,18.920940154819217,19.297532967621926,40275400,before_trump
2002-03-12,18.823942184448242,18.841059348993795,18.435937159326006,18.527232331316615,37674800,before_trump
2002-03-13,17.88245391845703,18.29328316503549,17.716980785624266,18.26475166329689,56552400,before_trump
2002-03-14,17.67133331298828,18.059338231041778,17.574332083474907,17.836806446762154,39862300,before_trump
2002-03-15,18.110694885253906,18.17346071718947,17.574334992782063,17.6142775784019,49693300,before_trump
2002-03-18,18.042221069335938,18.40169557377503,17.825394279470327,18.219105280198093,38894600,before_trump
2002-03-19,18.09928321838379,18.350345464743803,17.836809892712477,18.093577134566036,33498000,before_trump
2002-03-20,17.420272827148438,17.522979054730346,17.1292691281896,17.44880215342274,51105500,before_trump
2002-03-21,17.91668701171875,17.968040660907096,17.380327280375955,17.454505257347495,36841700,before_trump
2002-03-22,17.45451545715332,17.80828403793202,17.38033743683475,17.745519276498403,33576400,before_trump
2002-03-25,17.11786460876465,17.671341839317876,17.095040266890525,17.51728188496563,42929400,before_trump
2002-03-26,17.55721092224121,17.711271855472766,17.089323129455373,17.123558529621135,37563100,before_trump
2002-03-27,17.3518009185791,17.40315457652658,17.089327634246697,17.386036327769407,38028800,before_trump
2002-03-28,17.3518009185791,17.831101000539526,17.33468266982193,17.580038793721197,33005100,before_trump
2002-04-01,17.78545379638672,17.94522085647979,17.129269483548427,17.19774030335684,32592200,before_trump
2002-04-02,17.134977340698242,17.631394644841247,17.129271257069405,17.44880432201512,37849000,before_trump
2002-04-03,17.043678283691406,17.283328299706056,16.764085691404382,17.163502747536768,42763300,before_trump
2002-04-04,17.454511642456055,17.505865310430302,17.089330970927406,17.14638963461057,43744800,before_trump
2002-04-05,17.146394729614258,17.517282683708647,17.00374585137013,17.505870512251217,32757200,before_trump
2002-04-08,17.077913284301758,17.140679100060183,16.261962032737827,16.57008394101675,45247300,before_trump
2002-04-09,16.239139556884766,17.25479944766662,16.210610231006925,17.066503067230414,61982800,before_trump
2002-04-10,16.69561767578125,16.769794581774203,15.982373590631626,16.347554213964518,60569500,before_trump
2002-04-11,16.513025283813477,16.7983228819317,16.267669175299968,16.450259463963796,42024500,before_trump
2002-04-12,16.199190139770508,16.632842428555513,16.01659993150808,16.632842428555513,40682600,before_trump
2002-04-15,16.0394344329834,16.387496830300368,15.839725857806934,16.096493093041662,42941400,before_trump
2002-04-16,16.838268280029297,17.003740359418725,16.535852364030674,16.592912114563802,60448200,before_trump
2002-04-17,17.4830379486084,17.848219645261388,17.294741561398286,17.802572069220272,63790400,before_trump
2002-04-18,17.3746280670166,17.648513561589223,17.037976738482836,17.425981733289493,45465200,before_trump
2002-04-19,17.174922943115234,17.602869522653034,17.152098603144157,17.585751267674727,34806900,before_trump
2002-04-22,17.152099609375,17.24339479796629,16.849684705288034,17.083628762093777,34145800,before_trump
2002-04-23,16.855384826660156,17.311860608101387,16.75267750375485,17.214859368504612,42582500,before_trump
2002-04-24,16.495906829833984,17.112149590529732,16.47878858236434,16.923853221659474,38224600,before_trump
2002-04-25,16.598615646362305,16.821147442069922,16.073667981153417,16.353259518621055,49886000,before_trump
2002-04-26,16.045141220092773,16.80973796397134,16.033729052251125,16.792620800533093,39343600,before_trump
2002-04-29,15.999493598937988,16.233437597513362,15.69707768180006,16.07367051308355,40652200,before_trump
2002-04-30,16.324729919433594,16.689910519284155,15.919606739190847,15.982372562911676,45052800,before_trump
2002-05-01,16.33614158630371,16.575791635682634,15.714193762866389,16.301906175913597,46014800,before_trump
2002-05-02,15.90249252319336,16.672795357587663,15.84543277182083,16.267673190658762,41815600,before_trump
2002-05-03,15.165888786315918,15.959586282813381,15.1259186203473,15.902485578955924,50945400,before_trump
2002-05-06,14.720511436462402,15.417137245864112,14.703380891888921,15.131634704274036,44269700,before_trump
2002-05-07,14.931775093078613,15.405709026877568,14.594882178667948,14.931775093078613,55914400,before_trump
2002-05-08,16.547727584838867,16.593407949407762,15.457107927788991,15.554178838636112,58152400,before_trump
2002-05-09,16.125179290771484,16.473492650867858,15.873936813532845,16.359291227821526,41394900,before_trump
2002-05-10,15.422846794128418,16.336455107525172,15.371456251623833,16.25080347728038,43997500,before_trump
2002-05-13,16.285066604614258,16.30790624352918,15.47994945668127,15.531340005622173,40695200,before_trump
2002-05-14,17.21579933166504,17.330000759343644,16.77041615975065,17.084468452208515,57087400,before_trump
2002-05-15,17.267192840576172,17.701156815784874,16.844649227924318,16.9474303127245,53419600,before_trump
2002-05-16,17.56982421875,17.581244580205134,17.078759567235437,17.255770813367537,37284100,before_trump
2002-05-17,17.81536102294922,17.9067217593454,17.467047534747604,17.70115955790105,53195200,before_trump
2002-05-20,17.2386417388916,17.586954058077993,17.084470123178182,17.4727537083354,37234800,before_trump
2002-05-21,16.599119186401367,17.324295973003014,16.536308272711278,17.244355602201715,48063600,before_trump
2002-05-22,16.89603614807129,16.941716499399785,16.393551194352355,16.507752617226338,41216600,before_trump
2002-05-23,16.781845092773438,17.01595717410115,16.23939072176544,16.930306598584746,42332100,before_trump
2002-05-24,16.365009307861328,16.559151167296037,16.216547821875608,16.439240595407195,26029600,before_trump
2002-05-28,16.187997817993164,16.342169485094526,15.799714103414619,16.30790838855689,42888200,before_trump
2002-05-29,15.571314811706543,15.982438236138446,15.55989444430689,15.919627304546532,35346600,before_trump
2002-05-30,15.65695858001709,15.822549478874368,15.188734611316624,15.422846595666858,40982400,before_trump
2002-05-31,15.771157264709473,16.233670971210238,15.651245658368971,15.942458314789604,38515500,before_trump
2002-06-03,15.200155258178711,15.828259956273145,15.097374172568864,15.662669054317291,34869600,before_trump
2002-06-04,15.702641487121582,15.714061851406719,14.971754509461078,14.977464691603647,49303700,before_trump
2002-06-05,16.090925216674805,16.102345581000186,15.354328054275907,15.759742274979907,41646700,before_trump
2002-06-06,15.41714096069336,15.748323945173642,15.245839830105844,15.70264357107657,53854700,before_trump
2002-06-07,12.562113761901855,12.990367640148511,12.390812646245568,12.756255607168814,151697500,before_trump
2002-06-10,12.031082153320312,12.727709354365595,11.985401770391624,12.72199917036123,67962100,before_trump
2002-06-11,11.545721054077148,12.499299476230847,11.522881419727304,12.24234787199048,69932400,before_trump
2002-06-12,12.322285652160645,12.333706011503056,11.420097957112938,11.48290884439079,76957400,before_trump
2002-06-13,12.053915977478027,12.544979540103133,11.991105078552764,12.33941847934833,49372400,before_trump
2002-06-14,12.150997161865234,12.208096839310207,11.454369770328592,11.734162328413795,50410100,before_trump
2002-06-17,12.88187313079834,12.887583311772824,12.190957569470875,12.367968823257188,53044600,before_trump
2002-06-18,12.573526382446289,13.1274006650927,12.567816203560623,12.642046350863751,51943800,before_trump
2002-06-19,11.4714937210083,12.11101888860752,11.431523534171587,11.968267598987312,65481800,before_trump
2002-06-20,10.986136436462402,11.762703610928957,10.97471607469539,11.488621463154518,76656900,before_trump
2002-06-21,10.69492244720459,11.21453686433759,10.506490857355319,10.894774397433938,80815300,before_trump
2002-06-24,11.037530899047852,11.397263709745266,10.500785685352412,10.51791623409268,70345000,before_trump
2002-06-25,10.460813522338867,11.408681925185785,10.44939315866461,11.300191737597808,68249700,before_trump
2002-06-26,10.626402854919434,10.786283549713138,9.964037175931244,9.992586988828535,84988500,before_trump
2002-06-27,10.649242401123047,10.826253635684095,10.203859224543278,10.791993642663854,72620200,before_trump
2002-06-28,10.432260513305664,11.03181526455544,10.340899810050564,10.68350190270444,63858200,before_trump
2002-07-01,10.01543140411377,10.717767515821373,9.986880491581376,10.477945296079026,48681300,before_trump
2002-07-02,9.461554527282715,10.169600735148205,9.3987436164774,9.969748728217875,77807700,before_trump
2002-07-03,10.13533878326416,10.152469325398402,9.284541461164519,9.290251641875932,63562800,before_trump
2002-07-05,11.157440185546875,11.197410368321385,10.620695086175065,10.677795814041136,34149100,before_trump
2002-07-08,10.563591003417969,11.180276272485719,10.318058713946517,10.997554872629415,57648600,before_trump
2002-07-09,10.25525188446045,10.535045364006328,10.135341326745829,10.4379744457634,53507600,before_trump
2002-07-10,9.598593711853027,10.43797175597757,9.575754078266936,10.426551394631721,73848000,before_trump
2002-07-11,10.420842170715332,10.449391987595558,9.427293513624745,9.558624413842914,89828400,before_trump
2002-07-12,10.272385597229004,10.780579984559948,10.112503715222022,10.73489960243027,74887900,before_trump
2002-07-15,10.917616844177246,10.934746298349879,9.952618021612563,10.30093144453183,79892000,before_trump
2002-07-16,10.483651161193848,11.10604663970689,10.358029375996956,10.597851496975426,98863000,before_trump
2002-07-17,11.100340843200684,11.351582334601535,10.7406069751173,11.020399378567747,96553800,before_trump
2002-07-18,10.95759105682373,11.277353692001668,10.84909975433072,10.997561250082711,57109500,before_trump
2002-07-19,10.649247169494629,11.111761094235334,10.563596604039835,10.677798084050245,62042100,before_trump
2002-07-22,10.426552772521973,10.963297846547132,10.420842591094438,10.546463315182987,77366100,before_trump
2002-07-23,10.169601440429688,10.700636405433558,10.141051618505006,10.50649456684922,71030900,before_trump
2002-07-24,10.6777982711792,10.689217548095542,9.724219490430658,9.849840249358795,83101300,before_trump
2002-07-25,9.981170654296875,10.677797696698416,9.764189157075634,10.426555103253303,80606500,before_trump
2002-07-26,10.169601440429688,10.3922941900446,9.718507937205533,10.095371249961978,57020100,before_trump
2002-07-29,10.786286354064941,10.791996535950114,10.278092146448838,10.466523792236167,55085100,before_trump
2002-07-30,10.831968307495117,10.911909776497328,10.42084495346401,10.603566444144503,60407100,before_trump
2002-07-31,10.729186058044434,10.831966058381818,10.28380170015936,10.803416239805728,54030300,before_trump
2002-08-01,10.026848793029785,10.763445861153244,9.969748067816953,10.689214591644838,55134100,before_trump
2002-08-02,9.54149055480957,10.026844896864214,9.433000417077897,10.026844896864214,55576300,before_trump
2002-08-05,9.0784273147583,9.724436372106572,9.044125712464869,9.53577892250638,59625800,before_trump
2002-08-06,9.793042182922363,10.25039450851551,9.244220700704215,9.335690947740574,83272800,before_trump
2002-08-07,10.130329132080078,10.376155587335223,9.507188007497128,10.284685430553349,71381700,before_trump
2002-08-08,10.507649421691895,10.530517518324087,9.735869697340057,10.056015417314715,60914400,before_trump
2002-08-09,10.210372924804688,10.439048464300837,10.073167601106999,10.244673983126365,45576200,before_trump
2002-08-12,10.021714210510254,10.067449312668892,9.718718477202508,9.833056777804522,35477300,before_trump
2002-08-13,9.547209739685059,10.284688214680056,9.541492717037276,9.947391511334796,48730600,before_trump
2002-08-14,10.456192016601562,10.473341988219415,9.558639397850472,9.672977630550415,55038600,before_trump
2002-08-15,10.639144897460938,10.747765147518914,10.301847911591143,10.484788427911406,51558800,before_trump
2002-08-16,10.719172477722168,10.873528823099914,10.278971532938497,10.324706625227021,54921500,before_trump
2002-08-19,11.125075340270996,11.222262583107561,10.541952973662621,10.639140216499186,51720400,before_trump
2002-08-20,10.84494400024414,11.045035443285531,10.719172765674722,10.964999302233231,45347100,before_trump
2002-08-21,11.199393272399902,11.245128371959241,10.747758210141981,10.993584779177478,57883400,before_trump
2002-08-22,10.947842597961426,11.147933938007682,10.79920334793878,11.107915888080447,55744000,before_trump
2002-08-23,10.267536163330078,10.770623204044567,10.227518099039022,10.770623204044567,48371600,before_trump
2002-08-26,10.364723205566406,10.416175313300139,10.067445693606514,10.347573229928798,46069000,before_trump
2002-08-27,9.821627616882324,10.26754481221373,9.804476536134429,10.238960768045294,60623500,before_trump
2002-08-28,9.627246856689453,9.970260617626339,9.587228784488776,9.781603212672655,55663700,before_trump
2002-08-29,9.798755645751953,9.975980139036402,9.438591815343127,9.47860989756511,50516700,before_trump
2002-08-30,9.530060768127441,9.764453296194485,9.518626720316654,9.655832022813646,32857100,before_trump
2002-09-03,9.066993713378906,9.43287512668806,9.061277233718911,9.415724052091576,58140400,before_trump
2002-09-04,9.209916114807129,9.244217171748584,8.90692035565993,9.038409194483433,66790200,before_trump
2002-09-05,8.638221740722656,9.04983802803514,8.59248665826629,9.038404530023643,86969600,before_trump
2002-09-06,9.272801399230957,9.461458851994731,9.209916308583674,9.375705662631372,77957400,before_trump
2002-09-09,9.19276237487793,9.341401699061068,8.969803388603221,9.164178350785667,51444400,before_trump
2002-09-10,9.41572093963623,9.512908149401488,9.204196541589313,9.255648657959783,57279400,before_trump
2002-09-11,9.501474380493164,9.741583872864053,9.478606290548058,9.564359447021117,45864800,before_trump
2002-09-12,8.975521087646484,9.364269405680574,8.958370562858084,9.352836449428777,48750200,before_trump
2002-09-13,9.164178848266602,9.261366062031012,8.941219849888478,8.975520898743364,44670900,before_trump
2002-09-16,8.975521087646484,9.227064116962659,8.884050895167876,9.141310947815303,41224000,before_trump
2002-09-17,8.901201248168945,9.34711924570427,8.861183176033215,9.238497985328227,55756400,before_trump
2002-09-18,8.7354154586792,8.94694050949763,8.57534255039604,8.701114393792748,51894800,before_trump
2002-09-19,8.5639066696167,8.889769987676168,8.518171562732123,8.586774768264469,56278400,before_trump
2002-09-20,8.518170356750488,8.678243753389193,8.472435256340972,8.638225131626815,76653900,before_trump
2002-09-23,8.07796859741211,8.420981796063336,8.060818073780878,8.415265318323135,62986100,before_trump
2002-09-24,8.19802474975586,8.575339605149574,7.946481149356442,8.003650298139604,84156500,before_trump
2002-09-25,8.689676284790039,8.855466141548339,8.249475856240899,8.323795522402252,72720800,before_trump
2002-09-26,8.661091804504395,8.969803973600255,8.420982279073685,8.941219947643784,72311200,before_trump
2002-09-27,8.358098030090332,8.741129928973187,8.28377835095727,8.569623019066539,65195700,before_trump
2002-09-30,7.940764427185059,8.16943992489588,7.814992630841412,8.146572375124798,76123100,before_trump
2002-10-01,8.386680603027344,8.403831126360474,7.917895633749555,8.03223336464593,68218600,before_trump
2002-10-02,8.17515754699707,8.695394751270491,8.140855947227145,8.44385168537762,78381500,before_trump
2002-10-03,7.912180423736572,8.340947421740747,7.889312872317901,8.16944051349799,61416800,before_trump
2002-10-04,7.837859630584717,8.192306899765576,7.769256986085714,8.089402660414395,65440500,before_trump
2002-10-07,7.900746822357178,8.152290447397423,7.79784310775477,7.849294692453242,56912400,before_trump
2002-10-08,7.557734966278076,8.055104741084108,7.483415269554569,8.026520158466518,85399200,before_trump
2002-10-09,7.694940090179443,7.895031617617528,7.403378337125853,7.431962918932086,81753200,before_trump
2002-10-10,8.106555938720703,8.243761265094316,7.712089943889691,7.712089943889691,83505000,before_trump
2002-10-11,8.701107025146484,8.718257543065569,8.089399403844359,8.22660518281244,77757500,before_trump
2002-10-14,8.632508277893066,8.683959854714123,8.346663640150984,8.529604033840195,48236600,before_trump
2002-10-15,9.444305419921875,9.461455397285912,8.643940248881472,9.11272519728159,109131100,before_trump
2002-10-16,7.7406744956970215,8.072254305858502,7.672071832753836,7.734957470817048,155210300,before_trump
2002-10-17,8.135135650634766,8.169437236606576,7.952195312665673,8.12941917397714,103266700,before_trump
2002-10-18,8.266624450683594,8.28949199299399,7.826423579701961,8.14085269537381,73323700,before_trump
2002-10-21,8.832598686218262,8.878333781994764,8.089402562042103,8.129421179750553,87945600,before_trump
2002-10-22,8.64394474029541,8.84403627332486,8.426702675785185,8.489588866557302,74188700,before_trump
2002-10-23,9.238497734069824,9.307100920444345,8.586772370359833,8.615356395276335,91799700,before_trump
2002-10-24,8.935505867004395,9.52434582795063,8.901204261272966,9.347122409753906,86356300,before_trump
2002-10-25,9.484326362609863,9.490043386934383,8.912637015088647,8.9698056227175,69819200,before_trump
2002-10-28,9.610095977783203,9.878790622883187,9.455740709146353,9.793036363138516,85986500,before_trump
2002-10-29,9.375706672668457,9.67870247083217,9.175615148990952,9.547214160282495,79050400,before_trump
2002-10-30,9.713000297546387,9.935958757742345,9.36998652696057,9.4786077905684,80766700,before_trump
2002-10-31,9.890225410461426,10.01028074208732,9.615814781617825,9.781605218050986,77160500,before_trump
2002-11-01,10.461915016174316,10.564819277056513,9.66726714222326,9.77588842764457,85017800,before_trump
2002-11-04,10.730610847473145,10.993587461500255,10.536236354317866,10.787780008473705,80962600,before_trump
2002-11-05,10.50168514251709,10.742050726679487,10.135413100438393,10.507408262565425,71532500,before_trump
2002-11-06,10.959528923034668,11.00531281312147,10.43873676395704,10.581811556925048,81286600,before_trump
2002-11-07,10.553197860717773,10.919469010071824,10.415846179710005,10.690549541725543,66486000,before_trump
2002-11-08,10.387228012084961,10.805006075627444,10.32999788616468,10.513134507424349,49747500,before_trump
2002-11-11,9.923666954040527,10.392952063743133,9.883606189784054,10.278491801661248,40879200,before_trump
2002-11-12,10.18120288848877,10.478797631099194,10.015235603110256,10.02668184863444,54639500,before_trump
2002-11-13,10.370061874389648,10.43301404345209,10.03240526264224,10.083912277422291,65938300,before_trump
2002-11-14,10.993865013122559,11.039649988309193,10.644763309915572,10.7992843264488,64924500,before_trump
2002-11-15,10.75921630859375,10.82789264045124,10.358607829407063,10.576080879071464,73472600,before_trump
2002-11-18,10.616145133972168,10.976694085387038,10.576084381942433,10.919463971813006,52772600,before_trump
2002-11-19,10.387228012084961,10.633316789440464,10.307106490740884,10.478795776927864,51321400,before_trump
2002-11-20,10.959528923034668,10.97097516844988,10.347168983783439,10.43873676395704,64934300,before_trump
2002-11-21,11.566162109375,11.65773095238247,11.073985718311908,11.102600231294824,90938900,before_trump
2002-11-22,11.474594116210938,11.669175856801957,11.222783350859707,11.337242491953809,59559700,before_trump
2002-11-25,11.720686912536621,11.766470803149105,11.388753432702593,11.474598091154245,53680200,before_trump
2002-11-26,11.560443878173828,11.846593468311061,11.445983605489312,11.737856318418176,70854100,before_trump
2002-11-27,11.96104621887207,12.075506430019994,11.674896782575736,11.77218763457943,50910900,before_trump
2002-11-29,11.949610710144043,12.189976496143395,11.789367580527445,12.127024305897352,20667400,before_trump
2002-12-02,12.046891212463379,12.642082582739636,11.886648221676316,12.521899248075831,83017000,before_trump
2002-12-03,11.623393058776855,11.966772697015319,11.53182530078977,11.961049575694405,53659700,before_trump
2002-12-04,11.257123947143555,11.474597136567462,11.045372788442885,11.102602919840955,75039800,before_trump
2002-12-05,10.850790977478027,11.531827247607445,10.805007090755192,11.486043360884608,87944700,before_trump
2002-12-06,10.707715034484863,10.885128531434413,10.51885638577554,10.650486000964461,71640400,before_trump
2002-12-09,10.118247032165527,10.587532062443659,10.095354546994022,10.558917547553051,71922900,before_trump
2002-12-10,10.375782012939453,10.587533156359147,10.141139473556866,10.204092722709131,58576400,before_trump
2002-12-11,10.392951011657715,10.536025778989538,10.164031602241568,10.267045609372296,55585900,before_trump
2002-12-12,10.410124778747559,10.633321160862781,10.27277307501709,10.536030234273577,54295800,before_trump
2002-12-13,10.061017990112305,10.301383652329617,10.049571746298648,10.215539006874982,53468200,before_trump
2002-12-16,10.42729377746582,10.438740026458417,10.072468791290383,10.123975820182686,51245600,before_trump
2002-12-17,10.238429069519043,10.47879470043216,10.158307556405921,10.410119429641984,52191400,before_trump
2002-12-18,9.80348014831543,10.072461342862137,9.74052800855704,10.038123712850874,54053300,before_trump
2002-12-19,9.729086875915527,10.003790243375345,9.528781927802436,9.71764062937783,59466800,before_trump
2002-12-20,9.734804153442383,9.96372348885969,9.700466526023162,9.820648767777186,69088400,before_trump
2002-12-23,9.849266052246094,9.958003176566496,9.63179289517909,9.648962259516145,35447500,before_trump
2002-12-24,9.603180885314941,9.814930976188926,9.60318088531494,9.740532561129601,21515900,before_trump
2002-12-26,9.551673889160156,9.866438010405636,9.517335151458617,9.666133073443017,29989200,before_trump
2002-12-27,9.38570499420166,9.63751690310499,9.322752835656255,9.488719006551836,31252300,before_trump
2002-12-30,9.019436836242676,9.471552702453408,9.00799058859829,9.40860052355779,56796600,before_trump
2002-12-31,8.910698890686035,9.053773699056908,8.824854223978344,8.990820979857073,49986600,before_trump
2003-01-02,9.551674842834473,9.574566245346972,8.962206218992417,9.168234299475893,57135100,before_trump
2003-01-03,9.465829849243164,9.643242306047329,9.351369565874835,9.540228269330665,50271500,before_trump
2003-01-06,9.832098960876465,9.992342014314717,9.500165518159312,9.557395647918945,57114300,before_trump
2003-01-07,9.935113906860352,10.101080097979839,9.729085857054335,10.020958563754848,63853500,before_trump
2003-01-08,9.545951843261719,9.900776773619135,9.49444482247206,9.826378350019745,55719700,before_trump
2003-01-09,9.763422966003418,9.946558515086993,9.64896379361317,9.660408946750412,58692700,before_trump
2003-01-10,9.969450950622559,10.01523483764598,9.648963741458598,9.751977760154793,54995200,before_trump
2003-01-13,9.946557998657227,10.28993768114749,9.86071335092814,10.215539277535328,66865000,before_trump
2003-01-14,10.181203842163086,10.20981836707982,9.923668751615866,10.04957418945331,80562500,before_trump
2003-01-15,9.9293851852417,10.307102335850802,9.923662065799329,10.267041591327628,99754800,before_trump
2003-01-16,9.843548774719238,10.032407507310309,9.792041748414917,9.986623605214726,54420100,before_trump
2003-01-17,9.351366996765137,9.700469782712466,9.317029357817914,9.66613105219138,67963800,before_trump
2003-01-21,9.32275390625,9.494443218833915,9.288415170473995,9.311307660991332,57401500,before_trump
2003-01-22,9.299857139587402,9.551668961622973,9.242627031182929,9.276964659596203,60169100,before_trump
2003-01-23,9.540225982666016,9.60317923258696,9.26552267831373,9.46010445845674,51948900,before_trump
2003-01-24,9.070941925048828,9.437213038982351,9.01371179060321,9.408598517546553,60831600,before_trump
2003-01-27,9.088109016418457,9.231183233712848,8.859189068016237,8.864912189528347,56559500,before_trump
2003-01-28,9.17395305633545,9.317027801553305,9.042324006925865,9.21401381034466,58387000,before_trump
2003-01-29,9.534506797790527,9.551676170742498,8.98509941643252,9.12245112532523,63040400,before_trump
2003-01-30,9.03088092803955,9.557396764282391,9.019435228222875,9.51733490466942,55537500,before_trump
2003-01-31,8.962201118469238,9.070938220348733,8.664605959940344,8.807680691833625,65637900,before_trump
2003-02-03,9.03088092803955,9.14534065514146,8.87063731009688,8.956481968976552,43773800,before_trump
2003-02-04,8.950758934020996,9.030880465999621,8.773345956749608,8.910697622244681,41066900,before_trump
2003-02-05,8.927838325500488,9.254466383645223,8.881995810198976,9.036714709205992,50881700,before_trump
2003-02-06,8.830425262451172,9.002335015159584,8.744470659339983,8.87626779030861,47355000,before_trump
2003-02-07,8.624131202697754,8.956489699455451,8.532446175521267,8.899186284227213,49537900,before_trump
2003-02-10,8.75019645690918,8.853341816472891,8.5267138426306,8.635589651749449,52977000,before_trump
2003-02-11,8.790308952331543,8.899184766918859,8.629860182129159,8.818960655060556,47251200,before_trump
2003-02-12,8.681432723999023,8.836151593209904,8.6585114707625,8.755926933639175,38401800,before_trump
2003-02-13,8.899185180664062,8.939297784943925,8.652781837304515,8.78457891090546,54625400,before_trump
2003-02-14,9.254465103149414,9.283117354355745,8.899185385478107,8.98514049963966,54749800,before_trump
2003-02-18,9.586820602416992,9.598281499356197,9.27165358738784,9.403450623274846,50500400,before_trump
2003-02-19,9.615472793579102,9.775920977988722,9.455023516198196,9.735808931886316,51793600,before_trump
2003-02-20,9.71861743927002,9.798842623230192,9.638393348281117,9.7873817265257,52122900,before_trump
2003-02-21,9.621209144592285,9.77019652352688,9.409186794155898,9.764467164544127,61341900,before_trump
2003-02-24,9.477947235107422,9.798844762078389,9.466486335901298,9.558171343607288,49143300,before_trump
2003-02-25,9.586820602416992,9.621203293234611,9.168507700877562,9.334687427582187,58507600,before_trump
2003-02-26,9.306037902832031,9.655587710756164,9.231544236915738,9.466487227922302,53413000,before_trump
2003-02-27,9.569631576538086,9.60974362799526,9.340417980260355,9.386260480921615,50289500,before_trump
2003-02-28,9.884798049926758,9.907719845393423,9.632663764650268,9.730079209440863,65249200,before_trump
2003-03-03,9.546711921691895,9.919182459756279,9.500869410745073,9.816036536883011,58274100,before_trump
2003-03-04,9.52379035949707,9.689969036927481,9.443565152798508,9.563902416360563,50779600,before_trump
2003-03-05,9.730079650878906,9.793113498300613,9.512328048923372,9.546709650711843,49337000,before_trump
2003-03-06,9.546711921691895,9.735812415968992,9.495138960255261,9.661318745544785,56422200,before_trump
2003-03-07,9.174240112304688,9.277386020884482,9.008060896529331,9.088285006326272,91034200,before_trump
2003-03-10,9.111204147338867,9.22581092875295,9.002328360778252,9.12266504407453,57545600,before_trump
2003-03-11,9.08255672454834,9.225814713601242,9.05963546815931,9.15132049371543,49677600,before_trump
2003-03-12,9.265928268432617,9.288848982028393,8.93356972400468,9.059636927697122,61890000,before_trump
2003-03-13,9.94210147857666,9.947831927462321,9.397720857123948,9.523788546665747,78008100,before_trump
2003-03-14,9.838960647583008,9.993679568198154,9.672780823298904,9.976488212694717,73086100,before_trump
2003-03-17,10.348959922790527,10.417724259039241,9.70716455167207,9.741546173310404,77678200,before_trump
2003-03-18,10.457833290100098,10.480755093170583,10.188508661852273,10.411990776930857,62210200,before_trump
2003-03-19,10.30311107635498,10.429178766652377,10.125471531720274,10.366144921503679,64608400,before_trump
2003-03-20,10.469292640686035,10.66412356603546,10.199966959365117,10.240080108795995,68798500,before_trump
2003-03-21,10.84175968170166,10.893332621539908,10.601086326780232,10.709962654546672,73448400,before_trump
2003-03-24,10.211430549621582,10.497946563215777,10.205700098193077,10.360419007847186,64780300,before_trump
2003-03-25,10.337496757507324,10.45210249011545,10.114013556923851,10.274462894141257,60596500,before_trump
2003-03-26,10.25153923034668,10.343224236973555,10.199966277497625,10.30884263273135,44360100,before_trump
2003-03-27,10.073895454406738,10.21142290684237,9.982210486116315,10.09108679582533,46430300,before_trump
2003-03-28,9.867609977722168,10.114013895896862,9.856150169157461,9.982216807143054,37304200,before_trump
2003-03-31,9.328956604003906,9.638393158121296,9.31749570752553,9.540977723997605,66443100,before_trump
2003-04-01,9.409181594848633,9.540978638062905,9.3289574977567,9.38625979969588,45993300,before_trump
2003-04-02,10.039521217346191,10.085363735065826,9.741544305682659,9.741544305682659,56811800,before_trump
2003-04-03,10.068166732788086,10.314570537162359,9.999403541270887,10.09681897339627,55164700,before_trump
2003-04-04,9.770195007324219,10.13120577364315,9.655589264931185,10.102553518316052,56633700,before_trump
2003-04-07,9.942103385925293,10.366146848072734,9.942103385925293,10.343225048132645,59299000,before_trump
2003-04-08,9.798847198486328,10.016598872687455,9.70716216798356,9.965025906408178,48778100,before_trump
2003-04-09,9.558173179626465,9.987947145667427,9.54098182751501,9.82749780487565,56516400,before_trump
2003-04-10,9.672781944274902,9.730085376288642,9.489411836208582,9.6613221322498,44893000,before_trump
2003-04-11,9.59255313873291,9.959293176839207,9.53524973453592,9.884799516463188,41744200,before_trump
2003-04-14,9.83322525024414,9.856147046053811,9.540978911499128,9.638394357747465,41620500,before_trump
2003-04-15,9.816035270690918,9.93637252951105,9.695699104842317,9.816035270690918,62708600,before_trump
2003-04-16,10.40626049041748,10.497945518203135,10.199968631413885,10.29165365919954,106294400,before_trump
2003-04-17,10.692773818969727,10.709965167272909,10.251539049264625,10.308842450637096,68959100,before_trump
2003-04-21,10.687047958374023,10.767273191931437,10.480757155015393,10.629744532396426,50354700,before_trump
2003-04-22,10.887604713439941,10.899065612293558,10.452100393745766,10.480752640879809,60474700,before_trump
2003-04-23,11.16265869140625,11.208501189591786,10.82456985742365,10.916254853794724,63125000,before_trump
2003-04-24,10.858955383300781,11.088167934017523,10.709966952091985,11.088167934017523,65451700,before_trump
2003-04-25,10.47502326965332,10.652662848283033,10.34895555523026,10.629741048216447,60849000,before_trump
2003-04-28,10.744343757629395,10.818837393441644,10.417715882272846,10.509400861566924,51125000,before_trump
2003-04-29,10.841761589050293,11.042322935597323,10.715694987806843,10.870412741569265,60841900,before_trump
2003-04-30,10.543787956237793,10.83603439006638,10.520867245942158,10.795922327320215,64415500,before_trump
2003-05-01,10.618280410766602,10.750077471927714,10.48648225663399,10.526595403613522,52929100,before_trump
2003-05-02,10.904799461364746,10.933450624459509,10.53805823451529,10.6297432679847,59571700,before_trump
2003-05-05,10.910531997680664,11.14572213156986,10.881849606888483,11.036731234802248,55276200,before_trump
2003-05-06,11.203091621398926,11.289136650097703,10.858910412481919,10.887591724007542,62109200,before_trump
2003-05-07,11.01379108428955,11.208827047853559,10.933481450154972,11.059681834885682,53515100,before_trump
2003-05-08,10.824487686157227,11.053941356145746,10.807278250612562,10.853168984610265,54055600,before_trump
2003-05-09,11.231766700744629,11.231766700744629,10.996576575544562,11.088358034445989,51872500,before_trump
2003-05-12,11.466961860656738,11.489907782517434,11.145726613459422,11.174407921663516,68815600,before_trump
2003-05-13,11.375177383422852,11.449749421703515,11.2719229503254,11.35223256169091,46439800,before_trump
2003-05-14,11.277657508850098,11.455483949946679,11.07114867782097,11.421066176148924,57713200,before_trump
2003-05-15,11.472702980041504,11.535803196550843,11.248985622049805,11.386657926515637,71834200,before_trump
2003-05-16,11.185880661010742,11.472698113857172,11.1571993533748,11.300608079798016,56693900,before_trump
2003-05-19,10.709757804870605,11.076883591179675,10.686811896165716,10.985102144602408,59059300,before_trump
2003-05-20,10.704021453857422,10.813012333247979,10.617976483442208,10.709757931101258,56797200,before_trump
2003-05-21,10.807276725769043,10.835958020175319,10.652395110084157,10.778595431362767,49470700,before_trump
2003-05-22,10.767121315002441,10.933474774040267,10.74417540665453,10.858902760151821,60999000,before_trump
2003-05-23,10.790067672729492,10.89332208682319,10.738440465682645,10.767122855220498,36898400,before_trump
2003-05-27,11.346497535705566,11.35223401540351,10.709762512815049,10.721235472210935,71371300,before_trump
2003-05-28,11.3235502243042,11.53005909154646,11.248978185645324,11.386650399099667,69176900,before_trump
2003-05-29,11.948810577392578,12.029119084065012,11.346494589106632,11.357966451401733,122283700,before_trump
2003-05-30,11.943072319030762,12.052063200498868,11.725091650215731,11.971754705796673,69245000,before_trump
2003-06-02,11.690672874450684,12.138108264289853,11.644782149399578,12.046326814187642,73472400,before_trump
2003-06-03,12.10368824005127,12.11516119270782,11.575944453180796,11.679198838847777,67898600,before_trump
2003-06-04,12.264310836791992,12.333147490244018,11.960285110526055,12.063539543643351,79271300,before_trump
2003-06-05,12.528180122375488,12.591280280362085,11.931599595537987,12.097954159640398,88161800,before_trump
2003-06-06,12.482293128967285,13.14770939609291,12.4708201706082,12.883836824441559,105871500,before_trump
2003-06-09,12.430665016174316,12.493765188488153,12.126638206260276,12.384774280161013,50303400,before_trump
2003-06-10,12.602747917175293,12.608484392716974,12.315930704816195,12.568330158046034,52440200,before_trump
2003-06-11,12.556866645812988,12.597020910667423,12.2757856977103,12.350358841687097,54241500,before_trump
2003-06-12,12.700271606445312,12.814998981370849,12.55112645669065,12.625699578628648,59508600,before_trump
2003-06-13,12.252833366394043,12.65437686307654,12.161051933202558,12.597013193801615,58853400,before_trump
2003-06-16,12.545394897460938,12.585549162690603,12.229895067287613,12.333149517376278,52015900,before_trump
2003-06-17,12.304465293884277,12.625700433660446,12.264309944056023,12.602754519472873,50766600,before_trump
2003-06-18,12.476554870605469,12.602754112194566,12.126637349402982,12.218418814944393,62519500,before_trump
2003-06-19,12.115167617797852,12.57407502622439,12.115167617797852,12.424929844955374,69563700,before_trump
2003-06-20,11.857030868530273,12.287256950706087,11.8398214313595,12.241366212372194,78909400,before_trump
2003-06-23,11.679203987121582,12.029120444424073,11.50137642492039,11.87423989177217,59628100,before_trump
2003-06-24,11.730829238891602,11.897182721408706,11.495639115736235,11.535793366891355,63799700,before_trump
2003-06-25,11.495636940002441,11.948807666853453,11.466954555947897,11.776717739010502,61250600,before_trump
2003-06-26,11.834083557128906,11.908656681955662,11.558739159587144,11.644784147053773,52904900,before_trump
2003-06-27,11.799664497375488,12.120899592896283,11.776719680470347,11.87423761409003,63348200,before_trump
2003-06-30,11.93734073638916,12.218421677220666,11.811141465236737,12.126640190178609,51457500,before_trump
2003-07-01,12.281525611877441,12.333152850875981,11.765254316014001,11.971763272008163,64496600,before_trump
2003-07-02,12.740426063537598,12.803526230169656,12.315936520106822,12.42492741862001,74291500,before_trump
2003-07-03,12.45934772491455,12.797792351582904,12.453611245498967,12.602756427939394,40502400,before_trump
2003-07-07,13.141963958740234,13.18211819150452,12.71747463589943,12.757628868663714,56553100,before_trump
2003-07-08,13.279642105102539,13.423050769507796,13.004297732033551,13.096079189723214,64980800,before_trump
2003-07-09,13.46894359588623,13.761497448127246,13.337007866676002,13.365689166375113,78521900,before_trump
2003-07-10,13.141963958740234,13.365681023638837,12.969874077144508,13.233745374807395,63261600,before_trump
2003-07-11,13.38863468170166,13.480416150944334,13.233753042059117,13.359953382858857,46535400,before_trump
2003-07-14,13.778700828552246,14.099935839306594,13.68118292066527,13.922109452261273,76909400,before_trump
2003-07-15,13.824602127075195,14.20893757658812,13.577938930416211,14.019638092148728,102323700,before_trump
2003-07-16,14.518696784973145,14.627687705604236,14.237615858395339,14.478542523193683,128925700,before_trump
2003-07-17,14.300713539123535,14.398231483886821,14.11141412800908,14.163041339596786,71736800,before_trump
2003-07-18,14.145835876464844,14.426916832857076,13.853281960026802,14.398235526864239,65296900,before_trump
2003-07-21,13.801652908325195,14.128624567528721,13.738553824663061,14.111416223857933,52851200,before_trump
2003-07-22,14.008164405822754,14.071264595410442,13.795919009832549,13.990954964811088,61074300,before_trump
2003-07-23,14.231874465942383,14.283501668728293,13.916375865913999,13.979476023568154,49058200,before_trump
2003-07-24,13.750020980834961,14.438382939120155,13.73854912035644,14.426909984520462,58119100,before_trump
2003-07-25,14.289238929748535,14.306448362994626,13.61234987309988,13.864749423436265,52627700,before_trump
2003-07-28,14.2031888961792,14.415433026727062,14.117143948818693,14.294970319246524,45462200,before_trump
2003-07-29,14.283510208129883,14.47280970014392,14.168783873221834,14.231882974478612,68217600,before_trump
2003-07-30,14.04831600189209,14.266297836756584,13.927853220089247,14.260561357510513,40786200,before_trump
2003-07-31,14.277764320373535,14.541636795641411,14.157301583968577,14.226137120736801,68692100,before_trump
2003-08-01,14.352347373962402,14.381028685137334,14.185992705606509,14.214675110903329,48494900,before_trump
2003-08-04,14.415445327758789,14.47280903965586,13.990955610315341,14.289246036882671,53570000,before_trump
2003-08-05,13.93320369720459,14.421181786794234,13.910239507109617,14.421181786794234,51979800,before_trump
2003-08-06,13.858567237854004,14.09394464450411,13.669117103355319,13.835604149274563,57799000,before_trump
2003-08-07,13.772457122802734,13.950425209235286,13.69782569784483,13.743752981278805,48517800,before_trump
2003-08-08,13.537079811096191,13.904498082714325,13.393556911871258,13.864311846130194,57453600,before_trump
2003-08-11,13.720797538757324,13.852838425928919,13.537088287911017,13.560052491763559,41624600,before_trump
2003-08-12,13.99061107635498,14.007833121470068,13.674860077668473,13.829865053660429,48475100,before_trump
2003-08-13,14.185803413391113,14.352290508890823,13.950425936644733,14.065244698713006,51882500,before_trump
2003-08-14,14.43266773223877,14.449890880711553,14.093953477226599,14.237476429520122,51830000,before_trump
2003-08-15,14.380992889404297,14.495811637400603,14.243211048804369,14.403957077000651,21622800,before_trump
2003-08-18,15.035457611083984,15.058420703092109,14.380992516465497,14.409697750216534,59081000,before_trump
2003-08-19,15.196207046508789,15.236394385677677,14.880457046561594,15.138798751967865,55966300,before_trump
2003-08-20,15.133057594299316,15.351211958962272,15.001015670826268,15.006756719237533,47210300,before_trump
2003-08-21,15.150277137756348,15.3741736087774,14.932122809189478,15.322505276618145,66434900,before_trump
2003-08-22,15.724361419677734,16.671613004712277,15.68417520115963,16.166412013361544,120604100,before_trump
2003-08-25,15.638256072998047,15.93678398727529,15.540660450830213,15.821965221786227,52037500,before_trump
2003-08-26,15.908082962036133,15.925306109919317,15.316769119624922,15.477514119895222,65213400,before_trump
2003-08-27,16.086042404174805,16.120487583961005,15.74158732133526,15.85066500148283,58217200,before_trump
2003-08-28,16.246793746948242,16.275498987309646,15.988453153653365,16.131976070481507,48631600,before_trump
2003-08-29,16.413284301757812,16.447729502429727,16.09753425644669,16.17790675634555,41986600,before_trump
2003-09-02,16.499399185180664,16.556808587605136,16.17216701485243,16.516622334405987,58841200,before_trump
2003-09-03,16.20086097717285,16.631429582010824,16.097525431805508,16.61420753861256,60714800,before_trump
2003-09-04,16.419023513793945,16.49939600469936,16.097532455179227,16.258277436990056,63744700,before_trump
2003-09-05,16.4821720123291,16.706068517627624,16.28698184372494,16.551063497419342,68429900,before_trump
2003-09-08,16.75200080871582,16.763482908823004,16.533845286652642,16.579772592088048,52154000,before_trump
2003-09-09,16.528100967407227,16.72329114272344,16.453468431410307,16.648659701719566,49792900,before_trump
2003-09-10,15.879376411437988,16.355872480949948,15.862153266156945,16.327168333807897,57999300,before_trump
2003-09-11,16.091794967651367,16.275504184657404,15.666967129576578,15.856417396488219,56654900,before_trump
2003-09-12,16.269760131835938,16.298464281072704,15.8162271279419,15.965491112957922,51931600,before_trump
2003-09-15,16.068830490112305,16.33291330623605,16.022903186655128,16.26402180355364,36350400,before_trump
2003-09-16,16.59699058532715,16.642917876492287,16.08604933424083,16.120494528866434,48748000,before_trump
2003-09-17,16.57976531982422,16.86681112663899,16.51661598692011,16.614211605036846,52827300,before_trump
2003-09-18,16.740510940551758,16.809402414234,16.338646383223153,16.470688283198044,46619000,before_trump
2003-09-19,16.74625015258789,16.855327851049744,16.55105894270572,16.820881570487447,53550300,before_trump
2003-09-22,16.37308692932129,16.516609778782396,16.189377857209863,16.419014197349146,48490600,before_trump
2003-09-23,16.614212036132812,16.64865722724635,16.315684126501136,16.367352460667885,43934300,before_trump
2003-09-24,15.94826602935791,16.648657430513087,15.925301838339923,16.591248047961013,59596400,before_trump
2003-09-25,15.758817672729492,16.27549998601719,15.73011243060666,16.040122475575096,57560700,before_trump
2003-09-26,15.655472755432129,15.982704678539218,15.626767528409829,15.787513514757368,68682000,before_trump
2003-09-29,16.286983489990234,16.30420554175882,15.770300037070328,15.816227333441752,65800400,before_trump
2003-09-30,15.799002647399902,16.172162005072504,15.753075358686244,16.172162005072504,63410200,before_trump
2003-10-01,16.436243057250977,16.49365243985084,15.965488090919303,15.971229138678579,59519900,before_trump
2003-10-02,16.43050193786621,16.619952120499164,16.30994213346734,16.40753774845964,42385100,before_trump
2003-10-03,16.99884796142578,17.1079245470972,16.763470557619527,16.80365678339242,66635500,before_trump
2003-10-06,16.97014808654785,17.10792994480889,16.866811419103854,17.039039563174807,28955800,before_trump
2003-10-07,17.194049835205078,17.217012937791523,16.734775738550848,16.809408285691518,47943100,before_trump
2003-10-08,17.033294677734375,17.222744827032024,16.935699079914823,17.176817551292977,41147400,before_trump
2003-10-09,17.090709686279297,17.44664591697164,16.924222572412273,17.056263396862885,76072800,before_trump
2003-10-10,17.4696044921875,17.50404967553433,17.274413294901063,17.314599524637806,46206700,before_trump
2003-10-13,17.682022094726562,17.762395669015937,17.49831294491012,17.630353759466576,41697500,before_trump
2003-10-14,17.84276580810547,17.854247902211263,17.527015885145435,17.676279823542487,66909700,before_trump
2003-10-15,18.2331600189209,18.818732961451055,18.152787498278098,18.812993005685257,110833700,before_trump
2003-10-16,18.502975463867188,18.520197514291006,18.026479390597956,18.08388878032776,55199000,before_trump
2003-10-17,18.175739288330078,18.594825877851093,18.124070958663893,18.525935501624705,52536500,before_trump
2003-10-20,18.462783813476562,18.491487952440103,18.118328670950483,18.14703390490674,43090700,before_trump
2003-10-21,18.4398250579834,18.560385981119627,18.376674619670627,18.53167964371486,50250800,before_trump
2003-10-22,18.095367431640625,18.65797693487869,18.032217005463334,18.238890331139693,49873700,before_trump
2003-10-23,17.923141479492188,18.020737106844987,17.733691272865332,17.750914417101576,48215300,before_trump
2003-10-24,17.84276580810547,17.900175183641682,17.429420275231703,17.77387433846346,55915500,before_trump
2003-10-27,18.0379581451416,18.11258957146616,17.934621481774656,17.940362529183133,37237300,before_trump
2003-10-28,18.755577087402344,18.79576552611695,18.118335966866333,18.164263264697695,57041700,before_trump
2003-10-29,18.830204010009766,18.899094388696735,18.617790731566647,18.663716920696075,47727900,before_trump
2003-10-30,18.88187599182129,19.1057714083273,18.847431890811794,18.99095481831422,55581700,before_trump
2003-10-31,18.91632080078125,19.019657475685772,18.812984125876728,18.904838704682312,39557700,before_trump
2003-11-03,19.542078018188477,19.582264253814582,19.03113685952604,19.13447351970334,53324900,before_trump
2003-11-04,19.335412979125977,19.519122189237525,19.272262527527655,19.46745383701949,42009400,before_trump
2003-11-05,19.381364822387695,19.461785068703794,19.094148404808838,19.341152507942276,45615300,before_trump
2003-11-06,19.599641799926758,19.657086380857887,19.2090274147419,19.473268104451684,42140200,before_trump
2003-11-07,19.456039428710938,19.823676091008817,19.381364738191735,19.771977048417718,48461500,before_trump
2003-11-10,19.18031120300293,19.611135811125322,19.088402040921647,19.536458932157007,54424600,before_trump
2003-11-11,19.191801071166992,19.209033355132057,19.019471657654172,19.099891904540996,41184300,before_trump
2003-11-12,19.588151931762695,19.697295534584143,19.249236590243676,19.28370333712728,49291000,before_trump
2003-11-13,19.40433692932129,19.524969468068594,19.203286350220722,19.473270434687453,52569600,before_trump
2003-11-14,18.841398239135742,19.519229220515697,18.783955827000177,19.438808967010882,59409400,before_trump
2003-11-17,18.513967514038086,18.715020293965384,18.186541017517108,18.611622222296962,64927100,before_trump
2003-11-18,18.28994369506836,18.743746213749354,18.2727103135693,18.674812687753107,57338800,before_trump
2003-11-19,18.680559158325195,18.73225820970928,18.221012156649316,18.33015472019837,47996500,before_trump
2003-11-20,18.284194946289062,18.8356509728415,18.24398482786573,18.525456752472586,59523800,before_trump
2003-11-21,18.565670013427734,18.594391218407754,18.3416415467811,18.485249762968685,45646200,before_trump
2003-11-24,19.220521926879883,19.237756401820295,18.669066937108113,18.669066937108113,45783200,before_trump
2003-11-25,18.996492385864258,19.381363498601893,18.985003466991337,19.203288543002426,38861700,before_trump
2003-11-26,19.157331466674805,19.300939655154487,18.89309292578108,19.186054857400382,42781700,before_trump
2003-11-28,19.266460418701172,19.318159414830564,19.030943256619583,19.036686615618233,13253800,before_trump
2003-12-01,19.55368995666504,19.611132351098455,19.254984684780144,19.42731405936727,47063000,before_trump
2003-12-02,19.444549560546875,19.76048935612864,19.42157391373959,19.639856801775945,41987300,before_trump
2003-12-03,19.15159034729004,19.726023168514953,19.099891305728306,19.570926043829747,49743600,before_trump
2003-12-04,19.266460418701172,19.36411286067592,18.87010071794737,19.237739241137152,61217300,before_trump
2003-12-05,18.439285278320312,18.801178423891294,18.381842895785557,18.64608136150373,66215400,before_trump
2003-12-08,18.175048828125,18.54843092986644,17.996975012104674,18.34163482375036,66864300,before_trump
2003-12-09,17.3765926361084,18.34163993963162,17.29617239269601,18.301429817925424,81626300,before_trump
2003-12-10,17.474246978759766,17.514457102123618,17.037677890328222,17.405314556104813,81153700,before_trump
2003-12-11,17.755720138549805,17.801674724879216,17.42254911375062,17.520202746656093,56879100,before_trump
2003-12-12,17.72699737548828,17.91081570465588,17.51445674761095,17.882093405946154,48042500,before_trump
2003-12-15,17.370847702026367,18.111866538293096,17.290427460810548,18.094633159899583,60872700,before_trump
2003-12-16,17.382339477539062,17.4914820340137,17.066400728932233,17.36510609631345,56367000,before_trump
2003-12-17,17.330631256103516,17.56040407260335,17.209999842664097,17.399563648875073,57924100,before_trump
2003-12-18,17.749969482421875,17.801668510951647,17.399566294839765,17.41105411567931,52707200,before_trump
2003-12-19,17.560407638549805,17.893578564041523,17.439777296257507,17.801669418777838,55145700,before_trump
2003-12-22,17.474246978759766,17.686787610939163,17.330638769235325,17.457013599185107,33894800,before_trump
2003-12-23,17.8705997467041,17.887832024659307,17.44551972539722,17.520195486370827,37282300,before_trump
2003-12-24,17.853370666503906,17.956768741673653,17.74997259133416,17.8476262072563,15596500,before_trump
2003-12-26,18.014211654663086,18.117609726481685,17.88783574659878,17.910813582844483,11868800,before_trump
2003-12-29,18.4680118560791,18.502476415048196,18.10037418951993,18.117607564647884,36514900,before_trump
2003-12-30,18.40483283996582,18.594394580135287,18.34738932397668,18.513974315136856,31563100,before_trump
2003-12-31,18.41057014465332,18.663321970056217,18.330149906129545,18.519713775181717,32092800,before_trump
2004-01-02,18.4737548828125,18.726504472898398,18.399078020926325,18.588641856955824,37343200,before_trump
2004-01-05,18.904579162597656,18.93904591180774,18.611619463815572,18.68055077094899,42611900,before_trump
2004-01-06,18.898836135864258,18.956278527615044,18.737993494645846,18.910322861184987,38007600,before_trump
2004-01-07,19.524965286254883,19.530708648161816,19.08265191568037,19.145839853089086,63665000,before_trump
2004-01-08,19.66857147216797,19.731757211974653,19.473264317556218,19.62835917769277,50596000,before_trump
2004-01-09,19.513484954833984,19.87537607889629,19.415830229167398,19.43306470504236,56841100,before_trump
2004-01-12,19.616878509521484,19.720276575715836,19.450292492732032,19.68580982322207,50664500,before_trump
2004-01-13,19.29520034790039,19.754746209380876,19.10563644744046,19.720281639324536,68191900,before_trump
2004-01-14,19.180313110351562,19.444551703701038,19.03670489336326,19.410087134047842,75452000,before_trump
2004-01-15,18.990751266479492,19.19180189229861,18.766720608911438,18.7896984493729,82565000,before_trump
2004-01-16,18.89309310913086,19.174566125448923,18.77246275554615,19.168820570733224,54502900,before_trump
2004-01-20,18.73225212097168,18.990747293870747,18.54268826375003,18.95053717711834,47694300,before_trump
2004-01-21,18.496734619140625,18.5541770164795,18.278449564936302,18.519712454590973,56228700,before_trump
2004-01-22,18.169307708740234,18.588644456045227,18.14633096808496,18.53694542001644,51950200,before_trump
2004-01-23,18.23824119567871,18.38759275783916,18.083144078461782,18.324405895584693,45845000,before_trump
2004-01-26,18.62885856628418,18.663325328118983,18.20952282475468,18.20952282475468,41329300,before_trump
2004-01-27,18.169307708740234,18.582898901326985,18.152075427159662,18.55417770159701,51436200,before_trump
2004-01-28,18.025697708129883,18.496733444148333,17.905067366609007,18.312914059153037,61499400,before_trump
2004-01-29,17.74422836303711,18.129098372487356,17.53168884632727,18.129098372487356,84928900,before_trump
2004-01-30,17.53169059753418,17.80167363879224,17.434036970586593,17.738485675578012,64192400,before_trump
2004-02-02,17.41680145263672,17.778694712160238,17.353613497180074,17.7499724162056,65039500,before_trump
2004-02-03,18.037193298339844,18.054426680208696,17.416805794431006,17.48573822626258,62375400,before_trump
2004-02-04,17.2664737701416,17.83013586650237,17.260721981765496,17.801378021663307,79361900,before_trump
2004-02-05,17.20895767211914,17.508044097397185,17.111179459895222,17.456279096982083,74618700,before_trump
2004-02-06,17.7611026763916,17.795613381725435,17.24920594805376,17.283715556346923,55401000,before_trump
2004-02-09,17.58281135559082,17.887649503600333,17.531046366362013,17.887649503600333,36540300,before_trump
2004-02-10,17.565555572509766,17.778366201355777,17.44477024240051,17.646078394555158,36344100,before_trump
2004-02-11,17.82438087463379,17.922159065371435,17.559805239132658,17.755361620607957,52150100,before_trump
2004-02-12,17.680585861206055,18.048691399399008,17.669082288877267,17.801371176576268,38205500,before_trump
2004-02-13,17.335485458374023,17.93940980936233,17.174439842409928,17.83012807207171,63292500,before_trump
2004-02-17,17.720849990844727,17.766863190190644,17.37575044722974,17.473528632969966,40220700,before_trump
2004-02-18,17.600065231323242,17.807124073710714,17.565555607098858,17.73810482526195,42232600,before_trump
2004-02-19,17.191692352294922,17.887643012118875,17.168686308231788,17.795616641784598,60100700,before_trump
2004-02-20,17.254961013793945,17.312477769914768,16.967378330230712,17.306725984598597,70620300,before_trump
2004-02-23,16.679800033569336,17.272220912455065,16.47849188272147,17.24921376513935,92175800,before_trump
2004-02-24,16.794830322265625,16.92711810257831,16.547509021743075,16.564763281845888,68433000,before_trump
2004-02-25,17.036405563354492,17.122680183990067,16.852351649746264,16.927123792127396,54661900,before_trump
2004-02-26,16.967376708984375,17.18018835718483,16.881102131567182,16.9903838480507,45906300,before_trump
2004-02-27,16.794830322265625,17.09966728585216,16.73731356216069,17.082413025749347,58987700,before_trump
2004-03-01,17.07666015625,17.111169771306397,16.5935211572969,16.702802884856524,65372800,before_trump
2004-03-02,17.02489471435547,17.335483435356103,17.0018875735935,17.111169298131156,65223700,before_trump
2004-03-03,16.70280647277832,17.059408464724658,16.587772935158853,17.001891695914924,68249000,before_trump
2004-03-04,17.05365562438965,17.082414555538055,16.708556129896152,16.720059702355513,60135800,before_trump
2004-03-05,16.651044845581055,16.898365136325697,16.54751486027145,16.65679553628373,118682400,before_trump
2004-03-08,15.932085037231445,16.737316530378486,15.886071840395648,16.714309383440014,105763200,before_trump
2004-03-09,16.093137741088867,16.162158115156927,15.82856201741816,15.960849879253512,92538800,before_trump
2004-03-10,15.707767486572266,16.248423294517053,15.62724467793574,16.12763908156227,88033100,before_trump
2004-03-11,15.575472831726074,15.983840674775081,15.552466795280775,15.581224615097527,97958600,before_trump
2004-03-12,15.926323890686035,15.949329927062841,15.736519428155237,15.817042201034816,56526800,before_trump
2004-03-15,15.586989402770996,15.868820440862105,15.546727982621041,15.857316864521712,54857000,before_trump
2004-03-16,15.621492385864258,15.822800497973834,15.368419299296763,15.7135187633359,67306500,before_trump
2004-03-17,15.983843803405762,16.047111238794496,15.719267201734077,15.782535734163533,55548300,before_trump
2004-03-18,15.644506454467773,15.995356762507067,15.592741457093847,15.955095341669889,70686100,before_trump
2004-03-19,15.236133575439453,15.742279816895882,15.172865020997126,15.55822594006739,83734500,before_trump
2004-03-22,15.086593627929688,15.236136817589024,14.971561164604967,15.103848991096996,73006200,before_trump
2004-03-23,15.04632568359375,15.356915503618806,15.011816069271253,15.241881993156003,70217700,before_trump
2004-03-24,15.259137153625488,15.454693460685961,15.046325491104087,15.080835104985098,69501200,before_trump
2004-03-25,15.98384952545166,15.989600214966915,15.448945443161826,15.471951492346179,84754400,before_trump
2004-03-26,15.748026847839355,16.018355265261516,15.713517233906622,15.978093866166516,65644100,before_trump
2004-03-29,15.926328659057617,16.075871779922103,15.817046936687253,15.903321518751927,66249300,before_trump
2004-03-30,15.77679443359375,15.840063008066167,15.586989807217947,15.77679443359375,62191000,before_trump
2004-03-31,15.644506454467773,15.79980034954811,15.540976459719921,15.771042505247681,57809100,before_trump
2004-04-01,15.748026847839355,15.978093866166516,15.690511190298412,15.742276159717939,55051700,before_trump
2004-04-02,16.173654556274414,16.173654556274414,15.903326065598348,16.104634212664887,78672000,before_trump
2004-04-05,16.420970916748047,16.426722702107686,16.173650728528845,16.277179573879707,47534500,before_trump
2004-04-06,16.25992774963379,16.363457707528305,16.127639957675708,16.248424177191943,70147800,before_trump
2004-04-07,15.886070251464844,16.179403666303017,15.805546342275367,16.150645832547443,72680200,before_trump
2004-04-08,15.742274284362793,16.18515071868938,15.644496142334178,16.150641108867724,71791400,before_trump
2004-04-12,15.874565124511719,15.97234328556247,15.661753445622104,15.932081883431149,51016700,before_trump
2004-04-13,15.914827346801758,16.03561155942025,15.782539562398366,16.029860870568786,83164700,before_trump
2004-04-14,15.742274284362793,15.880313820690125,15.604233650994747,15.650246829770524,79211500,before_trump
2004-04-15,15.333908081054688,15.771033876926957,15.282143112001338,15.76528209180538,90498900,before_trump
2004-04-16,15.213126182556152,15.425936778995181,15.103844442820945,15.391427160093908,63905000,before_trump
2004-04-19,15.345413208007812,15.379922825197248,15.126849739379164,15.190118285093924,51522500,before_trump
2004-04-20,14.994563102722168,15.477702168380691,14.971557055188494,15.351166164342901,50610200,before_trump
2004-04-21,15.115351676940918,15.241887708263341,14.85652672987088,15.029075963223391,61959800,before_trump
2004-04-22,15.253388404846191,15.385676198590948,14.868027499168065,14.937046740669215,65165300,before_trump
2004-04-23,15.83431339263916,15.857319452032527,15.328166921485849,15.414441564033782,65204700,before_trump
2004-04-26,15.61573600769043,15.863057235800811,15.477696482079185,15.840051196719253,56761000,before_trump
2004-04-27,15.460447311401367,15.696266162776649,15.454696622112202,15.661755444795249,53607000,before_trump
2004-04-28,15.155608177185059,15.563975075653678,15.115346775594173,15.345412711142753,61432500,before_trump
2004-04-29,15.029074668884277,15.37417420290979,14.845021876614986,15.201624984417622,76355500,before_trump
2004-04-30,14.799005508422852,15.155608539836834,14.79325372276639,15.080836423343785,71322000,before_trump
2004-05-03,14.97730541229248,15.155606353760499,14.729984149943506,14.983056100078509,61588700,before_trump
2004-05-04,15.115351676940918,15.316658750171756,14.925547081436648,15.138357729435326,60991900,before_trump
2004-05-05,15.092302322387695,15.311197820461707,14.982854023994173,15.224791731714413,41486800,before_trump
2004-05-06,14.965576171875,15.051982282591728,14.850368390490468,14.936774501207195,54138700,before_trump
2004-05-07,15.247835159301758,15.455210682772938,14.936772972808186,14.936772972808186,69608900,before_trump
2004-05-10,15.293927192687988,15.363052772764663,15.057749867056238,15.144157116830536,71539700,before_trump
2004-05-11,15.996692657470703,16.002453211496277,15.432171547524746,15.466733772964838,82353000,before_trump
2004-05-12,15.881481170654297,15.996690034850827,15.449449577987037,15.898762829897722,81059000,before_trump
2004-05-13,15.806595802307129,15.90452300493253,15.610741397056326,15.77779303758605,59959000,before_trump
2004-05-14,15.576181411743164,15.835399739126224,15.501295311442757,15.77779530013667,51872800,before_trump
2004-05-17,15.460979461669922,15.72595846155763,15.230562701177613,15.276646053276075,64859800,before_trump
2004-05-18,15.639540672302246,15.823873943486232,15.587696802442629,15.668343432620345,55177200,before_trump
2004-05-19,15.616506576538086,16.10038218007359,15.616506576538086,15.904527716799056,77032600,before_trump
2004-05-20,15.789314270019531,15.910283685391315,15.6856265136189,15.737470391819215,52381300,before_trump
2004-05-21,15.869967460632324,15.98517637852155,15.754759641456765,15.973655266989894,46798400,before_trump
2004-05-24,15.979411125183105,16.0830989010589,15.875723349307314,16.01973390497628,45718100,before_trump
2004-05-25,16.186784744262695,16.30775306919883,15.829638125412425,15.92756533552353,65523400,before_trump
2004-05-26,16.342315673828125,16.405679560856974,16.123419049653798,16.163741822866655,50431600,before_trump
2004-05-27,16.38840675354004,16.440250657544865,16.232875041525567,16.4114478782568,55379500,before_trump
2004-05-28,16.446002960205078,16.6937012607581,16.41144073880865,16.42872239886347,48045200,before_trump
2004-06-01,16.31926918029785,16.543925199957737,16.1752586859081,16.34231138678239,51164300,before_trump
2004-06-02,16.134946823120117,16.371124105570136,16.065821255682092,16.3653635500575,49706200,before_trump
2004-06-03,15.789314270019531,16.071574774269507,15.760512603780752,16.054294214011495,56286200,before_trump
2004-06-04,16.209823608398438,16.417199106596257,16.1464597273926,16.359594679462077,62251700,before_trump
2004-06-07,16.561214447021484,16.572735555545407,16.261672217679795,16.382641659754217,37487500,before_trump
2004-06-08,16.6994686126709,16.710989724064497,16.37688518464569,16.428729087203234,48237500,before_trump
2004-06-09,16.35959815979004,16.618817587683445,16.3480770521696,16.578494809725203,46163000,before_trump
2004-06-10,16.497852325439453,16.52089454650497,16.336561172835143,16.422967304403677,42508600,before_trump
2004-06-14,16.123414993286133,16.330790459023863,16.042769467149412,16.261664937540324,37832900,before_trump
2004-06-15,16.376876831054688,16.50360569560089,16.22134520271633,16.273189078829116,47001700,before_trump
2004-06-16,16.198307037353516,16.353837595274452,16.186785929740616,16.33079647876195,34035000,before_trump
2004-06-17,15.916044235229492,16.15222252923971,15.89300312039509,16.117659208918287,38966500,before_trump
2004-06-18,15.921806335449219,16.07157744191963,15.74899411190592,15.841160777624124,52413700,before_trump
2004-06-21,15.852678298950195,16.2501465429178,15.841157193663667,16.04277214132564,43528400,before_trump
2004-06-22,16.152223587036133,16.181025257143638,15.81811806099466,15.904525268743752,46902000,before_trump
2004-06-23,16.428720474243164,16.451761586237122,16.048532787281715,16.152220538037216,51711400,before_trump
2004-06-24,16.10037612915039,16.474803251027904,16.06005226174927,16.3941566149387,55033300,before_trump
2004-06-25,16.002460479736328,16.18679389742461,15.628031989003935,15.99669992309434,68915000,before_trump
2004-06-28,15.772040367126465,16.111905469699625,15.685634227205794,16.083103789297294,51702300,before_trump
2004-06-29,15.898762702941895,15.910283809012181,15.639543309926214,15.668346075101928,52663300,before_trump
2004-06-30,15.898762702941895,16.071574899143585,15.737470514097344,15.973647694972454,50573400,before_trump
2004-07-01,15.564659118652344,15.829637979622415,15.374565253565445,15.77779409835206,68757000,before_trump
2004-07-02,15.167192459106445,15.47249524836219,15.121109122870994,15.45521358525637,46758300,before_trump
2004-07-06,15.040458679199219,15.13838587426585,14.79276041528285,14.988614805416114,60479300,before_trump
2004-07-07,15.172950744628906,15.311200732662423,15.011658542566517,15.046221863609825,45902500,before_trump
2004-07-08,15.103830337524414,15.293924273053758,15.051986437042446,15.13263311485529,47125200,before_trump
2004-07-09,15.305441856384277,15.397608525173267,15.201754079318327,15.236317404149217,38190800,before_trump
2004-07-12,15.115345001220703,15.161428326580307,14.792761723703482,15.01165724448331,59662200,before_trump
2004-07-13,15.0577392578125,15.259354200710817,15.00589538396113,15.184469215543867,77788900,before_trump
2004-07-14,13.467864990234375,13.92293881634203,13.392979994131109,13.882616041616178,283538400,before_trump
2004-07-15,13.335376739501953,13.577314507981056,13.329616185643722,13.519710068112069,95308000,before_trump
2004-07-16,13.093437194824219,13.51970823408737,13.047353868923153,13.50818822664697,85373900,before_trump
2004-07-19,13.197129249572754,13.392983723097933,13.110723122714825,13.156806463619954,58998200,before_trump
2004-07-20,13.387218475341797,13.404500134140813,13.225926289357028,13.23744739522304,60254800,before_trump
2004-07-21,12.995515823364258,13.54851708112106,12.966714143765046,13.531235414133343,72208300,before_trump
2004-07-22,13.404508590698242,13.53123753903499,12.93791339718013,12.949434510314514,75064700,before_trump
2004-07-23,13.058876037597656,13.341136569046643,13.035833823415741,13.27201212392739,75635600,before_trump
2004-07-26,13.231685638427734,13.300811168621403,13.053112908604215,13.168321759355985,81010800,before_trump
2004-07-27,13.404508590698242,13.502435854912854,13.237455746391156,13.364185793441724,87134700,before_trump
2004-07-28,13.513951301574707,13.571555749062313,13.145284595595554,13.31809793805837,78531400,before_trump
2004-07-29,13.963261604309082,14.084231027314557,13.606116086072971,13.65219941419096,104103900,before_trump
2004-07-30,14.043906211853027,14.193677292869012,13.738604595566676,13.750125701501705,83593700,before_trump
2004-08-02,14.343453407287598,14.36649562724363,13.790453312905065,13.848057764081625,67142500,before_trump
2004-08-03,13.92293930053711,14.395293704403835,13.888377077957731,14.27432537601939,59729200,before_trump
2004-08-04,13.830612182617188,14.003711873961487,13.674823891101521,13.871002880971325,56196400,before_trump
2004-08-05,13.657522201538086,13.969100081522782,13.415183361312346,13.876780628154377,55750000,before_trump
2004-08-06,13.138216018676758,13.542113075887531,13.092056323551699,13.415174189427107,55989300,before_trump
2004-08-09,13.02282428741455,13.265163111882105,12.999744975840539,13.230543594253774,44138600,before_trump
2004-08-10,13.005514144897461,13.115142792936803,12.809335058200842,13.080523277794619,56624800,before_trump
2004-08-11,12.786252975463867,12.843952893510759,12.584303812566946,12.786252975463867,60898200,before_trump
2004-08-12,12.255422592163086,12.722790099767712,12.226573167207066,12.665091249855672,70257800,before_trump
2004-08-13,12.440057754516602,12.497757687344626,12.134249981437039,12.40543823503366,71215300,before_trump
2004-08-16,12.359278678894043,12.6477772464681,12.313118952103581,12.44582802905932,59703500,before_trump
2004-08-17,12.411205291748047,12.613154456805619,12.39966508790832,12.520835027156629,57635800,before_trump
2004-08-18,12.82087230682373,12.83241251037864,12.33042576161831,12.347734966416288,61340100,before_trump
2004-08-19,12.699705123901367,12.849724488036282,12.543915657238049,12.792024563286772,57308500,before_trump
2004-08-20,12.474675178527832,12.665084137703337,12.46890507666986,12.647773832129419,58080900,before_trump
2004-08-23,12.630467414855957,12.751637390106872,12.555458268679478,12.590077789950566,50437200,before_trump
2004-08-24,12.503528594970703,12.809337488256114,12.440058554723699,12.79779728084125,52267600,before_trump
2004-08-25,12.66508674621582,12.768945299446932,12.422747920940639,12.5150673686136,60583200,before_trump
2004-08-26,12.56122875213623,12.642008004389591,12.52083912600955,12.613158585880468,44164900,before_trump
2004-08-27,12.705477714538574,12.849727004393367,12.590077842440841,12.613158257074284,47383800,before_trump
2004-08-30,12.463135719299316,12.717014713543627,12.445825412691363,12.688164202530372,43030700,before_trump
2004-08-31,12.284265518188477,12.399664247157983,12.03615665512925,12.347734433934686,79067200,before_trump
2004-09-01,12.365046501159668,12.520835963037365,12.13424790978595,12.174637525709539,61731300,before_trump
2004-09-02,12.480447769165039,12.532377600287152,12.266959441693878,12.347738689868402,71285400,before_trump
2004-09-03,11.56878662109375,11.643796829311588,11.453387909231635,11.52262691624207,172209600,before_trump
2004-09-07,11.476470947265625,11.68419023698304,11.384151507510003,11.672650031879954,77890100,before_trump
2004-09-08,11.37838363647461,11.574562759563374,11.361074425959849,11.470703094335823,75333400,before_trump
2004-09-09,11.638031959533691,11.730351410731473,11.372612711939071,11.482242472936937,95633700,before_trump
2004-09-10,11.868829727172852,11.943839963667825,11.528401362857723,11.6611104267678,67196300,before_trump
2004-09-13,12.001533508300781,12.220792917890046,11.88613480373168,11.984224307909173,81674100,before_trump
2004-09-14,11.984231948852539,12.093860623010455,11.857291862197345,12.01885147224268,52849200,before_trump
2004-09-15,11.782285690307617,11.897685598164024,11.655346672093637,11.891915492717695,59712200,before_trump
2004-09-16,11.603410720825195,11.886139135784452,11.580330311178967,11.811128904968717,57764200,before_trump
2004-09-17,11.88036823272705,11.897678538795141,11.48223999743646,11.70726957418389,93816900,before_trump
2004-09-20,12.070780754089355,12.26118977480613,11.799592482321449,11.8111315892325,74890500,before_trump
2004-09-21,12.163097381591797,12.318886844245483,12.10539745832734,12.209257100096464,59345700,before_trump
2004-09-22,11.782278060913086,12.14578566436855,11.782278060913086,12.116936256352886,62599600,before_trump
2004-09-23,11.75920295715332,11.891913155263422,11.695734010789222,11.811132795427955,68326100,before_trump
2004-09-24,11.614950180053711,11.943839424355913,11.580330665060941,11.799590161262408,62089700,before_trump
2004-09-27,11.493780136108398,11.782278632395723,11.453390522713681,11.52262954552336,56423800,before_trump
2004-09-28,11.355306625366211,11.741894846268607,11.33222620595235,11.591875421683428,78060400,before_trump
2004-09-29,11.580328941345215,11.689958673127716,11.37837978296725,11.407230291612317,63569000,before_trump
2004-09-30,11.574560165405273,11.759199039745356,11.441851112040153,11.638030191160114,72528600,before_trump
2004-10-01,12.030388832092285,12.070778449907907,11.672650173304042,11.713039791119666,73823500,before_trump
2004-10-04,12.191946983337402,12.318887036608313,12.03038851631554,12.215027393217392,74330300,before_trump
2004-10-05,12.301579475402832,12.393898934463152,12.105400349765958,12.14002097231465,72053700,before_trump
2004-10-06,12.191946983337402,12.290036524258326,12.082318338011001,12.215027393217392,57720900,before_trump
2004-10-07,12.255413055419922,12.445821973350991,12.168863747366558,12.180403948582782,74716700,before_trump
2004-10-08,11.857285499572754,12.272723959469214,11.822665994759454,12.14578394093009,67165500,before_trump
2004-10-11,11.891907691955566,12.024616728562423,11.718807943719598,11.932297303050317,49603700,before_trump
2004-10-12,11.701501846313477,11.839981021351342,11.66688122715302,11.72458115855246,78499600,before_trump
2004-10-13,12.111165046691895,12.42274390732225,12.036155932392516,12.32465438829428,149009700,before_trump
2004-10-14,11.834212303161621,12.145790208328322,11.799592780484161,12.105400581782154,83884100,before_trump
2004-10-15,11.891907691955566,12.01884662690112,11.75919755481435,11.926527201389016,69746900,before_trump
2004-10-18,11.995772361755371,12.00154136530661,11.741893284642686,11.863062168845552,60292700,before_trump
2004-10-19,12.001537322998047,12.29580592906401,11.978458014962094,12.151556677102327,84806900,before_trump
2004-10-20,12.376587867736816,12.382356870095052,11.961149263729567,11.961149263729567,81351700,before_trump
2004-10-21,12.515066146850586,12.642005099875043,12.353506578927579,12.486215634435128,76560700,before_trump
2004-10-22,12.290038108825684,12.561227457207703,12.26695879650457,12.486217215961107,58136500,before_trump
2004-10-25,12.295809745788574,12.434288938592779,12.243879910920146,12.243879910920146,60217200,before_trump
2004-10-26,12.347736358642578,12.382355872676326,12.232337611685251,12.347736358642578,58924900,before_trump
2004-10-27,12.693936347961426,12.82087531524857,12.295808036171119,12.32465855182818,63922000,before_trump
2004-10-28,12.849727630615234,13.045906762421177,12.659318602748854,12.665088706688417,66702100,before_trump
2004-10-29,12.843957901000977,12.982437097981938,12.792028064566262,12.884347529220236,62332400,before_trump
2004-11-01,12.947822570800781,12.976672001938399,12.780492788703897,12.803573214042194,49790900,before_trump
2004-11-02,13.045902252197266,13.172841193377975,12.843953086269543,12.89011280129293,70811600,before_trump
2004-11-03,13.103710174560547,13.36381955065428,12.953424879760322,13.29445668286749,85151700,before_trump
2004-11-04,13.225090980529785,13.225090980529785,12.993883308271164,12.993883308271164,61146600,before_trump
2004-11-05,13.502538681030273,13.514098235546035,13.363814104476734,13.381153987492844,73254400,before_trump
2004-11-08,13.427397727966309,13.531441453165531,13.363816308944093,13.42161739851245,51251300,before_trump
2004-11-09,13.340691566467285,13.438954936987663,13.282889389252093,13.410054399622483,47597700,before_trump
2004-11-10,13.213529586791992,13.317573300465156,13.028563474699697,13.24243012837454,88258000,before_trump
2004-11-11,13.392715454101562,13.450517640114326,13.23086955376283,13.311793055174695,67583100,before_trump
2004-11-12,13.693284034729004,13.733745228564535,13.225087385385379,13.479416306974958,92808700,before_trump
2004-11-15,13.739529609680176,13.75109026918203,13.53144214858748,13.618144889881046,66704100,before_trump
2004-11-16,13.779989242553711,13.803109456433225,13.560341147030591,13.658604536609872,61415500,before_trump
2004-11-17,14.057439804077148,14.184604851596282,13.849352346307764,13.866693335283598,80856100,before_trump
2004-11-18,14.33488655090332,14.44471059058542,13.993854877010191,14.022756520339673,66373900,before_trump
2004-11-19,13.96495532989502,14.294426369901117,13.936054786993976,14.265525827000072,80311000,before_trump
2004-11-22,13.930276870727539,13.941837530884353,13.768430935987853,13.84935335211508,58668000,before_trump
2004-11-23,13.508315086364746,13.83200567098151,13.381150101258987,13.71640133951893,92066600,before_trump
2004-11-24,13.647049903869629,13.687511119618302,13.473643276036885,13.606588688120954,52012100,before_trump
2004-11-26,13.415837287902832,13.652826389436429,13.398497401743517,13.519881014799259,23031100,before_trump
2004-11-29,13.329132080078125,13.641263202936889,13.161506964179289,13.467856656075933,66808800,before_trump
2004-11-30,12.936079025268555,13.346473541918959,12.918739141702952,13.31757300098631,88946000,before_trump
2004-12-01,13.35225772857666,13.35225772857666,12.976545075469746,13.00544562475286,84149400,before_trump
2004-12-02,13.126823425292969,13.525657222698316,13.080581905484,13.358032126822605,109438600,before_trump
2004-12-03,13.820443153381348,14.161474672468112,13.814662827339347,14.121013492658575,142326300,before_trump
2004-12-06,13.878255844116211,13.982299586866514,13.704849238703941,13.826233972741061,63400700,before_trump
2004-12-07,13.57190227508545,14.016977708146733,13.560341616502928,13.855131795446699,68931000,before_trump
2004-12-08,13.300235748291016,13.595025978988046,13.294455417984963,13.577684988069889,78960300,before_trump
2004-12-09,13.155731201171875,13.358038358141071,13.034346465996233,13.190412081585496,112089700,before_trump
2004-12-10,13.040122032165527,13.236648786848932,13.00544116442284,13.103704541764541,73460100,before_trump
2004-12-13,13.080587387084961,13.184631125877305,12.970764420568827,13.097928377712103,57206500,before_trump
2004-12-14,13.433173179626465,13.467854041271341,13.207745925207691,13.248207114207501,76379900,before_trump
2004-12-15,13.375375747680664,13.560341878636216,13.32335388553878,13.450518927434548,64347800,before_trump
2004-12-16,13.219306945800781,13.514095931668463,13.190405308226184,13.300229326040165,63974700,before_trump
2004-12-17,13.161511421203613,13.352257915605755,13.0112261373587,13.14995076033432,93531700,before_trump
2004-12-20,13.12104606628418,13.34069304099742,13.0979247518486,13.178847147403223,50719500,before_trump
2004-12-21,13.577678680419922,13.583459008040663,13.282888586670653,13.329130105151828,67182000,before_trump
2004-12-22,13.554560661315918,13.762646976842188,13.514098361436561,13.56033988738517,55746800,before_trump
2004-12-23,13.606584548950195,13.641265422972523,13.496760494980197,13.519880710166714,35032100,before_trump
2004-12-27,13.508321762084961,13.699068231524587,13.438958908431843,13.67016658313364,38878600,before_trump
2004-12-28,13.456299781799316,13.606585044684957,13.438958792913807,13.502541316342194,41466900,before_trump
2004-12-29,13.43896198272705,13.606588274285244,13.369599113206492,13.386940106207984,48375600,before_trump
2004-12-30,13.43896198272705,13.543005735765183,13.392720437208482,13.427401320726055,32584800,before_trump
2004-12-31,13.519879341125488,13.577681526966312,13.433176613606749,13.496759128280155,31951800,before_trump
2005-01-03,13.33491325378418,13.75108811064163,13.32335259609703,13.664384280472998,64246900,before_trump
2005-01-04,13.069026947021484,13.41583791627331,12.918741679185942,13.404278359120717,93729100,before_trump
2005-01-05,12.941858291625977,13.16728668183933,12.930298737692759,12.988099814813483,73848800,before_trump
2005-01-06,12.982319831848145,13.138385390188112,12.95341929251922,13.051682669716433,63440900,before_trump
2005-01-07,13.178849220275879,13.253992401525668,12.98810275612006,13.138388016134511,82523000,before_trump
2005-01-10,13.225090980529785,13.306014492684161,13.149948900477662,13.242431969381112,65393900,before_trump
2005-01-11,13.028559684753418,13.167284228468327,12.947636207389552,13.126821938544058,114083400,before_trump
2005-01-12,13.38693904876709,13.48520246304285,13.2193138729351,13.421619929545205,143219700,before_trump
2005-01-13,13.190410614013672,13.415837965349018,13.14994940761863,13.358036871919063,73856600,before_trump
2005-01-14,13.306015968322754,13.369597396191846,13.236653107710247,13.271333986773866,65148200,before_trump
2005-01-18,13.259772300720215,13.265552630050696,13.0863657282611,13.21931109789195,63728200,before_trump
2005-01-19,13.063243865966797,13.277110511797517,13.0343422229593,13.271330183196017,71776900,before_trump
2005-01-20,13.05168342590332,13.196188335890064,12.947639714315269,13.017002556202293,68547100,before_trump
2005-01-21,12.959203720092773,13.126828885695986,12.936082399328052,13.05168679818115,80971200,before_trump
2005-01-24,12.710649490356445,13.02856089729797,12.652847316141187,12.999659258947954,83759500,before_trump
2005-01-25,12.866714477539062,13.028560337895714,12.81469263322745,12.8435931678518,94826800,before_trump
2005-01-26,12.959203720092773,13.05746712837233,12.889840860283865,12.999664928945782,69891500,before_trump
2005-01-27,12.89561939239502,13.017004104514212,12.81469698597229,12.936080595606382,78986900,before_trump
2005-01-28,12.855157852172852,13.045904306943747,12.76267478940424,12.918740371258174,76572300,before_trump
2005-01-31,12.976541519165039,13.03434260189051,12.87249780628322,12.976541519165039,60540400,before_trump
2005-02-01,13.08059024810791,13.149953123302465,12.941865600204297,12.999667812452177,67031800,before_trump
2005-02-02,13.05168342590332,13.15572713749137,13.00544189880696,13.09792495299968,73565400,before_trump
2005-02-03,12.982074737548828,13.132894332262707,12.86025954935972,13.045883325498348,60735900,before_trump
2005-02-04,13.34172248840332,13.353324251756536,12.976275794017452,12.98207556928901,67594800,before_trump
2005-02-07,13.289517402648926,13.446137909243072,13.272114755336734,13.301119167523721,53757300,before_trump
2005-02-08,13.579551696777344,13.631758520047368,13.301116043607179,13.312717805757169,85233700,before_trump
2005-02-09,13.51574420928955,13.620157864311492,13.434534080452499,13.585353681439187,69909500,before_trump
2005-02-10,13.63176155090332,13.683968385780895,13.46934016390584,13.596957363119996,74162700,before_trump
2005-02-11,14.020410537719727,14.119023316104553,13.446136512915771,13.475139815685687,101956900,before_trump
2005-02-14,14.101619720458984,14.148025665607152,13.921796821310458,13.945000347087046,59197400,before_trump
2005-02-15,14.194429397583008,14.287241273408267,14.014606526472171,14.03200916809122,80599700,before_trump
2005-02-16,14.003007888793945,14.153827497251838,13.997207006960362,14.10162066715468,85307400,before_trump
2005-02-17,13.70716381072998,14.107415638310329,13.660757881909404,14.037807298281773,80239800,before_trump
2005-02-18,13.933398246765137,13.968202428182137,13.71296918284585,13.730371826756839,58126700,before_trump
2005-02-22,13.782577514648438,14.159625917029997,13.712968051154126,13.78837839547337,80059700,before_trump
2005-02-23,13.521541595458984,13.881188413519302,13.370722033459803,13.875387533472633,92071900,before_trump
2005-02-24,13.74777603149414,13.759376689013546,13.428734162000756,13.521546060586623,78619300,before_trump
2005-02-25,13.974000930786133,13.99140357173479,13.67236179277151,13.724568609212687,73552200,before_trump
2005-02-28,13.916000366210938,14.206037892242191,13.840591096261168,14.014613169317778,78925000,before_trump
2005-03-01,14.281438827514648,14.36264892706783,14.113216642549201,14.13061928091258,84308400,before_trump
2005-03-02,14.223437309265137,14.385857578826709,14.124824528571992,14.153827832020815,78910100,before_trump
2005-03-03,14.211833000183105,14.269840703097486,14.055212534235745,14.211833000183104,85790700,before_trump
2005-03-04,14.316240310668945,14.507664871117088,14.206025834530797,14.327842067400207,66040200,before_trump
2005-03-07,14.56568431854248,14.774510576430494,14.24084150599613,14.316251879282191,88515000,before_trump
2005-03-08,14.385856628417969,14.75130442359823,14.374255971647905,14.48446940259621,55791600,before_trump
2005-03-09,14.409062385559082,14.635291270472708,14.356855549593597,14.426465033015978,64168700,before_trump
2005-03-10,14.414859771728516,14.57148024163676,14.119021475147921,14.461265713952631,81906000,before_trump
2005-03-11,14.037812232971191,14.559879392325243,13.921796816934734,14.53667586655595,114213100,before_trump
2005-03-14,14.078413963317871,14.171225831609979,13.985602095025763,14.066812203180172,45827400,before_trump
2005-03-15,13.852188110351562,14.165429087090638,13.82318480794464,14.12482402115892,47097500,before_trump
2005-03-16,13.654964447021484,13.9450019133755,13.637561800734396,13.666565104807745,59791000,before_trump
2005-03-17,13.579551696777344,13.730371285512419,13.544747516732308,13.637559401122363,49047800,before_trump
2005-03-18,13.579551696777344,13.724570404437422,13.556349278882298,13.695567105467381,62777800,before_trump
2005-03-21,13.63176155090332,13.72457345592897,13.486742811000093,13.608558021444317,39608900,before_trump
2005-03-22,13.353324890136719,13.724572483947368,13.34172312622886,13.672365652767107,49092300,before_trump
2005-03-23,13.567951202392578,13.637560675391772,13.318518824885937,13.353324114588052,54286400,before_trump
2005-03-24,13.44613265991211,13.695564975316577,13.446132659912111,13.643358160166583,34664000,before_trump
2005-03-28,13.515739440917969,13.718765797787649,13.498337908823613,13.538942958916623,42922000,before_trump
2005-03-29,13.428738594055176,13.573757371758592,13.370730861692717,13.538953174903304,53920200,before_trump
2005-03-30,13.625957489013672,13.654961894069444,13.341720957896639,13.504142306994195,62360100,before_trump
2005-03-31,13.475137710571289,13.65496170014854,13.417130007688463,13.637559057362221,41543800,before_trump
2005-04-01,13.347519874572754,13.596952189319195,13.283711299245594,13.53894449414948,68253800,before_trump
2005-04-04,13.301117897033691,13.40553155812312,13.138696523516238,13.399730676239809,60426700,before_trump
2005-04-05,13.417130470275879,13.486739937416203,13.324318585025411,13.341721228411728,48086400,before_trump
2005-04-06,13.370721817016602,13.52154137657434,13.341718523657496,13.463533683451407,53942200,before_trump
2005-04-07,13.579549789428711,13.585350669688928,13.353320991304082,13.353320991304082,53264800,before_trump
2005-04-08,13.509936332702637,13.747766801453823,13.4867328204321,13.56214202250262,45961000,before_trump
2005-04-11,13.411334037780762,13.538950135202032,13.370727859759919,13.51574660490441,41972300,before_trump
2005-04-12,13.469342231750488,13.486744881516437,13.132898747779626,13.411335612008031,84545900,before_trump
2005-04-13,13.237308502197266,13.44613581174731,13.167700136617267,13.422932285617295,54061100,before_trump
2005-04-14,13.045884132385254,13.22570703834096,13.034282369057777,13.190902854763577,68014000,before_trump
2005-04-15,12.831255912780762,13.05168386456411,12.726842264839457,12.88926251149931,92484400,before_trump
2005-04-18,12.88346004486084,13.04588137793748,12.819652572841829,12.895061805738775,53761600,before_trump
2005-04-19,13.127090454101562,13.1618957339854,12.935665840359366,13.057482107143343,83774200,before_trump
2005-04-20,13.144495010375977,13.59695375718716,13.12709236789693,13.573750233881766,110176600,before_trump
2005-04-21,13.550551414489746,13.567952955183804,13.301119004759899,13.330122310186782,87063100,before_trump
2005-04-22,13.480941772460938,13.521546842138608,13.3765281039154,13.498344419353582,65435600,before_trump
2005-04-25,13.579549789428711,13.660759900262212,13.463534397033897,13.53314385375174,53857700,before_trump
2005-04-26,13.527347564697266,13.863790989145983,13.451938308529947,13.475140731040986,71256500,before_trump
2005-04-27,13.637557983398438,13.701366562185083,13.399727416072531,13.446133353443322,56785200,before_trump
2005-04-28,13.451934814453125,13.701367153487551,13.411329755801916,13.544746693200139,57393400,before_trump
2005-04-29,13.643363952636719,13.68396902468063,13.376528883425651,13.591157115321625,55078900,before_trump
2005-05-02,13.660765647888184,13.672367413289944,13.544751313086318,13.63176234078903,41187800,before_trump
2005-05-03,13.8231840133667,13.86958995839333,13.585353406804598,13.608555826115412,67738300,before_trump
2005-05-04,14.03271484375,14.08509752501039,13.776621858713852,13.863925957437221,62027600,before_trump
2005-05-05,14.120025634765625,14.24807163290614,14.026901070639365,14.044361232580307,64257800,before_trump
2005-05-06,14.253884315490723,14.259704736354026,14.149118960214793,14.224783321305972,54715400,before_trump
2005-05-09,14.43431282043457,14.43431282043457,14.166580123392004,14.207321959017458,57982700,before_trump
2005-05-10,14.358650207519531,14.45177472455002,14.08509707750895,14.323728791166053,59638900,before_trump
2005-05-11,14.416851997375488,14.434312148898796,14.178220305415456,14.39939073572047,58065800,before_trump
2005-05-12,14.457594871520996,14.579820381506739,13.997791606035303,14.42849387680014,82029500,before_trump
2005-05-13,14.620563507080078,14.725327755435286,14.492516464426263,14.55071956471147,67874000,before_trump
2005-05-16,14.742780685424805,14.7544215209284,14.550711340140202,14.591453154271607,45569200,before_trump
2005-05-17,14.95814037322998,14.969780105350171,14.638023872090676,14.649664714342684,62302100,before_trump
2005-05-18,15.092015266418457,15.150218400472701,14.899945701132157,14.963968149472626,68753500,before_trump
2005-05-19,15.138572692871094,15.16767369549195,15.022166462123485,15.097830845149057,51994800,before_trump
2005-05-20,15.336456298828125,15.359736869304347,15.045441952019742,15.080363362799892,53930700,before_trump
2005-05-23,15.423761367797852,15.505245034876147,15.254972502985147,15.423761367797852,65404500,before_trump
2005-05-24,15.69149112701416,15.7031319658937,15.336454422240184,15.353914570427996,76674100,before_trump
2005-05-25,15.714775085449219,15.743876076739982,15.540166917441336,15.610009740591826,81197900,before_trump
2005-05-26,15.930127143859863,15.94176687499015,15.755517855324833,15.784619958479867,59779000,before_trump
2005-05-27,15.941764831542969,15.947585251427904,15.749695415866485,15.819539344354109,49826600,before_trump
2005-05-31,15.69149112701416,15.935943192827004,15.65656972050704,15.866100379812762,62666000,before_trump
2005-06-01,15.883566856384277,16.01743321708381,15.58673202822541,15.59837176079747,77530200,before_trump
2005-06-02,16.058176040649414,16.145480146016133,15.813723879543437,15.825364722960847,54343400,before_trump
2005-06-03,15.906844139099121,16.151296234623004,15.86028188805322,16.093093143282722,55343100,before_trump
2005-06-06,15.813724517822266,15.970872579904386,15.685678565458304,15.947590892129861,47224400,before_trump
2005-06-07,15.63329029083252,15.976687291854452,15.63329029083252,15.889382104034425,60604200,before_trump
2005-06-08,15.772982597351074,15.831185706371285,15.68567848888674,15.772982597351072,42500000,before_trump
2005-06-09,16.1221981048584,16.145478679446605,15.743878499080598,15.83700301769709,76005400,before_trump
2005-06-10,15.703134536743164,16.011610156764277,15.592549879677588,16.011610156764277,74824000,before_trump
2005-06-13,15.714775085449219,15.796258749168677,15.563447488447613,15.662392413020523,49858500,before_trump
2005-06-14,15.540167808532715,15.802080075562895,15.53434738791448,15.668213731738687,37499600,before_trump
2005-06-15,15.67986011505127,15.703140695621046,15.278259831500549,15.6332978437796,60011300,before_trump
2005-06-16,15.784624099731445,15.889388368180331,15.604194343227885,15.697318877492684,51069500,before_trump
2005-06-17,15.784627914428711,16.069822008304488,15.749705373040612,15.941774910146023,58919300,before_trump
2005-06-20,15.656572341918945,15.813720362709851,15.540167264028101,15.668213182747534,35186800,before_trump
2005-06-21,15.819540977478027,15.86610323123275,15.639112382944935,15.662392954756449,48227300,before_trump
2005-06-22,15.778804779052734,15.953413015455194,15.743882243666567,15.895209899943676,32816100,before_trump
2005-06-23,15.580915451049805,16.02325759174828,15.580915451049805,15.802085966332974,61673000,before_trump
2005-06-24,15.190953254699707,15.650755470374085,15.161851146029218,15.633295315303727,63600500,before_trump
2005-06-27,15.051265716552734,15.28407702370363,15.027984030771705,15.220053497937677,47178400,before_trump
2005-06-28,15.324819564819336,15.38884309351445,14.975602033049892,14.998883719896089,55753700,before_trump
2005-06-29,15.278257369995117,15.38302274101048,15.190953264192961,15.307358368551858,33784300,before_trump
2005-06-30,15.144394874572754,15.417948105433465,15.138574451346072,15.371385829752233,45129600,before_trump
2005-07-01,15.25497817993164,15.348103832845986,15.190955750601434,15.26661902531245,30414000,before_trump
2005-07-05,15.528531074523926,15.575093341653586,15.179313515985465,15.208414516641998,42739100,before_trump
2005-07-06,15.4237642288208,15.708958226628452,15.400482542404548,15.551810173714468,45479700,before_trump
2005-07-07,15.458685874938965,15.458685874938963,15.22005413633355,15.28989808647432,45597400,before_trump
2005-07-08,15.8777437210083,15.8777437210083,15.470323177067339,15.505244589078039,45807100,before_trump
2005-07-11,16.1221923828125,16.1221923828125,15.912661735225546,15.941762720665318,45578400,before_trump
2005-07-12,16.15130043029785,16.215323958416924,15.965051377731742,16.087276902178782,40837400,before_trump
2005-07-13,16.058176040649414,16.18040156613644,16.029075042237817,16.116379147604537,44086700,before_trump
2005-07-14,16.226959228515625,16.372466399578872,16.139655147903998,16.238600068632273,68554200,before_trump
2005-07-15,16.471416473388672,16.4888777390264,16.18622246209757,16.27352657002228,43558000,before_trump
2005-07-18,16.430667877197266,16.483050542448684,16.29680155939097,16.41902703822328,36667600,before_trump
2005-07-19,16.71004867553711,16.785713051899013,16.535440454925325,16.657667097459168,90418200,before_trump
2005-07-20,15.970873832702637,15.976694255102837,15.627476682015223,15.767163489223856,125881500,before_trump
2005-07-21,15.732242584228516,16.02907747564401,15.70314047126694,16.01743663045938,62008800,before_trump
2005-07-22,15.569275856018066,15.85446993474421,15.569275856018065,15.807907658832438,54527900,before_trump
2005-07-25,15.435406684875488,15.662397600492708,15.383023995097359,15.627476177351296,49767600,before_trump
2005-07-26,15.650753021240234,15.71477654016455,15.441223422260972,15.516886672700085,51978200,before_trump
2005-07-27,15.749691009521484,15.790432827185962,15.493599267021558,15.627465556528056,48199200,before_trump
2005-07-28,15.912667274475098,15.965049954606412,15.691495711669145,15.755519234081156,54438300,before_trump
2005-07-29,15.796257972717285,15.9126641524218,15.796257972717285,15.883563162561474,41287900,before_trump
2005-08-01,15.778804779052734,15.935951747762111,15.772984356488372,15.854468052125242,34737200,before_trump
2005-08-02,16.040714263916016,16.08145610444559,15.802082532129733,15.825364218222003,40887400,before_trump
2005-08-03,16.134109497070312,16.14578422871562,16.023202886530957,16.034876504812576,32677200,before_trump
2005-08-04,15.766366004943848,16.08157599876489,15.766366004943846,16.040715547099552,45198700,before_trump
2005-08-05,15.626270294189453,15.813061539608773,15.54454828929577,15.772201093843751,46185700,before_trump
2005-08-08,15.5912504196167,15.748855994109277,15.176807368207275,15.684647181562042,27948300,before_trump
2005-08-09,15.702153205871582,15.871433461262981,15.608757586815498,15.643780665620628,46902400,before_trump
2005-08-10,15.690483093261719,16.00569423537345,15.637949016273692,15.748855650693217,61089200,before_trump
2005-08-11,15.655450820922852,15.655450820922852,15.386938772952137,15.48033436471267,58664800,before_trump
2005-08-12,15.357756614685059,15.497850044834465,15.281873090865487,15.421966521014893,63074500,before_trump
2005-08-15,15.486185073852539,15.567906008726597,15.311067353368394,15.322742090740185,34077200,before_trump
2005-08-16,15.176813125610352,15.340256129312715,15.15930101734655,15.281883548464416,57319000,before_trump
2005-08-17,15.229334831237793,15.281869996075173,15.147613958541152,15.211822738504203,46718500,before_trump
2005-08-18,15.106765747070312,15.235185647109182,15.06590527464499,15.159300958292691,37985700,before_trump
2005-08-19,14.972500801086426,15.16512942469381,14.94915245056381,15.141781074171194,38310800,before_trump
2005-08-22,15.211825370788574,15.311058353390274,15.025034136094446,15.030871501349086,39766100,before_trump
2005-08-23,15.013365745544434,15.340251657662625,15.007528377824746,15.299390083624813,46010000,before_trump
2005-08-24,14.902451515197754,15.229336147602341,14.890776785699575,14.98417239495803,47565800,before_trump
2005-08-25,14.861591339111328,14.978336418184384,14.838242991314871,14.867428704401341,31624200,before_trump
2005-08-26,14.832406997680664,14.943314721720116,14.774034452746024,14.873267445125807,37205900,before_trump
2005-08-29,15.01919937133789,15.07757192062761,14.779872921277434,14.803222386338833,37652200,before_trump
2005-08-30,14.92579460144043,15.001679203075703,14.820724299707335,14.972492389614793,41536900,before_trump
2005-08-31,15.013365745544434,15.048389951862557,14.861597524924711,14.960830549431297,41497200,before_trump
2005-09-01,14.744852066040039,14.960829083688514,14.733177331744463,14.931643361313514,49495400,before_trump
2005-09-02,14.756523132324219,14.838244025352111,14.709825320113469,14.814894562564904,33334500,before_trump
2005-09-06,15.00169563293457,15.025043995911336,14.84409000772523,14.873275739787266,37063400,before_trump
2005-09-07,14.978331565856934,15.030866723084346,14.867423888003152,14.960819475660056,35810100,before_trump
2005-09-08,15.229334831237793,15.246846923971383,14.960821642806362,14.984171099784481,55398500,before_trump
2005-09-09,14.739014625549316,15.100923593363728,14.703991536200803,15.089248859126245,99695900,before_trump
2005-09-12,14.587244987487793,14.779873630026476,14.534709801944167,14.779873630026476,50565500,before_trump
2005-09-13,14.534707069396973,14.69231259639777,14.505521355521397,14.511358720969236,57202700,before_trump
2005-09-14,14.295379638671875,14.616428035344612,14.26619392686687,14.54054340326994,59291600,before_trump
2005-09-15,14.330403327941895,14.423798945745556,14.201984631802757,14.365427519640958,51583200,before_trump
2005-09-16,14.482172012329102,14.546381919417547,14.406288487612999,14.452986298214515,72332800,before_trump
2005-09-19,14.40628433227539,14.517192017975223,14.272028304691192,14.476330471291798,37848500,before_trump
2005-09-20,14.289545059204102,14.622267137440677,14.283707693032472,14.447150605746822,41848200,before_trump
2005-09-21,14.301217079162598,14.499683037901692,14.28954234903358,14.488008307772676,48989500,before_trump
2005-09-22,14.3362398147583,14.44131015669003,14.190309031711678,14.289542008717921,42372800,before_trump
2005-09-23,14.231171607971191,14.336241965666938,14.213660623931025,14.31873098162677,41386700,before_trump
2005-09-26,14.137781143188477,14.301224105201856,14.1027580489585,14.277874633472477,52193800,before_trump
2005-09-27,13.910124778747559,14.25452157976531,13.892612680718889,14.149451218320745,57300400,before_trump
2005-09-28,13.980171203613281,14.10858990788875,13.933473391752777,13.980171203613281,68717500,before_trump
2005-09-29,14.289545059204102,14.312894523890618,13.962660347139156,14.003520796976805,55900900,before_trump
2005-09-30,14.388776779174805,14.406288876134015,14.260358074898239,14.28370642414686,37520600,before_trump
2005-10-03,14.35959243774414,14.569732054535876,14.347917705321333,14.441313337976274,49168200,before_trump
2005-10-04,14.301217079162598,14.54638084505421,14.248681906945569,14.38293796333862,52847800,before_trump
2005-10-05,14.050220489501953,14.353756890783776,14.050220489501951,14.330407422978757,45711500,before_trump
2005-10-06,13.869263648986816,14.149450523504449,13.717495480282182,14.079404361556875,61527000,before_trump
2005-10-07,13.904280662536621,13.986001520269404,13.857582870494575,13.921792752063581,30718200,before_trump
2005-10-10,13.670795440673828,13.945144904772684,13.618260271090124,13.921796559048532,38495300,before_trump
2005-10-11,13.670795440673828,13.764191050297418,13.59491192536597,13.729167975029444,41646800,before_trump
2005-10-12,13.565729141235352,13.594915973786431,13.30305432845857,13.472333503799543,77117900,before_trump
2005-10-13,13.54238224029541,13.699986699511078,13.373101933443847,13.618265786335254,68060200,before_trump
2005-10-14,13.55988883972168,13.594913031202076,13.425632779137562,13.559888839721678,44232300,before_trump
2005-10-17,13.694147109985352,13.705821842362646,13.495682226390155,13.530705310158277,45289800,before_trump
2005-10-18,13.845913887023926,14.003519418047198,13.705820452791125,13.764192995395703,78862600,before_trump
2005-10-19,13.828400611877441,13.840074227772822,13.279700583709857,13.419793994725598,91423500,before_trump
2005-10-20,13.787541389465332,13.880937005050509,13.688308408735637,13.770029294031778,62486500,before_trump
2005-10-21,13.513187408447266,13.921793959269207,13.501512681083604,13.869258799496006,63304300,before_trump
2005-10-24,13.484004974365234,13.612423666427619,13.36725989913503,13.577400589203977,53173300,before_trump
2005-10-25,13.489843368530273,13.600749973759525,13.326400473412523,13.390610381023716,54626000,before_trump
2005-10-26,13.466495513916016,13.60075159734471,13.419797697359785,13.460658147676016,51506100,before_trump
2005-10-27,13.332236289978027,13.536539606797756,13.326398925113063,13.448981360550302,41690800,before_trump
2005-10-28,13.618263244628906,13.641612708814888,13.297215905617781,13.413959886456494,55358800,before_trump
2005-10-31,13.717496871948242,13.82840460520798,13.670799054791056,13.682473787421298,58127600,before_trump
2005-11-01,13.221329689025879,13.583238547349708,13.151283531520361,13.530703372538772,84900700,before_trump
2005-11-02,13.641613960266113,13.659124946648287,13.250519306182623,13.273867659146799,63804900,before_trump
2005-11-03,13.993048667907715,14.045764304050728,13.782187240523736,13.788044657560523,63945100,before_trump
2005-11-04,14.051616668701172,14.063331498562572,13.858326444738742,14.045759253770473,37057500,before_trump
2005-11-07,14.350341796875,14.379627761830179,14.028191713616254,14.104335892812482,49974300,before_trump
2005-11-08,14.37962818145752,14.444058646864665,14.180480485824514,14.280054333641017,39967500,before_trump
2005-11-09,14.52606201171875,14.561206515590795,14.326914291862977,14.350343961111006,39819700,before_trump
2005-11-10,14.783781051635742,14.83063926744172,14.596348188411833,14.766208801763005,82211500,before_trump
2005-11-11,14.71934700012207,14.906780934872492,14.678346210928694,14.871636443688697,40317600,before_trump
2005-11-14,14.859931945800781,14.883360503931373,14.742785803582587,14.76035806007184,31035000,before_trump
2005-11-15,14.690073013305664,14.854077420925712,14.666644450610589,14.748646095826297,37542700,before_trump
2005-11-16,14.590490341186523,14.731064984455754,14.414772316396974,14.701779019386814,49435300,before_trump
2005-11-17,14.7076416015625,14.7896432263071,14.590495465765915,14.731070158408807,39396500,before_trump
2005-11-18,14.818926811218262,14.883357287231926,14.684209558815299,14.830641646345867,38919000,before_trump
2005-11-21,14.789642333984375,14.936074436301052,14.684211041566241,14.836500562038179,34916400,before_trump
2005-11-22,15.322652816772461,15.381225872420128,14.678351439024354,14.69006627359151,86040000,before_trump
2005-11-23,15.603800773620605,15.767805091600852,15.275793254848129,15.310936638276747,80686900,before_trump
2005-11-25,15.703374862670898,15.902522567102428,15.545229076247772,15.56865762649311,45653800,before_trump
2005-11-28,15.732660293579102,15.873234931841905,15.662372415853744,15.77951850633337,78716200,before_trump
2005-11-29,15.685806274414062,15.890810311779218,15.650661767561564,15.785380142786373,56364700,before_trump
2005-11-30,15.627229690551758,15.732660952964663,15.592086308810112,15.662373072293406,50114500,before_trump
2005-12-01,15.920095443725586,15.984525914513016,15.691661763207359,15.779520785161441,49840000,before_trump
2005-12-02,16.06652069091797,16.10166406132564,15.879087892493587,15.890801604504409,51722600,before_trump
2005-12-05,15.756092071533203,15.978669465637708,15.691662714029812,15.978669465637708,47747700,before_trump
2005-12-06,15.62137508392334,15.890809587719833,15.592089113402212,15.838095064219436,50918500,before_trump
2005-12-07,15.316797256469727,15.633091125001156,15.246510474921575,15.621376289013714,65558600,before_trump
2005-12-08,15.053217887878418,15.416368811413479,14.842355340543167,15.416368811413479,104607200,before_trump
2005-12-09,15.27579402923584,15.299223697501334,14.742781365264634,14.807211835806672,80102100,before_trump
2005-12-12,15.592087745666504,15.709232734663233,15.299223597392578,15.340224399400837,75565800,before_trump
2005-12-13,15.65066909790039,15.750243012910358,15.410520441203774,15.439807543964786,46475500,before_trump
2005-12-14,15.597940444946289,15.72680135544149,15.515938859858657,15.621370107650073,107658500,before_trump
2005-12-15,15.568660736083984,15.756093644235552,15.53351734510263,15.574518154112253,69675900,before_trump
2005-12-16,15.45151138305664,15.627230535643369,15.451511383056642,15.568657484781125,72050600,before_trump
2005-12-19,15.100074768066406,15.492512742355895,15.100074768066408,15.445654526792433,45251900,before_trump
2005-12-20,15.117646217346191,15.28750795056451,15.03564461768935,15.111788800629558,45877700,before_trump
2005-12-21,15.158652305603027,15.340228935601603,14.994649049073212,15.14108116651106,34541900,before_trump
2005-12-22,15.211360931396484,15.27579139081013,15.105930793975807,15.164502720146888,26452100,before_trump
2005-12-23,15.211360931396484,15.31679218600504,15.158645304092204,15.228933179560535,16616900,before_trump
2005-12-27,14.912646293640137,15.287513273718266,14.895075154559926,15.246512459613252,28968400,before_trump
2005-12-28,14.900925636291504,15.018070605314305,14.854067425244809,14.947783847338199,26518000,before_trump
2005-12-29,14.68420696258545,14.965356252810597,14.649063580604299,14.883354655791923,26749300,before_trump
2005-12-30,14.61977767944336,14.731066368096633,14.567063160805557,14.649064764451094,31681600,before_trump
2006-01-03,14.977067947387695,15.018068737305223,14.584630059739204,14.754491751897802,56401200,before_trump
2006-01-04,15.176225662231445,15.193797919785883,14.988792717071371,14.994650136256183,46188800,before_trump
2006-01-05,15.38708209991455,15.504227084963663,15.17621956276291,15.187934396424229,54876800,before_trump
2006-01-06,15.410512924194336,15.597945821683002,15.351939864432078,15.510086790633714,45703200,before_trump
2006-01-09,15.50422477722168,15.527654441056908,15.28164855672633,15.457366566739088,39457800,before_trump
2006-01-10,15.299224853515625,15.469085492522893,15.182078737712697,15.398798716791664,47031300,before_trump
2006-01-11,15.310941696166992,15.422230417173955,15.17036699882638,15.305084277462585,52999900,before_trump
2006-01-12,15.211360931396484,15.533512111276838,15.1527890052254,15.258219142646077,54026700,before_trump
2006-01-13,15.105929374694824,15.334362993425579,14.959497338649413,15.20550208670544,46308900,before_trump
2006-01-17,14.947789192199707,15.08250645748115,14.830643064101244,14.988790001877689,88055500,before_trump
2006-01-18,13.23746109008789,13.506895598026022,13.09688641848693,13.39560801458454,282028400,before_trump
2006-01-19,13.12031364440918,13.395606659315257,13.114456227369894,13.354604740040259,196293400,before_trump
2006-01-20,12.745450019836426,13.161316644381074,12.739592601818975,13.143745507516979,155195000,before_trump
2006-01-23,12.505300521850586,12.845022920867017,12.358868434047155,12.839165503292298,155081900,before_trump
2006-01-24,12.464300155639648,12.645875638107498,12.440870484514397,12.610732248607832,105641800,before_trump
2006-01-25,12.423295974731445,12.546299491421502,12.358866625215706,12.534584657986638,110311300,before_trump
2006-01-26,12.587297439575195,12.73958688816289,12.458437652549184,12.534581818249155,101961600,before_trump
2006-01-27,12.692734718322754,12.827451984804679,12.622446817399677,12.739592946542045,75188600,before_trump
2006-01-30,12.681017875671387,12.845022207085457,12.645874489364124,12.786449151781282,60422500,before_trump
2006-01-31,12.452581405639648,12.716158419814692,12.446723989699601,12.704444705122452,79350800,before_trump
2006-02-01,12.622443199157715,12.645872865145353,12.43501034000846,12.440867756505371,71658400,before_trump
2006-02-02,12.417442321777344,12.698591681008438,12.405727485845654,12.628303782606542,87473400,before_trump
2006-02-03,12.205582618713379,12.458639721356347,12.199697439293404,12.440984183096418,101402300,before_trump
2006-02-06,12.129073143005371,12.27031403053522,12.06433731528981,12.27031403053522,66858200,before_trump
2006-02-07,12.164381980895996,12.323278385885413,12.076106574507218,12.134957219593968,95298200,before_trump
2006-02-08,12.164381980895996,12.264427740798663,12.087876928021107,12.22911780273969,77601800,before_trump
2006-02-09,12.358591079711914,12.505717163994198,12.193809461221896,12.223235351568118,81803900,before_trump
2006-02-10,12.529254913330078,12.558679674234936,12.24677204522312,12.370358510485415,83023300,before_trump
2006-02-13,12.435094833374023,12.61753196676055,12.399784891179106,12.464520720605474,65889500,before_trump
2006-02-14,12.576340675354004,12.635190222765043,12.435098618614642,12.464524514803328,60125600,before_trump
2006-02-15,12.564567565917969,12.635187456342548,12.482176197112066,12.564567565917969,67175700,before_trump
2006-02-16,12.564567565917969,12.623418222927064,12.464521785747381,12.57045274386717,70607000,before_trump
2006-02-17,12.129073143005371,12.382130154094064,12.099647256551574,12.358589444931026,116649100,before_trump
2006-02-21,12.134960174560547,12.211465246065076,12.064339158763087,12.158499764837723,67212800,before_trump
2006-02-22,11.858363151550293,12.034915140812526,11.711237055073285,12.017259605141392,138566500,before_trump
2006-02-23,11.940751075744629,12.058451245398944,11.699463314615453,11.876015252820993,85297300,before_trump
2006-02-24,11.981945037841797,12.081990789782854,11.846588228169121,11.881899285900742,73154000,before_trump
2006-02-27,12.076103210449219,12.23499957117464,12.023137756874076,12.046677334861707,87156900,before_trump
2006-02-28,12.123187065124512,12.364473703707326,12.064336419071523,12.093761180856662,93248100,before_trump
2006-03-01,12.240890502929688,12.358591826460612,12.164385428372695,12.199695376438767,80722800,before_trump
2006-03-02,12.05844783782959,12.26442447962156,11.993712033199497,12.17026392151364,86237800,before_trump
2006-03-03,11.958405494689941,12.052566079492012,11.687694094004671,11.752428794504398,202812000,before_trump
2006-03-06,11.946636199951172,12.099647444438544,11.905441080758958,12.023142383436264,81728300,before_trump
2006-03-07,11.80539321899414,11.88778456526639,11.670037530630418,11.858358683568223,90707500,before_trump
2006-03-08,11.775968551635742,11.881899481610214,11.66415244527573,11.775968551635742,82850000,before_trump
2006-03-09,11.622961044311523,11.864247740749224,11.611190687782127,11.79951190232053,69718300,before_trump
2006-03-10,11.681809425354004,11.78185519136897,11.64061430802127,11.670039071121007,61506700,before_trump
2006-03-13,11.611186027526855,12.064334469686496,11.58764644639887,11.740657652419626,80524700,before_trump
2006-03-14,11.628843307495117,11.711233537581604,11.55822230850477,11.611187777126856,69318400,before_trump
2006-03-15,11.723001480102539,11.752426235515182,11.611185389066051,11.646496442540185,69788800,before_trump
2006-03-16,11.564114570617676,11.817171715197164,11.55822939022241,11.799516174011366,66058200,before_trump
2006-03-17,11.499372482299805,11.634728177438603,11.416981131903547,11.622957824170186,110821300,before_trump
2006-03-20,11.546451568603516,11.740657887346146,11.446405821222006,11.446405821222006,58650100,before_trump
2006-03-21,11.64061450958252,11.958406221996828,11.534683564616824,11.64061450958252,124284600,before_trump
2006-03-22,11.758316040039062,11.79362710741425,11.534684892410759,11.569994837303035,84910700,before_trump
2006-03-23,11.593535423278809,11.864246868658155,11.587650245446707,11.758315912646099,84336400,before_trump
2006-03-24,11.534683227539062,11.664153755112078,11.364016460641103,11.62295863826988,60424100,before_trump
2006-03-27,11.62295913696289,11.723004906079098,11.5464540770424,11.5464540770424,60280300,before_trump
2006-03-28,11.522919654846191,11.687701341674066,11.511149293826326,11.62296547854822,72692200,before_trump
2006-03-29,11.66415786743164,11.746548130163577,11.481721804603865,11.540572473333738,78986300,before_trump
2006-03-30,11.593535423278809,11.787741801806613,11.564109534118295,11.711235612472173,70641700,before_trump
2006-03-31,11.452291488647461,11.699463303923155,11.387556788265698,11.640613780391137,87499200,before_trump
2006-04-03,11.387557029724121,11.593533733901786,11.381671852749589,11.581763379952724,73344300,before_trump
2006-04-04,11.358129501342773,11.475830778836691,11.32870474321058,11.411094963966779,67093000,before_trump
2006-04-05,11.46406364440918,11.493489533283421,11.346363456360871,11.381673400527076,73019400,before_trump
2006-04-06,11.405210494995117,11.534682132762503,11.375785735038516,11.46994631387881,51707700,before_trump
2006-04-07,11.322823524475098,11.511144736298581,11.322823524475098,11.452294076983002,54523300,before_trump
2006-04-10,11.393439292907715,11.45817397810666,11.328703485226326,11.358128240091077,52152400,before_trump
2006-04-11,11.275741577148438,11.452292406865345,11.252201990344824,11.434637997383335,60169600,before_trump
2006-04-12,11.252201080322266,11.340476488041439,11.240430726630986,11.263970311530835,44072500,before_trump
2006-04-13,11.446406364440918,11.528796587671302,11.281624795497546,11.293395148096916,77378500,before_trump
2006-04-17,11.293397903442383,11.493489456519285,11.175696593697307,11.422868446175663,76273800,before_trump
2006-04-18,11.411096572875977,11.464062042967857,10.946178818437257,11.33459151745589,78082100,before_trump
2006-04-19,11.511147499084473,11.534688217453889,11.299286646175897,11.369906556317678,103771800,before_trump
2006-04-20,11.446406364440918,11.734773268229867,11.416980482942492,11.634727516100428,127052000,before_trump
2006-04-21,11.21689510345459,11.77008963037764,11.193355507885109,11.48760774864455,92182400,before_trump
2006-04-24,11.128616333007812,11.328707886780753,11.122731155251799,11.140386688519841,67594200,before_trump
2006-04-25,11.269855499267578,11.299281383524212,11.034454037628056,11.146270152837845,90281100,before_trump
2006-04-26,11.469942092895508,11.522907539312012,11.25219625538963,11.269850655873647,85359800,before_trump
2006-04-27,11.81716251373291,11.887783501003495,11.299279389517828,11.411094362512696,134460200,before_trump
2006-04-28,11.758316040039062,11.928982831570407,11.71712091725092,11.764201217934927,89978400,before_trump
2006-05-01,11.469942092895508,11.864239792617143,11.452286569929262,11.805389171878558,75869800,before_trump
2006-05-02,11.52879810333252,11.60530316032114,11.481717809228119,11.55822286621674,52909500,before_trump
2006-05-03,11.333598136901855,11.753580703821921,11.309937766954963,11.546547107635542,68692200,before_trump
2006-05-04,11.440068244934082,11.505136211815037,11.363169533485333,11.404577139472606,42441200,before_trump
2006-05-05,11.540628433227539,11.623441396726097,11.457815469728981,11.493306578622361,51087200,before_trump
2006-05-08,11.89554214477539,11.960608985537615,11.617525279569927,11.617525279569927,102795400,before_trump
2006-05-09,11.771319389343262,11.889624560388611,11.706252560685874,11.789065503472582,66287600,before_trump
2006-05-10,11.582033157348633,11.818642394467954,11.53471130992477,11.741744815494863,60520500,before_trump
2006-05-11,11.451898574829102,11.59386411977634,11.363169122025452,11.58203337563694,56976700,before_trump
2006-05-12,11.262613296508789,11.546544439721092,11.256697923328273,11.40457886811494,66530900,before_trump
2006-05-15,11.428236961364746,11.445983077379456,11.238949570175226,11.2744406739628,62462200,before_trump
2006-05-16,11.274444580078125,11.445987042926944,11.197546973856326,11.392749804680223,67068600,before_trump
2006-05-17,11.03783130645752,11.250780183187194,11.031915934521491,11.215287951571025,83390900,before_trump
2006-05-18,11.0319185256958,11.173884100779812,10.937274808973129,11.079240384057139,76112600,before_trump
2006-05-19,10.860373497009277,10.931355696147982,10.611933543540381,10.647424643109733,189166200,before_trump
2006-05-22,10.653342247009277,10.913612997626236,10.629680756843214,10.724324461023572,84566300,before_trump
2006-05-23,10.617851257324219,10.807138667776467,10.58235902168295,10.724324579522138,89346200,before_trump
2006-05-24,10.582359313964844,10.68291839457526,10.505461724435463,10.65334265896596,108894700,before_trump
2006-05-25,10.677006721496582,10.68292209631658,10.493634615046222,10.629684851178993,68212600,before_trump
2006-05-26,10.777565002441406,10.830802243456814,10.653345525566984,10.724327761425997,61157600,before_trump
2006-05-30,10.535036087036133,10.777560697799073,10.511375727280694,10.771645325799753,65587400,before_trump
2006-05-31,10.659261703491211,10.75982081874084,10.51138071802072,10.58236295923082,76030000,before_trump
2006-06-01,10.671089172363281,10.73615601876118,10.52320823235764,10.677003417110516,76997200,before_trump
2006-06-02,10.783472061157227,10.830793891318564,10.623760461272182,10.688828400834554,71258300,before_trump
2006-06-05,10.635597229003906,10.854461522700678,10.58235999886799,10.801224292564763,63914200,before_trump
2006-06-06,10.523210525512695,10.682921118058019,10.452227162415223,10.677005743779706,82277100,before_trump
2006-06-07,10.286598205566406,10.523208620905413,10.251107094562386,10.51729324769773,108997200,before_trump
2006-06-08,10.120972633361816,10.268853584155568,10.085480392836992,10.197870231348036,114389700,before_trump
2006-06-09,10.150546073913574,10.20969866648603,10.115054969666845,10.120970341748276,83418800,before_trump
2006-06-12,9.973091125488281,10.262937637464649,9.908023149736138,10.203785034802888,64666000,before_trump
2006-06-13,10.126888275146484,10.22744736948075,9.908023965745269,9.931685460055517,116064700,before_trump
2006-06-14,10.487714767456055,10.558698106780863,10.345749217048345,10.345749217048345,117591300,before_trump
2006-06-15,10.718413352966309,10.747989096085897,10.51137976640235,10.529124760977192,71506000,before_trump
2006-06-16,10.824888229370117,10.92544734967541,10.671092989601963,10.682922611570133,83664700,before_trump
2006-06-19,10.789389610290527,11.025998808889554,10.765729254551452,10.949101242435491,61509400,before_trump
2006-06-20,10.736153602600098,10.889949880983304,10.68883175757771,10.81305230591259,50887900,before_trump
2006-06-21,10.884037017822266,11.002342221765502,10.76573294212107,10.777562559921762,53899700,before_trump
2006-06-22,10.795310020446777,10.966852474656699,10.73615741112466,10.913615239091012,45409300,before_trump
2006-06-23,10.647429466247559,10.81897192698226,10.647429466247559,10.795310431056553,48909400,before_trump
2006-06-26,10.813056945800781,10.842632688540073,10.718413215144334,10.736158209491002,36205800,before_trump
2006-06-27,10.677001953125,11.06149324701347,10.677001953125,11.031916386122576,61133200,before_trump
2006-06-28,11.037837982177734,11.06741373150355,10.688838724569035,10.718415602137366,65687300,before_trump
2006-06-29,11.428238868713379,11.451900360682044,11.043748650158843,11.096985878846306,76666000,before_trump
2006-06-30,11.23895263671875,11.428240079555268,11.20346152324744,11.40457971332178,54002100,before_trump
2006-07-03,11.451902389526367,11.469647383404574,11.3217664171276,11.398665151407277,25048100,before_trump
2006-07-05,11.091068267822266,11.392745460096048,11.085152896023743,11.357254357546722,51632300,before_trump
2006-07-06,11.150229454040527,11.203466713029664,11.091076818692299,11.126567948604166,35026000,before_trump
2006-07-07,10.978681564331055,11.209376616734685,10.943190451746698,11.067409909913009,57542500,before_trump
2006-07-10,10.753901481628418,11.073323705866645,10.712495001471792,11.02600185308165,43060600,before_trump
2006-07-11,11.043753623962402,11.043753623962402,10.647432480931366,10.682923606626558,76813100,before_trump
2006-07-12,10.576445579528809,10.990512711651668,10.570531334084402,10.984597337965095,76732200,before_trump
2006-07-13,10.481796264648438,10.69474509078131,10.464051281298408,10.535033471181656,78659200,before_trump
2006-07-14,10.576445579528809,10.706581544149108,10.458141490523825,10.481801857027955,65420500,before_trump
2006-07-17,10.552783966064453,10.718411024990859,10.452224881759498,10.552783966064453,63855500,before_trump
2006-07-18,10.771647453308105,10.807139692314106,10.428563707277915,10.617852263917044,69040900,before_trump
2006-07-19,10.937276840209961,11.026005200085558,10.677006006764874,10.795311238760544,84949400,before_trump
2006-07-20,10.115057945251465,10.647429178529501,10.097311823786727,10.629683057064764,136083600,before_trump
2006-07-21,10.144628524780273,10.292509410355034,9.961256542575223,10.05590021908374,82603200,before_trump
2006-07-24,10.339837074279785,10.446311552402117,10.144634240469594,10.162380362904068,54838700,before_trump
2006-07-25,10.375328063964844,10.511378268109995,10.239276731577572,10.339835823389667,47364300,before_trump
2006-07-26,10.351667404174805,10.493632993185852,10.203786441258023,10.404904641084224,58194900,before_trump
2006-07-27,10.333919525146484,10.576444172828655,10.304343788889446,10.493631208715334,54399100,before_trump
2006-07-28,10.753901481628418,10.801223334413413,10.398987021619968,10.410817766876708,67306400,before_trump
2006-07-31,10.647429466247559,10.742073193465938,10.635598718284706,10.694751329856748,42813200,before_trump
2006-08-01,10.44631290435791,10.582363142569653,10.351669162276488,10.582363142569653,39658000,before_trump
2006-08-02,10.404902458190918,10.523207655001425,10.38715634019675,10.446308938602003,41676800,before_trump
2006-08-03,10.309718132019043,10.410852169914497,10.244278126706444,10.404902975368548,58432000,before_trump
2006-08-04,10.404903411865234,10.511986648798892,10.268075335646843,10.476292614718634,52987200,before_trump
2006-08-07,10.303771018981934,10.40490507730791,10.268076979188372,10.339465058775493,32853500,before_trump
2006-08-08,10.327566146850586,10.500088257114847,10.285922917983106,10.381107765306743,45404900,before_trump
2006-08-09,10.351363182067871,10.607172919128688,10.315669143199141,10.476294020147984,56902300,before_trump
2006-08-10,10.559576034545898,10.601219251441186,10.291868019229684,10.333512370817528,56529900,before_trump
2006-08-11,10.357312202453613,10.583377092415134,10.327567359681684,10.506038685699291,41429700,before_trump
2006-08-14,10.630965232849121,10.732099246043726,10.42869720645991,10.434646399552836,61408800,before_trump
2006-08-15,10.785645484924316,10.815391466303343,10.67261415976352,10.809442270027537,49983300,before_trump
2006-08-16,11.071196556091309,11.118788971500978,10.785640928940609,10.868928506927045,68487700,before_trump
2006-08-17,11.041451454162598,11.1247390386881,10.910572585183633,11.112840650228346,63929800,before_trump
2006-08-18,10.946269989013672,11.023608403141484,10.904626751264752,10.94626998901367,61895700,before_trump
2006-08-21,10.857034683227539,10.916525511170159,10.755900616133037,10.886779529852268,55186800,before_trump
2006-08-22,10.910572052001953,10.95221527488328,10.755896413662223,10.80943802442185,67402200,before_trump
2006-08-23,10.934367179870605,11.041450396363999,10.85108073801693,10.993857981777232,58397100,before_trump
2006-08-24,11.041451454162598,11.047400648392474,10.892725002494002,10.934368227410364,48177800,before_trump
2006-08-25,11.243718147277832,11.303208947624913,10.964112860746987,10.976011247754931,67059700,before_trump
2006-08-28,11.52927303314209,11.57091738913577,11.315107732923694,11.338903373084548,68405300,before_trump
2006-08-29,11.707747459411621,11.71964584889021,11.428140980129191,11.57686744453291,74624700,before_trump
2006-08-30,11.802936553955078,11.89812143465687,11.6363624453803,11.678005688850673,70874700,before_trump
2006-08-31,11.64230728149414,11.80293213302442,11.61851163757828,11.791033743720062,46176100,before_trump
2006-09-01,11.826729774475098,11.86837414407409,11.63041085656633,11.838628165789096,68302800,before_trump
2006-09-05,11.892168045043945,11.910015629393122,11.683950766408396,11.86837240060459,80198200,before_trump
2006-09-06,11.48763370513916,11.791035879192288,11.463838056913673,11.678003429715304,76688700,before_trump
2006-09-07,11.434089660644531,11.600663701774817,11.338904818482318,11.440038855116274,76842800,before_trump
2006-09-08,11.570923805236816,11.624465443653534,11.422197284011116,11.457891331391158,49942000,before_trump
2006-09-11,11.541179656982422,11.636364554940313,11.374606652902857,11.451943956983584,57210500,before_trump
2006-09-12,11.749387741088867,11.820776925362754,11.49357810492194,11.52927212971259,58584500,before_trump
2006-09-13,11.796985626220703,11.892170492956971,11.660157522123958,11.76724078087554,63946600,before_trump
2006-09-14,11.767241477966309,11.791037128713471,11.600667383963442,11.749393888886049,53450900,before_trump
2006-09-15,11.606611251831055,11.874318156973969,11.594712864573326,11.850522517151173,71462900,before_trump
2006-09-18,11.689902305603027,11.749393130671633,11.564972594182757,11.57686985144199,54073800,before_trump
2006-09-19,11.553072929382324,11.719646994283666,11.445989682995245,11.689901017680041,62041700,before_trump
2006-09-20,11.594714164733887,11.713695781267718,11.564969327946823,11.606612553325828,60897400,before_trump
2006-09-21,11.416243553161621,11.69584889353412,11.386497579913787,11.570919209971787,59113600,before_trump
2006-09-22,11.344854354858398,11.517377595659825,11.321058710947117,11.41029436132692,48765500,before_trump
2006-09-25,11.547118186950684,11.606608976886216,11.321054546826595,11.404340971920874,55961500,before_trump
2006-09-26,11.874321937561035,11.886220328607013,11.493582501633908,11.53522573560181,95999900,before_trump
2006-09-27,12.130127906799316,12.344294340384755,11.927859860566995,11.933809054243556,131829700,before_trump
2006-09-28,12.356197357177734,12.391891397917739,12.165827626973575,12.171775688185996,98036700,before_trump
2006-09-29,12.237212181091309,12.463277021565638,12.207467344830734,12.433531050612295,73305600,before_trump
2006-10-02,12.15987777709961,12.34429830147996,12.136080994757354,12.23126585474031,51710400,before_trump
2006-10-03,12.237212181091309,12.36809218390048,11.999250086928411,12.13607814923548,80567600,before_trump
2006-10-04,12.385943412780762,12.421637457009982,12.189624467480236,12.195573663967307,78890600,before_trump
2006-10-05,12.362143516540527,12.481124001346117,12.290754317902918,12.374040770736114,53715500,before_trump
2006-10-06,12.272907257080078,12.31455161996247,12.142028377814015,12.261010002377976,63556800,before_trump
2006-10-09,12.266956329345703,12.368090346174423,12.171770371131082,12.207465530971291,46476300,before_trump
2006-10-10,12.427586555480957,12.504924974509711,12.147981130953088,12.213421157101541,73980400,before_trump
2006-10-11,12.427586555480957,12.659600677874021,12.3383508782651,12.350249271145401,106865400,before_trump
2006-10-12,12.784527778625488,12.820221815257076,12.463279179555274,12.558464033701483,81941100,before_trump
2006-10-13,12.849963188171387,12.998689611333804,12.71908320958522,12.730981595764428,78944400,before_trump
2006-10-16,12.855916976928711,13.105777502548143,12.826171000847253,13.04628668507819,93626600,before_trump
2006-10-17,12.433528900146484,12.629847735712755,12.391885682707057,12.606052097758472,117951400,before_trump
2006-10-18,12.558464050292969,12.86781425933036,12.510871623156989,12.849967808337473,115013500,before_trump
2006-10-19,12.51086711883545,12.606051938837762,12.27290393413711,12.493019539575306,73635800,before_trump
2006-10-20,12.689339637756348,12.760728827221653,12.522765618799085,12.60010400194422,61151200,before_trump
2006-10-23,12.760725975036621,12.849961590903451,12.564407166252632,12.65959197446957,53105200,before_trump
2006-10-24,12.86186695098877,12.9927458495936,12.760732895573618,12.766680956457126,62841600,before_trump
2006-10-25,12.921356201171875,12.992745410987409,12.808324893112358,12.820222149170784,53309500,before_trump
2006-10-26,12.95109748840332,12.98679151303963,12.855912666244764,12.939199101960353,44042700,before_trump
2006-10-27,12.55251407623291,12.951101054275943,12.43353244842879,12.89755943523338,99919800,before_trump
2006-10-30,12.64770221710205,12.689345457266366,12.469229728935163,12.504924907384455,41171900,before_trump
2006-10-31,12.695292472839355,12.748834096622563,12.606056811431678,12.683394082066867,55491300,before_trump
2006-11-01,12.504923820495605,12.742885982675334,12.469228645148824,12.713141137912778,57883600,before_trump
2006-11-02,12.30264949798584,12.445426723328753,12.237209510860643,12.27885272641576,68204800,before_trump
2006-11-03,12.260807037353516,12.368410595802883,12.16515968322217,12.350476289325854,47924400,before_trump
2006-11-06,12.446127891540527,12.499929689128713,12.147229522809171,12.207009424596801,47833000,before_trump
2006-11-07,12.434170722961426,12.655356000433446,12.392325137003484,12.422215655692515,48489800,before_trump
2006-11-08,12.380365371704102,12.493947029668336,12.254828649906557,12.386343473723942,52943400,before_trump
2006-11-09,12.207002639770508,12.535790206547459,12.183090236263595,12.44612097380885,52833700,before_trump
2006-11-10,12.302650451660156,12.338517918108742,12.20700311432646,12.248848681884176,31864200,before_trump
2006-11-13,12.553730010986328,12.595575595256552,12.302655365158335,12.320589675648426,45829100,before_trump
2006-11-14,13.079788208007812,13.109678720078891,12.619485724177695,12.65535319845654,74391100,before_trump
2006-11-15,13.342820167541504,13.372710682198528,13.008054384828649,13.10967985424944,104300100,before_trump
2006-11-16,13.348797798156738,13.396621479709303,13.187392445339396,13.348797798156738,65568900,before_trump
2006-11-17,13.2113037109375,13.450422097971263,13.055876474313951,13.265105490545897,56835000,before_trump
2006-11-20,13.312929153442383,13.36075283079701,12.852625546275085,13.073810766669244,65794500,before_trump
2006-11-21,12.894468307495117,13.3129262481835,12.780886670987215,13.265102581265355,87522600,before_trump
2006-11-22,12.990119934082031,13.055877925402356,12.876539400246154,13.037943616804121,41640800,before_trump
2006-11-24,12.906424522399902,13.002071856333448,12.804799087569739,12.828710350950045,23076000,before_trump
2006-11-27,12.565685272216797,12.846649274174716,12.523839691096105,12.834693068081211,52691900,before_trump
2006-11-28,12.541769981384277,12.631439226091112,12.41025516516134,12.499924409868175,53901800,before_trump
2006-11-29,12.697203636169434,12.822741554516222,12.61351245074283,12.679269322060781,55212100,before_trump
2006-11-30,12.79284381866455,12.846645590451308,12.595571035515187,12.697196477756146,47485000,before_trump
2006-12-01,12.511876106262207,12.792839942524813,12.314603382885078,12.745016286560839,65117600,before_trump
2006-12-04,12.685242652893066,12.822736728902118,12.440146153347065,12.607529601415305,62659300,before_trump
2006-12-05,12.625465393066406,12.792847720606213,12.619487289910472,12.679266041056637,33748700,before_trump
2006-12-06,12.493945121765137,12.679261695255725,12.4520995542227,12.637416127713289,46963900,before_trump
2006-12-07,12.344499588012695,12.70317777681102,12.338521485175296,12.559706729332996,55815100,before_trump
2006-12-08,12.362430572509766,12.464056013007427,12.278739435702125,12.350474370049755,41723600,before_trump
2006-12-11,12.37439250946045,12.505907376848004,12.314612609663651,12.326568817664361,37802100,before_trump
2006-12-12,12.392322540283203,12.458080527413264,12.236895296288985,12.362433168063971,45888000,before_trump
2006-12-13,12.37439250946045,12.487973064846939,12.35048009345903,12.481994960846585,47987600,before_trump
2006-12-14,12.41623592376709,12.637420032027707,12.201028778253795,12.39232351195159,49471000,before_trump
2006-12-15,12.529816627502441,12.673288819908668,12.470037877574178,12.547750936604862,81300400,before_trump
2006-12-18,12.458078384399414,12.7330642101745,12.350474838589593,12.583615094373362,48970900,before_trump
2006-12-19,12.350475311279297,12.38634278118657,12.23091555797997,12.3444972095937,47440100,before_trump
2006-12-20,12.314607620239258,12.517858513074563,12.296673315504512,12.374387495815458,30772600,before_trump
2006-12-21,12.177117347717285,12.356455873166723,12.081468841910176,12.314610293242291,48988800,before_trump
2006-12-22,12.00375747680664,12.212986546125132,12.00375747680664,12.171140960302774,35337100,before_trump
2006-12-26,12.045598983764648,12.129291267276297,11.973864043847591,11.973864043847591,30535300,before_trump
2006-12-27,12.195048332214355,12.254828210060797,12.087444780132028,12.111357187353137,31892600,before_trump
2006-12-28,12.207001686096191,12.242869148348252,12.153199922615068,12.195045485276815,29665000,before_trump
2006-12-29,12.105380058288574,12.272763501667619,12.093423853717265,12.159181838653037,37099300,before_trump
2007-01-03,12.165159225463867,12.481990646524624,12.039621365261292,12.224939104598125,69001200,before_trump
2007-01-04,12.655356407165527,12.751003789631046,12.290700048886526,12.332545636189348,88902300,before_trump
2007-01-05,12.61351203918457,12.643401421516863,12.410261046745811,12.607533934676743,64550800,before_trump
2007-01-08,12.55970573425293,12.756978551431503,12.523838260276765,12.703176770364033,52839100,before_trump
2007-01-09,12.571660995483398,12.679263409336388,12.47003554333917,12.6613302437974,54381000,before_trump
2007-01-10,12.864582061767578,12.924361944958113,12.571661888361039,12.607529362192786,76346900,before_trump
2007-01-11,13.103697776794434,13.181410810918221,12.57165931954565,12.918381202956015,99263900,before_trump
2007-01-12,13.229235649108887,13.241191852402142,12.924360446575033,13.025985894155086,90707700,before_trump
2007-01-16,13.330863952636719,13.330863952636719,13.02001058186033,13.211305314709353,132197800,before_trump
2007-01-17,12.577640533447266,12.852626411700822,12.4222132865275,12.703177267378718,192479200,before_trump
2007-01-18,12.344491004943848,12.493940051348025,12.25482180514249,12.487961952667169,101259500,before_trump
2007-01-19,12.446126937866211,12.476017456573084,12.314612076176077,12.326568283658828,64459100,before_trump
2007-01-22,12.428191184997559,12.565684121866076,12.344498890211382,12.505904237077797,77064300,before_trump
2007-01-23,12.284723281860352,12.481996172189849,12.230921480842591,12.464062998655171,66796000,before_trump
2007-01-24,12.458078384399414,12.481989650020338,12.296673065684681,12.314607370055073,55953800,before_trump
2007-01-25,12.314607620239258,12.577638388650763,12.314607620239258,12.47601294223311,57199100,before_trump
2007-01-26,12.272762298583984,12.493946360438668,12.260806095184728,12.368409645365412,62234300,before_trump
2007-01-29,12.487967491149902,12.637416603835588,12.374386986457274,12.434165719366556,99681400,before_trump
2007-01-30,12.511886596679688,12.631445266728978,12.446128587018123,12.607533988801862,61693700,before_trump
2007-01-31,12.529816627502441,12.565685245707282,12.368412406406932,12.529816627502443,47840000,before_trump
2007-02-01,12.61948299407959,12.63741615723613,12.47601198779627,12.541768819713916,50473200,before_trump
2007-02-02,12.69122314453125,12.703179351688322,12.571664493580538,12.637421352531094,55291300,before_trump
2007-02-05,12.789182662963867,12.867311561433285,12.72307280143052,12.753122113232351,63384700,before_trump
2007-02-06,12.807212829589844,12.915392194937164,12.668984150005096,12.84327338224419,56861600,before_trump
2007-02-07,12.927409172058105,13.02356832933166,12.765140164293646,12.84927914033111,57645400,before_trump
2007-02-08,12.837265014648438,12.87332442583902,12.729085634768678,12.801204457149842,40270500,before_trump
2007-02-09,12.638936042785645,12.945443891771918,12.57282616958038,12.873323925883632,80404400,before_trump
2007-02-12,12.500711441040039,12.608890862041767,12.470662111343314,12.578841532345043,48013400,before_trump
2007-02-13,12.542776107788086,12.590855700089723,12.440606830858618,12.554795146132568,55316100,before_trump
2007-02-14,12.705041885375977,12.80120105385826,12.584843497926974,12.596862534256477,56559400,before_trump
2007-02-15,12.807212829589844,12.831253198026076,12.699033464242525,12.747113054807127,44728000,before_trump
2007-02-16,12.759133338928223,12.861302612966462,12.711053747987163,12.777163615396573,47511800,before_trump
2007-02-20,12.729086875915527,12.813225892333511,12.560807696771432,12.656966900194307,47945200,before_trump
2007-02-21,12.548786163330078,12.614896038455518,12.4586370630823,12.602875852740347,69355500,before_trump
2007-02-22,12.602875709533691,12.66297549111863,12.488687385461096,12.62090598790157,52430400,before_trump
2007-02-23,12.476661682128906,12.620900406358968,12.470651591997552,12.518731166740906,75768100,before_trump
2007-02-26,12.530755043029785,12.620904128975187,12.332426595426774,12.506714675413507,72228200,before_trump
2007-02-27,12.037938117980957,12.380505308112745,12.025917935023553,12.314395448154773,99034300,before_trump
2007-02-28,11.935766220092773,12.1401047000206,11.89970567918258,12.0499544940526,102774400,before_trump
2007-03-01,11.7735013961792,11.89970989515711,11.623252528077176,11.731431896519897,108287900,before_trump
2007-03-02,11.551132202148438,11.779511116382155,11.539113164273918,11.72542143386932,95602100,before_trump
2007-03-05,11.485024452209473,11.695371961635471,11.35881480024592,11.406894394730143,88237400,before_trump
2007-03-06,11.659311294555664,11.659311294555664,11.509062434712659,11.623251889159535,66882600,before_trump
2007-03-07,11.491035461425781,11.689363947781963,11.466995089112041,11.635274256384092,68343100,before_trump
2007-03-08,11.557143211364746,11.611232898169906,11.515073709695832,11.587193674205361,46507200,before_trump
2007-03-09,11.47901439666748,11.671332775225217,11.448963933575362,11.63527336582263,51056700,before_trump
2007-03-12,11.707388877868652,11.803548039987305,11.473001063492886,11.485021245334627,68184600,before_trump
2007-03-13,11.491032600402832,11.713400257399886,11.491032600402832,11.593201864682163,66226600,before_trump
2007-03-14,11.557137489318848,11.56314757891132,11.394868509244244,11.53309827725634,70074300,before_trump
2007-03-15,11.5030517578125,11.599210931517542,11.424922859042567,11.545121253019984,52048300,before_trump
2007-03-16,11.509062767028809,11.551132265590324,11.448962992094701,11.509062767028809,56509100,before_trump
2007-03-19,11.485024452209473,11.587193733776939,11.38886526324103,11.539114139292717,59139800,before_trump
2007-03-20,11.412901878356934,11.497040862893288,11.370832386088757,11.442952334482555,62861900,before_trump
2007-03-21,11.623252868652344,11.635273053566607,11.364824624535345,11.448963626319326,61537800,before_trump
2007-03-22,11.51507568359375,11.605224794952932,11.48502636191007,11.563155286072524,50898400,before_trump
2007-03-23,11.581182479858398,11.635272161517722,11.515072614206371,11.533102890195424,37566600,before_trump
2007-03-26,11.5932035446167,11.62325286057354,11.448963618361663,11.575173267257838,39226400,before_trump
2007-03-27,11.454971313476562,11.581180935959127,11.442952277393967,11.569160753568848,50285100,before_trump
2007-03-28,11.334776878356934,11.44896521193305,11.334776878356934,11.406895705214682,50042600,before_trump
2007-03-29,11.473006248474121,11.479016342111125,11.268667650048588,11.42492664568624,71000900,before_trump
2007-03-30,11.497042655944824,11.527093116757042,11.358813975132227,11.466993341440475,60162400,before_trump
2007-04-02,11.497042655944824,11.563152523423835,11.436944026936127,11.509062840269712,54240600,before_trump
2007-04-03,11.605226516723633,11.65931622082561,11.533107675459872,11.551136812621657,53274700,before_trump
2007-04-04,11.647293090820312,11.683353648654956,11.55714398884975,11.629263958211014,49475500,before_trump
2007-04-05,11.76749324798584,11.767493247985838,11.575174848451914,11.59320512827375,36683100,before_trump
2007-04-09,12.080008506774902,12.164147501093309,11.929759647601852,11.947788777065611,117593100,before_trump
2007-04-10,12.42858600616455,12.464645411956834,12.06197841730152,12.080008693351582,94796500,before_trump
2007-04-11,12.302377700805664,12.458636671264617,12.272328383770773,12.374497666520552,90710100,before_trump
2007-04-12,12.32040786743164,12.350457184194877,12.170158990999546,12.248287902368734,63681100,before_trump
2007-04-13,12.296363830566406,12.308384012210825,12.17015536222286,12.266314522762976,44046400,before_trump
2007-04-16,12.434595108032227,12.458634327876926,12.254295800812109,12.266315983888335,56647300,before_trump
2007-04-17,12.608888626098633,12.620908814369155,12.41657019900328,12.422580293138541,104587400,before_trump
2007-04-18,12.831253051757812,12.909381955669224,12.620904415570076,12.813222775636174,112621700,before_trump
2007-04-19,13.107707977294922,13.16179764932248,12.705041055705115,12.717061237557381,97553200,before_trump
2007-04-20,13.3180513381958,13.342091692448339,13.017553787882164,13.251941510308502,120196700,before_trump
2007-04-23,13.167805671691895,13.300024212373437,13.095686884522857,13.239925605168388,55767600,before_trump
2007-04-24,13.185839653015137,13.275988735504145,13.065640112157944,13.191849744688774,85220200,before_trump
2007-04-25,13.378155708312988,13.402194924579419,13.101697270249767,13.215886699861157,68950800,before_trump
2007-04-26,13.275991439819336,13.354120354875905,13.221901750046325,13.300030665102891,62587700,before_trump
2007-04-27,13.14377212524414,13.275990722934099,13.113721662377367,13.173821441802966,48819400,before_trump
2007-04-30,12.921401023864746,13.131749641886884,12.90938084082171,13.089680147544007,60430900,before_trump
2007-05-01,13.101700782775879,13.11973105954025,12.891353285397663,12.95746200758458,60719800,before_trump
2007-05-02,13.179825782775879,13.263964749469183,13.071646456280229,13.107705849676297,68653800,before_trump
2007-05-03,13.133313179016113,13.36891502712113,13.115189516759942,13.356833737862058,71127400,before_trump
2007-05-04,13.229970932006836,13.302464431665666,13.175601095323985,13.260177036966802,53037600,before_trump
2007-05-07,13.266215324401855,13.368913762985802,13.199764206902785,13.24205159592354,36978500,before_trump
2007-05-08,13.380997657775879,13.41120376196315,13.16955953744521,13.27829920802927,49529000,before_trump
2007-05-09,13.574310302734375,13.598475182856953,13.260174926855184,13.31454475488608,72643900,before_trump
2007-05-10,13.417240142822266,13.713254121272689,13.320582940479381,13.507857278232871,65528600,before_trump
2007-05-11,13.459532737731934,13.532025085237288,13.374956795982234,13.483696469485356,46752400,before_trump
2007-05-14,13.362876892089844,13.55619137514619,13.284342163194948,13.507862754382105,50199300,before_trump
2007-05-15,13.29642105102539,13.507859142422332,13.22996878315195,13.3387084388558,57409000,before_trump
2007-05-16,13.399124145507812,13.435370325930027,13.2360146052399,13.320589410306832,60776000,before_trump
2007-05-17,13.429320335388184,13.568264896489762,13.399115396798988,13.471607710310877,58022700,before_trump
2007-05-18,13.713257789611816,13.74346274133211,13.598476899033615,13.707216568818748,68319300,before_trump
2007-05-21,13.670969009399414,13.828037290587982,13.61055910699576,13.713257554225015,51141900,before_trump
2007-05-22,13.888444900512695,13.942814720986767,13.707212933762284,13.828033860847643,66447600,before_trump
2007-05-23,13.695133209228516,13.979063654000175,13.683050768452281,13.888447652668367,63578800,before_trump
2007-05-24,13.272259712219238,13.743464628578787,13.18164369236996,13.725340963710847,86970900,before_trump
2007-05-25,13.38703441619873,13.47160917524095,13.314542094803882,13.362870693148672,38037600,before_trump
2007-05-29,13.471614837646484,13.550149563119502,13.362876309849097,13.393081264418623,48537900,before_trump
2007-05-30,13.33871078491211,13.47161419178958,13.199766156961331,13.3326695638388,58288200,before_trump
2007-05-31,13.399124145507812,13.405165367619064,13.242055827351152,13.374959257062804,49304200,before_trump
2007-06-01,13.507862091064453,13.652847946237031,13.483697205746449,13.49577964840545,48706100,before_trump
2007-06-04,13.38703441619873,13.616596122519997,13.362870693148672,13.435363014543523,48184200,before_trump
2007-06-05,13.266215324401855,13.435366032729807,13.205805427083597,13.362873695049922,55921800,before_trump
2007-06-06,12.98228645324707,13.272258143387075,12.964162790521417,13.21788830745519,69039300,before_trump
2007-06-07,12.873540878295898,13.066855249746054,12.861459594263671,12.879582096434284,65427200,before_trump
2007-06-08,13.187684059143066,13.21788901305315,12.897712353523776,12.958123413589078,60978800,before_trump
2007-06-11,13.248092651367188,13.338708648462719,13.103106825565355,13.139352993954583,42220000,before_trump
2007-06-12,13.411202430725098,13.592434428878839,13.193723111144655,13.205805551620221,59703700,before_trump
2007-06-13,13.695133209228516,13.821995380644053,13.411202764456855,13.453490154928701,75402700,before_trump
2007-06-14,14.033432006835938,14.214665142651743,13.670966887449179,13.677008107200859,85675800,before_trump
2007-06-15,14.643582344055176,14.649623564206715,14.377774418612125,14.48651407684996,159229100,before_trump
2007-06-18,14.60129451751709,14.685869292613363,14.383815207561083,14.607335737487523,56919200,before_trump
2007-06-19,14.559014320373535,14.770452514784186,14.474438351261998,14.52276813489457,67154400,before_trump
2007-06-20,14.462352752685547,14.7100370588486,14.438187868062265,14.631502336068051,62999600,before_trump
2007-06-21,14.673791885375977,14.728160574997792,14.371737720446,14.420066340744988,56127800,before_trump
2007-06-22,14.317364692687988,14.63754129883134,14.311323472464252,14.613377570181342,70452900,before_trump
2007-06-25,14.18446159362793,14.432145886745104,14.075721923040867,14.347571099508524,50088600,before_trump
2007-06-26,14.124051094055176,14.329448001647727,14.099887361997576,14.244873211078477,49305100,before_trump
2007-06-27,14.37174129486084,14.407987481038617,14.063645831736007,14.06968705480655,50784400,before_trump
2007-06-28,14.450271606445312,14.601298692151369,14.414025428504521,14.577133805360694,47660000,before_trump
2007-06-29,14.341527938842773,14.631499586356814,14.226747062943296,14.474431322558816,50633200,before_trump
2007-07-02,14.661705017089844,14.67982752407904,14.414020768782168,14.42610205602668,48790600,before_trump
2007-07-03,14.855025291442871,14.861066513567234,14.655669570320123,14.685874528696633,29204400,before_trump
2007-07-05,14.861066818237305,14.915436666225913,14.758368344508305,14.788573303504053,36687300,before_trump
2007-07-06,14.909396171569824,15.012094650310605,14.806697692829045,14.812738915372078,51408200,before_trump
2007-07-09,15.078536033630371,15.114783345426096,14.975838773609729,14.987920058630333,76331300,before_trump
2007-07-10,15.08458423614502,15.211447581676152,14.951680821429463,14.969804485718244,64931900,before_trump
2007-07-11,14.842944145202637,15.04229988375895,14.770451777861469,14.993971254783037,56054600,before_trump
2007-07-12,15.706809997558594,15.706809997558594,14.842935263333716,14.951674901522123,134702600,before_trump
2007-07-13,15.688690185546875,15.706813847101731,15.5134993994966,15.585991741226026,64189600,before_trump
2007-07-16,15.676614761352539,15.730984614111783,15.604121240258403,15.664532315795944,50045600,before_trump
2007-07-17,15.906167984008789,16.020948858316764,15.694729895203015,15.743058502451916,122061900,before_trump
2007-07-18,15.138952255249023,15.308102978189947,14.987925194416247,15.078541200466907,134435700,before_trump
2007-07-19,15.259777069091797,15.296023247486461,15.157078603435883,15.181242338283914,62612300,before_trump
2007-07-20,14.830862998962402,15.283944367389918,14.788575588935116,15.271863073271767,95624900,before_trump
2007-07-23,14.933558464050293,15.084585556271758,14.842942439166466,14.873148548957923,56431300,before_trump
2007-07-24,14.818774223327637,15.042293606980067,14.746280733990814,14.746280733990814,68543100,before_trump
2007-07-25,14.800649642944336,14.933553020848343,14.722116090602162,14.909389294068001,50743000,before_trump
2007-07-26,14.49859619140625,14.76440411087727,14.275075659800981,14.703993062964098,86328700,before_trump
2007-07-27,14.220705032348633,14.52879914515441,14.214663813161987,14.432141942657552,79410500,before_trump
2007-07-30,14.407988548278809,14.589220644837557,14.226755299474489,14.269043864100729,69472300,before_trump
2007-07-31,14.269039154052734,14.60733949367456,14.250915489481047,14.559010873728585,61619000,before_trump
2007-08-01,14.377776145935059,14.474433375482063,14.027393400765904,14.232790301614553,92766600,before_trump
2007-08-02,14.679827690124512,14.758362395448833,14.250911453604271,14.3596511057488,74873100,before_trump
2007-08-03,14.511713981628418,14.863733766484232,14.49350564258072,14.730209419686691,77219000,before_trump
2007-08-06,14.645231246948242,14.687717350849363,14.432806515582458,14.596676857260638,64096700,before_trump
2007-08-07,14.645231246948242,14.760548356566785,14.41459818533912,14.590608571474156,59835600,before_trump
2007-08-08,14.979049682617188,15.033673537576153,14.67558433623557,14.766623708624369,75754600,before_trump
2007-08-09,14.517784118652344,15.015467166681132,14.517784118652344,14.760556196028755,71677400,before_trump
2007-08-10,14.554189682006836,14.772684980952379,14.262863388497973,14.475289244958606,68821100,before_trump
2007-08-13,14.578474044799805,14.760552771177736,14.542057373421569,14.681652298448181,50460400,before_trump
2007-08-14,14.444948196411133,14.796967907353404,14.432810463889748,14.602750295471914,55469500,before_trump
2007-08-15,14.092925071716309,14.56026181062007,14.086855628111687,14.432806967807045,63242900,before_trump
2007-08-16,14.020100593566895,14.317496522937192,13.407100395531922,14.099001081918795,118374800,before_trump
2007-08-17,14.384256362915039,14.566335088469588,14.165760966146939,14.505641794075304,94355000,before_trump
2007-08-20,14.633091926574707,14.742339580899436,14.359972790762882,14.444942674069743,57345400,before_trump
2007-08-21,14.499567985534668,14.596676764291367,14.39032032002639,14.511706872286243,58065500,before_trump
2007-08-22,14.657374382019043,14.687721607887005,14.529919506258498,14.627028313779379,51215500,before_trump
2007-08-23,14.705928802490234,14.760552651486337,14.566335036223881,14.74234547357317,38610600,before_trump
2007-08-24,15.045814514160156,15.10043721905976,14.608823613934621,14.681655816515073,51695900,before_trump
2007-08-27,14.83945369720459,14.997254635173928,14.79089929529981,14.997254635173928,45799500,before_trump
2007-08-28,14.542057991027832,14.875870547068923,14.52385081219376,14.718068437279593,56189600,before_trump
2007-08-29,15.227892875671387,15.294655629776802,14.699862604606446,14.742348730255337,82168400,before_trump
2007-08-30,15.343209266662598,15.549565807412575,15.10650549484439,15.118644387271681,68903300,before_trump
2007-08-31,15.628463745117188,15.658809813609782,15.494939423070146,15.513146601114379,56843900,before_trump
2007-09-04,15.889442443847656,16.041175085736764,15.628462114577886,15.670947069086324,77887400,before_trump
2007-09-05,15.774121284484863,15.901577273096771,15.652735896542167,15.774121284484863,59594700,before_trump
2007-09-06,15.871235847473145,15.919790251887703,15.707364298463395,15.792335374410108,49595300,before_trump
2007-09-07,15.458521842956543,15.622393381490884,15.33106697362644,15.592047314782262,65685000,before_trump
2007-09-10,15.385696411132812,15.913725572575087,15.318933650957645,15.731646790897473,107382200,before_trump
2007-09-11,15.573844909667969,15.71343872188089,15.331072810682743,15.482805517252094,61962300,before_trump
2007-09-12,15.45245361328125,15.689157351210374,15.373553139057098,15.482800840004641,60821100,before_trump
2007-09-13,15.385696411132812,15.561705745737349,15.32500309803072,15.519220773854483,65045000,before_trump
2007-09-14,15.130781173706055,15.288583280411517,14.93049410704688,15.13685061907492,66854900,before_trump
2007-09-17,15.082221984863281,15.22181571118821,15.02759815149649,15.094360871751007,46370300,before_trump
2007-09-18,15.422107696533203,15.47066210214194,15.106503481262234,15.142920153690046,72076600,before_trump
2007-09-19,15.58597469329834,15.646667971973777,15.43424207542375,15.555627475146618,69117900,before_trump
2007-09-20,15.664874076843262,15.755913409833246,15.464587081214125,15.482795410863291,51971400,before_trump
2007-09-21,15.701294898986816,15.810541432962305,15.634532163533825,15.786264811288273,70411400,before_trump
2007-09-24,15.768058776855469,15.92586089245365,15.670949960737882,15.76805877685547,50334900,before_trump
2007-09-25,15.713434219360352,15.883375218769533,15.634533743909017,15.677018704354225,50665900,before_trump
2007-09-26,15.725574493408203,15.998693774047709,15.658811745334447,15.768059457590248,68642200,before_trump
2007-09-27,15.63453197479248,15.840888465857637,15.598116463906928,15.834819021105341,47541400,before_trump
2007-09-28,15.695222854614258,15.792331640483045,15.579905737284559,15.61025179875804,44063300,before_trump
2007-10-01,16.004762649536133,16.114009200269425,15.695227861720777,15.80447557008248,54672800,before_trump
2007-10-02,16.010831832885742,16.132218439547763,15.877307491660298,15.950139687183206,45948000,before_trump
2007-10-03,15.664874076843262,15.810537241152822,15.519210912533701,15.713428464946448,76290500,before_trump
2007-10-04,15.537424087524414,15.677017852149863,15.397830322898963,15.658809516822432,44415700,before_trump
2007-10-05,15.501006126403809,15.743778104286836,15.470658905650863,15.658807043806698,72211600,before_trump
2007-10-08,15.573844909667969,15.634538223821446,15.45852772853923,15.47673607007388,34606900,before_trump
2007-10-09,15.683089256286621,15.695228148021219,15.507078799020247,15.585980437666702,43878600,before_trump
2007-10-10,15.707369804382324,15.737717041296765,15.555637092696283,15.707369804382324,38317200,before_trump
2007-10-11,15.434249877929688,15.889447961670617,15.270378289952092,15.701299744527038,91274900,before_trump
2007-10-12,15.507072448730469,15.585974055065986,15.373548167214617,15.537419665639497,48670300,before_trump
2007-10-15,15.628459930419922,15.822677499674558,15.519212258307181,15.561697206878131,74615900,before_trump
2007-10-16,15.464585304260254,15.768050484442572,15.337130484245021,15.610248451832431,107955700,before_trump
2007-10-17,16.217182159423828,16.37498422460432,15.931925247921422,16.25966826582583,187866100,before_trump
2007-10-18,16.368913650512695,16.374983093865296,16.065448428650278,16.08972620206069,66200000,before_trump
2007-10-19,15.96226978302002,16.29608221278077,15.944062611073672,16.29001276958935,80777400,before_trump
2007-10-22,16.168630599975586,16.198977824151658,15.68915603427601,15.749849324999918,62800500,before_trump
2007-10-23,16.26573944091797,16.27787833061738,15.877304231562725,16.156492906507985,67310100,before_trump
2007-10-24,15.786272048950195,16.016905269920844,15.452459376267626,15.980489741899953,89794300,before_trump
2007-10-25,15.713434219360352,15.93192962465382,15.494939971695235,15.889444664208613,57691300,before_trump
2007-10-26,15.743782043457031,16.05331682681553,15.646673228006724,15.937999674357641,61642300,before_trump
2007-10-29,15.93799877166748,15.992622621968062,15.780196666091168,15.810542735090012,53264600,before_trump
2007-10-30,15.944064140319824,16.00475742042742,15.840885911425318,15.84695535519888,41449000,before_trump
2007-10-31,16.32642936706543,16.32642936706543,15.99261807252462,16.00475695972232,64819100,before_trump
2007-11-01,16.083662033081055,16.43568175957543,16.083662033081055,16.205048624683943,86590500,before_trump
2007-11-02,16.26573944091797,16.36284824325678,16.022967435070942,16.23539337429768,58633800,before_trump
2007-11-05,16.35899543762207,16.47480087175485,16.11519544144523,16.200525149474604,55392500,before_trump
2007-11-06,16.755165100097656,16.773450529782885,16.432129484170133,16.432129484170133,69334400,before_trump
2007-11-07,16.395557403564453,16.78563837576056,16.37727313906729,16.602787593082205,71488100,before_trump
2007-11-08,15.80434513092041,16.438224925275463,15.414265257471147,16.389464941094303,91404900,before_trump
2007-11-09,15.32893180847168,15.633681948451352,15.237506998983683,15.456927471778496,71692500,before_trump
2007-11-12,15.463028907775879,15.584928315864998,15.298463486199074,15.487408324381704,72660600,before_trump
2007-11-13,15.932344436645508,15.932344436645508,15.414269885133344,15.597119590075275,62116600,before_trump
2007-11-14,15.75558853149414,16.16395392268865,15.70682853683793,16.151763633392104,63262500,before_trump
2007-11-15,15.560547828674316,15.883582342288802,15.408172707149017,15.74949265385731,67012000,before_trump
2007-11-16,15.548359870910645,15.712925305836325,15.341129581566472,15.560550161467381,80440400,before_trump
2007-11-19,15.341127395629883,15.603212792605087,15.29846254729065,15.511787951516741,52318600,before_trump
2007-11-20,15.554454803466797,15.69463965536184,15.18265908428161,15.450839660211749,74694200,before_trump
2007-11-21,15.01199722290039,15.414268633666824,14.957143245895399,15.377697765623525,69533000,before_trump
2007-11-23,15.280182838439941,15.298468278519813,14.963242185571014,15.103428234455968,36581600,before_trump
2007-11-26,14.85352897644043,15.432553803816981,14.823053251296374,15.26189439313044,53157500,before_trump
2007-11-27,15.304561614990234,15.335036182321792,14.926670702415686,15.085141010106287,62931100,before_trump
2007-11-28,15.96281623840332,16.03595563738845,15.542260625384575,15.566641200066142,60141900,before_trump
2007-11-29,16.05424690246582,16.13348147391495,15.853111738370107,15.889681451151999,43272300,before_trump
2007-11-30,15.895774841308594,16.24928512590132,15.676354263792392,16.24928512590132,65565000,before_trump
2007-12-03,15.999387741088867,16.322423416848288,15.8531077641025,15.865298052817177,56131600,before_trump
2007-12-04,16.035966873168945,16.163962654869284,15.743406747183313,15.74950189512434,44505400,before_trump
2007-12-05,16.590604782104492,16.736884776625416,16.389469644321967,16.389469644321967,68523700,before_trump
2007-12-06,17.053823471069336,17.059918615487177,16.56012839852332,16.59060295808261,60508000,before_trump
2007-12-07,16.901456832885742,17.005072014944908,16.803936798304235,16.925837422796373,47506200,before_trump
2007-12-10,16.931922912597656,16.99287202754889,16.608887255718802,16.7978320696333,45473800,before_trump
2007-12-11,16.41385269165039,16.956307898178576,16.401662399642284,16.938023622696647,67572400,before_trump
2007-12-12,16.62717056274414,16.895349889339425,16.38946462720008,16.718595386016613,56574000,before_trump
2007-12-13,16.554035186767578,16.7612654710484,16.340709757357313,16.444324899497726,53456100,before_trump
2007-12-14,16.023767471313477,16.358992255533735,15.96281719349256,16.34680196746358,68738500,before_trump
2007-12-17,15.67635726928711,16.01767849142428,15.46912694246465,15.9872027595208,64820000,before_trump
2007-12-18,15.792160987854004,15.932345851594619,15.597120975253118,15.798256133564053,44708400,before_trump
2007-12-19,15.962811470031738,15.999381158600295,15.737295871711847,15.755581297260845,33581900,before_trump
2007-12-20,16.09691047668457,16.17005105894233,15.85311047337557,16.17005105894233,40096600,before_trump
2007-12-21,16.43213653564453,16.43213653564453,16.200526806223458,16.310237106355093,58620800,before_trump
2007-12-24,16.645462036132812,16.68203291129804,16.304142005635445,16.346806864131338,22486400,before_trump
2007-12-26,16.730792999267578,16.742982128520033,16.53575181833558,16.578417839574904,21346200,before_trump
2007-12-27,16.352893829345703,16.71249911753069,16.316324135004916,16.675929423189906,29577500,before_trump
2007-12-28,16.310239791870117,16.62108530591438,16.24319433907712,16.523565281413873,35391400,before_trump
2007-12-31,16.249282836914062,16.456513094814117,16.20661798896933,16.2309974038535,23687800,before_trump
2008-01-02,15.450840950012207,16.05424642432835,15.207040934510253,16.017676712635602,84278800,before_trump
2008-01-03,15.036375999450684,15.481311044547825,14.859620312682598,15.463026775247567,85190500,before_trump
2008-01-04,13.817370414733887,14.384205820961641,13.622330524962926,14.298874997289763,174093400,before_trump
2008-01-07,13.945372581481934,14.036798597342944,13.628433167436725,13.896612582203433,112063700,before_trump
2008-01-08,13.567480087280273,14.097744825058067,13.549194655362822,13.969750289225443,80520800,before_trump
2008-01-09,13.866141319274902,13.939281916867953,13.56748610728647,13.652815835703063,73239600,before_trump
2008-01-10,13.738137245178223,13.835657199644636,13.530907051304707,13.756421510059702,81185100,before_trump
2008-01-11,13.402915954589844,13.628431652770354,13.268826262109243,13.561386225265077,75915200,before_trump
2008-01-14,14.067275047302246,14.140415637292866,13.658909562636032,13.951469597538033,85033000,before_trump
2008-01-15,13.829562187194824,14.140407480927554,13.719851946756263,14.018506955433693,129312400,before_trump
2008-01-16,12.116869926452637,12.427715333731014,12.007160808469086,12.208295935233918,309347600,before_trump
2008-01-17,11.781646728515625,12.220486748598258,11.708506143903444,12.202202474342828,172761000,before_trump
2008-01-18,11.580509185791016,11.976684267535779,11.550034626629847,11.81821400233189,143864100,before_trump
2008-01-22,11.34280776977539,11.580512657579174,11.00148655968811,11.092912589640578,146951600,before_trump
2008-01-23,12.177821159362793,12.318006012028501,11.117290302732078,11.172145447258673,173781800,before_trump
2008-01-24,12.610567092895508,12.641041656320857,12.232676228758786,12.281436227757387,90383900,before_trump
2008-01-25,12.190010070800781,12.970171133842813,12.190010070800781,12.964075989303819,104701200,before_trump
2008-01-28,12.366768836975098,12.372862820493069,11.958403351986771,12.116872499119339,68633200,before_trump
2008-01-29,12.494763374328613,12.561808818102978,12.342388211227044,12.458193660692704,78365800,before_trump
2008-01-30,12.610567092895508,12.933601650312468,12.366767097902498,12.409431951710015,96055500,before_trump
2008-01-31,12.860461235046387,13.006741220690168,12.409430988678901,12.458190983893495,100753400,before_trump
2008-02-01,13.26882266998291,13.299297221946194,12.93359678573859,13.043307032853836,66087600,before_trump
2008-02-04,12.921414375305176,13.256639271173322,12.897033791044821,13.250544125108235,65724200,before_trump
2008-02-05,12.337644577026367,12.79754681593315,12.325380236620136,12.687170091460821,85581600,before_trump
2008-02-06,12.215003967285156,12.527737641745412,12.20273962642195,12.349908208004672,73305800,before_trump
2008-02-07,12.294718742370605,12.484812499946251,11.95745758598718,12.055569964920242,76942200,before_trump
2008-02-08,12.429627418518066,12.4664192779227,12.233402608903862,12.239533610811199,54170800,before_trump
2008-02-11,12.68103313446045,12.766881145714672,12.356035253925779,12.509335942360568,53777900,before_trump
2008-02-12,12.815943717956543,12.871132086914754,12.607454584023753,12.69330380773209,57734900,before_trump
2008-02-13,13.006034851074219,13.048960042813508,12.791414740337194,12.91405463653094,49788900,before_trump
2008-02-14,12.54612922668457,12.871127144691929,12.546129226684569,12.852730638905696,71583500,before_trump
2008-02-15,12.331509590148926,12.595187000696226,12.251792565308687,12.454149457423098,78256600,before_trump
2008-02-19,12.362161636352539,12.681027199770538,12.294708990739649,12.50933008802449,65726300,before_trump
2008-02-20,12.497074127197266,12.576791156233188,12.362169915217889,12.374434253468287,72005800,before_trump
2008-02-21,12.44802188873291,12.871132335727701,12.343777319751354,12.638115683082361,78890400,before_trump
2008-02-22,12.153679847717285,12.570657957339288,11.963587298774868,12.552261451470704,134283800,before_trump
2008-02-25,12.22726821899414,12.251795730949794,11.96972291070427,12.110759320827032,82397200,before_trump
2008-02-26,12.687170028686523,12.797546752612725,12.123023238301847,12.1414185792283,81112100,before_trump
2008-02-27,12.736224174499512,12.809807865568407,12.405094055914443,12.411226225102132,80981700,before_trump
2008-02-28,12.564523696899414,12.705560042969937,12.460279186849162,12.595184534909123,56138700,before_trump
2008-02-29,12.245661735534668,12.503207005441364,12.22726639670745,12.46641515819519,77164100,before_trump
2008-03-03,12.270195007324219,12.497079514810377,12.221138802765685,12.300854696576238,75603600,before_trump
2008-03-04,12.264058113098145,12.2947177905442,11.920664813417078,12.049436862200581,124099900,before_trump
2008-03-05,12.386703491210938,12.405098836271044,12.16594999375261,12.288591085583267,62225500,before_trump
2008-03-06,12.18433952331543,12.398959556592605,12.159810851174347,12.325375879352277,65547200,before_trump
2008-03-07,12.306981086730957,12.503205812781998,12.110756360679916,12.14754820441658,73715200,before_trump
2008-03-10,12.337642669677734,12.570659253413343,12.245661300442817,12.331510500422628,66986800,before_trump
2008-03-11,12.99990463256836,13.01216780421124,12.540002362589648,12.558397704849945,78159700,before_trump
2008-03-12,12.950844764709473,13.177729165255824,12.864995570002108,12.981504439510346,53034800,before_trump
2008-03-13,13.048959732055664,13.177731795431205,12.71782956407538,12.766885755302994,66660600,before_trump
2008-03-14,12.668773651123047,13.147072403292217,12.589057777224125,13.02443133773339,80049300,before_trump
2008-03-17,12.785280227661133,12.969240623043786,12.35603774564605,12.368302083896005,67466600,before_trump
2008-03-18,13.337157249450684,13.337157249450684,12.993764102927376,13.061215597142809,72379700,before_trump
2008-03-19,12.932452201843262,13.324901773012263,12.926320031094749,13.20226186681794,69668600,before_trump
2008-03-20,13.337157249450684,13.343289416123215,12.932443605793269,13.165460091393427,67373400,before_trump
2008-03-24,13.570178985595703,13.766404886266391,13.337162409837266,13.343294578882443,53798700,before_trump
2008-03-25,13.656024932861328,13.735740772295038,13.508856419574293,13.68668460119936,48236100,before_trump
2008-03-26,13.404616355895996,13.533388409137036,13.31263498119038,13.508860900249498,51872200,before_trump
2008-03-27,12.932452201843262,13.43527850730154,12.932452201843262,13.416881995056,71530200,before_trump
2008-03-28,12.748488426208496,13.140937894819146,12.711695411332494,12.999901513236154,59424400,before_trump
2008-03-31,12.987641334533691,13.079621561999128,12.674907625477573,12.699435140325399,48072200,before_trump
2008-04-01,13.47206974029541,13.49046625169172,13.122544210909014,13.18999691643689,55507200,before_trump
2008-04-02,13.39848804473877,13.508864790498114,13.275846956207923,13.508864790498114,43778700,before_trump
2008-04-03,13.447535514831543,13.551780021519823,13.202254666621277,13.306499173309557,45300800,before_trump
2008-04-04,13.410746574401855,13.600839126593039,13.288105539031779,13.453670585903904,41385700,before_trump
2008-04-07,13.337157249450684,13.545646237951921,13.281968918989108,13.441401743701302,39684800,before_trump
2008-04-08,12.926318168640137,13.208392134469953,12.901790658772045,13.116410756087133,55225500,before_trump
2008-04-09,13.134808540344238,13.140940710804308,12.736226817175119,12.914055082149435,63451700,before_trump
2008-04-10,13.539518356323242,13.760271748034505,13.214520437369611,13.226784774596142,72043600,before_trump
2008-04-11,13.024429321289062,13.435275306834447,12.944713459731766,13.373954783548687,66927100,before_trump
2008-04-14,12.687167167663574,13.061220107116949,12.656506323713884,12.950844577672882,60084300,before_trump
2008-04-15,12.82206916809082,12.840465671298185,12.570656138880523,12.82206916809082,93477400,before_trump
2008-04-16,13.570178985595703,13.784800223810267,13.404615099742553,13.754140548176037,109029400,before_trump
2008-04-17,13.557914733886719,13.674422427661723,13.441405870520155,13.594706575626638,57733400,before_trump
2008-04-18,13.827719688415527,13.87677585504652,13.631495021891565,13.839984022471093,68281200,before_trump
2008-04-21,13.772534370422363,13.846119221276792,13.692818520788967,13.797063043904348,47810500,before_trump
2008-04-22,13.484329223632812,13.741874442443448,13.410745543739205,13.662158594293455,56298500,before_trump
2008-04-23,13.83385181427002,13.83998398127955,13.490458648875116,13.606967482873683,61977900,before_trump
2008-04-24,13.91357707977295,14.115934032912353,13.698955785330073,13.846124372195826,51298500,before_trump
2008-04-25,13.83385181427002,13.882907980755004,13.527250481341039,13.876775813745473,47604400,before_trump
2008-04-28,13.925834655761719,14.005551672610167,13.692818112587041,13.754138624872427,47695200,before_trump
2008-04-29,13.870652198791504,13.981027754935146,13.766407643329265,13.876783199472909,40664300,before_trump
2008-04-30,13.649897575378418,13.956499045167892,13.576312708008556,13.938102535927479,56505700,before_trump
2008-05-01,14.281492233276367,14.355075906369793,13.711213503641039,13.711213503641039,71506000,before_trump
2008-05-02,14.459322929382324,14.508379109829079,14.183381183374578,14.477719435646707,59077200,before_trump
2008-05-05,14.342123985290527,14.736917559348512,14.298943585200142,14.422315988804433,38631100,before_trump
2008-05-06,14.545685768127441,14.625877750686788,14.2372530748452,14.2372530748452,46003800,before_trump
2008-05-07,14.292769432067871,14.644382474262331,14.27426304900287,14.55802170644677,54228300,before_trump
2008-05-08,14.434649467468262,14.564191807390376,14.255759121433458,14.422311877651428,50106000,before_trump
2008-05-09,14.416144371032715,14.539516740425116,14.268095645238104,14.274264440194324,40044600,before_trump
2008-05-12,14.582695960998535,14.625876345657566,14.311276064119705,14.409974422362414,34425100,before_trump
2008-05-13,14.65672492980957,14.761592115511792,14.558026540510726,14.582700549546633,39476600,before_trump
2008-05-14,14.706072807312012,14.98366273771372,14.656723617082543,14.712241603162884,59397400,before_trump
2008-05-15,15.403125762939453,15.415463351034038,14.71223730172302,14.755417683476903,77447300,before_trump
2008-05-16,15.421636581420898,15.421636581420897,15.125541441436216,15.415467785599029,59985800,before_trump
2008-05-19,15.347613334655762,15.600529275606474,15.292096521338992,15.545011285712121,61246100,before_trump
2008-05-20,14.860288619995117,15.187227728440984,14.681397076719797,15.144046159094296,73929600,before_trump
2008-05-21,14.595039367675781,14.92814734195857,14.5086785639333,14.730749370210784,64445700,before_trump
2008-05-22,14.730743408203125,14.884959739085634,14.638213844989068,14.69373181823295,41170000,before_trump
2008-05-23,14.440815925598145,14.693730593030581,14.237250432870157,14.644381418326134,59073500,before_trump
2008-05-27,14.558016777038574,14.632039931079571,14.354451338560603,14.366788923093042,52821500,before_trump
2008-05-28,14.477828025817871,14.687562319892539,14.274262525872128,14.681393525763616,50288400,before_trump
2008-05-29,14.274256706237793,14.385292602134559,14.064522497672055,14.354449820641765,54937400,before_trump
2008-05-30,14.298940658569336,14.527180205640136,14.231085085699815,14.360627436034592,55484500,before_trump
2008-06-02,14.311278343200684,14.422313131473171,14.076868822611443,14.218747588107474,50569500,before_trump
2008-06-03,14.150896072387695,14.613545235735971,14.095378078659689,14.372966870722054,65482900,before_trump
2008-06-04,14.484000205993652,14.607373764259831,14.070700315352642,14.070700315352642,57510100,before_trump
2008-06-05,14.724577903747559,14.804769889622289,14.403807607093832,14.57036155073066,51960800,before_trump
2008-06-06,14.126211166381836,14.619703973697286,14.126211166381838,14.595028803871928,69864000,before_trump
2008-06-09,14.0398530960083,14.249587373115068,13.780769646439769,14.237249785855356,57224700,before_trump
2008-06-10,13.990504264831543,14.12621419826764,13.762263601267497,13.762263601267497,56570700,before_trump
2008-06-11,13.453827857971191,13.965825857471737,13.441491449842752,13.904140287099036,59797500,before_trump
2008-06-12,13.601876258850098,13.947321594353244,13.49700913496109,13.601876258850096,60253600,before_trump
2008-06-13,13.978165626525879,14.002840799792384,13.68823940010656,13.719082190112672,43003400,before_trump
2008-06-16,14.101541519165039,14.237251465299133,13.823951655962098,13.848626833392233,44772000,before_trump
2008-06-17,13.92881965637207,14.194071947037063,13.922650861638315,14.150891560478073,43990500,before_trump
2008-06-18,13.743760108947754,13.990506008019734,13.700578547105058,13.786940494213193,41535000,before_trump
2008-06-19,14.095372200012207,14.24958852347716,13.657397229551606,13.700577611869445,48519900,before_trump
2008-06-20,13.799271583557129,14.027510991476566,13.762258833697194,14.021342199833244,71018300,before_trump
2008-06-23,13.793110847473145,14.009012798198665,13.762266871242794,13.879471627763353,46279200,before_trump
2008-06-24,13.82394790649414,14.070693730984567,13.68206920448426,13.694406789853005,46126600,before_trump
2008-06-25,13.972002029418945,14.187905169487507,13.83012326010266,13.836292055713471,54778100,before_trump
2008-06-26,13.318124771118164,13.891809811135378,13.318124771118164,13.793111436140743,56482100,before_trump
2008-06-27,13.256434440612793,13.472337519280043,13.089880536220019,13.324289996456619,60068800,before_trump
2008-06-30,13.250264167785645,13.509347597952491,13.163903416589026,13.207083792187335,50166900,before_trump
2008-07-01,13.305782318115234,13.466167413020543,13.028193681091324,13.133060813276447,66857400,before_trump
2008-07-02,12.910994529724121,13.45383562791607,12.873982930809959,13.342799654596064,47772900,before_trump
2008-07-03,12.744434356689453,12.830795104246507,12.497688523257203,12.7197603616347,41363800,before_trump
2008-07-07,12.77528190612793,13.114558583053922,12.516199566894183,12.8184634725776,47325800,before_trump
2008-07-08,12.904820442199707,13.03436157356982,12.528532281706847,12.769110517443822,58443500,before_trump
2008-07-09,12.220101356506348,12.892484632746774,12.189258561902628,12.867810632379236,68343100,before_trump
2008-07-10,12.71976375579834,12.812293320954064,12.158415217155461,12.244777164334426,93629500,before_trump
2008-07-11,12.732102394104004,13.065210298789905,12.33114009061641,12.5100316342242,74358200,before_trump
2008-07-14,12.627229690551758,13.046698197201785,12.534700149750005,12.966506242260785,49072300,before_trump
2008-07-15,12.77528190612793,13.065209397974535,12.473018000444512,12.4915243860658,100047200,before_trump
2008-07-16,12.89865493774414,13.046702487021092,12.479186293170782,12.972679300671283,87306000,before_trump
2008-07-17,13.564873695373535,13.817788484057267,12.978852111882466,13.108393316369291,94030200,before_trump
2008-07-18,13.626550674438477,13.67589983726336,13.24409378011299,13.503177179087842,54733400,before_trump
2008-07-21,13.626550674438477,13.725249000088244,13.540189933639143,13.694406214539011,48686600,before_trump
2008-07-22,13.626550674438477,13.645057051714128,13.342792105762758,13.39831006101286,74321500,before_trump
2008-07-23,13.756097793579102,13.953495707668536,13.583376236544721,13.694412195539602,56708400,before_trump
2008-07-24,13.367470741271973,13.657397000965764,13.336627947726072,13.601879031321419,61416300,before_trump
2008-07-25,13.577208518981934,13.620388911667545,13.299618599463777,13.447666164347641,40234600,before_trump
2008-07-28,13.367470741271973,13.571036237775518,13.33045915370146,13.490844268609884,49863200,before_trump
2008-07-29,13.712912559509277,13.72525014538922,13.348962012089656,13.367468390909567,47493600,before_trump
2008-07-30,13.712912559509277,13.848623651034734,13.126891349135459,13.756092933512123,52616100,before_trump
2008-07-31,13.688246726989746,13.941161505463565,13.521692748020847,13.564873147773305,65269400,before_trump
2008-08-01,13.786943435668945,13.891810612220192,13.558702694971227,13.830123830146958,42123200,before_trump
2008-08-04,13.891804695129395,13.971996654063291,13.675901638123815,13.81778035285602,41598200,before_trump
2008-08-05,14.289069175720215,14.307690141143162,13.941462824619778,14.12147338329007,54578500,before_trump
2008-08-06,14.152510643005371,14.295278102307158,13.941464329885234,14.23941283213198,49927000,before_trump
2008-08-07,14.692541122436523,14.928415785641375,14.090439104935072,14.1028526885183,113395100,before_trump
2008-08-08,15.040148735046387,15.083599244392412,14.649092966994584,14.735993985686632,69455500,before_trump
2008-08-11,15.133258819580078,15.356719959825897,14.85393357821052,14.959456762889078,51679900,before_trump
2008-08-12,15.220155715942383,15.263606214939243,14.92841462164238,15.083595651738193,51900400,before_trump
2008-08-13,14.971871376037598,15.362927183409989,14.916006091564727,15.077394559604386,46340500,before_trump
2008-08-14,15.120837211608887,15.201530811705195,14.748402570073955,14.841510934473416,50431900,before_trump
2008-08-15,15.058765411376953,15.207739039487226,15.009107535340194,15.114630669910449,43120100,before_trump
2008-08-18,14.903587341308594,15.133254619316459,14.822892536866727,15.083596733481997,45839600,before_trump
2008-08-19,14.642881393432617,14.94703605578455,14.574601364599873,14.779440267160858,66159500,before_trump
2008-08-20,14.51873779296875,14.773234605070767,14.369764135928843,14.735991486795136,54152400,before_trump
2008-08-21,14.307689666748047,14.444249722987227,14.152508645703328,14.357347546124865,54971900,before_trump
2008-08-22,14.580818176269531,14.599440337248828,14.227005405228988,14.400808689221716,45352600,before_trump
2008-08-25,14.258035659790039,14.50011892344585,14.233207305326975,14.444253645982013,42328200,before_trump
2008-08-26,14.369763374328613,14.388385524448143,14.05940130929371,14.23320449193069,39519900,before_trump
2008-08-27,14.531155586242676,14.636678763278217,14.289073491135461,14.338731387155855,39153600,before_trump
2008-08-28,14.642881393432617,14.717367621307204,14.562186598641693,14.642881393432617,30305300,before_trump
2008-08-29,14.195965766906738,14.524948899889125,14.18355099632009,14.450462644244606,53554000,before_trump
2008-09-02,14.01595687866211,14.57460860083901,13.947676815928567,14.444257045370794,44071100,before_trump
2008-09-03,13.370399475097656,14.022159393915821,13.351777323383239,14.022159393915821,73837200,before_trump
2008-09-04,12.737261772155762,13.35177863169781,12.72484700312965,13.326949093645588,87863800,before_trump
2008-09-05,12.79312801361084,12.935894316365019,12.507594224164858,12.631739555913134,67373000,before_trump
2008-09-08,13.016587257385254,13.09728207388902,12.73726205179065,13.022794642034587,63278600,before_trump
2008-09-09,12.619318962097168,12.97313145517531,12.551038942753287,12.917266200064331,71239500,before_trump
2008-09-10,12.513801574707031,12.861406845132887,12.501386804778846,12.855199460168794,66190200,before_trump
2008-09-11,12.532421112060547,12.538628495728158,12.209644264969059,12.395861039247869,85607000,before_trump
2008-09-12,12.513801574707031,12.544837315589875,12.15378153435299,12.32758476153473,61077400,before_trump
2008-09-15,12.017213821411133,12.526207176552125,11.998591680148625,12.07928525774598,75521100,before_trump
2008-09-16,12.09170913696289,12.321377649980155,11.514435345806461,11.663410220375182,103752800,before_trump
2008-09-17,11.514435768127441,12.104124351115855,11.514435768127441,11.955150655020798,93136100,before_trump
2008-09-18,11.955145835876465,12.22205737776414,11.117168097186871,11.657198563789521,126532800,before_trump
2008-09-19,11.93652629852295,12.551043125604963,11.396496897725484,12.513800004431426,107675000,before_trump
2008-09-22,11.483396530151367,12.110328050356435,11.46477437983098,11.880659598820982,48899300,before_trump
2008-09-23,11.564093589782715,11.924113648931643,11.483399948912131,11.570300975070866,64671800,before_trump
2008-09-24,11.607540130615234,11.80617163585122,11.495809612935702,11.65099062439346,67876800,before_trump
2008-09-25,11.526847839355469,11.793759426328684,11.495812103913781,11.756516307011175,69705600,before_trump
2008-09-26,11.91790771484375,12.042051871577671,11.290975993933655,11.309596966278,68353700,before_trump
2008-09-29,10.719908714294434,11.793761446024243,10.719908714294434,11.644787759304872,93067800,before_trump
2008-09-30,11.626166343688965,11.669616857085863,11.048892530986876,11.222695768512162,84089900,before_trump
2008-10-01,11.495817184448242,11.60134038909796,11.210283319656915,11.483402411209937,74450600,before_trump
2008-10-02,10.676456451416016,11.334423755757228,10.633004763975505,11.322008987917084,80680400,before_trump
2008-10-03,10.74473762512207,11.117172453127099,10.676458755143154,10.862675577176827,83407600,before_trump
2008-10-06,10.508857727050781,10.813012351276866,10.049522099611158,10.533686071917657,111110100,before_trump
2008-10-07,9.944000244140625,10.8005989706985,9.931585478148,10.6019674505655,90115400,before_trump
2008-10-08,10.086769104003906,10.446789123127775,9.615018529990294,9.689505369260532,124271200,before_trump
2008-10-09,9.683296203613281,10.583345438885376,9.64605249712083,10.372299150021625,106013200,before_trump
2008-10-10,9.428802490234375,9.863310003012261,8.851529254975201,9.31707251126391,166831600,before_trump
2008-10-13,10.546104431152344,10.601969706066887,9.739162820987417,10.043318140858958,99262800,before_trump
2008-10-14,9.888136863708496,10.837844148150856,9.701919482145662,10.81922317955393,124442300,before_trump
2008-10-15,9.304656982421875,10.192292908211266,9.298449597437756,10.018489680468809,141131200,before_trump
2008-10-16,9.857097625732422,9.912962882911035,8.98808363222794,9.453626652758304,120891700,before_trump
2008-10-17,9.621224403381348,10.124010637474942,9.478458131863238,9.534322808564662,93872200,before_trump
2008-10-20,9.956416130065918,9.99986663199032,9.583980803986458,9.621224514185013,74062300,before_trump
2008-10-21,9.466043472290039,9.86330714915389,9.44121452948409,9.75157661054278,78715200,before_trump
2008-10-22,9.050163269042969,9.428805005385719,8.845324228992249,9.428805005385719,78516000,before_trump
2008-10-23,9.006708145141602,9.279826528462436,8.628066010122273,9.06257341699486,85195700,before_trump
2008-10-24,8.863943099975586,9.217756363961477,8.299084065011927,8.311498835523535,96012400,before_trump
2008-10-27,8.845317840576172,9.223959303450037,8.603235244462237,8.72738052983467,80541800,before_trump
2008-10-28,9.844684600830078,9.875720926077339,8.913598395224264,9.05015787113101,102361500,before_trump
2008-10-29,9.273619651794434,9.788821302642388,9.254998090814237,9.68329813714002,99351500,before_trump
2008-10-30,10.03711223602295,10.198500700238514,9.48466738173221,9.615019511757268,134857200,before_trump
2008-10-31,9.950209617614746,10.235742188940645,9.695712191572925,9.912965904155122,94902700,before_trump
2008-11-03,9.708126068115234,10.142632861390586,9.68329712541289,10.012280172242424,54065800,before_trump
2008-11-04,10.092974662780762,10.173668280082778,9.813648918055263,10.043316778917058,71411200,before_trump
2008-11-05,9.429292678833008,10.092974877887425,9.36041964291303,10.042885722914619,68927600,before_trump
2008-11-06,8.684212684631348,9.253977088604902,8.627862253977323,9.141276824406491,108708400,before_trump
2008-11-07,9.160063743591309,9.241458776102453,8.778133757601974,8.81570032823181,73428200,before_trump
2008-11-10,8.984750747680664,9.429292434371613,8.90961642005954,9.39798656404778,52853700,before_trump
2008-11-11,8.721784591674805,8.878313385655414,8.427510291800466,8.784395751001071,84853800,before_trump
2008-11-12,8.465075492858887,8.74682713695843,8.458814199252052,8.483858776569571,72675400,before_trump
2008-11-13,9.034841537475586,9.041102234986255,8.058101669730961,8.16454128984127,143460400,before_trump
2008-11-14,8.339852333068848,8.840744495982948,8.289763176488421,8.809438623842722,74873700,before_trump
2008-11-17,8.13949203491211,8.440026838819344,8.13949203491211,8.27097616089892,60210900,before_trump
2008-11-18,8.208370208740234,8.283503962475592,7.832701440063448,8.214631504162346,96916400,before_trump
2008-11-19,7.8201799392700195,8.302289005993655,7.807657943790357,8.145760181282357,73707700,before_trump
2008-11-20,7.657390117645264,8.233416262872572,7.6198235326274535,7.688696003233507,114060100,before_trump
2008-11-21,8.208370208740234,8.24593738416291,7.550949714278359,7.7951342646407715,104114400,before_trump
2008-11-24,8.490117073059082,8.577772764171934,8.214626222708262,8.34611035648715,98132700,before_trump
2008-11-25,8.220892906188965,8.671696031556898,8.208370315182353,8.627867560143764,84213900,before_trump
2008-11-26,8.746829986572266,8.759351980755632,8.145759338020277,8.164542627850334,71468300,before_trump
2008-11-28,8.640388488769531,8.784394674979245,8.565254748515349,8.634127194470878,26023500,before_trump
2008-12-01,7.864004611968994,8.496380304083793,7.857743318703058,8.427507869487867,60830800,before_trump
2008-12-02,8.314810752868652,8.346116636296912,7.901574763523789,8.08940946698329,63839000,before_trump
2008-12-03,8.552733421325684,8.558994716547792,7.9641854039770985,7.976707397311335,77247200,before_trump
2008-12-04,7.995491027832031,8.446293521458504,7.964185149830481,8.364898477498457,78387100,before_trump
2008-12-05,8.321072578430176,8.358639760356429,7.75130773280103,7.957925740620169,85179900,before_trump
2008-12-08,8.728046417236328,8.771874891248023,8.421250084704665,8.490123145104455,78042400,before_trump
2008-12-09,8.953445434570312,9.197629924651329,8.446291975669242,8.540209592485658,88120000,before_trump
2008-12-10,8.934663772583008,9.266504645866236,8.609083597203268,8.928402477569561,74889000,before_trump
2008-12-11,8.771872520446777,9.141280517662647,8.753088637899955,8.915878703979809,73846300,before_trump
2008-12-12,9.235198974609375,9.28528814161812,8.57151661607855,8.577777911232136,69873000,before_trump
2008-12-15,9.135018348693848,9.354158250099283,8.965967004620394,9.235196657577454,60647200,before_trump
2008-12-16,9.79244327545166,9.817487862975165,9.153805397937173,9.216417165300971,100659300,before_trump
2008-12-17,9.554515838623047,9.71730589548002,9.404248369421152,9.648432857596768,66997400,before_trump
2008-12-18,8.9284029006958,9.510689631012493,8.821963268862753,9.429295180420148,74156300,before_trump
2008-12-19,9.041102409362793,9.279026235544698,8.928402089568154,9.028580416990025,72433900,before_trump
2008-12-22,8.978489875793457,9.128757343872131,8.765610664127081,9.066145600284429,42388700,before_trump
2008-12-23,8.809438705444336,9.072407078482364,8.778133430123976,9.04110120605215,33805400,before_trump
2008-12-24,8.909616470336914,8.9722282113379,8.79691617248888,8.803177466010942,11410800,before_trump
2008-12-26,8.878313064575195,8.959708106154693,8.803179317834877,8.89709635198279,14813900,before_trump
2008-12-29,8.847007751464844,8.984753261158014,8.709262241771675,8.91588020775644,31939500,before_trump
2008-12-30,9.197629928588867,9.266502967039028,8.959706732282394,8.965967429051624,37105200,before_trump
2008-12-31,9.178848266601562,9.341638353574812,9.116237108072589,9.210154144421026,34063800,before_trump
2009-01-02,9.516950607299805,9.548256485691278,9.059886812958185,9.19763172250472,52208200,before_trump
2009-01-05,9.335375785827637,9.573299588863703,9.272764635834907,9.435554103503902,57320400,before_trump
2009-01-06,9.623385429382324,9.711041725678498,9.44181214192642,9.448073433899646,61631400,before_trump
2009-01-07,9.041102409362793,9.429294323787435,8.97849125327909,9.260242948430582,131389200,before_trump
2009-01-08,9.109973907470703,9.122495897713177,8.922139276954947,9.047362164928842,63101600,before_trump
2009-01-09,8.859529495239258,9.141281801926342,8.77813504787406,9.135020506864414,45551100,before_trump
2009-01-12,8.634129524230957,8.953448454305958,8.527689880872625,8.865792101802022,54082500,before_trump
2009-01-13,8.55899429321289,8.878313168426848,8.421248790689427,8.50890512813344,65565100,before_trump
2009-01-14,8.189583778381348,8.533947132083314,8.120711346484862,8.427507539173439,69549600,before_trump
2009-01-15,8.321072578430176,8.421250934086716,7.957925740620169,8.145760456031232,73153900,before_trump
2009-01-16,8.602822303771973,8.740567808543346,8.308548603405347,8.690478642646475,83985300,before_trump
2009-01-20,8.051839828491211,8.602821178389862,8.02053455173335,8.490120868419826,71563900,before_trump
2009-01-21,8.302285194396973,8.302285194396973,7.826437642430825,8.145756441548356,56622000,before_trump
2009-01-22,8.026799201965332,8.183328051283596,7.857748355198897,8.033060499244504,72704000,before_trump
2009-01-23,8.214632987976074,8.383684412248979,7.876530736540371,8.045582160813275,63162200,before_trump
2009-01-26,8.377420425415039,8.502643330712965,8.158279893311235,8.189585768913195,49562500,before_trump
2009-01-27,8.646648406982422,8.734304124773903,8.452552494383093,8.458813787685283,45615800,before_trump
2009-01-28,8.771872520446777,8.934662586526631,8.63412703398614,8.84700625930443,57065400,before_trump
2009-01-29,8.371160507202148,8.671696126439112,8.333593927991284,8.671696126439112,51354500,before_trump
2009-01-30,8.076885223388672,8.452554553499283,8.076885223388672,8.421248676471741,47000100,before_trump
2009-02-02,8.53394889831543,8.584038058626827,7.982967537780161,8.02679540377516,69886500,before_trump
2009-02-03,8.596559524536133,8.634126691027683,8.321069159667564,8.558992955154437,56695700,before_trump
2009-02-04,8.78000259399414,9.210147002793423,8.672466491794319,8.71674585037271,77692400,before_trump
2009-02-05,9.014053344726562,9.108937875471863,8.55860626997463,8.634514015223097,61024500,before_trump
2009-02-06,9.317681312561035,9.412566415883447,8.98874785618845,9.134237503384167,62677300,before_trump
2009-02-09,9.431546211242676,9.520105548677384,9.197497180087879,9.26075393586426,64735500,before_trump
2009-02-10,8.906518936157227,9.583363580707903,8.881216349536489,9.349314503650765,94001200,before_trump
2009-02-11,8.906518936157227,9.058334455881655,8.685120850779834,9.020380877581173,57378700,before_trump
2009-02-12,8.855910301208496,8.855910301208496,8.533301995453257,8.735723212555513,76366300,before_trump
2009-02-13,8.78000259399414,9.02037737519015,8.761025812212118,8.798979375776163,55953700,before_trump
2009-02-17,8.35618782043457,8.685121469954304,8.35618782043457,8.577585921595745,60690300,before_trump
2009-02-18,8.451067924499512,8.666140114447089,8.28027569341589,8.425765349403383,51305600,before_trump
2009-02-19,8.02092456817627,8.463719957192279,8.01459877325551,8.432091585849491,56175100,before_trump
2009-02-20,8.084183692932129,8.235999810788039,7.926042381080695,7.926042381080695,73617900,before_trump
2009-02-23,7.641386985778809,8.166416013532235,7.622410200137193,8.160090217231318,88416500,before_trump
2009-02-24,8.052550315856934,8.103156059264915,7.6477091946799245,7.69831433482705,74644300,before_trump
2009-02-25,8.242324829101562,8.5269790637146,7.957670594488525,8.046229944411762,108225000,before_trump
2009-02-26,8.039900779724121,8.602883819280317,8.008272410623487,8.425765193621153,69012700,before_trump
2009-02-27,8.058879852294922,8.311906273814479,7.900738565068124,7.907064361339869,69764500,before_trump
2009-03-02,7.786876201629639,8.23599742110519,7.786876201629639,7.913389093750697,64495900,before_trump
2009-03-03,7.767899990081787,7.989298037220792,7.679341253835102,7.894412901335013,76602000,before_trump
2009-03-04,8.071531295776367,8.254975161441234,7.818504878929607,8.033577122107959,84412100,before_trump
2009-03-05,7.786876201629639,8.134786504147288,7.780550406208322,7.945017467596226,76644500,before_trump
2009-03-06,7.850130081176758,8.172738315453827,7.635057924992044,7.862781668369214,79191400,before_trump
2009-03-09,7.938690185546875,8.223344290329159,7.780548949194392,7.799525728643626,87044700,before_trump
2009-03-10,8.80530834197998,8.824285130596403,8.06520695006597,8.096835333267494,92478000,before_trump
2009-03-11,8.830610275268555,8.919169621035659,8.628189602956533,8.887541240171608,82085400,before_trump
2009-03-12,9.184845924377441,9.23545108622571,8.780004026330179,9.007727254647387,84846000,before_trump
2009-03-13,9.29870891571045,9.29870891571045,8.988752092614387,9.216475362045147,66631100,before_trump
2009-03-16,9.014052391052246,9.393591680400979,8.944470449418109,9.355637510161678,72651200,before_trump
2009-03-17,9.425219535827637,9.425219535827637,9.014052471418251,9.058331834374657,64928700,before_trump
2009-03-18,9.64029312133789,9.747829249338974,9.311359544063702,9.425220865335724,91361600,before_trump
2009-03-19,9.58336067199707,9.73517674890402,9.311358099196799,9.73517674890402,66560800,before_trump
2009-03-20,9.267078399658203,9.741502220867895,9.077309353783194,9.608663526798738,84639100,before_trump
2009-03-23,9.817411422729492,9.830062412040355,9.450523080536255,9.501128847563121,64167500,before_trump
2009-03-24,9.488476753234863,9.747828354634839,9.488476753234863,9.652943828406933,59468600,before_trump
2009-03-25,9.450520515441895,9.93759583855971,9.305030859920036,9.539079829625399,94510300,before_trump
2009-03-26,10.00717830657959,10.051458267680362,9.602337084590856,9.633964852612971,77554300,before_trump
2009-03-27,9.754155158996582,9.905970657960761,9.652944826353796,9.798434528712509,45694300,before_trump
2009-03-30,9.311356544494629,9.55173130592949,9.159540492936161,9.545405511435186,55433000,before_trump
2009-03-31,9.507452011108398,9.722524212833573,9.425218486727537,9.431544281663221,62044500,before_trump
2009-04-01,9.507452011108398,9.690895841416165,9.248100451355455,9.342985565607684,75052800,before_trump
2009-04-02,9.931276321411133,10.121046055606017,9.652947820316964,9.728855593342647,77688000,before_trump
2009-04-03,10.089411735534668,10.095737530383884,9.709873093496778,9.886991126447795,51137100,before_trump
2009-04-06,10.03248119354248,10.038806988647142,9.773129626861612,9.899642512649717,47650800,before_trump
2009-04-07,9.773131370544434,9.981877820153763,9.65294425841769,9.868016504260304,52741800,before_trump
2009-04-08,9.659270286560059,9.95024968114367,9.58336193646043,9.709875451119046,68332300,before_trump
2009-04-09,10.108393669128418,10.1653246452674,9.868019374948076,9.88067036783379,58560100,before_trump
2009-04-13,10.108393669128418,10.177976241414424,9.842716785915341,10.000858118185269,45423200,before_trump
2009-04-14,10.127366065979004,10.367740241546207,9.994527388291335,10.108388681122902,92083600,before_trump
2009-04-15,9.880667686462402,9.918621861342327,9.558059311397052,9.716200600751305,152727500,before_trump
2009-04-16,10.051460266113281,10.076762847518241,9.741502889826124,10.0198318885418,68775100,before_trump
2009-04-17,9.868014335632324,10.051458163255415,9.773129222768725,10.04513236841231,67299700,before_trump
2009-04-20,9.488476753234863,9.72252577408999,9.488476753234863,9.716199978138501,66489000,before_trump
2009-04-21,9.716200828552246,9.817411762851268,9.46317500095759,9.475825990706742,85204200,before_trump
2009-04-22,9.912294387817383,10.190623347813627,9.539080911567579,9.608662849936119,95293600,before_trump
2009-04-23,9.823738098144531,9.988205206831605,9.551735452674157,9.91862324696918,74517400,before_trump
2009-04-24,9.880667686462402,9.956575432961108,9.678247029132525,9.874341890105558,67621900,before_trump
2009-04-27,9.665595054626465,9.886993092281623,9.62131568839988,9.684572442947388,64601800,before_trump
2009-04-28,9.520105361938477,9.74782859239657,9.513779565832694,9.564384728156714,55510200,before_trump
2009-04-29,9.709877014160156,9.836389945922965,9.53275830643098,9.614991862892117,60855600,before_trump
2009-04-30,9.981876373291016,10.222251165963556,9.804758327260055,9.874340265956958,77775200,before_trump
2009-05-01,10.000853538513184,10.026156115959157,9.792106520507604,9.969225165890457,50861600,before_trump
2009-05-04,10.538536071777344,10.589141239210562,10.209601880200239,10.30448762484459,88096300,before_trump
2009-05-05,10.308884620666504,10.544917788811473,10.162161924743947,10.544917788811473,67894300,before_trump
2009-05-06,10.283367156982422,10.48750327240934,10.187677896595844,10.481123866708845,66328400,before_trump
2009-05-07,10.060088157653809,10.44284380489539,9.875089128400825,10.40456738844857,90338200,before_trump
2009-05-08,9.753887176513672,10.162159979474726,9.696473747056416,10.123884157045369,94098000,before_trump
2009-05-11,9.804920196533203,9.970781062782264,9.568887706120387,9.626301129696868,69490100,before_trump
2009-05-12,9.702852249145508,9.906988327440306,9.568887795671172,9.881471317653457,73714000,before_trump
2009-05-13,9.651819229125977,9.86871413896285,9.626302216696553,9.798541898501766,75872500,before_trump
2009-05-14,9.91336727142334,10.00905590158513,9.664575981279821,9.670955385523532,71224300,before_trump
2009-05-15,9.690093994140625,9.958022916409355,9.664576982894724,9.913368298822412,61813300,before_trump
2009-05-18,9.900611877441406,9.919749487223244,9.683716938668407,9.77302618989942,44691600,before_trump
2009-05-19,9.983537673950195,10.14939851379354,9.741126426023333,9.868711453451525,59048200,before_trump
2009-05-20,9.938886642456055,10.238711412695933,9.88147320736266,10.085609933069577,60337700,before_trump
2009-05-21,9.683714866638184,9.843196333567674,9.600784430830027,9.798541109133426,59548500,before_trump
2009-05-22,9.600781440734863,9.73474585556831,9.575264438308174,9.7156076474683,44344900,before_trump
2009-05-26,9.875091552734375,9.894229765656213,9.56888744646671,9.575266850773989,64342900,before_trump
2009-05-27,9.862333297729492,10.117503384868966,9.785782271587651,9.88785030644344,60488000,before_trump
2009-05-28,10.02819538116455,10.02819538116455,9.664577202192714,9.92612733386493,59109200,before_trump
2009-05-29,10.02819538116455,10.072849999764747,9.721990630892138,10.047332987939841,77293300,before_trump
2009-06-01,10.525777816772461,10.583191247658265,10.187677245123766,10.225953068505492,75465600,before_trump
2009-06-02,10.328019142150879,10.551293417650454,10.238708701902901,10.366294349830348,58397000,before_trump
2009-06-03,10.168537139892578,10.232330572591438,10.028193899774235,10.187675352214274,49799000,before_trump
2009-06-04,10.28974437713623,10.36629602158745,10.130263508254593,10.194055734132537,49080500,before_trump
2009-06-05,10.155776977539062,10.493878029405852,10.072846565290984,10.39818820303549,62834200,before_trump
2009-06-08,10.155776977539062,10.27060379578615,9.958019747043897,10.117501168665587,44070000,before_trump
2009-06-09,10.47474479675293,10.595951075452868,10.289745675750536,10.340779706243048,64051300,before_trump
2009-06-10,10.500261306762695,10.595951179529909,10.302504588755188,10.576812961627011,48782300,before_trump
2009-06-11,10.43009090423584,10.653365259592052,10.39819387247218,10.519400159679385,53221200,before_trump
2009-06-12,10.404566764831543,10.404566764831543,10.219568963413407,10.359912165066703,47621900,before_trump
2009-06-15,10.194056510925293,10.315262783564416,10.02819622430515,10.238711133279917,60420500,before_trump
2009-06-16,10.11750316619873,10.328019244005743,10.079227958141791,10.238708802876985,54084700,before_trump
2009-06-17,10.296124458312988,10.391814324347099,10.085609551556484,10.098367754220396,59351300,before_trump
2009-06-18,10.123884201049805,10.347157906341934,10.104746593938723,10.308882692119768,57990500,before_trump
2009-06-19,10.213191986083984,10.321639418439846,10.111123957601631,10.238708384831135,71511000,before_trump
2009-06-22,10.002674102783203,10.315257516401855,9.970777699513826,10.143017303771195,70833600,before_trump
2009-06-23,10.085607528686523,10.200433763125414,9.958021877395687,10.130262141614232,70659600,before_trump
2009-06-24,10.27060317993164,10.410946384514544,10.200430969266883,10.232327981726597,53321600,before_trump
2009-06-25,10.404566764831543,10.430084374266645,10.149396754213464,10.238705953743144,55503100,before_trump
2009-06-26,10.391814231872559,10.481123474845981,10.296124366689973,10.32164198853791,70252000,before_trump
2009-06-29,10.44922161102295,10.627841231041328,10.379050616914736,10.493877428587506,59308200,before_trump
2009-06-30,10.557669639587402,10.615083048792139,10.35991301718592,10.449222224061424,67489500,before_trump
2009-07-01,10.870259284973145,11.04249837487272,10.634226136966694,10.634226136966694,92515000,before_trump
2009-07-02,10.666120529174805,10.812844409791158,10.640604126076582,10.761810386847626,54945500,before_trump
2009-07-06,10.55129337310791,10.742670627444262,10.442845937851468,10.59594798466993,47324300,before_trump
2009-07-07,10.36629581451416,10.800085618662594,10.334400006399106,10.736292785685398,69194600,before_trump
2009-07-08,10.168537139892578,10.436466637035181,10.066469107670708,10.404569616499021,80897100,before_trump
2009-07-09,10.219573020935059,10.385433897875924,10.181297199958882,10.264227638429315,65658200,before_trump
2009-07-10,10.232329368591309,10.34715497876962,10.117501933292829,10.194052948451759,51148600,before_trump
2009-07-13,10.519401550292969,10.55129858627326,10.143025042958106,10.30250657261703,61791800,before_trump
2009-07-14,10.736289024353027,10.774564224031245,10.500255990052917,10.525773601002836,95548700,before_trump
2009-07-15,11.51456069946289,11.603871142699164,11.30404522506167,11.476285490502747,186137900,before_trump
2009-07-16,11.801630973815918,11.859044411028318,11.444392755297756,11.444392755297756,90052900,before_trump
2009-07-17,11.986627578735352,11.999385171298401,11.64214702784546,11.80162849398033,84212400,before_trump
2009-07-20,12.056797981262207,12.075936194250815,11.814386700474659,12.031281580691026,77865900,before_trump
2009-07-21,12.056797981262207,12.069556789921279,11.808007296145123,12.056797981262207,63780400,before_trump
2009-07-22,12.209897994995117,12.299208423940362,12.018520764070715,12.03765897386186,141096200,before_trump
2009-07-23,12.42679500579834,12.490587832812096,12.114211491852606,12.178004318866362,151443300,before_trump
2009-07-24,12.35024356842041,12.375759967073733,12.126969300656187,12.203519713363029,51683400,before_trump
2009-07-27,12.420414924621582,12.433173732678489,12.216278862698717,12.30558930235015,42326100,before_trump
2009-07-28,12.356623649597168,12.414035853900907,12.15248636544646,12.305589632746226,60037100,before_trump
2009-07-29,12.375761032104492,12.401278649700679,12.190763171520052,12.305590017208935,50331700,before_trump
2009-07-30,12.331110000610352,12.630934793991644,12.311971781852993,12.484212100427223,60640900,before_trump
2009-07-31,12.280071258544922,12.477827909551847,12.280071258544922,12.33748467605449,47557600,before_trump
2009-08-03,12.356623649597168,12.477828679151319,12.235417403296077,12.426794662300377,44330800,before_trump
2009-08-04,12.324727058410645,12.363002268196924,12.216279616727032,12.254554826513312,46880800,before_trump
2009-08-05,12.119100570678711,12.401835853577905,12.119100570678711,12.382559172160573,60035000,before_trump
2009-08-06,12.016288757324219,12.324727948103616,11.926326407458932,12.164082383035797,66862100,before_trump
2009-08-07,11.887775421142578,12.209066648741027,11.887775421142578,12.151234129723004,59429500,before_trump
2009-08-10,12.054841041564941,12.099821595070742,11.926324123867094,11.952027997657927,46899600,before_trump
2009-08-11,11.977733612060547,12.176935006386492,11.96488289761086,12.016289432295,32772600,before_trump
2009-08-12,12.086968421936035,12.266891843185059,11.990581356335072,12.009859259706479,52940100,before_trump
2009-08-13,12.241193771362305,12.260471683866738,12.067697461336866,12.189787230312431,44091800,before_trump
2009-08-14,12.061270713806152,12.209064356603664,11.939179727064126,12.189786445340648,43590800,before_trump
2009-08-17,11.85564136505127,11.939176506735508,11.8299374903003,11.842789427675784,48360500,before_trump
2009-08-18,12.061270713806152,12.125529192387669,11.8620693076406,11.88777318932462,42482600,before_trump
2009-08-19,12.080544471740723,12.138376965885625,11.894196277206893,11.919898927033383,48165500,before_trump
2009-08-20,12.022711753845215,12.086970215657907,11.926324673940286,12.035563691333397,44858000,before_trump
2009-08-21,12.138371467590332,12.157649365449105,11.91989352770163,12.138371467590332,55163300,before_trump
2009-08-24,12.054841041564941,12.209060607425464,11.990582582716018,12.189782702082338,38709600,before_trump
2009-08-25,12.273323059082031,12.369710165898384,12.041993022219934,12.054844963296398,62060100,before_trump
2009-08-26,12.485367774963379,12.523922349684229,12.292592450103463,12.343998958273874,61587600,before_trump
2009-08-27,12.511075973510742,12.549631790985476,12.311875819071462,12.43396678981803,51412600,before_trump
2009-08-28,13.012289047241211,13.269321672184526,12.960882522252547,13.018715016068322,105102800,before_trump
2009-08-31,13.057269096374512,13.095823682211835,12.832365098671795,12.909475495974625,53486200,before_trump
2009-09-01,12.671723365783691,13.224344573097838,12.633168768370405,12.993014537361022,74478300,before_trump
2009-09-02,12.511075973510742,12.742405975845635,12.511075973510742,12.6074642915692,41572500,before_trump
2009-09-03,12.478948593139648,12.613890290845386,12.35685761024267,12.601039576036625,47507500,before_trump
2009-09-04,12.620315551757812,12.652445401045153,12.388986765031111,12.485373861636273,47277800,before_trump
2009-09-08,12.723126411437988,12.845217366296765,12.562480869749992,12.774532935753017,45582000,before_trump
2009-09-09,12.806660652160645,12.948028264137433,12.601034589056951,12.72312429800726,48804700,before_trump
2009-09-10,12.69742202758789,12.90304809675886,12.62673760669985,12.77453119071298,49461000,before_trump
2009-09-11,12.536778450012207,12.813088982876582,12.446817337220361,12.787385107434202,59413200,before_trump
2009-09-14,12.440393447875977,12.523928605770832,12.388986914026425,12.408263598202229,52416900,before_trump
2009-09-15,12.562481880187988,12.66529493708761,12.440392141137385,12.55605713655654,48283500,before_trump
2009-09-16,12.626747131347656,12.691005632842272,12.491805381275038,12.658876994909452,49554100,before_trump
2009-09-17,12.472526550292969,12.78096586413816,12.35043552895175,12.61389426273146,64594100,before_trump
2009-09-18,12.568907737731934,12.65887008094073,12.446817999766496,12.543205086549637,53493800,before_trump
2009-09-21,12.556055068969727,12.697422692520831,12.478944676178504,12.511073291558446,36161000,before_trump
2009-09-22,12.549630165100098,12.678145863147375,12.498223640755542,12.613887401309627,38173500,before_trump
2009-09-23,12.774529457092285,13.005859366330064,12.5946072837988,12.613883959150025,72090600,before_trump
2009-09-24,12.556055068969727,12.851642252475159,12.498222580783338,12.78738379608716,52362100,before_trump
2009-09-25,12.446817398071289,12.588185036810781,12.401835615827215,12.498223923579125,39476400,before_trump
2009-09-28,12.684572219848633,12.806663178511654,12.466094178295121,12.472520147238255,37809400,before_trump
2009-09-29,12.517504692077637,12.710280144901876,12.491802033744927,12.63959568963679,42035200,before_trump
2009-09-30,12.575332641601562,12.716701500827037,12.369706547049818,12.60103651623463,64725300,before_trump
2009-10-01,12.144804954528809,12.54963248086922,12.138378984596436,12.523928601139728,70648800,before_trump
2009-10-02,12.189780235290527,12.350425737089639,12.176929526623812,12.176929526623812,58171800,before_trump
2009-10-05,12.273323059082031,12.382562106974847,12.176935952265676,12.286175000158494,56630400,before_trump
2009-10-06,12.613889694213867,12.710278017305695,12.38898687534211,12.401837589543039,74185400,before_trump
2009-10-07,12.691000938415527,12.768111356811565,12.511077445910459,12.613890520019492,49526400,before_trump
2009-10-08,12.774529457092285,12.838787901394767,12.530348839496318,12.684568370445541,74199400,before_trump
2009-10-09,12.9608793258667,13.057266383246134,12.729549407653716,12.748827309380776,55944900,before_trump
2009-10-12,13.108675956726074,13.269321498415435,13.005862908095143,13.095824019240155,65087300,before_trump
2009-10-13,13.166507720947266,13.295024637435935,13.076546614782085,13.179359657721761,116652700,before_trump
2009-10-14,13.384988784790039,13.667725329928489,13.352860161182035,13.661299360081202,164972400,before_trump
2009-10-15,13.282173156738281,13.449244663659112,13.19863801609196,13.3721342659925,80532900,before_trump
2009-10-16,12.96730899810791,13.21791566402296,12.864495944110542,13.153657198867535,75760800,before_trump
2009-10-19,13.115104675292969,13.16008524029648,12.88377465455665,13.037995485466512,68147600,before_trump
2009-10-20,12.96730899810791,13.22434163310133,12.922328440187597,13.153657198867535,67829000,before_trump
2009-10-21,12.761686325073242,13.121532110920814,12.633169360170518,12.960886517606715,88171800,before_trump
2009-10-22,12.928753852844238,12.967308440026887,12.607462766522971,12.768108309683605,66659000,before_trump
2009-10-23,12.71027660369873,13.10867688907251,12.60103757855528,13.10867688907251,82639200,before_trump
2009-10-26,12.742408752441406,12.877351691750548,12.568911212884784,12.71028012317328,63005700,before_trump
2009-10-27,12.684572219848633,12.935178880489554,12.639591662874954,12.858069704428464,68171500,before_trump
2009-10-28,12.228346824645996,12.691005836707108,12.221920851830411,12.594618695731333,87595200,before_trump
2009-10-29,12.350431442260742,12.472522423202717,12.273322252128901,12.318302817310556,77273500,before_trump
2009-10-30,12.279749870300293,12.427543525911993,12.041993846623027,12.40826561297752,92276300,before_trump
2009-11-02,12.215490341186523,12.305451475927818,12.048418786932304,12.241192997271805,63613700,before_trump
2009-11-03,11.887772560119629,11.984159660075985,11.765681579839725,11.971307719914211,101618400,before_trump
2009-11-04,12.036691665649414,12.19208721277498,11.978418181105573,12.049641603320051,85837100,before_trump
2009-11-05,12.230940818786621,12.373387721773568,12.05612152826329,12.120868773285135,66146600,before_trump
2009-11-06,12.256837844848633,12.373384834652938,12.13381588505806,12.17913943998768,44158900,before_trump
2009-11-09,12.600004196166992,12.60000419616699,12.37986136378,12.399285041210803,51383100,before_trump
2009-11-10,12.62590503692627,12.748927021540462,12.574106501558372,12.580581472851172,59517800,before_trump
2009-11-11,12.846044540405273,12.88489311933514,12.71654763067364,12.723022599657629,61333700,before_trump
2009-11-12,12.742445945739746,13.273380987649919,12.710071104785525,12.94963998795114,77009600,before_trump
2009-11-13,12.833097457885742,12.91727083843265,12.67770187261568,12.768348988612967,43957400,before_trump
2009-11-16,13.098564147949219,13.156837642693322,12.956118513560439,13.020866978273247,64782200,before_trump
2009-11-17,13.156837463378906,13.17626237302028,12.949643367101164,13.014391830931515,37596600,before_trump
2009-11-18,13.027337074279785,13.130934085071477,12.949638698699125,13.105034214886661,43215700,before_trump
2009-11-19,12.496403694152832,12.561152149376362,12.269785953331573,12.561152149376362,108665100,before_trump
2009-11-20,12.457558631896973,12.502882192856502,12.353961568282502,12.405760100089736,49130500,before_trump
2009-11-23,12.561153411865234,12.625901873596465,12.50935488947509,12.612951934255381,42994500,before_trump
2009-11-24,12.554677963256836,12.625901391941564,12.464030861275647,12.587052810374505,52428500,before_trump
2009-11-25,12.522305488586426,12.625902538824999,12.483456903490524,12.619427568813306,46706900,before_trump
2009-11-27,12.373382568359375,12.464029661615802,12.185612178072178,12.24388566230103,35747700,before_trump
2009-11-30,12.431659698486328,12.470508287707553,12.302162754449736,12.3733861971673,48593600,before_trump
2009-12-01,12.729499816894531,12.748924727277274,12.593529149138165,12.60000288429147,47225800,before_trump
2009-12-02,12.768352508544922,12.846050940086734,12.658280450929247,12.755403799100181,35774000,before_trump
2009-12-03,12.865469932556152,13.001440581425614,12.755397925625308,12.794246506020281,49758300,before_trump
2009-12-04,13.247480392456055,13.331653739372864,13.046761329381404,13.072661200732373,86311300,before_trump
2009-12-07,13.189208984375,13.279856069877413,13.072662025886805,13.08561072740578,47082900,before_trump
2009-12-08,12.943171501159668,13.130941967800037,12.820149513877169,13.11151705350032,63988900,before_trump
2009-12-09,12.956114768981934,13.001438310689208,12.761869430984332,12.943164832787316,53660100,before_trump
2009-12-10,13.046764373779297,13.098562893594323,12.969067211543821,13.053239343127942,43211800,before_trump
2009-12-11,12.884893417358398,13.098562458875845,12.826619930128723,13.079138786448677,39141600,before_trump
2009-12-14,12.936694145202637,13.020867523345178,12.88489561825888,12.962594026161664,35705000,before_trump
2009-12-15,12.820148468017578,12.988494006624705,12.742451287106242,12.84604835163764,43142500,before_trump
2009-12-16,12.548199653625488,12.820142122154776,12.483452446573507,12.625898031051205,96648500,before_trump
2009-12-17,12.347481727600098,12.489928560119914,12.347481727600098,12.457553718649988,52267400,before_trump
2009-12-18,12.710074424743652,12.761872948826628,12.366909665809272,12.438131864564472,98974800,before_trump
2009-12-21,13.007919311523438,13.163314913005651,12.30216351626601,12.936695864395332,56874600,before_trump
2009-12-22,12.975543022155762,13.143887296238526,12.917269529213957,13.046765219660253,36092900,before_trump
2009-12-23,13.014388084411621,13.105035166694526,12.969064543270168,12.98848821234572,30573800,before_trump
2009-12-24,13.163310050964355,13.176259988381592,13.066187990283087,13.079137927700323,12189200,before_trump
2009-12-28,13.143885612487793,13.273382521319556,13.05323851728999,13.215109035842667,27397000,before_trump
2009-12-29,13.208634376525879,13.260432894277978,13.09856237193091,13.215109345616652,29331800,before_trump
2009-12-30,13.33165454864502,13.338129516875814,13.111510568693731,13.111510568693731,26273600,before_trump
2009-12-31,13.208634376525879,13.415828447534272,13.208634376525879,13.338131288393164,26429200,before_trump
2010-01-04,13.519426345825195,13.616549653410942,13.422304273213605,13.461154090237567,47800900,before_trump
2010-01-05,13.512953758239746,13.590650928934089,13.338133271716082,13.558277313640488,52357700,before_trump
2010-01-06,13.467625617980957,13.551798972766187,13.38345349816968,13.47410058642397,40037400,before_trump
2010-01-07,13.338129997253418,13.441727022729355,13.169784522111533,13.422302117337383,54041500,before_trump
2010-01-08,13.487055778503418,13.525904369324794,13.208638201838953,13.299286560388076,48234700,before_trump
2010-01-11,13.564749717712402,13.694245389364958,13.480576357912916,13.668346749024058,51086400,before_trump
2010-01-12,13.34460735321045,13.532376532364264,13.195685521842867,13.512952858471147,69958400,before_trump
2010-01-13,13.571227073669434,13.64892548537756,13.234537249532497,13.415831485227534,71446700,before_trump
2010-01-14,13.907914161682129,13.953237707664746,13.629496682104321,13.668346494352855,150821600,before_trump
2010-01-15,13.467625617980957,13.856115079744129,13.448201947625869,13.849640111301115,198078600,before_trump
2010-01-19,13.629501342773438,13.707199758865823,13.50000562925203,13.532379248888775,82573500,before_trump
2010-01-20,13.648921966552734,13.687770544904078,13.500001387060884,13.590648481538699,65670100,before_trump
2010-01-21,13.493528366088867,13.797844537890985,13.38993131888073,13.69424749068285,73633300,before_trump
2010-01-22,12.891364097595215,13.461148842059727,12.82661566277329,13.448198908100606,116302400,before_trump
2010-01-25,13.156832695007324,13.325178145963863,13.04028574934712,13.105034189710986,73785600,before_trump
2010-01-26,12.949641227722168,13.19568386766032,12.917267618642473,13.066188196367511,65298900,before_trump
2010-01-27,13.105033874511719,13.16330734594024,12.833091419503203,12.949638362360245,74926200,before_trump
2010-01-28,12.897847175598145,13.20216340516967,12.742451575286655,13.143889900681055,76974600,before_trump
2010-01-29,12.561153411865234,13.098563544778322,12.496404950134005,13.033815083047093,96053900,before_trump
2010-02-01,12.697125434875488,12.787772541241916,12.587053419298742,12.606477093534862,50338300,before_trump
2010-02-02,12.891364097595215,12.975537433355816,12.664745193205322,12.742443561986365,63332500,before_trump
2010-02-03,12.844379425048828,12.974910987342982,12.707319853058891,12.909645828622459,45582300,before_trump
2010-02-04,12.413618087768555,12.779108063176286,12.367931996449165,12.772581300865998,90931100,before_trump
2010-02-05,12.707317352294922,12.779110506582539,12.400566934175506,12.465833324904898,88711700,before_trump
2010-02-08,12.629000663757324,12.916172081179546,12.596366840838288,12.7138461136407,62563200,before_trump
2010-02-09,12.824798583984375,12.981437198973978,12.687740262688369,12.818271819419843,69454100,before_trump
2010-02-10,12.850898742675781,12.968377952057399,12.694260211784421,12.785632376924617,56250600,before_trump
2010-02-11,13.092385292053223,13.183758720292081,12.75952788062145,12.81174073467824,58837300,before_trump
2010-02-12,13.333870887756348,13.497036216789386,12.916168043784623,13.027119272468527,91108900,before_trump
2010-02-16,13.523144721984863,13.607991407139039,13.412192226296808,13.457879573223705,69083400,before_trump
2010-02-17,13.48398208618164,13.61451484148735,13.399136666629758,13.61451484148735,47296700,before_trump
2010-02-18,13.601463317871094,13.60799008108178,13.412190919319581,13.470930543362963,42613600,before_trump
2010-02-19,13.588412284851074,13.686311261269717,13.43177367361064,13.52314588562097,40760000,before_trump
2010-02-22,13.621041297912598,13.679779667143475,13.477455021329654,13.673254149892054,38730600,before_trump
2010-02-23,13.307769775390625,13.673261171797572,13.242504610538806,13.601467996636703,62245300,before_trump
2010-02-24,13.510092735290527,13.58188464947209,13.379559945201045,13.392613473180583,51070100,before_trump
2010-02-25,13.464405059814453,13.48398535130743,13.196813967008339,13.294714179620309,48789400,before_trump
2010-02-26,13.399140357971191,13.497039328994443,13.333873962338036,13.444826461458511,47795300,before_trump
2010-03-01,13.621041297912598,13.666727387788049,13.457875979870222,13.497035307641669,51203300,before_trump
2010-03-02,13.510092735290527,13.764630306626774,13.43177281226625,13.699363911582035,59399000,before_trump
2010-03-03,13.392613410949707,13.588411350321179,13.34040054412712,13.549252011417472,49909900,before_trump
2010-03-04,13.399140357971191,13.451353225507122,13.222921463217562,13.444826461458511,62750100,before_trump
2010-03-05,13.568833351135254,13.601465928599538,13.34692833878963,13.48398665796326,45879700,before_trump
2010-03-08,13.555777549743652,13.627569457100625,13.510091451011172,13.581883358368144,35742100,before_trump
2010-03-09,13.666726112365723,13.8364181766759,13.483980525065732,13.497034048055546,83168700,before_trump
2010-03-10,13.829894065856934,13.895160448462672,13.647148443531409,13.673255494514788,58435600,before_trump
2010-03-11,13.86905574798584,13.882109275689821,13.69936362239284,13.797262590466861,53778700,before_trump
2010-03-12,13.88211441040039,13.947380828208093,13.823374758858797,13.908220230611445,39584500,before_trump
2010-03-15,13.816842079162598,13.914741041547968,13.73852216234259,13.81031531568986,34378000,before_trump
2010-03-16,14.365080833435059,14.384661128039316,13.836425327651238,13.856004377402382,123060900,before_trump
2010-03-17,14.515191078186035,14.586984238905558,14.299812840880444,14.397711813318809,77805900,before_trump
2010-03-18,14.489080429077148,14.586979368830528,14.365074441468167,14.482553667113248,54458500,before_trump
2010-03-19,14.352025032043457,14.613089361179755,14.234545772718894,14.52171715719528,77998500,before_trump
2010-03-22,14.515191078186035,14.554350418190788,14.254126736732738,14.273707029161601,47405700,before_trump
2010-03-23,14.795831680297852,14.84804453436084,14.593507026410354,14.613086068651077,64740900,before_trump
2010-03-24,14.639203071594238,14.795841740284947,14.567409881624274,14.70446949476207,54729000,before_trump
2010-03-25,14.586984634399414,14.834995454291068,14.560877577119761,14.808889641864424,52428700,before_trump
2010-03-26,14.515191078186035,14.743622843777537,14.404238577461763,14.639197107196217,45700500,before_trump
2010-03-29,14.573928833007812,14.678354556135588,14.528242734746012,14.632668457873788,34467900,before_trump
2010-03-30,14.580456733703613,14.710989520222354,14.476031002429783,14.61961607171807,37886300,before_trump
2010-03-31,14.547823905944824,14.684882209033079,14.48908427752046,14.567402952184352,45983800,before_trump
2010-04-01,14.613086700439453,14.776252032047228,14.48908194471148,14.619613463086086,45491000,before_trump
2010-04-05,14.743629455566406,14.782788813132195,14.58046401337984,14.671836262651187,34942900,before_trump
2010-04-06,14.61961841583252,14.671831289841265,14.528246197530496,14.639198710405717,47056500,before_trump
2010-04-07,14.652247428894043,14.802359236771675,14.521714664307503,14.639193903464848,62539800,before_trump
2010-04-08,14.560874938964844,14.626141325485932,14.462975981609603,14.60656103607377,40824500,before_trump
2010-04-09,14.717512130737305,14.73056565578015,14.593507377388256,14.619613182621285,45528700,before_trump
2010-04-12,14.71098804473877,14.834992810155935,14.645721658025492,14.808887002382296,49353000,before_trump
2010-04-13,14.861099243164062,14.893731812733726,14.665300091187872,14.78277933340304,122395600,before_trump
2010-04-14,15.35059642791748,15.461548915719925,15.187431077905226,15.3832289999788,159980600,before_trump
2010-04-15,15.807456970214844,15.905357165632683,15.53333916172082,15.552919449774926,110819600,before_trump
2010-04-16,15.611666679382324,15.768305325614525,15.513767681093862,15.70303891180445,102974900,before_trump
2010-04-19,15.663875579833984,15.68998263666314,15.363651895416599,15.605135946821367,71310800,before_trump
2010-04-20,15.742198944091797,15.827044407613673,15.598612589873339,15.794411824302165,65991400,before_trump
2010-04-21,15.533337593078613,15.748715760512933,15.36364675982345,15.729136719288721,73899300,before_trump
2010-04-22,15.657349586486816,15.703035693334124,15.220066321893514,15.370178171492679,73666100,before_trump
2010-04-23,15.689983367919922,15.703035652089836,15.48765740262319,15.63124373216965,56963700,before_trump
2010-04-26,15.546392440795898,15.748717101405553,15.539865678214595,15.71608453335172,57727600,before_trump
2010-04-27,15.239644050598145,15.585553798426059,15.207010233447411,15.487654836679534,78937600,before_trump
2010-04-28,15.180902481079102,15.311433998412522,14.952470769679765,15.278801430292337,109052100,before_trump
2010-04-29,15.331016540527344,15.344070067635931,15.2070105227015,15.226590813364378,59059400,before_trump
2010-04-30,14.90678882598877,15.311438260673542,14.887208532754464,15.304912741115132,81864000,before_trump
2010-05-03,15.180902481079102,15.298381718076055,14.945944007085192,14.998156862989097,55449900,before_trump
2010-05-04,14.72403621673584,14.978574929390856,14.619610525080812,14.965521406720868,90704300,before_trump
2010-05-05,14.571552276611328,14.709577203399933,14.394090581912497,14.525543967681793,96854100,before_trump
2010-05-06,14.137760162353516,14.709579600271296,13.079563870015475,14.558409059546603,160695900,before_trump
2010-05-07,14.006314277648926,14.262648433975949,13.447638877491661,13.973451535018082,139360500,before_trump
2010-05-10,14.821313858032227,14.827886653416904,14.564981106192453,14.650426192560735,112607400,before_trump
2010-05-11,14.6438570022583,15.025070452990514,14.525549163473675,14.670146936636637,102689700,before_trump
2010-05-12,15.176240921020508,15.209103652180474,14.781881878936733,14.854181391848062,83343400,before_trump
2010-05-13,14.788448333740234,15.228815512045792,14.696431723048187,15.136798901353743,62099000,before_trump
2010-05-14,14.387520790100098,14.597845248322162,14.150906401416604,14.584700909907777,83526200,before_trump
2010-05-17,14.472968101501465,14.492685238959314,14.072036258087179,14.295506342583714,64550400,before_trump
2010-05-18,14.085182189941406,14.61099342864169,14.01945547169565,14.551839507583798,76636100,before_trump
2010-05-19,14.196915626525879,14.269213880136077,13.802556615360462,14.144334508612673,89530600,before_trump
2010-05-20,13.664532661437988,13.960301001459463,13.559369164202034,13.815703229913375,106551000,before_trump
2010-05-21,13.743404388427734,13.914293356035694,13.263601471855132,13.414772047712328,111769100,before_trump
2010-05-24,13.585662841796875,13.947157963730605,13.546227306626465,13.769697428647227,56436100,before_trump
2010-05-25,13.703970909118652,13.717116505586171,13.16501399028117,13.224167920751926,96151400,before_trump
2010-05-26,13.605378150939941,14.131189346085355,13.605378150939941,13.868283748512647,85666800,before_trump
2010-05-27,14.30207347869873,14.328363402780978,13.88142466432394,13.907714588406188,83236800,before_trump
2010-05-28,14.078605651855469,14.295502886890576,13.953725045734485,14.249494572433516,72712600,before_trump
2010-06-01,13.920860290527344,14.288928006099983,13.887996318116704,13.999731317048157,57164500,before_trump
2010-06-02,14.334944725036621,14.348090321714206,13.907722862079837,14.05889346297279,61537200,before_trump
2010-06-03,14.394088745117188,14.45981542961461,14.111464879320835,14.433524254362746,54614400,before_trump
2010-06-04,13.769692420959473,14.196914115229571,13.664530196327837,14.157478594400859,67919400,before_trump
2010-06-07,13.34904670715332,13.822278128970467,13.303038375283991,13.763124201243324,65435200,before_trump
2010-06-08,13.263602256774902,13.296464991338054,12.974405428813906,13.289892193698831,91377800,before_trump
2010-06-09,13.099283218383789,13.539650535058335,13.053274898581368,13.40162432201838,58981200,before_trump
2010-06-10,13.506786346435547,13.539650326955512,13.309607477846445,13.375334185253703,57168300,before_trump
2010-06-11,13.565939903259277,13.638239404881334,13.329325517861653,13.349042652025748,49491800,before_trump
2010-06-14,13.730256080627441,13.89457221851387,13.684247762600465,13.769692856335688,68877500,before_trump
2010-06-15,14.118047714233398,14.170628848501874,13.809133707110249,13.874860438354125,62082000,before_trump
2010-06-16,14.124619483947754,14.22978174482516,13.940584900595773,14.07203835350905,43764600,before_trump
2010-06-17,14.144335746765137,14.256070788815741,13.934011256701138,14.19034407226253,37270900,before_trump
2010-06-18,14.065462112426758,14.229778261529017,13.920864352524553,14.170624347561585,64872600,before_trump
2010-06-21,13.927437782287598,14.25607009543697,13.8419926788344,14.242924502039127,48844300,before_trump
2010-06-22,13.789407730102539,14.019450536159866,13.710536698880416,13.88799714594641,58831100,before_trump
2010-06-23,13.677678108215332,13.81570434763155,13.579088653565423,13.76312322157607,61352400,before_trump
2010-06-24,13.355616569519043,13.664531736113053,13.27674551897405,13.552796703147022,62003900,before_trump
2010-06-25,13.16501235961914,13.414772393400499,13.07299444937723,13.408199595980868,94683200,before_trump
2010-06-28,13.381905555725098,13.533076089114067,13.08613603071839,13.217589431528602,54468400,before_trump
2010-06-29,13.007266998291016,13.17815469060216,12.91524910208571,13.145291962149878,79050800,before_trump
2010-06-30,12.783798217773438,13.165011672793458,12.750934232389813,12.948114383792978,64294700,before_trump
2010-07-01,12.652342796325684,12.895531235437847,12.488026656113663,12.770650617859566,88020000,before_trump
2010-07-02,12.619482040405273,12.731217083343394,12.461737417971458,12.62605358384323,58093400,before_trump
2010-07-06,12.803511619567871,12.987546123120081,12.652341091810248,12.8495199320478,60697600,before_trump
2010-07-07,13.237312316894531,13.257030711675219,12.744363730075126,12.790372064263643,72806800,before_trump
2010-07-08,13.211018562316895,13.381907506833095,13.033556821438603,13.368761914108912,65407600,before_trump
2010-07-09,13.303032875061035,13.329324055906408,13.118998370040925,13.184725068521857,52843800,before_trump
2010-07-12,13.51993179321289,13.57251290784656,13.34247006121201,13.349042857245301,56587900,before_trump
2010-07-13,13.809125900268555,14.643852031806087,13.684245306868412,13.78283472118119,103191800,before_trump
2010-07-14,14.03917407989502,14.624139248679679,13.986592955213622,14.499258607449022,199002600,before_trump
2010-07-15,14.137761116027832,14.19034223172387,13.80912882951942,14.026026088469663,118558200,before_trump
2010-07-16,13.815707206726074,14.118048430704924,13.80256160908355,14.08518569023181,80451500,before_trump
2010-07-19,14.190340042114258,14.203485632418039,13.907716118745466,13.914288913897355,63430400,before_trump
2010-07-20,14.229781150817871,14.282362279061632,13.868286050846148,13.907721583620722,72666400,before_trump
2010-07-21,13.973443984985352,14.22977674917919,13.920862873006293,14.177195637200132,71775300,before_trump
2010-07-22,14.31522274017334,14.446674901573767,14.026025979280117,14.03259877539504,74465500,before_trump
2010-07-23,14.256075859069824,14.275793003505308,14.019460096777667,14.223211862288528,62115500,before_trump
2010-07-26,14.269216537475586,14.288934930477447,14.072037621988846,14.249499398106694,50929500,before_trump
2010-07-27,14.183767318725586,14.288929534422907,14.058886717472829,14.249494016944535,53975800,before_trump
2010-07-28,14.019448280334473,14.25606384319265,13.993158358701473,14.223199874111105,51673900,before_trump
2010-07-29,13.82227611541748,14.118044457334275,13.6448143580877,14.058890538224349,83811400,before_trump
2010-07-30,13.539649963378906,13.749974418528206,13.526504371523915,13.651384986881052,67395900,before_trump
2010-08-02,13.90114688873291,13.986591993988549,13.625095689718899,13.736830728692018,50316200,before_trump
2010-08-03,13.717113494873047,13.822275736265409,13.61194999984788,13.809130142683163,60929200,before_trump
2010-08-04,13.729035377502441,13.81513230479039,13.54359817385986,13.782017616142637,85639700,before_trump
2010-08-05,13.689303398132324,13.768777413141184,13.550224187665975,13.669434578580956,44475000,before_trump
2010-08-06,13.676051139831543,13.782015601623092,13.51710444714422,13.54359619419012,50833800,before_trump
2010-08-09,13.676051139831543,13.768770991296169,13.51710444714422,13.768770991296169,46082800,before_trump
2010-08-10,13.126363754272461,13.358161554072906,13.046891016921464,13.318425185397409,136352400,before_trump
2010-08-11,12.868072509765625,12.967414040252919,12.781975590332834,12.934300617822519,99079200,before_trump
2010-08-12,12.881318092346191,13.066755274871351,12.636274477043004,12.695879646624967,86580600,before_trump
2010-08-13,12.682638168334961,12.907813050755237,12.682638168334961,12.801848548815872,57384800,before_trump
2010-08-16,12.894561767578125,12.954166932835632,12.656142369744078,12.676009916032598,48721100,before_trump
2010-08-17,12.934300422668457,13.159475228746778,12.914431611592343,13.060132436562284,60836400,before_trump
2010-08-18,12.974032402038574,13.099865636651517,12.894558447757861,12.934296056496041,58982400,before_trump
2010-08-19,12.51706314086914,12.669386889580782,12.457457976034851,12.563422432807815,159900400,before_trump
2010-08-20,12.523685455322266,12.583290617196235,12.42434393993095,12.530308391441139,95174400,before_trump
2010-08-23,12.384613037109375,12.570050277268594,12.318384909968314,12.53031390626254,71954400,before_trump
2010-08-24,12.192545890808105,12.371361371476645,12.17930001893728,12.29188740344756,75107400,before_trump
2010-08-25,12.238909721374512,12.311760780505326,12.040226622358539,12.09320886630922,63350600,before_trump
2010-08-26,12.040227890014648,12.325007954931275,12.000491518667076,12.318385015840601,69586000,before_trump
2010-08-27,12.166059494018555,12.265401040003784,11.795182536319139,12.073339622995555,135184300,before_trump
2010-08-30,11.894522666931152,12.126320422111743,11.881278055386428,12.086584061085286,73718900,before_trump
2010-08-31,11.70246410369873,11.868033770551742,11.656104799091297,11.841542017521032,111601400,before_trump
2010-09-01,12.0137357711792,12.099832713563814,11.848166088497253,11.881280782951501,73611500,before_trump
2010-09-02,12.106449127197266,12.139562540607278,11.97399294716572,12.073334450591505,53192100,before_trump
2010-09-03,12.205794334411621,12.311758805312959,12.053470565390464,12.26539950719314,59143200,before_trump
2010-09-07,12.000487327575684,12.192547441343613,11.954126770132088,12.159434020651359,58636500,before_trump
2010-09-08,11.854784965515137,11.954126488447063,11.75544344258321,11.947504815021468,101747000,before_trump
2010-09-09,11.921011924743652,11.9739941494369,11.874652636036545,11.954125341478477,65019600,before_trump
2010-09-10,11.901147842407227,11.98724478121793,11.815052166792903,11.887903228371746,68814700,before_trump
2010-09-13,12.291892051696777,12.291892051696777,12.053472583841572,12.066717197525056,73870900,before_trump
2010-09-14,12.411096572875977,12.450832921607397,12.14618547600692,12.272018720718128,64479500,before_trump
2010-09-15,12.397852897644043,12.430967580113963,12.278643830340252,12.404475834138028,56107300,before_trump
2010-09-16,12.563420295715332,12.570043231036548,12.305132134166668,12.384606094825507,69165800,before_trump
2010-09-17,12.457460403442383,12.636275932788477,12.364741801498278,12.603162507293073,70436600,before_trump
2010-09-20,12.536932945251465,12.556800492975777,12.37798624747664,12.510441197357629,44935100,before_trump
2010-09-21,12.676009178161621,12.762106084386748,12.477326147665934,12.503816628907272,69131400,before_trump
2010-09-22,12.589916229248047,12.748862940296778,12.510442242125595,12.609785041827703,61569400,before_trump
2010-09-23,12.570043563842773,12.788595382446301,12.417719837009116,12.483947928778987,51954700,before_trump
2010-09-24,12.861445426940918,12.881314231912395,12.702498776756164,12.735612188512938,55749300,before_trump
2010-09-27,12.742239952087402,12.868073238199036,12.702503590282316,12.84820442569841,51071000,before_trump
2010-09-28,12.921051979064941,12.9607883301189,12.649517931003878,12.788595791290646,61019600,before_trump
2010-09-29,12.742239952087402,12.993906524310672,12.662767228477229,12.901186662503914,62484300,before_trump
2010-09-30,12.715749740600586,12.980660930363891,12.656144565004318,12.808468341218694,75382200,before_trump
2010-10-01,12.795223236083984,13.477370696080047,12.503820278206526,12.89456478032513,41275000,before_trump
2010-10-04,12.497197151184082,12.781975874731689,12.430969041653613,12.748862451564516,67082000,before_trump
2010-10-05,12.682634353637695,12.775354212343633,12.60316163268532,12.63627505588279,61004600,before_trump
2010-10-06,12.788599014282227,12.828336638546714,12.669388667881051,12.722370903704224,54990000,before_trump
2010-10-07,12.84820556640625,12.940925436444997,12.722372269122703,12.82833801533788,51794600,before_trump
2010-10-08,12.9276762008667,12.967412555873779,12.722368963072228,12.84820222765659,46528700,before_trump
2010-10-11,12.954169273376465,13.080002563121687,12.934301723498306,12.974038086450827,52722400,before_trump
2010-10-12,13.093245506286621,13.113113051715464,12.874693664197894,13.013771534983483,94743400,before_trump
2010-10-13,12.742239952087402,13.265440645838403,12.689257715281897,13.23232595833736,173827300,before_trump
2010-10-14,12.795223236083984,12.887941842282885,12.715750505969577,12.78860029804174,59255900,before_trump
2010-10-15,12.795223236083984,12.89456478032513,12.715750505969577,12.874697229394663,64052800,before_trump
2010-10-18,12.709123611450195,12.795219252804417,12.56342154627184,12.755482900117537,54985100,before_trump
2010-10-19,12.722368240356445,12.84157856180169,12.517062277420681,12.589913310125192,85409800,before_trump
2010-10-20,13.007148742675781,13.099868587421206,12.775352288802058,12.78197396188765,84884600,before_trump
2010-10-21,13.086628913879395,13.1528570448704,12.960795591316137,13.08000597446064,74287500,before_trump
2010-10-22,13.139604568481445,13.199209730125238,13.079999406837652,13.106491151210848,50129800,before_trump
2010-10-25,13.15947437286377,13.245570022201845,13.113113816701429,13.212456602424737,45769400,before_trump
2010-10-26,13.272063255310059,13.318422553469551,13.0667559874664,13.10649361148551,56344600,before_trump
2010-10-27,13.371400833129883,13.378023768507052,13.119734341580509,13.199208302910774,48151900,before_trump
2010-10-28,13.556842803955078,13.596580430384652,13.25881818491054,13.43763371425499,71144000,before_trump
2010-10-29,13.278688430786133,13.6164507448332,13.25219793765116,13.543600941314674,60774400,before_trump
2010-11-01,13.623067855834961,13.68929595513407,13.470744111684159,13.477367047933662,51593700,before_trump
2010-11-02,13.470742225646973,13.709162844464148,13.437628812231587,13.669425232530784,60959100,before_trump
2010-11-03,13.669655799865723,13.696354958027841,13.496115091069743,13.57621129247017,53044600,before_trump
2010-11-04,13.996705055236816,14.030078984356305,13.723045201883135,13.789791787036886,66048200,before_trump
2010-11-05,14.176921844482422,14.21029577687707,13.996706428807371,14.023405574723089,55960500,before_trump
2010-11-08,14.170246124267578,14.350461528067493,14.130198681118241,14.243667497612417,53006900,before_trump
2010-11-09,14.123526573181152,14.250344985800826,14.036756884390115,14.150225722400243,46639500,before_trump
2010-11-10,14.043428421020508,14.130198089726711,13.896585680476644,14.116848518207231,48072100,before_trump
2010-11-11,14.156896591186523,14.170246163301497,13.716370896074528,13.809816627794076,69682800,before_trump
2010-11-12,14.370482444763184,14.557371316761069,14.236989302120444,14.310410657882448,100662400,before_trump
2010-11-15,14.216967582702637,14.457254774742351,14.190269713078887,14.450579989065115,50076900,before_trump
2010-11-16,14.063450813293457,14.196943975749985,13.93663243626827,14.103498252796356,62890100,before_trump
2010-11-17,14.070125579833984,14.163570029577006,13.970006344668585,14.030078140384855,44262100,before_trump
2010-11-18,14.030083656311035,14.176925174078676,13.963337048930963,14.050106747365104,68847000,before_trump
2010-11-19,14.110174179077148,14.150222894903253,13.936633563086449,13.996705363740354,49134200,before_trump
2010-11-22,14.18359375,14.203618105369456,13.936631792783738,13.963330933276344,40328600,before_trump
2010-11-23,14.076797485351562,14.163567131920416,13.889907351015335,14.043424838152362,44856200,before_trump
2010-11-24,14.277033805847168,14.397177354953632,14.13019239754188,14.170239822882468,42449700,before_trump
2010-11-26,14.243664741516113,14.303736531159084,14.083473726829867,14.17691816712559,19147500,before_trump
2010-11-29,14.236995697021484,14.317091873201312,14.096828980063702,14.11685206929451,46887900,before_trump
2010-11-30,14.123525619506836,14.21697008929292,14.063453810905663,14.136875193214967,52406500,before_trump
2010-12-01,14.337114334106445,14.417210506776048,14.29706688431438,14.323764759813931,52939300,before_trump
2010-12-02,14.483954429626465,14.530676657934093,14.337111685705077,14.35046125753161,48095800,before_trump
2010-12-03,14.477285385131836,14.53735720908935,14.430563138295046,14.437236653769663,43907400,before_trump
2010-12-06,14.483954429626465,14.524001872020825,14.383833914012703,14.423882629492304,31861200,before_trump
2010-12-07,14.403857231140137,14.590747403953932,14.403857231140137,14.577397833091842,46991400,before_trump
2010-12-08,14.564041137695312,14.617438121937427,14.457247169211085,14.477271515708575,68959600,before_trump
2010-12-09,14.557374954223633,14.73091557378794,14.497303152332709,14.690868130222416,79874700,before_trump
2010-12-10,14.624119758605957,14.670841982581516,14.550698393452867,14.624119758605957,52407700,before_trump
2010-12-13,14.350462913513184,14.697544182543298,14.243668872747824,14.690869395859789,78296300,before_trump
2010-12-14,14.330439567565918,14.39051137888313,14.21697073208735,14.283717330560416,41699300,before_trump
2010-12-15,14.203618049621582,14.350459502499316,14.203618049621582,14.250340272215174,42701400,before_trump
2010-12-16,14.216975212097168,14.27704704234403,14.18360253888708,14.250349158393135,35224900,before_trump
2010-12-17,14.323762893676758,14.343787252506703,14.196945773676376,14.223643645697658,57138100,before_trump
2010-12-20,14.170243263244629,14.303736410903362,14.150220182255325,14.277037272137612,34211900,before_trump
2010-12-21,14.083477020263672,14.196945841336845,14.070127447646755,14.196945841336845,34102300,before_trump
2010-12-22,13.943307876586914,14.030078818184645,13.889910863713387,13.983356591055962,49206900,before_trump
2010-12-23,13.909940719604492,13.963337753586083,13.816496228408136,13.909940719604492,27960800,before_trump
2010-12-27,13.909940719604492,13.923290296371318,13.783122286491071,13.849868897239489,18604300,before_trump
2010-12-28,13.93663501739502,13.970008950732726,13.856540123555291,13.889912783807615,21169600,before_trump
2010-12-29,13.976683616638184,14.056778509785872,13.936634896978966,13.976683616638184,20848400,before_trump
2010-12-30,14.030083656311035,14.07013111150482,13.970011836977536,13.983361413070678,18876000,before_trump
2010-12-31,14.036749839782715,14.056772918562569,13.97667805727342,14.036749839782715,15743700,before_trump
2011-01-03,13.916616439819336,14.050108397168838,13.869894191092719,14.023410514933255,58223800,before_trump
2011-01-04,14.116848945617676,14.150222875426827,14.050102359084622,14.096825860817434,75206200,before_trump
2011-01-05,13.976683616638184,14.156897762763169,13.949984470198705,14.143549462628803,61810500,before_trump
2011-01-06,13.863215446472168,13.896588108015393,13.716372680276933,13.796468850300283,116669000,before_trump
2011-01-07,13.789790153503418,13.8632115157836,13.529479902633788,13.82316280558437,74806100,before_trump
2011-01-10,13.809816360473633,13.86321337481464,13.729720202419502,13.823164659244952,51449700,before_trump
2011-01-11,14.050103187561035,14.096826692048937,13.843189902884474,13.903261706997883,64452600,before_trump
2011-01-12,14.216975212097168,14.236999579874748,14.063458878393353,14.196952117405466,53380600,before_trump
2011-01-13,14.210296630859375,14.230319718414124,14.070128652549014,14.190272270219202,104066300,before_trump
2011-01-14,14.070124626159668,14.297062222798136,13.996703264575148,14.250340001093463,154888800,before_trump
2011-01-18,14.070124626159668,14.150220772714153,13.976680182750322,14.03675197439492,55272100,before_trump
2011-01-19,14.023404121398926,14.1034990046747,13.98335667976104,14.063451563036814,43339000,before_trump
2011-01-20,13.983354568481445,13.983354568481445,13.763091763101665,13.976679783702055,56170800,before_trump
2011-01-21,13.896581649780273,14.04342434773249,13.88990686595655,13.983352566403827,63697600,before_trump
2011-01-24,14.176918983459473,14.176918983459473,13.970005736710906,14.036752314944826,82375700,before_trump
2011-01-25,14.383841514587402,14.397191093467994,14.1302058812857,14.203627292043048,72327200,before_trump
2011-01-26,14.517326354980469,14.617445592466746,14.457254557871666,14.530675926134686,57196100,before_trump
2011-01-27,14.517326354980469,14.644144734775182,14.450579772294557,14.524001140557576,58069200,before_trump
2011-01-28,14.323762893676758,14.610772338146075,14.25034279080425,14.524002662720271,55193100,before_trump
2011-01-31,14.323762893676758,14.443906500485804,14.036754722292752,14.383834697081282,90844300,before_trump
2011-02-01,14.337114334106445,14.483957105153138,14.20362241043774,14.343789121252701,60971000,before_trump
2011-02-02,14.390506744384766,14.49062597330798,14.330434952413825,14.337109737420047,46928100,before_trump
2011-02-03,14.519074440002441,14.572923529660121,14.337333280958932,14.411376260687081,39846000,before_trump
2011-02-04,14.59311580657959,14.606578398471722,14.424837259518227,14.451761159439064,39353500,before_trump
2011-02-07,14.599853515625,14.714283029245319,14.559465722207953,14.633508726275217,43643100,before_trump
2011-02-08,14.566191673278809,14.593116859004859,14.404644410513058,14.572922969710321,48215100,before_trump
2011-02-09,14.445032119750977,14.539268993851904,14.41810821562473,14.492151198733254,44601400,before_trump
2011-02-10,14.673885345458984,14.700810522922467,14.370984802173561,14.4248338732374,56661800,before_trump
2011-02-11,14.646968841552734,14.707549237546488,14.485421546857317,14.559463254511192,43716600,before_trump
2011-02-14,14.519074440002441,14.673890412285326,14.471956647034917,14.559460936279809,45134600,before_trump
2011-02-15,14.43830394744873,14.505614358277992,14.323874451629678,14.458496557151992,50640200,before_trump
2011-02-16,14.640236854553223,14.727741153611438,14.424840471766496,14.51907606826976,55214100,before_trump
2011-02-17,14.78831958770752,14.848899972824016,14.586385826561562,14.593117123114899,50185500,before_trump
2011-02-18,14.902751922607422,14.949869723663518,14.815247618340925,14.86909671724272,55060500,before_trump
2011-02-22,14.680619239807129,14.93640333555785,14.626770159206455,14.774856093755824,64515600,before_trump
2011-02-23,14.236367225646973,14.620042172237264,14.142131634235643,14.606580861938248,83648300,before_trump
2011-02-24,14.33060073852539,14.411373716822252,14.155590907064397,14.202708691714792,54496400,before_trump
2011-02-25,14.714278221130371,14.80851380724925,14.445031488453164,14.485419268672889,53475700,before_trump
2011-02-28,14.451763153076172,14.700816001984021,14.384452752056822,14.640235613975722,66390100,before_trump
2011-03-01,14.397913932800293,14.599848985637896,14.370990029406768,14.545999894987254,57987400,before_trump
2011-03-02,14.465226173400879,14.606580844209951,14.404645783606082,14.418108377752402,52192300,before_trump
2011-03-03,14.667158126831055,14.727737219928791,14.572921271634128,14.579652567281292,50504000,before_trump
2011-03-04,14.51234245300293,14.86236216106023,14.404644278810453,14.727738801387881,64664800,before_trump
2011-03-07,14.276753425598145,14.633504460263442,14.189249133098757,14.599849259424511,57520200,before_trump
2011-03-08,14.222907066345215,14.310412659519196,14.148865353502458,14.310412659519196,57165700,before_trump
2011-03-09,14.270026206970215,14.36426181486394,14.095016303836248,14.189251911729974,60415900,before_trump
2011-03-10,13.994050979614258,14.148867005473074,13.94693188647704,14.095017897180268,69121300,before_trump
2011-03-11,14.04789924621582,14.108478366034568,13.872889333784055,13.886350647152701,45640700,before_trump
2011-03-14,14.027697563171387,14.054621458826352,13.879612927411008,13.906536823065975,48954200,before_trump
2011-03-15,13.583442687988281,13.684409545803616,13.469013240100702,13.617097879305643,80464000,before_trump
2011-03-16,13.334393501281738,13.711338421727518,13.26708181664045,13.482479464265294,84812700,before_trump
2011-03-17,13.39497184753418,13.502670013000438,13.327660173151918,13.475746113565576,59048300,before_trump
2011-03-18,13.415162086486816,13.563246702762505,13.381505616517533,13.448817272593047,74001300,before_trump
2011-03-21,13.590182304382324,13.724804435945034,13.38151588208446,13.394978480399942,43392300,before_trump
2011-03-22,13.563252449035645,13.60363894624607,13.44882297038644,13.583446339572657,45962800,before_trump
2011-03-23,13.657488822937012,13.704606615274772,13.469016369722423,13.52286545866037,37924600,before_trump
2011-03-24,13.71806526184082,13.805570816794274,13.650754876631458,13.805570816794274,49378300,before_trump
2011-03-25,13.711338996887207,13.866154979351833,13.603639526625237,13.664219916957247,52478400,before_trump
2011-03-28,13.691143989562988,13.90654034480329,13.684412692978787,13.758455671541471,37109400,before_trump
2011-03-29,13.6507568359375,13.657488132197244,13.448821799735581,13.644025539677752,59545200,before_trump
2011-03-30,13.771919250488281,13.771919250488281,13.536330250533346,13.7449953435779,54565700,before_trump
2011-03-31,13.583442687988281,13.711334725948106,13.421895458711097,13.657485649522378,87528000,before_trump
2011-04-01,13.273815155029297,13.718070544580101,13.166116956584483,13.718070544580101,82621500,before_trump
2011-04-04,13.118995666503906,13.327660710017312,13.031491384986495,13.32093069778505,69372800,before_trump
2011-04-05,13.267082214355469,13.381511696516899,13.159384029246315,13.186309217455422,62605700,before_trump
2011-04-06,13.428629875183105,13.428629875183107,13.267081324491299,13.368049489639567,56267400,before_trump
2011-04-07,13.482478141784668,13.522864635062538,13.341123489516916,13.408435167555679,51606400,before_trump
2011-04-08,13.475753784179688,13.596914610261756,13.428635970450912,13.489216383491947,46474900,before_trump
2011-04-11,13.54305648803711,13.596905565601613,13.469013524937186,13.509400012144743,43166300,before_trump
2011-04-12,13.300739288330078,13.509404370731978,13.253621490742264,13.46901787049438,52110300,before_trump
2011-04-13,13.31419849395752,13.428627952056257,13.273810720136764,13.381508882598709,38977500,before_trump
2011-04-14,13.17957878112793,13.233427877199254,13.0651492914934,13.219965282215492,52706900,before_trump
2011-04-15,13.294005393981934,13.294005393981934,13.145920732796771,13.193038521180075,44283000,before_trump
2011-04-18,13.206501960754395,13.287274950633966,13.09207248853873,13.145921576412952,46481400,before_trump
2011-04-19,13.36805248260498,13.448825492171553,13.206505179607992,13.240160386283426,81426500,before_trump
2011-04-20,14.411375999450684,14.431569889155094,14.095012763929505,14.27675263581503,174554500,before_trump
2011-04-21,14.445029258728027,14.465223145720774,14.263289411246799,14.397911472941658,77640100,before_trump
2011-04-25,14.768126487731934,14.815244278165075,14.357526398762863,14.384451584075228,81676700,before_trump
2011-04-26,15.13160514831543,15.165261624719804,14.680618635403222,14.687349930684096,105300000,before_trump
2011-04-27,15.232573509216309,15.266229988933647,15.03063976636597,15.171994413451948,68452900,before_trump
2011-04-28,15.347000122070312,15.394119184922982,15.111411227122904,15.111411227122904,55000000,before_trump
2011-04-29,15.582600593566895,15.609525790124595,15.23258074150101,15.347010259143163,156189000,before_trump
2011-05-02,15.421048164367676,15.602789329418151,15.353736479104876,15.495091146543116,71970500,before_trump
2011-05-03,15.636439323425293,15.791255249273895,15.259495808879029,15.353731366549798,110500000,before_trump
2011-05-04,15.942400932312012,15.983104572387674,15.413248435546848,15.637120396881073,137107200,before_trump
2011-05-05,16.01702117919922,16.186621144946113,15.718524877180068,15.894908996830244,94292200,before_trump
2011-05-06,15.772808074951172,16.00346429655216,15.691399463937776,15.915271526792148,100005900,before_trump
2011-05-09,15.440387725830078,15.738884157161428,15.365763294510838,15.691395059265613,73296400,before_trump
2011-05-10,15.623550415039062,15.738878451658666,15.48108576088772,15.501438224036523,66314300,before_trump
2011-05-11,15.881346702575684,16.030594263126076,15.73888329849743,15.799939412801121,85800000,before_trump
2011-05-12,16.084861755371094,16.16627031649001,15.759230098785794,15.772798407963144,66300000,before_trump
2011-05-13,15.881346702575684,16.14592233526132,15.84742721416054,16.050946732542485,53099500,before_trump
2011-05-16,16.037376403808594,16.24768134617431,15.786369115617147,15.82028859976884,74471600,before_trump
2011-05-17,15.976324081420898,15.989892395873593,15.657476455456647,15.854213133183686,86074100,before_trump
2011-05-18,16.200191497802734,16.254463446269842,15.95596837667341,16.01024032514052,65592900,before_trump
2011-05-19,15.969533920288086,16.19340583066852,15.738877855781563,15.820285117404397,98367500,before_trump
2011-05-20,15.75245189666748,15.969541043702264,15.704964090547447,15.915267786484314,63124700,before_trump
2011-05-23,15.508224487304688,15.623552539607171,15.44038422819523,15.548928125192235,64900000,before_trump
2011-05-24,15.338623046875,15.542142511156442,15.325054737537519,15.52857420181896,51736300,before_trump
2011-05-25,15.38611125946045,15.4878709944044,15.202942960194198,15.27756736966087,49375900,before_trump
2011-05-26,15.264007568359375,15.358983201388682,15.23008806911918,15.345416178060177,44432200,before_trump
2011-05-27,15.067267417907715,15.277572405923669,14.999428434878734,15.236867463371489,67162300,before_trump
2011-05-31,15.270784378051758,15.358975810002404,15.141888013866662,15.23008073976264,59575300,before_trump
2011-06-01,14.924799919128418,15.250431606817076,14.911231608655065,15.230080435052349,56011400,before_trump
2011-06-02,14.985856056213379,15.14867190042602,14.829824367252764,14.9315841081425,53445700,before_trump
2011-06-03,14.741634368896484,14.992642983855813,14.700930723802866,14.782339307935649,53937700,before_trump
2011-06-06,14.80947208404541,14.890880654127868,14.694144031230037,14.7484159799699,49667100,before_trump
2011-06-07,14.965500831604004,15.22329350787622,14.924797201540784,14.95193381754631,60300000,before_trump
2011-06-08,14.802685737609863,15.012989346104435,14.741629642571903,14.897661310359968,49513200,before_trump
2011-06-09,14.76198959350586,14.931589655985551,14.721285940815555,14.836614035059577,36986100,before_trump
2011-06-10,14.504190444946289,14.789118477340136,14.422783175088174,14.741630687598699,53233300,before_trump
2011-06-13,14.51098346710205,14.653448217328668,14.436360306455741,14.538120102934174,43550000,before_trump
2011-06-14,14.802685737609863,14.870525986979281,14.619517452495979,14.653438224153254,51995000,before_trump
2011-06-15,14.53132438659668,14.80946821292627,14.51775607947207,14.707708497381661,48556700,before_trump
2011-06-16,14.53132438659668,14.782332892622035,14.429564671052072,14.558459706900916,53634800,before_trump
2011-06-17,14.375295639038086,14.707711467039756,14.29388707379807,14.707711467039756,96504000,before_trump
2011-06-20,14.4702730178833,14.531329125912187,14.361729113375372,14.375297424925215,37358400,before_trump
2011-06-21,14.687362670898438,14.71449929740513,14.395650405679357,14.558466282882794,55384300,before_trump
2011-06-22,14.517754554748535,14.660219176704665,14.504186249048932,14.612731400700905,37679600,before_trump
2011-06-23,14.728062629699707,14.734846784628038,14.28710291092009,14.382079785971493,54189000,before_trump
2011-06-24,14.382087707519531,14.748423217807643,14.368519390189537,14.660231743054602,124407700,before_trump
2011-06-27,14.47706127166748,14.572036891510233,14.246405085810132,14.361733178738806,45183400,before_trump
2011-06-28,14.578821182250977,14.612741971037073,14.422789435672296,14.53133337189623,36515100,before_trump
2011-06-29,14.51098346710205,14.633095740454575,14.45671148938382,14.605960398568467,31660400,before_trump
2011-06-30,15.033343315124512,15.07404695124576,14.572031125932833,14.572031125932833,53930200,before_trump
2011-07-01,15.28435230255127,15.318271784610815,14.992640098636121,15.067263217956176,35837100,before_trump
2011-07-05,15.22330093383789,15.392900984768517,15.169028969297917,15.392900984768517,33358200,before_trump
2011-07-06,15.433602333068848,15.48109013321624,15.223298663582323,15.230082819881309,43269800,before_trump
2011-07-07,15.759230613708496,15.867774502783531,15.508223355451937,15.528574525937742,53107000,before_trump
2011-07-08,15.66425609588623,15.738880509912383,15.474303630158435,15.57606337131981,35838800,before_trump
2011-07-11,15.501441955566406,15.589633395883844,15.420033377319541,15.49465779955038,34663100,before_trump
2011-07-12,15.230086326599121,15.413253413063812,15.087621599409024,15.345414422345085,51048100,before_trump
2011-07-13,15.250435829162598,15.420035875200291,15.141891903214125,15.31149194925182,43265500,before_trump
2011-07-14,15.10797119140625,15.399683454062574,15.067266252003815,15.304706556069117,47571900,before_trump
2011-07-15,15.175812721252441,15.304707824875937,15.060484637942277,15.10797244390311,49959400,before_trump
2011-07-18,15.114755630493164,15.216515393010193,14.979075084506738,15.121539787187045,45195400,before_trump
2011-07-19,15.643901824951172,15.671038442900455,15.2232945982986,15.2232945982986,55706900,before_trump
2011-07-20,15.596424102783203,15.75245587485265,15.535367966939331,15.671048556358155,57158800,before_trump
2011-07-21,15.47430419921875,15.521791993910712,15.040128597526115,15.162240808988509,80125400,before_trump
2011-07-22,15.691396713256836,15.772805309999415,15.45395766847796,15.562501601504232,45085500,before_trump
2011-07-25,15.623555183410645,15.793155212911191,15.467522172871535,15.562499069274807,40716100,before_trump
2011-07-26,15.535361289978027,15.704961306885965,15.487873492275074,15.623554023379603,45573600,before_trump
2011-07-27,15.28435230255127,15.43359983513668,15.162240096824435,15.365759577072295,59198500,before_trump
2011-07-28,15.297919273376465,15.521791218559452,15.148671741236239,15.243647325875902,36736700,before_trump
2011-07-29,15.148674011230469,15.345410659116359,15.07404958700541,15.162242323625115,51897500,before_trump
2011-08-01,15.08761978149414,15.392900378728221,14.856963617794092,15.311491788150583,51674300,before_trump
2011-08-02,14.734847068786621,15.053695886840934,14.728062913727458,14.93158368366654,56976600,before_trump
2011-08-03,14.940354347229004,15.049957945320434,14.625244329360626,14.79650011470073,65640300,before_trump
2011-08-04,14.282731056213379,14.940352566375072,14.27588066882697,14.707444621548357,86743900,before_trump
2011-08-05,14.241637229919434,14.522496721695818,13.844322400346693,14.385491517941187,101800300,before_trump
2011-08-08,13.775815963745117,14.29643371450198,13.755264798878333,13.864868398345253,137491600,before_trump
2011-08-09,14.111480712890625,14.125181492927258,13.37165557643041,13.892273458617717,116628500,before_trump
2011-08-10,13.652517318725586,14.04983086022112,13.542913673249476,13.885425392006953,95403800,before_trump
2011-08-11,14.221084594726562,14.385490038375744,13.748418127623717,13.796369552032438,75327100,before_trump
2011-08-12,14.145730972290039,14.323837188195048,14.084078770377603,14.234784733531676,54183200,before_trump
2011-08-15,14.310137748718262,14.3375393106137,14.132031516133063,14.214234895240995,46288900,before_trump
2011-08-16,14.241639137268066,14.433444880318488,14.04298169587598,14.207387178452898,44763700,before_trump
2011-08-17,14.159431457519531,14.371788311591969,13.974474855628262,14.097779256889108,51304900,before_trump
2011-08-18,13.542908668518066,13.823768069582371,13.392202731747343,13.803216903683262,92196400,before_trump
2011-08-19,13.145596504211426,13.673063412543165,13.12504533638883,13.43330632083699,79157400,before_trump
2011-08-22,13.275752067565918,13.481259858362167,13.193549996510107,13.39220609037695,48904000,before_trump
2011-08-23,13.501809120178223,13.501809120178223,13.220949661213485,13.26205200148513,54210800,before_trump
2011-08-24,13.563458442687988,13.618260244830198,13.268899572784882,13.41275381344142,53521400,before_trump
2011-08-25,13.303156852722168,13.618267045760652,13.28945606869997,13.584016392283834,51597200,before_trump
2011-08-26,13.542908668518066,13.679912521444683,13.200397076334472,13.31000068130698,53819400,before_trump
2011-08-29,13.905973434448242,13.912823824714037,13.584012931425935,13.659365917771337,40646100,before_trump
2011-08-30,13.864867210388184,13.940220168532106,13.645660030236252,13.83061657845614,39098800,before_trump
2011-08-31,13.789519309997559,13.981326316270865,13.714167630793822,13.85802190556505,55288500,before_trump
2011-09-01,13.69361686706543,13.940225695805214,13.69361686706543,13.892274269456562,40781200,before_trump
2011-09-02,13.453855514526367,13.652512873886657,13.405904098564392,13.56345912431891,42807600,before_trump
2011-09-06,13.385356903076172,13.412757157690063,13.125047298063276,13.18669950416747,44255600,before_trump
2011-09-07,13.755270004272461,13.796371042981892,13.604565324618903,13.71416896556303,46090100,before_trump
2011-09-08,13.631964683532715,13.905973767842134,13.5703124762408,13.73471792682645,42985100,before_trump
2011-09-09,13.494962692260742,13.851173898662418,13.467561126687542,13.529213342648681,61406600,before_trump
2011-09-12,13.892273902893066,13.899124293130457,13.371656004056382,13.378506394293773,53318000,before_trump
2011-09-13,14.221085548400879,14.316988403649624,13.844321904849485,13.919674894875445,60222400,before_trump
2011-09-14,14.467693328857422,14.659499025370295,14.186832561032418,14.310136969692586,58352700,before_trump
2011-09-15,14.755406379699707,14.844458857164941,14.536197768672597,14.597849986371065,53239300,before_trump
2011-09-16,15.049962997436523,15.132166376888893,14.680051056346837,14.830755727668059,90738900,before_trump
2011-09-19,15.02255916595459,15.111611608132613,14.817051419533021,14.912955557160984,57738000,before_trump
2011-09-20,15.207515716552734,15.392470989425414,14.97460772166913,15.063660163676118,71495200,before_trump
2011-09-21,15.02940845489502,15.413021057597842,15.00200690141297,15.193813856053373,66811700,before_trump
2011-09-22,14.81020736694336,15.002013094182395,14.6184003331258,14.762254628555077,94232800,before_trump
2011-09-23,15.180118560791016,15.255471553498328,14.536196193802917,14.652650224996739,74135600,before_trump
2011-09-26,15.234917640686035,15.371922819769441,14.926657947615704,15.180115830368317,64847800,before_trump
2011-09-27,15.440423965454102,15.74183324072721,15.32396996609646,15.413022409568493,88219700,before_trump
2011-09-28,15.28287124633789,15.556880337100736,15.27602085574652,15.488379044343832,74789100,before_trump
2011-09-29,15.214363098144531,15.481523007458035,14.981456435873731,15.330817082568897,85510500,before_trump
2011-09-30,14.618395805358887,15.118462448743953,14.611545416282336,15.022559614828493,64453700,before_trump
2011-10-03,14.125181198120117,14.659498542614001,14.090929248743413,14.508793885091313,95768300,before_trump
2011-10-04,14.536194801330566,14.570446752270257,13.97447587170294,14.00872782264263,77896900,before_trump
2011-10-05,14.967758178710938,15.049960236504859,14.426589187491993,14.556743970006877,70932100,before_trump
2011-10-06,15.091068267822266,15.10476774490643,14.844459388206277,15.015715264255459,58483000,before_trump
2011-10-07,15.269166946411133,15.413021183634282,15.008857412514965,15.118461014183458,58425800,before_trump
2011-10-10,15.673336029052734,15.680186420371857,15.392476517861432,15.399326909180555,40172800,before_trump
2011-10-11,15.748682975769043,15.755533364455996,15.488374738554977,15.591127955703213,50604700,before_trump
2011-10-12,15.837743759155273,15.947347413689611,15.74183958150376,15.755540364965206,59913300,before_trump
2011-10-13,16.02269172668457,16.070643140126112,15.72813155088307,15.769233882328411,51288900,before_trump
2011-10-14,16.098047256469727,16.098047256469727,15.926791434592388,16.05694622506107,44894100,before_trump
2011-10-17,15.947346687316895,16.166553986401073,15.851442514033641,15.974746946413134,47936100,before_trump
2011-10-18,16.029539108276367,16.09119128730102,15.803481554045232,15.871984120359045,85272200,before_trump
2011-10-19,16.604957580566406,16.783063719687103,16.3446494120532,16.447402602082686,139956200,before_trump
2011-10-20,16.173398971557617,16.358354251723515,15.995292773942419,16.358354251723515,88682000,before_trump
2011-10-21,16.461111068725586,16.611815730760167,16.303554710032262,16.344657050514858,123273100,before_trump
2011-10-24,16.84471893310547,16.981724082239932,16.45425595662357,16.474805814389182,138273600,before_trump
2011-10-25,16.872121810913086,17.022827759785606,16.70771639025245,16.76251819713933,60939200,before_trump
2011-10-26,16.920076370239258,17.015979216047775,16.673467559213606,16.988577656343466,58249900,before_trump
2011-10-27,17.214632034301758,17.26258475469415,17.022826379044332,17.077628181486173,84559200,before_trump
2011-10-28,17.111879348754883,17.146131292954596,16.940623547490535,17.03652768467166,44897400,before_trump
2011-10-31,16.81047248840332,17.070780768736,16.776220539294904,16.831022351290112,43121800,before_trump
2011-11-01,16.372051239013672,16.680312145542214,16.317249445250578,16.515906764252932,68002400,before_trump
2011-11-02,16.337804794311523,16.481659049834473,16.132297035106816,16.454258799220742,56626000,before_trump
2011-11-03,16.724830627441406,16.74556304425763,16.08901058743491,16.441476173347933,58297700,before_trump
2011-11-04,16.40692138671875,16.634987218987856,16.351632740053066,16.614254800354047,46476000,before_trump
2011-11-07,16.780113220214844,16.800845629557262,16.330891684419765,16.379270381983105,51137900,before_trump
2011-11-08,17.104938507080078,17.118760995975475,16.76629543825343,16.918338861547507,55961900,before_trump
2011-11-09,16.476030349731445,16.80776218593634,16.448385370955133,16.752473546568858,56872200,before_trump
2011-11-10,16.628067016601562,16.75937797602084,16.40691254906464,16.683355633485796,45508700,before_trump
2011-11-11,17.17404556274414,17.208600458607265,16.79393511732587,16.800846360135452,43867200,before_trump
2011-11-14,17.021997451782227,17.208597015754368,16.9183314667481,17.125664755000873,49418100,before_trump
2011-11-15,17.51268768310547,17.595619956339473,17.01509008914729,17.042733740830386,77391300,before_trump
2011-11-16,17.236244201660156,17.623264544125714,17.194776747757473,17.367553851131255,74241700,before_trump
2011-11-17,16.821578979492188,17.243155535787988,16.669535602260197,17.208599324018426,62125300,before_trump
2011-11-18,16.787025451660156,16.88378021611728,16.6004258474773,16.70409185485062,45683600,before_trump
2011-11-21,16.2894229888916,16.690265764161026,16.137379632128898,16.607333503448466,58579300,before_trump
2011-11-22,16.061359405517578,16.261781478584997,15.957693406910327,16.158114161793055,48479200,before_trump
2011-11-23,15.688162803649902,15.992249581499818,15.681251560764476,15.923139789015162,52698400,before_trump
2011-11-25,15.708895683288574,16.047538685679644,15.556852289822638,15.584495944005155,28346900,before_trump
2011-11-28,16.21340560913086,16.289427969850486,16.068273449413308,16.08900718002364,39753000,before_trump
2011-11-29,16.296337127685547,16.517491619818063,16.18575988161929,16.234137262000182,44191100,before_trump
2011-11-30,17.21551513671875,17.236248869284847,16.745561077367633,16.780117298311126,73450200,before_trump
2011-12-01,17.2224178314209,17.256972717025743,16.86304122111922,17.187862945816057,51820400,before_trump
2011-12-02,17.02890968322754,17.37446386555397,17.001266034097412,17.28462035815032,41486500,before_trump
2011-12-05,17.284616470336914,17.415927399176994,17.13257313885871,17.298438950885195,42526800,before_trump
2011-12-06,17.519601821899414,17.609445352453236,17.27771356830614,17.33991344260684,49516000,before_trump
2011-12-07,17.733842849731445,17.816776444332213,17.36755489403728,17.5057771123103,54791500,before_trump
2011-12-08,17.077289581298828,17.643999631330125,17.022000956684163,17.58871100671546,58000600,before_trump
2011-12-09,17.284616470336914,17.346816314619883,16.849217560356124,16.869951281178547,44071500,before_trump
2011-12-12,16.586605072021484,16.78702718270385,16.317073161420318,16.711004820971237,94831300,before_trump
2011-12-13,16.282520294189453,16.6280746376377,16.18576549984321,16.621163392586507,78519000,before_trump
2011-12-14,16.109737396240234,16.28251450655053,15.992248908501844,16.227225883978626,56395100,before_trump
2011-12-15,16.109737396240234,16.358536856906177,16.068271258857493,16.296336991739693,38692600,before_trump
2011-12-16,16.054454803466797,16.510586440547,16.054454803466797,16.220320733479124,94567200,before_trump
2011-12-19,15.964605331420898,16.227225960326876,15.930049118285408,16.165026094867745,42243000,before_trump
2011-12-20,16.47602653503418,16.57278130197934,16.199583402201693,16.234138299486442,46309500,before_trump
2011-12-21,16.365449905395508,16.648804292117205,16.192672776019602,16.552049521485863,45222100,before_trump
2011-12-22,16.60042953491211,16.65571817233807,16.420741133731465,16.469118526706044,32002200,before_trump
2011-12-23,16.863046646118164,16.863046646118164,16.614248489716957,16.676447040178648,24832700,before_trump
2011-12-27,16.973621368408203,17.070377437544508,16.863044133553526,16.897600343310998,24136000,before_trump
2011-12-28,16.745555877685547,16.973621592355457,16.71100098565678,16.94597794236937,23703400,before_trump
2011-12-29,16.966716766357422,16.987450500326023,16.780118433380547,16.83540707244502,22319300,before_trump
2011-12-30,16.759384155273438,17.015094926509978,16.759384155273438,16.883783918675803,21710100,before_trump
2012-01-03,16.959800720214844,17.201687604975195,16.856133405963657,17.015089339329304,44845600,before_trump
2012-01-04,17.353742599487305,17.36756377383337,16.952899543371736,16.980543210249305,47504000,before_trump
2012-01-05,17.554153442382812,17.588709653974767,17.263887855933838,17.319176476296278,49490600,before_trump
2012-01-06,17.450489044189453,17.554155052102132,17.284623167892207,17.42284407238084,36343500,before_trump
2012-01-09,17.6025333404541,17.664733212039636,17.429756212313144,17.554155955484212,47478600,before_trump
2012-01-10,17.685466766357422,17.913532520511538,17.630178138628693,17.768399048858086,41060900,before_trump
2012-01-11,17.830596923828125,17.89279678783326,17.512687679521637,17.57488754352677,57170000,before_trump
2012-01-12,17.796043395996094,17.899709404568817,17.650911247631246,17.86515450777285,44420500,before_trump
2012-01-13,17.37446403503418,17.7753068377155,17.346820385634402,17.75457443021182,63313400,before_trump
2012-01-17,17.30535888671875,17.554157070681907,17.256980180490537,17.402113662805256,60438600,before_trump
2012-01-18,17.5472469329834,17.609446812441046,17.284626244972806,17.367558538792974,62687000,before_trump
2012-01-19,17.71311378479004,17.747670007548145,17.533426699188343,17.637092731092434,64946300,before_trump
2012-01-20,18.23143768310547,18.29363754002648,17.623262915436705,17.87897358479915,101272500,before_trump
2012-01-23,18.459510803222656,18.58391056705145,18.203801349294665,18.210712593750163,69663500,before_trump
2012-01-24,18.590816497802734,18.64610511945881,18.390395738618732,18.452595602754904,56220400,before_trump
2012-01-25,18.590816497802734,18.62537271020323,18.31437338952236,18.549350361106857,54757900,before_trump
2012-01-26,18.487144470214844,18.659921521338347,18.3834785031776,18.625366638387362,61678200,before_trump
2012-01-27,18.47333335876465,18.549355729864246,18.376578572408867,18.424955965586758,50587400,before_trump
2012-01-30,18.480239868164062,18.521706006236904,18.155419369921393,18.32128524039753,60694100,before_trump
2012-01-31,18.25908851623535,18.521709193468364,18.16233373802082,18.51479926775446,45325300,before_trump
2012-02-01,18.34893226623535,18.54935438710418,18.321288608499824,18.48024326548786,46330600,before_trump
2012-02-02,18.307466506958008,18.480243655553142,18.28673277457998,18.37657763003307,34780300,before_trump
2012-02-03,18.627912521362305,18.774205720260216,18.516451669210642,18.579148564635723,42191600,before_trump
2012-02-06,18.61398696899414,18.6209534411078,18.363200616495913,18.495559600499337,36772600,before_trump
2012-02-07,18.55825424194336,18.627917625806937,18.411962331676527,18.55128777068515,33101300,before_trump
2012-02-08,18.704544067382812,18.802071989762027,18.537352773853463,18.572183795069385,37072100,before_trump
2012-02-09,18.711515426635742,18.809043374498735,18.662751452704246,18.746346456952914,35754200,before_trump
2012-02-10,18.600051879882812,18.66274878847825,18.42589409572181,18.62791643441498,33616000,before_trump
2012-02-13,18.600051879882812,18.697579813823072,18.474658062691937,18.69061334301042,24723000,before_trump
2012-02-14,18.655778884887695,18.655778884887695,18.460721724180445,18.509485682177708,25409300,before_trump
2012-02-15,18.516454696655273,18.72544349642982,18.460724261467504,18.72544349642982,35832700,before_trump
2012-02-16,18.69061279296875,18.77420911154201,18.35623017611251,18.3910612004323,42450700,before_trump
2012-02-17,19.06679344177246,19.15735489847463,18.68364554657196,18.71151142784546,74254100,before_trump
2012-02-21,18.920501708984375,19.06679493972685,18.81600730343601,19.045895527129797,34911800,before_trump
2012-02-22,18.62094497680664,19.052856750493607,18.467686646127056,18.850833137185067,51973800,before_trump
2012-02-23,18.572187423706055,18.71151419322801,18.356232126793717,18.502524038945076,33800100,before_trump
2012-02-24,18.600051879882812,18.66971393057246,18.42589409572181,18.613983492789675,39309500,before_trump
2012-02-27,18.732410430908203,18.94836703523851,18.425893694142427,18.474657660049782,46022400,before_trump
2012-02-28,18.976232528686523,19.01803002600247,18.68364739003794,18.76027724238258,32820500,before_trump
2012-02-29,18.725440979003906,19.018026056584507,18.69757642951529,18.983195037544185,41856200,before_trump
2012-03-01,18.71150779724121,18.906563613435512,18.6070120914593,18.850833190420268,39413000,before_trump
2012-03-02,18.753307342529297,18.829937180862963,18.648812953985907,18.739374403065316,29632800,before_trump
2012-03-05,18.48858642578125,18.746339138427015,18.363192639643042,18.746339138427015,32332200,before_trump
2012-03-06,18.537351608276367,18.551283218655783,18.251733000366176,18.286564019392024,37196700,before_trump
2012-03-07,18.746347427368164,18.809044348159524,18.474661656418068,18.516459160706074,32720900,before_trump
2012-03-08,18.69757843017578,18.836905178681587,18.634881526220003,18.809039297493086,37261600,before_trump
2012-03-09,18.85780143737793,18.927464804894655,18.7184760310627,18.76723998970894,29396700,before_trump
2012-03-12,18.802061080932617,18.86475794571961,18.74633068209057,18.809027546877562,24006900,before_trump
2012-03-13,19.1503849029541,19.15735137199009,18.892632192213103,18.892632192213103,33796800,before_trump
2012-03-14,19.129486083984375,19.43600408740122,19.045891110418605,19.12252094345235,46835700,before_trump
2012-03-15,19.331514358520508,19.40117773906968,19.10859260373793,19.15735657150681,34191900,before_trump
2012-03-16,19.317577362060547,19.4778021735908,19.296679282385064,19.380274258523375,54672100,before_trump
2012-03-19,19.32454490661621,19.436005766813704,19.18521949572848,19.268814476517466,26937200,before_trump
2012-03-20,19.331514358520508,19.436008764985033,19.19915406834893,19.261850977971335,22684900,before_trump
2012-03-21,19.352413177490234,19.42904169789643,19.296682740504625,19.359379648203237,22212900,before_trump
2012-03-22,19.436004638671875,19.4708369859107,19.233982339559436,19.317577315496244,23395100,before_trump
2012-03-23,19.422069549560547,19.498699376284094,19.28274416218451,19.463868361619593,24899500,before_trump
2012-03-26,19.638031005859375,19.68679497007775,19.477804843646815,19.51263719574449,32799700,before_trump
2012-03-27,19.638031005859375,19.700727910916818,19.554434689543328,19.67286202923868,24365100,before_trump
2012-03-28,19.366342544555664,19.679827046698346,19.366342544555664,19.596230736554205,35152000,before_trump
2012-03-29,19.617130279541016,19.631063219446073,19.275781224176807,19.331511655078756,39616000,before_trump
2012-03-30,19.589265823364258,19.81915401803844,19.51960245221972,19.77735519812074,43024400,before_trump
2012-04-02,19.77039337158203,19.819158672939455,19.498707621897946,19.533539980010396,28853500,before_trump
2012-04-03,19.582298278808594,19.763422502357976,19.470837422581006,19.72162368473397,34152500,before_trump
2012-04-04,19.456911087036133,19.52657447800164,19.22702282695303,19.415113583944297,30845100,before_trump
2012-04-05,19.554431915283203,19.57533132357673,19.366341226796003,19.415106512814233,22033800,before_trump
2012-04-09,19.338478088378906,19.436006010092896,19.22005075684694,19.31757867856093,22965500,before_trump
2012-04-10,19.122520446777344,19.40813903502521,19.094654570500424,19.296678187353756,36272100,before_trump
2012-04-11,19.40117073059082,19.5056650993078,19.24791108300246,19.282743425053447,26668200,before_trump
2012-04-12,19.840051651000977,19.86791753031649,19.45690511144048,19.484769662037735,37053200,before_trump
2012-04-13,19.56836700439453,19.777355795421585,19.56140053419785,19.749491243353198,34480900,before_trump
2012-04-16,19.791284561157227,19.88881246590211,19.603193891676625,19.68679018768513,37480000,before_trump
2012-04-17,19.83309555053711,20.0490522419865,19.791298038429048,19.819163932313725,61288000,before_trump
2012-04-18,19.470836639404297,19.582297491148587,19.129486286129474,19.213082589296775,72249100,before_trump
2012-04-19,19.289710998535156,19.568363107316557,19.115553264457024,19.415104779666304,43035900,before_trump
2012-04-20,19.22701644897461,19.48476918271108,19.206117040002102,19.310611427428192,38058500,before_trump
2012-04-23,19.122520446777344,19.20611541817188,18.97622725375974,19.038924146664698,37791200,before_trump
2012-04-24,19.02499771118164,19.22702139708573,18.976233739747848,19.05286359698299,35010600,before_trump
2012-04-25,19.408138275146484,19.442969290410797,19.052856338834633,19.10858676048837,40854600,before_trump
2012-04-26,19.6589298248291,19.71466026155469,19.33151367515608,19.366344699840166,46644900,before_trump
2012-04-27,19.77039337158203,19.87488911720077,19.57533748102673,19.58230395264922,33310200,before_trump
2012-04-30,19.784326553344727,19.88185582851678,19.70769802201072,19.79825949675768,28810500,before_trump
2012-05-01,20.16747283935547,20.237134893160864,19.763426815179045,19.83308886898444,43316200,before_trump
2012-05-02,20.327701568603516,20.3903984919689,20.007250479322813,20.07691387514199,40434700,before_trump
2012-05-03,20.040000915527344,20.538194920856064,19.94176604335679,20.53117795307963,41219000,before_trump
2012-05-04,19.57689666748047,19.91370317526828,19.534796188594516,19.87160269638233,34573600,before_trump
2012-05-07,19.47866439819336,19.63303373383215,19.401479061198827,19.527781853244324,37385900,before_trump
2012-05-08,19.205005645751953,19.36639192166457,18.952400108949583,19.282189629947105,53087400,before_trump
2012-05-09,19.078702926635742,19.190971756982364,18.769962974007516,19.00151760389118,40599300,before_trump
2012-05-10,19.113786697387695,19.26815600665208,18.91731557240117,19.183955051907887,36239000,before_trump
2012-05-11,19.387441635131836,19.61198063526631,19.085719988577768,19.127820465574843,34937400,before_trump
2012-05-14,18.959413528442383,19.22605161531795,18.86117731677263,19.190968114375035,39447300,before_trump
2012-05-15,18.861183166503906,19.12080570439175,18.819082684645135,18.98046898039559,35712100,before_trump
2012-05-16,18.594545364379883,18.9383688727796,18.58752839420639,18.882234449741894,44629300,before_trump
2012-05-17,18.37702751159668,18.70681713113927,18.37702751159668,18.573497353728257,31503200,before_trump
2012-05-18,18.292816162109375,18.643656522221484,18.278782226500947,18.412101938081484,43444900,before_trump
2012-05-21,18.348955154418945,18.37702303265428,18.019165615254355,18.28580376673954,41389400,before_trump
2012-05-22,18.26475715637207,18.440177408720956,18.089336904023185,18.433160438024963,46037700,before_trump
2012-05-23,17.85076332092285,17.89988077212617,17.48588891434082,17.87181289238132,61969600,before_trump
2012-05-24,17.998111724853516,18.089330975656075,17.75954015277742,17.941977316032663,37129200,before_trump
2012-05-25,18.061267852783203,18.138453187095383,17.94198203536903,18.04723391229913,19122200,before_trump
2012-05-29,18.306852340698242,18.468238604919133,18.14546607647735,18.27176883572846,35052800,before_trump
2012-05-30,18.334922790527344,18.37702461149748,18.103368128592447,18.173536491859128,33089800,before_trump
2012-05-31,18.13143539428711,18.29282168748169,18.033200492055656,18.089334913095083,42240200,before_trump
2012-06-01,17.640256881713867,18.04021476887825,17.626224281270428,17.822694070979214,40246400,before_trump
2012-06-04,17.570091247558594,17.79462893252992,17.429754525276426,17.738494511287087,39903700,before_trump
2012-06-05,17.843740463256836,17.941975333249843,17.542017547307196,17.570085417790757,29491300,before_trump
2012-06-06,18.292816162109375,18.32088403332623,17.8437409294378,17.89987533352175,33553600,before_trump
2012-06-07,18.20159912109375,18.54542252971746,18.166514280407764,18.503322059244102,29534200,before_trump
2012-06-08,18.531396865844727,18.580514326381277,18.138455843201886,18.159505418660164,26750500,before_trump
2012-06-11,18.236684799194336,18.685760106754184,18.215633892271224,18.629625693309205,28041300,before_trump
2012-06-12,18.608579635620117,18.622613576216644,18.278788723352903,18.327907515440753,29132000,before_trump
2012-06-13,18.622610092163086,18.854164715283915,18.482273389153498,18.56647434027926,30496500,before_trump
2012-06-14,18.93134880065918,18.987483214499125,18.538407903779557,18.650676731459452,38301200,before_trump
2012-06-15,19.183956146240234,19.25412450476312,18.86118223237501,18.959418469647098,51838900,before_trump
2012-06-18,19.24009132385254,19.37341107646661,19.09975460127455,19.14887339102197,30432300,before_trump
2012-06-19,19.303239822387695,19.387440772635966,19.120802645716477,19.359374235336535,30060200,before_trump
2012-06-20,19.39445686340332,19.471642179594408,19.21201969499252,19.28218804258897,28164900,before_trump
2012-06-21,18.741897583007812,19.359377570161428,18.67173055849735,19.303243147542936,47571100,before_trump
2012-06-22,18.903276443481445,18.917309038858956,18.71382235321441,18.86117464230016,100360700,before_trump
2012-06-25,18.278783798217773,18.69979253422305,18.159498011988774,18.66470903053506,41787800,before_trump
2012-06-26,18.25071907043457,18.440173221152406,18.061264919716734,18.355970930272253,34935400,before_trump
2012-06-27,18.3980712890625,18.482273579405007,18.28580246083916,18.320887306127705,23642100,before_trump
2012-06-28,18.12441062927246,18.264747290689,17.857772578600542,18.243696389971646,40166600,before_trump
2012-06-29,18.69979476928711,18.69979476928711,18.39105481420159,18.44017359892545,35082300,before_trump
2012-07-02,18.713829040527344,18.755929518403484,18.517357913188583,18.601560207290927,21739700,before_trump
2012-07-03,18.84714126586914,18.84714126586914,18.636636283735108,18.748905072200113,12515500,before_trump
2012-07-05,18.62963104248047,18.833119186115315,18.503329579726504,18.8120682731478,20324500,before_trump
2012-07-06,18.35596466064453,18.594536175243928,18.194578441459512,18.55243571335861,32515300,before_trump
2012-07-09,18.362991333007812,18.391057876315923,18.11038575148351,18.27878902638296,27910200,before_trump
2012-07-10,17.934961318969727,18.538407250238137,17.850760370353175,18.138449398434638,47231600,before_trump
2012-07-11,17.8156795501709,17.977067191777184,17.696393730731597,17.941982339971364,34809100,before_trump
2012-07-12,17.359586715698242,17.661309741346365,17.31748623301601,17.65429277117429,53147600,before_trump
2012-07-13,17.717445373535156,17.815680285948005,17.373621841739876,17.401688385993417,35972100,before_trump
2012-07-16,17.63323974609375,17.75954251734453,17.542021821495997,17.703408101049746,36984500,before_trump
2012-07-17,17.80866050720215,18.005131639398307,17.436770489793474,17.773576997829664,63631500,before_trump
2012-07-18,18.391056060791016,18.538409748250512,17.57710630995323,17.682359517431497,67503500,before_trump
2012-07-19,18.28580665588379,18.489294790190645,18.11740337491448,18.489294790190645,36555800,before_trump
2012-07-20,17.90689468383789,18.243701153153665,17.89286074636225,18.152483236261872,48844000,before_trump
2012-07-23,17.724458694458008,17.794627048168618,17.401684802729225,17.57710501783073,36378200,before_trump
2012-07-24,17.549041748046875,17.696394113770022,17.394672411810678,17.67534454058116,33637600,before_trump
2012-07-25,17.63323974609375,17.91391316591773,17.542021821495997,17.556055760157204,34407600,before_trump
2012-07-26,17.892864227294922,18.131435857393537,17.78059538234854,17.95601561987104,37808200,before_trump
2012-07-27,18.257736206054688,18.29281971353722,17.871810931996716,18.019164607793403,33344000,before_trump
2012-07-30,18.075302124023438,18.3840421285715,18.019167699410175,18.229671457122343,25878100,before_trump
2012-07-31,18.033201217651367,18.271772851255797,18.033201217651367,18.075301700537377,26616900,before_trump
2012-08-01,18.19458770751953,18.243705161124986,18.012150495306255,18.124419343075928,29207700,before_trump
2012-08-02,18.18055534362793,18.426143971303542,18.019169028256943,18.06126951523408,34309900,before_trump
2012-08-03,18.566312789916992,18.651252673833966,18.389355935990814,18.580469662248763,30692600,before_trump
2012-08-06,18.622947692871094,18.79990463007075,18.54508755855376,18.559243087473273,24613200,before_trump
2012-08-07,18.757434844970703,18.856530295146786,18.651260955485718,18.729121087735106,27077800,before_trump
2012-08-08,18.82821273803711,18.92730816110832,18.615863667075235,18.743272839637584,27034400,before_trump
2012-08-09,18.898998260498047,19.03348453814094,18.80697991255916,18.856527630645918,26465300,before_trump
2012-08-10,19.02640151977539,19.04055839298491,18.77866298897751,18.89899371111094,24930300,before_trump
2012-08-13,18.89192008972168,18.991015527298504,18.69372786449395,18.94146780851009,23619700,before_trump
2012-08-14,18.743276596069336,18.97685967588921,18.6724935582294,18.9697812370978,27470400,before_trump
2012-08-15,18.594629287719727,18.736193981776687,18.53800314008217,18.56631553886402,26081000,before_trump
2012-08-16,18.821134567260742,18.86360384202513,18.64417768065624,18.714960705312823,25699700,before_trump
2012-08-17,18.63710594177246,18.84945374199081,18.552166011640487,18.80698445196202,30376900,before_trump
2012-08-20,18.56631088256836,18.637093886881903,18.47429392201221,18.559232447129652,25600800,before_trump
2012-08-21,18.481380462646484,18.644180498913773,18.396440550204275,18.637102060370744,31661300,before_trump
2012-08-22,18.212400436401367,18.410592613563455,18.162852729629282,18.32565272333006,33619400,before_trump
2012-08-23,17.724000930786133,18.113305508788283,17.646139475156186,18.106227071906126,51397600,before_trump
2012-08-24,17.631982803344727,17.745235094608837,17.483339677338257,17.731078220682374,45187500,before_trump
2012-08-27,17.582433700561523,17.653216714507646,17.518729123017383,17.59659057336549,34424700,before_trump
2012-08-28,17.695688247680664,17.7027666849886,17.46918365412217,17.547045114435605,33119500,before_trump
2012-08-29,17.462108612060547,17.667377933606783,17.37009160931378,17.646143967628216,60462600,before_trump
2012-08-30,17.178977966308594,17.44087344956034,17.0940380514241,17.39132572840861,37182200,before_trump
2012-08-31,17.57535743713379,17.695688170697487,17.327617532729253,17.341774407283538,43447800,before_trump
2012-09-04,17.285158157348633,17.738167601907108,17.17898423753957,17.71693362799008,40688000,before_trump
2012-09-05,17.2639217376709,17.539975531743774,17.12235697026836,17.27100017855221,38595800,before_trump
2012-09-06,17.76647186279297,17.76647186279297,17.313461310504536,17.32053974804838,40187600,before_trump
2012-09-07,17.122350692749023,17.483342944898936,16.994941503746222,17.07988006303205,86282100,before_trump
2012-09-10,16.46407127380371,17.41256043124236,16.40036667740305,16.952472729517424,80584600,before_trump
2012-09-11,16.52069664001465,16.740122822616144,16.421601205950882,16.492382887382696,54237700,before_trump
2012-09-12,16.41452980041504,16.690582256478,16.32251141501098,16.556094574004547,44862700,before_trump
2012-09-13,16.534854888916016,16.570245732569774,16.159705735845108,16.28711493311727,52998300,before_trump
2012-09-14,16.541929244995117,16.662259973823215,16.44283247708892,16.59855539090988,47983700,before_trump
2012-09-17,16.499454498291016,16.591472806194904,16.393280670002547,16.485298977906435,36169000,before_trump
2012-09-18,16.541929244995117,16.64810309982607,16.379127894175586,16.499458623003687,41948200,before_trump
2012-09-19,16.386207580566406,16.641025931648773,16.379129143028127,16.633947494110494,39459800,before_trump
2012-09-20,16.407442092895508,16.407442092895508,16.27295448637578,16.343737508232156,33083000,before_trump
2012-09-21,16.372051239013672,16.47114801770497,16.287112685934225,16.435755828860234,56246600,before_trump
2012-09-24,16.13846778869629,16.244643002497046,15.940276936425914,16.230486127313753,48846500,before_trump
2012-09-25,15.954431533813477,16.25879620635689,15.933196224070281,16.244640683268493,49535100,before_trump
2012-09-26,16.03230094909668,16.103084005950926,15.911970157466813,15.975674773628183,49734700,before_trump
2012-09-27,16.343740463256836,16.379131305546927,16.032295920822474,16.110157393949585,43872200,before_trump
2012-09-28,16.03937530517578,16.3225061104157,15.98982758301807,16.3225061104157,47920800,before_trump
2012-10-01,16.11015510559082,16.400364291384054,16.05352895592565,16.103076668123435,55261300,before_trump
2012-10-02,16.166784286499023,16.280036607063973,16.03937508834492,16.202175130397762,36381100,before_trump
2012-10-03,15.961511611938477,16.258799253694278,15.91904233456593,16.18093913685694,49772700,before_trump
2012-10-04,15.904879570007324,16.011054749238568,15.763314914488143,15.98274100809064,52980100,before_trump
2012-10-05,16.05353546142578,16.209257098590825,15.98275240814187,16.03937858075411,38344600,before_trump
2012-10-08,15.93319320678711,16.011054644360406,15.855331769213814,16.011054644360406,29698200,before_trump
2012-10-09,15.501424789428711,15.706695449666936,15.46603394804408,15.685460134791722,66317400,before_trump
2012-10-10,15.402332305908203,15.572210807251116,15.359863018091055,15.501427760839656,47188900,before_trump
2012-10-11,15.34570598602295,15.487270727362231,15.2324536529218,15.480193637858426,36817700,before_trump
2012-10-12,15.204139709472656,15.466036570376454,15.147513543611604,15.274922754317544,46274000,before_trump
2012-10-15,15.381093978881836,15.501424729225935,15.218293949026304,15.239529263819046,49513800,before_trump
2012-10-16,15.819947242736816,15.904885799300587,15.536816470734223,15.565128872897475,80707000,before_trump
2012-10-17,15.423564910888672,15.558051190324186,15.055494214375086,15.055494214375086,99053800,before_trump
2012-10-18,15.338624954223633,15.473112583330757,15.289077235624712,15.44479882980333,42921800,before_trump
2012-10-19,15.055492401123047,15.352780027875616,15.02010021337041,15.338623152774561,55622300,before_trump
2012-10-22,15.189977645874023,15.267839103635302,15.076725352806978,15.147508373492338,36500300,before_trump
2012-10-23,15.281994819641113,15.409403977204292,15.076724210217387,15.090881083296347,47194400,before_trump
2012-10-24,15.189977645874023,15.388169833778264,15.154586810568256,15.381091396702345,33237800,before_trump
2012-10-25,15.352782249450684,15.395251530825313,15.225373055252685,15.274920775202103,79226400,before_trump
2012-10-26,15.536820411682129,15.586368140591219,15.289080417062321,15.409411194444836,92415400,before_trump
2012-10-31,15.310315132141113,15.635916630945415,15.282002721417587,15.579290459423941,40612800,before_trump
2012-11-01,15.756246566772461,15.862420463905593,15.374018917003964,15.40233267627912,50359300,before_trump
2012-11-02,15.614678382873535,15.954436698378194,15.58636597745808,15.848261465366267,51737600,before_trump
2012-11-05,15.618253707885742,15.811336840721648,15.53243852751889,15.746975796443012,48797400,before_trump
2012-11-06,15.539584159851074,15.732667221287029,15.468071763320848,15.539584159851072,49860500,before_trump
2012-11-07,14.953185081481934,15.410862240510367,14.946033705373925,15.403712228387883,70960100,before_trump
2012-11-08,14.895976066589355,15.11051190296078,14.888824690178899,14.946034337476982,38090000,before_trump
2012-11-09,14.874529838562012,15.117671309729628,14.874529838562012,14.881681218771213,35017900,before_trump
2012-11-12,14.853069305419922,14.953185848093732,14.767254151709803,14.931731718669804,27267000,before_trump
2012-11-13,14.502663612365723,14.888828489163975,14.431151193999844,14.710048125242245,56379200,before_trump
2012-11-14,14.273821830749512,14.659988023646537,14.266671817386909,14.602778368845396,58961300,before_trump
2012-11-15,14.323882102966309,14.5098138302543,14.288125214649874,14.309579347639735,45733800,before_trump
2012-11-16,14.438302993774414,14.488361278896248,14.137951919057448,14.352487816432722,50855500,before_trump
2012-11-19,14.481213569641113,14.62423844678765,14.109349980249169,14.295281774945142,69433800,before_trump
2012-11-20,13.952020645141602,14.216614836621652,13.837601314125468,14.216614836621652,85743300,before_trump
2012-11-21,13.844755172729492,13.980627300157742,13.75178859713515,13.959174524240789,95636000,before_trump
2012-11-23,14.10219669342041,14.188011880903652,13.952021820307403,13.966324578885631,51711900,before_trump
2012-11-26,14.22376823425293,14.245222373358446,14.030686438248127,14.080744732174788,67047900,before_trump
2012-11-27,14.252366065979004,14.438297745985045,14.245214690134294,14.266668817668425,44893200,before_trump
2012-11-28,14.366790771484375,14.381093528569599,14.044985556996775,14.22376592860411,43226300,before_trump
2012-11-29,13.96632194519043,14.331034036242997,13.916262299606613,14.180857827463292,64926300,before_trump
2012-11-30,13.994928359985352,14.137953213992903,13.887660401472736,14.03783527059318,51427800,before_trump
2012-12-03,13.973470687866211,14.245216178428926,13.944865181498757,14.216610672061472,50637000,before_trump
2012-12-04,14.280976295471191,14.338185962640367,14.02353347520293,14.037834869005682,57942400,before_trump
2012-12-05,14.195159912109375,14.316730603378282,14.116496122468961,14.25952094654502,45847000,before_trump
2012-12-06,14.416849136352539,14.509815693930296,14.280975671269813,14.295278428433468,46291200,before_trump
2012-12-07,14.416849136352539,14.55987398001709,14.323883942760778,14.538419844271608,41701200,before_trump
2012-12-10,14.359639167785645,14.424000209673997,14.288126747466812,14.409697452813036,27273200,before_trump
2012-12-11,14.767255783081055,14.83161681447735,14.40969510376197,14.416846481026642,51036500,before_trump
2012-12-12,14.781563758850098,15.01040245620848,14.68859854954309,14.917437246901473,48354700,before_trump
2012-12-13,14.652840614318848,14.960343103641979,14.617085081880122,14.75295719633619,41607600,before_trump
2012-12-14,14.681442260742188,14.831617094175074,14.55272019552213,14.674290883342655,34149500,before_trump
2012-12-17,14.710050582885742,14.795865772059333,14.559875706814658,14.695747824025784,34959900,before_trump
2012-12-18,14.988946914672852,15.010401052038075,14.710049948855435,14.78871375520849,41601200,before_trump
2012-12-19,15.089066505432129,15.239241391422679,14.917437479734536,15.067612365725086,52804600,before_trump
2012-12-20,15.03900146484375,15.189176283478236,14.931732178406959,15.16772215339375,34005500,before_trump
2012-12-21,14.853069305419922,14.910278953231469,14.645683479612066,14.774405528184447,61993100,before_trump
2012-12-24,14.76010513305664,14.824466167624045,14.667139952006949,14.767256510673665,14193100,before_trump
2012-12-26,14.767255783081055,14.967490254534612,14.760104405816385,14.83161681447735,22488700,before_trump
2012-12-27,14.667137145996094,14.845917460261303,14.524112348989705,14.803010566753608,31704300,before_trump
2012-12-28,14.466898918151855,14.652830560022473,14.452596169395992,14.55271404670183,25906900,before_trump
2012-12-31,14.745804786682129,14.774408935191277,14.416848212918524,14.481209252046492,41139500,before_trump
2013-01-02,15.28929328918457,15.28929328918457,15.053303307098458,15.124815712212424,47623000,before_trump
2013-01-03,15.24638557434082,15.360804870794794,15.117663524833699,15.303595222567807,41054100,before_trump
2013-01-04,15.131964683532715,15.2964422343572,15.053300914014283,15.274989471023417,30142500,before_trump
2013-01-07,15.196329116821289,15.339353936456266,15.146270839144776,15.217783248962265,36352100,before_trump
2013-01-08,15.081913948059082,15.4180205933115,15.031855656637035,15.182030530903177,48672000,before_trump
2013-01-09,15.339359283447266,15.353660679207326,15.160578878577185,15.174880274337248,34290000,before_trump
2013-01-10,15.589644432067871,15.603947186009448,15.396562709799344,15.453772361579961,44621600,before_trump
2013-01-11,15.732674598693848,15.782732890542817,15.568196964336908,15.589649738565807,44944700,before_trump
2013-01-14,15.732674598693848,15.825639802986768,15.553894205526873,15.718371839883813,35724500,before_trump
2013-01-15,15.646856307983398,15.825636665708915,15.5753452560819,15.696915953894687,33990300,before_trump
2013-01-16,15.811338424682617,15.875699475408865,15.625406651916363,15.668313564405143,36763700,before_trump
2013-01-17,16.218952178955078,16.490697687490634,15.811333234158889,15.818484611223735,101020600,before_trump
2013-01-18,15.196329116821289,15.332202559075942,15.039002906411428,15.274992904019104,143760400,before_trump
2013-01-22,15.139121055603027,15.224936229215743,15.039004489709784,15.217784851082524,51127400,before_trump
2013-01-23,15.09621524810791,15.174877685319334,15.046156961522636,15.160576291999263,42432300,before_trump
2013-01-24,14.981791496276855,15.146269064798924,14.967488743191733,15.089059416444048,58396800,before_trump
2013-01-25,14.988946914672852,15.067610721025908,14.931737245685019,15.046157947646783,107632800,before_trump
2013-01-28,15.053300857543945,15.081906360528961,15.01039396705188,15.024696718544387,105398300,before_trump
2013-01-29,15.21778392791748,15.232085319330434,15.024700821991413,15.08191047960071,105703100,before_trump
2013-01-30,15.282146453857422,15.34650613145797,15.174877141889263,15.224936790667853,34151300,before_trump
2013-01-31,15.046156883239746,15.246390028539055,15.03185412600808,15.232087271307389,36534100,before_trump
2013-02-01,15.274991989135742,15.274991989135742,15.081908903388808,15.15342130892312,31867100,before_trump
2013-02-04,15.131964683532715,15.289290858584119,15.124813307759634,15.232081216384929,38345600,before_trump
2013-02-05,15.309054374694824,15.41747516238019,15.222316917359464,15.280141429368,30076500,before_trump
2013-02-06,15.171722412109375,15.323512635497764,15.11389789335315,15.294599686797014,32361000,before_trump
2013-02-07,15.041616439819336,15.157265473791746,14.962108590616577,15.157265473791746,41015200,before_trump
2013-02-08,15.178955078125,15.244007853037191,15.092217585360189,15.106674063928603,28150100,before_trump
2013-02-11,15.200639724731445,15.22232306383676,15.121130471623504,15.17895500698046,18897200,before_trump
2013-02-12,15.3162841796875,15.359652223474285,15.171722195537875,15.200635143825902,28391400,before_trump
2013-02-13,15.359650611877441,15.395790414800285,15.287369627386642,15.337965902936668,21267200,before_trump
2013-02-14,15.345197677612305,15.38133886751385,15.222320389237904,15.27291667645464,35262200,before_trump
2013-02-15,15.26568603515625,15.395790150633175,15.171720343336979,15.345193875951301,33809100,before_trump
2013-02-19,15.243999481201172,15.33073554768582,15.222314775257551,15.309052220387116,31061600,before_trump
2013-02-20,14.983790397644043,15.251229623136064,14.962107067634618,15.24400138691789,46119800,before_trump
2013-02-21,14.636848449707031,15.005480353877862,14.542884103300619,14.998252115131896,60754500,before_trump
2013-02-22,14.759721755981445,14.810318034862389,14.528423693299867,14.68744076673215,34534800,before_trump
2013-02-25,14.622387886047363,14.925966935316122,14.622387886047363,14.868142420152797,41525600,before_trump
2013-02-26,14.87537670135498,15.070535036323994,14.752499384372166,14.810323923031977,67247100,before_trump
2013-02-27,15.128353118896484,15.207862342614987,14.824774075824658,14.889826826386132,46966600,before_trump
2013-02-28,15.092220306396484,15.236782360852946,15.048852241517917,15.113905028158731,34808000,before_trump
2013-03-01,15.200639724731445,15.316288795445358,14.933200387051981,15.027166118660578,45695700,before_trump
2013-03-04,15.374114036560059,15.388570515724348,15.150042745450767,15.294604779802198,47545800,before_trump
2013-03-05,15.547588348388672,15.60541288899533,15.395798067642566,15.424711027268796,38796400,before_trump
2013-03-06,15.72105598449707,15.749968933114841,15.547582428726258,15.562038903035145,37188900,before_trump
2013-03-07,15.82225227355957,15.894533283481135,15.721059686856739,15.757199502494723,42380000,before_trump
2013-03-08,15.59817886352539,15.930670882672503,15.518669632690047,15.865618126288183,44990500,before_trump
2013-03-11,15.677690505981445,15.713830319022927,15.381339627375718,15.562041449874114,42148200,before_trump
2013-03-12,15.64155387878418,15.706606664158828,15.504221446234059,15.656010359677635,28617300,before_trump
2013-03-13,15.65600299835205,15.684915946544328,15.511441014681175,15.583722006516613,24617400,before_trump
2013-03-14,15.64877700805664,15.793339012482818,15.547584432145587,15.713829772183876,28836500,before_trump
2013-03-15,15.453617095947266,15.684916554515233,15.374109242627165,15.619863797206321,52949600,before_trump
2013-03-18,15.366878509521484,15.533123805134876,15.316282235086547,15.352422037212907,35154400,before_trump
2013-03-19,15.280145645141602,15.439164131021917,15.186181304195001,15.366883126407727,42546000,before_trump
2013-03-20,15.309054374694824,15.439159871375308,15.258458099017995,15.403018689716777,29919000,before_trump
2013-03-21,15.207863807678223,15.280143423136172,15.106669864475563,15.18617909585366,32607200,before_trump
2013-03-22,15.417476654052734,15.424704891083787,15.236774864212151,15.287371144784274,30803200,before_trump
2013-03-25,15.287369728088379,15.482527973905556,15.236773452205062,15.460843264821941,32740700,before_trump
2013-03-26,15.735512733459473,15.735512733459473,15.359652666739677,15.381337378581499,39548500,before_trump
2013-03-27,15.778886795043945,15.887307638303716,15.54758862845088,15.627097890209429,45370900,before_trump
2013-03-28,15.786111831665039,15.836708123009231,15.612638241922577,15.793340070235,33336700,before_trump
2013-04-01,15.489755630493164,15.684913869005669,15.410246412141015,15.663229160733701,33718100,before_trump
2013-04-02,15.511445999145508,15.598183492949401,15.410253405245712,15.554815435370301,28166700,before_trump
2013-04-03,15.215088844299316,15.5403525894909,15.186177277307358,15.504212786089669,36620800,before_trump
2013-04-04,15.280145645141602,15.316286836771443,15.150040112565158,15.21509287885338,28702500,before_trump
2013-04-05,15.135580062866211,15.157263392104795,14.998246336893322,15.135580062866211,36721600,before_trump
2013-04-08,15.243999481201172,15.243999481201172,15.034384793014258,15.099437532200202,34213000,before_trump
2013-04-09,15.72105598449707,15.822248547368725,15.222318650002695,15.258459835774907,61518700,before_trump
2013-04-10,16.089683532714844,16.20533253916918,15.692138866713767,15.699367101947777,67102900,before_trump
2013-04-11,15.778886795043945,15.836711336692211,15.533132148377359,15.706605773322156,59295600,before_trump
2013-04-12,15.670458793640137,15.757194877169255,15.518668579496392,15.713826835404696,34028000,before_trump
2013-04-15,15.453617095947266,15.692143413198174,15.439161999936077,15.540354565240916,38459200,before_trump
2013-04-16,15.843938827514648,15.851167067209605,15.482535114641271,15.518674934470306,64767000,before_trump
2013-04-17,15.851163864135742,16.00295273112034,15.590952802281597,15.749971286146009,79461200,before_trump
2013-04-18,16.075233459472656,16.190882511950157,15.829478878296603,15.93789969266358,76237300,before_trump
2013-04-19,16.21979522705078,16.227023465055538,16.05354851023226,16.096917938260795,49101000,before_trump
2013-04-22,16.537830352783203,16.58119978323853,16.154743367613044,16.2487077096419,52817000,before_trump
2013-04-23,16.89923858642578,16.949836269018352,16.57397604163455,16.610115864840502,62494100,before_trump
2013-04-24,17.101621627807617,17.195587354454094,16.805270727422144,16.826955444028005,54282000,before_trump
2013-04-25,16.89923858642578,17.25341547134437,16.85587052284946,17.09439694048805,109178000,before_trump
2013-04-26,16.9136905670166,17.02933962488049,16.72576050332641,16.848637799637476,101377300,before_trump
2013-04-29,17.17390251159668,17.22449880465948,16.91369142882162,16.942604384083555,102141600,before_trump
2013-04-30,17.31123161315918,17.34737141882364,17.087160406374817,17.14498492262509,41468900,before_trump
2013-05-01,17.340150833129883,17.47025639676207,17.21004526949769,17.217273509549017,38373800,before_trump
2013-05-02,17.426881790161133,17.455793360862412,17.10884624057522,17.152214285949793,33486300,before_trump
2013-05-03,17.481605529785156,17.671305930980566,17.474310591568038,17.671305930980566,30085800,before_trump
2013-05-06,17.44512367248535,17.664007981375843,17.401347089033756,17.63482405628561,31009100,before_trump
2013-05-07,17.620227813720703,17.69318969905355,17.467009106990712,17.488896698448016,38605600,before_trump
2013-05-08,17.69318962097168,17.722374931628906,17.481600293603403,17.53997091491786,24900600,before_trump
2013-05-09,17.773454666137695,17.92667343109204,17.5837542488375,17.65671616189646,31333900,before_trump
2013-05-10,17.87559700012207,17.90478231626912,17.766154847835573,17.81722775946044,22554800,before_trump
2013-05-13,17.569162368774414,17.868304973142305,17.53268210643991,17.80993571842742,28535200,before_trump
2013-05-14,17.3940486907959,17.63482195858797,17.35027211255161,17.569156395405376,36694400,before_trump
2013-05-15,17.656707763671875,17.656707763671875,17.372156577248944,17.430525801606866,33568900,before_trump
2013-05-16,17.467010498046875,17.80263324902156,17.459714169769295,17.554563654113174,29812900,before_trump
2013-05-17,17.53997230529785,17.671302038769156,17.43782510153263,17.59834153960698,36277400,before_trump
2013-05-20,17.569162368774414,17.693197208997645,17.510793114059528,17.569162368774414,31324400,before_trump
2013-05-21,17.620227813720703,17.69318969905355,17.510785681537538,17.583747566870386,37917900,before_trump
2013-05-22,17.56186294555664,17.897487144792617,17.467013445209062,17.605639530976095,49686400,before_trump
2013-05-23,17.547269821166992,17.59834412637313,17.394051080446147,17.423235006074272,38132900,before_trump
2013-05-24,17.45241355895996,17.539968085174163,17.20434402492371,17.45241355895996,30861700,before_trump
2013-05-28,17.569162368774414,17.80263938763396,17.510793114059528,17.6275316234893,31153700,before_trump
2013-05-29,17.707782745361328,17.78803956853021,17.4305278533023,17.48160075667311,31653900,before_trump
2013-05-30,17.66400718688965,17.87559654871515,17.66400718688965,17.715081488857223,26299900,before_trump
2013-05-31,17.715085983276367,18.0288198537358,17.60564241435468,17.67860432975821,47793200,before_trump
2013-06-03,18.415510177612305,18.568730282099743,18.11636768825789,18.152847936566566,76493500,before_trump
2013-06-04,18.50306510925293,18.95542632093399,18.49576878111197,18.648987497175213,68515500,before_trump
2013-06-05,18.021522521972656,18.44469990516911,17.985040873298118,18.320665082940877,53335200,before_trump
2013-06-06,17.985034942626953,18.196624260268656,17.707781462289425,18.057996824283823,40020000,before_trump
2013-06-07,17.941261291503906,18.02151951355742,17.671302702908147,17.802633832947578,35539400,before_trump
2013-06-10,18.24770736694336,18.30607662659175,17.977748671298983,18.02882159953721,29780800,before_trump
2013-06-11,18.0288143157959,18.298772902375504,17.970445079729004,18.116368865712417,27077800,before_trump
2013-06-12,17.846410751342773,18.240404148943504,17.809930499697845,18.211218834321645,24535200,before_trump
2013-06-13,18.23310661315918,18.247699269503997,17.80263299241317,17.846409569815318,27707000,before_trump
2013-06-14,18.182037353515625,18.342552430598804,18.123668108064233,18.25499925823801,24762700,before_trump
2013-06-17,18.313371658325195,18.49577575573554,18.174744154636144,18.32066798921755,42643200,before_trump
2013-06-18,18.583324432373047,18.71465557329121,18.291478225684063,18.291478225684063,36674300,before_trump
2013-06-19,18.240402221679688,18.736541384770536,18.240402221679688,18.59791393822874,28843900,before_trump
2013-06-20,17.649412155151367,18.057996742289607,17.58374660112156,18.043404087698065,63565700,before_trump
2013-06-21,17.656707763671875,17.766149885388966,17.576449558317705,17.736964577393966,67754000,before_trump
2013-06-24,17.204349517822266,17.671303429032204,17.08031471120307,17.569157608863136,49145200,before_trump
2013-06-25,17.423236846923828,17.46701482744016,17.197056180786795,17.38675658812622,34571300,before_trump
2013-06-26,17.518085479736328,17.685896875104394,17.430530921665063,17.656712950168966,33645000,before_trump
2013-06-27,17.547269821166992,17.7661555257243,17.518085895538864,17.583751467742804,25564500,before_trump
2013-06-28,17.678600311279297,17.809931450826536,17.31379220881807,17.45971600645555,80413900,before_trump
2013-07-01,17.430526733398438,17.817223735211545,17.394046488086627,17.76615083512215,29698200,before_trump
2013-07-02,17.306495666503906,17.5399740181732,17.175165920207526,17.41593920919957,28290100,before_trump
2013-07-03,17.335678100585938,17.437823905714072,17.109497507102684,17.291901525764196,18167200,before_trump
2013-07-05,17.5545654296875,17.569158087718648,17.277311885258033,17.474308593781124,17830400,before_trump
2013-07-08,16.919795989990234,17.44511902639982,16.803057537454773,17.408638781844534,68826600,before_trump
2013-07-09,16.88332176208496,17.087614839480445,16.861434162400517,17.000060265844454,34739800,before_trump
2013-07-10,16.963577270507812,17.000057525189234,16.51851092690542,16.883319040249674,50037500,before_trump
2013-07-11,17.503494262695312,17.510790592438074,17.12409346586733,17.18975904191958,41313800,before_trump
2013-07-12,17.437828063964844,17.5107899671545,17.255424001806986,17.47430971137595,34561900,before_trump
2013-07-15,17.467010498046875,17.488898091247286,17.335679372315102,17.39404860690341,25650100,before_trump
2013-07-16,17.69318962097168,17.729669867661006,17.43782371924977,17.510785604260633,34496100,before_trump
2013-07-17,17.620227813720703,17.824520814326238,17.53997099232356,17.729669945903872,44084200,before_trump
2013-07-18,16.956279754638672,17.22623835193993,16.897910516253592,17.124091141041728,77863900,before_trump
2013-07-19,16.810361862182617,16.89061871671268,16.642549039148218,16.86143478551069,45866700,before_trump
2013-07-22,16.613365173339844,16.86873118261817,16.584179850390186,16.832249528931097,35890900,before_trump
2013-07-23,16.598773956298828,16.77388173433636,16.51851570283595,16.671735878389363,28521400,before_trump
2013-07-24,16.730100631713867,16.781173545931583,16.511214924396107,16.730100631713867,33432700,before_trump
2013-07-25,16.824951171875,16.824951171875,16.649843430164594,16.671732419740632,114558100,before_trump
2013-07-26,16.97087287902832,16.97087287902832,16.708210603253157,16.73739591906482,110474500,before_trump
2013-07-29,16.956279754638672,17.00005633551938,16.832244949116323,16.90520684500578,85543100,before_trump
2013-07-30,17.058420181274414,17.14597470698988,16.985459700082167,17.00005096134143,28855200,before_trump
2013-07-31,17.02924156188965,17.11679472319534,16.970872323808386,17.051130548032276,27679200,before_trump
2013-08-01,16.92709732055664,17.138685306456516,16.795766174727216,17.080316062935943,37832700,before_trump
2013-08-02,16.941686630249023,16.941686630249023,16.781171577021688,16.91250270767695,36242100,before_trump
2013-08-05,16.886428833007812,16.960104632280988,16.834856195091287,16.945369191376553,20869000,before_trump
2013-08-06,16.798019409179688,16.893798380165975,16.731711323188915,16.856959773921577,28843300,before_trump
2013-08-07,16.724349975585938,16.79065808127523,16.613835529270744,16.731716293774028,23350900,before_trump
2013-08-08,16.54015350341797,16.783282644118263,16.5106826232124,16.761179483964085,34792500,before_trump
2013-08-09,16.58435821533203,16.61382768992771,16.437006626606955,16.51068242096949,25145400,before_trump
2013-08-12,16.680137634277344,16.724343959000013,16.54015515506939,16.56225691218167,23520400,before_trump
2013-08-13,16.591732025146484,16.724348222624915,16.495953035745657,16.71698049995951,26099200,before_trump
2013-08-14,16.628559112548828,16.753807511131658,16.46647352830869,16.503310713966,23202500,before_trump
2013-08-15,16.230722427368164,16.510688868984044,16.186516090337147,16.4149112825824,40451200,before_trump
2013-08-16,16.14230728149414,16.34859925567665,16.127571839356296,16.252820287029767,30079000,before_trump
2013-08-19,16.4149112701416,16.724348602876972,16.245456455483357,16.267559623982113,43412200,before_trump
2013-08-20,16.591732025146484,16.709612777294108,16.42964493700644,16.437012659671844,32084300,before_trump
2013-08-21,16.3338623046875,16.63593181436392,16.25281878566491,16.6064623380596,32403300,before_trump
2013-08-22,16.400175094604492,16.495952676671074,16.333866997308633,16.400175094604492,17380600,before_trump
2013-08-23,16.532793045043945,16.628570637282486,16.45174949413089,16.4591172174184,23088700,before_trump
2013-08-26,16.407543182373047,16.59173203335097,16.378072291696864,16.503320766571825,22267800,before_trump
2013-08-27,16.348600387573242,16.37070214706112,16.20861648807013,16.297027741769256,37638500,before_trump
2013-08-28,16.422271728515625,16.510681552903318,16.304389620584,16.355963657600444,28090000,before_trump
2013-08-29,16.252819061279297,16.52541909927413,16.24545134076603,16.38543522002008,28303500,before_trump
2013-08-30,16.193878173828125,16.392802405446098,16.134937816894908,16.385434685173326,33896300,before_trump
2013-09-03,16.260189056396484,16.385437512144748,16.18651324620647,16.363334347512986,26427300,before_trump
2013-09-04,16.680137634277344,16.783284320047848,16.414906712186607,16.48858110955961,37941800,before_trump
2013-09-05,16.65067481994629,16.74645241801064,16.56963126410364,16.709615204581958,22552800,before_trump
2013-09-06,16.70224380493164,16.812756826145044,16.503319523597927,16.71697924915991,27606600,before_trump
2013-09-09,16.879060745239258,16.96747198349289,16.7243428348566,16.739076870191408,27770600,before_trump
2013-09-10,16.930641174316406,17.041154219060065,16.893803961151722,16.996949282212523,31705400,before_trump
2013-09-11,16.805391311645508,16.93063979354026,16.731715486075156,16.87906713721586,45815300,before_trump
2013-09-12,16.67277717590332,16.82749656932801,16.65067540916384,16.783291630599383,29517900,before_trump
2013-09-13,17.269540786743164,17.284274821478636,16.974839013300222,16.98220532804351,61134800,before_trump
2013-09-16,17.23270606994629,17.468467541826396,17.203236588585884,17.409527173856368,30088500,before_trump
2013-09-17,17.490571975708008,17.60108499801327,17.43899932564884,17.453734770022695,37540700,before_trump
2013-09-18,17.60845947265625,17.623194922680824,17.35796244323793,17.571622252844673,31975400,before_trump
2013-09-19,17.615819931030273,17.748436116046697,17.56424728246817,17.652657135646265,28261400,before_trump
2013-09-20,17.512672424316406,17.652654908394886,17.36532081394536,17.637920871557064,47069000,before_trump
2013-09-23,17.40215492248535,17.57160824695133,17.39478720334569,17.461095270353898,22437100,before_trump
2013-09-24,17.461101531982422,17.571614548210313,17.372690275850562,17.372690275850562,24410100,before_trump
2013-09-25,17.461101531982422,17.54214366108328,17.372690275850562,17.520041900987245,19879900,before_trump
2013-09-26,17.2474422454834,17.534776375879765,17.092724299962057,17.49793917130305,32003300,before_trump
2013-09-27,16.930641174316406,17.232710819065552,16.856965342737432,17.100094603273323,28924100,before_trump
2013-09-30,16.886428833007812,17.070617628566254,16.650667399532846,16.739077234461465,32489600,before_trump
2013-10-01,16.82012176513672,16.974841093434474,16.72434420399931,16.901165289733118,25888800,before_trump
2013-10-02,16.864330291748047,16.8716980142187,16.702244613141794,16.731714097775033,23205400,before_trump
2013-10-03,16.65067481994629,16.82749597385329,16.576998987839303,16.812760526381968,34888500,before_trump
2013-10-04,16.805391311645508,16.834862203973447,16.650673342672313,16.650673342672313,22550000,before_trump
2013-10-07,16.82012176513672,16.9453702098543,16.628565237612825,16.73171051964528,21321300,before_trump
2013-10-08,16.562259674072266,16.85696152845536,16.562259674072266,16.84959521168891,36111200,before_trump
2013-10-09,16.643299102783203,16.915897723831154,16.562255585864058,16.584358746455354,40435400,before_trump
2013-10-10,17.019044876098633,17.107454710432183,16.886428719349325,16.938001356918726,39189400,before_trump
2013-10-11,17.136926651000977,17.136926651000977,16.812753959498423,16.82012168035633,24550600,before_trump
2013-10-14,17.27691078186035,17.30638026046091,16.967473527684525,17.011678448209903,27176700,before_trump
2013-10-15,17.23270606994629,17.380057692495964,17.18113342362867,17.240073791598697,42957700,before_trump
2013-10-16,17.461101531982422,17.49057101386021,17.107457912704234,17.136928799831267,47723400,before_trump
2013-10-17,17.623188018798828,17.637923463050793,17.30638299362812,17.372691087512653,28694900,before_trump
2013-10-18,17.593713760375977,17.66738956227455,17.446363561827866,17.57897972419549,29579100,before_trump
2013-10-21,17.785268783569336,17.807371943849894,17.54950736157239,17.637918597445704,35297600,before_trump
2013-10-22,17.73369789123535,17.829476856616445,17.689492971578186,17.80737369416333,29010800,before_trump
2013-10-23,17.490571975708008,17.71896574250546,17.357955786841966,17.630555886760977,31651100,before_trump
2013-10-24,17.520036697387695,17.6600191539174,17.520036697387695,17.578977048886735,47590200,before_trump
2013-10-25,17.85895347595215,17.85895347595215,17.696867768896137,17.76317587752124,59634700,before_trump
2013-10-28,17.947357177734375,18.043134735723946,17.80737329582744,17.814741016480333,65581600,before_trump
2013-10-29,18.065235137939453,18.17574812035225,17.939986716471935,17.976823908859927,29961700,before_trump
2013-10-30,18.050500869750977,18.183117019348156,17.97682507494711,18.072604029766808,24091800,before_trump
2013-10-31,18.02840232849121,18.219958881957208,17.998932846169122,18.0652409379554,30901400,before_trump
2013-11-01,17.925254821777344,18.161016272274768,17.844211296200445,18.057870988994416,28302100,before_trump
2013-11-04,17.87368392944336,17.97682922281859,17.79264039593469,17.917888854425712,26639800,before_trump
2013-11-05,17.86996841430664,17.929460552006354,17.676618612181457,17.788166193067866,22849900,before_trump
2013-11-06,18.033571243286133,18.078189991477107,17.765855917331436,17.892276885876218,25525700,before_trump
2013-11-07,17.892276763916016,18.130245310518365,17.847658016029182,18.12281003454091,25631100,before_trump
2013-11-08,17.914587020874023,17.93689710423611,17.728673914736607,17.869968272554285,31502900,before_trump
2013-11-11,17.974077224731445,18.063316130176432,17.795600832245757,17.877403044036637,19236500,before_trump
2013-11-12,18.16742515563965,18.21948058751646,17.83278106728279,17.84021776018007,37813500,before_trump
2013-11-13,18.293851852416992,18.308725242889974,17.99639113498025,18.033573192758123,22990300,before_trump
2013-11-14,18.137680053710938,18.219482264707153,18.10793469778776,18.167426828038387,20198900,before_trump
2013-11-15,18.234350204467773,18.256658860144515,18.033563792954045,18.14511132654928,22866500,before_trump
2013-11-18,18.293851852416992,18.368217386377324,18.20461292798368,18.301288547653485,24712500,before_trump
2013-11-19,18.368213653564453,18.49463461008421,18.30128482844198,18.397959010060944,24870200,before_trump
2013-11-20,18.26409912109375,18.45744887903613,18.18973361136143,18.368211402080643,20288600,before_trump
2013-11-21,18.762346267700195,18.806966424761196,18.234353841448833,18.301282658636207,44050600,before_trump
2013-11-22,17.75098419189453,18.226921294912934,17.728674108288875,18.219484600377715,77908100,before_trump
2013-11-25,17.6617488861084,17.862535424388664,17.475835739938837,17.862535424388664,43389300,before_trump
2013-11-26,17.587373733520508,17.728668044553885,17.49069957443702,17.69148600299961,30600800,before_trump
2013-11-27,17.773284912109375,17.788158294531137,17.490697738114996,17.57993519583793,28419200,before_trump
2013-11-29,17.728675842285156,17.84022343441472,17.669183698589084,17.773294595456065,13802900,before_trump
2013-12-02,17.624563217163086,17.847658379545624,17.58737974449636,17.847658379545624,25685300,before_trump
2013-12-03,17.51301383972168,17.646871501624986,17.401466260937063,17.617126142537817,35066400,before_trump
2013-12-04,17.654306411743164,17.736108623173166,17.490703407287434,17.490703407287434,43501500,before_trump
2013-12-05,18.041006088256836,18.107934912884346,17.661743221502373,17.713798658789486,45399100,before_trump
2013-12-06,18.45745086669922,18.77722160010107,18.405395429802038,18.568998434108074,53871400,before_trump
2013-12-09,18.539257049560547,18.650804640865285,18.353343924584454,18.472328211096787,29614700,before_trump
2013-12-10,18.45745086669922,18.568998434108074,18.338466605675873,18.5095063035964,18203700,before_trump
2013-12-11,18.159992218017578,18.502071651605622,18.145118829147375,18.397960766323077,24682400,before_trump
2013-12-12,18.197168350219727,18.509502322834717,18.15998630854812,18.383081395385698,21917800,before_trump
2013-12-13,18.06332015991211,18.212049810961386,17.96664453924571,18.003826597406878,20631200,before_trump
2013-12-16,18.182296752929688,18.375645075623645,18.093057865344477,18.093057865344477,25061100,before_trump
2013-12-17,18.338470458984375,18.420272687527945,18.130247249239186,18.1599940299476,28158500,before_trump
2013-12-18,18.702856063842773,18.740039531878427,18.24179240743487,18.375648637150395,42680500,before_trump
2013-12-19,18.69541358947754,18.76977908415022,18.509500561997758,18.68054162526607,31880600,before_trump
2013-12-20,18.635929107666016,18.85158898867562,18.62105713736541,18.673112579428576,55380100,before_trump
2013-12-23,18.82927894592285,18.91108116557117,18.72516806157366,18.792096892485116,28120800,before_trump
2013-12-24,18.911075592041016,19.052369906589664,18.85158347303169,18.873892131157685,12157900,before_trump
2013-12-26,19.111860275268555,19.111860275268555,18.911073860099297,18.911073860099297,16957000,before_trump
2013-12-27,19.037494659423828,19.186224233192004,18.948255780439833,19.149042194350923,12970600,before_trump
2013-12-30,19.223405838012695,19.223405838012695,19.037492824914708,19.089548241637548,19787200,before_trump
2013-12-31,19.305208206176758,19.36470173698778,19.163915325712118,19.193660672713783,22808100,before_trump
2014-01-02,19.178794860839844,19.201103523646598,18.94082491646818,19.171358167102827,31833300,before_trump
2014-01-03,19.171356201171875,19.260593680056612,19.037498564440618,19.230848326563084,27796700,before_trump
2014-01-06,18.93338966369629,19.178796320482157,18.92595438779769,19.16392293187615,28682300,before_trump
2014-01-07,19.030061721801758,19.13417258581654,18.940822825214703,18.992879675626234,19665100,before_trump
2014-01-08,18.911075592041016,19.119297299371656,18.81440001214836,19.067241872538997,29680500,before_trump
2014-01-09,18.821840286254883,19.000316677248186,18.777221543107625,18.903642497361748,20878000,before_trump
2014-01-10,18.98544692993164,19.223415479100442,18.963136846545403,18.963136846545403,30588800,before_trump
2014-01-13,18.963134765625,19.327524243853986,18.90364263486117,19.059808946214616,40274500,before_trump
2014-01-14,19.7142276763916,19.74397303841562,19.260599203687672,19.342401431461706,74142900,before_trump
2014-01-15,19.833202362060547,20.167846387892137,19.788583631417627,19.87038440119567,58277700,before_trump
2014-01-16,19.736539840698242,19.885269503294182,19.58037206380709,19.81090396279386,48960800,before_trump
2014-01-17,19.223405838012695,19.23084252874506,18.77721432289678,18.859016502549085,111758900,before_trump
2014-01-21,19.030061721801758,19.186228017823932,18.792093222108463,19.17879274331214,42286400,before_trump
2014-01-22,18.821840286254883,18.992881402060537,18.70285602559268,18.881332416585984,48749900,before_trump
2014-01-23,18.687984466552734,18.77722337998128,18.516944752419466,18.717731243830386,40241000,before_trump
2014-01-24,18.450016021728516,18.73260473377683,18.435144051413673,18.502071463841517,34838700,before_trump
2014-01-27,18.383081436157227,18.583867865798748,18.338462702371547,18.42026489631527,32564900,before_trump
2014-01-28,18.51694107055664,18.628488626359175,18.27153588042942,18.375646743391233,32453800,before_trump
2014-01-29,18.35333824157715,18.56155996929676,18.316154777052834,18.405393673507053,27145700,before_trump
2014-01-30,18.3979549407959,18.509502485193142,18.249225354400906,18.405391632876245,24610100,before_trump
2014-01-31,18.24922752380371,18.33102830960375,18.14511524070634,18.18229870552831,28623300,before_trump
2014-02-03,17.810470581054688,18.226915411779153,17.7658504282455,18.21947871964429,52868200,before_trump
2014-02-04,17.713796615600586,17.877401020665538,17.53532024331492,17.840217556603445,50816300,before_trump
2014-02-05,17.65749168395996,17.837669995192623,17.64247646670809,17.79262577536694,32476200,before_trump
2014-02-06,18.010343551635742,18.077910608045595,17.680015879402024,17.71755392847981,28008400,before_trump
2014-02-07,18.175504684448242,18.213042729421556,17.845178480263087,18.167998507383583,30808400,before_trump
2014-02-10,18.23556900024414,18.295628451613837,18.062896824617273,18.100434876679753,24571300,before_trump
2014-02-11,18.370698928833008,18.408236975249576,18.265595262726723,18.28061048129335,17911700,before_trump
2014-02-12,18.430761337280273,18.535866452231456,18.29562864422353,18.400732327244427,25874100,before_trump
2014-02-13,18.54337501525879,18.573404026837167,18.25058391877004,18.340673817365893,22922000,before_trump
2014-02-14,18.588411331176758,18.588411331176758,18.325650790115088,18.4532772568062,20539700,before_trump
2014-02-18,18.588411331176758,18.603426546535655,18.430754433767856,18.52084429399148,17738100,before_trump
2014-02-19,18.393230438232422,18.55839362463169,18.333170967548075,18.50584176677423,25686000,before_trump
2014-02-20,18.573400497436523,18.655982769462536,18.39322216641347,18.42325260421569,20193800,before_trump
2014-02-21,18.33316421508789,18.738565134907518,18.28061237658629,18.731058956776035,30579800,before_trump
2014-02-24,18.490819931030273,18.6785058888163,18.325656803673446,18.400731473173902,24145500,before_trump
2014-02-25,18.483312606811523,18.550878230049477,18.363192283900386,18.52084922326929,21539100,before_trump
2014-02-26,18.618446350097656,18.753580468162802,18.475806053855745,18.57340212138601,19820200,before_trump
2014-02-27,18.588411331176758,18.6184403299648,18.400725434979815,18.6184403299648,20863900,before_trump
2014-02-28,18.588411331176758,18.65597836836204,18.445769649126753,18.6109341542151,23482700,before_trump
2014-03-03,18.393230438232422,18.460797521743654,18.243081045556192,18.430767070436115,25728500,before_trump
2014-03-04,18.475801467895508,18.603427944174946,18.393219209147087,18.558382294714068,23661200,before_trump
2014-03-05,18.393230438232422,18.550886011804806,18.318155741894305,18.543379830908652,21036200,before_trump
2014-03-06,18.490819931030273,18.505835151316408,18.303133973244243,18.445775702102086,22371700,before_trump
2014-03-07,18.49832534790039,18.655982278351612,18.44577351506,18.54337100341791,25373400,before_trump
2014-03-10,18.648479461669922,18.686016085651207,18.453285866720318,18.47580870026734,24908100,before_trump
2014-03-11,18.565887451171875,18.655977306266628,18.475799028006787,18.60342548743205,26656800,before_trump
2014-03-12,18.588411331176758,18.678499759470633,18.475800079844543,18.505829078632583,21244800,before_trump
2014-03-13,18.445777893066406,18.768598007911343,18.34067420243983,18.618448651075898,26243300,before_trump
2014-03-14,18.393230438232422,18.50584176677423,18.318155741894305,18.378215212578652,21807200,before_trump
2014-03-17,18.54337501525879,18.63346348192428,18.38571805069864,18.498329349995682,18525800,before_trump
2014-03-18,18.63345718383789,18.693516618624987,18.430756054457735,18.52835353094294,26344000,before_trump
2014-03-19,18.783607482910156,18.956278188088966,18.59592156025581,18.655980998228003,34229400,before_trump
2014-03-20,19.091413497924805,19.211532381522606,18.723549237915286,18.76859346128195,37009100,before_trump
2014-03-21,18.89621925354004,19.279098717786972,18.888711644602257,19.22654688715249,56861900,before_trump
2014-03-24,18.858688354492188,19.053880518292903,18.70853899410503,18.926253991542943,36950600,before_trump
2014-03-25,19.113943099975586,19.271600097342038,18.89622806695511,18.911243291833944,32317400,before_trump
2014-03-26,19.053874969482422,19.324143166700473,19.008830747256084,19.21153189516962,26442800,before_trump
2014-03-27,19.001327514648438,19.33165522822659,18.986313725068328,19.038865568424555,27201100,before_trump
2014-03-28,19.234050750732422,19.37669099698463,19.008826822245748,19.07639385759878,22884500,before_trump
2014-03-31,19.376693725585938,19.564379643123,19.23405345924731,19.25657485291661,29336300,before_trump
2014-04-01,19.51183319091797,19.519340801519423,19.249072547588376,19.369191453350997,23778700,before_trump
2014-04-02,19.436752319335938,19.5568711867981,19.24906640993507,19.489304144859403,22464700,before_trump
2014-04-03,19.827138900756836,19.864675509005945,19.624437779580084,19.63194538761587,38581300,before_trump
2014-04-04,19.639450073242188,20.067373644096907,19.601913470578637,19.887195373838583,47918000,before_trump
2014-04-07,19.8872013092041,20.07488724239621,19.669486371304874,19.74455959903769,49813500,before_trump
2014-04-08,20.202510833740234,20.25506265838028,19.78209480469006,19.789602412771472,56699500,before_trump
2014-04-09,20.25506591796875,20.285096355127102,20.067379981519235,20.21752930345087,34481800,before_trump
2014-04-10,19.842153549194336,20.337644209942884,19.789601726377033,20.27758477930457,40478200,before_trump
2014-04-11,19.654468536376953,19.9622733112794,19.64696092821716,19.72203557788528,36121100,before_trump
2014-04-14,19.939754486083984,20.007321541144126,19.624442039780035,19.75206854023473,26957900,before_trump
2014-04-15,20.097410202026367,20.142454425348255,19.789605384121714,19.90221665839146,45074400,before_trump
2014-04-16,20.21752166748047,20.450251739837466,19.969776382215404,20.255058267821124,59033600,before_trump
2014-04-17,20.300107955932617,20.390196387492487,20.11242205293145,20.179987660636453,38108500,before_trump
2014-04-21,20.232545852661133,20.307619086634226,20.067381301287966,20.307619086634226,20398600,before_trump
2014-04-22,20.149967193603516,20.255070885574565,20.014833057109076,20.202519039589042,29601600,before_trump
2014-04-23,20.082395553588867,20.247558665076824,20.059872725323658,20.119932168767466,25574300,before_trump
2014-04-24,20.082395553588867,20.240051055655087,19.999813281879845,20.127439778189203,25432800,before_trump
2014-04-25,19.714529037475586,20.059870439951062,19.661977209440614,20.00731861191609,33614400,before_trump
2014-04-28,19.767080307006836,19.8121245252027,19.526842567389036,19.646961437197934,33472800,before_trump
2014-04-29,19.87969398498535,20.014828087929384,19.7820979283758,19.789605537642696,22146000,before_trump
2014-04-30,20.037349700927734,20.04485730973947,19.68449924642609,19.759573902613457,25863900,before_trump
2014-05-01,19.85717010498047,20.022333192400115,19.812124455014306,19.902214323016757,19755200,before_trump
2014-05-02,19.82714080810547,19.999811513749805,19.81963319934746,19.93975207561569,24235200,before_trump
2014-05-05,19.815778732299805,19.88392634805661,19.679483500786194,19.808206614523073,20738900,before_trump
2014-05-06,19.838499069213867,19.974792883861575,19.687059571737635,19.808210592024988,21818000,before_trump
2014-05-07,19.967226028442383,20.02780155017389,19.853645661490734,19.88393414447367,24692800,before_trump
2014-05-08,19.94451332092285,20.088380752985955,19.853649299558093,19.929369076656286,24166900,before_trump
2014-05-09,19.914220809936523,19.997512692343957,19.853645289340484,19.9672256541631,20324400,before_trump
2014-05-12,19.967226028442383,20.095949192651137,19.914221183222246,19.99751306719096,20607800,before_trump
2014-05-13,20.027793884277344,20.095941500670207,19.936929914342254,20.05808091143317,20525000,before_trump
2014-05-14,19.936933517456055,20.080800894089705,19.936933517456055,20.058084536442056,17811900,before_trump
2014-05-15,19.694637298583984,20.06566258438331,19.694637298583984,19.936939408148074,31752700,before_trump
2014-05-16,19.550765991210938,19.740064657189716,19.490190475867095,19.724920417295206,30017200,before_trump
2014-05-19,19.717348098754883,19.755207251102572,19.49776097128283,19.49776097128283,22679600,before_trump
2014-05-20,19.717348098754883,19.81578276139933,19.59619563392728,19.70220386012217,22292600,before_trump
2014-05-21,19.838499069213867,19.876358221465882,19.687059571737635,19.76277932047575,18721300,before_trump
2014-05-22,19.80063247680664,19.891496436624262,19.747629102010382,19.84606373459863,15926500,before_trump
2014-05-23,19.906646728515625,19.91421740359012,19.793066383121037,19.800638502429614,17172200,before_trump
2014-05-27,20.224668502807617,20.24738486233811,19.823356260741562,19.93693516992565,27271900,before_trump
2014-05-28,20.353389739990234,20.39882245478396,20.186807451782066,20.217095928311213,27150100,before_trump
2014-05-29,20.41396713256836,20.41396713256836,20.232240589326306,20.376107977647415,20638900,before_trump
2014-05-30,20.68655776977539,20.68655776977539,20.391252316105565,20.398824435973278,43641000,before_trump
2014-06-02,20.641130447387695,20.709278095012557,20.535123637408788,20.678989609741745,20264900,before_trump
2014-06-03,20.94400405883789,20.974292538294996,20.535119695806287,20.61083800598067,33256300,before_trump
2014-06-04,20.898571014404297,21.019722033506483,20.82285126640691,20.83042338563006,21612500,before_trump
2014-06-05,20.94400405883789,20.94400405883789,20.7698496346621,20.868284304429313,26546200,before_trump
2014-06-06,21.33017349243164,21.360460527634565,20.99700743979433,21.034868039090725,34795600,before_trump
2014-06-09,21.133302688598633,21.51947213564769,21.072727174016478,21.27717007731907,39933000,before_trump
2014-06-10,21.3831729888916,21.45132061096707,20.989431493396427,21.087867589387187,34256900,before_trump
2014-06-11,21.14844512939453,21.36045869028089,21.050009023925238,21.307455300059303,27747700,before_trump
2014-06-12,21.17116355895996,21.277171801243398,21.027297602817367,21.09544524277304,31211400,before_trump
2014-06-13,22.61740493774414,22.76127088207475,22.38267355528732,22.526540943852115,122194300,before_trump
2014-06-16,22.723411560058594,22.82941834862492,22.465965264196793,22.503824418903573,36407800,before_trump
2014-06-17,22.67798614501953,22.79156508272016,22.594694250062943,22.62498129280699,28440600,before_trump
2014-06-18,22.6628360748291,22.700695229584063,22.46596529278811,22.62497547583996,34412300,before_trump
2014-06-19,22.783987045288086,22.783987045288086,22.632547538184316,22.69312305217899,27166600,before_trump
2014-06-20,22.867280960083008,22.867280960083008,22.738557800823365,22.76884483840747,39826400,before_trump
2014-06-23,22.889999389648438,22.95057491834618,22.602265989392787,22.79156469710255,26528900,before_trump
2014-06-24,23.094440460205078,23.34431467626743,22.78399072037714,22.836994123142727,53397600,before_trump
2014-06-25,23.382171630859375,23.473035630051687,23.056579123986413,23.07929404060879,44293300,before_trump
2014-06-26,23.30645179748535,23.39731434652147,23.17772864948904,23.32916671262729,26722300,before_trump
2014-06-27,23.420026779174805,23.47303016459808,23.24587238586006,23.374595512273988,30776300,before_trump
2014-06-30,23.397314071655273,23.47303382445195,23.215587531483745,23.37459915678018,21558400,before_trump
2014-07-01,23.457889556884766,23.541181429284535,23.374599128719154,23.46546167657876,28240000,before_trump
2014-07-02,23.457889556884766,23.51089295050856,23.3215942908612,23.46546167657876,16831200,before_trump
2014-07-03,23.57904624938965,23.74563003421803,23.488183679696448,23.533614964543048,20437600,before_trump
2014-07-07,23.49574851989746,23.624471657267062,23.412456653295347,23.541179790664952,22233400,before_trump
2014-07-08,23.31402587890625,23.533611594414495,23.24587823927817,23.473036075215568,37608700,before_trump
2014-07-09,23.389738082885742,23.45788570470654,23.238300046577013,23.35187893486704,28302400,before_trump
2014-07-10,23.669904708862305,23.72290810278448,23.049005332801112,23.170156360118703,32455100,before_trump
2014-07-11,23.662328720092773,23.81376820159494,23.503318564326037,23.669900838591275,20045000,before_trump
2014-07-14,23.84406089782715,23.912208536274818,23.73048198182579,23.783485379677472,24244600,before_trump
2014-07-15,24.010643005371094,24.078790643233216,23.59418650219971,23.912208330811513,61006100,before_trump
2014-07-16,26.236793518066406,26.304941146235464,25.146431467361445,25.222152658920464,135834600,before_trump
2014-07-17,25.517457962036133,26.01720627004833,25.464454572433937,25.896055252605013,70591100,before_trump
2014-07-18,25.517457962036133,25.623464741240525,25.282726602034913,25.593176264762672,46528800,before_trump
2014-07-21,25.79005241394043,25.91877412593694,25.39631082497166,25.40388150101382,32097200,before_trump
2014-07-22,26.342803955078125,26.373092435906827,25.797622854035552,25.865770491665874,42915100,before_trump
2014-07-23,26.12320899963379,26.282219143790627,25.97176952918876,26.25950423418755,26077000,before_trump
2014-07-24,25.93391227722168,26.251932588755153,25.82033194397809,26.032348373468267,33180400,before_trump
2014-07-25,25.93391227722168,26.024774810735835,25.69161026220536,25.858193980704527,31614000,before_trump
2014-07-28,25.918773651123047,25.986921288128237,25.653756667474255,25.918773651123047,30972200,before_trump
2014-07-29,25.88848304748535,26.024778310318297,25.812764740786267,25.949060003619216,26141700,before_trump
2014-07-30,26.00963592529297,26.176219678067206,25.774907424713046,25.979350333535482,32782800,before_trump
2014-07-31,25.661331176757812,25.933921765499107,25.600757095075814,25.81277071366619,35431200,before_trump
2014-08-01,25.547740936279297,25.767325122281495,25.449304853160566,25.55531160953421,33472400,before_trump
2014-08-04,25.7824764251709,25.812764903428672,25.403879112353504,25.58560709343189,27250100,before_trump
2014-08-05,25.016437530517578,25.748179070717885,24.848745670507437,25.732934091836746,49845100,before_trump
2014-08-06,25.039302825927734,25.298461644099874,24.688677044777876,24.848744956909464,27923900,before_trump
2014-08-07,24.909719467163086,25.267969113662776,24.80300754889042,25.100277294844762,27820100,before_trump
2014-08-08,24.8487491607666,25.153642965850032,24.803017125382063,24.985951082285865,35484000,before_trump
2014-08-11,25.168882369995117,25.33657421640242,25.008814466251152,25.016435501232316,27718600,before_trump
2014-08-12,25.252729415893555,25.26797439421582,24.909724672848366,25.08503756203095,24805600,before_trump
2014-08-13,25.992084503173828,26.030198391879484,25.328944128772314,25.336568069586033,36291000,before_trump
2014-08-14,25.870136260986328,26.091184095519804,25.717692285966976,25.953982191856433,25458000,before_trump
2014-08-15,26.045446395874023,26.07593635071693,25.694820638227004,25.992090428740003,28577600,before_trump
2014-08-18,26.228384017944336,26.27411895160488,25.900624262582642,26.114048137634082,27232200,before_trump
2014-08-19,26.175025939941406,26.296982845526426,26.106424998819712,26.296982845526426,29281900,before_trump
2014-08-20,26.296987533569336,26.304608569416153,26.053073678916046,26.091184673515155,27140300,before_trump
2014-08-21,26.792434692382812,26.822921738338856,26.258872134444786,26.26649316901329,37164900,before_trump
2014-08-22,26.632362365722656,26.830544145348103,26.609496355643508,26.830544145348103,21196700,before_trump
2014-08-25,26.533275604248047,26.792434391901033,26.411318698745582,26.74669946195686,18614500,before_trump
2014-08-26,26.525659561157227,26.71621746448118,26.441813618465435,26.518038524404723,19664700,before_trump
2014-08-27,26.518030166625977,26.632363127975925,26.39607326324354,26.594252140859275,17168900,before_trump
2014-08-28,26.411325454711914,26.53328239141073,26.38083549361653,26.38083549361653,18908900,before_trump
2014-08-29,26.61711311340332,26.632358086900737,26.426555306207653,26.53327012068959,32302800,before_trump
2014-09-02,26.350339889526367,26.609498687972152,26.24362795622789,26.495162812191147,32094800,before_trump
2014-09-03,26.350339889526367,26.586632675888794,26.25887293351083,26.54089774403997,26668800,before_trump
2014-09-04,26.6095027923584,26.746704701385486,26.31223295869389,26.319853994669817,27632400,before_trump
2014-09-05,26.67809295654297,26.769559889671758,26.548515043583965,26.61711306266952,20841900,before_trump
2014-09-08,26.929641723632812,27.104954629039447,26.586636948844806,26.647613960094578,24859600,before_trump
2014-09-09,26.6095027923584,26.89915159004698,26.563767853455182,26.89915159004698,22333100,before_trump
2014-09-10,26.693344116210938,26.77719003587758,26.42656138020961,26.56376326554011,19964200,before_trump
2014-09-11,26.693344116210938,26.693344116210938,26.3198494488819,26.51803124221798,21949000,before_trump
2014-09-12,26.38844871520996,26.60949650616495,26.29698176669412,26.60187547198941,26732600,before_trump
2014-09-15,26.327465057373047,26.502777875871455,26.091172350171995,26.457042959344474,22438000,before_trump
2014-09-16,26.624744415283203,26.73908029428509,26.274118650944633,26.274118650944633,20875700,before_trump
2014-09-17,26.662860870361328,26.830552751884493,26.479926915684043,26.609504891273556,26278900,before_trump
2014-09-18,26.807674407958984,26.80767440795898,26.571384557213943,26.76956342309834,23809600,before_trump
2014-09-19,26.540897369384766,26.845791095375446,26.540897369384766,26.800056164172226,46851900,before_trump
2014-09-22,26.45705223083496,26.700966055759345,26.33509531837277,26.510408198307037,25447700,before_trump
2014-09-23,26.23600196838379,26.457049760230362,26.205514923876787,26.457049760230362,25690700,before_trump
2014-09-24,26.48754119873047,26.56376317579788,26.197892452046617,26.220761371312474,18829000,before_trump
2014-09-25,26.022581100463867,26.51803270342253,25.82440220388973,26.434186779135782,34639700,before_trump
2014-09-26,26.11405372619629,26.190278631943116,25.63384990456409,26.11405372619629,25882300,before_trump
2014-09-29,26.601877212524414,26.670478155320254,25.870132853474775,25.961602715657268,29003100,before_trump
2014-09-30,26.540897369384766,26.678099255312365,26.228382608701246,26.601877277655728,35274600,before_trump
2014-10-01,25.908241271972656,26.5104017451047,25.793905422260217,26.380823829266618,35086600,before_trump
2014-10-02,25.54999542236328,25.915866124612457,25.35181364134381,25.885376172504557,32910800,before_trump
2014-10-03,25.938737869262695,26.053073761103207,25.511890076114156,25.656713019120623,25834600,before_trump
2014-10-06,25.999706268310547,26.281730993507214,25.816769503948706,26.03019621365106,24321100,before_trump
2014-10-07,25.511890411376953,25.953983189759462,25.473776508474238,25.94636215378845,25972100,before_trump
2014-10-08,26.121673583984375,26.19789557012374,25.260351183734077,25.527133950586634,34960600,before_trump
2014-10-09,25.6262149810791,26.243623368538596,25.595727939524814,26.030199539250592,28185700,before_trump
2014-10-10,24.322805404663086,25.046925862254746,23.248059178614742,24.863989035239566,80917600,before_trump
2014-10-13,23.98741912841797,24.67342702597584,23.98741912841797,24.177976958508538,42110200,before_trump
2014-10-14,24.498117446899414,24.90209917025035,24.170357702703786,24.383783024325396,68671000,before_trump
2014-10-15,23.842599868774414,24.12462468626646,22.600161812520195,23.278548779949226,92305200,before_trump
2014-10-16,23.514842987060547,24.017915680463226,23.438619543305933,23.54533149225763,47787400,before_trump
2014-10-17,23.9188232421875,24.17035957284901,23.606308451178993,23.781622796787634,37504500,before_trump
2014-10-20,24.071269989013672,24.162738405957114,23.552952351963565,23.659665747371108,30523700,before_trump
2014-10-21,24.856365203857422,24.86398623810469,24.071266376862688,24.13986731581567,33278400,before_trump
2014-10-22,24.597204208374023,25.0545418217399,24.55909322520714,24.894473947830008,26725600,before_trump
2014-10-23,24.917339324951172,25.085031135855207,24.84873839391603,24.94020824041726,22254900,before_trump
2014-10-24,25.29083251953125,25.405168367445206,24.825871002613887,24.94020685052784,27814300,before_trump
2014-10-27,25.30608367919922,25.382305657986805,24.9783239365848,25.214616723117693,23751900,before_trump
2014-10-28,25.71769142150879,25.725312456930613,25.32895173830195,25.32895173830195,21857800,before_trump
2014-10-29,25.854888916015625,25.893002813965175,25.542374143531692,25.73293200255073,24615200,before_trump
2014-10-30,24.833499908447266,25.618597304205814,24.69629802659094,25.59573129312375,55217900,before_trump
2014-10-31,25.923486709594727,25.923486709594727,24.871609549236045,25.7176868056372,52089700,before_trump
2014-11-03,26.152164459228516,26.281742421748984,25.755803720493716,25.771048699793035,28703600,before_trump
2014-11-04,26.327468872070312,26.51040274932204,26.07593115624724,26.10642110501638,34695900,before_trump
2014-11-05,25.901657104492188,26.16251515560736,25.778900546717235,26.124154280067785,34705500,before_trump
2014-11-06,25.947694778442383,26.262258675422117,25.633130881462648,25.847954149620264,25240600,before_trump
2014-11-07,25.763565063476562,26.08580001172355,25.46434313428558,26.070455072271606,27604500,before_trump
2014-11-10,25.518037796020508,25.694503059148413,25.379939254860687,25.6484682609307,30653600,before_trump
2014-11-11,25.556413650512695,25.732876070161026,25.47201794399653,25.59477453708876,19676600,before_trump
2014-11-12,25.610111236572266,25.640798179910238,25.318563324258285,25.495025687126798,22864200,before_trump
2014-11-13,25.84028434753418,25.978385862565055,25.579426255447824,25.58709726106169,26449300,before_trump
2014-11-14,26.04743194580078,26.062776881022486,25.587092669391062,25.893985520330876,18104600,before_trump
2014-11-17,26.26993751525879,26.277608521948604,25.90166480569026,25.947699626073344,17646300,before_trump
2014-11-18,26.630523681640625,26.77629909647497,26.2085482251798,26.231564163628587,30674800,before_trump
2014-11-19,26.354328155517578,26.69191095741451,26.277606387858,26.615186263007104,21289600,before_trump
2014-11-20,27.581886291503906,27.597231224469372,26.085788984958423,26.193200588969955,61994700,before_trump
2014-11-21,27.305692672729492,27.97318138747514,27.236641914186997,27.604911650831067,56721600,before_trump
2014-11-24,27.81206512451172,27.95016664754567,27.49750119465612,27.53586207844381,33321100,before_trump
2014-11-25,27.865764617919922,27.988521174207126,27.73533705731665,27.89645448867851,29093200,before_trump
2014-11-26,28.310752868652344,28.379803599619652,27.835068754545752,27.90411948551306,24060000,before_trump
2014-11-28,28.579294204711914,28.91687407591689,28.341452044949534,28.418176738460527,19128500,before_trump
2014-12-01,28.517911911010742,28.863165684203466,28.310762573842645,28.54860178568288,30904000,before_trump
2014-12-02,28.847820281982422,28.847820281982422,28.525585383360415,28.525585383360415,28361100,before_trump
2014-12-03,28.717395782470703,29.070320593068388,28.70205084373848,28.909203126501765,30660800,before_trump
2014-12-04,28.740415573120117,28.740415573120117,28.41818059686671,28.694383677511457,23359100,before_trump
2014-12-05,28.901521682739258,29.077986968925522,28.78643906227735,28.824799935764652,20527600,before_trump
2014-12-08,28.54092788696289,28.947558441528912,28.34144664856456,28.740406198613986,28134800,before_trump
2014-12-09,28.303089141845703,28.456535591169875,27.850423726050565,28.134297754914353,28487300,before_trump
2014-12-10,27.942493438720703,28.40283283634374,27.850426729895258,28.333782073037682,27499900,before_trump
2014-12-11,28.15732192993164,28.548607669021774,27.957840630200874,28.003875451696008,25088200,before_trump
2014-12-12,27.796720504760742,28.249385962847015,27.789049498614272,27.96551190746175,29322500,before_trump
2014-12-15,27.558874130249023,28.218691774480046,27.543532120299506,27.9194728257584,30633400,before_trump
2014-12-16,27.28267478942871,28.003869273247634,27.28267478942871,27.512842992626453,31166300,before_trump
2014-12-17,27.80438995361328,27.873440704787097,27.106211436965783,27.328705700305946,31637700,before_trump
2014-12-18,28.40282440185547,28.40282440185547,27.950159071660764,28.195672173453108,32128100,before_trump
2014-12-19,27.904129028320312,28.510240882231873,27.79671739380384,28.4028292477154,76786800,before_trump
2014-12-22,28.548606872558594,28.586967759360256,27.919478963417546,27.919478963417546,29227100,before_trump
2014-12-23,28.717395782470703,28.92454806523399,28.617655144085163,28.694379837746272,22169700,before_trump
2014-12-24,28.72506332397461,28.847819892279087,28.525584998010128,28.748082192670573,12109100,before_trump
2014-12-26,28.809459686279297,28.955235126684244,28.78644374379326,28.78644374379326,14037200,before_trump
2014-12-29,28.525583267211914,28.78644132487472,28.517909335863063,28.73273551242184,12203300,before_trump
2014-12-30,28.203351974487305,28.533260856689445,28.203351974487305,28.4488680796069,15214100,before_trump
2014-12-31,27.84275245666504,28.418174441114868,27.84275245666504,28.103610540018863,20393600,before_trump
2015-01-02,27.89645004272461,28.510232726339957,27.70464277117314,28.134289186330538,23605600,before_trump
2015-01-05,27.581886291503906,27.965500835400356,27.574212361647824,27.77369356345213,32785000,before_trump
2015-01-06,27.067842483520508,27.79671073466,27.052497549873202,27.681628122425447,30847600,before_trump
2015-01-07,27.635597229003906,27.673958105172773,27.06017530622918,27.34404930197548,27725200,before_trump
2015-01-08,28.149648666381836,28.387490859646064,27.81973975468393,27.904135466059888,31765400,before_trump
2015-01-09,28.203351974487305,28.47188402547051,27.927151843880164,28.21102590760714,22850500,before_trump
2015-01-12,28.080583572387695,28.387476379622846,27.79670962808055,28.31075464118742,29400800,before_trump
2015-01-13,28.003873825073242,28.76343223850872,27.842756349321103,28.28774789093387,31478000,before_trump
2015-01-14,27.8887882232666,28.318437751741012,27.55120833237469,27.873446210417487,34250300,before_trump
2015-01-15,27.766021728515625,28.29541171215258,27.643265182276767,28.026879755116564,47181800,before_trump
2015-01-16,27.96550750732422,28.126624951780418,27.244310119619975,27.71232044310956,62812200,before_trump
2015-01-20,27.689306259155273,27.97318028789459,27.290346661786394,27.696977264581705,35929400,before_trump
2015-01-21,27.98851776123047,28.141964169564698,27.44378579205342,27.505162599339023,27442600,before_trump
2015-01-22,28.318439483642578,28.38749025267848,27.727672443390574,28.049910341140826,31809900,before_trump
2015-01-23,27.96550750732422,28.41049896250049,27.911801692505485,28.356793147681756,27427100,before_trump
2015-01-26,27.474485397338867,27.85042615792494,27.29034905672172,27.766030457089908,30906800,before_trump
2015-01-27,26.23157501220703,26.638208629037912,25.740548610579307,26.39269542822405,58456200,before_trump
2015-01-28,25.91700553894043,26.622858036499256,25.870973652777362,26.44639564379645,34929100,before_trump
2015-01-29,26.246917724609375,26.300623549805756,25.671495660292752,25.96304365903594,29569400,before_trump
2015-01-30,25.349258422851562,26.078126890598515,25.31856854643643,25.855629676710382,38719700,before_trump
2015-02-02,25.817264556884766,25.893986308581674,25.05003533292679,25.36459919767967,38733800,before_trump
2015-02-03,25.855621337890625,26.124150353049178,25.019341499151025,25.916998144178255,36038300,before_trump
2015-02-04,25.96381378173828,26.149270899893093,25.731994594850438,26.017904827087417,25052800,before_trump
2015-02-05,26.226543426513672,26.265182414770802,25.847906102617685,26.025634247184914,20491400,before_trump
2015-02-06,25.73198890686035,26.272902188525094,25.60835183800043,26.211082180225013,29342400,before_trump
2015-02-09,25.446077346801758,25.685625444259205,25.24516527854969,25.500168377237298,28705500,before_trump
2015-02-10,26.04107666015625,26.06425768370804,25.538799533111025,25.654710546349005,20200000,before_trump
2015-02-11,25.92517852783203,26.08745166879893,25.74745038090529,26.017905615850122,18364200,before_trump
2015-02-12,26.37335777282715,26.37335777282715,26.087444660985707,26.257446733135733,20056700,before_trump
2015-02-13,26.551084518432617,26.55881054507275,26.2342643668665,26.46608348669097,18037900,before_trump
2015-02-17,26.844722747802734,26.852448774185415,26.473808631155354,26.581993634692473,19374100,before_trump
2015-02-18,26.48154067993164,26.821541887304498,26.419720670732783,26.77517982814564,19992900,before_trump
2015-02-19,26.4351806640625,26.597453797236657,26.31154357006207,26.466090674497817,11017500,before_trump
2015-02-20,26.58972930908203,26.713366410245875,26.203362999477385,26.38882012509366,20955600,before_trump
2015-02-23,26.087446212768555,26.65926952272553,25.948357083701556,26.58199745682827,25565500,before_trump
2015-02-24,26.58972930908203,26.651549333534458,25.894268772697266,25.9715438032628,29607500,before_trump
2015-02-25,26.234268188476562,26.388815273452806,26.06426610022865,26.29608525382278,24686300,before_trump
2015-02-26,26.002445220947266,26.180173310892336,25.83244315763458,25.97926124557006,25928400,before_trump
2015-02-27,25.693361282348633,25.99472655206691,25.66245126808491,25.987000522371584,24427300,before_trump
2015-03-02,26.31926918029785,26.373360217770973,25.592898766675116,25.72426482035303,25406400,before_trump
2015-03-03,26.350170135498047,26.56653718301348,26.20335206032739,26.234262059649563,27332000,before_trump
2015-03-04,26.365636825561523,26.589729998399495,26.056545538509468,26.16472763636474,23005800,before_trump
2015-03-05,26.064258575439453,26.659262764788117,25.956076531510536,26.473805726810244,21225800,before_trump
2015-03-06,25.646989822387695,26.0256300327093,25.56199172611267,25.917447957686118,32373100,before_trump
2015-03-09,25.283803939819336,25.708806151252332,25.098346875112917,25.654715121492135,33058800,before_trump
2015-03-10,24.49561882019043,25.04425814250424,24.341071743382795,24.91289504324895,50278900,before_trump
2015-03-11,24.982440948486328,25.469260258409935,24.68880179887664,24.704255327379663,49683600,before_trump
2015-03-12,23.800161361694336,24.418348270724135,23.630160735493067,23.962435959592653,107402400,before_trump
2015-03-13,23.900615692138672,23.939251726347965,23.460158417123697,23.668795065272214,47954700,before_trump
2015-03-16,23.823341369628906,24.039706986177524,23.684249292838384,23.900614909387,33074600,before_trump
2015-03-17,23.637887954711914,23.746070036102257,23.49879586499844,23.63016045263113,29215600,before_trump
2015-03-18,23.869705200195312,24.109253323805568,23.41379293122121,23.49879397339712,39834100,before_trump
2015-03-19,23.753787994384766,24.03197206204291,23.715151973374347,23.784697990288883,27414200,before_trump
2015-03-20,24.194250106811523,24.433798202844432,23.900612454534773,23.946975984079515,64777100,before_trump
2015-03-23,24.109251022338867,24.56516324779163,24.109251022338867,24.178797054958444,29694000,before_trump
2015-03-24,23.792438507080078,24.20198585980163,23.75380099105977,24.078348756277705,28471400,before_trump
2015-03-25,23.096973419189453,23.869705901318188,23.073792388002545,23.807887361702697,37691000,before_trump
2015-03-26,23.24378776550293,23.491061868241804,22.648783534618815,22.795603085821238,45450100,before_trump
2015-03-27,24.72743797302246,25.500170409679413,23.066063528984046,23.189700600939545,73857200,before_trump
2015-03-30,24.310163497924805,24.804711821309994,24.186526417078507,24.464710585917807,51391500,before_trump
2015-03-31,24.16335105895996,24.673354505663436,24.10926000762332,24.28698816883531,32098500,before_trump
2015-04-01,23.80788803100586,24.20198178483497,23.684250948299113,24.055162196419353,31532100,before_trump
2015-04-02,23.80788803100586,24.13243574157864,23.699705952105028,23.800160529102904,20909600,before_trump
2015-04-06,23.985614776611328,24.147887875678233,23.529702535608916,23.807885201705055,21490900,before_trump
2015-04-07,24.155614852905273,24.41061648438852,23.95470425327149,24.008795285120954,23258300,before_trump
2015-04-08,24.194250106811523,24.38743319942966,24.00106701419339,24.13243157612852,18250300,before_trump
2015-04-09,24.14016342163086,24.43380260062909,23.62243258127426,23.707433628963795,34167600,before_trump
2015-04-10,24.673355102539062,24.681082606327035,24.20971519235523,24.20971519235523,28084900,before_trump
2015-04-13,24.518802642822266,24.76607681478418,24.503347638607067,24.580621185812745,23489000,before_trump
2015-04-14,24.333345413208008,24.681075615824774,24.16334479963438,24.480164995854,39754000,before_trump
2015-04-15,25.368804931640625,25.49244199200322,24.781526684113295,24.928344772125108,61083500,before_trump
2015-04-16,25.399721145629883,25.492451185147363,25.26835801125843,25.384266139043635,28903200,before_trump
2015-04-17,25.090625762939453,25.268353888068674,24.89744263374587,25.121532823327556,30593600,before_trump
2015-04-20,25.291534423828125,25.337899435111076,25.13698733395886,25.19880734900279,20649300,before_trump
2015-04-21,25.05971908569336,25.476995407672696,24.943808013674317,25.44608539543548,19023800,before_trump
2015-04-22,25.268354415893555,25.28380942028075,24.75062208601484,25.04426127389022,21144200,before_trump
2015-04-23,24.99789047241211,25.04425547483778,24.735161354146626,24.758345329229464,23775300,before_trump
2015-04-24,24.78925895690918,25.098350175072824,24.74289394770144,25.044259138200676,22759900,before_trump
2015-04-27,25.113800048828125,25.260618126388785,24.789253893881465,24.789253893881465,25869600,before_trump
2015-04-28,25.515623092651367,25.531078093708413,24.90516381572832,24.95925484555795,29572800,before_trump
2015-04-29,25.415172576904297,25.500173627300477,25.15244339738006,25.16017237345645,21819000,before_trump
2015-04-30,25.152437210083008,25.38425632375742,24.959254124064334,25.276074267225358,22013300,before_trump
2015-05-01,25.82470703125,25.878800993655766,25.206521900961462,25.214250873193382,27091200,before_trump
2015-05-04,25.83245086669922,25.88654191248813,25.670177729332487,25.708813769504435,21397300,before_trump
2015-05-05,25.404373168945312,25.762399781011446,25.34989098750291,25.68456894153836,29779200,before_trump
2015-05-06,25.07748031616211,25.521122637255132,24.85176672288847,25.295409043981493,31985400,before_trump
2015-05-07,25.093040466308594,25.39658481980719,25.04634019305671,25.116389118406808,21475300,before_trump
2015-05-08,25.528898239135742,25.59116527119201,25.170871711978712,25.303184701515026,26926500,before_trump
2015-05-11,25.44329071044922,25.45885747345322,25.240928729510095,25.435508813475447,18358600,before_trump
2015-05-12,25.100828170776367,25.29540823411572,24.906248107437015,25.24870795005406,24530200,before_trump
2015-05-13,25.404373168945312,25.606738102065272,25.116395500027437,25.116395500027437,20470800,before_trump
2015-05-14,25.661216735839844,25.78574784321406,25.50555210935812,25.575601042822107,21098900,before_trump
2015-05-15,25.676788330078125,25.77796783264491,25.489990149316657,25.75461917344586,17149700,before_trump
2015-05-18,26.003679275512695,26.003679275512695,25.567818869304578,25.669001332524626,23689500,before_trump
2015-05-19,25.801319122314453,25.980332434956175,25.676787993126457,25.964765672675636,21867100,before_trump
2015-05-20,25.97254180908203,26.073724256937073,25.692346088286936,25.7312644698851,21359800,before_trump
2015-05-21,26.112638473510742,26.12042333709609,25.739045185913216,25.84800952366389,21269800,before_trump
2015-05-22,26.034805297851562,26.08150259891905,25.93362286377991,26.050372054559144,20845000,before_trump
2015-05-26,25.76240348815918,25.910286261116713,25.560041494976026,25.894719497170833,28594500,before_trump
2015-05-27,26.237167358398438,26.3461316869668,25.78574328732161,25.84022545160579,30172700,before_trump
2015-05-28,26.470666885375977,26.57963419993106,26.213822780849767,26.26052305851623,27065700,before_trump
2015-05-29,26.820907592773438,27.046621114648815,26.62632758475438,26.64967920467427,43545500,before_trump
2015-06-01,26.392837524414062,26.922095491144077,26.213824236998896,26.750864099244396,46734500,before_trump
2015-06-02,25.89471435546875,26.268307708818558,25.79353189443983,26.18269200864455,36351100,before_trump
2015-06-03,25.474414825439453,25.871359712756966,25.3654504937226,25.81687457784318,38138700,before_trump
2015-06-04,25.147525787353516,25.46663693861859,25.06191009351677,25.303187446268513,33761800,before_trump
2015-06-05,24.781715393066406,25.13974197402878,24.773932012889663,25.124175213675294,27778500,before_trump
2015-06-08,24.361417770385742,24.867327007104667,24.291368844825513,24.758361187051126,38171600,before_trump
2015-06-09,24.32250213623047,24.641613245495595,24.244669832488984,24.38476768231811,33976700,before_trump
2015-06-10,24.766149520874023,25.030778518261517,24.415906307528008,24.485953762574788,33336800,before_trump
2015-06-11,24.789499282836914,24.984077853143532,24.781715902500167,24.867331601676366,24293600,before_trump
2015-06-12,24.37699317932129,24.984082103589095,24.283595568446977,24.688321023116092,31629800,before_trump
2015-06-15,24.43146514892578,24.524864205267892,24.081222027830048,24.221319870079398,23175000,before_trump
2015-06-16,24.626049041748047,24.71944811282955,24.229105587575418,24.33028803829104,20254500,before_trump
2015-06-17,24.867332458496094,24.97629681790896,24.664969016352163,24.711667815453666,28194200,before_trump
2015-06-18,25.202007293701172,25.295404880385448,24.906244805302595,24.96851184246261,27722400,before_trump
2015-06-19,24.96072769165039,25.349887777855177,24.875111997636406,25.21757477369235,39008400,before_trump
2015-06-22,25.10860824584961,25.209790702783234,24.968513341937722,25.10860824584961,23608400,before_trump
2015-06-23,24.976295471191406,25.17087552223869,24.851764357283386,25.14752686621092,17995900,before_trump
2015-06-24,24.836198806762695,25.022996971252237,24.81284866506949,25.022996971252237,23313900,before_trump
2015-06-25,24.89846420288086,25.155309821703487,24.89846420288086,24.921814344420383,22743300,before_trump
2015-06-26,24.143491744995117,24.54043520515785,23.941128325037965,24.524868445654707,62157200,before_trump
2015-06-29,23.65315055847168,24.11235959825324,23.5908850014434,23.894430890918247,35194500,before_trump
2015-06-30,23.676509857177734,23.886656750131422,23.46636296422405,23.839956450900456,34412200,before_trump
2015-07-01,23.48970603942871,23.77768370864647,23.35739153384733,23.730984908008367,27178900,before_trump
2015-07-02,23.785459518432617,24.06565520212924,23.42743301995594,23.489698562496567,27105200,before_trump
2015-07-06,23.380739212036133,23.699850371062837,23.22507458027913,23.53640235926519,32468100,before_trump
2015-07-07,23.271774291992188,23.295124433033205,22.641335329164807,23.24842563547918,43833700,before_trump
2015-07-08,22.96044921875,23.092763731256127,22.688036812469363,22.882616890594363,45223800,before_trump
2015-07-09,22.51681137084961,23.26399830735966,22.431195644342985,23.13168376845328,47167800,before_trump
2015-07-10,22.703603744506836,22.84370163932729,22.524590427582122,22.72695388848631,31423800,before_trump
2015-07-13,23.13945770263672,23.209506634897203,22.719165593601687,22.78143114621902,26452400,before_trump
2015-07-14,23.077194213867188,23.435222286832055,22.91374768032723,23.084977594206425,39778300,before_trump
2015-07-15,23.10832405090332,23.3418194857406,22.93709267979673,23.077190534510205,47852500,before_trump
2015-07-16,23.271774291992188,23.723199960422463,22.64911870951181,23.715416580075455,81166700,before_trump
2015-07-17,22.937091827392578,23.19393738997962,22.64911423409714,23.08497305570867,43697600,before_trump
2015-07-20,22.64911460876465,23.053841406362878,22.625764471951303,23.053841406362878,33812900,before_trump
2015-07-21,22.35335922241211,22.773652910915136,22.314443799933628,22.540155922459608,45191000,before_trump
2015-07-22,22.267736434936523,22.45453306316766,22.127638592631264,22.23660292130085,36387200,before_trump
2015-07-23,22.259958267211914,22.547935913114472,22.12764377234296,22.306657064069196,33775200,before_trump
2015-07-24,21.83966064453125,22.29108622360044,21.83966064453125,22.20547202578699,31621000,before_trump
2015-07-27,22.065380096435547,22.119862278169148,21.49720665188784,21.847449884973035,42161100,before_trump
2015-07-28,22.540151596069336,22.71138298497596,22.135426232580787,22.18990840740456,33182400,before_trump
2015-07-29,22.579069137573242,22.67246673006149,22.407839228326146,22.53237034132912,26470200,before_trump
2015-07-30,22.501230239868164,22.921523736725725,22.45453145728206,22.64911145000629,26582400,before_trump
2015-07-31,22.532371520996094,22.664686021054987,22.39227364040103,22.664686021054987,27158800,before_trump
2015-08-03,22.610197067260742,22.843693975131284,22.493449355589316,22.571281658212833,26213600,before_trump
2015-08-04,22.672470092773438,22.688036855339618,22.462324736242778,22.555722342583476,25741700,before_trump
2015-08-05,22.852970123291016,23.064861216290353,22.774491219988022,22.90790490654494,23622700,before_trump
2015-08-06,22.766639709472656,22.93929207293202,22.641074082073057,22.88435729805224,27958200,before_trump
2015-08-07,22.66461753845215,22.727400354469893,22.515509285947754,22.6018347224344,25606100,before_trump
2015-08-10,23.26105308532715,23.29244523912956,22.805877333214145,22.81372537166475,22807400,before_trump
2015-08-11,22.735244750976562,23.13548570028641,22.727396713124193,23.12763766243404,23758900,before_trump
2015-08-12,23.119796752929688,23.206123699062108,22.491968499768365,22.491968499768365,33589100,before_trump
2015-08-13,22.656774520874023,23.111950382028628,22.656774520874023,23.07271018037526,18821900,before_trump
2015-08-14,22.774492263793945,22.790188344546046,22.617534449994224,22.696013356894085,14302700,before_trump
2015-08-17,22.821575164794922,22.915750136582698,22.531203707237985,22.625378679025758,15548300,before_trump
2015-08-18,22.68816566467285,22.798035237902237,22.601838716072233,22.71955782665877,19182600,before_trump
2015-08-19,22.25653076171875,22.6018355134714,22.19374794350368,22.484117916425703,30530100,before_trump
2015-08-20,21.605159759521484,22.162357117550858,21.605159759521484,21.997552771157004,31936600,before_trump
2015-08-21,20.843915939331055,21.683636727828237,20.843915939331055,21.448201524330894,52288400,before_trump
2015-08-24,20.600627899169922,21.683631678679237,19.517624119660606,19.77660338194719,83234200,before_trump
2015-08-25,20.302413940429688,21.306939035810395,20.302413940429688,21.220613595963904,59371900,before_trump
2015-08-26,21.424654006958008,21.456046160770654,20.46721576857655,20.80467393776108,47386700,before_trump
2015-08-27,21.754262924194336,21.90337265276621,21.19706569684396,21.754262924194336,38649400,before_trump
2015-08-28,22.303617477416992,22.45272723184169,21.542375620262256,21.71502799595475,43452400,before_trump
2015-08-31,22.39778709411621,22.86080933163764,22.099567656619584,22.232981300371215,42401800,before_trump
2015-09-01,21.832744598388672,22.107419976598283,21.70717896781177,21.903375452695727,44144000,before_trump
2015-09-02,22.444881439208984,22.444881439208984,22.08387907607486,22.248684925748872,34618800,before_trump
2015-09-03,22.821575164794922,23.08840250518982,22.515509125990352,22.601834561863715,38665900,before_trump
2015-09-04,22.382095336914062,22.680313335080687,22.295768404638817,22.42133403511533,29116500,before_trump
2015-09-08,23.15118408203125,23.15118408203125,22.719552435178183,22.743095054220156,27805000,before_trump
2015-09-09,22.947141647338867,23.637754141111728,22.892206868782935,23.323838554745635,30774100,before_trump
2015-09-10,22.970684051513672,23.276750078838287,22.680312604848012,22.90005319953717,25195800,before_trump
2015-09-11,23.127641677856445,23.166881873931178,22.790184972776302,22.821575632775662,21786900,before_trump
2015-09-14,23.064857482910156,23.17472852849437,22.82942230797033,23.127640296018136,24065100,before_trump
2015-09-15,23.33169174194336,23.496497610834002,23.13549520560641,23.198278037359803,29819000,before_trump
2015-09-16,23.36307716369629,23.378773241319962,23.072705715099687,23.24535957523942,25957800,before_trump
2015-09-17,23.315988540649414,23.700534951692617,23.190422915481957,23.2453591862455,29805200,before_trump
2015-09-18,22.774492263793945,23.088406394532736,22.609686409618174,22.931448580733015,60693400,before_trump
2015-09-21,22.884357452392578,23.025619158384934,22.711705087768784,22.829422677142297,24417100,before_trump
2015-09-22,22.499814987182617,22.680315410401416,22.350705226025095,22.499814987182617,28576200,before_trump
2015-09-23,22.55474853515625,22.829423923260865,22.437030939357253,22.77448914501203,25984000,before_trump
2015-09-24,22.3507022857666,22.499812027308575,21.871983900069193,22.272223395646595,32754700,before_trump
2015-09-25,22.609678268432617,22.85296294190746,22.468416586249834,22.711701259724677,29192300,before_trump
2015-09-28,22.57044219970703,23.041314029400723,22.476267235024178,22.50765938887189,42291000,before_trump
2015-09-29,22.947141647338867,23.03346858327559,22.5704447399321,22.625379518488028,34169600,before_trump
2015-09-30,23.653446197509766,23.794707896920183,23.182575861955428,23.198270442109695,41051700,before_trump
2015-10-01,23.543575286865234,23.76331586174565,23.119790213208763,23.708379595380393,29832800,before_trump
2015-10-02,23.943819046020508,23.95951512396015,23.17472918930275,23.284598741159463,27901500,before_trump
2015-10-05,24.493173599243164,24.626587296862393,23.983062930767545,24.116476628386774,34842500,before_trump
2015-10-06,24.909107208251953,24.995434146373533,24.414692691874937,24.45393139273357,34899800,before_trump
2015-10-07,25.36427879333496,25.442756181963208,24.893406977264288,25.11314755726,36930100,before_trump
2015-10-08,25.5212345123291,25.5840158194398,25.097449462880995,25.293645912397313,27794600,before_trump
2015-10-09,25.223018646240234,25.544780749308664,25.066062362494357,25.40351904613514,24209900,before_trump
2015-10-12,25.27796173095703,25.364288688357945,25.113157354312552,25.23872302133525,18795000,before_trump
2015-10-13,25.144546508789062,25.489851303325622,25.097458266648093,25.136696971571588,35588600,before_trump
2015-10-14,25.740976333618164,25.84299933653087,24.21064476167011,24.63442835962824,75954800,before_trump
2015-10-15,25.701745986938477,25.945030767150012,25.47415728871364,25.772376859017857,37634800,before_trump
2015-10-16,25.929332733154297,26.05489838587354,25.489851451776303,25.701744052062764,29371300,before_trump
2015-10-19,26.3609619140625,26.384504536120286,25.795915034907566,25.803764571407502,37624000,before_trump
2015-10-20,26.243240356445312,26.447286374223424,26.14122034127699,26.21185119455084,24416100,before_trump
2015-10-21,26.18830680847168,26.721961504060605,26.14906810897385,26.42374199917953,31928800,before_trump
2015-10-22,26.996644973754883,27.075122391894922,26.36096710942279,26.447294065609796,39572600,before_trump
2015-10-23,27.389026641845703,27.491046644182706,26.996633727170096,27.106503264284008,42796600,before_trump
2015-10-26,27.1457462310791,27.436116195415824,27.114354074469503,27.287007942101468,22646900,before_trump
2015-10-27,27.051570892333984,27.114352207509544,26.92600526826224,27.004482660661846,22630100,before_trump
2015-10-28,27.239919662475586,27.239919662475586,26.7768958312669,27.0515727105688,21908400,before_trump
2015-10-29,26.706260681152344,26.910306672245703,26.502217683779328,26.839675828208822,21325200,before_trump
2015-10-30,26.572853088378906,26.91031129072462,26.572853088378906,26.76120004232204,24693900,before_trump
2015-11-02,26.769044876098633,26.90245702889615,26.40019458164848,26.470825425400204,21743100,before_trump
2015-11-03,26.926008224487305,27.004485625502998,26.667027412437804,26.682723491385133,18167000,before_trump
2015-11-04,26.989240646362305,27.084077539634187,26.79166202673977,27.084077539634187,20762100,before_trump
2015-11-05,26.870683670043945,27.028747118123754,26.65729846735763,26.949713886679092,16486100,before_trump
2015-11-06,26.744234085083008,26.846975780748124,26.404398719644963,26.815362487495847,23701700,before_trump
2015-11-09,26.356977462768555,26.73633093322131,26.143595281001843,26.554556013508375,24168700,before_trump
2015-11-10,26.246334075927734,26.293754013652055,25.930210202193926,26.214720784111524,22451700,before_trump
2015-11-11,25.969724655151367,26.38068839397799,25.922304718621977,26.20681830817959,19864700,before_trump
2015-11-12,25.606185913085938,26.017146718316265,25.598281081364224,25.85118142987979,23265400,before_trump
2015-11-13,25.37698745727539,25.59037263634382,25.25843913063431,25.503437598781588,23673200,before_trump
2015-11-16,25.369083404541016,25.49553354991981,25.234731444055104,25.361181589433897,29899700,before_trump
2015-11-17,25.795854568481445,25.985531299783236,25.297955786772444,25.408602305337283,22636400,before_trump
2015-11-18,26.206823348999023,26.270049943199695,25.780052882574328,25.86698794219528,18619800,before_trump
2015-11-19,27.107769012451172,27.447604266307216,26.18310309950002,26.254231478558463,45381600,before_trump
2015-11-20,27.392292022705078,27.890190848683208,27.250035215282754,27.250035215282754,41137700,before_trump
2015-11-23,27.25004005432129,27.542455537145337,27.1947182877008,27.392296887005458,20152900,before_trump
2015-11-24,27.155202865600586,27.21842644896621,26.791658970520377,27.131494398689743,21413500,before_trump
2015-11-25,27.226318359375,27.455510146771175,26.98131992993681,27.0761567673802,17939400,before_trump
2015-11-27,27.23422622680664,27.408096313109176,27.186809304949133,27.297452809029156,6620900,before_trump
2015-11-30,27.479228973388672,27.581970678033258,27.21052198687888,27.305358860114737,21785800,before_trump
2015-12-01,27.73212432861328,27.819059369628604,27.4318041000538,27.66099593276523,23560200,before_trump
2015-12-02,27.52664566040039,27.985026339145318,27.510839014263052,27.732126030566846,18688200,before_trump
2015-12-03,26.902297973632812,27.653097119120428,26.87068467986689,27.63729047223747,30131100,before_trump
2015-12-04,27.613576889038086,27.684705287183217,26.870682631040697,26.957617674863567,24901000,before_trump
2015-12-07,27.653099060058594,27.7953528623706,27.46342229895952,27.49503559494434,17731900,before_trump
2015-12-08,27.463424682617188,27.621488161450387,27.202619490320895,27.400198085159868,13380200,before_trump
2015-12-09,27.510845184326172,27.834873965790294,27.273748453900094,27.566166950809546,22548300,before_trump
2015-12-10,27.479228973388672,27.716322663883233,27.392293916751704,27.542452550609294,17400700,before_trump
2015-12-11,27.084070205688477,27.384390470339596,27.028748448359277,27.115683499822207,21251400,before_trump
2015-12-14,27.24212646484375,27.250028278884884,26.775841051386237,27.170998079238064,19357100,before_trump
2015-12-15,27.803247451782227,27.937599388011204,27.376477157627715,27.384381986116907,24365900,before_trump
2015-12-16,27.898088455200195,28.032443426297217,27.47922292699789,27.945508388788998,23257900,before_trump
2015-12-17,27.589872360229492,27.953416218204154,27.471324008154795,27.913901105782532,24963600,before_trump
2015-12-18,26.7679443359375,27.463421759903376,26.760042519501315,27.44761511222122,41336600,before_trump
2015-12-21,27.060361862182617,27.10777878878328,26.7284283019296,26.95762016319839,18006800,before_trump
2015-12-22,27.447616577148438,27.487131691057925,27.084072705485266,27.155201116446317,18422000,before_trump
2015-12-23,27.660995483398438,27.700510588270014,27.4871254041924,27.62148037852686,12526500,before_trump
2015-12-24,27.645191192626953,27.866478210598977,27.62938454637045,27.71631959337646,5893800,before_trump
2015-12-28,27.605670928955078,27.660992673116596,27.321157379090735,27.62147757225965,9449400,before_trump
2015-12-29,28.008731842041016,28.127280168142615,27.668896523012883,27.668896523012883,14188600,before_trump
2015-12-30,27.653099060058594,28.016642919454487,27.621485764073775,27.961321158885976,11566800,before_trump
2015-12-31,27.226318359375,27.62937717961594,27.21841353094964,27.518733700130532,14736700,before_trump
2016-01-04,26.8627872467041,26.87859088135592,26.443918572988043,26.7758521820685,27882200,before_trump
2016-01-05,26.73633575439453,26.87068774601582,26.499239038905237,26.839074448642588,16709500,before_trump
2016-01-06,26.143598556518555,26.491335764057048,25.922308501894236,26.277950540745994,25491300,before_trump
2016-01-07,25.163602828979492,26.08826894370563,25.163602828979492,25.511339972030395,37680500,before_trump
2016-01-08,24.902807235717773,25.463931250572195,24.83958214322482,25.361189533142955,29953800,before_trump
2016-01-11,25.33747673034668,25.463926893696975,25.03715646183609,25.139896654281387,27732400,before_trump
2016-01-12,25.82746696472168,25.993432214605118,25.503438280031,25.89069052975902,28587700,before_trump
2016-01-13,25.218929290771484,26.025050241692853,25.155704206821078,25.89069524246772,34445700,before_trump
2016-01-14,25.874889373779297,25.977628053640068,25.131992063591735,25.266345543803464,48728200,before_trump
2016-01-15,23.519752502441406,24.104584872559183,23.274755504498582,23.49604253203217,76373900,before_trump
2016-01-19,23.551362991333008,23.756844868010727,23.298462683854197,23.693619791141025,28878100,before_trump
2016-01-20,23.38539695739746,23.60668547283454,23.08507672163252,23.195721733053404,39598200,before_trump
2016-01-21,23.440717697143555,23.733134597507533,23.108785692024405,23.432814374711597,30157400,before_trump
2016-01-22,23.654104232788086,23.899101212565654,23.32217220869392,23.804264352770012,25326500,before_trump
2016-01-25,23.393301010131836,23.883294978125846,23.36959104107223,23.70152307088306,26441000,before_trump
2016-01-26,23.662006378173828,23.74893991075962,23.40120276560718,23.40120276560718,24754900,before_trump
2016-01-27,23.559263229370117,23.883291894322596,23.424909770189487,23.61458497596134,26384100,before_trump
2016-01-28,23.685718536376953,23.851685319780337,23.511849936654006,23.725235154999126,22028100,before_trump
2016-01-29,24.51555061340332,24.523453937506495,23.788461377365795,23.87539492769081,38311400,before_trump
2016-02-01,24.357484817504883,24.594579995718263,24.215228012057814,24.278453091433757,19015100,before_trump
2016-02-02,23.551362991333008,24.096680221462158,23.417009514559297,24.065068436729675,24994300,before_trump
2016-02-03,23.391908645629883,23.69487066362034,22.73814730101446,23.69487066362034,44660100,before_trump
2016-02-04,23.7347354888916,23.82243418152682,23.20853725039107,23.232454384440537,29257800,before_trump
2016-02-05,23.152732849121094,23.726766982320243,23.049086846873102,23.583258068852306,27957500,before_trump
2016-02-08,22.97732925415039,23.10489237745126,22.56274834308638,22.913547692499957,28725900,before_trump
2016-02-09,22.969350814819336,23.240422766455968,22.65044308367977,22.714224629907683,22902600,before_trump
2016-02-10,22.506938934326172,23.12083739565492,22.47504891487488,23.025164295956383,27267800,before_trump
2016-02-11,22.49896812438965,22.650449912603456,22.06844293771945,22.188033182868256,28450200,before_trump
2016-02-12,22.833820343017578,22.881657654723547,22.43518520283544,22.77801166669966,19699000,before_trump
2016-02-16,22.94544219970703,23.080978225818335,22.610588577589258,22.921523540744126,30705200,before_trump
2016-02-17,23.495555877685547,23.615147642705672,22.905576020987606,23.00922201458205,27691700,before_trump
2016-02-18,23.4556884765625,23.726760456181946,23.42379693982037,23.543388681931194,20623300,before_trump
2016-02-19,22.889625549316406,23.38393371730202,22.889625549316406,23.280289265662795,42056700,before_trump
2016-02-22,23.399879455566406,23.551361211466094,23.120834595963455,23.208534800011506,23893100,before_trump
2016-02-23,22.96138572692871,23.399885336705797,22.801932567560023,23.360020906359228,26638200,before_trump
2016-02-24,23.272315979003906,23.360014660974738,22.62652606609652,22.738144920552678,21593600,before_trump
2016-02-25,23.61514663696289,23.61514663696289,23.080975482332114,23.375964637781596,17571400,before_trump
2016-02-26,23.758651733398438,23.981887940426585,23.678925928655474,23.82243328959616,19902200,before_trump
2016-02-29,23.59122657775879,24.02972460250297,23.583253692859692,23.694871040102434,22903100,before_trump
2016-03-01,24.213096618652344,24.34065972886979,23.718788426055575,23.86229730521826,25502600,before_trump
2016-03-02,24.348630905151367,24.611729991601024,24.013777384154345,24.15728473257697,23779800,before_trump
2016-03-03,24.380525588989258,24.994424081823706,24.34863556790135,24.819023643486773,25625200,before_trump
2016-03-04,24.420391082763672,24.603764425968386,23.957974322954644,24.316746602406724,20356800,before_trump
2016-03-07,24.667543411254883,24.811052308000864,24.316744054839415,24.388498503212407,18858200,before_trump
2016-03-08,24.36458396911621,24.619710263975122,24.221075048089904,24.57984735065567,19104900,before_trump
2016-03-09,24.611738204956055,24.747274235368195,24.45228351482202,24.5798466586602,14707800,before_trump
2016-03-10,24.91469955444336,25.03428980817017,24.22107364975172,24.826999325396493,29584800,before_trump
2016-03-11,25.32130241394043,25.34522106802425,25.13793062798125,25.249547972361228,22811200,before_trump
2016-03-14,25.058202743530273,25.265493178955833,24.954556765481378,25.241574525404804,17438600,before_trump
2016-03-15,25.233604431152344,25.233604431152344,24.76321483733997,24.986451066484413,16927700,before_trump
2016-03-16,25.265499114990234,25.35319782393736,24.850918146734873,25.106044428531224,26298400,before_trump
2016-03-17,25.4967041015625,25.64818436529747,25.27346938840678,25.3213051811298,22865300,before_trump
2016-03-18,26.054792404174805,26.062763768602746,25.560485693335846,25.640211502994013,49934200,before_trump
2016-03-21,25.783714294433594,25.847494318804316,25.472779452434402,25.69601409974788,21760900,before_trump
2016-03-22,25.767770767211914,25.879388100568146,25.47278166600698,25.640207666041327,22200400,before_trump
2016-03-23,25.512643814086914,25.88736174333644,25.496698046741813,25.88736174333644,18765300,before_trump
2016-03-24,25.416969299316406,25.47277948188128,25.27346196330841,25.40899793676484,14211900,before_trump
2016-03-28,25.43292236328125,25.512649697721113,25.20968765165654,25.409005227419986,11433000,before_trump
2016-03-29,25.815608978271484,25.86344324205205,25.29738215079021,25.456836793195553,15313200,before_trump
2016-03-30,26.07870864868164,26.110600187994258,25.743856609932916,25.8714197258388,16598000,before_trump
2016-03-31,25.79169464111328,26.038849544834335,25.767777503811093,25.93520354761647,17880000,before_trump
2016-04-01,25.871421813964844,25.887367584908162,25.592375384474014,25.727912916819808,18049700,before_trump
2016-04-04,25.512643814086914,25.815607310955556,25.30535340061681,25.672098446193786,21581600,before_trump
2016-04-05,25.43292236328125,25.60832128251101,25.28941346542398,25.42494947777002,20080000,before_trump
2016-04-06,25.576427459716797,25.696016155483232,25.32927262231542,25.488725737342772,15740600,before_trump
2016-04-07,25.153879165649414,25.43292409485116,24.994426006585936,25.424951208797108,23738200,before_trump
2016-04-08,25.2176570892334,25.528593517718274,25.09806685704951,25.321303072285794,17031900,before_trump
2016-04-11,25.24954605102539,25.783717119538828,25.24157316693747,25.4329178230311,19707700,before_trump
2016-04-12,25.40103530883789,25.464816879705204,25.0183443629614,25.41697956105027,16774200,before_trump
2016-04-13,25.616291046142578,25.656153945801773,25.472782174294046,25.488726421754436,19968100,before_trump
2016-04-14,25.353191375732422,25.42494581432205,25.153873828688386,25.337247127679774,21620900,before_trump
2016-04-15,25.082120895385742,25.42494734018354,25.01833933733073,25.345221533118995,28782800,before_trump
2016-04-18,25.233604431152344,25.289413108270356,25.018341087406533,25.05820551439968,21566600,before_trump
2016-04-19,25.193744659423828,25.36117071160892,25.03428997295676,25.273472002657364,33619300,before_trump
2016-04-20,25.512649536132812,25.71993847542217,24.9146968126297,24.970505490182404,57629800,before_trump
2016-04-21,25.488727569580078,25.560483529407854,25.361164460119575,25.464810436976368,28431400,before_trump
2016-04-22,25.225631713867188,25.401032152461188,24.89077812825513,25.305359047712425,29625600,before_trump
2016-04-25,25.026309967041016,25.114010171716068,24.874829730730493,25.002392835345752,19315700,before_trump
2016-04-26,25.034286499023438,25.273468495533468,24.85091469950308,25.026313613739198,20976400,before_trump
2016-04-27,25.313337326049805,25.35320024112882,24.866866290339342,24.914702092568707,20006200,before_trump
2016-04-28,24.80307960510254,25.281440570213345,24.739298041709603,25.07415162969062,25146400,before_trump
2016-04-29,24.141342163085938,24.611731701953385,23.99783328401828,24.603758817486046,36443700,before_trump
2016-05-02,24.40443992614746,24.46822147770746,24.20512238743844,24.276876823027457,21086600,before_trump
2016-05-03,24.205121994018555,24.364575109990803,23.9898586907503,24.24498489284359,27111100,before_trump
2016-05-04,24.00408172607422,24.293577142413557,23.883458508115538,24.261411666734713,23278800,before_trump
2016-05-05,24.044294357299805,24.140793873636344,23.923671112234967,24.020170628571503,23393300,before_trump
2016-05-06,24.156875610351562,24.213166351666324,23.738713626573794,23.811087875066395,19632200,before_trump
2016-05-09,23.9638729095459,24.261411611385444,23.931707433940435,24.189037374013864,16888300,before_trump
2016-05-10,24.23729133605957,24.269458352084076,23.979961343094523,24.1247098475893,17013800,before_trump
2016-05-11,24.172958374023438,24.325748629592823,24.10058412316466,24.253374378734048,15754200,before_trump
2016-05-12,23.93170738220215,24.317702291477808,23.778917155436083,24.213162578726767,20826700,before_trump
2016-05-13,24.052335739135742,24.285542005284352,23.99604499456408,24.012128502672486,19999600,before_trump
2016-05-16,24.438331604003906,24.575038360193986,24.02821133543366,24.044294844116685,21826100,before_trump
2016-05-17,24.10862159729004,24.583074253670027,24.01212363581365,24.583074253670027,25709900,before_trump
2016-05-18,24.116666793823242,24.325747785290925,23.94779457021915,24.148833808114116,22469900,before_trump
2016-05-19,23.827171325683594,24.068419346885147,23.722631590161686,23.939754349100756,21740900,before_trump
2016-05-20,24.24533462524414,24.430290377672925,23.883464874901897,23.907588604640008,22777300,before_trump
2016-05-23,24.30967140197754,24.510710698786102,24.22925537649249,24.30967140197754,20881900,before_trump
2016-05-24,24.97711753845215,25.025368065783983,24.48658278104129,24.526790020009965,23699200,before_trump
2016-05-25,25.242483139038086,25.38723161806863,25.049485678266514,25.089694441223596,18359600,before_trump
2016-05-26,25.322898864746094,25.43548033222661,25.250524625992202,25.322898864746094,12692300,before_trump
2016-05-27,25.387231826782227,25.45156431423497,25.290733862506848,25.411357084754815,13341300,before_trump
2016-05-31,25.4033203125,25.45156930409706,25.178155795367413,25.33898781243466,23040200,before_trump
2016-06-01,25.459609985351562,25.507858974915194,25.30681972895771,25.42744450357838,17753500,before_trump
2016-06-02,25.540021896362305,25.540021896362305,25.29073370080275,25.379189911855025,14140100,before_trump
2016-06-03,25.427444458007812,25.52394243696214,25.250528940245346,25.52394243696214,15777500,before_trump
2016-06-06,25.475690841674805,25.588272316875234,25.395274844899827,25.443523829441787,15139600,before_trump
2016-06-07,25.636520385742188,25.749103390728987,25.491773437286316,25.53198066733392,19339100,before_trump
2016-06-08,25.644567489624023,25.733025254755752,25.564153012749177,25.572193233390397,12732100,before_trump
2016-06-09,25.684770584106445,25.73301956632721,25.475689616073137,25.475689616073137,11276800,before_trump
2016-06-10,25.76519012451172,25.926022132468532,25.451567862376702,25.491776631269758,35749100,before_trump
2016-06-13,25.86972999572754,26.135103286165634,25.765191791266112,25.77323201175714,23004800,before_trump
2016-06-14,25.845603942871094,25.926021478629117,25.564150236756323,25.741062680193327,18754300,before_trump
2016-06-15,25.41939926147461,25.942099388666634,25.403315755891235,25.934059169682463,23783300,before_trump
2016-06-16,25.483734130859375,25.548066625395723,25.10577938337663,25.28269489370733,18547900,before_trump
2016-06-17,25.540021896362305,25.580229125585387,25.306815672207495,25.51589663854397,27047900,before_trump
2016-06-20,25.86972999572754,26.086852760372633,25.74106499456181,25.78931552035481,21961600,before_trump
2016-06-21,25.990346908569336,26.038597419755874,25.80539121710961,25.942096397382794,15476500,before_trump
2016-06-22,25.966230392456055,26.239643896489806,25.93406337607196,25.974270612744316,18304800,before_trump
2016-06-23,26.52914047241211,26.53718069256814,26.1351021972262,26.199436228936335,22048800,before_trump
2016-06-24,25.37115478515625,25.990356093269607,25.25053153217767,25.572194051389843,38094300,before_trump
2016-06-27,24.703699111938477,25.258567795578916,24.47853616434514,25.258567795578916,34965100,before_trump
2016-06-28,25.081655502319336,25.089697255812887,24.776075004795064,24.904739993076554,23693900,before_trump
2016-06-29,25.67673110961914,25.716938342735943,25.178153136409613,25.210320149949155,22771100,before_trump
2016-06-30,26.376344680786133,26.44067870273965,25.708894541093414,25.733019799325984,34528900,before_trump
2016-07-01,26.33614158630371,26.448723074785462,26.110978609340208,26.247683826035054,17084600,before_trump
2016-07-05,26.279848098754883,26.3200553307847,26.102932596685466,26.135099609355393,20107200,before_trump
2016-07-06,26.513057708740234,26.537181437500983,26.038604948213624,26.376349421326353,21070200,before_trump
2016-07-07,26.69801902770996,26.97947281406605,26.505019954482783,26.505019954482783,26119400,before_trump
2016-07-08,27.341341018676758,27.341341018676758,26.939262474284455,27.059887264648484,23341900,before_trump
2016-07-11,27.646915435791016,27.743413406097368,27.37350196357704,27.37350196357704,23820700,before_trump
2016-07-12,28.097240447998047,28.121367240518083,27.72732901725153,27.7514527421565,28064100,before_trump
2016-07-13,28.153535842895508,28.346534876914717,28.048997639266695,28.177662639407643,29120900,before_trump
2016-07-14,28.306325912475586,28.386740382301454,28.113326890231956,28.250035170074398,25296400,before_trump
2016-07-15,28.2017822265625,28.37869772613016,28.06507702607122,28.354570933161305,23661900,before_trump
2016-07-18,28.185697555541992,28.30632231255546,28.10528309594301,28.290238807112665,19347200,before_trump
2016-07-19,28.266115188598633,28.274155407542636,28.024865673668334,28.057032684674375,20395400,before_trump
2016-07-20,28.700363159179688,28.893362195208088,28.193746441384405,28.386742409797197,42994200,before_trump
2016-07-21,27.55846405029297,27.73537959306455,27.228759763610576,27.606714580398638,63708600,before_trump
2016-07-22,27.8720703125,27.90423731581941,27.550406414534446,27.646907424492678,33033700,before_trump
2016-07-25,27.896202087402344,27.95249282566053,27.799704117190476,27.83991134914416,20277700,before_trump
2016-07-26,28.217866897583008,28.330448377368246,27.904246184576927,27.944453417698043,29644400,before_trump
2016-07-27,28.008787155151367,28.370655317114693,27.847955156714765,28.145492359872584,23601800,before_trump
2016-07-28,27.96053695678711,28.008787477157373,27.759497723333894,28.008787477157373,21667400,before_trump
2016-07-29,28.032917022705078,28.081164485475462,27.823834458647106,27.96054276093361,18171200,before_trump
2016-08-01,28.024866104125977,28.07311662137616,27.791662939787745,28.000742379308416,18824400,before_trump
2016-08-02,27.79167366027832,28.04096042652766,27.606717874229496,27.99271295828133,20057300,before_trump
2016-08-03,27.75115394592285,27.775460536943502,27.540489611717028,27.6296148090823,18388800,before_trump
2016-08-04,28.018531799316406,28.050939548944736,27.726840416586338,27.783557842020755,16362600,before_trump
2016-08-05,28.342634201049805,28.464173321496382,28.1157644731423,28.1967884928612,20046200,before_trump
2016-08-08,28.391254425048828,28.496585047192493,28.24540869652981,28.27781954528263,19497300,before_trump
2016-08-09,28.294021606445312,28.48848360622175,28.22920300043225,28.391254151767843,12578900,before_trump
2016-08-10,27.9780216217041,28.358841337311606,27.95371503249287,28.358841337311606,19579000,before_trump
2016-08-11,28.09956169128418,28.148177962204482,27.94561480300599,28.083356267644078,16364100,before_trump
2016-08-12,28.010427474975586,28.1643743306527,27.905093789055528,27.969915469888754,15708300,before_trump
2016-08-15,28.285913467407227,28.488476583928584,28.059043765981027,28.11576119133758,18931100,before_trump
2016-08-16,28.528987884521484,28.528987884521484,28.172477920960525,28.172477920960525,16320900,before_trump
2016-08-17,28.375043869018555,28.528990736450005,28.172480737250176,28.49657989355872,18221600,before_trump
2016-08-18,28.33452796936035,28.431757393812568,28.156271448808226,28.326423714316526,16085200,before_trump
2016-08-19,28.55330467224121,28.577611262600495,28.148178348287477,28.2292023767308,16417600,before_trump
2016-08-22,28.650527954101562,28.72345080034263,28.456066000502748,28.52088768199165,14941400,before_trump
2016-08-23,28.682941436767578,28.917912326637758,28.60191432744322,28.76396545522375,18316000,before_trump
2016-08-24,28.480382919311523,28.691047255988497,28.375049205538694,28.61812439120249,16343500,before_trump
2016-08-25,28.431760787963867,28.537094480034526,28.27781392329755,28.399349945654734,12428000,before_trump
2016-08-26,28.569501876831055,28.828785521217487,28.399349593122338,28.447965855982545,14469900,before_trump
2016-08-29,28.804479598999023,28.901709046525227,28.48038041028887,28.747762163703037,15264300,before_trump
2016-08-30,28.926015853881836,28.958426696794614,28.78017015164243,28.836887581305746,15183200,before_trump
2016-08-31,29.079967498779297,29.08807175627294,28.828791152111336,28.86119890948008,20562700,before_trump
2016-09-01,29.185293197631836,29.201498617301503,28.82878323750247,29.16098661356122,18925800,before_trump
2016-09-02,29.23391342163086,29.436476558673643,29.128579724925526,29.339244027468016,16726700,before_trump
2016-09-06,29.630939483642578,29.655246074327472,29.306837183790492,29.47699259119057,22337800,before_trump
2016-09-07,29.54180335998535,29.69575330246714,29.47698477173074,29.69575330246714,18495600,before_trump
2016-09-08,29.525596618652344,29.6471357161329,29.266316095503626,29.45267377833754,20356500,before_trump
2016-09-09,28.715349197387695,29.485089736402053,28.715349197387695,29.250115755600206,29457900,before_trump
2016-09-12,29.23391342163086,29.26632117449789,28.407455451592135,28.51278605742929,22796600,before_trump
2016-09-13,28.853092193603516,29.07186074082746,28.61811822537765,28.966527049748965,23591300,before_trump
2016-09-14,28.861196517944336,29.023247654834385,28.682943049146797,28.772068238111387,14074500,before_trump
2016-09-15,29.62283706665039,29.695759926495587,28.7963790186943,28.958430161780125,23736000,before_trump
2016-09-16,30.5222110748291,30.830107899184018,30.181906498595843,30.562726173696184,74577900,before_trump
2016-09-19,30.108989715576172,30.805807520710466,30.05227227477396,30.53842265046971,30531700,before_trump
2016-09-20,30.092782974243164,30.32775698492472,29.930731825812142,30.319652727525455,24796900,before_trump
2016-09-21,30.34396743774414,30.352068605617436,29.86591817062349,30.14950540922511,21233700,before_trump
2016-09-22,30.42498779296875,30.651860647226048,30.335859502817886,30.46549980916404,17013400,before_trump
2016-09-23,30.13328742980957,30.506005904966436,30.076570005716356,30.343954797185337,18062500,before_trump
2016-09-26,29.695762634277344,29.93073356776551,29.655247526660197,29.914528142892404,25518800,before_trump
2016-09-27,30.125198364257812,30.157609217004506,29.679559957032385,29.89832857676902,22391600,before_trump
2016-09-28,30.335847854614258,30.384464109902414,30.100877014557,30.230517271124548,19020800,before_trump
2016-09-29,30.23862075805664,30.408773028336228,29.979340225001724,30.376365279855182,17675000,before_trump
2016-09-30,30.5870361328125,30.72477759336991,30.33585671013505,30.360166390309274,24279300,before_trump
2016-10-03,30.514110565185547,30.749084543843555,30.408776869430554,30.538417152333565,14113600,before_trump
2016-10-04,30.416881561279297,30.740980727743686,30.24672926707038,30.603239277441666,14393100,before_trump
2016-10-05,30.7814998626709,31.040780466174255,30.497909577616937,30.58703786460908,22420800,before_trump
2016-10-06,30.846315383911133,30.91923823953447,30.449293351748295,30.659957661955556,15171400,before_trump
2016-10-07,30.87061309814453,30.96784560493754,30.611332595097984,30.8544107712131,16942500,before_trump
2016-10-10,30.8057918548584,31.081277751889836,30.708562447337638,30.9921495071345,14954300,before_trump
2016-10-11,30.1981143951416,30.789598414838242,29.833500111529062,30.716675558115735,27650500,before_trump
2016-10-12,30.084672927856445,30.181902351869187,29.82539240324403,30.141390349436183,14053900,before_trump
2016-10-13,29.955039978027344,30.084680271980705,29.541809416078976,29.857807439411015,16936000,before_trump
2016-10-14,30.34396743774414,30.546530634136467,30.108993388120464,30.133299982609433,19123900,before_trump
2016-10-17,30.214324951171875,30.56273387127663,30.173812932969458,30.42498930034577,15788100,before_trump
2016-10-18,30.587034225463867,30.830109375969403,30.408777672687965,30.76529077823977,42907800,before_trump
2016-10-19,28.772064208984375,29.24201213106903,28.545194503629258,29.22580671056253,75229000,before_trump
2016-10-20,28.70724868774414,28.901707572881456,28.439863857095016,28.691043265504653,25669500,before_trump
2016-10-21,28.480379104614258,28.68294224734731,28.204893106862578,28.5289922807145,20813200,before_trump
2016-10-24,28.56950569152832,28.755866511941974,28.44796965445191,28.70725024259036,21524700,before_trump
2016-10-25,28.439863204956055,28.561402323531116,28.36694035198465,28.472274048691826,17860300,before_trump
2016-10-26,28.29401969909668,28.528993698149858,28.148177072681637,28.3912522378646,19977600,before_trump
2016-10-27,28.204896926879883,28.54520156914485,28.156280653326878,28.439867855214352,14634700,before_trump
2016-10-28,28.148178100585938,28.49658389252113,28.123868419572016,28.253508718461642,22296400,before_trump
2016-10-31,28.25349998474121,28.423655335766117,28.229193402109473,28.2940119860833,19188600,before_trump
2016-11-01,27.96991729736328,28.488478414438926,27.76735416782635,28.27781411970247,25368200,before_trump
2016-11-02,28.034732818603516,28.277811020097847,27.92940222821488,28.034732818603516,21416400,before_trump
2016-11-03,27.70002555847168,28.181694263428742,27.65104119187116,28.124547392863573,19400000,before_trump
2016-11-04,27.438772201538086,27.70001583650961,27.283656652213267,27.37345973566031,21914700,before_trump
2016-11-07,28.32047462463379,28.369458984305197,27.87962784467285,27.953102827044745,19296600,before_trump
2016-11-08,28.36130142211914,28.53274203942889,28.157204559339636,28.247004562974997,14833100,before_trump
2016-11-09,28.369464874267578,28.451102376398765,27.487764902749575,27.863305509657845,25999400,before_trump
2016-11-10,28.16536521911621,28.53274017091536,27.78166214565146,28.53274017091536,28249900,before_trump
2016-11-11,28.255165100097656,28.46742442893661,28.034740154224274,28.222508860500767,22665000,before_trump
2016-11-14,28.14904022216797,28.35313709423787,27.92045272201644,28.214352716080473,22558900,before_trump
2016-11-15,28.500072479248047,28.810300437735954,28.255156981186865,28.279647596712127,20676100,before_trump
2016-11-16,28.442922592163086,28.50823193133689,28.19800712029024,28.49190693224533,18565500,before_trump
2016-11-17,28.589881896972656,28.589881896972656,28.271491367441172,28.418441321728043,15748500,before_trump
2016-11-18,28.532733917236328,28.57355265531848,28.279652758294848,28.49191517915418,16806900,before_trump
2016-11-21,28.55722999572754,28.736836214743466,28.442936261543107,28.655195608704098,14259500,before_trump
2016-11-22,28.965421676635742,28.981749796712542,28.66335924089109,28.72050610402466,22327400,before_trump
2016-11-23,28.736831665039062,28.998075334462765,28.655191071925284,28.965419097217254,15843100,before_trump
2016-11-25,28.93277359008789,28.940939209562696,28.663367318574892,28.663367318574892,6372800,before_trump
2016-11-28,28.98990821838379,29.112367544584604,28.744992680252192,28.92459886154138,13549000,before_trump
2016-11-29,28.826635360717773,29.096041537928834,28.793979122792113,29.096041537928834,19581000,before_trump
2016-11-30,28.328636169433594,28.818467238652048,28.328636169433594,28.736829765205634,27016100,before_trump
2016-12-01,27.561237335205078,28.51641221544984,27.397962346138986,28.459265346422548,29618700,before_trump
2016-12-02,27.88779067993164,27.96942816608675,27.430612660359802,27.528581380870502,21492500,before_trump
2016-12-05,28.0755558013916,28.10004642125409,27.732674666236484,28.010246443668276,14462000,before_trump
2016-12-06,28.344966888427734,28.36945750985537,28.002082617089517,28.07555759564269,15297700,before_trump
2016-12-07,28.981746673583984,29.0388935305593,28.12454070468412,28.304143777633623,21710300,before_trump
2016-12-08,29.145030975341797,29.414437199515405,28.75316539473513,28.96542474971219,19966500,before_trump
2016-12-09,29.194015502929688,29.30831236842107,29.055231123382594,29.18585299824445,16326900,before_trump
2016-12-12,29.365453720092773,29.463419329243056,29.120535025811215,29.21033813181171,21985800,before_trump
2016-12-13,30.04306411743164,30.116539128595598,29.33280775236116,29.39811714324487,35773600,before_trump
2016-12-14,29.838953018188477,30.116524804536425,29.76547804197078,29.961412349974697,30819400,before_trump
2016-12-15,30.034896850585938,30.336959353370375,29.822634356748427,29.994078098469853,23721500,before_trump
2016-12-16,29.64302635192871,30.100201283313346,29.463420135015806,29.977745047094167,38212800,before_trump
2016-12-19,30.11652946472168,30.165513827869965,29.610370169272002,29.667517035809674,18744300,before_trump
2016-12-20,30.377777099609375,30.402270841484913,30.116533357591397,30.165517727071414,18551800,before_trump
2016-12-21,30.19000816345215,30.492070654321346,30.13286128988963,30.41043315330947,14323600,before_trump
2016-12-22,30.149188995361328,30.402270227826484,30.05122337264975,30.39410460927577,10793900,before_trump
2016-12-23,30.18184471130371,30.19000721544017,30.018566600136097,30.149188466216003,6287300,before_trump
2016-12-27,30.263473510742188,30.47573592852812,30.132851682208553,30.132851682208553,9033700,before_trump
2016-12-28,29.904264450073242,30.369604911810814,29.86344571232382,30.2879643220419,12868600,before_trump
2016-12-29,29.928760528564453,29.97774489136004,29.740991809253984,29.8063011787108,8447300,before_trump
2016-12-30,29.61036491394043,30.04304914500898,29.55321805754534,30.034886643068297,17468000,before_trump
2017-01-03,29.879776000976562,30.1491853234605,29.61036979276324,29.887941618532775,20196500,before_trump
2017-01-04,29.724668502807617,30.01856849864267,29.667521627425373,29.969584127913112,15915700,before_trump
2017-01-05,29.675682067871094,29.977747661618633,29.64302893726051,29.757322680074857,13986000,before_trump
2017-01-06,29.78180694580078,29.945085021064447,29.545053892381983,29.87161004290931,15114000,before_trump
2017-01-09,29.887943267822266,30.116530743680386,29.78181203362923,29.78181203362923,19461400,before_trump
2017-01-10,29.830793380737305,30.14918393683257,29.822627763556646,29.83895588364749,15918800,before_trump
2017-01-11,30.16550064086914,30.206319368513274,29.806288363354472,29.806288363354472,22398400,before_trump
2017-01-12,29.969573974609375,30.067542682877956,29.651183458411705,30.067542682877956,20391900,before_trump
2017-01-13,30.034896850585938,30.092043726402693,29.89610935626585,29.96958435578327,15072200,before_trump
2017-01-17,30.04305648803711,30.067550228386047,29.871615876948876,29.936925251247356,20195200,before_trump
2017-01-18,30.010398864746094,30.214495710740554,29.887942625711855,30.116530096659016,15382500,before_trump
2017-01-19,29.85528564453125,30.132857472789492,29.80630128156663,29.80630128156663,13654500,before_trump
2017-01-20,30.157339096069336,30.23081406145086,29.863442348812956,30.01038916530629,23950900,during_trump
2017-01-23,30.018564224243164,30.377773548964658,29.838958004747067,30.263479814474668,27752600,during_trump
2017-01-24,30.712486267089844,30.81045497551769,30.051214613687364,30.07570523365928,35140900,during_trump
2017-01-25,30.859439849853516,31.022717935526167,30.63085239847408,30.916586712698376,32276400,during_trump
2017-01-26,30.663511276245117,30.957408118613372,30.54921442645273,30.875770625889533,34144800,during_trump
2017-01-27,31.00638198852539,31.390084925856605,30.86759767501305,31.022710104397962,44368600,during_trump
2017-01-30,30.54920768737793,30.89209193257429,30.475735828696607,30.81045445785946,23954700,during_trump
2017-01-31,30.059385299682617,30.508397768948292,29.912435311301714,30.385941521478166,27059100,during_trump
2017-02-01,29.814462661743164,30.165509427419646,29.406269037865417,30.059378213215776,28380600,during_trump
2017-02-02,29.945079803466797,29.961407919575194,29.55321435967436,29.602195593729846,31916900,during_trump
2017-02-03,30.027299880981445,30.27396381697183,29.969745067133758,30.16707496132522,21038100,during_trump
2017-02-06,29.821752548217773,30.019082485220952,29.723087579716182,30.019082485220952,21427000,during_trump
2017-02-07,29.887537002563477,30.027315291144262,29.797095917603826,29.969760447759153,18581900,during_trump
2017-02-08,29.912202835083008,30.134201411802966,29.71486972138634,29.879313460049655,20807400,during_trump
2017-02-09,29.155765533447266,30.010870542769258,29.106434602931124,30.010870542769258,47802700,during_trump
2017-02-10,29.057096481323242,29.131096003275385,28.64598872303429,28.991317734475434,44106500,during_trump
2017-02-13,29.4353084564209,29.47641859599708,29.057090153915826,29.24619930516836,28180600,during_trump
2017-02-14,29.542198181152344,29.566863638309417,29.213310782045482,29.468198673178435,25734800,during_trump
2017-02-15,29.64085578918457,29.64907969719748,29.328413151234095,29.58330097910184,18452200,during_trump
2017-02-16,29.93686294555664,30.06019651162861,29.681975039375914,29.74775377768173,21317500,during_trump
2017-02-17,29.994417190551758,29.994417190551758,29.681974462675427,29.86286285299901,18909900,during_trump
2017-02-21,30.027299880981445,30.134188736628055,29.871080120038027,30.035520653030208,20556000,during_trump
2017-02-22,29.657320022583008,29.928652708871653,29.427100630462206,29.87931863777263,29904400,during_trump
2017-02-23,29.747751235961914,29.846416198487592,29.5175319445678,29.797085285476058,22775000,during_trump
2017-02-24,30.0355281829834,30.0355281829834,29.558644872046887,29.71486467215485,18617600,during_trump
2017-02-27,30.019084930419922,30.15886318897702,29.821754977343268,29.945085413890414,14065200,during_trump
2017-02-28,29.76420021057129,29.97797484961631,29.5997564916504,29.945085478531517,24977000,during_trump
2017-03-01,29.542198181152344,29.681973287046013,29.139311274071574,29.476419446729896,34085900,during_trump
2017-03-02,29.525753021240234,29.616197211360717,29.311978410821247,29.542197704580563,23602100,during_trump
2017-03-03,29.517536163330078,29.673755971031834,29.32842384808183,29.550422397870463,17538100,during_trump
2017-03-06,29.246204376220703,29.43531356026322,29.122870799604513,29.42709278552361,24416700,during_trump
2017-03-07,29.4353084564209,29.4353084564209,29.098200293492013,29.22153384872317,23434900,during_trump
2017-03-08,29.287311553955078,29.517533997866536,29.213312042787617,29.32842169649193,20920100,during_trump
2017-03-09,29.451753616333008,29.550418580213616,29.18864495498295,29.27086523546635,23616800,during_trump
2017-03-10,29.525753021240234,29.846416505120033,29.41886414777942,29.69841749155972,25402300,during_trump
2017-03-13,28.90909767150879,29.632648210177177,28.728209252715867,29.476425253400265,53582900,during_trump
2017-03-14,28.925540924072266,28.96665107089493,28.497988496809594,28.826875944397234,28586900,during_trump
2017-03-15,28.859764099121094,28.91731893580084,28.51443507904261,28.728209738638334,27996100,during_trump
2017-03-16,28.892648696899414,29.073537088847903,28.835093869734504,28.917314155254992,19616100,during_trump
2017-03-17,28.999544143676758,29.048878208061524,28.859765862838362,29.032433519933267,30778900,during_trump
2017-03-20,29.13109016418457,29.295533861839402,28.991311923402034,29.081756113937324,17322300,during_trump
2017-03-21,28.810422897338867,29.270861426534623,28.777533534824247,29.262640654157085,22814500,during_trump
2017-03-22,29.081754684448242,29.155754187930402,28.777535897467146,28.95842426964631,19144500,during_trump
2017-03-23,28.999544143676758,29.18043257658401,28.793990246828894,29.18043257658401,20640400,during_trump
2017-03-24,28.90909767150879,29.3777602688329,28.876208297818565,29.31198465795576,22188000,during_trump
2017-03-27,29.09820556640625,29.1886497717649,28.72820797016775,28.835096861637354,16992200,during_trump
2017-03-28,29.2708740234375,29.361318241024822,28.950210442175962,29.057099348097672,18398100,during_trump
2017-03-29,29.246204376220703,29.353093266854525,29.13931548558688,29.205094229516355,17202600,during_trump
2017-03-30,29.39419937133789,29.509309020881716,29.20509021330122,29.25442426446402,16433000,during_trump
2017-03-31,29.657320022583008,29.805319099376092,29.385990472798344,29.394211249729523,21438400,during_trump
2017-04-03,29.731307983398438,30.20819440880743,29.69841861547311,29.755973441091058,32013600,during_trump
2017-04-04,29.82996368408203,29.9121870783529,29.591523681950974,29.698409389750427,18918000,during_trump
2017-04-05,29.780641555786133,30.224635469618256,29.739528278290063,29.95330602985989,22455500,during_trump
2017-04-06,29.624408721923828,29.82996249465214,29.624408721923828,29.70663211291615,20198200,during_trump
2017-04-07,29.624408721923828,29.86285185104907,29.59152250202856,29.657298078320757,15689500,during_trump
2017-04-10,29.4353084564209,29.673751657066415,29.27908867143035,29.616196834359236,19973700,during_trump
2017-04-11,29.38597869873047,29.427088839922746,28.950202419884704,29.410644156145292,22711800,during_trump
2017-04-12,29.2955379486084,29.607977567585426,29.188649059746208,29.49286790411988,19289800,during_trump
2017-04-13,28.983089447021484,29.402417871725817,28.983089447021484,29.22975341075947,15764000,during_trump
2017-04-17,29.17220115661621,29.26264534979345,29.048870732149496,29.13931178882399,12560700,during_trump
2017-04-18,29.41065216064453,29.443541537150722,29.024209827955723,29.131098733349056,12321100,during_trump
2017-04-19,29.525753021240234,29.78064090826136,29.509308337899906,29.57508707126122,16594600,during_trump
2017-04-20,29.74775505065918,29.8217545661684,29.484646359182612,29.74775505065918,22968300,during_trump
2017-04-21,29.862869262695312,29.945089565124796,29.47642694096906,29.764204272479233,20390500,during_trump
2017-04-24,30.216413497924805,30.29863377665146,29.977970298513895,30.150634765741415,26305800,during_trump
2017-04-25,30.315078735351562,30.421967607870215,30.142414266554006,30.23285845587728,22066800,during_trump
2017-04-26,30.364421844482422,30.61108589300269,30.241088251970517,30.241088251970517,27241000,during_trump
2017-04-27,30.77553367614746,30.83308852380491,30.24109222046659,30.315091758383883,39890000,during_trump
2017-04-28,29.72309684753418,30.002650292540583,29.50109824680817,29.681983556044944,56769300,during_trump
2017-05-01,29.85464096069336,29.928640468826003,29.550419018091,29.69019726078719,24825600,during_trump
2017-05-02,30.39729881286621,30.446629720531842,29.887523099304758,29.903967780694057,35813000,during_trump
2017-05-03,30.631725311279297,30.789107296539267,30.33352520460847,30.41636032303741,22040300,during_trump
2017-05-04,30.524032592773438,30.73940067985933,30.35008363309037,30.64000172573126,16437100,during_trump
2017-05-05,30.499189376831055,30.590306418506394,30.234123342777178,30.53232342104688,18119200,during_trump
2017-05-08,30.267261505126953,30.524042483146054,30.21756043204093,30.424643496810816,17660200,during_trump
2017-05-09,30.126436233520508,30.441203302078407,30.051886221489323,30.21755326598485,17819100,during_trump
2017-05-10,29.8282413482666,30.134726539574448,29.761976414900445,30.04360949133896,25133800,during_trump
2017-05-11,29.563173294067383,29.81995739809205,29.364375347588478,29.745407378203367,21508900,during_trump
2017-05-12,29.430639266967773,29.60459141396556,29.32295836625043,29.58802439235452,19730800,during_trump
2017-05-15,29.513469696044922,29.588019701557528,29.339517576624992,29.43063460112215,22120100,during_trump
2017-05-16,29.670854568481445,29.728837560738913,29.339520475722125,29.612871576223977,22291800,during_trump
2017-05-17,29.02475929260254,29.811675467022148,29.008192270423173,29.546606271988725,26670200,during_trump
2017-05-18,29.173864364624023,29.380947437831548,29.057898349201718,29.149012247150004,17171900,during_trump
2017-05-19,29.322956085205078,29.447203997868165,29.099306050608284,29.11587307093057,18340100,during_trump
2017-05-22,29.629438400268555,29.91107142929465,29.30638939988134,29.389221342603577,14638100,during_trump
2017-05-23,29.7039852142334,29.811669256046123,29.45548625298811,29.712267143679423,16903700,during_trump
2017-05-24,29.91936683654785,29.969067920470252,29.728850754601567,29.803400800566415,20640600,during_trump
2017-05-25,30.035320281982422,30.143004338755315,29.869656391360955,29.919354294612926,13148500,during_trump
2017-05-26,30.035320281982422,30.09330643550334,29.9276393850457,30.035320281982425,11145500,during_trump
2017-05-30,29.96905517578125,30.184420128183543,29.89450516151966,30.043605190042843,13026900,during_trump
2017-05-31,29.911075592041016,30.134725660319877,29.712274478069858,30.076742660377562,17741900,during_trump
2017-06-01,29.91936683654785,29.927651930453667,29.654300708636715,29.91936683654785,17510900,during_trump
2017-06-02,30.085025787353516,30.093310879009646,29.81995973141674,30.04360980858276,19127400,during_trump
2017-06-05,30.10158920288086,30.234122214963964,29.985623212287674,30.06845515990102,11685700,during_trump
2017-06-06,29.927642822265625,30.19270886950648,29.80339173019299,29.95249177674554,18420900,during_trump
2017-06-07,30.035320281982422,30.292104368183573,29.902787273583545,29.9276393850457,17192000,during_trump
2017-06-08,30.217554092407227,30.258970064704783,29.95248807789949,30.101588106039607,17154200,during_trump
2017-06-09,29.579736709594727,30.283820847102657,29.248405785916876,30.23411978662478,33322100,during_trump
2017-06-12,29.596317291259766,29.828249360092844,29.33125116692555,29.480351256843228,28488300,during_trump
2017-06-13,29.72056007385254,29.77854307477902,29.430641909383592,29.554893002704077,20588200,during_trump
2017-06-14,29.430639266967773,29.861372349345988,29.173858331587347,29.811674444349148,19149000,during_trump
2017-06-15,29.2484073638916,29.389222303088662,29.107589264858365,29.165572258626117,20410000,during_trump
2017-06-16,29.165576934814453,29.26497907707042,28.99990985755785,29.22355993787876,30762800,during_trump
2017-06-19,29.414073944091797,29.49690905693093,29.256691969452135,29.49690905693093,21583800,during_trump
2017-06-20,28.875656127929688,29.364372169905174,28.85908910754319,29.364372169905174,21536500,during_trump
2017-06-21,28.643728256225586,28.660292119143502,28.237844098333703,28.436645211550164,27138500,during_trump
2017-06-22,28.461490631103516,28.68514067075803,28.40350763858228,28.6271576782368,24602900,during_trump
2017-06-23,28.3206729888916,28.61887304654248,28.246122974478883,28.337240009854003,29260900,during_trump
2017-06-26,28.22127342224121,28.5857383961476,28.188139381021696,28.37865537827977,18854800,during_trump
2017-06-27,27.873371124267578,28.287537095446382,27.873371124267578,28.163286040158503,27078900,during_trump
2017-06-28,28.328960418701172,28.362094463362187,27.947928384608765,27.97277733818632,25940100,during_trump
2017-06-29,27.782262802124023,28.24612681275966,27.61659572982419,28.097026763673465,25215700,during_trump
2017-06-30,27.94792938232422,28.1053113603278,27.773977221562173,28.055610291561997,24432000,during_trump
2017-07-03,27.715991973876953,28.188141029439585,27.691143021427216,27.75740794790527,12676900,during_trump
2017-07-05,28.444929122924805,28.519479150590488,27.740847985955252,27.76569694189824,30010800,during_trump
2017-07-06,27.8568115234375,28.403510624565033,27.798828524820674,28.262692513755287,20733200,during_trump
2017-07-07,28.06389045715332,28.262688377650363,27.91479043686255,27.91479043686255,18304500,during_trump
2017-07-10,27.873371124267578,27.947921125473187,27.525470065362875,27.542037083390298,29918400,during_trump
2017-07-11,28.09701919555664,28.10530428485011,27.691138295577147,27.865087252711213,25737500,during_trump
2017-07-12,28.37037467956543,28.48634066903219,28.113590588720292,28.395223631640814,23768300,during_trump
2017-07-13,28.362089157104492,28.49462215111656,28.262687041718575,28.43663916372602,15046200,during_trump
2017-07-14,28.726558685302734,28.751407638197076,28.38694263645595,28.560891626389008,16316400,during_trump
2017-07-17,28.552610397338867,28.776260458395406,28.46149335470438,28.776260458395406,21044400,during_trump
2017-07-18,28.60230255126953,28.643721678562443,28.370370605640936,28.519470616355253,14362800,during_trump
2017-07-19,28.627151489257812,28.72655043211402,28.544316403681453,28.72655043211402,17036200,during_trump
2017-07-20,28.7845401763916,28.85909019101167,28.560890132531384,28.610591195556818,17506200,during_trump
2017-07-21,28.76797866821289,28.842528697119043,28.494630668781518,28.61059667822736,22245000,during_trump
2017-07-24,28.577457427978516,28.825956425819783,28.478058460809244,28.76797343165136,16146300,during_trump
2017-07-25,28.718276977539062,28.776263140850673,28.49463005547109,28.618877994415886,18096700,during_trump
2017-07-26,28.7845401763916,28.9667742476487,28.652007168159933,28.743124203788486,15499300,during_trump
2017-07-27,28.966768264770508,29.19870019131301,28.71826616080582,28.809383177614805,43062800,during_trump
2017-07-28,29.248411178588867,29.703993257541295,28.991627058529293,29.099311129500933,36291500,during_trump
2017-07-31,29.380939483642578,29.60458952133922,29.256688409421308,29.380939483642578,27057000,during_trump
2017-08-01,30.109865188598633,30.176133261473865,29.463767277243264,29.538317279310085,38710200,during_trump
2017-08-02,30.350086212158203,30.37493516284287,29.869655259850333,30.093305295520498,35004300,during_trump
2017-08-03,30.45274543762207,30.536199204037143,30.16899817483086,30.502816424048266,26611300,during_trump
2017-08-04,30.29416847229004,30.511153284512282,30.12725781293971,30.4193522626918,20520300,during_trump
2017-08-07,30.402673721313477,30.50281888580529,30.227418887563456,30.36929093863041,18169300,during_trump
2017-08-08,30.385976791381836,30.627997146383834,30.294175747515094,30.352594014783605,22819900,during_trump
2017-08-09,30.536195755004883,30.59461402160857,30.060502336342395,30.277484014647992,22796800,during_trump
2017-08-10,30.160642623901367,30.511155350628247,30.13560713754811,30.377627450817116,22693300,during_trump
2017-08-11,29.93531608581543,30.37762987588955,29.86855372235829,30.260790168615674,19275100,during_trump
2017-08-14,30.32755470275879,30.436047121254308,30.110573049324145,30.14395263815966,18469400,during_trump
2017-08-15,30.04380989074707,30.31086572398029,29.893590586608802,30.29417433645863,21706600,during_trump
2017-08-16,29.88524055480957,30.102222182424413,29.676603027521598,30.027112545258504,22014000,during_trump
2017-08-17,29.35112953186035,29.776751924278997,29.35112953186035,29.709986378975515,19525000,during_trump
2017-08-18,29.217594146728516,29.46796169397997,29.200905948230318,29.451270311926162,16231400,during_trump
2017-08-21,29.142498016357422,29.442936665360214,28.958899095844558,29.28437323774522,26493300,during_trump
2017-08-22,28.91716766357422,29.367822382619032,28.89212899105864,29.225950367109288,26097800,during_trump
2017-08-23,28.925518035888672,29.050701874934333,28.691844932131193,28.825372874786506,19648100,during_trump
2017-08-24,28.967235565185547,29.117454850099463,28.833707665657204,28.958891464270884,14301900,during_trump
2017-08-25,28.933855056762695,29.150839900185023,28.85874859198938,29.05903886516454,14726800,during_trump
2017-08-28,28.91716766357422,29.042348291925773,28.867093502099646,29.025656904767583,20712900,during_trump
2017-08-29,28.98392677307129,29.000618158354644,28.75859784708035,28.80032471851062,15843700,during_trump
2017-08-30,29.11745834350586,29.175876607586055,28.900476674573227,29.000621815345472,18565000,during_trump
2017-08-31,29.267675399780273,29.359476431589876,29.100764722267943,29.159182981863804,16366800,during_trump
2017-09-01,29.284364700317383,29.53472910697727,29.267673315399236,29.409548495425405,12822000,during_trump
2017-09-05,29.225948333740234,29.484660041357678,29.150838688532353,29.225948333740234,18772000,during_trump
2017-09-06,29.843517303466797,29.9937366120317,29.301061519032874,29.39286256132884,28076400,during_trump
2017-09-07,29.6599178314209,30.002083320218773,29.484663035988092,29.943665055074504,16297100,during_trump
2017-09-08,29.367813110351562,29.659907518062376,29.276015285299614,29.559759226732943,14125000,during_trump
2017-09-11,29.851858139038086,30.04380428438381,29.326090672665675,29.61818512445304,20037600,during_trump
2017-09-12,30.118906021118164,30.32754349613739,29.82681482951333,29.943651306155264,19489900,during_trump
2017-09-13,30.3192138671875,30.377632133387507,30.018775250412176,30.043810740624536,15509800,during_trump
2017-09-14,30.444400787353516,30.628002909635295,30.177344891429506,30.202380386810695,18093900,during_trump
2017-09-15,30.878345489501953,30.945111007855992,30.227397603325773,30.502797407648337,33596100,during_trump
2017-09-18,30.878345489501953,31.153748477379654,30.711434877171996,30.878345489501953,19393800,during_trump
2017-09-19,31.070310592651367,31.12872886518215,30.89505577505902,31.045275099725917,23850500,during_trump
2017-09-20,30.93678092956543,31.12038302358109,30.594615416617916,31.07030885697039,23957500,during_trump
2017-09-21,31.045276641845703,31.10369491727831,30.753182081125413,30.870021815547876,22954200,during_trump
2017-09-22,31.028579711914062,31.061962487218047,30.83663352925117,30.83663352925117,21631800,during_trump
2017-09-25,31.011884689331055,31.07030294748743,30.753172986384026,30.92008365978352,23180800,during_trump
2017-09-26,31.270593643188477,31.412465633794067,30.87835407271605,31.053608831778018,29790400,during_trump
2017-09-27,31.32901954650879,31.45420018345431,30.96181537093227,31.395781916168374,25981400,during_trump
2017-09-28,31.5710391998291,31.612766077883446,31.120381276306023,31.145416766427285,21171400,during_trump
2017-09-29,31.779672622680664,31.838090881037655,31.462542660488204,31.579379177202185,23217300,during_trump
2017-10-02,32.58082962036133,32.62255647962402,31.779662461718498,31.81304203899548,37394500,during_trump
2017-10-03,32.864593505859375,33.1316493618053,32.505736602515114,32.505736602515114,34002200,during_trump
2017-10-04,32.83120346069336,32.881277616433,32.43061976544485,32.87293033203162,28368800,during_trump
2017-10-05,32.98976516723633,33.089913473621756,32.7227093839873,32.964729682417996,17710300,during_trump
2017-10-06,33.07321548461914,33.29019707134499,32.89795757522106,33.04817682124489,18887500,during_trump
2017-10-09,33.265174865722656,33.28186625344758,32.98142764151235,33.11495555975504,18494100,during_trump
2017-10-10,33.08992004394531,33.34028449250905,32.86459108517094,33.32359310479725,29890000,during_trump
2017-10-11,32.797821044921875,33.10660371643208,32.59753078690951,32.948040330209274,30754700,during_trump
2017-10-12,32.70602035522461,32.87293102766592,32.53076558176156,32.8395482564664,18286900,during_trump
2017-10-13,33.106605529785156,33.22344523417434,32.781131455020635,32.914659362194705,16829400,during_trump
2017-10-16,33.18172073364258,33.20675940912611,32.914664874569326,33.139993852579316,12489100,during_trump
2017-10-17,33.20676803588867,33.273530426222656,32.856255140072435,33.014821786286504,15532800,during_trump
2017-10-18,33.59064483642578,33.62402760777015,33.04818594452682,33.21509661769237,21424600,during_trump
2017-10-19,33.457122802734375,33.65741628237428,33.2401411180516,33.2818679977725,19222700,during_trump
2017-10-20,33.740867614746094,33.757559002145165,33.46546449799631,33.65741386130735,18335700,during_trump
2017-10-23,34.074684143066406,34.249938910463854,33.71582732398239,33.84100793631363,28647000,during_trump
2017-10-24,34.174835205078125,34.25828896112642,33.982889019321675,34.21656208310227,19652400,during_trump
2017-10-25,34.03295135498047,34.266627542962816,33.79093425049135,34.12475237344968,24031700,during_trump
2017-10-26,34.5086555480957,34.700604929285994,33.97454383580165,34.14145454178277,38247400,during_trump
2017-10-27,37.05402374267578,37.554752502621746,35.969106123533166,36.136016771367096,90028300,during_trump
2017-10-30,37.028987884521484,37.71331872734099,36.620060109048296,37.12078890697026,48161500,during_trump
2017-10-31,37.963687896728516,38.22239640692784,37.262665640201625,37.72166758807557,47000900,during_trump
2017-11-01,38.981842041015625,38.981842041015625,38.04714663736379,38.364276628865106,47813700,during_trump
2017-11-02,39.307315826416016,39.415808251208446,38.56456660714693,38.89838798332828,44602300,during_trump
2017-11-03,38.673057556152344,39.47422500814665,38.05548898885061,39.39077125906425,39298100,during_trump
2017-11-06,39.2044563293457,39.238036931493575,38.69236335506934,39.12050482397602,34035000,during_trump
2017-11-07,39.27162551879883,39.53187045594889,38.94422256064374,39.2044674977938,24461400,during_trump
2017-11-08,39.2044563293457,39.2044563293457,38.85186641163801,39.13729512504996,21565800,during_trump
2017-11-09,38.8686637878418,38.944218555216246,38.32299331451352,38.658789789848676,25570400,during_trump
2017-11-10,38.26423263549805,38.69237422467991,38.096332780014095,38.65040006141477,24095400,during_trump
2017-11-13,38.40694808959961,38.56645120201725,37.987200023046604,37.99559357531128,18999000,during_trump
2017-11-14,38.49928665161133,38.54965436151005,38.04595804798442,38.36496742117629,22201200,during_trump
2017-11-15,38.163482666015625,38.45730815108801,37.92002808757863,38.10471820948569,17157200,during_trump
2017-11-16,38.32299041748047,38.67557717029199,38.16348414151284,38.30620011461952,26439400,during_trump
2017-11-17,37.466705322265625,38.29780452333701,37.45830856936911,38.197065905539276,63798000,during_trump
2017-11-20,37.45830154418945,37.87804944245108,37.35756294528491,37.55064659419458,22420000,during_trump
2017-11-21,37.7269401550293,37.96200115702478,37.53385650503388,37.54225325640283,21871000,during_trump
2017-11-22,37.4835090637207,37.73535729971574,37.39116396329024,37.726960543808936,19538300,during_trump
2017-11-24,37.56743621826172,37.592620066929,37.298797824403124,37.39953642149453,6465800,during_trump
2017-11-27,37.34917449951172,37.44991311218047,37.16448437426671,37.29040683949696,18202100,during_trump
2017-11-28,37.550655364990234,37.64300043656462,37.20646213611856,37.48349735084172,20194100,during_trump
2017-11-29,36.895835876464844,37.85286044187069,36.74472639746161,37.651380069059094,27036900,during_trump
2017-11-30,37.643001556396484,37.94522063511309,37.214859996496735,37.24004385224873,34145300,during_trump
2017-12-01,37.50868225097656,37.643001485439285,36.543260551609805,37.550656411291826,26656300,during_trump
2017-12-04,37.34917449951172,38.029164138054234,37.21485528181247,37.79410630768623,28000800,during_trump
2017-12-05,36.46770095825195,37.69336741332346,36.29140758679344,37.44151607989961,30626900,during_trump
2017-12-06,36.476104736328125,36.70276905861381,35.821295626695026,36.215859802794924,27710800,during_trump
2017-12-07,36.16549301147461,36.602028159141476,35.91364162311308,36.4844992191986,32708400,during_trump
2017-12-08,36.39215087890625,36.58523778000912,36.190673629163555,36.39215087890625,23154700,during_trump
2017-12-11,36.652400970458984,36.75313960955286,36.308207684666606,36.333391543834175,20425900,during_trump
2017-12-12,36.375362396240234,36.61881379690445,36.16548840097669,36.49289132120013,16557400,during_trump
2017-12-13,36.38375473022461,36.65239317898419,36.29980641589584,36.643999628520476,21399500,during_trump
2017-12-14,36.316593170166016,36.57683806597773,36.11511593673097,36.45930914607015,19644900,during_trump
2017-12-15,37.40793228149414,37.64299006991505,36.15708218792104,36.43411732635042,47477000,during_trump
2017-12-18,38.835079193115234,38.910633952733896,37.810896365690034,37.90324142771537,50369300,during_trump
2017-12-19,39.489891052246094,39.674577987319694,38.52446940932507,38.868662627663156,41421100,during_trump
2017-12-20,39.92641830444336,39.993576297975416,39.170870862069684,39.85086356020599,40935000,during_trump
2017-12-21,39.25483322143555,39.951616468250464,39.08693657622913,39.909642306948854,42963500,during_trump
2017-12-22,39.2044563293457,39.47309474168372,38.633598902521804,38.893843765534086,33913500,during_trump
2017-12-26,38.6839714050293,39.011374283450444,38.57483604474804,38.85186801786493,15533300,during_trump
2017-12-27,38.70915985107422,38.91903384445248,38.616814781600105,38.70915985107422,13359700,during_trump
2017-12-28,38.8015022277832,38.91903114353102,38.57483794637408,38.91903114353102,9504400,during_trump
2017-12-29,38.751136779785156,39.02817200801418,38.69237231363171,38.79311094097716,17394500,during_trump
2018-01-02,39.330387115478516,39.37236447826704,38.79311017698625,38.935826165136284,23370800,during_trump
2018-01-03,37.99558639526367,38.793108211490946,36.64400056640878,38.171882983743004,116479000,during_trump
2018-01-04,37.298797607421875,37.483487703033596,35.83807354719388,36.53485657887646,89209100,during_trump
2018-01-05,37.559059143066406,37.90325243631367,36.85388224928864,37.29881418381168,41824000,during_trump
2018-01-08,37.559059143066406,37.64300747705894,36.90424996871469,37.164494927969415,33733800,during_trump
2018-01-09,36.618812561035156,37.64299864813077,36.50968039292586,37.52546972713742,44282300,during_trump
2018-01-10,35.67857360839844,36.60201776199974,35.628202704549764,36.37535670073703,45735000,during_trump
2018-01-11,36.44252014160156,36.58523612259174,35.636604774294796,35.93042708453486,35371500,during_trump
2018-01-12,36.29981231689453,36.60202821906093,36.10672539818835,36.476105727097455,29973600,during_trump
2018-01-16,36.215850830078125,36.76152441917424,36.005976865413864,36.56004400403062,38367200,during_trump
2018-01-17,37.265228271484375,37.31559918617319,36.52647086816457,36.56005147795711,32368600,during_trump
2018-01-18,37.34078598022461,37.55905675862613,37.08054103749156,37.27362795777885,26826500,during_trump
2018-01-19,37.6262092590332,37.68497372095774,37.14769681054879,37.45830942392465,25780200,during_trump
2018-01-22,38.40692901611328,38.440509613342535,37.60101389714333,37.60940744523964,27706800,during_trump
2018-01-23,38.667179107666016,38.69236295780711,38.306195644338885,38.45730515003036,22135100,during_trump
2018-01-24,38.20546340942383,38.725953260487486,37.74374122744815,38.53286955538577,32464200,during_trump
2018-01-25,38.029178619384766,38.9274393302562,37.92004321268877,38.51608797047155,36758700,during_trump
2018-01-26,42.041954040527344,42.1007184943023,40.39653972756092,40.614810443658655,86916100,during_trump
2018-01-29,41.958003997802734,42.68836452194114,41.44591099495739,41.6389946644458,46304000,during_trump
2018-01-30,40.959007263183594,42.02516748039388,40.91703310709652,41.53825830299995,32814600,during_trump
2018-01-31,40.41334533691406,41.34518660320143,39.926439220857525,41.32839629541689,41619900,during_trump
2018-02-01,40.00197982788086,40.690366190962344,39.83408001196334,40.04395398125458,28840400,during_trump
2018-02-02,38.742740631103516,40.1195135214075,38.70076327030256,39.72494938732416,28663000,during_trump
2018-02-05,37.374366760253906,39.67458428114067,37.35757645396131,38.9106429581566,47869000,during_trump
2018-02-06,37.95753860473633,37.97444281649888,36.36857816469211,37.20531891412061,58145400,during_trump
2018-02-07,38.20265197753906,39.13236122916208,37.47578685667229,37.67863421157787,37508400,during_trump
2018-02-08,36.13193130493164,38.388590730069076,36.12348080980176,38.270264453355395,43151300,during_trump
2018-02-09,37.14616012573242,37.42507159203491,35.53184479147827,36.765823377002576,49301100,during_trump
2018-02-12,37.889930725097656,38.16884220108472,37.264487691674894,37.31520033464946,28379500,during_trump
2018-02-13,37.577205657958984,37.847666624906985,37.40816674757922,37.68708143332819,19517600,during_trump
2018-02-14,38.35478973388672,38.464662303377075,37.22223303740846,37.24758774972937,19922000,during_trump
2018-02-15,38.81117630004883,38.87034264713065,37.99134307190765,38.77737110419286,23536800,during_trump
2018-02-16,38.50692367553711,39.37746983850392,38.4646615236595,38.72667203421289,21475200,during_trump
2018-02-20,39.149261474609375,39.47888557177859,38.36323329329094,38.422396427441875,25512000,during_trump
2018-02-21,38.82807922363281,39.77469560750206,38.81117501419069,39.44506835960307,27527500,during_trump
2018-02-22,38.70977020263672,39.3521175506076,38.55763547412518,38.997135442697434,16946400,during_trump
2018-02-23,40.340980529785156,40.39169316868957,39.14081042638797,39.166165133765695,26040900,during_trump
2018-02-26,41.50733947753906,41.52424368808244,40.65369457791507,40.73821563063197,26992300,during_trump
2018-02-27,42.183502197265625,43.02024309300951,41.67638865230825,41.72709807231441,43624100,during_trump
2018-02-28,41.65947723388672,42.54692739618003,41.65102351591464,42.41169692596532,35541200,during_trump
2018-03-01,40.43394470214844,42.02290496522735,40.121224879741135,41.83696188069678,36326600,during_trump
2018-03-02,41.3974723815918,41.45663551879654,39.69018544932131,39.89303279412982,33310600,during_trump
2018-03-05,42.04826736450195,42.09052628486261,40.602991008784166,41.050941368075314,30826500,during_trump
2018-03-06,42.85964584350586,43.38366671947238,42.38634082540529,42.39479131895054,39132300,during_trump
2018-03-07,43.375213623046875,43.518897808563,42.344079291732506,42.41169613765743,31801900,during_trump
2018-03-08,42.8849983215332,44.017554537410774,42.65679633503382,43.77244834182089,29481200,during_trump
2018-03-09,44.110530853271484,44.20350240806106,43.104754411040766,43.33295643893825,32727900,during_trump
2018-03-12,43.54425048828125,43.90768295785123,42.682155087730266,43.83161562179825,32044400,during_trump
2018-03-13,43.763999938964844,45.45438236347981,43.4343758820482,44.389442854660764,45573900,during_trump
2018-03-14,43.83161163330078,44.10207253151199,43.36675716600951,44.00065050071984,24993500,during_trump
2018-03-15,43.00334548950195,44.2035159016815,43.00334548950195,44.144352753145874,25631200,during_trump
2018-03-16,43.24843978881836,43.69639339629345,43.09630831218713,43.24843978881836,42559800,during_trump
2018-03-19,42.96107482910156,43.29914941069729,42.2004013782506,42.88500748401647,31115200,during_trump
2018-03-20,43.569610595703125,43.78936213784221,42.97797604460035,43.003333975861885,22215000,during_trump
2018-03-21,43.57806396484375,44.09362794217799,43.248436654277484,43.569610246441364,23239500,during_trump
2018-03-22,42.96107482910156,43.91613866565467,42.76667799510162,42.88500748401647,30916000,during_trump
2018-03-23,41.71864700317383,43.09630985436178,41.71864700317383,42.75823201294106,37683900,during_trump
2018-03-26,44.35563659667969,44.36409031473797,42.53002361808986,42.88500562111639,39306200,during_trump
2018-03-27,43.265342712402344,45.00643800043684,42.91881439854804,44.80359066406282,38777000,during_trump
2018-03-28,41.921478271484375,42.85119043817611,41.422815381609674,42.68215156930959,37970900,during_trump
2018-03-29,44.0175666809082,44.0175666809082,42.149691362954464,42.24266292652694,45265800,during_trump
2018-04-02,41.34676742553711,43.983767277508804,39.969107575498114,43.68794831234447,67187800,during_trump
2018-04-03,42.04826736450195,42.22575676450611,40.91571088843182,41.41437388664514,39432400,during_trump
2018-04-04,42.251121520996094,42.39480251826137,40.57763963188032,40.653706990476486,30370000,during_trump
2018-04-05,42.58073806762695,42.868103235021934,42.23420976789909,42.26801496912581,25115400,during_trump
2018-04-06,41.236881256103516,42.59763966449684,40.99177502340499,42.08207249369949,28215200,during_trump
2018-04-09,41.879234313964844,43.19773409293753,41.54961017525902,41.54961017525902,31437000,during_trump
2018-04-10,43.332969665527344,43.518912831862224,42.54694129312051,43.206189647726326,25906400,during_trump
2018-04-11,43.189273834228516,43.72174525221623,42.95262130363349,43.096305500172555,17568400,during_trump
2018-04-12,44.5584831237793,45.02333766010715,43.48508986402664,43.51889828736106,29781400,during_trump
2018-04-13,43.83161163330078,44.972618346120086,43.61186013841152,44.845841613666956,20884900,during_trump
2018-04-16,44.28802490234375,44.39789744869793,43.772457699385704,44.1950533445449,18855500,during_trump
2018-04-17,45.251548767089844,45.38677926343069,44.702173062121155,44.71907727718243,21228700,during_trump
2018-04-18,45.31071472167969,45.94460831717235,45.08251264040438,45.23464736125459,22164700,during_trump
2018-04-19,44.13588333129883,44.761322983104,43.62031620871853,44.75287249014379,25422400,during_trump
2018-04-20,43.55270004272461,44.18659342145232,43.00332771564966,44.093621876708504,26910100,during_trump
2018-04-23,43.18927764892578,43.85697960396391,42.97797980676049,43.687940685401834,21706700,during_trump
2018-04-24,43.4850959777832,45.3360638895709,43.2230854963273,43.84007480025653,42494700,during_trump
2018-04-25,43.42592239379883,44.03445783223715,42.76667110128044,43.83161376080717,25752800,during_trump
2018-04-26,44.837406158447266,45.02334931075421,44.00911891731106,44.16970413348099,39575000,during_trump
2018-04-27,44.56694793701172,47.15323511839904,44.14435218199645,46.857416155398504,69888100,during_trump
2018-04-30,43.6287727355957,45.107857467620605,43.282244441630105,44.423254597967194,36417400,during_trump
2018-05-01,45.07405090332031,45.15011502062609,43.476636732775326,43.645675627579685,27600800,during_trump
2018-05-02,44.21195602416992,44.96417573060575,44.076725551374146,44.87120417603076,25778300,during_trump
2018-05-03,44.186607360839844,44.42326315597608,43.28225277982675,43.85698321577986,28561000,during_trump
2018-05-04,44.86665725708008,44.91766258320104,43.3535349191527,43.88057698470767,25642500,during_trump
2018-05-07,45.33420181274414,45.546719158779304,44.90916712067382,44.934668164515685,20285700,during_trump
2018-05-08,45.58921813964844,45.58921813964844,44.88365905371442,45.30019444367356,21026800,during_trump
2018-05-09,46.19276428222656,46.21826532265579,45.215183324185375,45.69972254888213,19827500,during_trump
2018-05-10,46.736812591552734,46.75381436772641,45.98875065369708,46.371282510711744,18715900,during_trump
2018-05-11,46.4732780456543,46.91531438490638,46.2692632692342,46.430775237463145,15405000,during_trump
2018-05-14,46.66880416870117,46.957827849893114,46.53279321536125,46.55829425575095,21878200,during_trump
2018-05-15,45.83572769165039,46.541286653143544,45.52970551702464,46.3967764520222,21712600,during_trump
2018-05-16,46.447784423828125,46.498789747453415,45.869737060435845,46.048250828988984,16260500,during_trump
2018-05-17,46.59229278564453,47.12783403267879,46.26076308250774,46.37127298355333,16872600,during_trump
2018-05-18,45.47869873046875,46.362771409285195,45.45319769409633,46.35426890199012,23679900,during_trump
2018-05-21,46.17576217651367,46.940825811472486,45.784731093204456,46.209765725346706,25367400,during_trump
2018-05-22,46.28627395629883,46.79631423834475,45.946244939763524,46.52429232221932,19009600,during_trump
2018-05-23,46.93232727050781,46.94932904636165,45.767733187956104,45.90374415202961,20555400,during_trump
2018-05-24,46.54129409790039,47.00883156357447,46.01425204074545,46.90682415571542,19667100,during_trump
2018-05-25,47.127845764160156,47.17885109489865,46.36278525962703,46.583801873979084,18550000,during_trump
2018-05-29,47.02582550048828,47.442360814183914,46.592291657280285,46.85581102055626,24253500,during_trump
2018-05-30,47.33185958862305,47.77389602033984,47.28085426247058,47.51037336602106,24711500,during_trump
2018-05-31,46.923828125,47.48487375859508,46.804818936473346,47.3233585089456,30962100,during_trump
2018-06-01,48.521949768066406,48.538948297836434,47.43385902566233,47.467862570715454,31183200,during_trump
2018-06-04,48.3094482421875,48.96399886292227,48.266942175620294,48.46245775935059,22538100,during_trump
2018-06-05,48.054412841796875,48.55595382041733,47.79089345417451,48.368940793694925,21687000,during_trump
2018-06-06,48.47945785522461,48.504962142831474,47.67189450259101,48.05442314636167,22955400,during_trump
2018-06-07,47.50187301635742,48.45394971685703,47.28085318416117,48.38594261687142,27596100,during_trump
2018-06-08,46.79631042480469,47.34885672095701,46.464783944216,47.2298475476951,30822900,during_trump
2018-06-11,46.34577560424805,46.83031481424454,46.12475578471049,46.58379395505142,25752400,during_trump
2018-06-12,46.60080337524414,46.779317167636876,46.09076304190566,46.64330619589612,23294900,during_trump
2018-06-13,46.779319763183594,47.34886796834501,46.67731233940749,46.73681694017335,22631400,during_trump
2018-06-14,47.212852478027344,47.48487441061118,46.90682699318123,47.136346106815814,23419800,during_trump
2018-06-15,46.84732437133789,47.07684349463996,46.396788634536065,46.89832645912233,39194700,during_trump
2018-06-18,45.24069595336914,46.158769248513316,44.49263394945933,46.158769248513316,40764400,during_trump
2018-06-19,44.99416732788086,45.01116910264119,44.101595230883724,44.322611817254106,31780900,during_trump
2018-06-20,45.44469451904297,45.69121534287535,44.790140905465435,45.215175466794506,21403000,during_trump
2018-06-21,44.365116119384766,46.35427843439988,44.15259879189494,46.226769983560224,44435600,during_trump
2018-06-22,44.628631591796875,45.130172533681616,44.45861710861015,44.73063898460629,34682100,during_trump
2018-06-25,43.10701370239258,43.99108655834862,42.42695890656372,43.49804480464954,45356500,during_trump
2018-06-26,42.222938537597656,42.85199121606459,41.95941914267461,42.46096013519003,37543000,during_trump
2018-06-27,41.44938278198242,42.55447560324814,41.44088351474139,41.94242459365574,33338800,during_trump
2018-06-28,41.86591339111328,42.069931451710495,41.22836141053795,41.29636851165604,29055700,during_trump
2018-06-29,42.256935119628906,42.596964064270296,42.07842138293253,42.10392241881592,28906500,during_trump
2018-07-02,42.673484802246094,42.73298940120714,41.50889062474882,41.687404421631975,23755500,during_trump
2018-07-03,42.05293273925781,43.234528643808396,42.018929186222195,42.996510258073684,16327900,during_trump
2018-07-05,43.14101791381836,43.319531692441416,42.29094859531947,42.486464149443364,26163500,during_trump
2018-07-06,43.668060302734375,43.77857022291957,42.84349526283385,43.158020005007096,19968000,during_trump
2018-07-09,44.084598541259766,44.110099584963315,43.353538356022916,43.89758224008085,21361600,during_trump
2018-07-10,44.33960723876953,44.42461285763411,44.067585367095084,44.28860192179688,17362900,during_trump
2018-07-11,43.5235481262207,44.093092991768415,43.51504561741006,43.940080260746676,18665600,during_trump
2018-07-12,44.50112533569336,44.61163524963022,43.97408329214031,44.24610520124878,20292700,during_trump
2018-07-13,44.390621185302734,44.560632456082175,43.99958683134149,44.54363392320993,13749300,during_trump
2018-07-16,44.212100982666016,44.47562362183197,44.09309180457716,44.331113403511765,15951500,during_trump
2018-07-17,43.99108123779297,44.10159114211098,43.36202860100966,43.39603214737777,15754500,during_trump
2018-07-18,43.965576171875,44.17809345307276,43.75305889067724,44.09308459493984,14649000,during_trump
2018-07-19,44.18661117553711,44.21211222225133,43.39604629981904,43.86358386520685,15954600,during_trump
2018-07-20,44.12708282470703,44.26309373858583,43.63404447792989,44.059078989145625,17380500,during_trump
2018-07-23,44.467132568359375,44.62864459091475,43.63406492512653,44.00809430287674,15945500,during_trump
2018-07-24,44.35661315917969,45.30868979907536,44.27160753236566,44.849651631663285,17788700,during_trump
2018-07-25,44.56913375854492,44.586135533713964,43.430040764275674,44.38211747444254,19854800,during_trump
2018-07-26,44.3396110534668,45.20668206006005,44.093090197691346,44.586131909242255,28282500,during_trump
2018-07-27,40.53130340576172,41.82340909653766,40.36128890173071,41.44937653911805,67816700,during_trump
2018-07-30,40.53981018066406,40.79483360532548,39.46872411956479,40.48880808993782,35696600,during_trump
2018-07-31,40.88833236694336,41.381374121494744,40.53980408080626,41.007344793831564,36581200,during_trump
2018-08-01,41.49187469482422,41.57688030927143,40.80331754387898,40.85432285820111,28060700,during_trump
2018-08-02,42.061431884765625,42.09543543770312,40.97334413282412,41.22836429434075,26452500,during_trump
2018-08-03,42.188934326171875,42.31644275756266,41.797900038739705,42.078424424761266,22008200,during_trump
2018-08-06,42.16327667236328,42.17183088826037,41.32514295070923,41.71000110414156,26669000,during_trump
2018-08-07,42.50537872314453,42.61656070603842,42.25735863148811,42.27446380289316,28322700,during_trump
2018-08-08,42.72773742675781,42.87312974565731,42.28301277847363,42.419850880832016,21990600,during_trump
2018-08-09,42.88167953491211,43.27508866069646,42.522480749407514,42.64221367790905,23795600,during_trump
2018-08-10,41.778419494628906,42.05209568513282,41.30803874610515,41.487638134408805,28712400,during_trump
2018-08-13,41.43632888793945,42.111968459499664,41.37646242083693,41.83828898670242,17070600,during_trump
2018-08-14,41.15409469604492,41.70144706661097,40.75213463405406,41.62447543559527,23061600,during_trump
2018-08-15,40.58964157104492,41.051471407372546,40.11070982594472,40.86331778609585,26739900,during_trump
2018-08-16,40.341617584228516,41.00870614863584,40.23898982911874,40.83765771513454,24358000,during_trump
2018-08-17,40.2817497253418,40.52976978219617,39.62321866228037,40.196227142794896,26382000,during_trump
2018-08-20,39.76860427856445,40.29885142211839,39.503479075548924,40.23898496699829,24334000,during_trump
2018-08-21,40.72648239135742,40.923186980122885,39.88834851912622,39.90545369151601,19254300,during_trump
2018-08-22,40.2390022277832,40.49557332585251,40.127820222377714,40.410050713988916,23182500,during_trump
2018-08-23,40.17912292480469,40.34161714048089,39.948208031489564,40.07649517082379,31343200,during_trump
2018-08-24,40.76069259643555,40.95739718452683,40.26465564874405,40.444255064504176,18214700,during_trump
2018-08-27,41.350807189941406,41.38501753528976,40.735037286061434,41.05147482433851,17170300,during_trump
2018-08-28,41.53895950317383,41.72711313411589,41.31659879045157,41.521854331044736,13472400,during_trump
2018-08-29,41.692901611328125,41.786978424139896,41.393569263725134,41.650140313453115,13479100,during_trump
2018-08-30,41.2567253112793,41.76131638470368,41.128438173341216,41.49619115545445,16418800,during_trump
2018-08-31,41.419219970703125,41.53040194061354,40.983046307003995,41.017256645819124,16484000,during_trump
2018-09-04,41.01725769042969,41.419221025550726,40.67516408099859,41.37645973218154,15682900,during_trump
2018-09-05,40.81200408935547,41.15409771481404,40.598194350014715,40.83766021408349,20857200,during_trump
2018-09-06,40.4185905456543,41.01725845136186,40.375829251491815,40.84621001223432,19318100,during_trump
2018-09-07,39.72585678100586,40.60675200853845,39.64888513163556,40.11926598335262,25958300,during_trump
2018-09-10,39.59756088256836,39.99096999819426,39.53769441986344,39.819924826167366,21522400,during_trump
2018-09-11,38.4258918762207,39.36665355312895,38.39168153024778,39.340997424888336,32455300,during_trump
2018-09-12,38.4258918762207,38.46865317744778,37.681834794939526,38.10945433216657,29778700,during_trump
2018-09-13,38.973236083984375,39.21270192997612,38.57982697629009,39.06731288418898,18657100,during_trump
2018-09-14,38.94757843017578,39.31533140062254,38.78508095894557,39.15283392939233,22998700,during_trump
2018-09-17,38.84495162963867,39.25546919753453,38.64824706219733,38.73377291487466,17603200,during_trump
2018-09-18,39.426513671875,39.79426667560754,38.83639998011885,38.98179229582776,20528100,during_trump
2018-09-19,39.469276428222656,39.71729322903743,39.24691248786495,39.41796091987607,15918900,during_trump
2018-09-20,40.367279052734375,40.504117154100484,39.78571630630899,40.00807699759979,21999300,during_trump
2018-09-21,39.90544891357422,40.555429074172686,39.65742883733523,40.29885804400165,52650600,during_trump
2018-09-24,40.1192626953125,40.19623433837446,39.46928246916101,39.60612058321806,17847000,during_trump
2018-09-25,39.264015197753906,39.67452945137886,39.16993840291703,39.52914041388716,23389900,during_trump
2018-09-26,39.08442687988281,39.5975690264546,38.98179910306409,39.37520829960101,23957700,during_trump
2018-09-27,39.23836135864258,39.48637815834656,39.11007421958942,39.264017481462226,15415500,during_trump
2018-09-28,40.44425582885742,40.83766501247501,38.87916678699717,39.01600490575451,46223500,during_trump
2018-10-01,39.72585678100586,40.38439127840105,39.512047006363716,40.0166382050183,23796200,during_trump
2018-10-02,41.136993408203125,41.80408202744252,40.469908051441514,40.63240228226151,42121100,during_trump
2018-10-03,41.70144271850586,42.52247445122548,41.53039756739653,41.58170980773847,39211900,during_trump
2018-10-04,41.16265106201172,41.78697509620354,40.72647737598115,41.76986992592022,30108300,during_trump
2018-10-05,40.221885681152344,41.34224984968936,39.905448191747844,41.24817304575023,28901400,during_trump
2018-10-08,40.221885681152344,40.49556187671477,39.78571526399898,40.162019217277916,19376800,during_trump
2018-10-09,39.81137466430664,40.72648013024672,39.80282370982551,40.350176145997764,23285700,during_trump
2018-10-10,38.3147087097168,39.443623992426595,38.3147087097168,39.392311737516735,43109500,during_trump
2018-10-11,37.82722091674805,39.007451660795304,37.39960141292434,38.614042500272184,43648800,during_trump
2018-10-12,38.38312530517578,38.77653444241673,37.82721867811266,38.71666797642258,32087400,during_trump
2018-10-15,38.08378982543945,38.60548611277058,38.00681818857949,38.16931567888259,21633000,during_trump
2018-10-16,39.28968048095703,39.349546952999304,38.340367883224644,38.40023435526692,21472000,during_trump
2018-10-17,39.24690628051758,39.62321342392027,38.947574018699044,39.34098306636825,23124400,during_trump
2018-10-18,38.46009826660156,39.12718363207352,38.340365330488936,39.041661038415306,26638800,during_trump
2018-10-19,37.630516052246094,38.63969833464547,37.51078311407632,38.5028602249546,28368500,during_trump
2018-10-22,38.49430465698242,38.77653508345866,37.71603732371459,38.05813421717468,34508800,during_trump
2018-10-23,38.058128356933594,38.56271940272686,37.553537311140325,37.784452189297646,38590300,during_trump
2018-10-24,36.27923583984375,37.93840154327781,36.22792358920742,37.76735309537522,33631800,during_trump
2018-10-25,37.89564895629883,38.43444728667646,37.01475038901494,37.237114401136516,48255300,during_trump
2018-10-26,39.07586669921875,39.71729591579312,38.2291819603281,38.990344108666584,67280400,during_trump
2018-10-29,38.827850341796875,39.98242164032313,38.00681845536812,39.76861189893103,35732200,during_trump
2018-10-30,40.846214294433594,40.948845326156224,38.87916519444122,38.939031665040446,43975200,during_trump
2018-10-31,40.093605041503906,41.53040681562195,40.05084374420425,41.299491895230354,33369100,during_trump
2018-11-01,41.239620208740234,41.45342993066448,40.07649479947598,40.153466429867805,28335300,during_trump
2018-11-02,40.290313720703125,41.26528575329217,39.98242712883749,41.16265797682969,30759800,during_trump
2018-11-05,41.025814056396484,41.26527992179434,40.127810536199085,40.487012596773596,23751200,during_trump
2018-11-06,40.664344787597656,41.240959317736305,40.475007105219575,41.13768571053407,23839600,during_trump
2018-11-07,41.929466247558594,41.95528383320064,40.95696336459255,40.991389000788196,29913200,during_trump
2018-11-08,42.16183090209961,42.42001658632801,41.70569946752003,41.731520334049236,26581700,during_trump
2018-11-09,41.40449142456055,42.19626144770438,41.19794086725666,41.98971417341022,21761400,during_trump
2018-11-12,40.14799118041992,41.137703859001746,40.1049574823427,41.06024779867706,24412800,during_trump
2018-11-13,40.784828186035156,41.52496276262971,40.44058175988065,40.44058175988065,29315900,during_trump
2018-11-14,40.52665710449219,41.284004766915864,40.35453218807639,41.180727847260556,25632700,during_trump
2018-11-15,41.40449142456055,41.51637311322556,40.208228338326876,40.457806021181504,29581000,during_trump
2018-11-16,42.024131774902344,42.21346619295365,41.043020919142215,41.11187218607658,31670600,during_trump
2018-11-19,41.309818267822266,42.29953397702593,41.12048055019841,41.834797733590676,26859000,during_trump
2018-11-20,40.784828186035156,41.41308111470045,40.526642545667144,40.79343623441893,29200800,during_trump
2018-11-21,40.475013732910156,41.206543718151686,40.46640896548795,41.180722849866434,19011400,during_trump
2018-11-23,40.053321838378906,40.50945014227938,40.03610901594735,40.18241308210026,8906900,during_trump
2018-11-26,40.83647537231445,40.84508013953237,40.191009491665675,40.68156329831801,20723000,during_trump
2018-11-27,41.370059967041016,41.49915445757887,40.09634101130525,40.397557111881206,27621000,during_trump
2018-11-28,42.04996109008789,42.06717391162372,41.008610009745546,41.25818771448998,28003200,during_trump
2018-11-29,41.051631927490234,41.791766685328625,40.99138870608565,41.73152346392405,23592500,during_trump
2018-11-30,42.43722915649414,42.445833923281164,40.93114217706666,41.26678389291476,43313700,during_trump
2018-12-03,43.1429443359375,43.46137328033291,42.62656961428623,43.03106265379496,30870400,during_trump
2018-12-04,41.09466552734375,42.68681355917836,41.034422301253336,42.617965564936284,35397700,during_trump
2018-12-06,41.628238677978516,41.64545149269508,40.03609107129656,40.277063911311025,31661700,during_trump
2018-12-07,39.79513168334961,41.36146223893248,39.78652363157716,41.25818531572209,34016400,during_trump
2018-12-10,40.62992477416992,40.84508006733923,39.5971787103554,39.829546820939356,23289000,during_trump
2018-12-11,40.77623748779297,41.81758845689779,40.56108216609315,41.22376095088976,23851000,during_trump
2018-12-12,41.16352081298828,41.860622006490544,40.802058138237925,41.80898682653329,31305000,during_trump
2018-12-13,41.55939865112305,41.80897958773711,41.18933127145649,41.53357778260512,19526000,during_trump
2018-12-14,41.189334869384766,41.96389204938452,41.18072681812375,41.215152457148534,26372100,during_trump
2018-12-17,40.518043518066406,41.66266788955838,40.156580943957515,41.189326934685624,26598700,during_trump
2018-12-18,41.08605194091797,41.697092121836214,40.75901501018345,40.853683854580986,29014300,during_trump
2018-12-19,39.21851348876953,41.07745541808215,39.054996619023306,40.870908138719535,39717600,during_trump
2018-12-20,39.192691802978516,39.85537054743577,38.73656031629449,39.080810123262495,37750900,during_trump
2018-12-21,38.59025573730469,40.14798133147246,38.555830100492166,39.373420918237784,52768300,during_trump
2018-12-24,37.514488220214844,38.874268370825476,37.47145780536828,38.409535294268295,19241600,during_trump
2018-12-26,39.7520866394043,39.760694688718736,37.44562187446762,37.8673276496352,28677600,during_trump
2018-12-27,39.89840316772461,39.915615987329616,38.44395109969315,39.261541974377934,29970700,during_trump
2018-12-28,40.23403549194336,41.08605180570842,39.846755349322876,40.02748498820948,24758700,during_trump
2018-12-31,40.388954162597656,40.862295177527336,40.061917179387756,40.52665342663192,20490400,during_trump
2019-01-02,40.518043518066406,40.853685226376015,39.390628679761946,39.55414550911537,18774600,during_trump
2019-01-03,38.289039611816406,39.82954910412985,38.2029755198096,39.71767070903514,32267300,during_trump
2019-01-04,40.638526916503906,40.939742969947574,39.19268329395679,39.45086895162404,35447300,during_trump
2019-01-07,40.82786560058594,41.30981461969904,40.234038197311044,40.53525428237604,22736800,during_trump
2019-01-08,41.08605194091797,41.33562955986461,40.25985320627239,41.13768710476471,22749200,during_trump
2019-01-09,41.31842803955078,41.80037715959473,41.120485530338925,41.27539763024556,22554500,during_trump
2019-01-10,41.79176330566406,41.86921933877891,40.8020476917531,41.09465900763041,27202600,during_trump
2019-01-11,42.110198974609375,42.42002315687658,41.35285133829061,41.395881745158924,21751300,during_trump
2019-01-14,41.61103439331055,42.02413546517426,41.56800398920248,41.705703252153924,19193900,during_trump
2019-01-15,41.82619857788086,42.28233015070375,41.68849928569152,41.92086745682543,22480800,during_trump
2019-01-16,41.42170333862305,42.07577407026188,41.37867293100372,41.82619310985628,19057700,during_trump
2019-01-17,41.71430587768555,42.03273476628367,41.23235687853001,41.309812909054855,17448700,during_trump
2019-01-18,42.33395767211914,42.4974778090708,41.903647051525496,42.265109679989095,29874600,during_trump
2019-01-22,41.54217529296875,42.153215403706234,41.19792558615434,42.13600259006466,25940700,during_trump
2019-01-23,41.2581787109375,41.99831346041227,40.89671938659455,41.66267172123401,18960700,during_trump
2019-01-24,42.82451629638672,43.065492503259776,41.82619567651224,41.91225978004185,50578300,during_trump
2019-01-25,40.483619689941406,40.819261413209844,39.37341761835414,40.320099570291234,86455700,during_trump
2019-01-28,40.199623107910156,40.21683592914424,39.631613139225216,39.70046442416155,35928700,during_trump
2019-01-29,40.053306579589844,40.42337391336113,39.87257693742496,40.259853804061436,20988300,during_trump
2019-01-30,40.91392517089844,41.03441159163337,39.9758481027366,40.17379054865953,26931700,during_trump
2019-01-31,40.55246353149414,40.604101977109146,39.67462965409184,40.191004261215504,43051300,during_trump
2019-02-01,41.93807601928711,42.21347457569495,40.45780631633763,40.500840008221786,37442900,during_trump
2019-02-04,42.359771728515625,42.37698454453194,41.5163634417698,41.84339709705296,20905000,during_trump
2019-02-05,43.039669036865234,43.650712644565786,42.32535507717257,42.32535507717257,31641600,during_trump
2019-02-06,43.21720504760742,43.85809960543091,43.14791736361644,43.260508198192476,21647800,during_trump
2019-02-07,42.636940002441406,43.173906435635644,42.16059865184236,42.87078102265968,27825900,during_trump
2019-02-08,42.299171447753906,42.455065463836846,41.58032645094709,42.23854636414601,18851200,during_trump
2019-02-11,42.23854064941406,42.71488194352268,42.07398734528748,42.4550597198106,18004100,during_trump
2019-02-12,43.31248092651367,43.42507178778437,42.671586216737644,42.74953322779899,18050100,during_trump
2019-02-13,43.710872650146484,44.00533872922998,43.3038157251084,43.41640657106299,17712800,during_trump
2019-02-14,44.0053596496582,44.20455690023507,43.60696184468395,43.658927637633774,17545400,during_trump
2019-02-15,44.74150466918945,44.7501639791175,44.247841407812345,44.386413493395054,22520400,during_trump
2019-02-19,44.516319274902344,44.78480079013832,44.464353512041214,44.473012820608766,15611800,during_trump
2019-02-20,44.50767135620117,44.80213750199156,44.2218678256568,44.71553117244956,21607700,during_trump
2019-02-21,44.52499008178711,44.897403218918846,44.35177413133662,44.44704306927536,16162100,during_trump
2019-02-22,45.46034622192383,45.88472175674314,45.08793315041038,45.6422214511321,31934100,during_trump
2019-02-25,45.98865509033203,46.43035590035873,45.78079860640591,45.95401454555717,20711800,during_trump
2019-02-26,46.10124206542969,46.222492221482646,45.824097907646085,45.910704218021344,16082200,during_trump
2019-02-27,46.10991287231445,46.23116304991311,45.477674139716534,45.694193257948285,17590300,during_trump
2019-02-28,45.86741256713867,46.05795046233707,45.737503068992325,45.83276871277173,18388800,during_trump
2019-03-01,46.161869049072266,46.49097898895846,45.80677787576475,46.28311921013057,18359300,during_trump
2019-03-04,46.71615982055664,46.85473191238587,46.08392444509708,46.55160649395295,21706100,during_trump
2019-03-05,46.49097442626953,46.759459259277094,45.997311216798586,46.638205806299666,21057700,during_trump
2019-03-06,45.858741760253906,46.464995844429275,45.85007914692369,46.447673921587814,14740500,during_trump
2019-03-07,45.55561447143555,45.89338702153436,45.34775799856451,45.70284916822001,17803000,during_trump
2019-03-08,45.45168685913086,45.520974553585354,44.77614835729506,45.00998937035032,16793900,during_trump
2019-03-11,46.20517349243164,46.46499904915499,45.52963497411698,45.79811984094882,18963000,during_trump
2019-03-12,46.39571762084961,46.733486925637955,46.057948316061264,46.196520423251854,20782100,during_trump
2019-03-13,47.088565826416016,47.26178174100168,46.464993159253915,46.768118531914745,25522300,during_trump
2019-03-14,46.283119201660156,47.15785816996774,46.187853577859705,47.027945395246704,26647100,during_trump
2019-03-15,47.053932189941406,47.3657169173557,46.490981210900905,46.490981210900905,46512500,during_trump
2019-03-18,46.854732513427734,47.20982370978387,46.65553533535667,47.131876700641335,16274000,during_trump
2019-03-19,46.91535568237305,47.33107525003924,46.76812428434812,47.175181238119215,18274800,during_trump
2019-03-20,46.612220764160156,47.11454654539457,46.430345555293286,46.82008050559266,24325300,during_trump
2019-03-21,47.322418212890625,47.6255469623772,46.629557691494924,46.69884209172471,19127200,during_trump
2019-03-22,46.127227783203125,47.30509222022881,46.08392462380468,47.1145576581118,21438400,during_trump
2019-03-25,45.71149826049805,46.37837729421741,45.365069781874155,45.876054843876354,16971400,during_trump
2019-03-26,46.283119201660156,46.5689259845188,45.936690642102555,46.179190964174786,17724300,during_trump
2019-03-27,46.04062271118164,46.64687687063502,45.85008484008559,46.413035838967886,19656000,during_trump
2019-03-28,45.997318267822266,46.28312176267637,45.7028521588039,46.1185684355676,13607900,during_trump
2019-03-29,46.508304595947266,46.8027707120472,46.317766725582786,46.594910916756916,18736100,during_trump
2019-04-01,47.2098274230957,47.261793201217884,46.8547361988097,47.06259600747887,17830400,during_trump
2019-04-02,47.07991027832031,47.4609826777952,46.96731942927265,47.2271416699973,13704500,during_trump
2019-04-03,48.04991149902344,48.49161225086881,47.538926362935314,47.66017651322422,24552800,during_trump
2019-04-04,48.43098831176758,48.6215261675854,47.86804066184444,47.86804066184444,16520500,during_trump
2019-04-05,48.153846740722656,48.45697546441329,47.52161136226294,48.28375952284997,19268400,during_trump
2019-04-08,48.2231330871582,48.27509885931636,47.807416821350536,47.876701213742216,11758800,during_trump
2019-04-09,47.911338806152344,48.00660772409361,47.54758835999706,47.9373200369295,13339700,during_trump
2019-04-10,48.283748626708984,48.37901753826054,47.911335592726644,47.911335592726644,13084000,during_trump
2019-04-11,48.327064514160156,48.56090554856167,48.17983310573296,48.292420663770436,10845800,during_trump
2019-04-12,48.86403274536133,48.92466113764353,48.36171011183928,48.68215747997332,12910200,during_trump
2019-04-15,48.74279022216797,48.9852939179168,48.43100211607665,48.898684275213625,11676900,during_trump
2019-04-16,49.11518478393555,49.77340460336357,48.56089649630276,49.07188163093026,30301900,during_trump
2019-04-17,50.717430114746094,51.60948766054884,50.33635442231079,50.613498578362496,38788400,during_trump
2019-04-18,50.656803131103516,50.99457235209406,50.336352528373,50.84733766633323,20464200,during_trump
2019-04-22,50.942604064941406,50.95126667746157,50.12849359043493,50.36233457119947,12327500,during_trump
2019-04-23,50.90797424316406,51.08119019926784,50.66547388691051,51.00324318421212,17739900,during_trump
2019-04-24,50.856014251708984,51.34967760322182,50.3536882848673,50.682798287149105,17723700,during_trump
2019-04-25,49.8946647644043,50.56154402671163,49.56555478865612,50.49225632494592,27949900,during_trump
2019-04-26,45.40837478637695,45.97998493811831,44.62024558770602,45.67685959394428,72364500,during_trump
2019-04-29,44.265167236328125,45.408387869189205,44.1698982996198,45.18320614536599,42142300,during_trump
2019-04-30,44.20454406738281,44.54231336394883,44.057309348678395,44.16990021547359,27130900,during_trump
2019-05-01,43.9620361328125,44.689540433063264,43.94471751236157,44.25650223776684,20467600,during_trump
2019-05-02,43.78016662597656,44.45570854584115,43.407753464869835,43.996685752023744,22655400,during_trump
2019-05-03,44.819454193115234,44.88007927747671,43.93605585893754,44.239184584564214,25656600,during_trump
2019-05-06,44.63210678100586,44.68438747952083,43.73458267588581,43.78686669845332,26245200,during_trump
2019-05-07,43.987281799316406,44.33583528581694,43.508023248417466,44.09184651564561,29713400,during_trump
2019-05-08,42.906776428222656,44.25741551151815,42.758640017664895,43.74330089379309,36812400,during_trump
2019-05-09,40.62376022338867,42.07896746728418,40.12707357687511,41.73912958535943,59642200,during_trump
2019-05-10,40.257774353027344,40.7806012531235,39.29925393744791,40.46690378344486,42522800,during_trump
2019-05-13,39.002986907958984,39.76980262345861,38.95070620911866,39.499676815310075,39091900,during_trump
2019-05-14,39.36025619506836,39.63910101748737,39.0988427058567,39.36897186167204,24706500,during_trump
2019-05-15,39.75237274169922,39.8656531239336,39.002985069160495,39.14240579958265,23407900,during_trump
2019-05-16,39.6739501953125,40.03993170701298,39.57809781548493,39.621669496535695,19954700,during_trump
2019-05-17,39.11627197265625,39.84823176041418,39.002991571536356,39.368973127441805,22500400,during_trump
2019-05-20,37.957340240478516,38.79386482108193,37.86148784235773,38.340746508908445,28675000,during_trump
2019-05-21,38.7415657043457,39.02040712264732,38.49758029434476,38.63700100349557,25543400,during_trump
2019-05-22,38.340736389160156,38.74157056272882,38.21002800366709,38.47144477465322,16932500,during_trump
2019-05-23,38.80257797241211,38.985570429022324,37.34737393152601,37.791776585457626,35783900,during_trump
2019-05-24,38.837432861328125,39.25569514812901,38.76772414222123,38.854860872118145,27168100,during_trump
2019-05-28,37.96604537963867,38.94199053848464,37.73077226272845,38.91585018906769,34779900,during_trump
2019-05-29,38.5411491394043,38.80256255692461,37.75690888684335,37.774333567166344,28450300,during_trump
2019-05-30,38.976844787597656,39.23825824207949,38.54115458877713,38.602150950687815,21618900,during_trump
2019-05-31,38.37560272216797,39.18598695243572,38.27975032356915,38.49759547527439,25532500,during_trump
2019-06-03,37.87018966674805,38.85485040477464,37.64363223561786,38.558580949264524,31155700,during_trump
2019-06-04,39.02912902832031,39.09012539057514,38.140320618825434,38.48015844397444,28094900,during_trump
2019-06-05,38.81999588012695,39.36896645897185,38.506298406501294,39.30797009732824,20802000,during_trump
2019-06-06,39.299251556396484,39.36024791357699,38.785137028694926,38.99426977049393,19076200,during_trump
2019-06-07,40.10963821411133,40.18806258202895,39.299254186980065,39.42996257486023,24370300,during_trump
2019-06-10,40.78061294555664,41.12045086046117,40.25778589555787,40.283926250841816,20806100,during_trump
2019-06-11,40.82416915893555,41.23371899807779,40.53661536425762,41.18143497902165,18415500,during_trump
2019-06-12,40.36233901977539,40.667320823789915,40.30134265897249,40.667320823789915,15900600,during_trump
2019-06-13,40.69346237182617,40.920019796691264,40.545325986141464,40.60632234376099,12267600,during_trump
2019-06-14,40.24905776977539,40.44947485437645,39.69137486931118,39.93536363130349,15381100,during_trump
2019-06-17,40.196781158447266,40.54533134461584,39.90922401390688,40.20549350037911,12643300,during_trump
2019-06-18,41.27728271484375,41.8262532190787,40.60631950390146,40.73702787483186,25732300,during_trump
2019-06-19,41.01587677001953,41.46028265291092,40.95488040555249,41.373142615063315,17436400,during_trump
2019-06-20,41.120445251464844,41.86983302521596,40.841603752960175,41.712984266800476,20126800,during_trump
2019-06-21,41.355709075927734,41.59098216056829,40.7805981992682,40.91130657653032,31096300,during_trump
2019-06-24,41.503849029541016,41.695550455554006,41.103011522672254,41.30343193813284,14479900,during_trump
2019-06-25,40.82416915893555,41.54741646430995,40.7806008050816,41.44285175025001,16665600,during_trump
2019-06-26,41.9918212890625,42.24452240891145,41.44285401717996,41.521278388027824,21886300,during_trump
2019-06-27,41.355709075927734,42.1922333830594,41.1640076664093,41.956963622470965,23062900,during_trump
2019-06-28,41.71297836303711,42.00053548745096,41.54741728549884,41.62584165360695,26646200,during_trump
2019-07-01,41.86983108520508,43.08976507767781,41.60841760797598,42.95034433488545,27423300,during_trump
2019-07-02,41.930816650390625,42.01795666972017,41.556122877403226,41.747827595876366,15381600,during_trump
2019-07-03,42.27937698364258,42.31423299706623,41.82625878129229,41.983107517646324,10739100,during_trump
2019-07-05,41.895973205566406,41.98310992005939,41.338286931032506,41.85240152426733,14339200,during_trump
2019-07-08,41.66941452026367,41.782694914030735,41.0158791566158,41.495137758480354,16564300,during_trump
2019-07-09,41.608421325683594,41.65198968843915,41.06816631459804,41.26858344251602,17853200,during_trump
2019-07-10,42.00924301147461,42.35779645733061,41.73911724878562,41.756541929431606,16032300,during_trump
2019-07-11,42.349090576171875,42.50593933063607,42.09639275980425,42.31423788277644,16615100,during_trump
2019-07-12,43.49931335449219,43.50802902103991,42.532083783023864,42.69764488284936,20148700,during_trump
2019-07-15,43.673587799072266,43.78686818980052,43.36860596717233,43.56902307442838,14345100,during_trump
2019-07-16,42.84576416015625,43.56901134401169,42.662775110283825,43.490586990630405,17131400,during_trump
2019-07-17,43.0374755859375,43.307604695058636,42.90677052595163,43.13332795769185,11928600,during_trump
2019-07-18,43.51674270629883,43.56031439227622,42.60179380967357,42.94163168635842,15671600,during_trump
2019-07-19,43.80429458618164,44.144132421809765,43.49059709973951,43.53416545640035,29141100,during_trump
2019-07-22,44.74537658691406,44.89351296480399,43.473162160574745,43.57772686469869,21688000,during_trump
2019-07-23,45.09394836425781,45.3117935254378,44.701826409323154,45.3117935254378,18413500,during_trump
2019-07-24,46.11345672607422,46.15702841245343,45.13751144894408,45.29436021256091,20896400,during_trump
2019-07-25,45.45120620727539,45.83461242606318,45.207220733869775,45.75618804903241,27765400,during_trump
2019-07-26,44.95451736450195,46.61885388422915,44.90223334105696,45.91303452595852,36401500,during_trump
2019-07-29,45.75617599487305,45.799747667119185,44.24868854379929,44.90222373886865,21897500,during_trump
2019-07-30,45.050376892089844,45.58191958058516,44.92838414208497,45.059089235353134,16487700,during_trump
2019-07-31,44.04827880859375,45.067795610966165,43.61258860608728,44.88480319963359,24169800,during_trump
2019-08-01,43.133331298828125,45.21592999534738,43.10719094961656,44.02213973659937,34020800,during_trump
2019-08-02,42.418800354003906,43.011339322884034,42.26195160788548,42.7760662037064,27881600,during_trump
2019-08-05,40.928741455078125,41.79140625291175,40.58018793988004,41.6171294953127,38936600,during_trump
2019-08-06,41.1963005065918,41.72266070839549,41.02962161659303,41.36298274308584,26119600,during_trump
2019-08-07,40.994537353515625,41.12612826333725,40.3278183317758,40.6173136482892,29440400,during_trump
2019-08-08,41.38052749633789,41.555980907221276,40.275176696814846,40.49449262379521,30643700,during_trump
2019-08-09,40.33659362792969,41.231403205457454,40.161140179032756,41.178766166839516,24975500,during_trump
2019-08-12,40.003231048583984,40.41554613748851,39.86286896354143,40.14359313362654,18494300,during_trump
2019-08-13,41.091033935546875,41.275258518774656,39.79268399497227,39.90672921880187,28959500,during_trump
2019-08-14,40.240089416503906,40.906811776015225,40.04709365685236,40.406771679629635,25650200,during_trump
2019-08-15,40.09095764160156,40.51204387780554,39.86286717209779,40.44186116519024,21896000,during_trump
2019-08-16,40.792755126953125,40.95066283387382,40.40676036919968,40.652393092634156,22701800,during_trump
2019-08-19,41.43315887451172,41.75774546516946,41.26647999747018,41.63492909824464,21403600,during_trump
2019-08-20,40.88047790527344,41.33665532845823,40.75766155028035,41.25770147932058,23113300,during_trump
2019-08-21,41.362979888916016,41.485796256913595,41.13488947992476,41.32788854191812,15915000,during_trump
2019-08-22,41.03840255737305,41.60862540854872,40.95944867561789,41.47703449012477,19783000,during_trump
2019-08-23,39.44176483154297,40.90679656749309,39.301402810119114,40.66116052013042,32814000,during_trump
2019-08-26,39.968143463134766,40.196230598823604,39.696190456374595,40.196230598823604,22080500,during_trump
2019-08-27,40.16991424560547,40.45940958854621,39.91550691485719,40.240093616486554,16925500,during_trump
2019-08-28,40.16991424560547,40.27518497517518,39.801461672367246,40.09096036180414,14888800,during_trump
2019-08-29,41.11735153198242,41.4243958561621,40.70503984002042,40.75767352391158,17803800,during_trump
2019-08-30,41.591064453125,41.9244255365906,41.37174856730458,41.44193125708464,16922600,during_trump
2019-09-03,41.21384811401367,41.42439287390764,40.792761940721164,41.33666449624539,15003800,during_trump
2019-09-04,42.91573715209961,42.94205733782994,41.70511569635515,41.72266137134359,23450700,during_trump
2019-09-05,43.95090866088867,44.8895805228986,43.74913841775989,43.80177544285687,30014200,during_trump
2019-09-06,44.67026901245117,44.7316805543716,43.924596155724345,44.082503900101074,17067900,during_trump
2019-09-09,45.25803756713867,45.644032417268285,44.75799749105199,44.793088844653504,20749700,during_trump
2019-09-10,45.459808349609375,45.47735402661045,44.59131909027847,45.02995097581812,18532000,during_trump
2019-09-11,46.310752868652344,46.310752868652344,45.073811149654695,45.26680689363251,18968900,during_trump
2019-09-12,46.503753662109375,46.78448116350514,45.67912687540301,46.49498249636071,23308700,during_trump
2019-09-13,46.09143829345703,46.49497881586978,45.81948532583333,46.28443404311343,18010800,during_trump
2019-09-16,45.79316711425781,45.87212098336756,45.35453525175821,45.52998866605716,13354600,during_trump
2019-09-17,45.573856353759766,45.7405352756824,45.04749605114275,45.66158139761464,19641100,during_trump
2019-09-18,45.38963317871094,45.73176554558002,44.88081853819056,45.73176554558002,14906800,during_trump
2019-09-19,45.2404899597168,45.60894246381775,45.17908176678256,45.354535180807034,11428400,during_trump
2019-09-20,44.49481201171875,45.51243768013369,44.35444996595446,45.26680159017481,37067900,during_trump
2019-09-23,44.65272521972656,44.9422205106053,44.205318843147296,44.59131702631302,18916600,during_trump
2019-09-24,43.70528030395508,44.89835955431766,43.54737255926028,44.8281768471219,28197400,during_trump
2019-09-25,44.757991790771484,44.9246706794073,43.35436794393456,43.64386655453361,19486700,during_trump
2019-09-26,44.67026901245117,44.87204262198473,44.16145777228944,44.72290604274197,11351800,during_trump
2019-09-27,44.547454833984375,44.933453048962264,44.16145996550232,44.41586727146578,14845700,during_trump
2019-09-30,45.20540237426758,45.26681057231854,44.687816600341066,44.90713254952186,13652100,during_trump
2019-10-01,44.5299072265625,45.82826054331776,44.24041192437073,45.591398925254126,18413100,during_trump
2019-10-02,43.32804870605469,44.18776663321924,42.96837076360325,44.13513295893053,20078700,during_trump
2019-10-03,43.88950729370117,43.92459864922042,42.57361158019188,43.42455854580656,16320100,during_trump
2019-10-04,44.67026901245117,44.714134877608004,43.889504802197145,44.17022893742341,12644900,during_trump
2019-10-07,44.40708923339844,44.942220646039516,44.354455551168535,44.47727193836572,12081400,during_trump
2019-10-08,43.62632369995117,44.28427147948361,43.52105299224471,44.003547361269405,17409100,during_trump
2019-10-09,44.28426742553711,44.5562203542533,43.99477216922195,44.27549626173762,11834900,during_trump
2019-10-10,44.83695602416992,45.424721198862386,44.21409949222823,44.22287065829253,13907900,during_trump
2019-10-11,45.69666290283203,46.31074811692432,45.4598013196895,45.617709041784515,24072500,during_trump
2019-10-14,45.301902770996094,45.573855757783306,45.12644933908486,45.52999323642947,15016800,during_trump
2019-10-15,46.18793869018555,46.556387866159476,45.4685826686687,45.556307706806585,18878100,during_trump
2019-10-16,46.012489318847656,46.108988877193596,45.72299064380983,45.92476092648953,14769300,during_trump
2019-10-17,45.494895935058594,46.35461395792239,45.07380976140053,46.179160548941006,16533900,during_trump
2019-10-18,45.05626678466797,45.459807306949926,44.766768140533756,45.39839911210248,16974100,during_trump
2019-10-21,45.73176193237305,45.76684994034674,45.038722740832526,45.19663048944925,12189000,during_trump
2019-10-22,45.62648391723633,45.89843687107689,45.5212132094413,45.52998772054657,13114300,during_trump
2019-10-23,45.37207794189453,45.58261934800108,44.91590043333659,45.06503365045412,15887500,during_trump
2019-10-24,45.819480895996094,45.994934298580915,45.11767063215213,45.696664518135314,23413000,during_trump
2019-10-25,49.530311584472656,49.66190248839408,47.302060808508436,47.53892242766958,59767700,during_trump
2019-10-28,49.79349136352539,49.83735723032384,49.17940938629658,49.46013353202854,32307500,during_trump
2019-10-29,49.4250373840332,50.21457605889614,49.33731235193531,49.451354224363484,18155800,during_trump
2019-10-30,49.65312576293945,49.6794459504477,48.79340770940395,49.40749298949947,15248000,during_trump
2019-10-31,49.59172058105469,49.65312877814372,48.79341067240153,49.41627050165503,19249700,during_trump
2019-11-01,49.57417297363281,49.696992709524615,48.79340877261802,49.074132904522315,17953500,during_trump
2019-11-04,50.53916549682617,50.70584440565593,49.872443168515844,49.94262587528352,19068000,during_trump
2019-11-05,50.48652267456055,51.188332929242165,50.18825289800895,50.41634332234002,20865400,during_trump
2019-11-06,50.80848693847656,50.905517576017,50.26159095814612,50.711459665849354,17721000,during_trump
2019-11-07,51.20543670654297,51.64648267880417,51.037840448452656,51.161332782299596,16962800,during_trump
2019-11-08,51.39949417114258,51.42595585072895,50.552686775243885,51.029013832365976,11888900,during_trump
2019-11-11,51.470062255859375,51.602377390004335,51.07312358325179,51.13486974854247,11228900,during_trump
2019-11-12,51.337745666503906,51.866999423564565,51.187788304224945,51.5141647071619,11952500,during_trump
2019-11-13,51.06429672241211,51.134865685659385,50.587966315233125,51.04665448160029,15332700,during_trump
2019-11-14,50.99372863769531,51.196609349768984,50.78202512318923,50.81730960309244,12119000,during_trump
2019-11-15,51.12603759765625,51.77878698056225,50.82612626468533,51.31127605966131,16112100,during_trump
2019-11-18,51.38185119628906,51.58473192168652,50.78202845819511,50.896701342954856,16097500,during_trump
2019-11-19,51.470062255859375,51.73469252414929,50.94080844910684,51.58473514779076,17061900,during_trump
2019-11-20,51.0731201171875,51.478881565821794,50.605609142539514,51.39067036074037,18542300,during_trump
2019-11-21,51.355384826660156,51.42595041974269,50.64088926906317,50.71145822705883,16139000,during_trump
2019-11-22,50.81731033325195,51.734686634437466,50.71146025693463,51.46123695862834,15690200,during_trump
2019-11-25,51.87582778930664,51.90228947052335,51.1613321122324,51.1613321122324,15011700,during_trump
2019-11-26,51.95521545410156,52.15809619199056,51.558273416964994,51.99931937713593,22338700,during_trump
2019-11-27,51.61118698120117,51.68175593659084,51.081933275430636,51.62882922004859,18184200,during_trump
2019-11-29,51.20543670654297,51.42595969267357,50.976094281529186,51.293647919943446,9481100,during_trump
2019-12-02,50.861419677734375,51.769973273294674,50.69382342527493,51.646480943596806,19154500,during_trump
2019-12-03,49.45888900756836,50.15574236604182,49.17661988905742,50.15574236604182,25737400,during_trump
2019-12-04,49.41477966308594,49.97931783812274,49.27364511932673,49.97931783812274,18881400,during_trump
2019-12-05,49.467716217041016,49.75880479928703,49.18544370847094,49.75880479928703,17673700,during_trump
2019-12-06,50.11164855957031,50.27042539138755,49.76762984735696,49.97933341141795,16476800,during_trump
2019-12-09,49.86465072631836,50.24395048737997,49.83818904784398,49.87347352908537,14298600,during_trump
2019-12-10,49.917572021484375,50.12927552100443,49.78525691367022,50.02342208878792,16157900,during_trump
2019-12-11,50.340980529785156,50.42918836692651,49.90875741691391,50.199845971411015,20051100,during_trump
2019-12-12,50.76438903808594,51.205434995610425,49.9352238493088,50.058716179029474,27883300,during_trump
2019-12-13,50.97608947753906,51.46123932832308,50.614431948964054,50.7643859502426,22795200,during_trump
2019-12-16,50.89670181274414,51.66412080109857,50.8525978920182,51.34656718801027,19131200,during_trump
2019-12-17,50.543861389160156,51.249534183013694,50.39390739261585,51.161326345624495,21653100,during_trump
2019-12-18,50.42919158935547,50.68499904429013,50.22631085903563,50.62325288136294,28261000,during_trump
2019-12-19,51.12603759765625,51.15250263859485,50.252768639682095,50.42918429973661,18865100,during_trump
2019-12-20,51.999324798583984,52.087532653849266,51.064306054167666,51.44360588865355,49953000,during_trump
2019-12-23,52.246299743652344,52.731449586980546,52.07870350393194,52.0963457446783,23593000,during_trump
2019-12-24,52.405067443847656,52.46681359327929,52.184544520188155,52.263932907302085,6313200,during_trump
2019-12-26,52.76673889160156,52.79320057268315,52.35215460845049,52.405081335527335,11480300,during_trump
2019-12-27,52.996070861816406,53.34890552227392,52.837294086891056,52.84611352331456,14085800,during_trump
2019-12-30,52.59031677246094,52.969616548820966,52.37861660630069,52.91669318973764,12750500,during_trump
2019-12-31,52.79319763183594,52.86376659734067,52.3609744953166,52.590316903380035,14432900,during_trump
2020-01-02,53.666473388671875,53.78114628224531,53.11957733187456,53.137219574340754,18056000,during_trump
2020-01-03,53.01372146606445,53.542978621239165,52.75791737422256,52.75791737422256,15293900,during_trump
2020-01-06,52.8637580871582,53.101923260025856,52.3345043907276,52.56384676187075,17755200,during_trump
2020-01-07,51.981666564941406,52.74908543741538,51.94638208772324,52.731443198806296,21876100,during_trump
2020-01-08,52.016963958740234,52.32569479877928,51.62002190375162,51.946394986780575,23133500,during_trump
2020-01-09,52.308048248291016,52.493286737060295,51.89346734936646,52.087525276447536,18813300,during_trump
2020-01-10,51.990482330322266,52.99606967054979,51.928736182007334,52.54620103006934,15200600,during_trump
2020-01-13,52.56385040283203,52.731446633164325,52.11398506619631,52.19337009773805,16453300,during_trump
2020-01-14,52.42271423339844,52.69616389384848,52.21101072774147,52.47564095104095,17051200,during_trump
2020-01-15,51.990482330322266,52.61676997952224,51.8228861227407,52.30803587303488,18498800,during_trump
2020-01-16,52.6255989074707,52.784375707464505,52.10516458858286,52.27276082639262,21365500,during_trump
2020-01-17,52.57267761230469,52.92551572980217,52.255127344453356,52.90787348743593,21803400,during_trump
2020-01-21,53.4106559753418,54.02812088703337,52.74026771101954,52.75790995020079,28358500,during_trump
2020-01-22,55.333621978759766,55.4394720597931,53.78114178558841,53.84288794660064,29475100,during_trump
2020-01-23,55.85404968261719,56.19806492883638,55.40418436792586,55.448288282713165,42778700,during_trump
2020-01-24,60.39682388305664,61.12013885705264,58.62381756113223,58.72084819311684,84711000,during_trump
2020-01-27,57.944618225097656,59.470633421287,57.865226455737705,58.853171792163046,30764000,during_trump
2020-01-28,59.37360763549805,59.61177623324683,58.165145958172474,58.659115301906866,30915400,during_trump
2020-01-29,58.50916290283203,60.03517826616037,58.368024955101355,59.65587844391888,18055800,during_trump
2020-01-30,58.63264846801758,58.65911014770287,57.27422616228101,57.90051059086522,18522400,during_trump
2020-01-31,56.39213943481445,58.20043064996657,56.16279364020054,58.04165382751503,25268400,during_trump
2020-02-03,56.82435607910156,57.37125545574237,56.71850936285463,56.85964056112615,16646600,during_trump
2020-02-04,57.74173355102539,58.27098733208663,57.2654031291222,58.015179879777854,20970800,during_trump
2020-02-05,59.400062561035156,59.629408328750955,58.33273221911132,58.82670823648587,23401400,during_trump
2020-02-06,59.470977783203125,59.74577749484234,59.187318582423366,59.65713526265532,17408000,during_trump
2020-02-07,58.522499084472656,59.6571427937984,58.5136395942137,59.267108807374875,18134600,during_trump
2020-02-10,58.85047912597656,58.859345378648015,58.00836772235776,58.11473570253827,22299300,during_trump
2020-02-11,59.75464630126953,60.0205730091981,59.01003664053751,59.24051186445088,17975600,during_trump
2020-02-12,59.798946380615234,60.357398389040284,59.665979684428194,59.92304682693191,15586600,during_trump
2020-02-13,59.78123474121094,59.967385454583265,59.16072560033449,59.382334558582784,11602700,during_trump
2020-02-14,59.63053512573242,60.15353578057407,59.23164170864179,59.852144082553586,13405500,during_trump
2020-02-18,58.628868103027344,59.11641053839692,58.398392882400906,59.08981854428021,12758400,during_trump
2020-02-19,59.488704681396484,59.56848065395633,58.66431915010389,58.85046984904504,13551200,during_trump
2020-02-20,58.0172233581543,59.648268829925556,57.228295997031765,59.42665986864464,26452600,during_trump
2020-02-21,57.03327941894531,57.839939289747676,56.76735272137145,57.77788905068356,20775900,during_trump
2020-02-24,54.74627685546875,55.64157896164464,54.35624629704113,54.61331350625872,26903100,during_trump
2020-02-25,52.94680404663086,55.20721440923653,52.7074660014396,54.95015062572045,34495700,during_trump
2020-02-26,52.87590026855469,53.91302859903267,52.53905369578657,53.28365995157247,26190100,during_trump
2020-02-27,49.48971176147461,51.8653565668769,49.46311638837468,51.35122556722879,42226900,during_trump
2020-02-28,49.21492004394531,49.977255435285855,47.512961410478255,48.133467197486915,60721700,during_trump
2020-03-02,51.57283401489258,51.60829225769276,48.32847919132747,49.454253039102035,43140300,during_trump
2020-03-03,49.61381912231445,52.317447980102386,49.10855092252884,51.439874938562575,49740300,during_trump
2020-03-04,52.01605224609375,52.04264423762596,49.782233657315494,50.53570272359092,29223100,during_trump
2020-03-05,50.49138259887695,51.99832414240934,50.18113141998098,50.58002820819311,29099200,during_trump
2020-03-06,49.43653106689453,49.64927379149279,48.346215304245696,48.913533745153906,36259200,during_trump
2020-03-09,45.07526397705078,46.724035285308354,44.32179481774299,46.023750115631714,56197000,during_trump
2020-03-10,47.84980392456055,47.86753304628172,44.70295752096294,46.76835116995849,36569000,during_trump
2020-03-11,45.79328536987305,47.45978606019738,45.21710059532128,46.44038326875505,38563500,during_trump
2020-03-12,40.368282318115234,44.40156404969822,40.21758649175693,42.540050444808784,50661700,during_trump
2020-03-13,48.248695373535156,48.753963451513954,42.318441763767005,42.77938535160281,48805100,during_trump
2020-03-16,39.54389953613281,46.316268157223334,38.675192902789775,42.114561194437556,53878900,during_trump
2020-03-17,44.392704010009766,45.76667874704545,40.06689660057324,40.563298456724226,52085200,during_trump
2020-03-18,42.203208923339844,44.36611105515104,40.06689878341861,41.40541535179904,49309900,during_trump
2020-03-19,40.722862243652344,43.63923703837462,40.031443354034515,42.40709173242102,44538000,during_trump
2020-03-20,40.62535095214844,43.80765196276958,40.306233549700295,41.228124134959,52344000,during_trump
2020-03-23,43.94948959350586,44.756146054718,40.69626837463899,40.7937768559093,46698500,during_trump
2020-03-24,46.44924545288086,48.434860100941016,45.51848499377504,47.1052061667725,50019800,during_trump
2020-03-25,45.43870162963867,47.68138670094152,44.2420145466372,46.520154483140566,41106100,during_trump
2020-03-26,49.232643127441406,49.596081655298946,45.793271417470756,45.864187901679095,41459800,during_trump
2020-03-27,46.422645568847656,48.434855399688914,46.156715484123,47.35340255612621,31633500,during_trump
2020-03-30,49.18832015991211,49.729043114923435,46.83040125268314,46.97223083426518,31628600,during_trump
2020-03-31,47.97391128540039,49.463123909025654,47.17612098226987,48.807163218550656,48074700,during_trump
2020-04-01,45.98830032348633,48.47918330290658,45.589403449820374,46.53788969304555,29586600,during_trump
2020-04-02,48.17778778076172,48.36394188183995,45.40324596543232,45.46529620529691,27810000,during_trump
2020-04-03,47.98277282714844,48.869208664583,46.74176130214631,47.73456849325739,23906100,during_trump
2020-04-06,51.79444885253906,52.09583718765959,49.74678074791271,50.19886494133577,32323400,during_trump
2020-04-07,51.767852783203125,54.50693957806153,51.59942781474128,53.13296136401376,41410000,during_trump
2020-04-08,52.281982421875,52.75179230790207,51.333496398301016,52.29084867339486,26719500,during_trump
2020-04-09,50.65093994140625,52.937945877516626,49.69359105712769,52.618828455595725,40499700,during_trump
2020-04-13,52.03378677368164,52.095837014692975,50.145677404592895,50.145677404592895,23251900,during_trump
2020-04-14,53.77119445800781,53.98394053376695,52.75179195503075,53.22160521939928,25674000,during_trump
2020-04-15,52.18448257446289,53.035463642445094,51.758993731214154,52.95568427299316,22841600,during_trump
2020-04-16,53.886436462402344,54.037128934710836,52.1312938744533,52.84044188249062,24433500,during_trump
2020-04-17,53.50526809692383,55.0742599469352,53.03545818157306,54.97675146303575,27385600,during_trump
2020-04-20,52.45927810668945,53.22161354024317,52.20221087788931,52.547920346248624,26420300,during_trump
2020-04-21,49.95952606201172,51.945140512720045,49.578358368249184,51.510788831027064,25248000,during_trump
2020-04-22,53.2747917175293,53.62936740004064,51.24485624867898,51.652615916528006,23350400,during_trump
2020-04-23,52.335166931152344,53.27478665194114,52.13128711661357,52.89361901300395,35092000,during_trump
2020-04-24,52.530189514160156,52.65429337958665,49.72905222845494,49.81769784661672,50187000,during_trump
2020-04-27,52.71634292602539,53.035460384228244,51.75899055141683,52.93795189627909,25902200,during_trump
2020-04-28,52.07810592651367,53.38116770155847,51.64375087433727,53.17728786285833,28784700,during_trump
2020-04-29,54.78173065185547,54.985610475939424,52.583370318251404,52.68974166527691,30451500,during_trump
2020-04-30,53.16841506958008,54.5512560358566,52.96453525596282,54.400560202279685,26279900,during_trump
2020-05-01,50.94347381591797,52.58337892856873,50.80164420283187,52.14902721789212,21194800,during_trump
2020-05-04,51.4044189453125,51.47533205841141,49.91520637390511,50.633217283397705,18957200,during_trump
2020-05-05,52.07810592651367,52.56564496527351,51.72353023569684,52.113564171892236,17252100,during_trump
2020-05-06,52.75560760498047,53.442019260877046,52.54165974576385,52.63080610401489,17848700,during_trump
2020-05-07,52.74668884277344,53.575731233153924,52.52382805827515,53.42418753197622,14733500,during_trump
2020-05-08,53.192405700683594,53.29046498127175,52.63971195624221,53.192405700683594,20384500,during_trump
2020-05-11,53.602481842041016,54.23540571294199,53.228073920838426,53.254819529872485,18684400,during_trump
2020-05-12,52.051361083984375,54.057108021185535,51.93547253100437,53.68270355852235,16754900,during_trump
2020-05-13,51.4719123840332,52.80016034501211,50.72310024340761,52.10483600035428,21065000,during_trump
2020-05-14,52.66646194458008,52.72886269186059,50.00995841498528,51.0975201257354,21569400,during_trump
2020-05-15,51.95330047607422,52.03353048754005,50.77659590829907,51.16883303128105,21373300,during_trump
2020-05-18,53.4152717590332,53.73619183618555,52.91606577287242,53.25481512104276,20428700,during_trump
2020-05-19,53.74510192871094,55.06443722551057,53.35286481305069,53.60247117772139,21865000,during_trump
2020-05-20,56.25006103515625,56.59772671786383,54.39586106364447,54.520662559730695,30584000,during_trump
2020-05-21,55.25163650512695,56.87406248642023,55.109005761735844,56.2500517088647,20987700,during_trump
2020-05-22,55.50123977661133,55.55472758091149,54.75242751933496,55.25163682438093,14103000,during_trump
2020-05-26,55.57256317138672,57.177160076506276,55.376444600559296,56.76709706530855,20933600,during_trump
2020-05-27,56.660125732421875,56.68686793774055,54.440430875159706,55.5547347712463,19886300,during_trump
2020-05-28,55.00204086303711,56.5620663139303,54.81483862507048,56.16091623215493,17253500,during_trump
2020-05-29,56.0985107421875,56.749263752887366,54.93071913634824,55.18032549978137,33393900,during_trump
2020-06-01,55.14467239379883,55.85782621545609,54.966383088238096,55.70628251611015,14317700,during_trump
2020-06-02,55.37644958496094,55.421021064001145,54.22649046314588,55.002045080320194,20702400,during_trump
2020-06-03,55.207069396972656,55.75085021179464,54.85049081003139,55.670620199762126,16737300,during_trump
2020-06-04,56.13417434692383,56.57989590686298,54.68112110935823,55.0376997175438,22010100,during_trump
2020-06-05,57.355445861816406,58.04186085833844,56.303546131027694,56.481835431369795,26813100,during_trump
2020-06-08,56.7581787109375,57.18607437762805,56.10742567703274,57.02561435276546,21546200,during_trump
2020-06-09,56.19657897949219,56.793844278832886,56.07177747817239,56.1520075005331,23594100,during_trump
2020-06-10,56.93647384643555,57.310881743054104,55.93805845642904,55.97371699907572,21367800,during_trump
2020-06-11,53.219154357910156,56.42834819432676,53.05869432603077,56.223316687055444,26998200,during_trump
2020-06-12,52.88932418823242,54.34237408712569,51.810675382774235,53.58464876317732,30419800,during_trump
2020-06-15,53.57572555541992,53.80750265106335,52.22073512178204,52.889317404423316,29651700,during_trump
2020-06-16,53.84316635131836,54.957470262557685,53.03195323995956,54.81483949794248,23226600,during_trump
2020-06-17,53.92339324951172,54.627630696230106,53.54007245417344,54.14625401886721,20454800,during_trump
2020-06-18,53.557899475097656,53.941216853756416,52.88040086037472,53.79858610338085,24899700,during_trump
2020-06-19,53.1478385925293,54.279971778555975,52.68428775568947,54.06602733114416,60336100,during_trump
2020-06-22,53.56682205200195,53.97688510807551,52.4436051156731,53.245901955740585,22846000,during_trump
2020-06-23,53.4152717590332,53.90556821056359,53.36178734656497,53.65596181689746,22809600,during_trump
2020-06-24,52.67537307739258,53.317213199558395,52.300965205934,53.16566610378677,27764500,during_trump
2020-06-25,52.1583251953125,52.67536373549126,51.24014005050846,52.57730446748598,21906900,during_trump
2020-06-26,51.25797653198242,52.35445110016153,50.87465573978337,52.14050666766023,38477500,during_trump
2020-06-29,51.944393157958984,52.01570684220271,50.598312086781256,51.231239312592855,22150300,during_trump
2020-06-30,53.335044860839844,53.46875929189546,52.18508239059864,52.33662609257882,31542100,during_trump
2020-07-01,52.4257698059082,53.513328072827676,52.3811949305497,53.40635585325547,14748100,during_trump
2020-07-02,52.711029052734375,53.317210605153065,52.568398299258526,52.764513459921936,15578600,during_trump
2020-07-06,53.0765266418457,53.14784032644765,52.238567893818754,52.34554352160036,20536700,during_trump
2020-07-07,51.98005294799805,53.10326985633591,51.82850583939082,52.65754826721066,15996500,during_trump
2020-07-08,52.24748992919922,52.327719958494455,51.64130824132104,52.1048591438506,13277900,during_trump
2020-07-09,52.078102111816406,52.37227995490795,51.43626541880966,51.881986950340796,20683700,during_trump
2020-07-10,53.067604064941406,53.210234817957144,51.55215358936875,51.6591258039842,17742300,during_trump
2020-07-13,52.220741271972656,54.03928271048704,52.05136489738096,53.343958142837,19082900,during_trump
2020-07-14,52.57731246948242,52.81800250924036,51.12425929638917,51.58781010622829,24190900,during_trump
2020-07-15,52.621883392333984,52.89823196855155,52.07810257493661,52.621883392333984,19986300,during_trump
2020-07-16,52.719940185546875,52.91605874009401,52.06027424848245,52.185075728435976,12425900,during_trump
2020-07-17,53.4865837097168,53.89664670201746,52.84474361701287,52.96954510157521,16322800,during_trump
2020-07-20,54.51175308227539,54.716784610363206,52.89823966482007,53.55790912958663,16868700,during_trump
2020-07-21,54.110591888427734,55.20706639281586,53.8788147993527,54.84157489135315,19803700,during_trump
2020-07-22,54.422607421875,55.06444762281328,54.03928656860197,54.65438456136315,18959900,during_trump
2020-07-23,53.843162536621094,55.03769638086237,53.4687546806663,54.60980071674677,43518600,during_trump
2020-07-24,45.09810256958008,46.51549710903016,44.12642954064153,46.48875490658675,182269900,during_trump
2020-07-27,44.18883514404297,45.588400569056056,44.099692192362575,45.490341281856246,107526500,during_trump
2020-07-28,43.894657135009766,44.777183847301885,43.80551078994947,44.10860156198377,62362600,during_trump
2020-07-29,42.85166931152344,44.12643320962615,42.70012561763002,44.117520274932346,60500800,during_trump
2020-07-30,42.78035354614258,43.234988006239284,42.423774965238415,42.637722793897986,39735200,during_trump
2020-07-31,42.5485725402832,43.074524028486124,41.87107737949582,42.905151088435545,46536000,during_trump
2020-08-03,43.05670166015625,43.35087951960691,42.55749569345541,43.0299594549646,31767100,during_trump
2020-08-04,43.79660415649414,43.80551709198975,43.2349940038675,43.32413696116691,29045800,during_trump
2020-08-05,43.60939025878906,44.32254738467129,43.377616573286986,44.32254738467129,29438600,during_trump
2020-08-06,43.59144592285156,43.81582025987414,43.1696210736713,43.78889643500925,23795500,during_trump
2020-08-07,43.106788635253906,43.66323935416812,42.8106163449622,43.55553722708018,36765200,during_trump
2020-08-10,44.17481994628906,44.32739284994838,43.133723174117534,43.25937225329124,37442600,during_trump
2020-08-11,43.25040054321289,44.632547427038624,43.1337283406798,44.54279905221609,35348100,during_trump
2020-08-12,44.14789581298828,44.21072035700774,43.295276023101145,43.681196754785994,30659800,during_trump
2020-08-13,43.58246994018555,44.273543269167625,43.429893619503034,44.21071530864154,24774500,during_trump
2020-08-14,43.87864685058594,44.165845741499815,43.66324939424095,43.735047405128995,22321200,during_trump
2020-08-17,43.91454315185547,44.25559308440028,43.73504300716449,44.0760929397093,20018300,during_trump
2020-08-18,43.66325378417969,44.48894982265302,43.636326531668644,44.210724371246826,19251400,during_trump
2020-08-19,43.376041412353516,43.95941253939604,43.30423999283314,43.78888930355533,27775000,during_trump
2020-08-20,44.129940032958984,45.05436456823304,43.9773671372779,44.70434117350072,55081300,during_trump
2020-08-21,44.22866439819336,44.255591644413165,43.66324358278309,43.9953166142641,34621500,during_trump
2020-08-24,44.10301971435547,44.336370945172995,43.815820833103686,44.210718438904706,36295300,during_trump
2020-08-25,44.36330032348633,44.76717487070114,44.165849784029945,44.29149888234541,38384300,during_trump
2020-08-26,44.47099685668945,44.5786955893801,44.1837979537271,44.32739740520827,28616600,during_trump
2020-08-27,44.33637237548828,44.812044895966864,44.129944963228425,44.68639580932579,24420600,during_trump
2020-08-28,45.26079177856445,45.59286484049162,44.39021825071358,44.48894350731696,35384700,during_trump
2020-08-31,45.72749328613281,46.221116172167356,45.16206896461934,45.7723674714667,46114100,during_trump
2020-09-01,45.583885192871094,45.7723587897338,45.0723120449979,45.69158390198118,30472800,during_trump
2020-09-02,46.894229888916016,47.28015396859481,45.85313324746815,45.96083195556822,53000700,during_trump
2020-09-03,45.224891662597656,47.226310375176524,45.00051732140701,47.118611650035625,47394300,during_trump
2020-09-04,44.94667434692383,45.978794369574004,44.41715070967509,45.3505454641411,43318400,during_trump
2020-09-08,43.89658737182617,44.78511109524982,43.84273630796775,44.21071001846681,39752700,during_trump
2020-09-09,44.5338249206543,44.84795109936425,44.01327815179512,44.453050008835305,33437300,during_trump
2020-09-10,43.94147491455078,44.955648005165656,43.71710054906756,44.87487309664445,32649100,during_trump
2020-09-11,44.22866439819336,44.91973770737518,43.93249207921851,44.21071404194028,29333600,during_trump
2020-09-14,44.3453483581543,44.623573796983486,43.842748559402516,43.842748559402516,27212500,during_trump
2020-09-15,44.87487030029297,45.413367374424126,44.632545589829675,44.686396666715154,27598300,during_trump
2020-09-16,45.206939697265625,45.79928780000257,45.02743954595854,45.3325887760764,26531400,during_trump
2020-09-17,45.16205978393555,45.31463609147164,44.24661220975953,44.30943674119199,26959900,during_trump
2020-09-18,44.776145935058594,45.32361991148129,44.013274494139715,45.171046992769895,50123500,during_trump
2020-09-21,44.623573303222656,44.650497130537524,43.824801138525615,44.32739750803513,27377100,during_trump
2020-09-22,44.829994201660156,45.06334201084423,44.39919587600288,44.776143127072714,22290900,during_trump
2020-09-23,43.81582260131836,45.00949578143308,43.672223154897424,44.72229688859122,30078800,during_trump
2020-09-24,44.1209716796875,44.55177001725883,43.45682210279783,43.55554736376475,29343400,during_trump
2020-09-25,44.82101821899414,45.126167467145144,43.75299756230602,43.94147119166025,26633400,during_trump
2020-09-28,46.158294677734375,46.185218505977446,45.01847249180268,45.3325952335755,29652200,during_trump
2020-09-29,45.9428825378418,46.43650875937444,45.727485117245976,46.050584671819976,19558200,during_trump
2020-09-30,46.472415924072266,47.01091643737299,45.90699500707586,45.98776991288692,27711300,during_trump
2020-10-01,46.88526153564453,47.316059838700795,46.66088720548936,47.028860969996614,22127600,during_trump
2020-10-02,45.781333923339844,46.651907364866716,45.76338699090126,46.22110908905311,25811800,during_trump
2020-10-05,46.39162826538086,46.499330392642705,46.01468109100458,46.04160491098002,20883200,during_trump
2020-10-06,46.10443878173828,47.298111923152355,45.9787896981538,46.40958802344949,25642800,during_trump
2020-10-07,47.271183013916016,47.47761041390468,46.48138782378459,46.53523547275499,21978700,during_trump
2020-10-08,47.89943313598633,48.0879101835499,47.27118429936276,47.48658517214368,22369500,during_trump
2020-10-09,47.40580749511719,48.33022862600822,47.27118152955729,48.06098011856894,24343900,during_trump
2020-10-12,48.357154846191406,48.64435370451708,47.755829882791716,48.0609790977228,27303500,during_trump
2020-10-13,48.31228256225586,48.725130509338804,48.123805522343574,48.70718015202903,20005800,during_trump
2020-10-14,48.06099319458008,48.82386816750826,48.025092470839155,48.47384124655639,21874200,during_trump
2020-10-15,48.330223083496094,48.44689867868894,47.22630193301643,47.34297752820928,18272900,during_trump
2020-10-16,48.60844802856445,49.093097336388304,48.37510026387895,48.37510026387895,23414400,during_trump
2020-10-19,48.98541259765625,50.46628133997705,48.32126297642943,48.886687330098646,43537200,during_trump
2020-10-20,47.95328140258789,49.09310339369234,47.809681970368146,49.00335160875467,27224900,during_trump
2020-10-21,48.016109466552734,48.527682695386034,47.40581097887779,47.69300986440944,21866000,during_trump
2020-10-22,48.3751106262207,48.66230951674478,47.63018615014331,47.67506033484754,41522700,during_trump
2020-10-23,43.25937271118164,43.681194135203874,42.774723323226894,43.393995258715286,97322500,during_trump
2020-10-26,41.93107604980469,42.95422245081328,41.50925121217882,42.94524556031709,54161300,during_trump
2020-10-27,40.96177291870117,41.65284619477499,40.710474790558045,41.26692211302363,50130500,during_trump
2020-10-28,39.714256286621094,40.64765431820468,39.66938210549662,40.28865402184774,45066000,during_trump
2020-10-29,39.58860778808594,39.911707374789074,39.41808110417006,39.70528339965776,36796800,during_trump
2020-10-30,39.741172790527344,40.20787172035662,39.13985134212112,39.579623029291064,46781300,during_trump
2020-11-02,39.90272521972656,40.44122560107919,39.70527816120941,40.35147382568034,33856700,during_trump
2020-11-03,40.25275421142578,40.800228135008396,40.11813166502915,40.14505548957236,34349500,during_trump
2020-11-04,41.01563262939453,41.41950715166018,40.18993322568688,40.486109016575334,34748200,during_trump
2020-11-05,41.29587173461914,41.92869006928119,41.16026657412639,41.720764685486124,31103200,during_trump
2020-11-06,41.03370666503906,41.40435688970631,40.590736211662055,41.169311835671145,36233700,during_trump
2020-11-09,41.22355270385742,42.805596994334586,41.16931339241982,42.16373985271517,48481700,during_trump
2020-11-10,41.07891082763672,42.019098023075955,40.907147251936166,41.042752434414474,39224500,during_trump
2020-11-11,41.901573181152344,42.001016520448054,41.45860269521348,41.49476453651791,31496900,during_trump
2020-11-12,40.63593673706055,41.75692614509129,40.274325248196135,41.70268683576955,42881300,during_trump
2020-11-13,41.09699630737305,41.20548184482306,40.6540257661608,40.67210668906913,30884700,during_trump
2020-11-16,41.756927490234375,42.263182901236334,41.395319438303986,41.62132576397905,36306300,during_trump
2020-11-17,41.1602668762207,41.69364189024708,41.05178481617979,41.359153526781135,31118000,during_trump
2020-11-18,40.73538589477539,41.304919415603045,40.717304972888016,41.17835641097468,32817900,during_trump
2020-11-19,41.24163818359375,41.28683876431682,40.409936462822934,40.608819707721075,29469100,during_trump
2020-11-20,41.03370666503906,41.476680566998816,40.979467355652424,41.27779390302716,24199300,during_trump
2020-11-23,41.639408111572266,41.77500984247703,41.08795210624384,41.1150717627082,35489600,during_trump
2020-11-24,42.49821853637695,42.76038664367053,41.59419343419118,41.847322807839014,33901200,during_trump
2020-11-25,42.534385681152344,42.65190992471959,42.10045399173002,42.516304763020266,28126900,during_trump
2020-11-27,42.89600372314453,43.48361813390467,42.814641303367516,42.814641303367516,15921400,during_trump
2020-11-30,43.70962142944336,43.84522660249244,42.73327590867154,42.86887763313781,46332700,during_trump
2020-12-01,44.803489685058594,45.40918490740633,44.03506620394317,44.07122803922488,57768000,during_trump
2020-12-02,45.110862731933594,45.25550663840712,44.45996342851136,44.496125267275424,33753500,during_trump
2020-12-03,46.09625244140625,46.20473451386704,45.0023791866712,45.12894217930594,50261200,during_trump
2020-12-04,47.000282287597656,47.59693891650076,46.10529561995139,46.159538385700124,39767700,during_trump
2020-12-07,45.382076263427734,46.367464098091084,44.80350055290673,46.10529590157899,51040300,during_trump
2020-12-08,45.825035095214844,45.85215819562867,45.029495420445095,45.047576337860185,28956500,during_trump
2020-12-09,45.26454544067383,45.96064531928809,44.95717670789068,45.454389921591506,34068400,during_trump
2020-12-10,45.436309814453125,45.85216407112302,44.8306145220545,44.89389601682502,33706000,during_trump
2020-12-11,44.957176208496094,45.3278264308012,44.40572024269473,45.3278264308012,29398800,during_trump
2020-12-14,45.626163482666016,46.4126646226667,44.966225348115636,45.03854558755156,33436400,during_trump
2020-12-15,45.80696487426758,46.114333644933616,45.39111402236152,46.087213986769406,25465600,during_trump
2020-12-16,46.213775634765625,46.521144396420326,45.816005716158465,45.843125373527585,28351000,during_trump
2020-12-17,45.78887176513672,46.39456691452459,45.40014070413954,46.240884305963014,26399000,during_trump
2020-12-18,42.9050407409668,45.81600336686853,42.588633259274395,45.716560030170086,119298400,during_trump
2020-12-21,41.91061019897461,41.99197260758763,40.89810290735457,41.87444836212825,53775700,during_trump
2020-12-22,41.73884963989258,41.89253574591702,41.37724156136895,41.811173324747166,32171200,during_trump
2020-12-23,42.1004524230957,42.516303178891626,41.64843983238299,41.73884097109258,22564200,during_trump
2020-12-24,42.55246353149414,42.570544448322686,41.89252558587239,42.12757060747896,11865600,during_trump
2020-12-28,42.55246353149414,43.067757591069785,42.3626190776678,42.660945583883155,21269200,during_trump
2020-12-29,44.649810791015625,45.806962117490734,42.02813938589759,42.68807746731436,84531400,during_trump
2020-12-30,44.07122802734375,44.46899786958805,43.89946448267557,44.396677647626554,37385400,during_trump
2020-12-31,45.03853988647461,45.37302827976491,44.044113442170335,44.07123309745304,28576800,during_trump
2021-01-04,44.90292739868164,46.45785175515492,44.65884364373038,45.101814034579085,46102500,during_trump
2021-01-05,45.752723693847656,45.95161037517049,44.59557234487782,44.70405442169798,24866600,during_trump
2021-01-06,46.19569396972656,47.14492334535654,45.382073224507614,45.59903737713279,36809600,during_trump
2021-01-07,47.18107604980469,47.63308866995505,46.37649413771027,46.548261140460276,32092300,during_trump
2021-01-08,46.69290542602539,47.48844516107108,46.34937486627501,47.41612493451358,34625400,during_trump
2021-01-11,46.59347152709961,47.226290018322054,46.33130332453007,46.36746516941897,32925000,during_trump
2021-01-12,48.13030242919922,48.681754895955216,46.61153984054286,46.9189085417848,39883900,during_trump
2021-01-13,51.4842414855957,54.467524283612256,51.43904091034662,53.789505309127456,124070700,during_trump
2021-01-14,53.56349563598633,54.3680775503064,52.28882018157958,52.840276131461685,74680900,during_trump
2021-01-15,52.05377960205078,53.9251117393238,51.98145592110162,53.20188872416388,50265400,during_trump
2021-01-19,52.42443084716797,52.74083833590907,51.61984539985793,52.37922682141954,35647100,during_trump
2021-01-20,53.03916549682617,53.53638219695184,52.514832588397766,52.65043776999259,28701300,after_trump
2021-01-21,56.46541213989258,57.81241118083036,52.632347292641754,53.373647667305804,86519500,after_trump
2021-01-22,51.222068786621094,53.897982608038426,51.21303005180458,53.20188277536075,85729300,after_trump
2021-01-25,50.11915588378906,51.07742383799151,48.8716035898405,50.96894177951391,61968500,after_trump
2021-01-26,49.91123580932617,50.806222370546415,49.58578615070063,49.97451730421638,31485900,after_trump
2021-01-27,48.446712493896484,49.58578277290941,48.18454434802008,49.36881864766057,49722900,after_trump
2021-01-28,50.68870544433594,51.89106091823799,49.450191574257,49.531554000675804,49202600,after_trump
2021-01-29,50.18244171142578,51.67408480095659,50.046839988748374,50.6073346960304,37256200,after_trump
2021-02-01,51.24919128417969,51.88200966251801,50.36324693393912,50.580214515985844,26926600,after_trump
2021-02-02,52.4334716796875,52.68659768080146,51.420964226648536,51.70120988542953,23580900,after_trump
2021-02-03,52.14418029785156,52.731798130375516,51.872973393833924,52.33402478580562,21893200,after_trump
2021-02-04,53.47024917602539,53.55210545276996,52.01502686384589,52.39702397849234,29853800,after_trump
2021-02-05,52.91543960571289,53.7340022756663,52.86086760454433,53.66123960744156,23432600,after_trump
2021-02-08,53.80677032470703,53.861342334851784,52.706260808154454,53.09735154040298,34358300,after_trump
2021-02-09,53.461151123046875,53.94319517479169,52.697160377325716,53.452057523360516,28754100,after_trump
2021-02-10,53.533912658691406,54.04323749865014,52.86087180222632,53.93409695716117,16325100,after_trump
2021-02-11,55.17103576660156,55.47117659861541,53.53391373334195,53.752194820701725,27539100,after_trump
2021-02-12,56.216983795166016,56.853639938535736,54.961855240564994,55.11647074123599,26214200,after_trump
2021-02-16,56.817256927490234,57.181059909441885,56.116931763601094,56.3897848674437,26326300,after_trump
2021-02-17,56.253353118896484,56.5625875427584,55.67126560798352,55.92593149614437,21055400,after_trump
2021-02-18,56.035072326660156,56.371591020111794,55.152843986770876,55.16194105577823,17846100,after_trump
2021-02-19,57.30839157104492,57.53576973759639,56.25335701702674,56.30792902602466,28290100,after_trump
2021-02-22,55.216514587402344,57.026446367423084,55.17103964679707,56.280646239046746,32288200,after_trump
2021-02-23,55.58941650390625,55.93503230915076,53.81586600507882,55.007328917925406,27374600,after_trump
2021-02-24,57.47210693359375,57.5539632163281,54.91637843730642,55.05280326218657,24669900,after_trump
2021-02-25,54.934566497802734,57.79043571826617,54.68899766126718,56.76268543265786,36394000,after_trump
2021-02-26,55.28017807006836,56.10783444747868,54.279715537204176,55.38022501725787,38216800,after_trump
2021-03-01,57.19015121459961,57.37205442199861,56.07145117294116,56.13511677510355,28495400,after_trump
2021-03-02,55.69855499267578,57.42662690811826,55.58031737930111,57.117392475110506,23320000,after_trump
2021-03-03,54.47980499267578,55.953214402511854,54.29790178256284,55.152842359723984,28740400,after_trump
2021-03-04,53.0518798828125,54.78904908048515,52.6698827271929,54.416148995210364,40210400,after_trump
2021-03-05,55.243804931640625,55.643989285154035,53.21558848378008,53.897723033562606,39511700,after_trump
2021-03-08,54.43433380126953,56.11693438088684,54.316099648116435,54.99823417429533,33112400,after_trump
2021-03-09,56.9991569519043,57.4539132836202,55.33475058197212,55.643985026319555,36387500,after_trump
2021-03-10,56.61716842651367,58.31795975922497,56.5080278684812,57.49939690019195,27160300,after_trump
2021-03-11,57.581241607666016,58.29065682698587,56.74448824562922,57.24471946133373,30701800,after_trump
2021-03-12,57.208343505859375,57.572146461466964,56.6080653330674,56.98096535753643,20173000,after_trump
2021-03-15,58.01780700683594,58.09966327597669,56.82634430479061,57.85409446855444,21247400,after_trump
2021-03-16,58.9182243347168,59.78226545665174,58.2815682987903,58.34523390238295,30186600,after_trump
2021-03-17,59.82774353027344,60.29159694426729,57.945052542923264,58.40890595691712,32394700,after_trump
2021-03-18,57.96323776245117,59.754975230769425,57.890478558372145,59.69130962613206,30094200,after_trump
2021-03-19,57.99052429199219,59.10922442077035,57.22653353703205,57.46300876592099,54951700,after_trump
2021-03-22,59.69131088256836,60.37344534905419,58.71813265460981,58.95460787925347,34380100,after_trump
2021-03-23,57.735862731933594,60.07331343950007,57.45391256079138,60.02783503128827,35160000,after_trump
2021-03-24,56.42616271972656,61.33753216346483,56.380687783482095,60.555350769805045,74584700,after_trump
2021-03-25,56.40797805786133,56.78997172640932,55.462084017386864,56.08055293081127,35401400,after_trump
2021-03-26,59.000091552734375,59.091041435245195,56.18060009119584,56.20788436204597,34705800,after_trump
2021-03-29,58.66356658935547,59.2365570672934,57.85410087681087,58.217907328737084,26161600,after_trump
2021-03-30,57.99962615966797,58.208813667443465,57.435729248729,57.99962615966797,20709500,after_trump
2021-03-31,58.20881271362305,58.654471993032985,57.826819045557386,58.21790978353829,33013200,after_trump
2021-04-01,58.70904541015625,59.018276386094435,57.82681701322644,58.86366089812534,31416300,after_trump
2021-04-05,60.51897430419922,60.7008740638183,58.84546737177341,59.072845540812764,27947500,after_trump
2021-04-06,59.627655029296875,60.555361941310586,59.38208963437075,60.082411414667426,28771400,after_trump
2021-04-07,60.25521469116211,60.54625846946761,59.4457489659052,59.727695674536186,17793300,after_trump
2021-04-08,60.98283386230469,61.20111498366821,60.355267831973855,60.91007117550627,22224200,after_trump
2021-04-09,62.08333206176758,62.210663270733,60.600822081765116,60.75544449753496,27177100,after_trump
2021-04-12,59.49123001098633,62.29252389915058,58.85456694715206,62.02876437915184,51266900,after_trump
2021-04-13,59.318416595458984,59.69131317650573,58.39980686902733,59.673125976540646,26822000,after_trump
2021-04-14,58.381614685058594,59.463929935872045,58.06328320059831,59.40026433288302,25768400,after_trump
2021-04-15,59.13650894165039,59.31841563350572,57.917765331858185,58.18152483077533,24927700,after_trump
2021-04-16,58.89094543457031,59.59126713791589,58.727232876264324,59.418464449004176,24625500,after_trump
2021-04-19,57.87229537963867,58.88185158504863,57.362967007108736,58.845470243543126,23997700,after_trump
2021-04-20,57.02644348144531,57.99052466374325,56.76268398196118,57.881384117910834,19872100,after_trump
2021-04-21,57.93595886230469,58.00871807312476,56.662639712555574,57.10830245582243,24364200,after_trump
2021-04-22,56.908203125,58.12695014822095,56.64444363822105,57.61762184301144,38257600,after_trump
2021-04-23,53.87953186035156,54.57075995992379,52.660784749132645,53.80676918170424,77479500,after_trump
2021-04-26,53.442955017089844,54.13418648645108,53.17010195055882,53.75218941769567,39645900,after_trump
2021-04-27,52.724449157714844,53.324727364825726,52.54254593475373,53.26106175721665,38167700,after_trump
2021-04-28,52.4061164855957,52.897254135822116,51.97864791107893,52.31516661089392,30387400,after_trump
2021-04-29,53.006404876708984,53.02459554905192,52.269701729158164,52.642601838398306,23290600,after_trump
2021-04-30,52.32426452636719,53.14282734426123,51.90588951700606,52.39702720774248,30731800,after_trump
2021-05-03,52.07870101928711,52.64260144920102,51.69670731145765,52.624410776992576,22281700,after_trump
2021-05-04,51.751277923583984,51.82403714092716,50.759908866982656,51.73308725186922,35323600,after_trump
2021-05-05,51.70579147338867,52.115072849570325,51.351082103869686,51.80583841751256,21001900,after_trump
2021-05-06,52.33539581298828,52.39030393846324,51.475189459188776,51.813780839072614,25529300,after_trump
2021-05-07,52.77465057373047,53.08578963767279,52.38115455754446,52.80210638202974,19959000,after_trump
2021-05-10,51.21895980834961,52.37200254520282,51.13659936351118,52.298795200282434,35046500,after_trump
2021-05-11,50.367897033691406,50.90781466525208,49.69071084681292,50.37704664163322,35968100,after_trump
2021-05-12,49.06843566894531,50.011005923123264,48.88541208137491,49.773074212016375,30232300,after_trump
2021-05-13,49.42533874511719,49.773083275737065,48.92202640580842,49.45279455732745,29192500,after_trump
2021-05-14,50.651588439941406,51.109145710368644,49.654113450774624,49.96525253430055,28158300,after_trump
2021-05-17,50.633277893066406,51.14573968712696,50.11165950986538,50.59667248180946,20010200,after_trump
2021-05-18,50.184871673583984,51.37451964415501,50.14826626134875,51.20064917236403,18703400,after_trump
2021-05-19,50.66073989868164,50.72479763519499,49.26976542274849,49.48024134141876,23769700,after_trump
2021-05-20,51.200653076171875,51.46603709878521,50.66073542263092,50.85290861519181,23145200,after_trump
2021-05-21,51.319618225097656,51.896137794866405,51.228104688788314,51.63075377589602,17723100,after_trump
2021-05-24,52.12491989135742,52.51841939663843,51.612458017231226,51.84123663700462,19164400,after_trump
2021-05-25,52.04255676269531,52.67398795484802,51.63075457017931,52.67398795484802,22309900,after_trump
2021-05-26,52.088314056396484,52.37200079935752,51.786328095978945,52.20727991517172,15173600,after_trump
2021-05-27,52.82955551147461,52.96682407203346,52.161522397916215,52.26218554354143,32387600,after_trump
2021-05-28,52.271339416503906,52.75635247673404,52.10661852674799,52.664838931933645,20303900,after_trump
2021-06-01,52.06085968017578,52.91191638451259,51.786326047686224,52.71974319085835,20326400,after_trump
2021-06-02,52.60078430175781,52.79295752085807,51.94190070383122,52.07916928369426,18483600,after_trump
2021-06-03,51.46603775024414,52.25303323796262,51.32876918760052,52.14322048237846,21831300,after_trump
2021-06-04,52.500118255615234,52.847862745500905,51.74057503055038,51.74972463962523,21493800,after_trump
2021-06-07,52.24388122558594,52.56416986917057,51.96019450492212,52.53671755425886,17364400,after_trump
2021-06-08,52.161521911621094,52.74719458156094,51.79547474746646,52.57332409857395,33254500,after_trump
2021-06-09,52.161521911621094,52.60077641407598,52.13406959611906,52.49096366118337,13904800,after_trump
2021-06-10,52.50926971435547,53.10409203040307,52.0974675011627,52.298793803364646,26738100,after_trump
2021-06-11,52.93936538696289,53.021725820643184,52.1157645410443,52.59162443665439,18119700,after_trump
2021-06-14,53.25050735473633,53.25966045391958,52.371998340907496,53.094939577466114,21784500,after_trump
2021-06-15,53.06748962402344,53.46098563430737,52.89361564064659,53.26881243351843,20806500,after_trump
2021-06-16,52.362850189208984,53.415229717064534,51.951047986620026,53.21390691093129,21879700,after_trump
2021-06-17,52.326236724853516,52.98512014765205,51.88698227328252,52.20727088665177,21498800,after_trump
2021-06-18,50.94441604614258,51.932741255798106,50.422801126896935,51.86868352823351,55118300,after_trump
2021-06-21,51.12744140625,51.283012672113614,50.669884198592065,51.01762865385974,19254600,after_trump
2021-06-22,51.12744140625,51.50263817689412,50.788850050030774,51.19149913605135,18682800,after_trump
2021-06-23,50.56922149658203,51.21895539021026,50.54176918096552,51.12744185334773,20287900,after_trump
2021-06-24,51.31047058105469,51.33792289942382,50.6424374039552,50.77970597757057,21209700,after_trump
2021-06-25,51.1640510559082,51.6216083014416,51.01763287697291,51.26471420846711,21101200,after_trump
2021-06-28,52.60078430175781,52.829562940939546,51.55755426563071,51.57585697567145,22480900,after_trump
2021-06-29,51.932743072509766,52.921068316738896,51.136594508581496,52.66483390663257,26360000,after_trump
2021-06-30,51.3745231628418,51.59415216041152,50.68818734540258,51.55754674566915,29891600,after_trump
2021-07-01,51.25555419921875,51.83207722832107,51.12743874628141,51.36537043678014,24871600,after_trump
2021-07-02,51.941890716552734,52.152370096108186,51.539241645732005,51.74971753440313,17219400,after_trump
2021-07-06,51.328773498535156,52.17067718019671,50.971879394748846,52.088316733870265,26186600,after_trump
2021-07-07,51.20980453491211,51.65821215797489,50.98102591905827,51.58500132527703,14857400,after_trump
2021-07-08,50.68819046020508,50.990179914060214,50.13912316886717,50.61498311710622,19162000,after_trump
2021-07-09,51.23726272583008,51.34707548909998,50.61498458249264,50.798004690980875,18708000,after_trump
2021-07-12,51.9144401550293,51.94189247029632,51.34707019724267,51.48433526446223,15392800,after_trump
2021-07-13,52.04255676269531,52.43605624766788,51.557547230890094,51.81377815472915,15716000,after_trump
2021-07-14,51.72227096557617,52.582477322337326,51.54840047063389,52.3170932846217,16263600,after_trump
2021-07-15,51.072540283203125,51.61245796495688,50.852911272453845,51.61245796495688,18917000,after_trump
2021-07-16,50.30384063720703,52.097464057343515,50.23978290726534,51.292162392653566,25263800,after_trump
2021-07-19,50.00185012817383,50.15742139103147,49.38872515738363,49.79137423562416,27007700,after_trump
2021-07-20,50.55091857910156,50.843754893853195,49.66325653638828,50.25807877346569,19867000,after_trump
2021-07-21,51.456886291503906,51.502641316882375,50.34044551966889,50.496016795017304,18497200,after_trump
2021-07-22,51.20980453491211,51.74057259931766,50.95357360223889,51.30131807578444,36691000,after_trump
2021-07-23,48.50107192993164,50.06591699778306,47.87879374665417,49.94695461780724,67742300,after_trump
2021-07-26,49.699867248535156,49.910343154028155,48.28143705226798,48.32719556767113,32881200,after_trump
2021-07-27,48.66579055786133,48.684093267207,47.86964190119149,48.61088242982432,39878000,after_trump
2021-07-28,48.565120697021484,49.34296653695657,48.44615484814145,48.528515283383875,28478800,after_trump
2021-07-29,49.14164352416992,49.5076871862575,48.79389907793501,48.94031724094691,16886600,after_trump
2021-07-30,49.159950256347656,49.324671139584694,48.72984534001933,49.09589252296488,16465700,after_trump
2021-08-02,49.12333679199219,49.846277939883535,48.99522134621581,49.40702348684279,18098100,after_trump
2021-08-03,49.47108840942383,49.56259845804355,48.738994056927694,49.315517137708795,16375900,after_trump
2021-08-04,49.32467269897461,49.818831873423804,49.14164910171558,49.644961376014344,17612700,after_trump
2021-08-05,49.635982513427734,49.75572144118386,49.35045581883066,49.72809073230525,15310000,after_trump
2021-08-06,49.663612365722656,49.85703786524464,49.48861202322767,49.60835094891857,19256000,after_trump
2021-08-09,49.78335189819336,50.11493445733626,49.58072084482658,49.81098612050145,14670100,after_trump
2021-08-10,49.682037353515625,50.096515575292926,49.28598077643614,49.95835851041347,16215700,after_trump
2021-08-11,49.866249084472656,50.06888365769298,49.589931447807274,49.97677543642494,18590800,after_trump
2021-08-12,49.31361389160156,49.90309245440134,49.05571438519962,49.893879875474816,15070100,after_trump
2021-08-13,49.26756286621094,49.33203686615766,48.871506287355636,49.276771931816405,15281100,after_trump
2021-08-16,49.24913787841797,49.26755952194794,48.81623803938691,49.02808166962764,17690300,after_trump
2021-08-17,48.53070068359375,48.982022099648525,48.097804421923065,48.97280952245648,22014900,after_trump
2021-08-18,48.07018280029297,48.84387434943413,47.99649973129219,48.44781775204225,15061700,after_trump
2021-08-19,48.30044937133789,48.51229303144734,47.50833966928201,47.9412360557797,22999400,after_trump
2021-08-20,47.904388427734375,48.245183579889876,47.360962213657935,48.04254900439951,25728300,after_trump
2021-08-23,49.0280876159668,49.313617854957734,48.337291710871995,48.43860900579038,23976300,after_trump
2021-08-24,49.56229782104492,49.70966745283045,49.101767282519,49.33203255178196,20348800,after_trump
2021-08-25,49.56229782104492,49.9491417868935,49.48861124836757,49.81098473347722,15048400,after_trump
2021-08-26,48.93598175048828,49.50703870147794,48.788612101408056,49.50703870147794,19570000,after_trump
2021-08-27,49.635982513427734,49.68203486608185,48.74255211494693,49.14782125086942,16525000,after_trump
2021-08-30,49.682037353515625,50.53862450733223,49.516246064804704,49.976776641541825,14581300,after_trump
2021-08-31,49.79256820678711,50.19783385744845,49.42414233268077,50.14256892226164,22350100,after_trump
2021-09-01,49.43335723876953,49.88467881219305,49.304409221668514,49.83862645088125,18615000,after_trump
2021-09-02,49.488609313964844,49.63597893999001,49.13860513456668,49.55308330575279,15869500,after_trump
2021-09-03,49.28598403930664,49.81099216402788,49.11098367344603,49.221510035380646,13456200,after_trump
2021-09-07,49.41493606567383,49.69125373011876,49.22151053834962,49.341249481251324,13915000,after_trump
2021-09-08,49.34124755859375,49.663617568956234,48.80703389662597,49.48861720812654,18235100,after_trump
2021-09-09,49.184661865234375,49.63597981571256,49.12939693691152,49.42413619416191,13495800,after_trump
2021-09-10,49.58993148803711,50.63994061635902,49.56230077841897,49.5991405533867,20324700,after_trump
2021-09-13,50.64915084838867,51.10968139305514,50.11493373006234,50.299146650642776,22639200,after_trump
2021-09-14,50.21625900268555,51.0636336531965,49.985993693711514,50.99915964776935,22072700,after_trump
2021-09-15,50.768882751464844,50.796516971462026,50.12413933077781,50.354404587196825,18796200,after_trump
2021-09-16,50.50178527832031,50.61231163413451,49.95835905134372,50.52941598888149,19863100,after_trump
2021-09-17,49.976768493652344,50.280720311257845,49.43334236115645,50.280720311257845,35359200,after_trump
2021-09-20,48.79781723022461,49.276769429485306,48.189917037618585,49.009660864087536,35051900,after_trump
2021-09-21,48.696495056152344,49.230712133306106,48.659655285730906,49.000446878719615,17968900,after_trump
2021-09-22,49.27677536010742,49.617567028331074,48.816244749265294,49.184670643366886,18594100,after_trump
2021-09-23,49.76493453979492,50.013621480566655,49.36887795044397,49.50703853317368,16474300,after_trump
2021-09-24,49.939937591552734,50.12414701406935,49.4886160738202,49.53466842944935,12976200,after_trump
2021-09-27,50.3452033996582,50.538625402055416,49.57151187649982,49.68203823307401,13899900,after_trump
2021-09-28,49.73729705810547,50.280723222060864,49.70045377258362,49.90308832938468,24691300,after_trump
2021-09-29,49.26756286621094,49.78335486578473,48.98203264246867,49.73730251061843,20514300,after_trump
2021-09-30,49.07413864135742,49.71888217132339,49.055716996093295,49.516247586987625,20534100,after_trump
2021-10-01,49.608360290527344,49.83862560675625,48.86229940106052,49.414938268151836,19895100,after_trump
2021-10-04,49.24913787841797,50.04125098236023,48.88992461350677,49.67282513889943,27353300,after_trump
2021-10-05,49.691253662109375,50.05046697675313,49.25835376314397,49.322827767640554,18129400,after_trump
2021-10-06,49.718875885009766,49.801771521432435,48.880710456100125,49.25834535234361,20059600,after_trump
2021-10-07,49.90309143066406,50.649152197785234,49.847826498946795,50.032039424435034,20704400,after_trump
2021-10-08,49.56229782104492,50.27151527200315,49.460980540398154,50.24388105046455,16068000,after_trump
2021-10-11,49.22150421142578,50.11493460807374,49.20308256768807,49.56229935021952,14398800,after_trump
2021-10-12,48.0517578125,49.47940538516251,47.90438817117882,49.341244809237295,32784300,after_trump
2021-10-13,48.134647369384766,48.42939012833039,47.775434133680015,48.245177221577734,18534000,after_trump
2021-10-14,49.64520263671875,49.737307356024196,48.567559150281916,48.72414138938497,26586700,after_trump
2021-10-15,50.160987854003906,50.188622076887285,49.562300232927385,49.92151350828717,25231100,after_trump
2021-10-18,50.170204162597656,50.253099810271756,49.479408269836654,49.91230464007288,22407600,after_trump
2021-10-19,50.85177993774414,50.86099251588096,50.078088511998686,50.31756635358868,18392900,after_trump
2021-10-20,50.9991569519043,51.10968682413936,50.732051877926885,50.88863059323883,16850300,after_trump
2021-10-21,51.57941818237305,51.64389217401549,50.50177845329017,50.593883151759655,38390900,after_trump
2021-10-22,45.55568313598633,46.55963991901545,45.260943852305246,46.41227027717491,109971900,after_trump
2021-10-25,45.5096321105957,46.11753234013492,45.41752739934442,45.89647962770403,43178800,after_trump
2021-10-26,44.46883010864258,45.53726087593457,44.14646011946501,45.500421101149534,68405400,after_trump
2021-10-27,44.109619140625,44.966206315082886,44.09119749548327,44.68988866509604,41081500,after_trump
2021-10-28,44.28462219238281,44.5425181924508,44.100409257947334,44.33988361321482,31317200,after_trump
2021-10-29,45.131996154785156,45.38989215132742,44.13724843057452,44.303039717942966,42301000,after_trump
2021-11-01,45.638580322265625,45.68463267810367,45.13199738090812,45.5004232547515,28013700,after_trump
2021-11-02,45.92410659790039,45.96094988482787,45.34383712628493,45.6938413249575,27193300,after_trump
2021-11-03,46.41226577758789,46.467530705508786,45.78594398209403,45.988578537568245,23962100,after_trump
2021-11-04,46.660831451416016,46.69792741503029,46.12289929197221,46.595909092587036,24806000,after_trump
2021-11-05,47.22658157348633,47.838712718581654,46.87414693225358,46.88342003838998,36816200,after_trump
2021-11-08,47.81089401245117,48.218981508137695,47.35643744062313,47.72742189178836,31647800,after_trump
2021-11-09,47.48628234863281,48.01493793542432,47.08747149712291,47.80162107917544,22508400,after_trump
2021-11-10,47.07818603515625,47.662490772504796,47.03181342952609,47.282229745532604,25040700,after_trump
2021-11-11,46.86487579345703,47.36570849573113,46.753580816730626,47.310059238366165,25420000,after_trump
2021-11-12,46.660831451416016,47.208036717262594,46.54025984016082,46.929793993134716,23884800,after_trump
2021-11-15,46.670108795166016,46.95762465180126,46.48461480824017,46.753580912382475,24695800,after_trump
2021-11-16,46.9390754699707,47.43990817935832,46.68865911527689,46.71648197535279,30927800,after_trump
2021-11-17,46.586631774902344,47.245131998081376,46.3547652001489,46.929793314896564,23546900,after_trump
2021-11-18,46.076534271240234,46.5959167654005,45.4180339301111,46.5959167654005,30658200,after_trump
2021-11-19,45.92814254760742,46.12290966790972,45.66845305387102,46.00233802953039,27607600,after_trump
2021-11-22,46.21565246582031,47.16166508151487,45.82611473759002,45.9559594676656,33389600,after_trump
2021-11-23,45.538597106933594,46.7906788225031,45.111963428148464,46.52171272752853,44713300,after_trump
2021-11-24,46.15073013305664,46.1692798870744,45.10269556608158,45.31601243028014,26035800,after_trump
2021-11-26,45.24180603027344,45.612793974071984,44.62967839960811,45.35310453621495,25269000,after_trump
2021-11-29,46.37331771850586,46.49388933521492,45.186161917073186,45.7240905628461,31478900,after_trump
2021-11-30,45.63135528564453,46.74431586100252,45.14907225172259,45.909594544982994,49460800,after_trump
2021-12-01,45.074867248535156,46.660837538549416,45.00067177362425,46.22492718268544,35093500,after_trump
2021-12-02,45.90958786010742,46.17855397143902,44.824453845292076,45.084143311127484,37240800,after_trump
2021-12-03,45.67771911621094,46.42896815606743,45.22325903427229,46.076529941788685,32224900,after_trump
2021-12-06,47.291507720947266,47.49554789906532,45.61279246104828,45.89103164066608,40336000,after_trump
2021-12-07,48.75691223144531,51.01065604521037,48.42302373488696,50.695317302683456,91731500,after_trump
2021-12-08,47.99637985229492,49.04441773632889,47.65321832032034,48.75690191667268,37143400,after_trump
2021-12-09,46.818504333496094,47.84799262306009,46.772131720219186,47.57902651284896,31694200,after_trump
2021-12-10,46.92052459716797,47.36570803777282,46.41969189973621,47.15239119360821,23783600,after_trump
2021-12-13,46.37331771850586,47.31933382452378,46.326945108388024,47.16166270451911,35726900,after_trump
2021-12-14,46.0950813293457,46.62373690051859,45.74264310256259,46.206376308012736,34120400,after_trump
2021-12-15,46.99472427368164,47.09674615132553,45.751922602030746,46.252751806276706,32590300,after_trump
2021-12-16,47.14311599731445,47.671771530730446,46.91124941114943,47.059643884774914,33132300,after_trump
2021-12-17,46.94834518432617,47.319333135876505,46.3825901503134,46.92052232626106,50102300,after_trump
2021-12-20,46.00233459472656,46.49389422003003,45.408756631646796,46.28985046846996,30140300,after_trump
2021-12-21,47.087467193603516,47.15238955531079,46.31766842192668,46.31766842192668,31956300,after_trump
2021-12-22,47.27296829223633,47.31934090929719,46.56809177609723,46.96690265122764,23307900,after_trump
2021-12-23,47.58830261230469,47.97783680496576,47.34715936522573,47.3749857632755,25198200,after_trump
2021-12-27,48.17259979248047,48.28389829917935,47.57902190876616,47.625394517555726,20985400,after_trump
2021-12-28,48.00565719604492,48.339545651441455,47.88508911670991,48.163328316872565,19290400,after_trump
2021-12-29,48.070579528808594,48.35809181450542,47.912908419681806,48.05202977844055,14174800,after_trump
2021-12-30,47.98711013793945,48.35809455229415,47.90363802555906,48.15405082469691,18359400,after_trump
2021-12-31,47.764522552490234,48.37665027280782,47.72742304507614,48.1262339047683,16319000,after_trump
2022-01-03,49.35049057006836,49.36904032423573,47.85726897063133,47.90364512505169,33857600,after_trump
2022-01-04,49.285560607910156,50.02753297029807,48.83110408382401,49.684371416069276,45681400,after_trump
2022-01-05,49.96261215209961,52.095784086568784,49.925516186337504,50.25940110621688,59109300,after_trump
2022-01-06,50.09245681762695,50.70458447701535,49.54525152074919,50.64893875943675,35757900,after_trump
2022-01-07,49.563804626464844,50.44489844044916,49.29484205129368,50.25940444729399,30717200,after_trump
2022-01-10,51.20541763305664,51.298166393210956,49.44323364616595,50.055361311170664,49260800,after_trump
2022-01-11,51.854644775390625,52.01231589856995,50.76023417215799,51.47438370396257,39795200,after_trump
2022-01-12,51.69697189331055,52.19780099455663,50.8344279717158,52.067956281714935,29136800,after_trump
2022-01-13,50.95499801635742,52.13288065967188,50.797330441222435,51.93811358285694,29605400,after_trump
2022-01-14,51.65987014770508,51.72479250130411,50.57473280983005,50.87152172285505,30151500,after_trump
2022-01-18,50.788055419921875,51.613503437666665,50.713859952193985,51.29816473931565,35313800,after_trump
2022-01-19,49.730743408203125,50.871526564593466,49.67509769296664,50.667486378720916,30595100,after_trump
2022-01-20,48.26535415649414,50.16665964182413,48.172605390134336,49.95334278620211,28582600,after_trump
2022-01-21,48.26535415649414,49.27629271279209,48.181882035772155,48.30245366303806,46372400,after_trump
2022-01-24,48.172603607177734,48.34882448773726,46.26202508492762,47.74596991172417,64198400,after_trump
2022-01-25,47.300785064697266,47.87581322582321,46.60518528433407,47.310058171713926,44095400,after_trump
2022-01-26,47.940731048583984,48.89602372898467,47.06891401344465,47.42135219275762,54895400,after_trump
2022-01-27,44.56476593017578,46.428975631373355,44.31434954323861,46.354776610945734,89642800,after_trump
2022-01-28,44.26797103881836,44.70388138086401,42.94169379804433,44.24942128617774,61945400,after_trump
2022-01-31,45.27890396118164,45.325276568046625,43.87843142104158,44.22159295744623,51828400,after_trump
2022-02-01,45.399478912353516,45.47367438120014,44.85227361984658,45.24180779179895,35386100,after_trump
2022-02-02,45.918861389160156,45.98378729421868,44.601860756899946,44.750255244168756,37962700,after_trump
2022-02-03,44.77806854248047,46.08579578789582,44.75024568768532,45.67771191955445,42145800,after_trump
2022-02-04,44.866859436035156,45.081804835871324,44.044474215173935,44.72668183848054,32431500,after_trump
2022-02-07,45.025726318359375,45.474300994257604,44.82012825504803,44.97900045804897,27558500,after_trump
2022-02-08,45.61448287963867,45.73596940542432,44.76405937436569,44.838820039083416,28051200,after_trump
2022-02-09,46.64247131347656,46.69854449201897,45.63317905439885,46.10044484738698,35217300,after_trump
2022-02-10,45.66121292114258,46.661161412354325,45.567757625495915,45.96026273730189,32762700,after_trump
2022-02-11,44.51173782348633,45.89484406168886,44.39024772625868,45.74531915931439,37208200,after_trump
2022-02-14,44.46501541137695,45.025732947566375,44.02578441689031,44.782752734250515,28456900,after_trump
2022-02-15,45.26870346069336,45.28739451802717,44.100539114489884,44.57715216411552,35837900,after_trump
2022-02-16,45.07244873046875,45.315428889421426,44.48369295372657,44.913580104576454,26022900,after_trump
2022-02-17,44.45566177368164,45.1004872050473,44.278102077641584,44.726676755759605,32030600,after_trump
2022-02-18,42.0912971496582,43.18469722942275,41.595993059506505,43.16600617272321,76520100,after_trump
2022-02-22,41.76420974731445,42.43707354064195,40.97920317675059,41.76420974731445,57093300,after_trump
2022-02-23,41.72683334350586,42.7174344624404,41.63337805354189,42.21278659149934,38176700,after_trump
2022-02-24,43.66130828857422,43.72672520158731,40.77360611073059,41.025930017332975,72740100,after_trump
2022-02-25,44.58649444580078,44.66125867268031,43.22207938984032,43.85756105849812,39266300,after_trump
2022-02-28,44.577152252197266,44.68929503146708,43.782798356236505,43.92297950403978,41946100,after_trump
2022-03-01,43.7547607421875,44.76405638565044,43.19404331689994,44.42762450449613,53853000,after_trump
2022-03-02,45.67055130004883,45.78269764164299,44.37155314536384,44.40893525922856,46936500,after_trump
2022-03-03,44.79209518432617,45.37150371748581,44.50238913526897,45.0257280598693,36389900,after_trump
2022-03-04,44.92292785644531,45.10983486501204,44.268755108939104,44.268755108939104,38310700,after_trump
2022-03-07,44.55846405029297,45.3621617439656,44.48369981601881,44.86685760428659,43813700,after_trump
2022-03-08,44.39024353027344,45.53037303120486,43.820178779807726,44.5678032210109,44813900,after_trump
2022-03-09,44.51173782348633,45.28739714050547,43.82018292190762,45.240671276942486,36076500,after_trump
2022-03-10,43.60524368286133,44.212690640059584,43.137977889618085,44.19399958053524,36456000,after_trump
2022-03-11,42.8295783996582,44.184646160792845,42.773505228836,44.06315963810996,27082100,after_trump
2022-03-14,41.49319839477539,42.96975625295155,41.3997431094765,42.89499558966706,35993900,after_trump
2022-03-15,41.8763542175293,41.9604621879354,41.18479939808418,41.5866481939184,34448900,after_trump
2022-03-16,43.577205657958984,43.577205657958984,42.30624222380277,42.334277028541415,38885500,after_trump
2022-03-17,44.05381774902344,44.193998910854255,42.736128374642924,43.28750214491307,28555000,after_trump
2022-03-18,44.3435173034668,44.483694879743226,43.31553058600045,43.754761501233176,46237100,after_trump
2022-03-21,44.28744888305664,44.754714650660034,43.988399076986866,44.352865805324726,32910900,after_trump
2022-03-22,45.221981048583984,45.296745283620965,44.296796812208456,44.390248541049736,27923300,after_trump
2022-03-23,45.10983657836914,46.334074144273124,44.913585816149705,45.287396282526515,37126400,after_trump
2022-03-24,48.240516662597656,48.26855503271474,45.40888726265911,45.47430418467416,51677900,after_trump
2022-03-25,48.436767578125,48.5769451590064,47.14711315727927,47.371398712671365,33239800,after_trump
2022-03-28,48.137718200683594,48.19379137663494,47.24991608699425,47.99754060823761,22932400,after_trump
2022-03-29,48.82926940917969,48.866651523646645,47.922772740606554,48.59563654119318,27303700,after_trump
2022-03-30,48.06295394897461,49.07224608619334,47.866703195203556,48.829269471756035,24623300,after_trump
2022-03-31,46.31538772583008,47.90408860574969,46.268658293516424,47.84801899090157,43698300,after_trump
2022-04-01,44.96031188964844,46.633124162021375,44.23137844658407,46.56770724097482,46598600,after_trump
2022-04-04,45.97895050048828,46.006985304695135,44.78274775664432,45.01638063158079,23784900,after_trump
2022-04-05,44.97900390625,45.77335428728764,44.87620486671351,45.63317669561006,25779200,after_trump
2022-04-06,44.4276237487793,45.016375965830186,44.147265040904436,44.33416846951808,31518700,after_trump
2022-04-07,44.44632339477539,44.77340802301933,43.70804258821899,44.324833290732606,24117000,after_trump
2022-04-08,43.941673278808594,44.46501222268933,43.78280106380975,44.18464990974489,22167300,after_trump
2022-04-11,43.52113342285156,44.20334101753657,43.483751305756655,43.8295305414522,30352500,after_trump
2022-04-12,43.45571517944336,44.773404464867,43.37160720101399,44.222030731819956,29861400,after_trump
2022-04-13,43.93232727050781,44.17530747360805,43.50244360650585,43.689350632362576,22171300,after_trump
2022-04-14,42.680049896240234,43.68934558017981,42.633324036418124,43.68934558017981,36181800,after_trump
2022-04-18,43.5865478515625,43.82018072260643,42.53987358747302,42.54921733373471,25593100,after_trump
2022-04-19,44.792091369628906,44.857508284013406,43.30618626512278,43.54916286641456,31483100,after_trump
2022-04-20,44.96031188964844,45.5584114906197,44.838821794152764,45.193944769087516,22787100,after_trump
2022-04-21,44.39023971557617,45.69858504896432,44.296788005314546,45.43691384331415,27316900,after_trump
2022-04-22,43.493099212646484,44.53042980401766,43.45571709504006,44.34352278094047,28219900,after_trump
2022-04-25,43.979061126708984,44.05382180560253,43.15667226914779,43.18470707811345,35999300,after_trump
2022-04-26,42.53987503051758,43.77345634627889,42.53052771898411,43.633275192915406,35356600,after_trump
2022-04-27,42.25951385498047,43.04452042570612,42.0632595385831,42.50249046653513,28320900,after_trump
2022-04-28,43.773460388183594,44.17530926231258,42.55857001835522,42.79220291889741,41097000,after_trump
2022-04-29,40.736228942871094,42.39035015470979,40.65212096379609,42.04457449182577,70765900,after_trump
2022-05-02,42.01653289794922,42.0445712654592,40.66146159014891,40.85771590290056,45446500,after_trump
2022-05-03,42.109989166259766,42.51183798207391,41.33432633784259,41.85766524249591,40158400,after_trump
2022-05-04,43.493099212646484,43.58655094170761,41.50254601204114,42.10999294580325,44625600,after_trump
2022-05-05,42.009578704833984,43.24349367518184,41.566879294650654,42.95149754210053,52996700,after_trump
2022-05-06,41.72700119018555,42.52763430819951,41.29371941420716,41.905968057798134,40916600,after_trump
2022-05-09,40.56843948364258,41.632808656456696,40.38005501869059,41.265460926024474,44925800,after_trump
2022-05-10,41.4538459777832,42.141449883161755,40.97346895719556,41.77409852255336,42770000,after_trump
2022-05-11,40.34238052368164,41.717580993258,40.29528171314887,41.463262507547064,40351700,after_trump
2022-05-12,40.35179901123047,40.41773303565469,39.570004731436356,40.248187374811025,42329600,after_trump
2022-05-13,41.067657470703125,41.29371955943275,40.47425122491599,40.89811180243966,32034100,after_trump
2022-05-16,40.577857971191406,41.0770737157857,40.304700694923575,40.89810686913147,25071900,after_trump
2022-05-17,41.821189880371094,41.84002509158528,41.11475088639952,41.27487533366183,28596600,after_trump
2022-05-18,39.89025115966797,41.42557947939333,39.76780432907177,41.42557947939333,35218400,after_trump
2022-05-19,39.56999588012695,40.21992196569235,39.29684223709972,39.861991918071844,29181000,after_trump
2022-05-20,39.23091125488281,39.833738585942484,37.968740183051246,39.796060979467676,44802300,after_trump
2022-05-23,39.56058883666992,39.79606853212629,38.92950497755165,39.26859272077542,27199500,after_trump
2022-05-24,39.249752044677734,39.456975316613445,38.712858652057776,39.278012050118406,29837500,after_trump
2022-05-25,39.748966217041016,40.05037988597635,38.98601084641039,39.03310605846884,26283100,after_trump
2022-05-26,40.95462417602539,41.143008632495935,39.63594016700088,39.72070939962125,28826700,after_trump
2022-05-27,41.96247100830078,41.96247100830078,41.02055245101845,41.058230055661944,30553300,after_trump
2022-05-31,41.840030670166016,42.150865593662076,41.11475636827857,41.67990620155412,41111500,after_trump
2022-06-01,41.548030853271484,42.3204038332944,41.00171632962219,42.169696998000525,29885500,after_trump
2022-06-02,42.23563766479492,42.27331527783515,41.38790933706453,41.623389028863535,28727600,after_trump
2022-06-03,40.869850158691406,41.67990078270309,40.82275494423052,41.54803274495878,33174700,after_trump
2022-06-06,40.822757720947266,41.482101547651176,40.57786043321227,41.26546067188778,25437100,after_trump
2022-06-07,41.00172424316406,41.058240664732615,40.18225589266294,40.55902485018314,25168700,after_trump
2022-06-08,38.835304260253906,39.805479288771856,38.646919817681216,39.796061683553695,59649900,after_trump
2022-06-09,37.686161041259766,38.948332090103854,37.686161041259766,38.62807962716926,39047200,after_trump
2022-06-10,36.90437316894531,37.75210139520741,36.90437316894531,37.5354569427247,43066200,after_trump
2022-06-13,35.57627487182617,36.55587132375437,35.482080832331995,36.31097041420472,50335900,after_trump
2022-06-14,35.72697830200195,35.98129679444702,35.359630566181806,35.80232993320705,31351700,after_trump
2022-06-15,36.40515899658203,36.89495355599094,35.71755518731926,36.32038617031228,37652300,after_trump
2022-06-16,35.171241760253906,35.59510586204731,34.78505526598312,35.510333041688625,45576500,after_trump
2022-06-17,34.82273483276367,35.90593916147594,34.474222333272465,35.303111779734394,71393200,after_trump
2022-06-21,35.53858947753906,35.82116434790276,35.16182418143228,35.19008059052832,34004900,after_trump
2022-06-22,35.208919525146484,35.57626721729786,35.05821268751683,35.161824312099924,32571000,after_trump
2022-06-23,35.2371826171875,35.43498470537749,34.76622321113413,35.425567098235874,30163000,after_trump
2022-06-24,36.36748504638672,36.39574146027542,35.548016705399206,35.651624754036106,38159900,after_trump
2022-06-27,36.38631820678711,36.79134351096852,36.235611367542944,36.612376669086125,29585300,after_trump
2022-06-28,35.58568572998047,36.75366644624107,35.548011714463314,36.3392235304761,37824200,after_trump
2022-06-29,35.12415313720703,35.416145667453215,34.86983462841723,35.359632838701096,25437200,after_trump
2022-06-30,35.2371826171875,35.79291486005588,34.596677537504114,35.04879813613913,35141000,after_trump
2022-07-01,34.22932434082031,35.0393749655155,33.79604261839925,34.93576333773339,40596300,after_trump
2022-07-05,34.558990478515625,34.60608928075807,33.47578629648794,33.84313395792056,33215000,after_trump
2022-07-06,34.84157943725586,35.24660123236083,34.342360009230035,34.681451366187886,26258300,after_trump
2022-07-07,35.924774169921875,36.10374100024401,35.53858769473331,35.68929452424265,33165400,after_trump
2022-07-08,35.78349304199219,35.92477869130094,35.21833966535307,35.47265814587047,22566300,after_trump
2022-07-11,35.03937911987305,35.482078500427974,34.87925105982426,35.47266089366509,25904300,after_trump
2022-07-12,35.048789978027344,35.5103316695086,34.84157033092911,35.46323645849238,30546300,after_trump
2022-07-13,35.048789978027344,35.25601321825987,34.49305786451364,34.54957427361367,27059200,after_trump
2022-07-14,35.519752502441406,35.94361662637613,34.18222970373029,34.84157349728046,36690700,after_trump
2022-07-15,36.37689971923828,36.42399493629921,35.538592638895636,36.04722960667704,32892300,after_trump
2022-07-18,36.461669921875,37.055079674893065,36.292124278155555,36.82901761888897,30814400,after_trump
2022-07-19,37.883968353271484,38.364345272386046,36.96088852936558,37.036240151146465,53095300,after_trump
2022-07-20,38.2042236328125,38.30783167121944,37.26230493608459,37.87454993307692,36387900,after_trump
2022-07-21,38.25132369995117,38.28900131495078,37.50720697281693,38.15712966245214,29661200,after_trump
2022-07-22,36.923213958740234,38.15712516282148,36.678313083257514,38.025257119008344,41350000,after_trump
2022-07-25,36.885536193847656,37.121015869138596,36.31096521123621,36.9985654319096,32263400,after_trump
2022-07-26,36.697147369384766,37.27171828364353,36.62179575068576,36.829015396958724,35925500,after_trump
2022-07-27,37.84629440307617,38.07235288339831,36.95147090172537,36.98914851282399,42571600,after_trump
2022-07-28,37.403587341308594,37.789773829753976,36.77250359392916,37.76151742110546,56662300,after_trump
2022-07-29,34.201072692871094,34.493065219312484,33.19321987106009,33.53230761855959,125292400,after_trump
2022-08-01,34.81331253051758,35.50091271559671,33.956166700554874,33.956166700554874,52513400,after_trump
2022-08-02,33.91849136352539,34.53073996584255,33.90907375734986,34.4648059432096,53929400,after_trump
2022-08-03,34.398868560791016,34.464802576984106,33.21204908304663,33.99384326524239,59513900,after_trump
2022-08-04,33.927913665771484,34.346540572218984,33.64248606458415,34.2609119289219,54046300,after_trump
2022-08-05,33.67102813720703,33.95645574179639,33.47122917693537,33.63297015541941,40205100,after_trump
2022-08-08,33.6615104675293,34.21333660402867,33.490253204275746,33.64248147945575,41534600,after_trump
2022-08-09,32.843292236328125,33.5854048525713,32.729121902154446,33.50929250625867,48202300,after_trump
2022-08-10,33.65200424194336,33.680549547310896,32.90989163175758,33.2904642484428,42243300,after_trump
2022-08-11,33.86131286621094,34.52731299936226,33.76617154550735,33.90888352656273,35569700,after_trump
2022-08-12,34.35606002807617,34.38460170198567,33.93742945388782,34.061116089844305,37675200,after_trump
2022-08-15,34.57488250732422,34.660511144866916,33.97548204452533,34.34653826407415,25400600,after_trump
2022-08-16,34.43217086791992,34.80323075962041,33.96597327713647,34.40362919525413,25000200,after_trump
2022-08-17,34.042083740234375,34.32751496881716,33.55685718457954,34.070629040737956,29176100,after_trump
2022-08-18,34.441688537597656,34.56537517304557,33.84228798209842,33.94694562521518,24598200,after_trump
2022-08-19,33.6615104675293,34.279936247581894,33.48073689553479,34.06110832884866,31425500,after_trump
2022-08-22,32.19631576538086,33.3570588019882,32.09165813035444,33.29997182940773,51006100,after_trump
2022-08-23,32.30097198486328,32.71959887721433,32.2629140048108,32.32951365519827,30687100,after_trump
2022-08-24,32.21533966064453,32.33902626696723,31.967966447999135,32.31999727911694,25105700,after_trump
2022-08-25,33.1953125,33.23337047977773,32.17728513210235,32.22485579212015,29799100,after_trump
2022-08-26,31.73963165283203,33.328514319901906,31.730115342463677,33.25240198400004,44851500,after_trump
2022-08-29,31.340028762817383,31.787200966505686,31.216345768553293,31.615943681238203,32976800,after_trump
2022-08-30,30.693058013916016,31.46371580794256,30.58840400876969,31.435174136485276,40182500,after_trump
2022-08-31,30.36957359313965,30.81674397852586,30.22685979479974,30.81674397852586,44074500,after_trump
2022-09-01,30.217348098754883,30.28394775650257,29.617947549616545,30.036576302936464,36440700,after_trump
2022-09-02,29.70357322692871,30.807231068816066,29.551344934538257,30.645486466608773,34893300,after_trump
2022-09-06,28.885347366333008,29.865316797451694,28.85680388024729,29.865316797451694,46989600,after_trump
2022-09-07,29.161258697509766,29.294459809761992,28.59040171348341,28.9424307616227,37329500,after_trump
2022-09-08,29.25640296936035,29.35154610618533,28.45720352355757,28.894861227070713,37359500,after_trump
2022-09-09,29.931915283203125,29.96997326316683,29.570373547069764,29.675031177265584,34069500,after_trump
2022-09-12,30.02705955505371,30.312488971473055,29.589403657130262,30.19831684196443,38305500,after_trump
2022-09-13,27.867319107055664,29.427660004910727,27.82926112676438,29.332516868886895,71417900,after_trump
2022-09-14,27.76266098022461,28.32400347656698,27.600918196283516,28.114688218111237,40767200,after_trump
2022-09-15,27.439178466796875,27.98149203370225,27.315491833994688,27.73412058280243,39919100,after_trump
2022-09-16,27.819746017456055,27.895860161653708,27.039575585753997,27.305975997797965,72748000,after_trump
2022-09-19,28.010032653808594,28.067117809031775,27.496260812686863,27.610432937837594,33151900,after_trump
2022-09-20,27.553346633911133,27.753147404078266,27.3154896975768,27.65800426660365,31129000,after_trump
2022-09-21,27.087146759033203,28.15274661271233,27.077632263990022,27.734117904334347,39977300,after_trump
2022-09-22,26.706575393676758,27.115689597251134,26.67803372393253,27.020546463793597,36092700,after_trump
2022-09-23,26.183290481567383,26.544832205535517,25.869319416248846,26.544832205535517,43491100,after_trump
2022-09-26,25.660005569458008,26.354549200862078,25.555349751751304,26.221348082874012,44786400,after_trump
2022-09-27,25.583892822265625,26.259407500241064,25.327008696837023,26.06912121539332,44121400,after_trump
2022-09-28,25.812232971191406,25.95494857944029,25.307977446353732,25.555348868692967,40433400,after_trump
2022-09-29,25.098665237426758,25.47923781937838,24.917895257174756,25.47923781937838,41831300,after_trump
2022-09-30,24.518293380737305,25.27943484950694,24.48974989514429,25.022548923283036,43821000,after_trump
2022-10-03,25.660005569458008,25.926405990729734,24.803720963897725,25.05109239478481,44096200,after_trump
2022-10-04,26.35454750061035,26.449688816986736,25.77417603425211,26.097661591103822,42427500,after_trump
2022-10-05,26.29746437072754,26.48775066065736,25.583893505547557,26.040580238438206,30120000,after_trump
2022-10-06,25.859806060791016,26.411634073076065,25.688548778581108,26.107177489015953,33985100,after_trump
2022-10-07,24.470720291137695,25.003521120620693,24.40412064112841,24.89886349077504,57215500,after_trump
2022-10-10,23.975980758666992,24.727607760492898,23.871323122262893,24.68003709742075,43409300,after_trump
2022-10-11,23.823749542236328,24.242376407187542,23.49074949739003,23.795206059065187,48134900,after_trump
2022-10-12,24.099666595458984,24.2804383892821,23.462209883802835,23.833266152704105,39634100,after_trump
2022-10-13,25.136720657348633,25.536320375871682,23.395607986934852,23.528807288207744,62447000,after_trump
2022-10-14,24.651491165161133,25.33651844484493,24.508777375398378,25.174775665859332,48185400,after_trump
2022-10-17,25.136720657348633,25.45069173513786,24.898863725244542,25.03206302651743,39416500,after_trump
2022-10-18,24.613433837890625,25.65048829565184,24.299462789372924,25.44117486820811,51126900,after_trump
2022-10-19,24.737117767333984,24.974974668942966,24.44217571745601,24.489746371896146,33882300,after_trump
2022-10-20,24.813234329223633,25.640977226220233,24.689549526764257,24.87983397783286,33247700,after_trump
2022-10-21,25.660003662109375,25.73611780328584,24.53732053343258,24.59440568563886,53058700,after_trump
2022-10-24,25.859804153442383,26.145231726270282,25.231862041457607,25.450689968272613,43831600,after_trump
2022-10-25,26.07863426208496,26.221348060438835,25.688549033055654,25.859806316962064,32205300,after_trump
2022-10-26,25.888349533081055,26.449692079523206,25.679036070648454,25.869322356281373,37111100,after_trump
2022-10-27,24.99401092529297,26.249895440668745,24.860809787655917,26.116696117736364,56305100,after_trump
2022-10-28,27.658004760742188,27.800718562151634,26.506778039374286,26.811234632968954,91695700,after_trump
2022-10-31,27.049091339111328,27.7626621546783,26.68754777632292,27.667519016328484,59507700,after_trump
2022-11-01,26.925403594970703,27.44868992677808,26.535318377194773,27.40111745222958,44418700,after_trump
2022-11-02,26.08814811706543,27.44869004504039,26.078633622114737,26.896862040830722,51956100,after_trump
2022-11-03,26.059606552124023,26.525805950828502,25.850293091900937,26.116693526033995,39678200,after_trump
2022-11-04,27.19263458251953,27.231204737967765,26.4308542408671,26.585138541087908,43051900,after_trump
2022-11-07,27.395132064819336,27.452988217657715,26.893707168982882,27.346918910656342,34389800,after_trump
2022-11-08,27.462635040283203,27.91584684506275,26.93228291378728,27.73263352314731,36258000,after_trump
2022-11-09,26.536922454833984,27.289057875501356,26.536922454833984,27.211915733914605,30544800,after_trump
2022-11-10,28.696908950805664,28.764408105829368,27.626559951961106,27.84834341538586,62943900,after_trump
2022-11-11,29.34296989440918,29.53582432555158,27.838697238958172,27.896553384379523,49826500,after_trump
2022-11-14,29.265832901000977,29.882970131932595,29.10190559413301,29.256189901865916,39395300,after_trump
2022-11-15,29.612966537475586,30.22046250311705,29.092257548996603,29.989036081658206,40933200,after_trump
2022-11-16,28.475122451782227,29.150115769275452,28.388337307656638,29.034403469917226,35582800,after_trump
2022-11-17,28.822263717651367,28.880121711620205,27.964057038467566,28.031556192217213,31983300,after_trump
2022-11-18,28.802978515625,29.1790462667312,28.55226606848289,29.1790462667312,27122200,after_trump
2022-11-21,27.906200408935547,28.65833592559415,27.877271412443307,28.600479771823636,36086800,after_trump
2022-11-22,28.754762649536133,28.793334642947404,28.021911327646837,28.099053475255506,25584100,after_trump
2022-11-23,28.61012077331543,29.005474501705663,28.436550484907258,28.667976923046872,23143900,after_trump
2022-11-25,28.29191017150879,28.61976476337277,28.29191017150879,28.61976476337277,11314900,after_trump
2022-11-28,27.70370101928711,28.147269767948515,27.520489559757404,28.060484617975934,28267900,after_trump
2022-11-29,27.86762809753418,28.13762654409084,27.713343796420073,27.81941494314125,24361500,after_trump
2022-11-30,28.995834350585938,29.00547734969031,27.211919978985524,27.742273894441873,72072500,after_trump
2022-12-01,28.764404296875,29.3911844466584,28.465478718833158,29.15975801470209,38896300,after_trump
2022-12-02,28.35940933227539,28.378695329266066,27.684414151313096,28.127982886029038,31546000,after_trump
2022-12-05,28.12798309326172,28.687264135614384,27.85798465104481,28.36905253977949,34040400,after_trump
2022-12-06,27.578344345092773,28.262980672894155,27.32763190641211,28.147268371480845,27701200,after_trump
2022-12-07,27.317989349365234,27.5301297981923,27.144419055227683,27.26977619619987,28239900,after_trump
2022-12-08,27.424060821533203,27.578345120565167,27.06727723051309,27.30834667765227,28486100,after_trump
2022-12-09,27.231204986572266,27.751915883981724,27.18299183201833,27.37584628944802,25641300,after_trump
2022-12-12,27.665132522583008,27.684416682122666,26.86478196644399,27.125135592763037,35117900,after_trump
2022-12-13,27.70370101928711,29.015119428460356,27.356562258610747,28.725836821361064,58546800,after_trump
2022-12-14,27.250492095947266,28.079771630451443,27.009422634913633,27.491561556980898,37141100,after_trump
2022-12-15,26.180139541625977,26.99977596556628,26.151212387331118,26.94191981776278,45682700,after_trump
2022-12-16,25.958356857299805,26.17049729817023,25.505146981216424,26.035499002999398,81104200,after_trump
2022-12-19,25.83300018310547,26.00656862226638,25.553358770343273,25.939069478279293,37662500,after_trump
2022-12-20,25.495502471923828,25.910142170187655,25.476216476838598,25.591930608136252,31863300,after_trump
2022-12-21,25.871572494506836,26.00657079375305,25.630503052016383,25.64014605042167,28100900,after_trump
2022-12-22,25.042293548583984,25.50514828566791,24.444442348638713,25.50514828566791,47478300,after_trump
2022-12-23,25.15800666809082,25.254434811023486,24.762652937359356,24.994079376869443,23600900,after_trump
2022-12-27,25.013362884521484,25.167647162177246,24.733721481761876,24.92657774843841,29548100,after_trump
2022-12-28,24.627656936645508,25.186938010736196,24.589084940191103,24.91693955319744,26176900,after_trump
2022-12-29,25.273717880249023,25.35086186264532,24.83015101675294,24.849437012352013,30944800,after_trump
2022-12-30,25.48586082458496,25.514787979531604,24.878364821712026,24.974792963033074,31030100,after_trump
2023-01-03,25.775144577026367,26.102999168842448,25.428005827443503,26.08371317186176,31308000,after_trump
2023-01-04,26.691207885742188,26.922634320453884,26.189783024259942,26.43085245698635,37665200,after_trump
2023-01-05,26.575496673583984,26.78763897482769,26.40192636864423,26.45978436310016,33552600,after_trump
2023-01-06,27.70370101928711,27.800129168058195,26.401925608912368,26.93227950754635,31788600,after_trump
2023-01-09,28.262983322143555,28.802980243402203,27.80977339390073,27.80977339390073,37493200,after_trump
2023-01-10,28.388336181640625,28.455835326791227,27.886911333073627,28.19547990474139,23008100,after_trump
2023-01-11,28.78369140625,28.812618561855047,27.964054945186252,28.61976411403725,30375400,after_trump
2023-01-12,29.20797348022461,29.29475678431053,28.41726419246989,28.90904605809714,28963900,after_trump
2023-01-13,29.034404754638672,29.09226090687782,28.745120315015104,28.89940461379544,31361900,after_trump
2023-01-17,28.542621612548828,29.179044776949084,28.465479466537094,29.101902630937353,34759100,after_trump
2023-01-18,27.78084373474121,28.754764562604766,27.607273431270517,28.73547856461602,44199600,after_trump
2023-01-19,27.404775619506836,27.732630224266018,27.231205318256215,27.58798891962849,36886600,after_trump
2023-01-20,28.17619514465332,28.185838142842474,27.240846390871358,27.404773681659314,35158500,after_trump
2023-01-23,29.188690185546875,29.400830644794553,28.13762720983005,28.28226851564501,38795800,after_trump
2023-01-24,28.851192474365234,29.111547927414794,28.66797917341769,28.870478472194236,24855100,after_trump
2023-01-25,28.63905143737793,28.822262895410606,28.127983540516905,28.465481138851015,28268000,after_trump
2023-01-26,29.015119552612305,29.034405550291837,28.28226819371583,28.986190556093007,56088100,after_trump
2023-01-27,27.154064178466797,27.231206333095972,25.82336155130999,26.10300117213549,148548200,after_trump
2023-01-30,26.95156478881836,27.49155983268477,26.681566347278196,26.729779500775336,55145800,after_trump
2023-01-31,27.250490188598633,27.279419184014884,26.546567853061564,26.787637297221977,52621600,after_trump
2023-02-01,28.031553268432617,28.37869383918174,26.691207814594986,26.893705254722768,63330600,after_trump
2023-02-02,29.11154556274414,29.217614863759888,27.77119824992596,28.205123969761672,62230700,after_trump
2023-02-03,29.23689842224121,30.056534802915017,28.475120025530504,28.56190516226148,57603100,after_trump
2023-02-06,28.002229690551758,28.93921520347328,27.924147564474964,28.841612080471105,48726400,after_trump
2023-02-07,28.353593826293945,28.56832103513832,27.748457910663006,27.96318325788295,50780800,after_trump
2023-02-08,27.56301498413086,28.421920183249103,27.533733490425252,28.255995442166576,36479100,after_trump
2023-02-09,27.06524085998535,28.129110934064443,26.909076616232884,27.99246768618719,43906400,after_trump
2023-02-10,27.133563995361328,27.31900974325662,26.68459223496979,26.967639244428643,31232500,after_trump
2023-02-13,27.865581512451172,27.865581512451172,27.05547884529115,27.201884444523,32347500,after_trump
2023-02-14,27.95342445373535,28.031506572145943,27.31900700894623,27.699657103494793,27928900,after_trump
2023-02-15,28.15839195251465,28.187671584208548,27.4849324991859,27.680138731393377,23359400,after_trump
2023-02-16,27.52397346496582,28.138869908751705,27.455649983101143,27.816780940744902,28972500,after_trump
2023-02-17,26.948116302490234,27.397087999461537,26.723628592380113,27.32876638136803,32086200,after_trump
2023-02-21,25.435274124145508,26.616268274114095,25.415754990518632,26.460104035351655,63668400,after_trump
2023-02-22,24.859418869018555,26.25513844214591,24.693494125465836,25.28887147497112,89195300,after_trump
2023-02-23,24.996061325073242,25.454793514818004,24.71301249664335,25.161986051002106,56473200,after_trump
2023-02-24,24.53732681274414,24.742293522864312,24.32260146742129,24.615408925736485,44089900,after_trump
2023-02-27,24.30307960510254,24.96677847262712,24.283558612146088,24.937496983192442,37657000,after_trump
2023-02-28,24.33236312866211,24.517808854002507,24.13715690602753,24.34212362595629,50255300,after_trump
2023-03-01,24.7227725982666,25.298628881302818,24.37140215800737,24.429965139133525,47823400,after_trump
2023-03-02,25.571918487548828,25.669519737725928,24.5178089756653,24.605649728499785,48309300,after_trump
2023-03-03,25.767122268676758,25.845204384032996,25.386472189018157,25.5719179110984,36744900,after_trump
2023-03-06,25.366954803466797,25.903771051829636,25.308393674024853,25.835447562251836,37879800,after_trump
2023-03-07,24.917980194091797,25.366951904546383,24.888698701904726,25.220548166860084,43164600,after_trump
2023-03-08,25.357189178466797,25.38647066808027,24.83989589333264,24.94725763199998,36071900,after_trump
2023-03-09,25.80616569519043,26.33321953780848,25.347431612988608,25.35719211065509,54886100,after_trump
2023-03-10,26.56746482849121,26.860274161836333,25.689040551704853,25.913526404132295,65187000,after_trump
2023-03-13,26.303939819335938,26.655308426042993,25.97209034627264,26.09897309226763,50977000,after_trump
2023-03-14,27.33852767944336,27.42637029431564,26.5967466325355,26.694349744796313,47689800,after_trump
2023-03-15,27.728939056396484,27.816781673769935,26.99691848603412,27.065240108074672,49322800,after_trump
2023-03-16,29.456506729125977,29.544349342562693,27.709416819245153,27.709416819245153,75779500,after_trump
2023-03-17,29.095378875732422,30.256852106897263,28.734249747934122,29.202742495057443,80628500,after_trump
2023-03-20,28.460960388183594,29.18322048020236,27.943665167769986,29.085617362551254,38780100,after_trump
2023-03-21,27.777738571166992,28.470718984748284,27.309245871678645,28.304794254309765,55650800,after_trump
2023-03-22,27.455652236938477,28.42192108190452,27.426372603931718,27.797262227806556,37415500,after_trump
2023-03-23,28.334077835083008,28.460960585773083,27.543494252082628,27.69965849675871,43785500,after_trump
2023-03-24,28.656166076660156,29.09537730527202,28.236473981906343,28.343837595436273,55912100,after_trump
2023-03-27,28.480480194091797,29.01729452630721,28.382877080518664,28.665925923718298,34758200,after_trump
2023-03-28,28.587844848632812,28.62688497851229,27.943665020187566,28.38287811648555,37407900,after_trump
2023-03-29,30.764385223388672,31.125514332127047,29.046576712975515,29.056337210728525,85556200,after_trump
2023-03-30,31.320720672607422,31.798975756041244,31.047432319448752,31.086474310596248,70077600,after_trump
2023-03-31,31.886810302734375,32.11129985959346,30.96934597538122,31.037667588947482,59765000,after_trump
2023-04-03,32.10154724121094,32.755487670786515,31.75993906973477,32.150347876671844,57038300,after_trump
2023-04-04,32.3065071105957,33.02876906193482,32.052741611786914,32.062500248058726,55714100,after_trump
2023-04-05,32.04298782348633,32.19915209020703,31.56473266232617,32.01370446374195,39615700,after_trump
2023-04-06,32.023460388183594,32.208904254125564,31.6818485636601,31.818491804169874,28551900,after_trump
2023-04-10,31.74040985107422,31.974654329924114,31.428081397108453,31.81849010294123,30534400,after_trump
2023-04-11,31.57448387145996,32.31626675629937,31.545204241854094,31.877053695966687,27059100,after_trump
2023-04-12,31.252397537231445,32.101540325723725,31.19383455334442,31.98441808119869,37070800,after_trump
2023-04-13,31.35976219177246,31.65256967447336,30.891267613176623,31.057192349807018,29722300,after_trump
2023-04-14,31.125513076782227,31.467124899485984,30.930308714468747,31.23287668611058,24623600,after_trump
2023-04-17,31.36952018737793,31.85753388966632,31.008391090194262,31.18407632087801,29601100,after_trump
2023-04-18,31.066953659057617,31.68185013344323,31.018153031207433,31.652570501382968,26041400,after_trump
2023-04-19,30.40325355529785,30.76438451737318,30.334931934219302,30.35445292927733,25746600,after_trump
2023-04-20,30.120208740234375,30.500858863126293,29.97380312839162,30.022605619547434,30255100,after_trump
2023-04-21,29.573631286621094,30.100687008481,29.505309662296582,30.100687008481,28655800,after_trump
2023-04-24,28.948972702026367,29.64195312806772,28.900172076394732,29.407704912487166,38732500,after_trump
2023-04-25,28.187673568725586,28.861133069468387,28.177914931890307,28.734250312737725,38289900,after_trump
2023-04-26,28.35359764099121,29.095378751583667,28.148632763108594,28.50000325276415,41218800,after_trump
2023-04-27,29.144180297851562,29.23202291741756,27.826542865986188,28.06078923095398,60186200,after_trump
2023-04-28,30.315410614013672,31.789212215845687,30.071403763279058,31.213355899182034,80229700,after_trump
2023-05-01,29.573631286621094,30.491097620067237,29.554112152260263,30.36421486941095,36918500,after_trump
2023-05-02,29.056337356567383,29.846919062283263,29.036816360963385,29.573630708701103,33463400,after_trump
2023-05-03,29.915241241455078,30.3642148405713,29.524830630239645,29.90548074347161,45554500,after_trump
2023-05-04,30.61595916748047,31.0863703868526,29.773137664169386,29.83194046852692,46104000,after_trump
2023-05-05,30.370952606201172,30.78256288390154,30.11614606579161,30.753161482191516,35010800,after_trump
2023-05-08,30.155345916748047,30.223947313565983,29.78293566366801,30.08674451993011,30882800,after_trump
2023-05-09,29.498729705810547,29.969140887733957,29.312524578664576,29.773135293975265,30706500,after_trump
2023-05-10,29.371326446533203,29.792737178090977,28.90091524959575,29.684935780406107,40526500,after_trump
2023-05-11,28.28350257873535,29.08712222504971,28.244300708550234,29.008720353927533,47144400,after_trump
2023-05-12,28.3717041015625,28.518707372033433,28.146297092975864,28.450105970430197,24147300,after_trump
2023-05-15,29.204721450805664,29.234122850780377,28.303099079974526,28.322700013291,28717500,after_trump
2023-05-16,28.636308670043945,29.30272547676297,28.626508202974787,29.028319875818404,22812000,after_trump
2023-05-17,28.29330062866211,28.96951600834132,28.107095499689855,28.930316010753835,41667300,after_trump
2023-05-18,29.087121963500977,29.165523833918176,28.293302791870843,28.420705130330777,36529200,after_trump
2023-05-19,29.33212661743164,29.63593361688515,28.910715883440798,29.008718684013914,40668700,after_trump
2023-05-22,29.67513656616211,29.841740772433006,29.224324414797557,29.25372581681525,28693400,after_trump
2023-05-23,28.920516967773438,29.59673424999005,28.900916033390814,29.44972911136836,29400900,after_trump
2023-05-24,28.420705795288086,28.900917496484908,28.244301115410053,28.724512816606875,28045800,after_trump
2023-05-25,26.8526668548584,27.724889798704417,26.323454677104557,27.724889798704417,78009400,after_trump
2023-05-26,28.420705795288086,28.508908135227102,26.558659927377448,26.891868351758603,71910600,after_trump
2023-05-30,29.390928268432617,29.439930604540834,28.420704444465784,29.106722195996916,54874800,after_trump
2023-05-31,30.81196403503418,31.644985050897073,29.07732060245757,29.106722003928486,136243800,after_trump
2023-06-01,30.508153915405273,31.301974899480218,30.400352519575563,31.16477023413201,52667400,after_trump
2023-06-02,30.684558868408203,30.958966332449027,30.214147675122152,30.772761200805327,36496200,after_trump
2023-06-05,29.263526916503906,30.772763403645975,29.234125513850884,30.684561064934964,48244100,after_trump
2023-06-06,30.341550827026367,30.82176436940935,29.106721878535176,29.175323279090467,42295300,after_trump
2023-06-07,30.655160903930664,30.74336324083592,30.312152023660012,30.41015482791563,39098000,after_trump
2023-06-08,31.184371948242188,31.213773349248747,30.439553279307525,30.802163081396642,35199000,after_trump
2023-06-09,30.71396255493164,31.3509779935742,30.067146648710203,31.292177057348997,40218000,after_trump
2023-06-12,32.40940475463867,32.63480990512271,30.73356402375987,30.772764025508007,59881600,after_trump
2023-06-13,33.23262405395508,33.27182592341884,32.4094034876964,33.09542124932797,51990000,after_trump
2023-06-14,34.869266510009766,34.88886370620157,33.12482070775246,33.193422109911886,74404300,after_trump
2023-06-15,35.104469299316406,35.69248237005532,34.51645622857749,34.57525529255383,67676300,after_trump
2023-06-16,35.64347839355469,36.0648890901967,34.88885932604447,35.63367979668896,110188500,after_trump
2023-06-20,34.30084991455078,36.36870175041591,34.02644431155308,36.03549334456329,65970200,after_trump
2023-06-21,32.2427978515625,34.349847649977356,32.17419645626733,34.22244345650248,70973500,after_trump
2023-06-22,32.05659484863281,32.57601028427737,31.488182682818767,32.03699391346735,45740300,after_trump
2023-06-23,32.34080505371094,32.78181677941536,31.390180193692107,31.566584883973874,46199200,after_trump
2023-06-26,32.67401123046875,33.31102853878273,32.43880374691549,32.527006085935945,38952400,after_trump
2023-06-27,33.418827056884766,33.546231262367364,32.35060042282913,32.556408366607485,33038900,after_trump
2023-06-28,32.899417877197266,33.13462537147452,32.370203818945654,32.93861974932619,33906900,after_trump
2023-06-29,32.252601623535156,32.67401239853167,31.84099318572252,32.67401239853167,38313000,after_trump
2023-06-30,32.772010803222656,32.88961640935033,32.49760519925002,32.69361080430017,33798400,after_trump
2023-07-03,32.94841766357422,33.21302468720255,32.47800642328926,32.8700176594415,15753000,after_trump
2023-07-05,31.8605899810791,32.66421338768522,31.85079138251512,32.644612452061054,37664700,after_trump
2023-07-06,31.331377029418945,31.399980302407595,30.753162527536734,31.262775625678355,41693600,after_trump
2023-07-07,31.213773727416992,31.762586801452922,31.18437232605422,31.360776995734906,28345700,after_trump
2023-07-10,32.08599853515625,32.1742008752923,31.135373729078424,31.23337653692382,36305700,after_trump
2023-07-11,32.63480758666992,32.69361038898678,31.850788914924802,32.16439638362285,28148800,after_trump
2023-07-12,33.30122756958008,33.39923224945889,32.39960694567266,33.017019605675934,37762200,after_trump
2023-07-13,33.193424224853516,33.61483500125244,32.94841813338885,33.4678335894714,32745800,after_trump
2023-07-14,32.48780822753906,33.19342320714573,32.340803081768925,33.105220867382876,30426200,after_trump
2023-07-17,33.683433532714844,33.9088386690032,32.40940271354346,32.49760504848202,34111200,after_trump
2023-07-18,33.81083679199219,34.00684239065943,33.154222335727155,33.59523025960864,29679500,after_trump
2023-07-19,33.771629333496094,34.14403953545988,33.644228893175644,33.71283028057749,26486700,after_trump
2023-07-20,32.703407287597656,33.52662778478136,32.56620449448299,33.02681707579284,37878000,after_trump
2023-07-21,33.340431213378906,33.56583638133471,32.75241431834523,33.05622323437078,79724100,after_trump
2023-07-24,32.95821762084961,33.77163583016144,32.88961622025087,33.164021822645815,25225800,after_trump
2023-07-25,33.418827056884766,33.654034533276025,32.732813039276934,33.026819580894006,31771100,after_trump
2023-07-26,33.67363357543945,33.840235902211106,33.02681772483363,33.04641865830602,32643200,after_trump
2023-07-27,33.85983657836914,34.330247762644376,33.42862726074078,34.12444357049192,58890800,after_trump
2023-07-28,36.09429931640625,36.25110306595705,34.80066370949184,36.01589557238271,90863000,after_trump
2023-07-31,35.05546569824219,36.44709825250526,34.957461036219414,36.13349081102357,55630700,after_trump
2023-08-01,35.08486557006836,35.300472090127435,34.575252538062315,35.104466502664245,24702200,after_trump
2023-08-02,33.70303726196289,34.47725740635223,33.59523398382054,34.447857871766594,39052000,after_trump
2023-08-03,34.17344284057617,34.3302465631894,33.44822702542588,33.605030748039106,24817900,after_trump
2023-08-04,34.561946868896484,34.97503982551623,33.912804010161636,33.912804010161636,26664300,after_trump
2023-08-07,34.65047073364258,34.965206476031334,34.17836712005945,34.827510057729505,22486900,after_trump
2023-08-08,34.44392395019531,34.52260600489445,33.30300601746458,34.09967917404251,34753600,after_trump
2023-08-09,33.716094970703125,34.52260572248699,33.66691821792523,34.4242522169312,28720200,after_trump
2023-08-10,34.10951614379883,34.512771515517244,33.91280538277738,34.129187595095544,30957300,after_trump
2023-08-11,34.31605911254883,34.375073463615266,33.794778809937924,33.893132309769804,28752000,after_trump
2023-08-14,35.09306335449219,35.12256865307454,33.90296878702895,34.09967578017183,36896100,after_trump
2023-08-15,34.198036193847656,35.04388984965245,34.17836474232362,34.82750763483381,27420300,after_trump
2023-08-16,32.978431701660156,34.06033899883146,32.90958349888829,33.952147893919765,35757300,after_trump
2023-08-17,32.0440673828125,33.03745143599841,31.817847534634716,33.007946130560555,39906700,after_trump
2023-08-18,32.211265563964844,32.36863342885599,31.65064231079349,31.699819065082128,23692300,after_trump
2023-08-21,32.594852447509766,32.62435775236178,31.493277293662434,32.06373444849641,43718200,after_trump
2023-08-22,32.348960876464844,33.243991281080426,32.289950274103944,32.67353419723266,23434200,after_trump
2023-08-23,33.4210319519043,33.58823741993685,32.26044253360494,32.3391283425487,32324300,after_trump
2023-08-24,32.05389404296875,33.52921901502571,31.955540545609786,33.165306572463045,37931000,after_trump
2023-08-25,32.70303726196289,32.85057126166723,31.817840767627814,31.99488006649483,27324800,after_trump
2023-08-28,33.066951751708984,33.22431961020821,32.66369637980811,32.94892679582099,22341800,after_trump
2023-08-29,33.745601654052734,33.91280335214455,32.919419508789375,32.9390909589082,29943600,after_trump
2023-08-30,33.96198272705078,34.089845286735404,33.22432017432113,33.499716745329984,26279200,after_trump
2023-08-31,34.561946868896484,34.97503982551623,33.73576470760254,33.75543615810306,48157600,after_trump
2023-09-01,36.00776672363281,36.14546312570516,35.142241658105185,35.20125600982714,43782600,after_trump
2023-09-05,36.10612106323242,36.794606841531916,35.860233553264436,35.978262259449934,43379400,after_trump
2023-09-06,36.37167739868164,36.43069174751434,35.43730417786343,35.95858821268886,39643400,after_trump
2023-09-07,37.55194091796875,37.70930877467065,36.145464057219264,36.22414986154304,67659700,after_trump
2023-09-08,37.38473129272461,38.1912456893639,37.089667063290605,37.492922385637634,44255200,after_trump
2023-09-11,37.955196380615234,38.10273038812013,37.217533846982086,37.61095536569803,36349300,after_trump
2023-09-12,38.22075653076172,39.410851221541385,38.014211915392515,38.014211915392515,55326600,after_trump
2023-09-13,38.073219299316406,38.50598369714907,37.620787203350865,38.161738948696225,35407800,after_trump
2023-09-14,38.033878326416016,38.26009813780729,37.66996586139009,38.17157848394199,30616500,after_trump
2023-09-15,37.25687789916992,37.88634934698742,37.001152778527945,37.78799208829982,68868800,after_trump
2023-09-18,37.36506652832031,37.758484281127345,36.892959221839014,37.00115032324325,29322200,after_trump
2023-09-19,35.74220657348633,37.473252894705155,35.42747087871927,37.41424229690223,53288100,after_trump
2023-09-20,34.119346618652344,35.65368590051986,34.06033602254477,35.62418060246607,57660800,after_trump
2023-09-21,34.08000946044922,34.67013796763067,33.893132556683504,34.00132365845407,45215900,after_trump
2023-09-22,33.61774444580078,34.316064152221024,33.578401539311905,34.237382091189346,29232700,after_trump
2023-09-25,33.72593307495117,33.804615130179045,33.21448658415974,33.44070265186533,21729400,after_trump
2023-09-26,33.27349853515625,34.20786804017717,33.08662163259565,33.578396636057406,34198300,after_trump
2023-09-27,34.040672302246094,34.25705454229174,33.32268112166737,33.36202027735607,44369100,after_trump
2023-09-28,34.601295471191406,35.07339910515619,33.81445608125009,34.08001507884519,32265300,after_trump
2023-09-29,34.96520233154297,35.31928093774724,34.58161842547019,35.06355958434724,28758500,after_trump
2023-10-02,34.87668228149414,35.388128734395956,34.40457872926451,35.024216283042065,26086200,after_trump
2023-10-03,35.10289764404297,35.93891738317694,34.68980845092264,34.68980845092264,45292600,after_trump
2023-10-04,35.33895492553711,35.919249626936264,34.74882637412426,35.919249626936264,39842200,after_trump
2023-10-05,35.29961013793945,35.50615474471777,35.01437972746714,35.37829594163346,25771200,after_trump
2023-10-06,35.59467697143555,35.860235950184574,34.601293015622566,35.27994123779504,33252300,after_trump
2023-10-09,35.46681594848633,35.57500330172597,34.9160265729728,35.11273733222375,19376100,after_trump
2023-10-10,35.83073043823242,36.135632319891045,35.22093042686105,35.5455000088046,24044100,after_trump
2023-10-11,36.2733268737793,36.42085713002743,35.781551849060826,36.017601759836104,19262600,after_trump
2023-10-12,36.23398208618164,36.60773213606729,35.79138383657303,36.1946391857841,23639200,after_trump
2023-10-13,35.3782958984375,36.184806625588166,35.27010479446316,36.13562987431227,28390100,after_trump
2023-10-16,35.95859146118164,36.3323377817168,35.4864878837064,35.54549848592473,29555800,after_trump
2023-10-17,35.46681594848633,35.75204260985726,34.493099753764234,35.3291157906487,24993600,after_trump
2023-10-18,35.0537223815918,35.42747244260579,34.8668492270576,34.935697428830494,22086000,after_trump
2023-10-19,35.083229064941406,35.76188101195215,34.93569880615984,35.36845948464315,29201800,after_trump
2023-10-20,34.34556579589844,35.68319445840024,34.29638904400115,35.063560630992285,32291800,after_trump
2023-10-23,33.29317092895508,34.61112827418337,32.840738762430185,34.03083353818108,53924700,after_trump
2023-10-24,34.02099609375,34.13902104821362,33.08662280371101,33.08662280371101,52673900,after_trump
2023-10-25,32.28995132446289,33.88330142311442,32.01455474735268,33.61774244801486,44658500,after_trump
2023-10-26,31.985048294067383,32.673534084145444,31.62113582363375,32.348960764501015,59142500,after_trump
2023-10-27,34.95537185668945,35.78155410027395,34.03083235080565,34.089846708185235,84128200,after_trump
2023-10-30,35.102901458740234,35.36846043401013,34.34556743710664,34.88652298966338,36656300,after_trump
2023-10-31,35.89958190917969,35.96843012227447,35.03405669205726,35.07339960009606,41185200,after_trump
2023-11-01,36.676578521728516,36.70608381959456,35.68319097152479,35.89957316106329,41710700,after_trump
2023-11-02,37.079837799072266,37.197862755048476,36.302832355675335,36.961812843096055,35440000,after_trump
2023-11-03,37.51259994506836,37.68963926195629,37.0503302007559,37.37490353236572,30493400,after_trump
2023-11-06,37.44845962524414,37.695155665246695,37.34977895067342,37.51753421530223,23877200,after_trump
2023-11-07,38.257625579833984,38.38590858551384,37.478065123885656,37.73463113524536,32052000,after_trump
2023-11-08,37.418853759765625,38.37603560514898,37.251102258437705,38.336563335089636,33483400,after_trump
2023-11-09,37.30044174194336,38.010927565462474,37.270839420724386,37.54713779018939,48955800,after_trump
2023-11-10,38.346431732177734,38.47471472253525,37.73462662816008,37.73462662816008,38862500,after_trump
2023-11-13,37.724754333496094,38.06026106599183,37.635943617121264,37.84316736723504,24558300,after_trump
2023-11-14,38.88916015625,38.96810468892508,37.56686934820241,38.287221269591264,45457400,after_trump
2023-11-15,40.073307037353516,40.300266952053384,39.05692051407083,39.066786699804304,47392100,after_trump
2023-11-16,42.777095794677734,42.826438018676825,40.2805328430779,40.45815430948169,86405700,after_trump
2023-11-17,43.231014251708984,43.231014251708984,41.99753408460766,42.34290702568293,49735000,after_trump
2023-11-20,44.14872360229492,44.33621123172494,43.20140797728784,43.20140797728784,44564900,after_trump
2023-11-21,43.063262939453125,44.06978329979618,42.72775615267211,43.911897974504114,37252100,after_trump
2023-11-22,43.09286117553711,44.04017680174799,42.96458194884538,43.44810406483085,31481200,after_trump
2023-11-24,43.3790283203125,43.41850058791116,43.0336553895308,43.10272997568714,13037100,after_trump
2023-11-27,43.49745178222656,43.96123782252361,43.07313425128787,43.07313425128787,33339900,after_trump
2023-11-28,43.64546585083008,43.793484990397744,43.08299914332588,43.112601465526176,24548900,after_trump
2023-11-29,44.3460807800293,44.74079596740847,44.010574000041906,44.010574000041906,38982000,after_trump
2023-11-30,44.1092529296875,44.49409815176386,43.82308461840098,44.05991447429258,46263000,after_trump
2023-12-01,43.16194152832031,43.77374666363665,42.29357039916354,43.77374666363665,43922500,after_trump
2023-12-04,41.790306091308594,42.73762170997078,41.13902872088735,42.72775176074531,50417600,after_trump
2023-12-05,41.365989685058594,41.731102530170645,41.06008900826224,41.35612349986118,31859300,after_trump
2023-12-06,40.72458267211914,42.027137460168056,40.6259019977016,41.91859060045017,31992300,after_trump
2023-12-07,41.592952728271484,41.87911726610087,40.6357709143088,41.19823756920078,29118700,after_trump
2023-12-08,42.135684967041016,42.39224719590146,41.257447654791754,41.28704997543026,42805900,after_trump
2023-12-11,43.95136642456055,44.138854055701096,42.51066248602941,42.58960325966863,48288200,after_trump
2023-12-12,43.457977294921875,43.85268871838199,43.05339592141253,43.77374793940317,31452200,after_trump
2023-12-13,43.9809684753418,44.128987600899464,42.75735825929165,43.497446358514516,35216100,after_trump
2023-12-14,44.582908630371094,46.44793008966711,44.05991423037119,44.41515336581766,70620800,after_trump
2023-12-15,45.549957275390625,46.64528830971267,45.06643137433316,45.33286355275876,84553800,after_trump
2023-12-18,45.08616638183594,45.61903072535941,44.800001839676554,45.540089950920446,27895700,after_trump
2023-12-19,46.04335021972656,46.06308635526833,44.908546893913886,44.99735762171038,35358800,after_trump
2023-12-20,45.15523910522461,46.32951460235054,45.09603446791247,46.02361017386815,38159100,after_trump
2023-12-21,46.457801818847656,46.497270325887236,45.411809214497815,45.865729041858266,28320500,after_trump
2023-12-22,47.365638732910156,47.52352404478188,46.57621217355154,46.625550627708435,30053700,after_trump
2023-12-26,49.83259963989258,49.852335774632216,48.06625510566455,48.27347887400653,60287400,after_trump
2023-12-27,50.08916473388672,50.60229297367966,49.526698036558166,49.96088549715075,52148000,after_trump
2023-12-28,49.72405242919922,50.19770836675126,49.497092527723204,50.13850372723399,27705200,after_trump
2023-12-29,49.58590316772461,49.9016737922272,49.11224723097072,49.63524162200012,29266500,after_trump
2024-01-02,47.16828155517578,48.727402316983216,46.82290860884264,48.54978086907395,45905700,after_trump
2024-01-03,46.428192138671875,47.178150178605605,46.18149610842996,46.47753059186372,35858400,after_trump
2024-01-04,46.250572204589844,46.536740512433994,44.64211674522337,45.11577268702602,47797800,after_trump
2024-01-05,46.27030944824219,47.19788898358277,46.02361340404019,46.408458630710044,34332100,after_trump
2024-01-08,47.809696197509766,48.11559689647681,46.349256004061985,46.44793292031915,42135100,after_trump
2024-01-09,47.41497802734375,47.91824005579795,47.16828198790462,47.37550575760561,30097000,after_trump
2024-01-10,46.842647552490234,47.66167648760095,46.31964936260299,47.602471844269466,31480200,after_trump
2024-01-11,47.01039505004883,47.207752627642286,46.112421648067155,46.81303747245537,31707900,after_trump
2024-01-12,46.49726486206055,47.039995353979776,45.994006636825546,46.97092076942365,27448800,after_trump
2024-01-16,46.43806838989258,46.595953720102386,45.767054795430106,46.35912384264608,43720700,after_trump
2024-01-17,45.45127868652344,45.80651781369869,45.04669734109243,45.80651781369869,33488000,after_trump
2024-01-18,46.122291564941406,46.94132042959796,45.55982115169575,46.408456099754304,46681300,after_trump
2024-01-19,47.51365661621094,48.115591764024586,45.82625291965619,46.37885337888682,55912900,after_trump
2024-01-22,47.582733154296875,48.520175090034456,47.01039653759373,48.2044044616061,45639500,after_trump
2024-01-23,48.24387741088867,48.29321586647265,46.6946265669979,47.48405314919019,37224100,after_trump
2024-01-24,48.44123458862305,49.1122481188933,47.6320718781706,48.520175364034515,49375800,after_trump
2024-01-25,48.89515686035156,49.63524501796823,48.32282397588851,49.33921050777817,84845100,after_trump
2024-01-26,43.07312774658203,44.80986611742092,42.77708950325992,43.5961221183612,127665300,after_trump
2024-01-29,43.260616302490234,43.40863542733626,42.24422985568122,43.1323333119092,51790900,after_trump
2024-01-30,42.35277557373047,43.24088284930683,42.32317325263891,43.09286371528312,47958800,after_trump
2024-01-31,42.51066207885742,43.21127790693192,41.80017630149584,42.00740006513206,51584200,after_trump
2024-02-01,42.786964416503906,42.99418819944557,41.92846319840053,42.57974063356224,38819900,after_trump
2024-02-02,42.0369987487793,42.56986303571472,41.05021470524662,42.43171387190532,53669900,after_trump
2024-02-05,42.20475769042969,42.57973671381655,41.869250935669385,42.05673856522146,28890300,after_trump
2024-02-06,42.29877853393555,42.3383627277486,41.70497032294128,42.259190564805955,34068200,after_trump
2024-02-07,42.33836364746094,42.65505985674417,42.11073848299591,42.44722867727391,34269200,after_trump
2024-02-08,42.061256408691406,42.52640562884181,41.89301319520865,42.278986473496566,33206500,after_trump
2024-02-09,42.862892150878906,43.07072331744834,41.96228665376166,42.1107358690328,51193000,after_trump
2024-02-12,43.57545852661133,44.57503398469183,42.87278906222066,42.94206612066388,51107300,after_trump
2024-02-13,42.714439392089844,43.17958857482636,42.31856726525242,42.55609129641815,36622200,after_trump
2024-02-14,43.73380661010742,43.83277653306883,42.94206610299881,43.36762733344154,36186200,after_trump
2024-02-15,43.595252990722656,44.802659637413264,43.56556390115373,44.29792246284209,44024500,after_trump
2024-02-16,43.060829162597656,43.76350244978494,42.67485587510025,43.57546147103312,29858600,after_trump
2024-02-20,44.060401916503906,44.703689430093235,42.97175541030291,43.80308389081493,61514100,after_trump
2024-02-21,43.021244049072266,44.22864696301597,42.6352707698016,44.020815778072794,57715000,after_trump
2024-02-22,42.53630065917969,44.218751667634606,42.090945425277404,44.218751667634606,62809300,after_trump
2024-02-23,42.54619598388672,43.060824460813436,42.21960091454698,42.68475009500671,33810700,after_trump
2024-02-26,42.54619598388672,43.22907143525656,42.3779490094436,43.05092935658332,27035400,after_trump
2024-02-27,42.28887939453125,42.82330564855216,42.07114934097092,42.803511664108804,25126400,after_trump
2024-02-28,41.5565185546875,42.011768845825976,41.477342621281004,42.001869966492016,26928500,after_trump
2024-02-29,42.60557556152344,42.704545483662436,41.922700087688604,41.93259519224425,48875100,after_trump
2024-03-01,43.36763000488281,43.812985247351655,42.684754483308424,42.96186273403715,41396900,after_trump
2024-03-04,45.13915252685547,46.12882917502045,43.39731951190769,43.812985667301724,59990800,after_trump
2024-03-05,42.714439392089844,44.406785372452866,42.249290209353326,44.09998806070443,56655100,after_trump
2024-03-06,44.05050277709961,45.04017935400904,43.11031304928887,43.476492325656736,52652000,after_trump
2024-03-07,45.67357635498047,45.94078571326764,44.71358885003174,45.07976813297767,50378200,after_trump
2024-03-08,43.54576873779297,46.14861915352694,43.54576873779297,45.960578190502105,54793800,after_trump
2024-03-11,44.39689254760742,44.46616960706335,43.20927988143693,43.4171110598047,35051000,after_trump
2024-03-12,44.772972106933594,44.80266119753635,44.00102177341143,44.59483001268361,31795800,after_trump
2024-03-13,42.78371810913086,44.51565212448583,42.75402901982607,44.0505029236892,53195900,after_trump
2024-03-14,42.30867385864258,42.90247829740919,42.07114981794601,42.783718164719176,38100000,after_trump
2024-03-15,42.199806213378906,42.70454335281141,41.912799116471504,42.011769033672145,66930200,after_trump
2024-03-18,42.26908874511719,42.93217406267901,42.16022370974758,42.64516692858036,27668300,after_trump
2024-03-19,41.61589813232422,41.853422165234505,41.01219483335548,41.81383419719672,34673000,after_trump
2024-03-20,41.76435089111328,42.5659864751525,40.98250551566579,42.54619626656077,74865000,after_trump
2024-03-21,41.982078552246094,43.149897214242884,41.883112404748005,42.546197673998094,50807600,after_trump
2024-03-22,42.130531311035156,42.35815646924932,41.65548701015561,41.81383511044879,28435300,after_trump
2024-03-25,41.39817428588867,41.78414755859529,40.15117964680319,40.46787585904025,47276500,after_trump
2024-03-26,41.5565185546875,41.83362677097765,41.229923492360136,41.51693058798425,39109700,after_trump
2024-03-27,43.318145751953125,43.37752770777571,42.061256001916675,42.100843972465064,51017800,after_trump
2024-03-28,43.714012145996094,44.139573371770645,43.25876183131705,43.30824490459669,54204200,after_trump
2024-04-01,44.060401916503906,44.94121347108948,43.72391172736055,43.832776755512306,31712600,after_trump
2024-04-02,43.486385345458984,43.62494323084944,43.05092903160946,43.47649024130356,32748400,after_trump
2024-04-03,39.91366195678711,41.22003486058666,39.80479691891767,40.97261569281679,83718000,after_trump
2024-04-04,39.31985092163086,40.3590105980652,39.29016183168939,40.170973402908174,57307200,after_trump
2024-04-05,38.31038284301758,39.0526403426771,38.11244675471166,38.943775305343,67189100,after_trump
2024-04-08,37.58791732788086,38.4588338048539,37.518640266960844,38.24110374178147,56967800,after_trump
2024-04-09,37.934303283691406,38.18172241669127,36.94462675169194,37.65719128751643,78783000,after_trump
2024-04-10,36.81597137451172,37.82544198969589,36.63782927916647,37.62750590872153,51108400,after_trump
2024-04-11,37.24153137207031,37.28111556667766,36.697209999223986,37.04359529776712,41909100,after_trump
2024-04-12,35.321556091308594,36.32113156006494,35.23248504731364,36.311232680000735,80139400,after_trump
2024-04-15,35.935157775878906,36.32113103584749,35.519491651462836,35.66794464775069,50751600,after_trump
2024-04-16,35.88566970825195,36.13308884345184,35.390831437852185,35.895568587837126,30607500,after_trump
2024-04-17,35.31166076660156,35.757015983802184,35.00485966690412,35.727323119111105,41173300,after_trump
2024-04-18,34.67826843261719,35.29186685801872,34.41105530172058,35.054342816560656,42334400,after_trump
2024-04-19,33.84693908691406,34.76733858919146,33.82714510268787,34.76733858919146,58968800,after_trump
2024-04-22,34.054771423339844,34.213119527250065,33.72818011072603,34.06466652813322,39909900,after_trump
2024-04-23,33.92611312866211,34.242809343199326,33.82714697736298,33.98549508463159,46834000,after_trump
2024-04-24,34.14384078979492,34.816821142169815,33.9854926936665,34.50012494991297,53261100,after_trump
2024-04-25,34.74754333496094,34.93558051526241,34.14384005173473,34.203222002242924,66549400,after_trump
2024-04-26,31.55088996887207,31.907176045518334,30.323691180607266,31.45192381651619,119742500,after_trump
2024-04-29,31.036258697509766,31.580580070998817,30.74925157819707,31.531096996193742,58533300,after_trump
2024-04-30,30.155445098876953,30.858116461249818,30.105962024307132,30.719562342327688,72346400,after_trump
2024-05-01,30.05647850036621,30.719561883042896,29.710091320581384,29.858542429729663,60654800,after_trump
2024-05-02,30.195032119750977,30.353380218588107,29.87833592207671,30.274206169169542,50899400,after_trump
2024-05-03,30.581005096435547,30.739353193831782,30.383070918519365,30.660179145133664,36794800,after_trump
2024-05-06,30.774776458740234,31.003328068462462,30.536289553022886,30.923832433223346,36185600,after_trump
2024-05-07,30.486604690551758,31.251751344198457,30.417046248461222,30.894020047360957,44683400,after_trump
2024-05-08,29.81089210510254,29.959946186562956,29.5425936212785,29.81089210510254,63734600,after_trump
2024-05-09,29.90032386779785,30.198432020098114,29.622088202412307,29.741332600527656,45003400,after_trump
2024-05-10,29.66183853149414,30.267992059188092,29.65190133984991,30.138812358464122,42931300,after_trump
2024-05-13,30.317676544189453,30.933767233590086,29.810891166912885,29.84070274039695,51459100,after_trump
2024-05-14,30.854272842407227,30.913895991776922,30.417047785649103,30.42698497721072,47759900,after_trump
2024-05-15,31.072887420654297,31.202067120946793,30.615786083174033,31.182192737724716,36992900,after_trump
2024-05-16,31.828094482421875,32.056644199568396,31.32131098625367,31.430616301444132,47752800,after_trump
2024-05-17,31.629356384277344,31.907592059017553,31.390869475353796,31.8579079970722,41449800,after_trump
2024-05-20,31.897653579711914,32.21563613099912,31.55979854046339,31.649231369928607,31989000,after_trump
2024-05-21,31.5399227142334,32.036772797045785,31.420680210618762,31.77840961678809,42975400,after_trump
2024-05-22,31.221940994262695,31.867843275827525,30.90395844920465,31.708852003298507,36706400,after_trump
2024-05-23,29.8903865814209,31.37099393773446,29.68171125454082,31.25175143532453,62014500,after_trump
2024-05-24,30.526351928710938,30.82446197812326,29.94007091639133,30.099064079939822,42408200,after_trump
2024-05-28,30.86421012878418,31.172257382164105,30.466731941725964,30.744967620329465,36799100,after_trump
2024-05-29,29.94007110595703,30.476668061101428,29.920198618797393,30.277928026901556,35848600,after_trump
2024-05-30,29.99969482421875,30.307740177296864,29.870513230933255,30.019567311756507,33382800,after_trump
2024-05-31,30.655534744262695,30.76484006095746,29.75127115934644,30.029504942197292,95797500,after_trump
2024-06-03,30.099063873291016,30.874145826725712,29.86057507726836,30.83439895760554,35544900,after_trump
2024-06-04,29.8407039642334,30.556164699264862,29.75127113543878,30.556164699264862,51027200,after_trump
2024-06-05,30.585975646972656,30.645596899838363,29.820828969781854,30.079190259300518,44161700,after_trump
2024-06-06,30.22824478149414,30.397173246523653,29.96988348819456,30.35742448048119,34248100,after_trump
2024-06-07,30.546226501464844,30.585975266431074,30.019566737614863,30.059315502581093,34085500,after_trump
2024-06-10,30.71515464782715,30.75490341238691,30.099063959754154,30.35742334809095,37445800,after_trump
2024-06-11,30.7250919342041,30.834399141756844,30.337550955172254,30.57603785729381,25326900,after_trump
2024-06-12,30.56610107421875,31.281561790135704,30.198432577294135,31.26168740752887,51323900,after_trump
2024-06-13,30.26799201965332,30.387236423902817,29.950009468755333,30.18849638192882,33787200,after_trump
2024-06-14,30.258056640625,30.36736195761891,30.01956783277801,30.099065365610674,28125900,after_trump
2024-06-17,30.784713745117188,30.804588127819695,29.989757390271375,30.14874866124054,36235300,after_trump
2024-06-18,30.436920166015625,31.27162530099019,30.307740466821567,30.79465147966915,33294700,after_trump
2024-06-20,30.426984786987305,30.913895798509436,30.258056322146935,30.367361637990363,43826300,after_trump
2024-06-21,30.894020080566406,31.162318553482905,30.476667532249213,30.65553318086021,92549000,after_trump
2024-06-24,30.37729835510254,31.221940666114026,30.337551485050767,30.943704994449813,40611800,after_trump
2024-06-25,30.546226501464844,30.635659327313434,30.099064267547327,30.506479631824043,29498600,after_trump
2024-06-26,30.347488403320312,30.48660529023788,30.079189925414628,30.446856525218326,30743000,after_trump
2024-06-27,30.397172927856445,30.466731372376067,30.099064766965085,30.228244464597882,30184300,after_trump
2024-06-28,30.774776458740234,31.11263338233784,30.526352361702315,30.556163935664028,41467700,after_trump
2024-07-01,30.645597457885742,30.824463115065406,30.417047738300834,30.71515590338328,32401800,after_trump
2024-07-02,30.874147415161133,31.112634328128223,30.39717358922695,30.66547207706199,35999300,after_trump
2024-07-03,31.033138275146484,31.14244548620724,30.71515572877935,30.923832959411207,24065700,after_trump
2024-07-05,31.818159103393555,32.13614164734713,31.112633675586775,31.2020665029894,45309400,after_trump
2024-07-08,33.77574157714844,33.87510969875,32.613114843025684,32.82179017277948,82315900,after_trump
2024-07-09,34.3719596862793,34.99798949894323,33.507444853034585,34.79924945469186,97546900,after_trump
2024-07-10,34.65019226074219,34.7495641747144,33.91485905060243,34.22290250728898,52256200,after_trump
2024-07-11,33.2888298034668,34.928430399599435,33.10002884981283,34.809184100885474,55213700,after_trump
2024-07-12,34.27259063720703,35.25634795426933,33.55712801341558,33.55712801341558,62792600,after_trump
2024-07-15,34.242774963378906,35.00792159998404,34.093722786783545,34.48126375284248,39847900,after_trump
2024-07-16,34.12353515625,34.232842368767805,33.626686947097056,34.143409539494236,28409900,after_trump
2024-07-17,34.242774963378906,36.925755839253235,34.18315560900105,35.85256576329393,112304200,after_trump
2024-07-18,34.65019226074219,36.07117841001198,34.31233533453851,34.73962508799172,84188600,after_trump
2024-07-19,32.7721061706543,34.362022653681926,32.64292457982029,34.35208356711346,69628700,after_trump
2024-07-22,33.15964889526367,33.19939766232487,32.55349346485917,33.07021606470152,48503700,after_trump
2024-07-23,32.7422981262207,33.020531913608885,32.623055616004486,32.75223342263411,29466400,after_trump
2024-07-24,31.50017547607422,32.59323995949019,31.460426711784343,32.32494148650973,62216700,after_trump
2024-07-25,30.90395736694336,31.78834652633028,30.754903291082982,31.17225584068728,49774000,after_trump
2024-07-26,31.152381896972656,31.361057227049322,30.824462167334016,31.23187753157216,38352500,after_trump
2024-07-29,30.63566017150879,31.27162526588968,30.595913300772725,31.221941203638227,32342200,after_trump
2024-07-30,29.94007110595703,30.715154964946016,29.820828601697457,30.655533712816226,48256600,after_trump
2024-07-31,30.546226501464844,30.675408092279664,30.08912707630577,30.34748836260998,56110600,after_trump
2024-08-01,28.866878509521484,30.516414316046976,28.70788724349436,30.238180548162198,107672500,after_trump
2024-08-02,21.3445987701416,21.8414469830145,20.291281089542203,21.801700111553938,300895900,after_trump
2024-08-05,19.983234405517578,20.26146817330116,19.168403693593557,20.072667229540986,147385700,after_trump
2024-08-06,19.704999923706055,20.4999563012095,19.62550428595571,20.191910941842604,106670400,after_trump
2024-08-07,18.989999771118164,20.25,18.950000762939453,19.920000076293945,97972300,after_trump
2024-08-08,20.489999771118164,20.549999237060547,18.84000015258789,19.100000381469727,96836800,after_trump
2024-08-09,19.709999084472656,20.149999618530273,19.5,20.079999923706055,76394500,after_trump
2024-08-12,19.360000610351562,19.969999313354492,19.0,19.8700008392334,54677600,after_trump
2024-08-13,20.469999313354492,20.479999542236328,19.469999313354492,19.479999542236328,77511300,after_trump
2024-08-14,19.920000076293945,20.5,19.790000915527344,20.489999771118164,56758200,after_trump
2024-08-15,20.690000534057617,21.059999465942383,20.229999542236328,20.31999969482422,84814900,after_trump
2024-08-16,20.8700008392334,20.899999618530273,20.40999984741211,20.530000686645508,48582700,after_trump
2024-08-19,21.520000457763672,21.860000610351562,20.84000015258789,20.889999389648438,65956300,after_trump
2024-08-20,20.989999771118164,21.229999542236328,20.81999969482422,21.209999084472656,84161300,after_trump
2024-08-21,21.40999984741211,21.440000534057617,21.06999969482422,21.06999969482422,57028900,after_trump
2024-08-22,20.100000381469727,21.399999618530273,20.040000915527344,21.389999389648438,81444700,after_trump
2024-08-23,20.540000915527344,20.93000030517578,20.260000228881836,20.31999969482422,73398400,after_trump
2024-08-26,20.1299991607666,20.559999465942383,19.950000762939453,20.530000686645508,58534800,after_trump
2024-08-27,20.06999969482422,20.260000228881836,19.84000015258789,20.1299991607666,43862000,after_trump
2024-08-28,19.610000610351562,20.110000610351562,19.510000228881836,19.979999542236328,50144900,after_trump
2024-08-29,20.1299991607666,20.600000381469727,19.75,19.760000228881836,64529700,after_trump
2024-08-30,22.040000915527344,22.1200008392334,21.0,21.25,177785400,after_trump
2024-09-03,20.100000381469727,21.690000534057617,19.989999771118164,21.540000915527344,115305500,after_trump
2024-09-04,19.43000030517578,20.049999237060547,19.280000686645508,19.760000228881836,85871900,after_trump
2024-09-05,19.399999618530273,19.899999618530273,19.239999771118164,19.280000686645508,65388800,after_trump
2024-09-06,18.889999389648438,19.489999771118164,18.639999389648438,19.440000534057617,92686500,after_trump
2024-09-09,19.06999969482422,19.540000915527344,18.950000762939453,19.0,64244100,after_trump
2024-09-10,18.979999542236328,19.110000610351562,18.510000228881836,19.030000686645508,55621300,after_trump
2024-09-11,19.639999389648438,19.690000534057617,18.520000457763672,19.010000228881836,71403100,after_trump
2024-09-12,19.360000610351562,19.540000915527344,19.040000915527344,19.43000030517578,51602900,after_trump
2024-09-13,19.65999984741211,19.799999237060547,19.489999771118164,19.489999771118164,44236300,after_trump
2024-09-16,20.90999984741211,21.06999969482422,19.760000228881836,20.030000686645508,149337000,after_trump
2024-09-17,21.469999313354492,22.579999923706055,21.239999771118164,21.709999084472656,196249800,after_trump
2024-09-18,20.770000457763672,21.739999771118164,20.719999313354492,21.360000610351562,118727900,after_trump
2024-09-19,21.139999389648438,21.690000534057617,21.030000686645508,21.280000686645508,99829200,after_trump
2024-09-20,21.84000015258789,23.139999389648438,20.350000381469727,20.889999389648438,260377900,after_trump
2024-09-23,22.559999465942383,22.81999969482422,22.030000686645508,22.43000030517578,184439100,after_trump
2024-09-24,22.809999465942383,23.110000610351562,22.290000915527344,22.530000686645508,113082500,after_trump
2024-09-25,23.540000915527344,24.059999465942383,22.729999542236328,22.799999237060547,117013400,after_trump
2024-09-26,23.920000076293945,24.420000076293945,23.25,24.280000686645508,95416900,after_trump
2024-09-27,23.90999984741211,24.65999984741211,23.700000762939453,24.15999984741211,85883300,after_trump
2024-09-30,23.459999084472656,23.950000762939453,23.09000015258789,23.739999771118164,66308200,after_trump
2024-10-01,22.690000534057617,23.719999313354492,22.260000228881836,23.459999084472656,86344400,after_trump
2024-10-02,22.389999389648438,23.06999969482422,22.350000381469727,22.670000076293945,59033900,after_trump
2024-10-03,22.260000228881836,22.729999542236328,21.649999618530273,22.139999389648438,49565900,after_trump
2024-10-04,22.59000015258789,22.90999984741211,22.299999237060547,22.700000762939453,49845500,after_trump
2024-10-07,22.3799991607666,22.649999618530273,22.020000457763672,22.399999618530273,54928700,after_trump
2024-10-08,23.31999969482422,23.420000076293945,22.049999237060547,22.25,58650500,after_trump
2024-10-09,23.459999084472656,23.479999542236328,23.059999465942383,23.25,44759000,after_trump
2024-10-10,23.219999313354492,23.530000686645508,22.959999084472656,23.190000534057617,44874600,after_trump
2024-10-11,23.559999465942383,23.81999969482422,22.979999542236328,23.049999237060547,43585300,after_trump
2024-10-14,23.440000534057617,23.770000457763672,23.270000457763672,23.579999923706055,35403600,after_trump
2024-10-15,22.65999984741211,23.719999313354492,22.469999313354492,23.40999984741211,68900600,after_trump
2024-10-16,22.309999465942383,22.540000915527344,21.739999771118164,22.3799991607666,62151800,after_trump
2024-10-17,22.440000534057617,22.81999969482422,22.399999618530273,22.719999313354492,43807600,after_trump
2024-10-18,22.770000457763672,22.81999969482422,22.5,22.610000610351562,39971700,after_trump
2024-10-21,22.84000015258789,22.8799991607666,22.25,22.610000610351562,39727000,after_trump
2024-10-22,22.399999618530273,22.81999969482422,22.170000076293945,22.729999542236328,50160400,after_trump
2024-10-23,21.979999542236328,22.43000030517578,21.579999923706055,22.299999237060547,45799100,after_trump
2024-10-24,22.34000015258789,22.3700008392334,21.969999313354492,22.09000015258789,40554400,after_trump
2024-10-25,22.68000030517578,23.34000015258789,22.40999984741211,22.420000076293945,67503000,after_trump
2024-10-28,22.920000076293945,23.270000457763672,22.559999465942383,22.670000076293945,41915000,after_trump
2024-10-29,22.899999618530273,23.139999389648438,22.40999984741211,22.8700008392334,83422200,after_trump
2024-10-30,22.299999237060547,22.93000030517578,22.260000228881836,22.420000076293945,50941200,after_trump
2024-10-31,21.520000457763672,22.25,21.469999313354492,22.149999618530273,112485500,after_trump
2024-11-01,23.200000762939453,23.579999923706055,21.90999984741211,23.0,173471100,after_trump
2024-11-04,22.520000457763672,23.0,22.0,22.959999084472656,84616300,after_trump
2024-11-05,23.31999969482422,23.579999923706055,22.399999618530273,22.579999923706055,59153300,after_trump
2024-11-06,25.049999237060547,25.1200008392334,24.049999237060547,24.299999237060547,116760500,after_trump
2024-11-07,26.229999542236328,26.3799991607666,25.190000534057617,25.43000030517578,101489300,after_trump
2024-11-08,26.200000762939453,26.43000030517578,25.829999923706055,26.0,76428000,after_trump
2024-11-11,25.049999237060547,26.290000915527344,24.829999923706055,25.959999084472656,80185300,after_trump
2024-11-12,24.15999984741211,24.959999084472656,23.889999389648438,24.65999984741211,62539700,after_trump
2024-11-13,24.920000076293945,25.139999389648438,24.020000457763672,24.059999465942383,58202000,after_trump
2024-11-14,25.030000686645508,25.610000610351562,24.93000030517578,25.1200008392334,49252100,after_trump
2024-11-15,24.350000381469727,24.81999969482422,24.229999542236328,24.809999465942383,55104900,after_trump
2024-11-18,24.84000015258789,25.020000457763672,24.15999984741211,24.329999923706055,59667300,after_trump
2024-11-19,24.200000762939453,24.540000915527344,24.100000381469727,24.5,61190900,after_trump
2024-11-20,24.010000228881836,24.209999084472656,23.549999237060547,24.06999969482422,50191500,after_trump
2024-11-21,24.440000534057617,24.770000457763672,23.829999923706055,24.079999923706055,58928400,after_trump
2024-11-22,24.5,24.68000030517578,24.139999389648438,24.350000381469727,36784700,after_trump
2024-11-25,24.8700008392334,25.56999969482422,24.760000228881836,25.040000915527344,91128400,after_trump
2024-11-26,24.049999237060547,24.989999771118164,23.809999465942383,24.950000762939453,69613600,after_trump
2024-11-27,23.649999618530273,23.93000030517578,23.059999465942383,23.829999923706055,53992300,after_trump
2024-11-29,24.049999237060547,24.280000686645508,23.600000381469727,23.719999313354492,36616800,after_trump
2024-12-02,23.93000030517578,25.479999542236328,23.440000534057617,24.84000015258789,150497900,after_trump
2024-12-03,22.469999313354492,23.75,22.440000534057617,23.68000030517578,138160500,after_trump
2024-12-04,21.959999084472656,22.540000915527344,21.809999465942383,22.530000686645508,104649000,after_trump
2024-12-05,20.799999237060547,22.190000534057617,20.65999984741211,22.040000915527344,167993500,after_trump
2024-12-06,20.920000076293945,21.049999237060547,20.65999984741211,20.950000762939453,78539100,after_trump
2024-12-09,20.809999465942383,21.059999465942383,20.729999542236328,20.920000076293945,68818200,after_trump
2024-12-10,20.15999984741211,20.860000610351562,19.959999084472656,20.829999923706055,90004800,after_trump
2024-12-11,20.1200008392334,20.25,19.8700008392334,20.139999389648438,75209300,after_trump
2024-12-12,20.780000686645508,20.899999618530273,19.920000076293945,20.020000457763672,77695000,after_trump
2024-12-13,20.34000015258789,20.799999237060547,20.25,20.600000381469727,55104100,after_trump
2024-12-16,20.829999923706055,21.100000381469727,20.0,20.170000076293945,73832900,after_trump
2024-12-17,20.440000534057617,20.770000457763672,20.290000915527344,20.639999389648438,51767200,after_trump
2024-12-18,19.299999237060547,20.579999923706055,19.209999084472656,20.479999542236328,86041200,after_trump
2024-12-19,19.059999465942383,19.690000534057617,19.030000686645508,19.530000686645508,69117800,after_trump
2024-12-20,19.520000457763672,19.760000228881836,18.899999618530273,18.969999313354492,108453700,after_trump
2024-12-23,20.200000762939453,20.229999542236328,19.520000457763672,19.579999923706055,57988400,after_trump
2024-12-24,20.399999618530273,20.399999618530273,19.959999084472656,20.219999313354492,29884000,after_trump
2024-12-26,20.440000534057617,20.670000076293945,20.079999923706055,20.229999542236328,39846200,after_trump
2024-12-27,20.299999237060547,20.610000610351562,20.09000015258789,20.209999084472656,48260800,after_trump
2024-12-30,19.81999969482422,20.110000610351562,19.729999542236328,20.010000228881836,59608100,after_trump
2024-12-31,20.049999237060547,20.399999618530273,19.8799991607666,19.989999771118164,49846700,after_trump
2025-01-02,20.219999313354492,20.43000030517578,20.0,20.229999542236328,46438500,after_trump
2025-01-03,20.559999465942383,20.670000076293945,20.059999465942383,20.389999389648438,48983900,after_trump
2025-01-06,19.8700008392334,20.979999542236328,19.780000686645508,20.829999923706055,83271000,after_trump
2025-01-07,20.010000228881836,20.34000015258789,19.899999618530273,20.020000457763672,61726100,after_trump
2025-01-08,19.8799991607666,20.1200008392334,19.709999084472656,19.829999923706055,47897100,after_trump
2025-01-10,19.149999618530273,19.65999984741211,18.90999984741211,19.65999984741211,71244600,after_trump
2025-01-13,19.200000762939453,19.25,18.729999542236328,18.920000076293945,50669000,after_trump
2025-01-14,19.200000762939453,19.520000457763672,18.81999969482422,19.360000610351562,47147500,after_trump
2025-01-15,19.719999313354492,19.770000457763672,19.170000076293945,19.399999618530273,56306000,after_trump
2025-01-16,19.670000076293945,19.950000762939453,19.399999618530273,19.75,44898100,after_trump
2025-01-17,21.489999771118164,21.6200008392334,20.790000915527344,21.260000228881836,166483900,after_trump
