Date,Close_NVDA,High_NVDA,Low_NVDA,Open_NVDA,Volume_NVDA,Period_NVDA
1999-01-22,0.0376117005944252,0.04477530714919751,0.0355814614532041,0.0401187785903406,2714688000,before_trump
1999-01-25,0.04155206307768822,0.042028902060171895,0.037611710674091144,0.04059654725381971,510480000,before_trump
1999-01-26,0.038327887654304504,0.04286520595733842,0.03773091829528981,0.042028901596367074,343200000,before_trump
1999-01-27,0.03820866346359253,0.039402598367482236,0.036297635890155173,0.03844708287271684,244368000,before_trump
1999-01-28,0.03808855637907982,0.03844710290062813,0.03785013684575771,0.038208683367306026,227520000,before_trump
1999-01-29,0.03629765659570694,0.03820868525926709,0.03629765659570694,0.038088558265092616,244032000,before_trump
1999-02-01,0.03701474145054817,0.037253160942705046,0.03629764853126397,0.03629764853126397,154704000,before_trump
1999-02-02,0.03414911404252052,0.037253162191918716,0.033074390140914886,0.036297649748436356,264096000,before_trump
1999-02-03,0.03486528992652893,0.035343047835133624,0.03343201961680943,0.03367135803583386,75120000,before_trump
1999-02-04,0.03677539899945259,0.03773091121743983,0.03486528324446436,0.03534304106150495,181920000,before_trump
1999-02-05,0.037850119173526764,0.03820866552766969,0.03641776478313528,0.03737236140033503,136848000,before_trump
1999-02-08,0.03653696924448013,0.03820866182401844,0.03653696924448013,0.0380885349035237,154080000,before_trump
1999-02-09,0.035103701055049896,0.037491570867508255,0.03462594330673105,0.03725314804182333,86976000,before_trump
1999-02-10,0.03474608436226845,0.03605922779924237,0.03414911495834683,0.03510371533013465,148224000,before_trump
1999-02-11,0.037730924785137177,0.03916327982205272,0.034865295781707585,0.034865295781707585,132240000,before_trump
1999-02-12,0.03988036885857582,0.04011878834388671,0.038208675673116414,0.038208675673116414,109728000,before_trump
1999-02-16,0.04011878743767738,0.04226823847463416,0.03605922377309622,0.04059654532693522,211008000,before_trump
1999-02-17,0.037969332188367844,0.03964102515060763,0.03725315489863794,0.03916326731435269,67728000,before_trump
1999-02-18,0.03856629133224487,0.03964101474123246,0.03749156792325728,0.03916325703043241,70704000,before_trump
1999-02-19,0.03988036885857582,0.040596546243936216,0.03773091777306691,0.038208675673116414,75360000,before_trump
1999-02-22,0.04011878743767738,0.041074303216193056,0.0379693364007206,0.04059654532693522,205248000,before_trump
1999-02-23,0.04202890396118164,0.04286520836920882,0.03868643628535983,0.041074307023586325,138096000,before_trump
1999-02-24,0.04537228122353554,0.05014893722978744,0.0442975575347873,0.04823790930522195,612768000,before_trump
1999-02-25,0.04393993690609932,0.04871567851414547,0.04322284052127843,0.047283320187443745,149136000,before_trump
1999-02-26,0.041909679770469666,0.045850030834080596,0.041552048947178295,0.04441767651482585,172608000,before_trump
1999-03-01,0.042149003595113754,0.043939907195221964,0.04011876513481884,0.04298439194789715,92160000,before_trump
1999-03-02,0.04179047420620918,0.04226823202253899,0.04107429694634782,0.042028893649740745,55248000,before_trump
1999-03-03,0.03892485052347183,0.042028898277499005,0.03868643105368816,0.042028898277499005,61392000,before_trump
1999-03-04,0.03808855637907982,0.041074312415235084,0.03773092537104906,0.040834973952300214,57360000,before_trump
1999-03-05,0.040237993001937866,0.040357201016422324,0.038447088668101696,0.038447088668101696,78768000,before_trump
1999-03-08,0.04083495959639549,0.04202889470249269,0.03844708938420109,0.03916326666200147,75888000,before_trump
1999-03-09,0.042149003595113754,0.04274597260051401,0.04071573414021909,0.04071573414021909,143184000,before_trump
1999-03-10,0.04143191874027252,0.04274598047148479,0.040834949624950205,0.04274598047148479,235344000,before_trump
1999-03-11,0.03964103013277054,0.04143193475487927,0.03964103013277054,0.04071575737513877,54288000,before_trump
1999-03-12,0.03892485052347183,0.03988036626134229,0.03820867318475293,0.03988036626134229,90768000,before_trump
1999-03-15,0.04059654846787453,0.04107430639409631,0.03964103261543096,0.039880371043280884,108816000,before_trump
1999-03-16,0.039283402264118195,0.041312726527977434,0.038924855789614216,0.04083496859440635,79152000,before_trump
1999-03-17,0.03952183574438095,0.04035722144621891,0.03856631962187909,0.0396410438192114,51360000,before_trump
1999-03-18,0.0399995818734169,0.04059654783141827,0.03868643508595517,0.0396410319939549,46320000,before_trump
1999-03-19,0.04011878743767738,0.04131272269611849,0.03988036795775195,0.03988036795775195,105312000,before_trump
1999-03-22,0.03892485052347183,0.04107430146899642,0.03892485052347183,0.04095417451278386,36672000,before_trump
1999-03-23,0.03653696924448013,0.039163258348687016,0.03582079211870504,0.039163258348687016,163968000,before_trump
1999-03-24,0.03629765659570694,0.03653699165439763,0.03486529804952817,0.03629765659570694,60864000,before_trump
1999-03-25,0.03677539899945259,0.03820866903448042,0.0360592183224318,0.0361784297524219,40320000,before_trump
1999-03-26,0.0399995818734169,0.04011878991268658,0.037253161329760115,0.037253161329760115,88272000,before_trump
1999-03-29,0.041193511337041855,0.04214902362228725,0.040477330609609376,0.041193511337041855,65952000,before_trump
1999-03-30,0.037730924785137177,0.04167127782300509,0.03749158974201408,0.041312731307024536,69504000,before_trump
1999-03-31,0.04035719484090805,0.0408349525871992,0.03713393988747048,0.038924840531166585,153600000,before_trump
1999-04-01,0.03916327282786369,0.04059654653840864,0.038447095437308405,0.04035720812193396,30432000,before_trump
1999-04-05,0.037969332188367844,0.03964102515060763,0.03773091273489288,0.03868642840740276,98640000,before_trump
1999-04-06,0.03701474145054817,0.03844709626239762,0.03629764853126397,0.038327888224366495,69696000,before_trump
1999-04-07,0.04011878743767738,0.04035720691760282,0.03701473955161189,0.03725315903153733,89280000,before_trump
1999-04-08,0.04083495959639549,0.04202889470249269,0.03988036286909155,0.04035720176809867,130128000,before_trump
1999-04-09,0.04011878743767738,0.041074303216193056,0.03988036795775195,0.041074303216193056,48624000,before_trump
1999-04-12,0.038447100669145584,0.03964103612568522,0.03773092318113369,0.03964103612568522,33312000,before_trump
1999-04-13,0.03689461573958397,0.03916327500210716,0.03629764976745411,0.03916327500210716,36144000,before_trump
1999-04-14,0.03582080081105232,0.03761170523266847,0.03582080081105232,0.036775400983459376,48288000,before_trump
1999-04-15,0.03677539899945259,0.03677539899945259,0.035820798878545536,0.03677539899945259,35856000,before_trump
1999-04-16,0.037969332188367844,0.0385663014594073,0.03653697760890804,0.03653697760890804,38928000,before_trump
1999-04-19,0.03629765659570694,0.0384471048043949,0.03582081408935594,0.0384471048043949,31296000,before_trump
1999-04-20,0.03558146208524704,0.037730909270276065,0.03522291230060615,0.036297639309214424,67680000,before_trump
1999-04-21,0.03617842495441437,0.036297636368594566,0.03534303637428722,0.035581459202647624,37488000,before_trump
1999-04-22,0.03462594375014305,0.036297636426098394,0.03426831292312936,0.036297636426098394,227184000,before_trump
1999-04-23,0.03295517340302467,0.03462595091147575,0.032715838427826674,0.034506739472451406,126048000,before_trump
1999-04-26,0.03128349035978317,0.033432022756085845,0.03056639396481849,0.03295518031605509,123504000,before_trump
1999-04-27,0.03462594375014305,0.03486527867584184,0.03152189674002464,0.031999654494461544,226944000,before_trump
1999-04-28,0.03438754007220268,0.03486529462915222,0.03331281265719687,0.03486529462915222,120096000,before_trump
1999-04-29,0.03438754007220268,0.034625959593940915,0.03367136257741986,0.03450674812502427,48144000,before_trump
1999-04-30,0.03486528992652893,0.03629764813899343,0.03450674347076166,0.03474608188978609,99312000,before_trump
1999-05-03,0.03510370850563049,0.0352229165276808,0.03414910831942628,0.0352229165276808,33840000,before_trump
1999-05-04,0.033193595707416534,0.035103708158054754,0.03247741840459242,0.035103708158054754,96048000,before_trump
1999-05-05,0.03390977531671524,0.03390977531671524,0.03152190485866887,0.0334320174392291,144576000,before_trump
1999-05-06,0.03325321525335312,0.03438754692067834,0.03223809507868619,0.03367136928326466,35616000,before_trump
1999-05-07,0.0334320142865181,0.0336713526673832,0.032238079170085567,0.032238079170085567,25008000,before_trump
1999-05-10,0.0334320142865181,0.0341491070837217,0.03319359483495066,0.03319359483495066,19680000,before_trump
1999-05-11,0.03522292524576187,0.03629765264935476,0.03414911677172734,0.03486529425890481,171744000,before_trump
1999-05-12,0.036297645419836044,0.03641777237702401,0.0351037102024874,0.03558146807530192,168480000,before_trump
1999-05-13,0.036297645419836044,0.03725315774937077,0.036178433975929083,0.036297645419836044,69936000,before_trump
1999-05-14,0.03438754007220268,0.03629765303481291,0.0339097820991581,0.03629765303481291,28464000,before_trump
1999-05-17,0.03605921193957329,0.03605921193957329,0.03379055361520482,0.03390976502409324,35760000,before_trump
1999-05-18,0.03773091360926628,0.03820867145659274,0.03534304330196027,0.03641777043416031,151536000,before_trump
1999-05-19,0.03605921193957329,0.040834951406087096,0.03546224621430573,0.039402597137775115,451728000,before_trump
1999-05-20,0.033193595707416534,0.036297643305868876,0.0318804491226383,0.036297643305868876,178176000,before_trump
1999-05-21,0.03247743099927902,0.032715850549571775,0.03152191493875167,0.032715850549571775,303504000,before_trump
1999-05-24,0.032357290387153625,0.0334320140625558,0.03188044807111908,0.03271583678335351,162624000,before_trump
1999-05-25,0.03259663283824921,0.03295517931681251,0.0322380863596859,0.032477424793927234,130080000,before_trump
1999-05-26,0.03247743099927902,0.03414912122426734,0.03247743099927902,0.03247743099927902,104736000,before_trump
1999-05-27,0.03223809599876404,0.03271585408059212,0.03223809599876404,0.03271585408059212,82320000,before_trump
1999-05-28,0.03259663283824921,0.032715844298665975,0.0322380863596859,0.032715844298665975,88656000,before_trump
1999-06-01,0.03271584212779999,0.03271584212779999,0.031999664731603254,0.03247742263888162,98544000,before_trump
1999-06-02,0.031521912664175034,0.032715848188842434,0.031521912664175034,0.032715848188842434,130128000,before_trump
1999-06-03,0.032357290387153625,0.03259662535032137,0.03199965950415122,0.032357290387153625,41568000,before_trump
1999-06-04,0.03259663283824921,0.032715844298665975,0.03235729782010267,0.03259663283824921,78912000,before_trump
1999-06-07,0.03295517340302467,0.033432015743027864,0.032715838427826674,0.03277544243929175,125136000,before_trump
1999-06-08,0.03379056602716446,0.03438753538780429,0.03295517717726478,0.033074388629942,153312000,before_trump
1999-06-09,0.03438754007220268,0.0351037175669855,0.0339097820991581,0.0339097820991581,95184000,before_trump
1999-06-10,0.03450673818588257,0.034625949620462164,0.034149107298237835,0.03438753016739703,36096000,before_trump
1999-06-11,0.03379056602716446,0.03462595487706414,0.032596630721979374,0.03450674342438692,61008000,before_trump
1999-06-14,0.03247743099927902,0.03390978616039187,0.0322380925193081,0.03385017871074709,51648000,before_trump
1999-06-15,0.03247743099927902,0.032715850549571775,0.03199967296901535,0.03247743099927902,49296000,before_trump
1999-06-16,0.0334320142865181,0.03438752995138319,0.03247741755095067,0.03295517196728917,64416000,before_trump
1999-06-17,0.03247743099927902,0.03367136661009912,0.03247743099927902,0.03319360857983544,74928000,before_trump
1999-06-18,0.03128349035978317,0.03271584529065162,0.03128349035978317,0.03271584529065162,158736000,before_trump
1999-06-21,0.03295517340302467,0.03295517340302467,0.031372432058000145,0.032238080574579976,83472000,before_trump
1999-06-22,0.032357290387153625,0.03295517174652126,0.031641109691857315,0.03295517174652126,193056000,before_trump
1999-06-23,0.03295517340302467,0.03295517340302467,0.03164111128230894,0.03199966111262548,210912000,before_trump
1999-06-24,0.03223809599876404,0.03319361216242019,0.031999676422738675,0.03319361216242019,115200000,before_trump
1999-06-25,0.03271584212779999,0.033074388582571876,0.031999664731603254,0.031999664731603254,73536000,before_trump
1999-06-28,0.033193595707416534,0.03379056157327653,0.03247741840459242,0.03379056157327653,109152000,before_trump
1999-06-29,0.0335521325469017,0.034028971326582974,0.03319358624112758,0.0336713439498686,92688000,before_trump
1999-06-30,0.036536987870931625,0.036536987870931625,0.033909781914381334,0.034625959405261655,269232000,before_trump
1999-07-01,0.03462594375014305,0.03653697135179718,0.03271583166154308,0.03653697135179718,88992000,before_trump
1999-07-02,0.03713395074009895,0.03713395074009895,0.034387533801163085,0.03510371116534112,224880000,before_trump
1999-07-06,0.03725316748023033,0.03749159043032246,0.03677541289871638,0.03749159043032246,198096000,before_trump
1999-07-07,0.036536987870931625,0.03749158829834604,0.036536987870931625,0.03749158829834604,63120000,before_trump
1999-07-08,0.03737236186861992,0.037969327652246976,0.035581461101645076,0.03677539608499286,186048000,before_trump
1999-07-09,0.040536947548389435,0.04083497109012944,0.037253164763674296,0.037253164763674296,211728000,before_trump
1999-07-12,0.04238744080066681,0.04417834159487094,0.04131271380542752,0.04298440659337028,401040000,before_trump
1999-07-13,0.04250665381550789,0.04310362309464626,0.04059654137387919,0.042865200221842606,138864000,before_trump
1999-07-14,0.04083495959639549,0.04346216818738316,0.040596540146891937,0.042506652530789515,137952000,before_trump
1999-07-15,0.041074298322200775,0.04250665288990264,0.041074298322200775,0.041193509756006705,137040000,before_trump
1999-07-16,0.041909683495759964,0.042268229863966625,0.04107429484874785,0.041790472072035165,103872000,before_trump
1999-07-19,0.04083496704697609,0.04214902933882619,0.04059654755397149,0.042028902370913834,43632000,before_trump
1999-07-20,0.04011876881122589,0.04083494584790053,0.0386864147378766,0.04083494584790053,178752000,before_trump
1999-07-21,0.038924846798181534,0.03964102406835892,0.03773091170479259,0.03964102406835892,112080000,before_trump
1999-07-22,0.037133943289518356,0.038686424666866365,0.03677539692271528,0.038686424666866365,213264000,before_trump
1999-07-23,0.037133943289518356,0.03820866687680516,0.037014731866260225,0.037014731866260225,80256000,before_trump
1999-07-26,0.03725316748023033,0.03808855648688248,0.03725316748023033,0.03808855648688248,60528000,before_trump
1999-07-27,0.03737236559391022,0.03749157702633582,0.0367753997507774,0.037253154161484614,98592000,before_trump
1999-07-28,0.03796933591365814,0.0384470937967874,0.03713395052327552,0.03725315855366183,244224000,before_trump
1999-07-29,0.0383278988301754,0.038447106901192886,0.03701475169299284,0.03725317125112339,388800000,before_trump
1999-07-30,0.03844708949327469,0.03940260515257911,0.038208670043094736,0.03832788147623173,452304000,before_trump
1999-08-02,0.03880564868450165,0.03892485673035502,0.038208679277435834,0.03844709878523743,313344000,before_trump
1999-08-03,0.037850115448236465,0.03880563090057604,0.03749156912938245,0.03880563090057604,255216000,before_trump
1999-08-04,0.037850115448236465,0.03820866176709048,0.03773090404092069,0.03808853484677472,89952000,before_trump
1999-08-05,0.03844708949327469,0.03844708949327469,0.037253154383790316,0.03785012364657951,240576000,before_trump
1999-08-06,0.03844708949327469,0.038566300926411674,0.038208670043094736,0.03832788147623173,183984000,before_trump
1999-08-09,0.03844708949327469,0.0389248473229269,0.038208670043094736,0.038566300926411674,31056000,before_trump
1999-08-10,0.03916327655315399,0.04083496990975411,0.038447099094474455,0.0386864375337155,212064000,before_trump
1999-08-11,0.04179047420620918,0.04226823202253899,0.03940260405382685,0.03988036187015665,197712000,before_trump
1999-08-12,0.043819818645715714,0.044894542799135524,0.04179049392244047,0.04202891347845539,239616000,before_trump
1999-08-13,0.043342966586351395,0.04429756694628755,0.04298442010952193,0.043462178046191687,84672000,before_trump
1999-08-16,0.0416712611913681,0.04370058488004504,0.04023799121298917,0.04370058488004504,223440000,before_trump
1999-08-17,0.04179047420620918,0.04250665146607055,0.04071575055983076,0.04179047420620918,193536000,before_trump
1999-08-18,0.04274600371718407,0.04322284275906218,0.040477340841955346,0.0413127298028546,279888000,before_trump
1999-08-19,0.05181972682476044,0.05420851314457041,0.04417835645842008,0.0457308383463312,1966992000,before_trump
1999-08-20,0.051342882215976715,0.052297479140380916,0.04943185392430415,0.051939851600331495,353088000,before_trump
1999-08-23,0.04823789373040199,0.050625763205939665,0.04656620131172438,0.050625763205939665,507984000,before_trump
1999-08-24,0.04799950122833252,0.048477255760632755,0.04513387246748255,0.047521743279937405,398064000,before_trump
1999-08-25,0.04776016250252724,0.04859646693152858,0.04585004964993962,0.04811870898600288,350352000,before_trump
1999-08-26,0.04704398289322853,0.04847725324803186,0.04632780547251606,0.047760160313941,275376000,before_trump
1999-08-27,0.04967118054628372,0.05158129300192766,0.04776015257740971,0.04799949096519284,552384000,before_trump
1999-08-30,0.049491457641124725,0.05146209335745298,0.04740252939758918,0.05050657750943545,158640000,before_trump
1999-08-31,0.05373075604438782,0.0539691755569775,0.04871567933030366,0.049671191823633186,786864000,before_trump
1999-09-01,0.05122274532914162,0.0537307425196543,0.05038735660777571,0.0537307425196543,565344000,before_trump
1999-09-02,0.05062578618526459,0.05086512118276461,0.04847725062335925,0.049551058939600254,341088000,before_trump
1999-09-03,0.05098431929945946,0.05229746226978685,0.050625772945593756,0.05158128507514483,258864000,before_trump
1999-09-07,0.05074591562151909,0.051819723990085595,0.05050657719626186,0.051819723990085595,124416000,before_trump
1999-09-08,0.05062578618526459,0.05122275211706867,0.05062578618526459,0.05086512118276461,170064000,before_trump
1999-09-09,0.04990961775183678,0.05146209975752348,0.048954101784986756,0.05110355324560526,209472000,before_trump
1999-09-10,0.05062578618526459,0.05134287908053034,0.05038736328499887,0.05074591314872626,167424000,before_trump
1999-09-13,0.04895409196615219,0.05086512010045781,0.048477249591861504,0.05086512010045781,174432000,before_trump
1999-09-14,0.04752173647284508,0.048954091183336844,0.04728331358146509,0.048954091183336844,250368000,before_trump
1999-09-15,0.047880277037620544,0.04847724287399624,0.046566215004516485,0.04692476139483368,212736000,before_trump
1999-09-16,0.04668542742729187,0.04776015110789045,0.04608845816214129,0.04728330878955032,158112000,before_trump
1999-09-17,0.046566206961870193,0.04680554529586799,0.044894514340356496,0.046387391554186794,171648000,before_trump
1999-09-20,0.04489452764391899,0.046327801285273536,0.04489452764391899,0.045730831959009455,229104000,before_trump
1999-09-21,0.04059654846787453,0.0441783545203208,0.03999958250051417,0.04393993502194894,737328000,before_trump
1999-09-22,0.04155206307768822,0.04179048256893006,0.03820867662359902,0.04059654725381971,375984000,before_trump
1999-09-23,0.038088537752628326,0.04179046950800563,0.0377309069194899,0.04167125809159498,379584000,before_trump
1999-09-24,0.034625958651304245,0.0391632774612593,0.03199966826540778,0.03820868047072563,684912000,before_trump
1999-09-27,0.03677542135119438,0.037491599047407044,0.034625969332729836,0.03689462943754406,432000000,before_trump
1999-09-28,0.04011876881122589,0.04059652647866909,0.03677538748419666,0.0368349914724813,413184000,before_trump
1999-09-29,0.03689461201429367,0.042506657290949025,0.03629764610244013,0.040954175615497246,594048000,before_trump
1999-09-30,0.03677542135119438,0.03940262806098022,0.03629766324377709,0.03820869225735026,342528000,before_trump
1999-10-01,0.036536991596221924,0.03749159212096686,0.03462596293570459,0.03617844505749053,347760000,before_trump
1999-10-04,0.03725316748023033,0.037850136952885576,0.03677541289871638,0.03773092547783951,177600000,before_trump
1999-10-05,0.04083496704697609,0.04107430546943806,0.037253161075162855,0.037253161075162855,478080000,before_trump
1999-10-06,0.0457308255136013,0.04776014926581234,0.040596538856865455,0.04095416972780345,1508736000,before_trump
1999-10-07,0.04274600371718407,0.047640953624907535,0.04250666526667997,0.047640953624907535,487296000,before_trump
1999-10-08,0.04489452764391899,0.046208589839460974,0.04107430245908691,0.0427459955759722,398928000,before_trump
1999-10-11,0.04370059818029404,0.04537229151800848,0.042506662786142485,0.04525308005644819,544464000,before_trump
1999-10-12,0.04310362786054611,0.0444176900976477,0.04298441641096326,0.04393993220208622,322992000,before_trump
1999-10-13,0.04190969467163086,0.042625872085898,0.04107430580184933,0.042625872085898,280368000,before_trump
1999-10-14,0.04107428342103958,0.04202887981009445,0.0405965257620301,0.04202887981009445,192336000,before_trump
1999-10-15,0.04083496704697609,0.04107430546943806,0.03892485431456717,0.039044065769116794,210720000,before_trump
1999-10-18,0.038686446845531464,0.04095419123032252,0.038447108348681716,0.04095419123032252,215184000,before_trump
1999-10-19,0.03713395074009895,0.03988036767903482,0.03641777337592092,0.03988036767903482,308928000,before_trump
1999-10-20,0.038447100669145584,0.038924858637673324,0.037133957160911384,0.03773092318113369,348720000,before_trump
1999-10-21,0.040237996727228165,0.040237996727228165,0.03725315703319187,0.038327884202066634,382128000,before_trump
1999-10-22,0.041193511337041855,0.04238744649904994,0.04011878419732094,0.04011878419732094,286752000,before_trump
1999-10-25,0.039163265377283096,0.04155205444040497,0.039163265377283096,0.04095416968572678,213840000,before_trump
1999-10-26,0.04298442229628563,0.04441769617921043,0.04059655142095586,0.04083497093667088,481248000,before_trump
1999-10-27,0.04107430577278137,0.043462176438291845,0.04035720942955691,0.0432228380140623,214128000,before_trump
1999-10-28,0.039163265377283096,0.04202889332376978,0.03892484593560069,0.041312716069463,222768000,before_trump
1999-10-29,0.04226823151111603,0.042984408762312035,0.03940260357707645,0.03964102301772326,330528000,before_trump
1999-11-01,0.044894520193338394,0.04656621303279379,0.041552053443665124,0.041552053443665124,782544000,before_trump
1999-11-02,0.04776015877723694,0.047999497196088994,0.04537228816537743,0.045730834620886465,837504000,before_trump
1999-11-03,0.05241668224334717,0.05373074435731754,0.049312634607183936,0.04967118101956579,2011680000,before_trump
1999-11-04,0.05576006695628166,0.05719333705881309,0.05301456579716387,0.05301456579716387,1260336000,before_trump
1999-11-05,0.053969159722328186,0.05779029989326876,0.051342870136268356,0.05731254549482546,616368000,before_trump
1999-11-08,0.0555216409265995,0.057074122280899316,0.05062577402072345,0.05229746338041788,470016000,before_trump
1999-11-09,0.05468534678220749,0.05564086258256436,0.05253681462554647,0.05540244309718913,272352000,before_trump
1999-11-10,0.054208505898714066,0.05492468325899747,0.05313378210163839,0.054865079243780424,144048000,before_trump
1999-11-11,0.058028724044561386,0.060894348650257925,0.053014564203390735,0.05420849930169648,562704000,before_trump
1999-11-12,0.06113370135426521,0.06113370135426521,0.05707414069889871,0.06053673878935425,501504000,before_trump
1999-11-15,0.059939753264188766,0.06340234700686505,0.058984237647005874,0.061550919778393255,362208000,before_trump
1999-11-16,0.06567099690437317,0.06686492832324976,0.06113367354376214,0.06137209635521693,723792000,before_trump
1999-11-17,0.06817810982465744,0.07164070471464243,0.06590944697103304,0.06686496290482002,786384000,before_trump
1999-11-18,0.0684165358543396,0.07020835993061704,0.06781957316563617,0.06961047489612848,235968000,before_trump
1999-11-19,0.08190926909446716,0.08477490095418554,0.07641643510635798,0.07665577351882104,2165184000,before_trump
1999-11-22,0.08179006725549698,0.08405872310977029,0.07689419540947837,0.08399911908851869,540192000,before_trump
1999-11-23,0.0759396031498909,0.07677498863902735,0.07259621650214787,0.07343160199128432,553248000,before_trump
1999-11-24,0.07355080544948578,0.07641643029665059,0.06793967246220622,0.07558104493720436,406848000,before_trump
1999-11-26,0.07307395339012146,0.07355079911733287,0.07068516768468812,0.07283461501332772,71760000,before_trump
1999-11-29,0.07044672966003418,0.07379010762491088,0.06877503726150291,0.07283459227460869,298608000,before_trump
1999-11-30,0.06614787131547928,0.07187912918122798,0.06614787131547928,0.07068519028723323,314688000,before_trump
1999-12-01,0.06949126720428467,0.07044678328189545,0.06614787986234152,0.06614787986234152,223536000,before_trump
1999-12-02,0.07462553679943085,0.07558105262752737,0.06973058064756717,0.06973058064756717,309888000,before_trump
1999-12-03,0.07283461838960648,0.07665576564799301,0.07187910952889051,0.07534170354596557,342768000,before_trump
1999-12-06,0.07486487179994583,0.07522249589790611,0.07307396377705627,0.07307396377705627,178608000,before_trump
1999-12-07,0.07235687226057053,0.07558105060507786,0.06949124719851058,0.07546183573797755,186384000,before_trump
1999-12-08,0.07558102905750275,0.0762972062405072,0.07187909728321838,0.0721184287981448,201696000,before_trump
1999-12-09,0.07331236451864243,0.07737192698150307,0.07068515637013968,0.07546181150322077,214944000,before_trump
1999-12-10,0.07247608155012131,0.07498408255086375,0.07116294162012753,0.0746255360943986,98304000,before_trump
1999-12-13,0.07223767787218094,0.07414778749255421,0.07068519242410068,0.07164070840713672,183840000,before_trump
1999-12-14,0.0710437074303627,0.07414775460401145,0.07032753022555084,0.07235685383543061,273888000,before_trump
1999-12-15,0.06877506524324417,0.07092451277535529,0.06710337216456985,0.07056596634891187,205968000,before_trump
1999-12-16,0.06829731166362762,0.07020834335737436,0.06805889558274032,0.06913361947005735,132576000,before_trump
1999-12-17,0.07187911868095398,0.07295384253193307,0.0698497945287559,0.07020834098353129,262080000,before_trump
1999-12-20,0.07784970104694366,0.0792527114743071,0.06949124249618548,0.07199923645161199,402432000,before_trump
1999-12-21,0.08119311183691025,0.08131231989992677,0.07498409893155387,0.07784972466923265,388368000,before_trump
1999-12-22,0.08310320973396301,0.08405871871520158,0.0783274685257055,0.08143151652518478,251184000,before_trump
1999-12-23,0.08859606087207794,0.08883447699042477,0.08286480274929785,0.08322243375900855,280224000,before_trump
1999-12-27,0.08525267988443375,0.09062539186666058,0.08429716381937334,0.09050617696680545,202416000,before_trump
1999-12-28,0.08501328527927399,0.08835667037006759,0.08477486930134304,0.08525262360237403,179184000,before_trump
1999-12-29,0.08787894248962402,0.0888344513789574,0.08477489478870617,0.08483449880110872,132144000,before_trump
1999-12-30,0.08859606087207794,0.08919303034584777,0.0864466059275359,0.08787896782561284,139776000,before_trump
1999-12-31,0.0896698385477066,0.08978996207905178,0.08811826912455259,0.08841629600208686,127344000,before_trump
2000-01-03,0.08943144232034683,0.0909839277191839,0.08429715390923623,0.09026775021942507,300912000,before_trump
2000-01-04,0.08704356849193573,0.08811829246280177,0.08262545772657082,0.08787896084993083,300480000,before_trump
2000-01-05,0.08417794108390808,0.0859688424885265,0.08298400225936929,0.08453648757020277,188352000,before_trump
2000-01-06,0.07868509739637375,0.08417793136880226,0.0754618346132436,0.08417793136880226,120480000,before_trump
2000-01-07,0.0799991637468338,0.08083454919946918,0.07713353174781268,0.07832747049600473,71184000,before_trump
2000-01-10,0.08262543380260468,0.08596881962903544,0.07880520908320786,0.08023756362066216,239856000,before_trump
2000-01-11,0.07928206771612167,0.08310321573229434,0.07928206771612167,0.08214769984989817,148128000,before_trump
2000-01-12,0.07725273817777634,0.07940219271865497,0.07617801432343162,0.07928206233632949,123552000,before_trump
2000-01-13,0.08047599345445633,0.0811930862984856,0.0761780071244092,0.0771335228516688,132192000,before_trump
2000-01-14,0.08393857628107071,0.08728196194643176,0.08143149820471372,0.08167083656894454,604560000,before_trump
2000-01-18,0.08752131462097168,0.08787894553998912,0.08119308862922554,0.08501331378921251,261648000,before_trump
2000-01-19,0.08668500185012817,0.08787894042540383,0.08596882454048539,0.08787894042540383,164688000,before_trump
2000-01-20,0.08644659072160721,0.09217784783626094,0.08573041331463936,0.08740210655053465,179568000,before_trump
2000-01-21,0.08549107611179352,0.08656579990836272,0.0833416216864663,0.08620725347173941,544272000,before_trump
2000-01-24,0.0816708505153656,0.08823749261265296,0.08119308921845965,0.08823749261265296,256944000,before_trump
2000-01-25,0.08095375448465347,0.08286478609456602,0.07832746783126686,0.0820284783248239,237120000,before_trump
2000-01-26,0.07761038094758987,0.0831032227575479,0.07617802593241622,0.08095376788910778,232464000,before_trump
2000-01-27,0.07355077564716339,0.07820729969785291,0.0706851451289459,0.07820729969785291,458208000,before_trump
2000-01-28,0.07140229642391205,0.07307399018611202,0.06853667038048565,0.07259623553732991,194448000,before_trump
2000-01-31,0.07080529630184174,0.07331237444804667,0.06686494130192797,0.07175988958156507,182400000,before_trump
2000-02-01,0.07247606664896011,0.07307395140198975,0.06829729563427016,0.07092450413183042,92976000,before_trump
2000-02-02,0.07450629770755768,0.07593957439984682,0.07247605867328295,0.07283460501657407,149040000,before_trump
2000-02-03,0.07570025324821472,0.07844667007974902,0.07522249196488479,0.07689418503552721,108240000,before_trump
2000-02-04,0.07749117910861969,0.0780881486091398,0.07593961591403402,0.0780881486091398,123696000,before_trump
2000-02-07,0.07271543145179749,0.07784971995545042,0.07259622339599898,0.07784971995545042,217488000,before_trump
2000-02-08,0.07617801427841187,0.07880522331042245,0.07259621177494617,0.07450632106339494,468816000,before_trump
2000-02-09,0.07808812707662582,0.08035678955642507,0.07796891904498186,0.07904364285296506,589056000,before_trump
2000-02-10,0.09408795833587646,0.09552122857718284,0.0828647832018715,0.0828647832018715,970080000,before_trump
2000-02-11,0.0955212339758873,0.09886462043605163,0.08859604497997818,0.09874449005271455,423792000,before_trump
2000-02-14,0.11080396920442581,0.11080396920442581,0.09480413728961685,0.09575965307724013,650112000,before_trump
2000-02-15,0.10650596767663956,0.11116250007028568,0.10196865013152684,0.11104329205394028,450480000,before_trump
2000-02-16,0.11140093207359314,0.11510287168962313,0.10650598294550845,0.1076999216352653,1019568000,before_trump
2000-02-17,0.11534127593040466,0.11605836874851808,0.10961001963269093,0.11128171263030114,535776000,before_trump
2000-02-18,0.12871481478214264,0.13038650088094972,0.11283419311038023,0.11366957840318685,960864000,before_trump
2000-02-22,0.12513211369514465,0.12632605250101261,0.12035637213605209,0.12465528151503148,542496000,before_trump
2000-02-23,0.12584920227527618,0.1271623490804573,0.12214727609248688,0.12369975449280582,511392000,before_trump
2000-02-24,0.12465528398752213,0.12740078578879893,0.11940086545289123,0.1265654002792388,244320000,before_trump
2000-02-25,0.11689379066228867,0.12477450368672797,0.111759508873407,0.12477450368672797,278736000,before_trump
2000-02-28,0.11605839431285858,0.11749074923813156,0.11414736933864858,0.11629681040780022,517872000,before_trump
2000-02-29,0.1222665011882782,0.12369977174764532,0.11534131104698281,0.11534131104698281,306048000,before_trump
2000-03-01,0.11868470907211304,0.12226651253259972,0.1167745924411116,0.12226651253259972,383568000,before_trump
2000-03-02,0.11068473756313324,0.11964016453472755,0.1103271135181817,0.11964016453472755,191040000,before_trump
2000-03-03,0.11247566342353821,0.1136695952884689,0.10984936996095797,0.11080397024421805,273696000,before_trump
2000-03-06,0.1117594838142395,0.12178964269033105,0.11080396803668621,0.11319275406447502,432096000,before_trump
2000-03-07,0.1591620147228241,0.16668417326665952,0.13707238491834633,0.1432813966593781,1952208000,before_trump
2000-03-08,0.16047513484954834,0.16190840496813894,0.14758026768399396,0.15907213132497133,668736000,before_trump
2000-03-09,0.19160915911197662,0.20632518825284368,0.16190841817262394,0.16238526395927477,952944000,before_trump
2000-03-10,0.22542905807495117,0.2770103461069887,0.20011616850632924,0.2015494386807082,2161200000,before_trump
2000-03-13,0.28513041138648987,0.28656276609387515,0.20250405226811635,0.20441508378381285,2415168000,before_trump
2000-03-14,0.21038471162319183,0.28357786815017944,0.20632514878111707,0.28357786815017944,1567776000,before_trump
2000-03-15,0.20178784430027008,0.23128043099590276,0.1948626568460842,0.22545929774771148,995616000,before_trump
2000-03-16,0.17990727722644806,0.21539979401092768,0.17695269777494618,0.2082352616618914,750384000,before_trump
2000-03-17,0.1908031553030014,0.20441511857043712,0.17572857048310742,0.17575883708442744,557616000,before_trump
2000-03-20,0.19068391621112823,0.20465350135326585,0.18459411304436457,0.19832528212606806,365280000,before_trump
2000-03-21,0.18125081062316895,0.192713315721326,0.16620648789588457,0.19104162865649582,536640000,before_trump
2000-03-22,0.18256479501724243,0.18817592155717353,0.17957903276168286,0.18268400305139007,230592000,before_trump
2000-03-23,0.18578802049160004,0.1958181782876362,0.18053453238785208,0.18089307195794213,309408000,before_trump
2000-03-24,0.17802749574184418,0.19295260613443868,0.1719376914924433,0.184594145861264,231600000,before_trump
2000-03-27,0.1663256585597992,0.18340021794448202,0.16477409544312602,0.17766895302049082,388944000,before_trump
2000-03-28,0.15390853583812714,0.16238528844545297,0.15092277322199354,0.16059438018383695,393312000,before_trump
2000-03-29,0.14375916123390198,0.15808730122217654,0.13755014935318755,0.15450548485517365,469440000,before_trump
2000-03-30,0.14292281866073608,0.15617715449243436,0.1346844841188575,0.13946022467773433,361920000,before_trump
2000-03-31,0.16140037775039673,0.1678780705721649,0.14996813270695034,0.15268428259681546,962976000,before_trump
2000-04-03,0.148774191737175,0.16047511919782464,0.14459450532313703,0.15993775397882368,329952000,before_trump
2000-04-04,0.14328137040138245,0.15928119357333514,0.10889384013861303,0.15665399860019136,513792000,before_trump
2000-04-05,0.17516182363033295,0.1862657828398563,0.13731169232071785,0.14471464151959834,639600000,before_trump
2000-04-06,0.18328097462654114,0.19259402725339292,0.1745648776910098,0.18328097462654114,404592000,before_trump
2000-04-07,0.1959374099969864,0.20059394305573813,0.1843556881989821,0.19247481562736013,318576000,before_trump
2000-04-10,0.17862440645694733,0.21086248071959185,0.17492246749968055,0.19928076097643999,395280000,before_trump
2000-04-11,0.1679973155260086,0.18149006936464207,0.1528337908077699,0.16617615449738368,457584000,before_trump
2000-04-12,0.15056508779525757,0.17193761737887028,0.14996811861768977,0.16823660797781237,313440000,before_trump
2000-04-13,0.14411675930023193,0.15713175010238337,0.14160968779667202,0.15175904018791966,313296000,before_trump
2000-04-14,0.131430983543396,0.14531162763054142,0.12513210156300414,0.13492292899977204,421920000,before_trump
2000-04-17,0.13814708590507507,0.1432813799917448,0.12035635372731476,0.12035635372731476,294096000,before_trump
2000-04-18,0.16262461245059967,0.17145991796818053,0.14758029507185766,0.1520571009276233,477504000,before_trump
2000-04-19,0.1548631340265274,0.17002757612343927,0.1528338096072542,0.16775892008649498,278352000,before_trump
2000-04-20,0.15402773022651672,0.16202764993018404,0.15187828249645585,0.15904280309220575,153936000,before_trump
2000-04-24,0.14638546109199524,0.15163986600610535,0.1387440803479141,0.14519152225248008,205968000,before_trump
2000-04-25,0.1623852252960205,0.16716188065181334,0.15259441409314828,0.15295295361278854,249696000,before_trump
2000-04-26,0.16071359813213348,0.17766893397649627,0.16047516837625136,0.17372859155087278,254112000,before_trump
2000-04-27,0.1738477498292923,0.17551943586027358,0.14913183243951053,0.1499681332115795,280992000,before_trump
2000-04-28,0.17026600241661072,0.18340020431269094,0.17026600241661072,0.1765942226763994,179040000,before_trump
2000-05-01,0.17575882375240326,0.18053456513332922,0.17157912257438251,0.1767134172548095,119424000,before_trump
2000-05-02,0.16895277798175812,0.18602732826176854,0.16405690125599923,0.17575875649476955,234000000,before_trump
2000-05-03,0.16620640456676483,0.17337092441797608,0.15283377560880199,0.16787809079347962,329184000,before_trump
2000-05-04,0.168236643075943,0.17528103934761036,0.1644154957002367,0.1658478503542457,241200000,before_trump
2000-05-05,0.17599721252918243,0.18005677585905955,0.16525087715982242,0.1675195326255535,170592000,before_trump
2000-05-08,0.16954979300498962,0.1776689063496261,0.16931044777290605,0.17145989530901262,185136000,before_trump
2000-05-09,0.1671619415283203,0.17384779937320505,0.1623852844329796,0.17241544447043308,176832000,before_trump
2000-05-10,0.15068437159061432,0.16560948305719392,0.14925110100141517,0.1654902749972062,274080000,before_trump
2000-05-11,0.15713174641132355,0.15987816307155145,0.15080352778038272,0.15283376714911068,245904000,before_trump
2000-05-12,0.15235605835914612,0.1700275874374929,0.15235605835914612,0.1614307104395331,187824000,before_trump
2000-05-15,0.16286303102970123,0.16549024001931098,0.14423689857285282,0.15163984871146668,282096000,before_trump
2000-05-16,0.1795790195465088,0.18471331357201787,0.16811650655083732,0.17002753800302026,366432000,before_trump
2000-05-17,0.2111009806394577,0.21898169373482027,0.1890122628397627,0.18913147089936025,1290624000,before_trump
2000-05-18,0.19677279889583588,0.21575747108076188,0.19545965215006436,0.21229487664976562,509904000,before_trump
2000-05-19,0.19510109722614288,0.20154943977599601,0.18960917908954406,0.1910415337584438,521184000,before_trump
2000-05-22,0.20775851607322693,0.20775851607322693,0.1758780542012343,0.19295261319059923,517152000,before_trump
2000-05-23,0.20608676970005035,0.22530985693067807,0.19916158120741456,0.20250405191131432,778560000,before_trump
2000-05-24,0.20345956087112427,0.2091908243825395,0.1762365545255857,0.20584743816475978,739632000,before_trump
2000-05-25,0.20059390366077423,0.2187431865335471,0.19808681874152154,0.206444374259668,569184000,before_trump
2000-05-26,0.2016090452671051,0.20716056708120714,0.18913140637524292,0.2016090452671051,183456000,before_trump
2000-05-30,0.20990696549415588,0.21516045313990553,0.20608673415497866,0.20704132740101883,303648000,before_trump
2000-05-31,0.21802611649036407,0.2216088340762077,0.20919081249904087,0.20919081249904087,469536000,before_trump
2000-06-01,0.22411596775054932,0.2265038455708124,0.21850392469496785,0.22447452109473826,418992000,before_trump
2000-06-02,0.2513398826122284,0.2540853843075266,0.22877247739996037,0.22877247739996037,592176000,before_trump
2000-06-05,0.2567419707775116,0.26936906144221734,0.2409512205985208,0.2509813682935,491904000,before_trump
2000-06-06,0.24393685162067413,0.26721949742006307,0.24262277604952026,0.2576680176275128,375888000,before_trump
2000-06-07,0.23307132720947266,0.24417530005485932,0.2294886097144709,0.2421459761930711,332352000,before_trump
2000-06-08,0.2348622828722,0.23928038658020315,0.2254290923958562,0.23904106864390906,460704000,before_trump
2000-06-09,0.24154798686504364,0.25217512363483535,0.23569753167062635,0.2392802478177254,467280000,before_trump
2000-06-12,0.2351006716489792,0.24465308272368078,0.22972797503823136,0.24262282950659766,380016000,before_trump
2000-06-13,0.24250361323356628,0.24262282125930165,0.22734009000398409,0.22853402861662228,447840000,before_trump
2000-06-14,0.2422652244567871,0.24835409890245674,0.23907131259613384,0.24704097944500378,275088000,before_trump
2000-06-15,0.24859338998794556,0.24859338998794556,0.2285340045459691,0.2415480652310221,338592000,before_trump
2000-06-16,0.28608500957489014,0.28656277087788457,0.24763790522637075,0.2476975365707898,987840000,before_trump
2000-06-19,0.30399492383003235,0.3271592658071535,0.27820426147233485,0.28536879438346235,1052160000,before_trump
2000-06-20,0.29993537068367004,0.3128311538026628,0.2961151661493122,0.30924936531813607,610272000,before_trump
2000-06-21,0.33038246631622314,0.3362338516069384,0.2952787731301285,0.2952787731301285,614880000,before_trump
2000-06-22,0.3123535215854645,0.33575631843542225,0.30924949309569455,0.3289503354002245,614352000,before_trump
2000-06-23,0.2828616797924042,0.30781602507894285,0.282741569940617,0.303994892067172,607392000,before_trump
2000-06-26,0.31700989603996277,0.31880080370436814,0.28393552195283517,0.2884728323782492,618288000,before_trump
2000-06-27,0.2722347378730774,0.3195180670559179,0.26387626210325715,0.31426364719240346,604608000,before_trump
2000-06-28,0.26172757148742676,0.28847282494699983,0.2540853052939887,0.2779658225775684,586608000,before_trump
2000-06-29,0.22399672865867615,0.2571903328085815,0.21969783316430902,0.2571903328085815,1184880000,before_trump
2000-06-30,0.24286223948001862,0.24692179048985008,0.22304126201958863,0.23450376483054572,1209192000,before_trump
2000-07-03,0.2335490882396698,0.2521752182663519,0.23116030929568815,0.24453385305512915,232680000,before_trump
2000-07-05,0.20847463607788086,0.23307133411493625,0.20154943428345962,0.2325935728457743,777936000,before_trump
2000-07-06,0.22113105654716492,0.22877242139755036,0.2036979640424336,0.20871303588321619,603936000,before_trump
2000-07-07,0.22232504189014435,0.2330713650955473,0.2177877166607966,0.2292502309407077,346560000,before_trump
2000-07-10,0.23378750681877136,0.23928034021061234,0.21635532881459746,0.21850386071701972,351264000,before_trump
2000-07-11,0.2526529133319855,0.2645931701997292,0.22805619516234887,0.2306834167852928,755304000,before_trump
2000-07-12,0.25981655716896057,0.27295075438238436,0.2548023874479241,0.2631599291058999,388152000,before_trump
2000-07-13,0.2841748595237732,0.2856072140836125,0.26483165070917775,0.26530941195498237,458736000,before_trump
2000-07-14,0.2820254862308502,0.2953981034317434,0.27510029695634514,0.2899061708728313,280200000,before_trump
2000-07-17,0.2789214551448822,0.2865628225077211,0.2779659323667374,0.28632440640211143,105552000,before_trump
2000-07-18,0.2734285891056061,0.28656278985043715,0.2636377611966507,0.2636377611966507,183672000,before_trump
2000-07-19,0.2559964060783386,0.2655478891554717,0.2505035715814787,0.2636377729098511,189504000,before_trump
2000-07-20,0.2629215717315674,0.2693689991803471,0.25504086034461043,0.2557570377248467,142992000,before_trump
2000-07-21,0.26626503467559814,0.271279179371311,0.25981667652502216,0.26363781142350573,251928000,before_trump
2000-07-24,0.24357841908931732,0.26841356876900757,0.23307141170899867,0.2665034522340644,281112000,before_trump
2000-07-25,0.23450371623039246,0.24930961676416763,0.23402595490523334,0.24739950064125996,335304000,before_trump
2000-07-26,0.2170715183019638,0.2345036972847934,0.21062409120628336,0.2345036972847934,380064000,before_trump
2000-07-27,0.2015494406223297,0.21301195373910978,0.198683815759229,0.21014632887600906,331560000,before_trump
2000-07-28,0.20632517337799072,0.22136948810715232,0.19104152709164476,0.20250403976028353,512664000,before_trump
2000-07-31,0.22925017774105072,0.22972793896284927,0.20632515450119548,0.2177876661211231,371232000,before_trump
2000-08-01,0.22471287846565247,0.23116031906619564,0.22304119225725297,0.22925020314486433,350616000,before_trump
2000-08-02,0.22925017774105072,0.23295120114931578,0.21802609580763388,0.22160881305360824,345432000,before_trump
2000-08-03,0.2392803430557251,0.24453385862011467,0.2063251733392828,0.2063251733392828,368664000,before_trump
2000-08-04,0.24357841908931732,0.24835414768687725,0.23975728417026437,0.24501170337397166,194784000,before_trump
2000-08-07,0.2626821994781494,0.2648316605755617,0.24429451247012432,0.24525003499733178,246936000,before_trump
2000-08-08,0.2569509446620941,0.2712790817270639,0.2559963513323223,0.2569509446620941,128112000,before_trump
2000-08-09,0.24930964410305023,0.26196608465035803,0.24572785486693371,0.2602944117466094,136248000,before_trump
2000-08-10,0.2521752417087555,0.2579064916121636,0.23880262588377735,0.24357835318926566,156432000,before_trump
2000-08-11,0.24620555341243744,0.25456312419197186,0.23450370812982543,0.25265300813504615,131928000,before_trump
2000-08-14,0.2485935389995575,0.25169759509057893,0.24071282424898455,0.24930971668546992,108576000,before_trump
2000-08-15,0.27205586433410645,0.27701040452907794,0.24907122946114196,0.24978740694274323,443328000,before_trump
2000-08-16,0.2789214551448822,0.28680123861333073,0.27056298110950816,0.28680123861333073,266232000,before_trump
2000-08-17,0.2841748595237732,0.2856072140836125,0.2741447155521045,0.2751002380437137,129816000,before_trump
2000-08-18,0.29420411586761475,0.29754751557228293,0.28250320073640256,0.2829809346765473,204720000,before_trump
2000-08-21,0.29874134063720703,0.3102038637444849,0.2980251635292934,0.30495034965753265,464472000,before_trump
2000-08-22,0.27056294679641724,0.2894284249586708,0.26793665325636806,0.28321941337262974,658872000,before_trump
2000-08-23,0.2863243818283081,0.28680121399860325,0.26077215703274786,0.26626499144011784,352800000,before_trump
2000-08-24,0.2939656376838684,0.29683127551390326,0.27939908719594636,0.28465257435935865,332616000,before_trump
2000-08-25,0.28656280040740967,0.2970698061165081,0.2851304455285117,0.2908616960709082,153048000,before_trump
2000-08-28,0.2980251908302307,0.3018463510513974,0.2846525784797983,0.2879959775261396,189264000,before_trump
2000-08-29,0.2973090410232544,0.29993533396038297,0.2942040850185524,0.2992191567209408,149376000,before_trump
2000-08-30,0.2999352812767029,0.3039948571571726,0.2908615637521015,0.29396561736280463,178080000,before_trump
2000-08-31,0.3032788336277008,0.3152190966795537,0.2985030782150836,0.3044727724808551,388896000,before_trump
2000-09-01,0.303756445646286,0.31235330401106604,0.30041304683028464,0.30948769366572143,204144000,before_trump
2000-09-05,0.30423417687416077,0.3111593904295842,0.302084743671261,0.31092094712059515,246144000,before_trump
2000-09-06,0.28321945667266846,0.30542828369444736,0.2808315788429218,0.30542828369444736,230136000,before_trump
2000-09-07,0.2985030710697174,0.29898083243510865,0.275578040939671,0.28751833103446495,239760000,before_trump
2000-09-08,0.2808314263820648,0.301846330408929,0.27987590409775964,0.295159560102285,222648000,before_trump
2000-09-11,0.2693691551685333,0.27892157209285884,0.25886217157243985,0.2772498711191107,285888000,before_trump
2000-09-12,0.2676973044872284,0.2836971146840269,0.26363772742948777,0.2696074204033333,125976000,before_trump
2000-09-13,0.267578125,0.2719962284496516,0.2612498781017764,0.26698115563894975,239976000,before_trump
2000-09-14,0.26507094502449036,0.28083143338691313,0.2617275461234,0.2688911759022541,216336000,before_trump
2000-09-15,0.2708618640899658,0.2746224918995235,0.2617276107703287,0.2636377266810107,242592000,before_trump
2000-09-18,0.2550407946109772,0.273190090093057,0.2521751839796594,0.2715183905182293,163488000,before_trump
2000-09-19,0.2629215717315674,0.26363774911180365,0.24071272150887377,0.24333994414001298,301104000,before_trump
2000-09-20,0.2543247640132904,0.2607722208455195,0.2502652126567257,0.25575711923022987,227568000,before_trump
2000-09-21,0.2652498185634613,0.27104067206953136,0.25599635735868015,0.2562347734023382,346824000,before_trump
2000-09-22,0.2698467969894409,0.2731901974530062,0.23880266506212802,0.239041081161884,387264000,before_trump
2000-09-25,0.28918999433517456,0.2932495720400817,0.2760557931787761,0.27820432548529656,467568000,before_trump
2000-09-26,0.2961152195930481,0.2994585926311654,0.2789214402304623,0.2922940578626461,337344000,before_trump
2000-09-27,0.31235337257385254,0.3262037755138675,0.2937272701786848,0.2937272701786848,676128000,before_trump
2000-09-28,0.32190579175949097,0.32381590762310414,0.30184640505620197,0.3094877703595044,333816000,before_trump
2000-09-29,0.31283119320869446,0.3247714826059135,0.3075777041806829,0.31283119320869446,373872000,before_trump
2000-10-02,0.30542823672294617,0.3295472037924763,0.29754755241196496,0.3171291806316183,340584000,before_trump
2000-10-03,0.2889505922794342,0.30948773810250035,0.2865627154043985,0.30709986122746463,300264000,before_trump
2000-10-04,0.285607248544693,0.29038390507275885,0.2774881212478449,0.2813092824977646,419568000,before_trump
2000-10-05,0.2789214551448822,0.28775676139147555,0.2729508588770171,0.28775676139147555,525048000,before_trump
2000-10-06,0.2614882290363312,0.28154761133676426,0.2576679981476115,0.2796374958924044,1027176000,before_trump
2000-10-09,0.26721957325935364,0.271279123444787,0.23689159466644277,0.25480245197083035,665256000,before_trump
2000-10-10,0.24692168831825256,0.2688912166587624,0.24453383869211587,0.25599633676010464,415944000,before_trump
2000-10-11,0.24907122552394867,0.2626822595130415,0.2225634766604003,0.2318774458278113,535776000,before_trump
2000-10-12,0.23928037285804749,0.2693690060582591,0.23689159356218115,0.25456313286050813,401616000,before_trump
2000-10-13,0.2488318383693695,0.2559963720710614,0.23838446531940674,0.24095115464668732,578976000,before_trump
2000-10-16,0.2431005984544754,0.24883184851263798,0.2373693483963128,0.24883184851263798,339216000,before_trump
2000-10-17,0.22542904317378998,0.24310056596260987,0.22280276374050853,0.24214597264417928,463248000,before_trump
2000-10-18,0.221847265958786,0.2347430497237122,0.20083235493477966,0.2108625137343956,416952000,before_trump
2000-10-19,0.24333994090557098,0.2464439956304726,0.23259359096280335,0.23617540699408035,294888000,before_trump
2000-10-20,0.2660256624221802,0.27223467464192247,0.23593702592702553,0.23760872615846187,387360000,before_trump
2000-10-23,0.26005592942237854,0.26984672838894974,0.25169745771711743,0.26817505591089974,182112000,before_trump
2000-10-24,0.25169748067855835,0.2631599804976143,0.25074288725729704,0.25886201448649654,193968000,before_trump
2000-10-25,0.22972793877124786,0.24835404017690915,0.2280562390851111,0.24477225211144993,385512000,before_trump
2000-10-26,0.23951883614063263,0.2483541146055095,0.21492210586243066,0.23116036253377042,265776000,before_trump
2000-10-27,0.23402592539787292,0.24566819292710965,0.22542905115527462,0.23975720222169172,210960000,before_trump
2000-10-30,0.21754923462867737,0.23539956719541247,0.21730988944603444,0.23020568381431497,192120000,before_trump
2000-10-31,0.23742890357971191,0.2411904327777109,0.21922093235861906,0.22614611968323792,299256000,before_trump
2000-11-01,0.23736929893493652,0.24071267091483145,0.22351892432305792,0.23163805007101204,304536000,before_trump
2000-11-02,0.2555185556411743,0.2617275654182743,0.241668181696567,0.24572775803934044,192888000,before_trump
2000-11-03,0.27223464846611023,0.2770103760949287,0.25026514263424515,0.2521752587817272,268632000,before_trump
2000-11-06,0.29324957728385925,0.3056666720490123,0.2770103916535877,0.27868209181818054,635040000,before_trump
2000-11-07,0.27342861890792847,0.2884729374532692,0.2636377899318228,0.2884729374532692,258240000,before_trump
2000-11-08,0.26530948281288147,0.27653356830796266,0.2612499049056867,0.27653356830796266,187080000,before_trump
2000-11-09,0.2376086711883545,0.26172760783269466,0.2259068132686322,0.2493095862660849,564528000,before_trump
2000-11-10,0.22471289336681366,0.2579064956402677,0.21874322730952744,0.24572781828363816,805248000,before_trump
2000-11-13,0.22566841542720795,0.25026512898668773,0.20632519054136697,0.21348972443601474,530040000,before_trump
2000-11-14,0.2669811248779297,0.2688912407776654,0.2388026110781461,0.24071269964912825,470736000,before_trump
2000-11-15,0.2634589374065399,0.27056293822799093,0.2514590719241189,0.262205394695057,423864000,before_trump
2000-11-16,0.24692168831825256,0.262682179069532,0.24453383869211587,0.25599633676010464,235536000,before_trump
2000-11-17,0.24214603006839752,0.26148834171021407,0.23402597261058003,0.24883187426450273,178776000,before_trump
2000-11-20,0.2235189825296402,0.2333097831527892,0.2208917734309256,0.2331905751130466,298752000,before_trump
2000-11-21,0.21922101080417633,0.2349815067699888,0.20775850894369302,0.23307139040960298,382512000,before_trump
2000-11-22,0.20775848627090454,0.2168322075471405,0.19868383581692564,0.21014635009087906,409752000,before_trump
2000-11-24,0.21969784796237946,0.22781789182899986,0.21014636469016382,0.21014636469016382,165072000,before_trump
2000-11-27,0.21229487657546997,0.23689159086800898,0.2035191756333764,0.23545923608725372,363864000,before_trump
2000-11-28,0.19647476077079773,0.21778769073765525,0.19175862404471244,0.2155190352252074,382344000,before_trump
2000-11-29,0.1843557357788086,0.19963848562184122,0.16954984552109204,0.1994000558291832,636408000,before_trump
2000-11-30,0.15474389493465424,0.16859427181106404,0.13898340207421941,0.16859427181106404,981624000,before_trump
2000-12-01,0.17002756893634796,0.18626582565801,0.16334079549588773,0.16429631822800717,784080000,before_trump
2000-12-04,0.17265379428863525,0.17671335686091316,0.15951959788257267,0.17110223193583085,474264000,before_trump
2000-12-05,0.18387791514396667,0.1915192802052723,0.1676396625310082,0.1848334239699378,997224000,before_trump
2000-12-06,0.15760952234268188,0.18531029020059267,0.15665401341101415,0.18029611951554486,950928000,before_trump
2000-12-07,0.15474389493465424,0.16310235357974648,0.14184902697471022,0.1499681540501384,785184000,before_trump
2000-12-08,0.1900869756937027,0.1910415692578034,0.1548035250444677,0.1707437481475652,853392000,before_trump
2000-12-11,0.1900869756937027,0.19390719464136172,0.1791022218660491,0.18387796355562677,757632000,before_trump
2000-12-12,0.18483345210552216,0.1886536706289069,0.1786244406570204,0.18531029791008466,409512000,before_trump
2000-12-13,0.17050528526306152,0.18722128527083556,0.16716189942599413,0.18411632912929166,675072000,before_trump
2000-12-14,0.15880343317985535,0.17074369217052332,0.15474387028870504,0.1693104221919119,569016000,before_trump
2000-12-15,0.14304296672344208,0.15808728235397632,0.1423258738577843,0.1487742165689581,1094424000,before_trump
2000-12-18,0.14775913953781128,0.1528338172787283,0.14566928180973943,0.14901266883911587,658872000,before_trump
2000-12-19,0.13659459352493286,0.16334075078834992,0.1337289689551045,0.14996813674541842,946200000,before_trump
2000-12-20,0.12178970873355865,0.14853496888202478,0.1151029325234418,0.12966949508625594,1105392000,before_trump
2000-12-21,0.10650599747896194,0.13659463393592935,0.1050727270134311,0.1201179607553639,845256000,before_trump
2000-12-22,0.1339683085680008,0.14614699850955112,0.11510286027774332,0.11510286027774332,949080000,before_trump
2000-12-26,0.12847545742988586,0.13707234413751268,0.11987858438663379,0.13563998972019098,343824000,before_trump
2000-12-27,0.13707235455513,0.14232585611600887,0.12178962477144736,0.12704311266795046,339456000,before_trump
2000-12-28,0.13778851926326752,0.14137123627862755,0.12943097786985402,0.13158042497645137,419232000,before_trump
2000-12-29,0.12519167363643646,0.14208741307066258,0.12226644533866171,0.13755010286363756,495168000,before_trump
2001-01-02,0.1143866777420044,0.12775929961024093,0.11390892330341885,0.12608761341572045,290808000,before_trump
2001-01-03,0.14949043095111847,0.150684369893366,0.10793836052861985,0.1108039929934032,910368000,before_trump
2001-01-04,0.16668415069580078,0.17050529805950376,0.14280361598179703,0.14686317939454072,815448000,before_trump
2001-01-05,0.14172892272472382,0.16596800107103646,0.1385056596365497,0.16525090811334345,432768000,before_trump
2001-01-08,0.15522168576717377,0.16143069804028842,0.1377885741479059,0.1377885741479059,573768000,before_trump
2001-01-09,0.1583256721496582,0.1614306417932751,0.14972878514303056,0.15737107889740354,302904000,before_trump
2001-01-10,0.16931040585041046,0.17002749852707286,0.14662473035447893,0.1502065316855921,392928000,before_trump
2001-01-11,0.1834001988172531,0.1905647199013201,0.16238528511190187,0.16525091044284437,447648000,before_trump
2001-01-12,0.17957903444766998,0.19772832117326544,0.17766891835025114,0.18650422329698785,669000000,before_trump
2001-01-16,0.1654902845621109,0.18053460495820056,0.1626246450672333,0.18053460495820056,414984000,before_trump
2001-01-17,0.1714598834514618,0.18340015708480595,0.17074370616004664,0.17814665531615556,592584000,before_trump
2001-01-18,0.20435549318790436,0.2091908384505471,0.1676396910287372,0.17145990962001734,948168000,before_trump
2001-01-19,0.19892223179340363,0.21778767958012352,0.19581817742617819,0.21014631442045442,1018704000,before_trump
2001-01-22,0.19104155898094177,0.200593957359675,0.18554964011926559,0.1929525906975976,377712000,before_trump
2001-01-23,0.21008674800395966,0.21396658436284935,0.1876990846018809,0.18865367809775688,433632000,before_trump
2001-01-24,0.20919089019298553,0.21205651601801648,0.1970121956506171,0.20990706777084847,451728000,before_trump
2001-01-25,0.1881759613752365,0.20250410328997265,0.18387798065689162,0.20202725738810332,440016000,before_trump
2001-01-26,0.19414649903774261,0.19641515452438543,0.17635576739864933,0.1776689003445611,259248000,before_trump
2001-01-29,0.19510114192962646,0.19534047355000078,0.18149009373893285,0.18817595202409249,354168000,before_trump
2001-01-30,0.19940002262592316,0.2035787947561398,0.19438494949449453,0.19820609749184642,243720000,before_trump
2001-01-31,0.19725053012371063,0.20728068778008196,0.19295255092228428,0.19963840717999826,358344000,before_trump
2001-02-01,0.1982656866312027,0.19963843739304565,0.1886536710939073,0.19725055997537944,371856000,before_trump
2001-02-02,0.17910219728946686,0.20298180430963023,0.17766891337326557,0.19844449300361733,320520000,before_trump
2001-02-05,0.1788627803325653,0.1800567185285095,0.16835579353044625,0.1788627803325653,367584000,before_trump
2001-02-06,0.17981834709644318,0.18340014890701994,0.17510221080104332,0.17551943884883753,250440000,before_trump
2001-02-07,0.1714598834514618,0.18005677115245908,0.16190840242110746,0.1786244165696288,720384000,before_trump
2001-02-08,0.17050524055957794,0.18220616557616154,0.16978814796339445,0.17241535584064843,384288000,before_trump
2001-02-09,0.16931040585041046,0.1702659281868431,0.16310231186024293,0.1690719898550141,259608000,before_trump
2001-02-12,0.164774090051651,0.16931048670822568,0.15665404566204283,0.16740037030056737,354336000,before_trump
2001-02-13,0.16978822648525238,0.17766892458427666,0.16596799415637087,0.16787811032081162,467736000,before_trump
2001-02-14,0.18220621347427368,0.1872212854011783,0.16047512786358148,0.16763966078256223,690888000,before_trump
2001-02-15,0.21563825011253357,0.21922096787748394,0.20584743676188477,0.20728070697052192,1108512000,before_trump
2001-02-16,0.22734011709690094,0.23307136746288018,0.2044151019686053,0.20465351804848897,1081176000,before_trump
2001-02-20,0.2046535164117813,0.22638460627573817,0.2044151003338044,0.2216088649586144,701304000,before_trump
2001-02-21,0.2139665186405182,0.22256339153614432,0.19486264360210237,0.19701209070428183,646512000,before_trump
2001-02-22,0.22304119169712067,0.22925020256913908,0.20632517684647442,0.21277261743082584,815304000,before_trump
2001-02-23,0.20763835310935974,0.22542908740661532,0.20059395588616016,0.221847284774517,1034664000,before_trump
2001-02-26,0.20298177003860474,0.20728067821932158,0.1941464804954787,0.20154941554192962,751824000,before_trump
2001-02-27,0.19080308079719543,0.20584739314118597,0.18960914241151955,0.19796668378250173,533832000,before_trump
2001-02-28,0.17074371874332428,0.2005939336055692,0.16716191650906786,0.18936985010083668,784056000,before_trump
2001-03-01,0.18423552811145782,0.18722127609103123,0.15283375528185061,0.1685942457015186,915288000,before_trump
2001-03-02,0.1665053367614746,0.18316173382170492,0.1642962852868694,0.17098214187339744,1413504000,before_trump
2001-03-05,0.1681165099143982,0.17241541867065144,0.15904278946850883,0.15999738286824833,742296000,before_trump
2001-03-06,0.18435576558113098,0.19032544786811623,0.17372864643151903,0.1767134807428198,834408000,before_trump
2001-03-07,0.19916151463985443,0.1996383602613596,0.18507179712799432,0.18841518222769524,938280000,before_trump
2001-03-08,0.20584744215011597,0.20799688976269282,0.19343033514040583,0.19343033514040583,829344000,before_trump
2001-03-09,0.19128088653087616,0.19605662786250116,0.1733709444400074,0.1951011188565798,1216776000,before_trump
2001-03-12,0.18435576558113098,0.1934304194409177,0.17623663474479992,0.18483352709285883,762144000,before_trump
2001-03-13,0.2063252180814743,0.2091908571178006,0.18578806544444465,0.18674358818249145,1082352000,before_trump
2001-03-14,0.21802611649036407,0.21874320931547633,0.19701212247986563,0.19701212247986563,1351128000,before_trump
2001-03-15,0.22877246141433716,0.2435187576332808,0.22304121131184107,0.23139968406104033,1875984000,before_trump
2001-03-16,0.22781789302825928,0.23402597595169086,0.21850391028748717,0.22519068375685633,1225200000,before_trump
2001-03-19,0.24095110595226288,0.2426227782201909,0.21426545674892214,0.22662295695777895,943896000,before_trump
2001-03-20,0.21850384771823883,0.2531307284675451,0.21587755471231576,0.23808548563752613,1990560000,before_trump
2001-03-21,0.23474302887916565,0.24119045560027355,0.21778768299028828,0.21898162154849954,1877352000,before_trump
2001-03-22,0.2583842873573303,0.2593398100826346,0.23498149599606613,0.23689161226887293,1697760000,before_trump
2001-03-23,0.2559964954853058,0.2679367621830888,0.24310070574210108,0.2631601034628614,1509672000,before_trump
2001-03-26,0.26984676718711853,0.27127912198312326,0.2559963893205235,0.2559963893205235,1542960000,before_trump
2001-03-27,0.2600559592247009,0.2739063366871576,0.24883184787544066,0.26459327058044513,1702152000,before_trump
2001-03-28,0.26023489236831665,0.26698127218895207,0.25217536521566497,0.2528915429260254,1433280000,before_trump
2001-03-29,0.26411548256874084,0.27319013169157275,0.2526529836405832,0.25796607585291625,1632960000,before_trump
2001-03-30,0.24805618822574615,0.26721969517172367,0.2464441187815491,0.2622055218933704,1423176000,before_trump
2001-04-02,0.2376086711883545,0.2533691632667355,0.23450368754351777,0.24739947037684204,1265160000,before_trump
2001-04-03,0.24548858404159546,0.25193694349868334,0.23378763537193611,0.23402605154410297,1991616000,before_trump
2001-04-04,0.2201756089925766,0.23665319728118903,0.2056090388347348,0.23617543591630663,3362472000,before_trump
2001-04-05,0.24047431349754333,0.2442945457719223,0.2282947200588624,0.23474306323699606,1724760000,before_trump
2001-04-06,0.23951883614063263,0.2521752763443371,0.23330979675671482,0.23736937458892926,1547664000,before_trump
2001-04-09,0.2278747409582138,0.25007349484897445,0.22409211290006434,0.24415151695375845,1097160000,before_trump
2001-04-10,0.24938571453094482,0.25676024251171436,0.231198837793253,0.23333821474638752,1186416000,before_trump
2001-04-11,0.2644401490688324,0.2743364392343608,0.2571426599002132,0.2647455206205545,1426872000,before_trump
2001-04-12,0.2684135138988495,0.27987601446363175,0.2545823753040007,0.25954978682715746,1440264000,before_trump
2001-04-16,0.2618798017501831,0.2691782178706313,0.25706556905424155,0.2636376963002157,764112000,before_trump
2001-04-17,0.2747178375720978,0.27681960999916194,0.25790647301717,0.25802108980834776,1112448000,before_trump
2001-04-18,0.29519811272621155,0.32247887399974173,0.28629495236893354,0.28629495236893354,2301864000,before_trump
2001-04-19,0.3205679953098297,0.3256500246363506,0.2955421184052846,0.2968790961192541,1632264000,before_trump
2001-04-20,0.3322596848011017,0.3438368291822072,0.30834155730073326,0.31670918521500746,1773840000,before_trump
2001-04-23,0.314721941947937,0.32534448992169573,0.31139783692924583,0.32503821663507787,1239000000,before_trump
2001-04-24,0.29244717955589294,0.33734171250839984,0.287518301723218,0.3138435460394781,1828320000,before_trump
2001-04-25,0.30589592456817627,0.3163268195268807,0.2921033191047317,0.2932110629759547,1423728000,before_trump
2001-04-26,0.2817869186401367,0.31254402551460686,0.27892128126994653,0.31254402551460686,1486008000,before_trump
2001-04-27,0.301846444606781,0.3031073114500966,0.2869827711514226,0.29267641697298735,915672000,before_trump
2001-04-30,0.31827542185783386,0.336042310811995,0.30348878841803273,0.3100609170091209,1583280000,before_trump
2001-05-01,0.34800174832344055,0.3488426266017383,0.31426345116401583,0.319421588567215,1867368000,before_trump
2001-05-02,0.34001651406288147,0.35705713725765786,0.33546911944131946,0.35705713725765786,1547784000,before_trump
2001-05-03,0.33852657675743103,0.3400543093765017,0.32767478877885325,0.3297380285474122,960504000,before_trump
2001-05-04,0.343187540769577,0.3485749125389207,0.32706393167475856,0.32859163630555455,953520000,before_trump
2001-05-07,0.3585858941078186,0.36106914912413124,0.3378763518304366,0.3418882409820413,975600000,before_trump
2001-05-08,0.33264198899269104,0.3640492813339632,0.3295856236089845,0.36389613102046864,1620144000,before_trump
2001-05-09,0.3170531094074249,0.3290502165440777,0.31483671961925186,0.32205809856669565,1319040000,before_trump
2001-05-10,0.30639293789863586,0.33008180468730847,0.3026103100478659,0.32622306624956343,998904000,before_trump
2001-05-11,0.29855993390083313,0.3075777135823503,0.2924472012234596,0.3056290911313959,921216000,before_trump
2001-05-14,0.30112022161483765,0.3046735889912655,0.28866459261724076,0.2994393388952067,702432000,before_trump
2001-05-15,0.31193336844444275,0.32477140443328173,0.30031772015268676,0.3037564968730236,1242600000,before_trump
2001-05-16,0.3266430199146271,0.32859164203568425,0.30283951151843713,0.3047881336394943,957096000,before_trump
2001-05-17,0.3324127197265625,0.34196510056638646,0.3226695842341077,0.327713077126424,919056000,before_trump
2001-05-18,0.32973796129226685,0.3400542400171922,0.32324284436288603,0.33130512899953396,575832000,before_trump
2001-05-21,0.3446391522884369,0.3515166514561468,0.32240188311650636,0.32901254434592886,1064688000,before_trump
2001-05-22,0.35495540499687195,0.35839415461906043,0.3362339249530718,0.3496826501104325,1049976000,before_trump
2001-05-23,0.35193759202957153,0.3820839954242031,0.34769644266821337,0.3689021074887415,2244912000,before_trump
2001-05-24,0.35713332891464233,0.36618871215689597,0.33909960219280266,0.3496065796293993,1680576000,before_trump
2001-05-25,0.35037046670913696,0.3551471235824664,0.34387535023771937,0.3499504783644316,947952000,before_trump
2001-05-29,0.33600473403930664,0.3484603622472872,0.3312666105547451,0.348384251655192,920568000,before_trump
2001-05-30,0.32973796129226685,0.3447538574545955,0.3262992108268782,0.32809561216791555,3308904000,before_trump
2001-05-31,0.3271014988422394,0.33432287569001906,0.3200332723225881,0.33237425366172957,1262928000,before_trump
2001-06-01,0.34521228075027466,0.3480018086314218,0.3274453933509844,0.32935643844295637,1022472000,before_trump
2001-06-04,0.33986350893974304,0.34727564290655516,0.3353170142246555,0.34544163706490283,621552000,before_trump
2001-06-05,0.3577065169811249,0.3612599118905771,0.33890801832402817,0.33948112978534395,987168000,before_trump
2001-06-06,0.3592350482940674,0.36393466442151967,0.35380914325948715,0.35904429360668955,698976000,before_trump
2001-06-07,0.37952375411987305,0.3805553600025627,0.35342774361512386,0.35606412138075877,1141152000,before_trump
2001-06-08,0.36966589093208313,0.3789505331614762,0.36573014098678386,0.3783774219431804,712680000,before_trump
2001-06-11,0.3588527739048004,0.37062154917350637,0.3531214956489795,0.3702006589390088,581928000,before_trump
2001-06-12,0.37081223726272583,0.37616110361099786,0.3505621200844928,0.3513259861773922,1102728000,before_trump
2001-06-13,0.3583565950393677,0.37917984848055586,0.3551470788384073,0.3735246820822713,938712000,before_trump
2001-06-14,0.3575919270515442,0.363705590130632,0.34865115802092367,0.35373318759753286,946152000,before_trump
2001-06-15,0.36317092180252075,0.36947531170363407,0.34685565145367303,0.353427808555587,1094544000,before_trump
2001-06-18,0.3488042652606964,0.3681373955450385,0.3448309094631159,0.3622539233708178,856656000,before_trump
2001-06-19,0.32973796129226685,0.36366699867861274,0.32266973294970097,0.35537640958601385,1513128000,before_trump
2001-06-20,0.34391388297080994,0.347696511240524,0.3169384842612572,0.32366283486869163,1759200000,before_trump
2001-06-21,0.35040897130966187,0.35648409940830955,0.3333683433018212,0.3425383711826871,1484568000,before_trump
2001-06-22,0.34884268045425415,0.35797417341448146,0.3442576808674906,0.348651023907858,761184000,before_trump
2001-06-25,0.34815502166748047,0.35419161651214026,0.33799096440119086,0.3527400221667301,640032000,before_trump
2001-06-26,0.3582035303115845,0.35992291928173475,0.33909966086383975,0.34043663848758116,757920000,before_trump
2001-06-27,0.347123384475708,0.3572479789012888,0.34104825614924583,0.35648411277629916,895752000,before_trump
2001-06-28,0.35121139883995056,0.3562934280246639,0.347696537491144,0.35178453762894063,909336000,before_trump
2001-06-29,0.35438233613967896,0.35992285880810826,0.34849883758394407,0.35247222007056844,730920000,before_trump
2001-07-02,0.33867862820625305,0.34322602310185363,0.33355902391665215,0.34036041223039043,1040016000,before_trump
2001-07-03,0.3429968059062958,0.3465501723017005,0.33462917912941326,0.3363485402686001,406296000,before_trump
2001-07-05,0.31812310218811035,0.3410095892584567,0.31770218481639845,0.3389078445896557,1020096000,before_trump
2001-07-06,0.3083416521549225,0.31579229327283764,0.30222798886325775,0.31334664212057184,802824000,before_trump
2001-07-09,0.2982545793056488,0.31170423715145906,0.2953504339854863,0.3043297079568903,1014072000,before_trump
2001-07-10,0.30070021748542786,0.30623981152821095,0.2970698105243155,0.30222792242462737,1221744000,before_trump
2001-07-11,0.3001269996166229,0.3049412598056801,0.29084238424710357,0.2995538883693848,904632000,before_trump
2001-07-12,0.31586840748786926,0.31808479765843406,0.3066222664241686,0.3142636350780872,981552000,before_trump
2001-07-13,0.3093346059322357,0.31697690006490714,0.3028009846015805,0.3135381505577859,690144000,before_trump
2001-07-16,0.28446096181869507,0.3094877583430367,0.2829332572554135,0.3058582541240628,1191696000,before_trump
2001-07-17,0.30035635828971863,0.30314495766953903,0.27701040946619526,0.2796853212028591,1169904000,before_trump
2001-07-18,0.2899630069732666,0.3013108897767206,0.28381176886999565,0.293211029474183,840984000,before_trump
2001-07-19,0.29462507367134094,0.30688994663942093,0.28965766210904437,0.2941665517821312,840024000,before_trump
2001-07-20,0.28614282608032227,0.2938226994508169,0.2770104018073404,0.28728907624500444,742464000,before_trump
2001-07-23,0.2590527832508087,0.2869451985444699,0.2587089054684302,0.2865628145397778,1547976000,before_trump
2001-07-24,0.2765904366970062,0.276819670329321,0.2569895400386162,0.2625300360385363,1365312000,before_trump
2001-07-25,0.27391543984413147,0.2766288568450129,0.264707837153605,0.27609332264602343,1245888000,before_trump
2001-07-26,0.3018464744091034,0.30375659071158906,0.2699421702550181,0.27131768136808515,1714152000,before_trump
2001-07-27,0.3094877302646637,0.3128118627076605,0.29229395684433535,0.30127322741722334,1094688000,before_trump
2001-07-30,0.30211320519447327,0.3111309820151742,0.298789072736807,0.3098701154948524,582288000,before_trump
2001-07-31,0.30910536646842957,0.31044327281482537,0.29153010989316047,0.3025341409006295,1187760000,before_trump
2001-08-01,0.3279809355735779,0.32958568003252836,0.31300264651409787,0.31518052961053317,1204944000,before_trump
2001-08-02,0.3357754349708557,0.3369592618957381,0.3209117634437138,0.33214502875738267,1097928000,before_trump
2001-08-03,0.3331390917301178,0.33829720309829414,0.32614694755585955,0.33241283004301264,820344000,before_trump
2001-08-06,0.34322601556777954,0.3466262587256148,0.3272161228802532,0.3307694890280688,1292568000,before_trump
2001-08-07,0.33814409375190735,0.34483086667851015,0.3341322048999903,0.34314908230334834,1088616000,before_trump
2001-08-08,0.3295472264289856,0.3438753667085067,0.32805709852813497,0.3352023664818598,1125696000,before_trump
2001-08-09,0.3237774670124054,0.33447610208381706,0.3178939678975514,0.32801858972421705,1643616000,before_trump
2001-08-10,0.3233959674835205,0.3278278173630171,0.3136904326911792,0.3236252010979772,1036488000,before_trump
2001-08-13,0.3369593024253845,0.34062731344425307,0.3240451806016852,0.32893555223427134,1514784000,before_trump
2001-08-14,0.32801857590675354,0.3329859601679899,0.3238544658119666,0.33084661038069374,2321160000,before_trump
2001-08-15,0.32840099930763245,0.33936650056094786,0.32549685389564853,0.335431650939633,1816392000,before_trump
2001-08-16,0.3422320485115051,0.34272907658931395,0.32106494347638537,0.322364316489389,1026096000,before_trump
2001-08-17,0.320071816444397,0.3379148156197814,0.3173583989604169,0.3335590765692496,1668840000,before_trump
2001-08-20,0.3178554177284241,0.3212941676135223,0.3081122793896017,0.3180461451080273,1183320000,before_trump
2001-08-21,0.3111686110496521,0.3270639149265495,0.3106725122188132,0.3186577548553184,1186656000,before_trump
2001-08-22,0.32396912574768066,0.32431300354790416,0.3066222220034173,0.3166707341518858,1498104000,before_trump
2001-08-23,0.3167852461338043,0.3270253841656844,0.31521900802793595,0.3228603730458861,1013592000,before_trump
2001-08-24,0.32584062218666077,0.33237424345229355,0.3183138740914009,0.32018638548689865,1110936000,before_trump
2001-08-27,0.33711230754852295,0.3414295386432242,0.31732069408720576,0.31854305417433276,1279608000,before_trump
2001-08-28,0.33271828293800354,0.34368471501684245,0.33012043788549045,0.3361955676415741,1178760000,before_trump
2001-08-29,0.3220204710960388,0.33573696620245674,0.319230970075925,0.3336352207144397,1435800000,before_trump
2001-08-30,0.32098883390426636,0.32324282787759073,0.30853230402292786,0.31598294331566906,1431312000,before_trump
2001-08-31,0.32366275787353516,0.3266054086890627,0.3146458817569822,0.3188484974040328,887904000,before_trump
2001-09-04,0.30115872621536255,0.3227843565804678,0.29890383023042505,0.3227843565804678,1856136000,before_trump
2001-09-05,0.3075776696205139,0.30987016950911955,0.2886645318751406,0.3008908973314057,2395584000,before_trump
2001-09-06,0.29500651359558105,0.31101643666453055,0.29363102998355345,0.30150255886746047,1950768000,before_trump
2001-09-07,0.2981013059616089,0.30261022152732975,0.28885519779353136,0.29038383134365986,1970256000,before_trump
2001-09-10,0.2894669473171234,0.3001270761234407,0.2834679295647684,0.2955796800333646,1872360000,before_trump
2001-09-17,0.2597403824329376,0.2780804013598097,0.25844098268131604,0.27143213800824206,1138596000,before_trump
2001-09-18,0.24407535791397095,0.26669408200415934,0.23819095822910874,0.264783966168707,894372000,before_trump
2001-09-19,0.24109506607055664,0.24827790835601113,0.2067836447471093,0.24545080398572872,1561908000,before_trump
2001-09-20,0.22069182991981506,0.236510081224408,0.2139665516962687,0.22818005861151047,1470696000,before_trump
2001-09-21,0.20609596371650696,0.21610687048520766,0.1987599548172851,0.20365032680042502,1226304000,before_trump
2001-09-24,0.22925016283988953,0.23261280143695728,0.2125910083485234,0.2224487750796733,1507500000,before_trump
2001-09-25,0.22030942142009735,0.2398717917197374,0.2196216660931934,0.22993792767487722,941724000,before_trump
2001-09-26,0.21236176788806915,0.2239013052089486,0.21014629445471492,0.22313652380708346,430812000,before_trump
2001-09-27,0.20059388875961304,0.21396651497164498,0.1949387508254696,0.21159789134307921,907296000,before_trump
2001-09-28,0.20991703867912292,0.22015625999750746,0.19753752540563335,0.2063251392385795,1044876000,before_trump
2001-10-01,0.19211170077323914,0.21320272457621162,0.18874906104854397,0.20976397425991283,972804000,before_trump
2001-10-02,0.1824832260608673,0.19944774721390654,0.17316007310034162,0.19180637902139297,1123032000,before_trump
2001-10-03,0.2183993011713028,0.22993792284862546,0.1815661317048014,0.1815661317048014,1798824000,before_trump
2001-10-04,0.24674925208091736,0.2582887877247336,0.2220672678577497,0.2300140025880056,1980576000,before_trump
2001-10-05,0.25141143798828125,0.2574480608989374,0.23375916204733474,0.24300527476792913,1078212000,before_trump
2001-10-08,0.25706568360328674,0.2666180700102185,0.24147664679860734,0.24147664679860734,765900000,before_trump
2001-10-09,0.24590937793254852,0.262873895324686,0.23857338296808026,0.257753360727847,917556000,before_trump
2001-10-10,0.2617277204990387,0.2636378372105325,0.23994896296085924,0.241553708050551,968124000,before_trump
2001-10-11,0.2900775969028473,0.29084239203342455,0.2742593325215729,0.27571185570149725,918000000,before_trump
2001-10-12,0.30895325541496277,0.30948786063749434,0.2817485669975579,0.28274169417201844,1253100000,before_trump
2001-10-15,0.3075776696205139,0.3171291512571079,0.29153014307152036,0.29993537476381155,908568000,before_trump
2001-10-16,0.3385263979434967,0.34097111865086893,0.30085234890097323,0.30719524258388176,1383852000,before_trump
2001-10-17,0.3186577260494232,0.34616774694074925,0.3171290924574822,0.34601459662968753,1695540000,before_trump
2001-10-18,0.3321075141429901,0.3352399913223126,0.3178939898099429,0.31865785599304247,1020864000,before_trump
2001-10-19,0.3389849066734314,0.3438752774717377,0.32324275317138296,0.3273692580314539,1059264000,before_trump
2001-10-22,0.3470088243484497,0.35151681344680014,0.3289741624073151,0.33646333716216764,970824000,before_trump
2001-10-23,0.34089505672454834,0.35770642199795016,0.3331766512686108,0.35144056716868044,953028000,before_trump
2001-10-24,0.3559494614601135,0.35678943806824853,0.3308841561009437,0.3347053172573288,1212144000,before_trump
2001-10-25,0.37681126594543457,0.38315323173066856,0.3423466984099638,0.34769646637824064,1152396000,before_trump
2001-10-26,0.3499119281768799,0.38544570334420225,0.3476964407451834,0.37421243763024115,1097124000,before_trump
2001-10-29,0.3214849531650543,0.35724799670156926,0.32110349833682444,0.35113526369902653,1004796000,before_trump
2001-10-30,0.32095029950141907,0.3357754661940733,0.3083415495452184,0.3156014334696455,1153380000,before_trump
2001-10-31,0.32752254605293274,0.3419653054708314,0.32286050501490543,0.3329475241723923,989292000,before_trump
2001-11-01,0.3554910719394684,0.35816505474458743,0.3266816366745043,0.33172515986613105,1093776000,before_trump
2001-11-02,0.3604574501514435,0.364813189096187,0.3408189522114463,0.3538862237031867,1087248000,before_trump
2001-11-05,0.3617568016052246,0.376734188201774,0.3594643018067808,0.36672421244689235,933456000,before_trump
2001-11-06,0.38659176230430603,0.3882735456677783,0.3591587899579801,0.36106890494858007,1415376000,before_trump
2001-11-07,0.3868981599807739,0.4017994338364957,0.38139617219462224,0.38361163191596953,1419144000,before_trump
2001-11-08,0.3801729679107666,0.39690822322625896,0.3687104680136835,0.3917125075694544,1915188000,before_trump
2001-11-09,0.40653669834136963,0.40684297166850936,0.38964922379634764,0.3969852174227195,2270484000,before_trump
2001-11-12,0.4174644947052002,0.42785687891360435,0.39262936017998185,0.4050088721638565,1458636000,before_trump
2001-11-13,0.41402581334114075,0.41884007334016576,0.4080653035641337,0.41876396277030475,1446516000,before_trump
2001-11-14,0.40248721837997437,0.4210564763324807,0.3912539537848312,0.4170821926735147,1150224000,before_trump
2001-11-15,0.40462660789489746,0.4101286239561817,0.39285873709737285,0.3979022313236512,874944000,before_trump
2001-11-16,0.40111178159713745,0.409287752961598,0.39568587565490804,0.40500902622445845,496128000,before_trump
2001-11-19,0.39232322573661804,0.40882924755530714,0.3706214882284237,0.4050851260492542,1943052000,before_trump
2001-11-20,0.381319135427475,0.40111168166276556,0.37696339734015943,0.3942341832120045,937884000,before_trump
2001-11-21,0.3764288127422333,0.38643971756913936,0.36527168535694804,0.3749001789431074,728412000,before_trump
2001-11-23,0.38170161843299866,0.38208402972458394,0.3713853680773456,0.377880484351619,254016000,before_trump
2001-11-26,0.40898236632347107,0.40951697139960963,0.3870504404001056,0.388120579730002,1215780000,before_trump
2001-11-27,0.4133380949497223,0.4225842318985423,0.4011878407514615,0.40875309542802035,1183992000,before_trump
2001-11-28,0.39247632026672363,0.4148667119034878,0.39155930400234656,0.40806532347361685,740844000,before_trump
2001-11-29,0.4096701443195343,0.42311980069630084,0.408065399717978,0.4209795217757374,5135472000,before_trump
2001-11-30,0.4175407886505127,0.42052104436273957,0.40348041597157414,0.40951703798692535,1034028000,before_trump
2001-12-03,0.4111987352371216,0.4138726896632659,0.40386271432284493,0.4087530852065049,851496000,before_trump
2001-12-04,0.44428694248199463,0.4447454643729519,0.4132620526772766,0.4132620526772766,1384644000,before_trump
2001-12-05,0.4801260530948639,0.4810430421420719,0.4474203108219825,0.4478017655850787,1707036000,before_trump
2001-12-06,0.4725608229637146,0.477604344978139,0.46056371748467817,0.4763819843568376,1138944000,before_trump
2001-12-07,0.4581179916858673,0.47332551300524284,0.44994199428771503,0.46904588509703,807036000,before_trump
2001-12-10,0.4627031981945038,0.47317257449087363,0.4520054627440645,0.45582569604098416,695868000,before_trump
2001-12-11,0.4792860150337219,0.49021297908262074,0.46614176005622937,0.47080377178385047,792252000,before_trump
2001-12-12,0.49418723583221436,0.494416469375075,0.4736308244583041,0.4829539723695855,1004628000,before_trump
2001-12-13,0.47997376322746277,0.4906714935485668,0.47806271831732405,0.484481750044003,881400000,before_trump
2001-12-14,0.5015994906425476,0.503968128653126,0.4776813626789813,0.47989685033637436,754680000,before_trump
2001-12-17,0.5196340680122375,0.5268930215942276,0.4977782271752642,0.4977782271752642,1080960000,before_trump
2001-12-18,0.5062606334686279,0.5154306339305267,0.5019818792893918,0.5082477620526157,886968000,before_trump
2001-12-19,0.4924294352531433,0.508094550196397,0.49051931933778287,0.49793142393279916,854652000,before_trump
2001-12-20,0.4730193316936493,0.5033573660578238,0.471262365986278,0.4944165996406397,951228000,before_trump
2001-12-21,0.49349960684776306,0.49670909589920703,0.47775747844751476,0.48333555074222034,723972000,before_trump
2001-12-24,0.5058021545410156,0.508323888484958,0.4930411543164648,0.4932704426077459,265308000,before_trump
2001-12-26,0.5181816816329956,0.5268170773774146,0.5082477872608058,0.5083238705242589,642156000,before_trump
2001-12-27,0.5301799178123474,0.5325485022015344,0.5219269029318748,0.5226907420189612,730152000,before_trump
2001-12-28,0.517417848110199,0.5368279917142892,0.5122982418865404,0.5333122558508112,757680000,before_trump
2001-12-31,0.511228084564209,0.5242192481969163,0.5100818070277208,0.5212389921910725,737580000,before_trump
2002-01-02,0.5142843127250671,0.5230728576469822,0.5005293132041969,0.5134443361193692,1298904000,before_trump
2002-01-03,0.5479841828346252,0.5502005997931606,0.5150492030140388,0.5153545199021643,1414752000,before_trump
2002-01-04,0.5320138335227966,0.5552442133901938,0.5226906798242354,0.5552442133901938,936288000,before_trump
2002-01-07,0.5177230834960938,0.5349168600121298,0.5105402123195103,0.5341529666691279,973068000,before_trump
2002-01-08,0.5238369107246399,0.5362925410705226,0.5148961419126566,0.5166540372685786,774360000,before_trump
2002-01-09,0.5166539549827576,0.5406481678793564,0.5093179323068188,0.5310967120489688,1141188000,before_trump
2002-01-10,0.5042744278907776,0.5209326733637621,0.4997655651434954,0.513902951164558,992508000,before_trump
2002-01-11,0.481960266828537,0.5077893934803959,0.47997401216507724,0.5076362977370731,1380852000,before_trump
2002-01-14,0.4566664397716522,0.4842526054956576,0.4566664397716522,0.4808908405417174,1369560000,before_trump
2002-01-15,0.4993070960044861,0.499612467597621,0.4751597293287257,0.4756943345824313,1838808000,before_trump
2002-01-16,0.4798206090927124,0.49571501063291706,0.47798663127538077,0.4925055221238358,1115388000,before_trump
2002-01-17,0.49663206934928894,0.4967090817802314,0.4777574648672396,0.4957150803117291,1121544000,before_trump
2002-01-18,0.487539142370224,0.4909779200081396,0.47760437357775637,0.4779106196415765,803676000,before_trump
2002-01-22,0.47531184554100037,0.4934226125060558,0.4698098016424932,0.4921241139673842,1085028000,before_trump
2002-01-23,0.4842524528503418,0.4876911744977071,0.4701159476300208,0.47959131632483604,889164000,before_trump
2002-01-24,0.5015994310379028,0.5066429525085993,0.478750516071043,0.4890667925973516,1137684000,before_trump
2002-01-25,0.5002999901771545,0.5127565436761036,0.4883028876207693,0.4944164929358518,817752000,before_trump
2002-01-28,0.5195567607879639,0.519633827830761,0.5050379311572335,0.5100813952047955,924288000,before_trump
2002-01-29,0.49411049485206604,0.5223082584414004,0.4860105772764208,0.5207805259005629,1381932000,before_trump
2002-01-30,0.5000708103179932,0.5004531942270237,0.4848641630883274,0.49670904577985275,1218456000,before_trump
2002-01-31,0.5023634433746338,0.5104641797684863,0.4856281305882865,0.5065669346140701,973980000,before_trump
2002-02-01,0.4900608956813812,0.5068722912402169,0.4871567777524476,0.5015234518251007,688272000,before_trump
2002-02-04,0.46698272228240967,0.5009117580186124,0.4662188834945854,0.4889907351220381,1104864000,before_trump
2002-02-05,0.46239763498306274,0.46789962349456127,0.4442107598423725,0.46384928368096456,1474620000,before_trump
2002-02-06,0.47393620014190674,0.4821130710971693,0.4653778198534285,0.47462395543414926,1242528000,before_trump
2002-02-07,0.4585765302181244,0.4745478907390561,0.45636104286885454,0.4745478907390561,964476000,before_trump
2002-02-08,0.4410775303840637,0.46423182410669706,0.4235784047397051,0.4616339519777227,1871292000,before_trump
2002-02-11,0.46545401215553284,0.46614176752816866,0.43878486692141316,0.4403896112383954,1249224000,before_trump
2002-02-12,0.47531184554100037,0.48410039104458313,0.45315158541677636,0.45842434104783697,1216500000,before_trump
2002-02-13,0.4691990911960602,0.48952534484169,0.46461409126781017,0.48142542972633023,1230432000,before_trump
2002-02-14,0.47500643134117126,0.48486418623036726,0.46721194272855343,0.47317239865393235,1225692000,before_trump
2002-02-15,0.4382503926753998,0.45582565606684045,0.43366539164180684,0.45315167336333867,3988548000,before_trump
2002-02-19,0.40921154618263245,0.423883559481355,0.40584890747737923,0.41952782133273026,1972524000,before_trump
2002-02-20,0.4306078851222992,0.4351928836224658,0.4011877513670311,0.40195161716751127,1838736000,before_trump
2002-02-21,0.401187926530838,0.42487682250377445,0.4006533213534494,0.4247246013179011,1531044000,before_trump
2002-02-22,0.3814724087715149,0.39774917128602816,0.37635277582599297,0.39316417084010985,2585616000,before_trump
2002-02-25,0.41135114431381226,0.4143314007556834,0.38315335228371444,0.3832303920712436,1599564000,before_trump
2002-02-26,0.4202917218208313,0.4275516326357485,0.4092116064778497,0.4203687615782094,1902672000,before_trump
2002-02-27,0.4061553478240967,0.4316782517761023,0.40500909759473147,0.4298442459433658,1723224000,before_trump
2002-02-28,0.3898014426231384,0.41074024060080994,0.386362665740452,0.40348033026414526,1585440000,before_trump
2002-03-01,0.42747560143470764,0.42793409602482413,0.39240031436627104,0.39354656450594183,1311396000,before_trump
2002-03-04,0.4513176381587982,0.4562080104595734,0.42464758318573614,0.4287740893135934,1484724000,before_trump
2002-03-05,0.45017126202583313,0.4622444762886122,0.4439815182301956,0.4443629729566297,1379448000,before_trump
2002-03-06,0.4360339045524597,0.4411535370010872,0.42663464361908476,0.4367216600183479,1446060000,before_trump
2002-03-07,0.4325191080570221,0.4436753363473107,0.42044496138434395,0.4422237419445775,1346532000,before_trump
2002-03-08,0.4454333186149597,0.45460334909797556,0.4386319268600547,0.4407722064270513,1270356000,before_trump
2002-03-11,0.44023650884628296,0.4454331535896801,0.4329005145064944,0.44054280953196234,810540000,before_trump
2002-03-12,0.41715922951698303,0.4290802220557351,0.41417897455010727,0.42678772243948465,1255032000,before_trump
2002-03-13,0.40959399938583374,0.41624226550445337,0.408065365500254,0.413262010163607,1031616000,before_trump
2002-03-14,0.3868982195854187,0.4065367165317058,0.3860573411679633,0.4065367165317058,1139460000,before_trump
2002-03-15,0.4032510817050934,0.4037096035226541,0.3822361998382204,0.3896492334000642,1248288000,before_trump
2002-03-18,0.4032510817050934,0.41945175777510874,0.3986660821595101,0.4105871028410291,1236996000,before_trump
2002-03-19,0.3946927487850189,0.4069191142849996,0.39232320912938795,0.4061552482690312,846072000,before_trump
2002-03-20,0.3554910719394684,0.3889616190169185,0.3541916712502661,0.38819682358739976,2292588000,before_trump
2002-03-21,0.3743656575679779,0.37864528658720015,0.3519752325573154,0.36152764503060286,1721712000,before_trump
2002-03-22,0.3711561858654022,0.3810900816941027,0.3683290800494169,0.3810900816941027,1249140000,before_trump
2002-03-25,0.35197514295578003,0.3698566734349787,0.3515166484808972,0.36939817896009586,884160000,before_trump
2002-03-26,0.3591589629650116,0.36809970137984327,0.34632095297210863,0.34830717946185064,1123512000,before_trump
2002-03-27,0.3476964235305786,0.36083980452797143,0.34158279025549887,0.35365693380441,1068012000,before_trump
2002-03-28,0.33898496627807617,0.35228147213015354,0.31995721025947893,0.3500650826503599,3124080000,before_trump
2002-04-01,0.33340591192245483,0.3360046851653116,0.3099462805778466,0.32018641951178406,2365344000,before_trump
2002-04-02,0.32469436526298523,0.34150665754640047,0.3227842495471833,0.3233958943212034,1438008000,before_trump
2002-04-03,0.330808162689209,0.33501078009391005,0.31942176960440166,0.3261470506025033,1094640000,before_trump
2002-04-04,0.32920342683792114,0.34043669716917047,0.3237775464538325,0.32828643744828523,1130964000,before_trump
2002-04-05,0.3217141330242157,0.3366924212201951,0.3183523958093017,0.3313426538803418,1026900000,before_trump
2002-04-08,0.33248892426490784,0.33248892426490784,0.30673679292214334,0.3068129035034809,1151316000,before_trump
2002-04-09,0.3114749789237976,0.33852651604547285,0.31071021090217327,0.33577552107117437,1380768000,before_trump
2002-04-10,0.29428112506866455,0.3163652425300111,0.27204385728853786,0.3139966323802973,3689724000,before_trump
2002-04-11,0.28136610984802246,0.2956566432019907,0.2781566209912167,0.29191162008396243,1437288000,before_trump
2002-04-12,0.28029701113700867,0.2899255088648167,0.27150846299399456,0.2876330081044451,1376880000,before_trump
2002-04-15,0.29160624742507935,0.29642050801984277,0.2850341194008794,0.28572187481852473,1157208000,before_trump
2002-04-16,0.30429115891456604,0.3078069487135974,0.29833064792078506,0.3046735428682073,854856000,before_trump
2002-04-17,0.307883083820343,0.312391973641962,0.2982545610898707,0.307883083820343,944484000,before_trump
2002-04-18,0.3027634620666504,0.30803621820171473,0.29611522215423824,0.30474968895373505,693156000,before_trump
2002-04-19,0.2821308970451355,0.2961151853420448,0.28174851309448734,0.29252328498573144,1125672000,before_trump
2002-04-22,0.2835063934326172,0.28923764315354933,0.2789213936558715,0.2789975042367684,808176000,before_trump
2002-04-23,0.2720438241958618,0.28900833541470045,0.2695220640341265,0.28572180758711846,773508000,before_trump
2002-04-24,0.2482018768787384,0.27922679379177867,0.2475141487047036,0.27517639869248606,1582956000,before_trump
2002-04-25,0.257830411195755,0.2627968937938533,0.24713174884588893,0.24720785943811427,1168296000,before_trump
2002-04-26,0.23207731544971466,0.26096285267701363,0.23207731544971466,0.2606574811718287,1191120000,before_trump
2002-04-29,0.2707444131374359,0.2746416563221547,0.25079964818086714,0.25951115063001556,3930852000,before_trump
2002-04-30,0.26600635051727295,0.2808315169255751,0.2601989900642305,0.2771635060771683,1776504000,before_trump
2002-05-01,0.27082058787345886,0.2745656108291604,0.2548501020526184,0.26165058887576537,1718904000,before_trump
2002-05-02,0.25989365577697754,0.27884440109399933,0.2598166433341517,0.27212005063017214,1125084000,before_trump
2002-05-03,0.25026509165763855,0.2621861116986205,0.24896569150934103,0.2601989561896892,852756000,before_trump
2002-05-06,0.2407127469778061,0.25523164206674703,0.23872561825989522,0.24376911338809598,1102044000,before_trump
2002-05-07,0.24674934148788452,0.25118212034278253,0.23467612571878002,0.2460615860183936,1412448000,before_trump
2002-05-08,0.2751002907752991,0.2793799195312439,0.25523162823387424,0.2635616521284453,1688688000,before_trump
2002-05-09,0.263332337141037,0.27991443819009587,0.26287381539056875,0.2742593001626556,1230840000,before_trump
2002-05-10,0.24361693859100342,0.269751490371367,0.2407127928148324,0.268757461234225,1321548000,before_trump
2002-05-13,0.25836503505706787,0.2592059410147618,0.2440754274734773,0.24613866689785227,800892000,before_trump
2002-05-14,0.28404101729393005,0.286945162225565,0.27013286670524617,0.27487101713451534,1526112000,before_trump
2002-05-15,0.28961920738220215,0.29496897653839016,0.2757880662193001,0.27968533899794545,1504548000,before_trump
2002-05-16,0.29015466570854187,0.2961151764772258,0.28381177100065724,0.28969614385806236,985560000,before_trump
2002-05-17,0.2993246912956238,0.3001646679801422,0.2906131853158644,0.2980252908720554,934404000,before_trump
2002-05-20,0.3025342524051666,0.3045204521208625,0.29542749000846386,0.2968029738947938,953412000,before_trump
2002-05-21,0.2794559895992279,0.3106340253205775,0.2791506454367434,0.30643140961245335,1382604000,before_trump
2002-05-22,0.2907654941082001,0.29244727901073575,0.28121400856584594,0.28167250326530224,1547988000,before_trump
2002-05-23,0.27303704619407654,0.29221795476782514,0.26440165006986016,0.29160630979863045,2556780000,before_trump
2002-05-24,0.26768818497657776,0.2692159173291795,0.261498439421759,0.2678404061708819,737784000,before_trump
2002-05-28,0.25706562399864197,0.27020990862875904,0.251716757812546,0.2700567582779731,1367088000,before_trump
2002-05-29,0.2667710781097412,0.267840288052211,0.2490417713799149,0.2529390421667922,1311012000,before_trump
2002-05-30,0.26287391781806946,0.26921591176487264,0.2562256777908145,0.2613452836479758,1066080000,before_trump
2002-05-31,0.2556900680065155,0.26554782198653365,0.2552315735413696,0.2644015721592932,674112000,before_trump
2002-06-03,0.24063660204410553,0.25064660575817455,0.23757933422106012,0.24950035578676133,901248000,before_trump
2002-06-04,0.25278690457344055,0.25408537581319013,0.23872560311571475,0.23910798708613498,1095432000,before_trump
2002-06-05,0.2491188943386078,0.25339762122140913,0.2403303486014855,0.25332151063239755,1114308000,before_trump
2002-06-06,0.2491948902606964,0.2525575283235572,0.24644389683296522,0.24652000738695456,739356000,before_trump
2002-06-07,0.24682627618312836,0.24988264094908752,0.22886773850190711,0.22894476456745658,1371300000,before_trump
2002-06-10,0.2447630614042282,0.25706556274889364,0.2441514439820413,0.2501119263158765,749148000,before_trump
2002-06-11,0.23375913500785828,0.2498827747809614,0.23314749005616126,0.2488126352421315,859308000,before_trump
2002-06-12,0.21358510851860046,0.2323066060019845,0.20380346273967237,0.22818010015749404,2267544000,before_trump
2002-06-13,0.21136869490146637,0.21916319746476795,0.20464433173028035,0.21518984243235884,1265892000,before_trump
2002-06-14,0.21534202992916107,0.21694677417759328,0.19669664806955645,0.2035741605089992,1116444000,before_trump
2002-06-17,0.21725307404994965,0.22298432336941487,0.2135080374652185,0.2201562894086734,1054140000,before_trump
2002-06-18,0.2161068320274353,0.2223727002940043,0.21205643748026784,0.2145781845394582,1008300000,before_trump
2002-06-19,0.18225397169589996,0.2055613886087533,0.18064921310933088,0.2055613886087533,2593620000,before_trump
2002-06-20,0.18057307600975037,0.1876028115112222,0.17820354968670543,0.18263632893865353,1425048000,before_trump
2002-06-21,0.17316003143787384,0.18660968778496376,0.1694920340249968,0.17965606325967176,1484364000,before_trump
2002-06-24,0.17636948823928833,0.1817953791861912,0.16353148015030444,0.16872812388084152,1379592000,before_trump
2002-06-25,0.16177456080913544,0.17957905646274452,0.16070442123617912,0.17957905646274452,1172232000,before_trump
2002-06-26,0.15336844325065613,0.15879433682147137,0.13946027559298213,0.14343456093149226,2067828000,before_trump
2002-06-27,0.13051949441432953,0.1602459130072692,0.12838013096379677,0.15902355234664353,3182808000,before_trump
2002-06-28,0.13128423690795898,0.1367092122638817,0.12555297459482798,0.12838009271151432,1991184000,before_trump
2002-07-01,0.13097800314426422,0.1344937935055033,0.12822700814136168,0.13067264524051675,1164372000,before_trump
2002-07-02,0.12272501736879349,0.1299087927126182,0.11936329254071995,0.1294502980520763,1368180000,before_trump
2002-07-03,0.13334757089614868,0.13357681824975212,0.12188505290776344,0.12196116352107758,1073304000,before_trump
2002-07-05,0.14511536061763763,0.14519147118572356,0.13877246711297853,0.14289897168322532,739524000,before_trump
2002-07-08,0.14947110414505005,0.15466774761127833,0.14328134763174386,0.14343448427257,1587180000,before_trump
2002-07-09,0.14213508367538452,0.1517635882858301,0.13892558213856931,0.1498534729473041,1075080000,before_trump
2002-07-10,0.1382378488779068,0.1467201052622912,0.13724473577284207,0.14557385550745885,926988000,before_trump
2002-07-11,0.15229827165603638,0.15283380602886817,0.13625075570570142,0.13747404564225463,1143948000,before_trump
2002-07-12,0.15214602649211884,0.16108679275421817,0.14901263439121246,0.16047514788231593,1344900000,before_trump
2002-07-15,0.16727657616138458,0.16735268675634937,0.14565001705754063,0.1525275316582406,1495272000,before_trump
2002-07-16,0.16276764869689941,0.17843277825656026,0.16009276477373247,0.1631500463071378,1773432000,before_trump
2002-07-17,0.14893653988838196,0.16238528143647293,0.14259364441827677,0.15925280451065604,1922364000,before_trump
2002-07-18,0.14511536061763763,0.15512625059341892,0.144732963086599,0.1464908575862616,1243188000,before_trump
2002-07-19,0.1385432630777359,0.14626167038237928,0.1375501632326659,0.1406835559866334,845772000,before_trump
2002-07-22,0.1321241855621338,0.14182973019769876,0.12646996359732784,0.13793247333436806,1290744000,before_trump
2002-07-23,0.12226642668247223,0.1337289357828152,0.1177584545753331,0.13288895948231214,1409652000,before_trump
2002-07-24,0.13006098568439484,0.13204811407542372,0.12050950403006314,0.12058561461110912,1175100000,before_trump
2002-07-25,0.11508359760046005,0.12539986070468523,0.11088098861048827,0.12501747677580197,1796448000,before_trump
2002-07-26,0.11240870505571365,0.12119723545883118,0.10927622883440972,0.11844624128785948,1221900000,before_trump
2002-07-29,0.11554211378097534,0.11768147713054326,0.11179799904089913,0.11707074775355007,1227720000,before_trump
2002-07-30,0.12394823133945465,0.12975559059706207,0.11462508312291697,0.1150074669851873,1818012000,before_trump
2002-07-31,0.08459332585334778,0.09215858796942052,0.0836002193919323,0.09032458254775848,4837140000,before_trump
2002-08-01,0.07649344950914383,0.08528107113247729,0.07641642342226257,0.08528107113247729,1725708000,before_trump
2002-08-02,0.07144994288682938,0.07947369789787771,0.06953891175690373,0.07893817055506923,1795260000,before_trump
2002-08-05,0.06571869552135468,0.07053294912618041,0.06487780345945277,0.07037981245938806,1330716000,before_trump
2002-08-06,0.0691574439406395,0.07175530831160988,0.06770492075057138,0.06877506003705657,1168800000,before_trump
2002-08-07,0.06755270808935165,0.07290157470855956,0.06495392761573848,0.07221382600185502,892980000,before_trump
2002-08-08,0.07198455184698105,0.0732069121054191,0.06648254375002852,0.06824043816211423,755424000,before_trump
2002-08-09,0.07030370831489563,0.0725962082891731,0.0688511781339615,0.07007445421815457,581304000,before_trump
2002-08-12,0.07030370831489563,0.07297767672122317,0.06770492814682276,0.06953892675980697,592800000,before_trump
2002-08-13,0.06885116547346115,0.07420094599337561,0.0687750549037076,0.07076218983209644,654420000,before_trump
2002-08-14,0.0735132023692131,0.07412392482620492,0.06953891858449533,0.07015055655468493,632688000,before_trump
2002-08-15,0.07863281667232513,0.08016145731583658,0.0754994248075864,0.0762642063020527,1140120000,before_trump
2002-08-16,0.08168917149305344,0.08444017224169885,0.07213769153732162,0.0744301910224949,1657428000,before_trump
2002-08-19,0.09666747599840164,0.10278020787134562,0.08505182608430849,0.08520496959331271,2243928000,before_trump
2002-08-20,0.09238781034946442,0.0993414257263688,0.09116545012344868,0.09743131706854624,1429488000,before_trump
2002-08-21,0.09727821499109268,0.09850149808285509,0.09208249176884269,0.0965904662666456,1194876000,before_trump
2002-08-22,0.09399257600307465,0.09819519148042473,0.0933809380375089,0.09437496673277261,1358496000,before_trump
2002-08-23,0.08780281990766525,0.09192932486997245,0.08726821485403663,0.0913176868956345,919932000,before_trump
2002-08-26,0.0884905755519867,0.09009532672740078,0.08436407057743958,0.08948368875124862,698568000,before_trump
2002-08-27,0.08344707638025284,0.09047772660020842,0.08291246443886496,0.09001922524204924,686712000,before_trump
2002-08-28,0.0782504603266716,0.0831417490638683,0.07794510236832962,0.08298860549568834,700356000,before_trump
2002-08-29,0.079244464635849,0.08283544276409227,0.07664568434681715,0.07725732924957125,815520000,before_trump
2002-08-30,0.07718120515346527,0.081766204512927,0.07565256458518611,0.07847967614127077,1065888000,before_trump
2002-09-03,0.07244306057691574,0.07389466819130831,0.07122069335997835,0.07351319981734733,847284000,before_trump
2002-09-04,0.07198455184698105,0.07458240900551691,0.06885116053479755,0.07267230029702995,930552000,before_trump
2002-09-05,0.06923358887434006,0.07160220718126616,0.06877509416778743,0.07129684238259283,714312000,before_trump
2002-09-06,0.07076217979192734,0.07274840575754886,0.06969204073715488,0.0721376834277117,746460000,before_trump
2002-09-09,0.07068516314029694,0.07290155210417829,0.06808729898560932,0.07022666186726358,578040000,before_trump
2002-09-10,0.08077218383550644,0.08444018778634106,0.07022667333088048,0.07030370625786976,2317632000,before_trump
2002-09-11,0.08474647253751755,0.09093622398691631,0.0832939423208174,0.0832939423208174,1657536000,before_trump
2002-09-12,0.08207160979509354,0.08719122356608251,0.08115460673623671,0.08268324806148135,1294932000,before_trump
2002-09-13,0.08077218383550644,0.0851279363920636,0.08023757190610653,0.08123068518338435,796872000,before_trump
2002-09-16,0.07565255463123322,0.07985516270932483,0.07374243909905076,0.07954980494043422,925464000,before_trump
2002-09-17,0.07450635731220245,0.08092536613711881,0.07404786253801628,0.07901525591936387,884052000,before_trump
2002-09-18,0.07244306057691574,0.0748116707742559,0.07022666469170576,0.07336005632767552,811692000,before_trump
2002-09-19,0.06999743729829788,0.07336007711683287,0.06961596198404464,0.07083832271519312,618492000,before_trump
2002-09-20,0.07037980854511261,0.07198455965747062,0.06885116800530695,0.07053294520338804,687312000,before_trump
2002-09-23,0.06732345372438431,0.069921318411635,0.06686495235735802,0.0692335629450011,521676000,before_trump
2002-09-24,0.06785806268453598,0.07106756528003762,0.06533630869315937,0.0665586692254425,624444000,before_trump
2002-09-25,0.07160214334726334,0.07297763990503572,0.0690042800030812,0.0718313904961636,896616000,before_trump
2002-09-26,0.0677819475531578,0.07374245099723448,0.06671180825540088,0.07297766951763697,739560000,before_trump
2002-09-27,0.06541239470243454,0.06938667733593812,0.06533628414968015,0.0676287831903821,650688000,before_trump
2002-09-30,0.06541239470243454,0.06824042781558715,0.06380764400750596,0.06518314753123877,584124000,before_trump
2002-10-01,0.06892819702625275,0.06953891949120772,0.06357841608179834,0.065947941905454,888360000,before_trump
2002-10-02,0.06885117292404175,0.07297767119905421,0.06885117292404175,0.06946281091985608,749100000,before_trump
2002-10-03,0.06548944115638733,0.06915744486275022,0.06533630449027122,0.0680111949855471,590568000,before_trump
2002-10-04,0.06220291554927826,0.06739956011361734,0.061133691712381207,0.06533630750652626,529788000,before_trump
2002-10-07,0.05914654582738876,0.06258530222564206,0.05868805135099719,0.061362941795288437,493068000,before_trump
2002-10-08,0.05738866329193115,0.06128591452593243,0.055020049371724083,0.061133693361899395,714252000,before_trump
2002-10-09,0.05631944537162781,0.06021670384923751,0.055325416469676654,0.05654869607125748,573132000,before_trump
2002-10-10,0.05922267585992813,0.061056674653038635,0.05578391872858534,0.05578391872858534,538032000,before_trump
2002-10-11,0.0673234835267067,0.06839270790347778,0.06113372258009211,0.061515198017969994,994140000,before_trump
2002-10-14,0.06533631682395935,0.06732345913446845,0.06396081944453505,0.06533631682395935,611484000,before_trump
2002-10-15,0.07213771343231201,0.07519407972395573,0.07114368452304266,0.07259621483494692,852768000,before_trump
2002-10-16,0.06610018014907837,0.06785807528131006,0.0649539299853573,0.06724643714498933,578124000,before_trump
2002-10-17,0.07114368677139282,0.07450632655852814,0.07007446275110922,0.07183143548098533,585792000,before_trump
2002-10-18,0.07183142751455307,0.07259620907795131,0.06808731283196602,0.07076220361285127,498372000,before_trump
2002-10-21,0.07832745462656021,0.08092531210319447,0.06923355285981331,0.07083830399454821,930624000,before_trump
2002-10-22,0.0809253454208374,0.08558646408365293,0.07465948179478794,0.07473559239973696,1272168000,before_trump
2002-10-23,0.08421093970537186,0.08535718964776821,0.0810014371337866,0.08214768707618296,925428000,before_trump
2002-10-24,0.07993219047784805,0.08680969500201016,0.07870890795826281,0.08589269257687211,1055172000,before_trump
2002-10-25,0.08482257276773453,0.0852049635080111,0.07916742713475076,0.08023756643384493,745956000,before_trump
2002-10-28,0.08528110384941101,0.08940760347474803,0.08474649176988011,0.08871985467589029,1070544000,before_trump
2002-10-29,0.08153695613145828,0.08604492934038223,0.07725731464123421,0.08543420689864485,772728000,before_trump
2002-10-30,0.08589273691177368,0.08864373877497454,0.0838294838063255,0.08413484854538311,1139496000,before_trump
2002-10-31,0.09093622863292694,0.09154695120795837,0.08627420223433643,0.08650344951624589,1255476000,before_trump
2002-11-01,0.1077476218342781,0.10904701558235932,0.08940759804384793,0.08956074158606292,2128836000,before_trump
2002-11-04,0.11951548606157303,0.12616373908540104,0.1139373656677862,0.11424272353287715,2688132000,before_trump
2002-11-05,0.11477824300527573,0.1211972483036834,0.10965771567441147,0.11921010620721555,2034540000,before_trump
2002-11-06,0.12364193797111511,0.12379508827508082,0.11401343930389991,0.11867547092706837,1646016000,before_trump
2002-11-07,0.11118634790182114,0.1204324575373173,0.1104985925066676,0.1204324575373173,1660560000,before_trump
2002-11-08,0.08680972456932068,0.09957070946681694,0.0841348337740888,0.09399258928921186,3798900000,before_trump
2002-11-11,0.0800844356417656,0.08390557628858011,0.07809820907699214,0.08268321574716941,1378452000,before_trump
2002-11-12,0.08719118684530258,0.09017144211534985,0.08130770923025706,0.08199546465084549,1381188000,before_trump
2002-11-13,0.08994221687316895,0.09246397161554647,0.08344709916651685,0.08512796154618858,1802112000,before_trump
2002-11-14,0.0959027111530304,0.09773670990676911,0.09299948159495784,0.0959027111530304,1138728000,before_trump
2002-11-15,0.10293331742286682,0.10629595582683743,0.09972381565535675,0.10087006531058365,2054328000,before_trump
2002-11-18,0.10675449669361115,0.11156875113242251,0.10644822330696992,0.1111863671558111,1982472000,before_trump
2002-11-19,0.10828224569559097,0.11370813941035082,0.10499663142953647,0.10614288176046563,1971948000,before_trump
2002-11-20,0.11370807886123657,0.11462508137055595,0.11011618622219421,0.11156871606531368,1292796000,before_trump
2002-11-21,0.12333661317825317,0.12899176618455033,0.11806385778101129,0.1182931050451571,2053920000,before_trump
2002-11-22,0.12012708932161331,0.12257273920583156,0.11462508762963584,0.11584744798298609,1251900000,before_trump
2002-11-25,0.12448287010192871,0.12753923628293043,0.12081487267801176,0.12570523073878273,1230084000,before_trump
2002-11-26,0.12112025171518326,0.1275392585773944,0.12073878319586422,0.12509453687633745,1084332000,before_trump
2002-11-27,0.13051941990852356,0.13265969765067115,0.12463593806755727,0.12624069544992841,1088556000,before_trump
2002-11-29,0.13090185821056366,0.1358692553678529,0.12990874498439842,0.13395822397989574,519396000,before_trump
2002-12-02,0.1299087554216385,0.13961338775663737,0.12929712421196524,0.13785549289588706,1167504000,before_trump
2002-12-03,0.12134946137666702,0.12776846624701993,0.12112021413080655,0.12746310842361622,1046220000,before_trump
2002-12-04,0.10683058947324753,0.11462509828850886,0.1064482055603855,0.11279109983137058,2206548000,before_trump
2002-12-05,0.1078236922621727,0.11447195054441367,0.10522582807953078,0.11370808464145238,1594872000,before_trump
2002-12-06,0.10797684639692307,0.11004009906572787,0.10148173054826366,0.10316259244710808,1159224000,before_trump
2002-12-09,0.09934142976999283,0.10614282429919247,0.09850146017944483,0.1044619627728249,969792000,before_trump
2002-12-10,0.10767149180173874,0.1096577184349157,0.10056473770879426,0.10186320887683643,1389888000,before_trump
2002-12-11,0.10705986618995667,0.11004011516704923,0.10331575107445994,0.10690672265759352,1364208000,before_trump
2002-12-12,0.10530196130275726,0.11233261180553213,0.10507271403055023,0.11103321826201303,1302552000,before_trump
2002-12-13,0.101175457239151,0.1033918465867388,0.10041159121216703,0.1033918465867388,707724000,before_trump
2002-12-16,0.10713595896959305,0.10774759698735684,0.10201634044748059,0.10469123109288736,1056972000,before_trump
2002-12-17,0.1069837436079979,0.11271499362639045,0.10614285145702668,0.10904699634749479,1077744000,before_trump
2002-12-18,0.09880685061216354,0.10377424861301393,0.09857760332718692,0.10362110508637773,1126836000,before_trump
2002-12-19,0.09666747599840164,0.1021694853584579,0.09567344720464559,0.09704895125270682,1100604000,before_trump
2002-12-20,0.09796594828367233,0.10079397547904144,0.09315168781007757,0.09972383616543046,804576000,before_trump
2002-12-23,0.09865371882915497,0.10102324522956187,0.0974313580885083,0.09773671597921692,498648000,before_trump
2002-12-24,0.09666747599840164,0.10117545656470185,0.09613194855399933,0.0991892300037529,300336000,before_trump
2002-12-26,0.09490957856178284,0.09972383200220611,0.09406868652859665,0.09827221751696123,719760000,before_trump
2002-12-27,0.09131772071123123,0.09773672777085135,0.09047775069989478,0.09750748044680375,702528000,before_trump
2002-12-30,0.08810816705226898,0.09269317241429713,0.08604491498096566,0.09170005941525573,784740000,before_trump
2002-12-31,0.08795596659183502,0.09017144030392744,0.08551032328685186,0.08719118509374947,825396000,before_trump
2003-01-02,0.09406869113445282,0.09513883045578501,0.08856668888520138,0.09170008075804996,1302540000,before_trump
2003-01-03,0.09406869113445282,0.09743133708646338,0.09246393990907212,0.09437497130476286,1037496000,before_trump
2003-01-06,0.1017109751701355,0.10323869341677903,0.09628507686337198,0.09636119427071282,1033428000,before_trump
2003-01-07,0.10140470415353775,0.10606673692511832,0.10025845419251463,0.10369720407558398,1498272000,before_trump
2003-01-08,0.09131768345832825,0.10171097156140173,0.09062993493456074,0.09880682714388186,1852524000,before_trump
2003-01-09,0.09292241930961609,0.09513880800722335,0.09200541687371687,0.09414569501137005,1436076000,before_trump
2003-01-10,0.09452720731496811,0.09590271150952731,0.09047773449892155,0.09170009516816598,924492000,before_trump
2003-01-13,0.09376334398984909,0.09895998900614725,0.093304842611487,0.09811909683600539,849120000,before_trump
2003-01-14,0.09445110708475113,0.09536810998170332,0.09162399462786355,0.0940687162344962,868524000,before_trump
2003-01-15,0.09154694527387619,0.09529198230207515,0.09154694527387619,0.09452720073865495,904584000,before_trump
2003-01-16,0.0853571817278862,0.09131768497461404,0.08413482131812872,0.09017143513857268,2039976000,before_trump
2003-01-17,0.08214768022298813,0.08421093268004956,0.08107845646383981,0.08306467600109142,1058832000,before_trump
2003-01-21,0.08008445799350739,0.08543424086127782,0.07985520383830942,0.08367635238380326,967356000,before_trump
2003-01-22,0.08016147464513779,0.08222472763734791,0.07962594711346982,0.07985519440940883,550992000,before_trump
2003-01-23,0.08237694203853607,0.08367633560951117,0.0801614680405231,0.08230083145063752,918456000,before_trump
2003-01-24,0.07771579176187515,0.08207154968515316,0.07634029501320744,0.08168915904745022,897108000,before_trump
2003-01-27,0.0765695571899414,0.08000831339945796,0.07465944831764901,0.07603494533570548,889116000,before_trump
2003-01-28,0.07932055741548538,0.08077217182478791,0.07305469664980871,0.07557644343987371,1785480000,before_trump
2003-01-29,0.08092533051967621,0.0815369754517061,0.07718122235648309,0.07718122235648309,1022040000,before_trump
2003-01-30,0.07763970643281937,0.08321782629241894,0.07679882116046251,0.08253007769462035,743064000,before_trump
2003-01-31,0.07886210083961487,0.08100146477975106,0.07465948356609722,0.07534723239982741,949656000,before_trump
2003-02-03,0.08039070665836334,0.08191842486645148,0.07870892261307769,0.08031367373976459,755556000,before_trump
2003-02-04,0.07679881155490875,0.08023756094599131,0.07565256175788122,0.07985517023186837,627720000,before_trump
2003-02-05,0.0774865671992302,0.08061995908108156,0.07718120937346636,0.07847968043226776,581508000,before_trump
2003-02-06,0.07809822261333466,0.08298858797207001,0.07679883575151139,0.08283545126841724,1226184000,before_trump
2003-02-07,0.07458244264125824,0.08000834262092907,0.07443022144402005,0.07962595176867483,915156000,before_trump
2003-02-10,0.07549944519996643,0.07603497276050994,0.07129682839477239,0.07450633170411294,982632000,before_trump
2003-02-11,0.07412393391132355,0.07832746544885476,0.07374245864517646,0.07611106921505081,850716000,before_trump
2003-02-12,0.07450633496046066,0.07725734377343589,0.07351322825339296,0.07412395092542165,641400000,before_trump
2003-02-13,0.07542333751916885,0.07618719690407932,0.07374247520120729,0.07580572838447706,889164000,before_trump
2003-02-14,0.09200543165206909,0.09208246456960248,0.08367631832772011,0.08573957072380947,3548844000,before_trump
2003-02-18,0.09727820754051208,0.09911221310815681,0.09437498484357137,0.09552123490725468,1740516000,before_trump
2003-02-19,0.09819518029689789,0.09880681819280372,0.09559731626305921,0.0966674554106696,1141212000,before_trump
2003-02-20,0.09819518029689789,0.10117543501688374,0.09781370512383732,0.09857757098304507,978132000,before_trump
2003-02-21,0.09827221930027008,0.09850147337236738,0.09475643678754125,0.0981190826359283,913260000,before_trump
2003-02-24,0.09949461370706558,0.10308650802162893,0.09689675527683998,0.09743136734692957,1137012000,before_trump
2003-02-25,0.09888295084238052,0.09934145219648444,0.09475644548763407,0.09628508622834787,1239204000,before_trump
2003-02-26,0.09406869113445282,0.09918922498090493,0.09383944388747914,0.09758447375552425,746892000,before_trump
2003-02-27,0.09605585038661957,0.09651435179523066,0.09345798546374977,0.09498571087279026,675312000,before_trump
2003-02-28,0.0964382216334343,0.09666746887512397,0.09032457469771402,0.09307557575893076,1653336000,before_trump
2003-03-03,0.09483349323272705,0.09934146771788101,0.09361021014439706,0.0975844949549862,702036000,before_trump
2003-03-04,0.09406869113445282,0.09605583310805636,0.09315168848218147,0.09513883045578501,538392000,before_trump
2003-03-05,0.09559731930494308,0.0961319311392162,0.0929224291073461,0.09315167632439934,522156000,before_trump
2003-03-06,0.09399259090423584,0.09575048582439333,0.09361020011391538,0.09483348307116865,548064000,before_trump
2003-03-07,0.0954442173242569,0.09575049756584325,0.09170010209813147,0.09254098753598917,581148000,before_trump
2003-03-10,0.09277020394802094,0.0949095667054467,0.09261706730558826,0.09445106545903759,344796000,before_trump
2003-03-11,0.09345798194408417,0.0949857072955899,0.09238784247055674,0.09345798194408417,417144000,before_trump
2003-03-12,0.09605585038661957,0.09628509767483033,0.09338095935874625,0.09422185158436479,493920000,before_trump
2003-03-13,0.10560823231935501,0.10621895481540886,0.09842444575561947,0.09888294709233514,1362732000,before_trump
2003-03-14,0.10255096852779388,0.10698375466306019,0.10178710922824474,0.105989725726359,1094220000,before_trump
2003-03-17,0.10851142555475235,0.11057467760033793,0.1006408148590534,0.1008700620498133,1307808000,before_trump
2003-03-18,0.10767151415348053,0.1093523764519484,0.10545512427996497,0.10813001561468864,932280000,before_trump
2003-03-19,0.10820608586072922,0.10896994495190784,0.10438494571413348,0.10790072122757778,712992000,before_trump
2003-03-20,0.10919921845197678,0.1114917184789585,0.10537899313849523,0.10820610512280979,780060000,before_trump
2003-03-21,0.10820608586072922,0.1133256969606686,0.10331572198980343,0.11294422858775492,1681800000,before_trump
2003-03-24,0.10415570437908173,0.10698373855102544,0.10316259110535925,0.10377423595955874,839016000,before_trump
2003-03-25,0.10713597387075424,0.10874072537854368,0.10407960755118566,0.10446199836670272,672828000,before_trump
2003-03-26,0.11011621356010437,0.11195021903406097,0.10866460570188242,0.10950549102172834,1107840000,before_trump
2003-03-27,0.1069837138056755,0.11095707466261313,0.10667743369278072,0.10866457529387485,1392732000,before_trump
2003-03-28,0.10262798517942429,0.10736521324912639,0.10094620769081791,0.10698374480729564,1290684000,before_trump
2003-03-31,0.09842445701360703,0.10071696395940692,0.0979659624566363,0.09949459648203757,680508000,before_trump
2003-04-01,0.10132858902215958,0.10239872835312164,0.09827222321295573,0.10048769694023411,533808000,before_trump
2003-04-02,0.10507272183895111,0.10683061005752044,0.10339185972573227,0.1047673571255717,771900000,before_trump
2003-04-03,0.106448233127594,0.10698376067912174,0.10423275203269519,0.10698376067912174,702780000,before_trump
2003-04-04,0.10232172161340714,0.10690672211880826,0.10186322019642909,0.10675450093282321,513840000,before_trump
2003-04-07,0.1033918485045433,0.11004010115733681,0.10239873519902745,0.10919921585138202,671256000,before_trump
2003-04-08,0.10239872336387634,0.10484344422107547,0.1017109748180878,0.10430883917045249,475032000,before_trump
2003-04-09,0.10186322033405304,0.10553122484264348,0.10171099914786233,0.10278022316924808,694260000,before_trump
2003-04-10,0.10239872336387634,0.10339183655460908,0.10140469465994476,0.10323869305944353,364104000,before_trump
2003-04-11,0.1012524664402008,0.10438494245665102,0.10025843780567738,0.10354496598754723,374184000,before_trump
2003-04-14,0.10300945490598679,0.1033157350911407,0.0994184770462008,0.09972384171807513,445776000,before_trump
2003-04-15,0.10247482359409332,0.10377421681179741,0.09979993342366643,0.10232168694657473,490212000,before_trump
2003-04-16,0.10247482359409332,0.1050726876842077,0.10163393163802596,0.10484343363729566,671988000,before_trump
2003-04-17,0.10430886596441269,0.10453811326116658,0.10109936281671936,0.10323871957851377,520740000,before_trump
2003-04-21,0.10698377341032028,0.1072891313480907,0.10346798948954292,0.10446201860043242,597144000,before_trump
2003-04-22,0.10835922509431839,0.10843533566807816,0.10469122151756981,0.10644820063509304,787392000,before_trump
2003-04-23,0.11080397665500641,0.11149172533897991,0.1073652195707601,0.1082061117806693,606204000,before_trump
2003-04-24,0.10751833766698837,0.11088097653354874,0.10606672321999891,0.11088097653354874,660912000,before_trump
2003-04-25,0.10354497283697128,0.10874070152260196,0.10255094413669359,0.10690669629765666,884652000,before_trump
2003-04-28,0.10667745769023895,0.10858848915758099,0.103544981213178,0.10476734173616645,674988000,before_trump
2003-04-29,0.10996399074792862,0.1114917160004667,0.10828221330116483,0.10912310544064116,670344000,before_trump
2003-04-30,0.10950549691915512,0.11233261586728818,0.10889385883451949,0.10935236022770127,466620000,before_trump
2003-05-01,0.11019322276115417,0.1112624464377689,0.10812997046335558,0.10874069287021647,733368000,before_trump
2003-05-02,0.1215026006102562,0.12226646660588487,0.11103320784560064,0.11164484585074058,1691088000,before_trump
2003-05-05,0.12448286265134811,0.13021412621768594,0.12043246783948665,0.1226488708813474,1576164000,before_trump
2003-05-06,0.12463603913784027,0.12784554284087338,0.12264891005328304,0.12387127100737695,1143864000,before_trump
2003-05-07,0.12264887988567352,0.12570523244375081,0.12050951644772898,0.12280201657681807,897372000,before_trump
2003-05-08,0.1227249875664711,0.12761626109103472,0.11959251082935371,0.12112022931550792,1957452000,before_trump
2003-05-09,0.1633022278547287,0.16452550364374885,0.1398426013310856,0.14389299518943882,9230856000,before_trump
2003-05-12,0.15871724486351013,0.1673526384264825,0.15741876022813758,0.16368462805489478,3007860000,before_trump
2003-05-13,0.1557369977235794,0.1581826341563809,0.1523752741647582,0.15329226313962366,1824108000,before_trump
2003-05-14,0.15558481216430664,0.15818267034510386,0.15359766976432332,0.15627255405279597,965580000,before_trump
2003-05-15,0.16093365848064423,0.161239016332322,0.1570364002826505,0.1578772924307866,1105656000,before_trump
2003-05-16,0.1624622344970703,0.16528935227170902,0.15871721246808593,0.15894645965342508,1028916000,before_trump
2003-05-19,0.15329226851463318,0.16185063672407046,0.1513812507434647,0.16032200287691117,1220484000,before_trump
2003-05-20,0.1543615460395813,0.1555077963614538,0.1528338271742604,0.15352158283313655,884124000,before_trump
2003-05-21,0.1597874015569687,0.15986351213826125,0.15359764362756012,0.15443853573925892,905472000,before_trump
2003-05-22,0.16032198071479797,0.1617745037816676,0.1562725021782409,0.16001662292575436,888816000,before_trump
2003-05-23,0.15948203206062317,0.16353151130327448,0.15879429028050998,0.16047514534740162,867612000,before_trump
2003-05-27,0.17361851036548615,0.17423014150337904,0.1547438803519982,0.1578002460081957,1677408000,before_trump
2003-05-28,0.17316001653671265,0.17499402191751634,0.16888129009993771,0.17308390595563503,1235556000,before_trump
2003-05-29,0.18500493466854095,0.19088933541294104,0.17270154168915436,0.17308392566463096,2297736000,before_trump
2003-05-30,0.19998227059841156,0.20349805990674896,0.1975375497448683,0.20250403120430385,2142312000,before_trump
2003-06-02,0.18890218436717987,0.20540820657947126,0.18767982375671038,0.20517894564311756,1566144000,before_trump
2003-06-03,0.1927993893623352,0.19853063789961134,0.18447026997198004,0.1867627693868905,1596804000,before_trump
2003-06-04,0.19738446176052094,0.19753759846103558,0.1892075604528592,0.1921878162687818,1175604000,before_trump
2003-06-05,0.20303957164287567,0.2037273270871482,0.19218778768523212,0.19478657463349275,1204404000,before_trump
2003-06-06,0.19684983789920807,0.21205645975904774,0.19532119025063033,0.21098632031946093,1378836000,before_trump
2003-06-09,0.1944803148508072,0.2006700737230096,0.19150005906074166,0.19562656497554326,720588000,before_trump
2003-06-10,0.1973082572221756,0.19746047833678962,0.19234086138963355,0.19448022393986186,563304000,before_trump
2003-06-11,0.19746053218841553,0.1992184269185362,0.1925701610924611,0.1960850350394654,943836000,before_trump
2003-06-12,0.1944803148508072,0.20097634712138163,0.1938695990808938,0.19883606805768014,1046688000,before_trump
2003-06-13,0.17934976518154144,0.1914239088795619,0.1780512941395709,0.1860750433533354,1826808000,before_trump
2003-06-16,0.1831708401441574,0.18546333901492662,0.16949194380228377,0.18148997218888366,1904868000,before_trump
2003-06-17,0.1875266581773758,0.1887490185995075,0.1818715058492609,0.18737352151520859,999852000,before_trump
2003-06-18,0.19470958411693573,0.1984546219765436,0.18416407084774064,0.18569271880062982,1122072000,before_trump
2003-06-19,0.18286554515361786,0.19654353169533897,0.18187151639729512,0.1955504184522633,1190532000,before_trump
2003-06-20,0.18095454573631287,0.18492883043799221,0.17805132973690765,0.18485180433222168,937848000,before_trump
2003-06-23,0.17453549802303314,0.1817192840728084,0.17094452734352433,0.18080228146498356,734784000,before_trump
2003-06-24,0.17415408790111542,0.17728656515685462,0.16857505796469066,0.17346633229906755,1008816000,before_trump
2003-06-25,0.17530031502246857,0.1817193209142438,0.1739248176640535,0.1746125731754504,1060620000,before_trump
2003-06-26,0.1755295991897583,0.17789822409367423,0.17033295287171463,0.17583497079030008,960540000,before_trump
2003-06-27,0.17239615321159363,0.17919755608246182,0.17155527475352658,0.17759279793312566,709104000,before_trump
2003-06-30,0.17507107555866241,0.17812744194835983,0.17270154919765918,0.174688691566561,544128000,before_trump
2003-07-01,0.1822538822889328,0.1824831294990165,0.1712498658967971,0.17285462369613178,977016000,before_trump
2003-07-02,0.18171937763690948,0.1863043930367773,0.17919762941526945,0.18393485237757787,846828000,before_trump
2003-07-03,0.17965610325336456,0.18431722872518586,0.17713435532466268,0.17751582386107073,420912000,before_trump
2003-07-07,0.1914239227771759,0.1924170360694419,0.18202467574867295,0.18210078633134363,832200000,before_trump
2003-07-08,0.18928459286689758,0.19180635417872607,0.18569270564265594,0.18615120024605392,602856000,before_trump
2003-07-09,0.1936403512954712,0.19677282848437222,0.18890221377506228,0.1892075716807888,755352000,before_trump
2003-07-10,0.18569260835647583,0.1900483594642553,0.18240699626483312,0.18760272369418104,644568000,before_trump
2003-07-11,0.18668577075004578,0.18905529659151893,0.1850810127250964,0.1879090467155735,495000000,before_trump
2003-07-14,0.1852341741323471,0.19257016831133655,0.18431717144387913,0.19142391836684589,694344000,before_trump
2003-07-15,0.1791975200176239,0.1888260259827,0.1774396255442592,0.18798513402949132,1143456000,before_trump
2003-07-16,0.1769811511039734,0.18340015580562974,0.1727015094651336,0.1825592637574538,880476000,before_trump
2003-07-17,0.168116495013237,0.1738477579499327,0.1658239953043092,0.17163228432914368,853764000,before_trump
2003-07-18,0.1624622642993927,0.1653654931640541,0.15642472831636325,0.16483087447348155,1280832000,before_trump
2003-07-21,0.16001662611961365,0.163913869931625,0.15619547921372512,0.16337926491184626,985140000,before_trump
2003-07-22,0.16269148886203766,0.1657478539568939,0.1617744864158405,0.164525493754432,582444000,before_trump
2003-07-23,0.16483093798160553,0.16582405150960247,0.15764807860726823,0.16253843749564528,605328000,before_trump
2003-07-24,0.158411905169487,0.16903352719478867,0.15703640783642175,0.16781116655158626,1116828000,before_trump
2003-07-25,0.16093365848064423,0.16185064754899303,0.15283378423297905,0.15871726906560713,1002084000,before_trump
2003-07-28,0.15596625208854675,0.16261450444613199,0.15527849666161903,0.1622330360313354,703752000,before_trump
2003-07-29,0.1457270085811615,0.15405612925449885,0.14030111698189843,0.14182976444124865,2794788000,before_trump
2003-07-30,0.14412233233451843,0.1468733278907816,0.1432053292609697,0.14519155663382421,788724000,before_trump
2003-07-31,0.14587923884391785,0.14962427572825018,0.14435152046677377,0.14748399698037373,897600000,before_trump
2003-08-01,0.15069349110126495,0.15191676708289228,0.1445037334910703,0.1459562703824051,767556000,before_trump
2003-08-04,0.15634863078594208,0.15909963873724048,0.14962426807301482,0.1505412707234476,1428852000,before_trump
2003-08-05,0.15589013695716858,0.1640670366037691,0.15459075038593117,0.16039902598640832,1063488000,before_trump
2003-08-06,0.1495472490787506,0.15589014369064394,0.14580312772158277,0.15382689104535313,1025868000,before_trump
2003-08-07,0.1474839597940445,0.1513051062965744,0.14549773373684036,0.14916574360139306,1040340000,before_trump
2003-08-08,0.1184462234377861,0.12700458980109494,0.116612218490609,0.12646997116903141,3767580000,before_trump
2003-08-11,0.12486526370048523,0.12647000825151455,0.1195925081795981,0.12035636057356174,1675752000,before_trump
2003-08-12,0.12738698720932007,0.12769234500722654,0.12440673226885396,0.12646998463807085,764160000,before_trump
2003-08-13,0.12822699546813965,0.13029024834858655,0.12471213463214112,0.127921637594572,693552000,before_trump
2003-08-14,0.12379516661167145,0.12578230946032326,0.12241965519536278,0.12394830334816682,1527696000,before_trump
2003-08-15,0.12341272085905075,0.12417750239479505,0.12226647090090524,0.12303125243664954,217716000,before_trump
2003-08-18,0.1270807385444641,0.1270807385444641,0.12318348027690942,0.12539986973150619,717684000,before_trump
2003-08-19,0.13678625226020813,0.1375501182081826,0.12983171343001607,0.129908739517611,1403976000,before_trump
2003-08-20,0.13487522304058075,0.13739697000875736,0.13189496792813257,0.13487522304058075,870348000,before_trump
2003-08-21,0.13854321837425232,0.13984261855305494,0.13602147143335339,0.13816174998727065,644748000,before_trump
2003-08-22,0.1395372748374939,0.14885949574250323,0.13946023507738078,0.14687326916383694,1002396000,before_trump
2003-08-25,0.13877248764038086,0.14221123740279246,0.13755012714023268,0.14221123740279246,434028000,before_trump
2003-08-26,0.13655708730220795,0.13907883575075144,0.13281204851826622,0.13701558205125794,768984000,before_trump
2003-08-27,0.1406835913658142,0.1421351998631933,0.1360215495299177,0.13747408720540363,567816000,before_trump
2003-08-28,0.13701549172401428,0.14282286486520346,0.13541074749588008,0.14205899896056146,828312000,before_trump
2003-08-29,0.13884946703910828,0.1394601824949894,0.13625068106319066,0.13678621514263964,532884000,before_trump
2003-09-02,0.13762623071670532,0.142517503494919,0.13693847533346748,0.14129422754376267,711456000,before_trump
2003-09-03,0.13495217263698578,0.14007178791144095,0.1342644313069622,0.1396894042238651,849972000,before_trump
2003-09-04,0.13625074923038483,0.1394602522679202,0.1344937833601514,0.13548689677190046,740064000,before_trump
2003-09-05,0.14274676144123077,0.14595626372254675,0.13487522005354197,0.13647997802638792,1198740000,before_trump
2003-09-08,0.14931795001029968,0.15099971998752765,0.14328133084506317,0.1450392250416265,1508712000,before_trump
2003-09-09,0.15848800539970398,0.16406704779771306,0.14320527356515536,0.1451915001655208,2489436000,before_trump
2003-09-10,0.14763712882995605,0.15810652842895687,0.14641476833267444,0.15398002325798932,1380624000,before_trump
2003-09-11,0.1457270085811615,0.15398001867759706,0.13984262249404153,0.14962426638545084,2612736000,before_trump
2003-09-12,0.14786645770072937,0.15107596197592624,0.14289907136401517,0.1445038166694214,1162404000,before_trump
2003-09-15,0.14542078971862793,0.14985356976132366,0.14488618445361753,0.14908878798856612,596028000,before_trump
2003-09-16,0.1499296873807907,0.15038819572622156,0.14572706998485244,0.14572706998485244,620736000,before_trump
2003-09-17,0.15168751776218414,0.15459074681429816,0.14962426525368183,0.15084662570535629,902784000,before_trump
2003-09-18,0.15283380448818207,0.15290991508285962,0.14916580673553032,0.15084666207687436,603492000,before_trump
2003-09-19,0.15161050856113434,0.15558479286819796,0.15023501129036954,0.15459076403477298,648096000,before_trump
2003-09-22,0.1456499844789505,0.14893651302205932,0.14442762400134657,0.14863023968382583,735504000,before_trump
2003-09-23,0.14702549576759338,0.14786638792314158,0.14396914335517313,0.14587924575767586,628932000,before_trump
2003-09-24,0.13586926460266113,0.14519149921271526,0.13564001734103362,0.14389302807464432,1600668000,before_trump
2003-09-25,0.13395822048187256,0.13938411198956854,0.1333475048505185,0.13693847559577702,736776000,before_trump
2003-09-26,0.12883861362934113,0.13395823225822123,0.12708073246556845,0.13357676383339173,895908000,before_trump
2003-09-29,0.12188497930765152,0.12669922548377857,0.11997394817705685,0.12234347373799706,1944996000,before_trump
2003-09-30,0.12203720957040787,0.12616371440966778,0.12035634104236985,0.12081484917138527,1020888000,before_trump
2003-10-01,0.12303121387958527,0.1244828212233853,0.12196107483863713,0.12226643258351771,877224000,before_trump
2003-10-02,0.124941386282444,0.1266992676863835,0.12188501990666555,0.12226648838361238,857628000,before_trump
2003-10-03,0.12822699546813965,0.13143649843057054,0.12616374258769272,0.12838013216161406,862812000,before_trump
2003-10-06,0.1272338628768921,0.12975560994378704,0.12616372354646524,0.12845622336443824,377028000,before_trump
2003-10-07,0.12838008999824524,0.12838008999824524,0.12547594586317865,0.12723384029271956,510588000,before_trump
2003-10-08,0.12387123703956604,0.12952637661363425,0.12310737096777953,0.12838012658147294,739440000,before_trump
2003-10-09,0.12562908232212067,0.13051945257470607,0.12463596926123176,0.12570519288705898,852408000,before_trump
2003-10-10,0.12784554064273834,0.1287625436370357,0.12608765892482607,0.12761629331025942,413976000,before_trump
2003-10-13,0.12914396822452545,0.13181885174324487,0.1283039917248896,0.1292971048823765,434904000,before_trump
2003-10-14,0.13151352107524872,0.13189498952883053,0.12700463145594132,0.12776848387646203,623556000,before_trump
2003-10-15,0.1298316866159439,0.13548683776981343,0.12899172393142058,0.1330411882557989,703488000,before_trump
2003-10-16,0.1314365118741989,0.13189500648813685,0.12799776127652368,0.12998489010579325,446088000,before_trump
2003-10-17,0.12730996310710907,0.13319434884409376,0.127157741962363,0.13067260198217806,459696000,before_trump
2003-10-20,0.13013800978660583,0.13029023094636766,0.12662222024243386,0.1273870017586555,467388000,before_trump
2003-10-21,0.13411137461662292,0.13663313557891069,0.1306726245746429,0.13250663006278346,758724000,before_trump
2003-10-22,0.13181887567043304,0.13510448905498607,0.13113113385501976,0.13204812294223747,620952000,before_trump
2003-10-23,0.13120725750923157,0.13372900507899896,0.12967952522517545,0.12990877251981256,451524000,before_trump
2003-10-24,0.1307487040758133,0.13189495381729577,0.12868545180826987,0.129908727630299,447084000,before_trump
2003-10-27,0.1314365118741989,0.13296514608953053,0.1305195089819428,0.1314365118741989,254460000,before_trump
2003-10-28,0.13968950510025024,0.14045427302767693,0.13258274390729957,0.13319437514657104,956064000,before_trump
2003-10-29,0.13968950510025024,0.14137127579428785,0.13548688889528746,0.13556299948269038,494004000,before_trump
2003-10-30,0.13709165155887604,0.1433575213985346,0.1368624042531004,0.1432814108010994,581256000,before_trump
2003-10-31,0.1351044774055481,0.1394602298517682,0.13296511422886279,0.13831397992720382,598152000,before_trump
2003-11-03,0.13762623071670532,0.14022500376996114,0.13380599907432866,0.13441672836888907,773724000,before_trump
2003-11-04,0.13808473944664001,0.14098888427907924,0.13716773672914465,0.1406064866714691,700896000,before_trump
2003-11-05,0.1386202573776245,0.1399957544593762,0.13304121563432783,0.13525760475102697,882024000,before_trump
2003-11-06,0.13884951174259186,0.14137125879933612,0.13632775102147088,0.14068351705533863,1175280000,before_trump
2003-11-07,0.16620643436908722,0.1685750452443618,0.16200381780299566,0.16551867881893595,4292820000,before_trump
2003-11-10,0.16574788093566895,0.16903349376078014,0.16475476776701398,0.16674099410432391,1210056000,before_trump
2003-11-11,0.16162137687206268,0.16483087913954067,0.15871724607640914,0.16200377443063646,799140000,before_trump
2003-11-12,0.16376078128814697,0.16429631564245264,0.1603220309172586,0.1610868125634143,617664000,before_trump
2003-11-13,0.1638377606868744,0.16613027394495414,0.16284373203225017,0.16376073460260698,580332000,before_trump
2003-11-14,0.15413221716880798,0.1642962571410949,0.1536737227483651,0.1642962571410949,888420000,before_trump
2003-11-17,0.1525275558233261,0.15436154816494482,0.1497765468143252,0.15122908427162504,599880000,before_trump
2003-11-18,0.15031199157238007,0.15818260251167338,0.14977645743765183,0.15627248703848015,991428000,before_trump
2003-11-19,0.1545146256685257,0.15512625677694467,0.15084661538681715,0.15138123407533824,567552000,before_trump
2003-11-20,0.15038813650608063,0.1554316306691071,0.14977649166995202,0.1520689915012144,738852000,before_trump
2003-11-21,0.1509997844696045,0.15245140604029028,0.1480956531436395,0.15222214510016785,543240000,before_trump
2003-11-24,0.1600927710533142,0.16047515501417378,0.15138126533209365,0.15245140477887312,940644000,before_trump
2003-11-25,0.16284368932247162,0.164219199649433,0.15894644650107262,0.1607804374964014,822804000,before_trump
2003-11-26,0.16299691796302795,0.16605327047507396,0.15994055178660355,0.16551866533417053,430032000,before_trump
2003-11-28,0.16223308444023132,0.16337933471755692,0.16085758684031684,0.16292084007237914,206136000,before_trump
2003-12-01,0.16452552378177643,0.16574788420732978,0.16215599799217284,0.1640670293071854,526980000,before_trump
2003-12-02,0.1638377606868744,0.16719948399316348,0.16284373203225017,0.16353148737611164,574740000,before_trump
2003-12-03,0.16215601563453674,0.16964516035603106,0.16177453354196109,0.16429629441970436,710028000,before_trump
2003-12-04,0.16131606698036194,0.16559479426578866,0.15749491878543145,0.16269156445659516,521952000,before_trump
2003-12-05,0.1561194211244583,0.16200382235896543,0.15482003424593624,0.1574949185990639,559848000,before_trump
2003-12-08,0.15726563334465027,0.15887039139806586,0.1547438863057133,0.15611938344837195,340980000,before_trump
2003-12-09,0.1490887999534607,0.15848806420900174,0.14901268934194134,0.15696034523239547,598128000,before_trump
2003-12-10,0.15237532556056976,0.15321528872869905,0.14901267168993526,0.14908878229243858,568656000,before_trump
2003-12-11,0.1600927710533142,0.16200380267302594,0.15199289656680043,0.15229825442748254,694872000,before_trump
2003-12-12,0.15925279259681702,0.1633022720377109,0.15665401918488653,0.1622330481163384,700692000,before_trump
2003-12-15,0.15604323148727417,0.1641431028551916,0.1555847371161083,0.16391384200523568,622752000,before_trump
2003-12-16,0.15818263590335846,0.15917574913039972,0.15237527584759897,0.15512627013133035,601728000,before_trump
2003-12-17,0.15512628853321075,0.15741878859639394,0.1525275150965434,0.15688326794946708,499116000,before_trump
2003-12-18,0.15864114463329315,0.16024590282980455,0.1552785052223285,0.15543164190464817,436728000,before_trump
2003-12-19,0.1610097736120224,0.16506016860689268,0.15925279419485952,0.16261451819132733,916956000,before_trump
2003-12-22,0.16123898327350616,0.1616213671446899,0.15703636808549656,0.1586411122904642,371184000,before_trump
2003-12-23,0.16781114041805267,0.16941589844369898,0.16055124358658904,0.16062826967620483,722760000,before_trump
2003-12-24,0.16658872365951538,0.16826959169344016,0.16613022932965618,0.16773497314853517,210852000,before_trump
2003-12-26,0.17377163469791412,0.17476474781684972,0.1671994801991667,0.167887235527422,363960000,before_trump
2003-12-29,0.18110761046409607,0.1817192414540125,0.1762172407618291,0.1770572170852388,756624000,before_trump
2003-12-30,0.18149007856845856,0.18492882889022003,0.17904444165710048,0.1791975783539509,550884000,before_trump
2003-12-31,0.1772865206003189,0.1822539179503314,0.1743832913867896,0.18141302584675117,497268000,before_trump
2004-01-02,0.17636951804161072,0.18255927591566112,0.17636951804161072,0.1801145548746507,436416000,before_trump
2004-01-05,0.1821007877588272,0.18332406383527938,0.17743966359164137,0.17904442176210725,575292000,before_trump
2004-01-06,0.18951381742954254,0.19203556459259236,0.1807252725642055,0.18156616467777387,1093344000,before_trump
2004-01-07,0.19119468331336975,0.19211168606036325,0.18607506445131985,0.18737354930489467,673032000,before_trump
2004-01-08,0.1918824166059494,0.1944802741973312,0.190048411323994,0.19356327155635347,433752000,before_trump
2004-01-09,0.19463342428207397,0.19700204845696928,0.18905531113906685,0.1905830431919908,766584000,before_trump
2004-01-12,0.1968497931957245,0.19746050877429386,0.19348714080357873,0.19532114589429395,541980000,before_trump
2004-01-13,0.1866857409477234,0.197766769543168,0.18462248876752188,0.1958557384913975,865800000,before_trump
2004-01-14,0.18531028926372528,0.19027767309479485,0.1835533099378336,0.18760278920900103,544872000,before_trump
2004-01-15,0.18561655282974243,0.18714427114901375,0.18064915559633737,0.1839347686620611,609204000,before_trump
2004-01-16,0.18844367563724518,0.19004842008464765,0.18576877816798287,0.18752667295399644,451728000,before_trump
2004-01-20,0.19371646642684937,0.19402182431818246,0.188596846979591,0.19073621057455084,487764000,before_trump
2004-01-21,0.18477563560009003,0.19287550812613283,0.18447027781331587,0.19211164223826202,494460000,before_trump
2004-01-22,0.1804960072040558,0.1887490169672303,0.17828053361560534,0.18576876192337552,605724000,before_trump
2004-01-23,0.1764465570449829,0.18317093416620944,0.17606417308741162,0.17957903374486395,482472000,before_trump
2004-01-26,0.18340013921260834,0.18416399143854928,0.17621726920139175,0.17759276618033476,393684000,before_trump
2004-01-27,0.1729307770729065,0.18263631135726696,0.17155527980750893,0.17973216647976475,934104000,before_trump
2004-01-28,0.17247223854064941,0.17789814339218646,0.17155524963458182,0.17514713568085738,615204000,before_trump
2004-01-29,0.16742873191833496,0.17384773574936885,0.16162135914830836,0.17300775932832732,929700000,before_trump
2004-01-30,0.17002752423286438,0.17384775580131354,0.16605324049004155,0.1670472691823413,466464000,before_trump
2004-02-02,0.17277854681015015,0.17614027053107562,0.1696451548307291,0.17140304961714822,560844000,before_trump
2004-02-03,0.1721668839454651,0.17530027559699066,0.16987438430890275,0.17232002060370935,418032000,before_trump
2004-02-04,0.16750575602054596,0.17109672623288202,0.167276508814508,0.1697212293322801,436800000,before_trump
2004-02-05,0.17002752423286438,0.17193764001708894,0.16735264065590022,0.1684227799221987,331980000,before_trump
2004-02-06,0.17392481863498688,0.17636953998009447,0.17132603141857894,0.1722430342174344,471132000,before_trump
2004-02-09,0.17270152270793915,0.17805130404501346,0.17262541212656,0.1752232698682524,373992000,before_trump
2004-02-10,0.17904449999332428,0.17919763674006967,0.17316009717857128,0.17323712330879382,509700000,before_trump
2004-02-11,0.18531028926372528,0.18592192046589542,0.18072527570879626,0.18133692057534392,737808000,before_trump
2004-02-12,0.17973214387893677,0.18531027015235582,0.17690503911913502,0.18431715696100542,974892000,before_trump
2004-02-13,0.17805130779743195,0.18255928160357876,0.1734662942306282,0.1749940262988245,1747500000,before_trump
2004-02-17,0.18003755807876587,0.18057307876999862,0.17629343614970258,0.17873907310196574,575976000,before_trump
2004-02-18,0.18003755807876587,0.18149008160401506,0.17881518369496327,0.18057307876999862,320244000,before_trump
2004-02-19,0.17996136844158173,0.18546336936466465,0.17957897095334127,0.18225386768750182,631032000,before_trump
2004-02-20,0.1844702959060669,0.18492879038775753,0.1786620068095876,0.17965603552643405,618120000,before_trump
2004-02-23,0.17805130779743195,0.18447031312657966,0.1756056575025787,0.1841640261036769,853332000,before_trump
2004-02-24,0.170944482088089,0.17721034835803803,0.16903345129094638,0.17499395983164912,708384000,before_trump
2004-02-25,0.17193765938282013,0.17522327261259227,0.17010365396602606,0.17201376996539136,652512000,before_trump
2004-02-26,0.1730838567018509,0.17476472492890807,0.17094449409225332,0.1744593535138454,344976000,before_trump
2004-02-27,0.17002752423286438,0.1736185085661293,0.16742875122989892,0.17346627375375592,595548000,before_trump
2004-03-01,0.1725492924451828,0.17285465026787228,0.16933979001751348,0.16956903726283773,506628000,before_trump
2004-03-02,0.16933982074260712,0.1740009317296779,0.16865206521747111,0.17277857103952912,813348000,before_trump
2004-03-03,0.16712340712547302,0.16888130204958363,0.16437241252399076,0.16888130204958363,552492000,before_trump
2004-03-04,0.17079143226146698,0.1710967901458931,0.16742879248598688,0.1688042899004043,413352000,before_trump
2004-03-05,0.16956903040409088,0.17346627441009685,0.16635952810623986,0.16697024372691652,354888000,before_trump
2004-03-08,0.16368462145328522,0.17193763079212737,0.16238523502151841,0.1696451312345324,465168000,before_trump
2004-03-09,0.16253839433193207,0.16521329180263003,0.15978739994508642,0.16506015512831385,371232000,before_trump
2004-03-10,0.1601698100566864,0.16536553999545164,0.15902355993073072,0.16360856043455344,481692000,before_trump
2004-03-11,0.15894652903079987,0.16368466609107762,0.15802952622481464,0.15802952622481464,526872000,before_trump
2004-03-12,0.16230911016464233,0.16429625175452323,0.15932885553635018,0.1610867499235257,377952000,before_trump
2004-03-15,0.15864115953445435,0.16200381292565078,0.1576480597893809,0.16131605739620533,421224000,before_trump
2004-03-16,0.1654425412416458,0.16620640726115513,0.15955814113235725,0.16062828050454234,597504000,before_trump
2004-03-17,0.16949200630187988,0.17109675063741384,0.1674287538244961,0.1681164955407066,524592000,before_trump
2004-03-18,0.17140302062034607,0.17346625922861564,0.1681164788582735,0.1685749869546249,528048000,before_trump
2004-03-19,0.16941587626934052,0.1722429807134209,0.16842276318889762,0.17048601542931752,452964000,before_trump
2004-03-22,0.1681164652109146,0.16941586516248575,0.1642962479368437,0.16681799443675432,576708000,before_trump
2004-03-23,0.16880425810813904,0.17224300782872481,0.16689414221299068,0.17040901617637177,576036000,before_trump
2004-03-24,0.17636951804161072,0.17919755218986058,0.16811650754287688,0.16849890513684865,787344000,before_trump
2004-03-25,0.1866096556186676,0.1875266582299158,0.1780512879705839,0.17835664578180985,997128000,before_trump
2004-03-26,0.1860750913619995,0.18897832119440228,0.183553343691349,0.1860750913619995,551604000,before_trump
2004-03-29,0.1940988153219223,0.1966205624600482,0.1883675656151011,0.18874903403191753,985764000,before_trump
2004-03-30,0.1999061554670334,0.2008231580606036,0.1926462589558881,0.19279940927952183,724956000,before_trump
2004-03-31,0.20174022018909454,0.2038795838129151,0.19983010386522504,0.20089932792041193,604752000,before_trump
2004-04-01,0.19814829528331757,0.20609593432427392,0.19310478732230793,0.2019694290529367,1319508000,before_trump
2004-04-02,0.20097628235816956,0.20380340053802987,0.19639128333670935,0.20250401413282604,649740000,before_trump
2004-04-05,0.2081592082977295,0.2090001004925822,0.19990619690906317,0.19990619690906317,576744000,before_trump
2004-04-06,0.1997530162334442,0.20548427895330207,0.19868379250757237,0.20403265767642606,624096000,before_trump
2004-04-07,0.19868381321430206,0.20135779515301538,0.19516803732937568,0.2012816845730234,447864000,before_trump
2004-04-08,0.20433801412582397,0.20632515593346495,0.20158702006314475,0.2031156537507555,447096000,before_trump
2004-04-12,0.20051786303520203,0.20685984342520478,0.19929458674012157,0.20594284054453105,443784000,before_trump
2004-04-13,0.19585584104061127,0.20250410913802652,0.19486274113354518,0.20235188792989314,442704000,before_trump
2004-04-14,0.19684991240501404,0.20051791114335324,0.1926463654909462,0.19486276945970893,512016000,before_trump
2004-04-15,0.1865336000919342,0.19501585966870252,0.18569270780703892,0.19417496738380724,828084000,before_trump
2004-04-16,0.180419921875,0.185845814014366,0.18003753792598173,0.18576878791657384,654864000,before_trump
2004-04-19,0.18019068241119385,0.18149006914785082,0.17698117954460302,0.1802667929989677,522804000,before_trump
2004-04-20,0.172549307346344,0.18263630999110256,0.17247226758472053,0.18064916786018897,513804000,before_trump
2004-04-21,0.17277853190898895,0.17881513891479392,0.1714791454085532,0.17323702637898802,688812000,before_trump
2004-04-22,0.1737716645002365,0.17667580929885798,0.16758190647750343,0.17117379305795472,695520000,before_trump
2004-04-23,0.17759278416633606,0.18057303930952198,0.17537639499082786,0.1759110137161935,443928000,before_trump
2004-04-26,0.17063824832439423,0.17873902304721695,0.17017974020359866,0.17797425527774338,429912000,before_trump
2004-04-27,0.16918663680553436,0.17721039957032741,0.16857500565733707,0.172625400084375,494568000,before_trump
2004-04-28,0.1684989184141159,0.17186155791815116,0.16719951803296473,0.16926277082022703,468768000,before_trump
2004-04-29,0.1638377457857132,0.1686520054261322,0.161621356964705,0.1675057557335323,645048000,before_trump
2004-04-30,0.15680713951587677,0.16391388617001984,0.156195494687485,0.16292078660257747,512928000,before_trump
2004-05-03,0.15482006967067719,0.160092827138247,0.1520690604276213,0.15848806833036866,610668000,before_trump
2004-05-04,0.1646777242422104,0.16666486588227192,0.15665397629428257,0.1570363601461339,772380000,before_trump
2004-05-05,0.16605328023433685,0.16750581740904097,0.16345542212277092,0.16483091952747303,464280000,before_trump
2004-05-06,0.16742874681949615,0.1687281332867505,0.16085752127318315,0.1643723812754851,711348000,before_trump
2004-05-07,0.16872812807559967,0.17552951615416193,0.1678111255229639,0.17232001405212438,956772000,before_trump
2004-05-10,0.16215606033802032,0.16597719525962473,0.15856507459101982,0.16421931359571287,669072000,before_trump
2004-05-11,0.16613025963306427,0.16773500374466066,0.16353147328810358,0.1642192285727159,399936000,before_trump
2004-05-12,0.1638377457857132,0.1654425035539776,0.1581064973227136,0.16521325634833245,482328000,before_trump
2004-05-13,0.16437241435050964,0.1673526699222141,0.16200380368169848,0.16246229823224764,347952000,before_trump
2004-05-14,0.16437241435050964,0.16796430116072902,0.16353152217234182,0.1650601698407117,459000000,before_trump
2004-05-17,0.16177454590797424,0.1641431702875177,0.15932890909064493,0.16200380685211377,308340000,before_trump
2004-05-18,0.16437241435050964,0.16628253046877167,0.1626145194068652,0.16322616430975845,204420000,before_trump
2004-05-19,0.1639900654554367,0.17040908672129865,0.1631501022053855,0.16804046168423037,498276000,before_trump
2004-05-20,0.1616213619709015,0.16643562176044144,0.16078047002209186,0.1636846142143651,421488000,before_trump
2004-05-21,0.1620038002729416,0.1637607660018908,0.1597874108253835,0.16353151873143987,282096000,before_trump
2004-05-24,0.1614682823419571,0.1633022880202939,0.15955816607019516,0.16169752963565434,301620000,before_trump
2004-05-25,0.1684989184141159,0.16926277082022703,0.15887040996168456,0.16215602336577084,681264000,before_trump
2004-05-26,0.17193759977817535,0.1742300989222514,0.16750573811536995,0.1684988510620613,524568000,before_trump
2004-05-27,0.1724722683429718,0.17736355535116777,0.17224302107684214,0.17476478199740167,556548000,before_trump
2004-05-28,0.17919746041297913,0.1801905731697534,0.17323695284673596,0.17461246300163522,637980000,before_trump
2004-06-01,0.17904436588287354,0.18087835707967995,0.17591097476750905,0.17614022195906318,318420000,before_trump
2004-06-02,0.17766892910003662,0.18424108547226897,0.17751579240447637,0.18340019325239912,643800000,before_trump
2004-06-03,0.16911055147647858,0.17812742879356339,0.16857503082440156,0.17774503116532286,700824000,before_trump
2004-06-04,0.16742874681949615,0.17293074864086427,0.16727652567550855,0.17254928026773125,649608000,before_trump
2004-06-07,0.17147912085056305,0.17338922269532178,0.16804035816054083,0.17017972087184197,571956000,before_trump
2004-06-08,0.16842278838157654,0.1707913987551379,0.16590102767476142,0.17048604093061773,615000000,before_trump
2004-06-09,0.16055119037628174,0.16964508946188056,0.1600165854922364,0.1694158422954449,498336000,before_trump
2004-06-10,0.15894652903079987,0.16345541880567607,0.1574949073989616,0.16315006092960352,564516000,before_trump
2004-06-14,0.1539800465106964,0.1581065523048124,0.15275677031543614,0.1581065523048124,424752000,before_trump
2004-06-15,0.1562725305557251,0.15864114108421593,0.15482000722509218,0.15657790206459607,394584000,before_trump
2004-06-16,0.15382686257362366,0.1568071173612497,0.15321521783164865,0.15581400426974348,252576000,before_trump
2004-06-17,0.15077058970928192,0.1565779661994057,0.1500058078504728,0.1528338432383942,482376000,before_trump
2004-06-18,0.15099979937076569,0.1552024159938652,0.1490126569516792,0.1516105288218303,534336000,before_trump
2004-06-21,0.1483248770236969,0.15359763185601633,0.14733176382552404,0.1512290215559616,266568000,before_trump
2004-06-22,0.15252751111984253,0.15321525292223973,0.1481717583804821,0.1491657872127562,430308000,before_trump
2004-06-23,0.15512627363204956,0.1557370029580487,0.15168752386759513,0.15206899227779577,264660000,before_trump
2004-06-24,0.15375074744224548,0.1597873674055852,0.1526044977370888,0.15925274875987247,590652000,before_trump
2004-06-25,0.154743954539299,0.15657796064779092,0.15298605904208354,0.15482006515057545,329124000,before_trump
2004-06-28,0.1534445583820343,0.15749494078021206,0.15283382883606542,0.1569603355054277,299376000,before_trump
2004-06-29,0.15871720016002655,0.15894644732758825,0.1537507202162757,0.1543614356544948,363852000,before_trump
2004-06-30,0.15642474591732025,0.15887039611553871,0.15451464364746684,0.15451464364746684,329268000,before_trump
2004-07-01,0.1492418497800827,0.1584118468433607,0.14901258892200198,0.15818259964965345,505620000,before_trump
2004-07-02,0.14717857539653778,0.15092268148161742,0.1460323259373929,0.15084657093292708,294948000,before_trump
2004-07-06,0.13854320347309113,0.14694934909552287,0.13693845931903978,0.14542071550804225,575388000,before_trump
2004-07-07,0.13923096656799316,0.1432052501453692,0.13854321122669527,0.14030110578974245,344136000,before_trump
2004-07-08,0.13495226204395294,0.14022501738921925,0.1347230147820669,0.1379325174416039,430056000,before_trump
2004-07-09,0.12914395332336426,0.134952227815381,0.12662219308909134,0.13479909117519948,1114500000,before_trump
2004-07-12,0.12616370618343353,0.12914396100239742,0.12448283776499293,0.125552976948144,676044000,before_trump
2004-07-13,0.12593452632427216,0.12990879821963366,0.12455901495557338,0.12769240809977275,567108000,before_trump
2004-07-14,0.12035634368658066,0.1248652461808682,0.11791070732162849,0.12150259353773848,901608000,before_trump
2004-07-15,0.11951547861099243,0.12287811796392467,0.11875161257482805,0.12157873130554074,611352000,before_trump
2004-07-16,0.11600061506032944,0.12333662379512587,0.11600061506032944,0.123183487101412,464700000,before_trump
2004-07-19,0.11730001121759415,0.11859848243427273,0.1147012240931603,0.11630598235045778,461088000,before_trump
2004-07-20,0.11966860294342041,0.12012709742184537,0.11607670303385217,0.11722295289429073,341544000,before_trump
2004-07-21,0.11240871250629425,0.12165575166039563,0.11202723726286541,0.12150260132356926,613416000,before_trump
2004-07-22,0.11477822810411453,0.11538895737673702,0.11004008532806007,0.11370808885554753,521460000,before_trump
2004-07-23,0.1117209643125534,0.11569524860478292,0.11095710509521776,0.11554211192242769,371496000,before_trump
2004-07-26,0.10858850926160812,0.114166623330645,0.10751836970202747,0.11317350987936095,503208000,before_trump
2004-07-27,0.1121794804930687,0.11248576073041584,0.10576047418658541,0.10912312087459554,789888000,before_trump
2004-07-28,0.10935235768556595,0.11233261325587028,0.10621896542736778,0.11195022246062039,505116000,before_trump
2004-07-29,0.11653522402048111,0.11936325828438898,0.11034546589328842,0.11088099335146447,747360000,before_trump
2004-07-30,0.11783459782600403,0.11997396088527486,0.11485434271995093,0.11508358995940667,403956000,before_trump
2004-08-02,0.1193632259964943,0.11982172040142854,0.11592446330199152,0.11791068937674956,420984000,before_trump
2004-08-03,0.1131734699010849,0.11997394914935326,0.11225647420077493,0.11989783858138159,741540000,before_trump
2004-08-04,0.11439584195613861,0.11546598118358324,0.11179797772849473,0.11195019887096541,507816000,before_trump
2004-08-05,0.1112624853849411,0.11615375943074298,0.1092762584735446,0.11561823872404269,859920000,before_trump
2004-08-06,0.07206068933010101,0.07794508347282801,0.07106757590663172,0.07725733476586528,5088948000,before_trump
2004-08-09,0.07527019828557968,0.07695197606080464,0.07267233312146046,0.07389469393201092,1579212000,before_trump
2004-08-10,0.08123068511486053,0.08199546664692721,0.07817431919080471,0.07947371265182031,2051916000,before_trump
2004-08-11,0.07886206358671188,0.08016145003361262,0.0783274517326136,0.08016145003361262,963816000,before_trump
2004-08-12,0.07702808827161789,0.079320588743356,0.07687495155758475,0.07909134142905833,654384000,before_trump
2004-08-13,0.08023755252361298,0.08077216432387,0.07817430037266387,0.07886205564443824,815700000,before_trump
2004-08-16,0.07947373390197754,0.08145995415375634,0.07886209571474953,0.07932059035264702,531732000,before_trump
2004-08-17,0.08382946252822876,0.08428796386108105,0.08046682335914707,0.08123068252135904,744912000,before_trump
2004-08-18,0.08940756320953369,0.08940756320953369,0.08352317093062099,0.0842109262519347,872424000,before_trump
2004-08-19,0.08910222351551056,0.09047772760526773,0.0877267194257534,0.08887297624997881,724404000,before_trump
2004-08-20,0.09437494724988937,0.09567341797399774,0.08833741229005036,0.08864369238229383,1199040000,before_trump
2004-08-23,0.0964382216334343,0.09743133484072779,0.09536808233676819,0.09590269422849419,800028000,before_trump
2004-08-24,0.0928463563323021,0.09827224950407489,0.09101235735278795,0.0978137480511488,939420000,before_trump
2004-08-25,0.09681969881057739,0.09750745426241342,0.0931516947854775,0.09490958963105885,721308000,before_trump
2004-08-26,0.09704893827438354,0.0976605762187587,0.09590268847038114,0.09666746307109292,612720000,before_trump
2004-08-27,0.09888295084238052,0.10025845490469226,0.09704895225815362,0.09712597835400019,565128000,before_trump
2004-08-30,0.09559734165668488,0.09903609854181598,0.09552123107091019,0.09850148658254454,628056000,before_trump
2004-08-31,0.09521496295928955,0.09643824606356202,0.09223471390141437,0.0959797446318451,587064000,before_trump
2004-09-01,0.09704893827438354,0.09842443530631134,0.09277021237104718,0.09399257274663833,591744000,before_trump
2004-09-02,0.10102321952581406,0.101787085479328,0.09659044125699122,0.09750744387361257,770088000,before_trump
2004-09-03,0.09796595573425293,0.09995309101245778,0.09712597911530765,0.09796595573425293,715056000,before_trump
2004-09-07,0.09613195061683655,0.10064084679317199,0.09483347946814943,0.0985775940929004,727332000,before_trump
2004-09-08,0.09414571523666382,0.09704894428796942,0.09391646799453325,0.09620896774459159,834984000,before_trump
2004-09-09,0.10354496538639069,0.10522582699578693,0.09597971145831942,0.09643821273156428,1299324000,before_trump
2004-09-10,0.10751835256814957,0.10805296450602585,0.1014817312006917,0.1017870958770886,1039344000,before_trump
2004-09-13,0.1095816045999527,0.1117209679854407,0.10721299394005257,0.10736521511409745,967752000,before_trump
2004-09-14,0.110040083527565,0.11080394944633715,0.10774758392246607,0.10858847592588847,683556000,before_trump
2004-09-15,0.10392647236585617,0.10698375424326191,0.1025509681253896,0.1066774740145997,1163904000,before_trump
2004-09-16,0.10782372206449509,0.10889386156918707,0.10530196775476078,0.10568435856850321,810024000,before_trump
2004-09-17,0.1122564971446991,0.11286721967171572,0.10774760096080517,0.10866460368072728,1003800000,before_trump
2004-09-20,0.11210333555936813,0.11531284456167325,0.10866458616232283,0.11004008318826586,794628000,before_trump
2004-09-21,0.11508359760046005,0.11600060028354418,0.11324959906648033,0.11462510309110653,503904000,before_trump
2004-09-22,0.10973472893238068,0.1147782295772918,0.1091992015446372,0.1120272286044141,625920000,before_trump
2004-09-23,0.11072783917188644,0.1113394771171271,0.10782369478320918,0.11103319697183267,578664000,before_trump
2004-09-24,0.1073652058839798,0.11133948996519942,0.10576045460448702,0.1111863532909748,476316000,before_trump
2004-09-27,0.10545510798692703,0.10774760810658111,0.10354499183687693,0.10652524745817867,406020000,before_trump
2004-09-28,0.1069837287068367,0.10790072448274297,0.1037742264106948,0.10522583406489434,474840000,before_trump
2004-09-29,0.1095816120505333,0.11263797840585392,0.10553122359742313,0.10690672100179574,537228000,before_trump
2004-09-30,0.11095710843801498,0.1134788626105626,0.10874071895825173,0.11080397175104621,619680000,before_trump
2004-10-01,0.11554210633039474,0.11615373751689907,0.110957099725091,0.11149171164967689,590412000,before_trump
2004-10-04,0.1188277155160904,0.1203563493390323,0.11630596845798631,0.1165352157061091,673932000,before_trump
2004-10-05,0.11615372449159622,0.1189808428178995,0.11508358524915788,0.11592447726152334,633180000,before_trump
2004-10-06,0.11661222577095032,0.11714683077201636,0.11324958026423215,0.11592447045672742,498504000,before_trump
2004-10-07,0.11730001121759415,0.12142650316983407,0.11668836631408387,0.118751619122393,798072000,before_trump
2004-10-08,0.11088098585605621,0.11653521614285436,0.10988695710392885,0.1160767079805137,693420000,before_trump
2004-10-11,0.11103319376707077,0.11324958274265133,0.10904697435844479,0.11103319376707077,373848000,before_trump
2004-10-12,0.10942847281694412,0.11026936502963565,0.10553122115194664,0.10728910933557381,827232000,before_trump
2004-10-13,0.10874069482088089,0.11416658592233193,0.10782369226492337,0.11271497151847681,672816000,before_trump
2004-10-14,0.10545510798692703,0.1097347503585701,0.10469124189670398,0.1097347503585701,513264000,before_trump
2004-10-15,0.10255096107721329,0.1058374968515795,0.09995309630525347,0.10568435333167892,1280484000,before_trump
2004-10-18,0.10438498109579086,0.105455120696012,0.10109936721085325,0.1019402526721665,573972000,before_trump
2004-10-19,0.10369721800088882,0.10782372388046373,0.10293335870612061,0.10675449987115596,618480000,before_trump
2004-10-20,0.10492048412561417,0.10537898546405701,0.10278020542549998,0.10339184343711422,540204000,before_trump
2004-10-21,0.10728910565376282,0.10866460981124766,0.10514974224580845,0.10598971891628889,1013964000,before_trump
2004-10-22,0.10148174315690994,0.1085114718134205,0.10117546976332462,0.108282224524932,686460000,before_trump
2004-10-25,0.10194023698568344,0.10415571092948453,0.10041159617506266,0.10064085027869311,529164000,before_trump
2004-10-26,0.11072783917188644,0.11607669748301772,0.1082821960718965,0.11195019954920732,2455776000,before_trump
2004-10-27,0.11378423124551773,0.11584748423368403,0.1087407292550366,0.1087407292550366,1074036000,before_trump
2004-10-28,0.11256186664104462,0.11462511955829922,0.11149172713001634,0.11225650876202949,561552000,before_trump
2004-10-29,0.11057473719120026,0.11302038120924734,0.10958162366932962,0.11149174011280369,742860000,before_trump
2004-11-01,0.11294424533843994,0.11302035592167789,0.11065174537955363,0.11210335320524784,653892000,before_trump
2004-11-02,0.11454900354146957,0.11691761422555395,0.11172096912614703,0.11263797189753665,1095756000,before_trump
2004-11-03,0.11561821401119232,0.11959249801138701,0.11500748468890007,0.11921010042587747,910356000,before_trump
2004-11-04,0.11775846779346466,0.11921007523014435,0.11401343866702192,0.11645908148246732,995544000,before_trump
2004-11-05,0.13479913771152496,0.14343453318628824,0.13327050365679752,0.13602149838015548,3849012000,before_trump
2004-11-08,0.13625073432922363,0.13808473976848912,0.13273587379538032,0.13334751866769554,718620000,before_trump
2004-11-09,0.13541077077388763,0.13739698370702783,0.1341113704514812,0.13418748103464948,615936000,before_trump
2004-11-10,0.13541077077388763,0.13670924191861805,0.13464598922463356,0.13525762042987505,645912000,before_trump
2004-11-11,0.1380847841501236,0.1380847841501236,0.13533377510702746,0.13625077812139283,507000000,before_trump
2004-11-12,0.13831402361392975,0.14060652418714886,0.13693852600287454,0.14022505565543583,647076000,before_trump
2004-11-15,0.1403772383928299,0.1413712671997621,0.13609851186058514,0.13693848847537818,536472000,before_trump
2004-11-16,0.1399187445640564,0.14236438120000824,0.13732087309741975,0.14083574727947046,472728000,before_trump
2004-11-17,0.14228826761245728,0.1460323889782105,0.1407596337241964,0.14213513093608524,602772000,before_trump
2004-11-18,0.14412225782871246,0.14534461823551664,0.14053035800427377,0.14351061303653118,532524000,before_trump
2004-11-19,0.14488621056079865,0.1568833347857589,0.14373994637649112,0.1551263546209843,2126052000,before_trump
2004-11-22,0.14901264011859894,0.14901264011859894,0.14404525605311874,0.14542075335231835,733788000,before_trump
2004-11-23,0.14962421357631683,0.15122897104617755,0.14656693340104496,0.14779020894343936,676896000,before_trump
2004-11-24,0.15023505687713623,0.15268069430822545,0.1490887928619066,0.14947119059297578,428580000,before_trump
2004-11-26,0.1517636477947235,0.15313914508860604,0.14962428443562714,0.15092275563009264,350760000,before_trump
2004-11-29,0.1487833857536316,0.1539800305082364,0.14748399910275142,0.15290989111889824,704388000,before_trump
2004-11-30,0.1461854726076126,0.14954719515481477,0.14534458079824564,0.14939497404695878,576540000,before_trump
2004-12-01,0.14985354244709015,0.14985354244709015,0.1464147921337424,0.14748401613325424,514572000,before_trump
2004-12-02,0.1518397331237793,0.1529859829554105,0.14725473379725446,0.14840098362888568,758652000,before_trump
2004-12-03,0.1584118902683258,0.16047514290603115,0.15497314042694263,0.15550774552113505,1347312000,before_trump
2004-12-06,0.1659771203994751,0.16727652049083055,0.15634861409441925,0.15917573232165932,970500000,before_trump
2004-12-07,0.174306258559227,0.19073616832968382,0.1722430060157177,0.17568175570010766,2927052000,before_trump
2004-12-08,0.17636950314044952,0.1795790054338609,0.17499400606166635,0.17675190070211316,872724000,before_trump
2004-12-09,0.17476478219032288,0.1765987739857624,0.1698744106900402,0.17323705009455767,869964000,before_trump
2004-12-10,0.17812734842300415,0.18003746368253368,0.17705720945066525,0.1788150899396392,652848000,before_trump
2004-12-13,0.17323707044124603,0.1777450448582036,0.17239617819693126,0.17545254459636678,738024000,before_trump
2004-12-14,0.17675191164016724,0.17690504831119702,0.1730839009839209,0.17338925881273348,512988000,before_trump
2004-12-15,0.17835669219493866,0.17889131104638067,0.1757588340117488,0.178509828896999,432768000,before_trump
2004-12-16,0.1807253062725067,0.18997234737789842,0.18041994837642739,0.18355334097981263,1524036000,before_trump
2004-12-17,0.17621727287769318,0.18485175061664497,0.17415402053404697,0.18408788471039303,1214244000,before_trump
2004-12-20,0.1743062436580658,0.181031534961053,0.17338924108774625,0.17828052725009433,898728000,before_trump
2004-12-21,0.17560569941997528,0.17682807393472558,0.17002758488969916,0.1743063124549401,899400000,before_trump
2004-12-22,0.17583486437797546,0.17996136848743235,0.17545246688963761,0.17912047661554298,421824000,before_trump
2004-12-23,0.17629346251487732,0.17828060517950461,0.1740009619191761,0.17484185428595278,366972000,before_trump
2004-12-27,0.17476481199264526,0.1795029494678227,0.17384780910636177,0.17873908328967938,308208000,before_trump
2004-12-28,0.17384777963161469,0.17652266357524035,0.17316002416741144,0.17514716631121172,291612000,before_trump
2004-12-29,0.17537644505500793,0.17751580875165202,0.17285469734094688,0.17331319195645606,294732000,before_trump
2004-12-30,0.1746886670589447,0.17690505640947976,0.17392480103094496,0.17545251942256695,259812000,before_trump
2004-12-31,0.18003755807876587,0.18095454724840296,0.17652268344211186,0.17721043898371902,575964000,before_trump
2005-01-03,0.18019069731235504,0.18890220386145964,0.17942683116700744,0.18630434568666548,1066716000,before_trump
2005-01-04,0.1717083901166916,0.18179539128761418,0.16895738234405322,0.18149003348317091,790224000,before_trump
2005-01-05,0.17331312596797943,0.1753763782809539,0.16895737412156114,0.1698743766678137,724812000,before_trump
2005-01-06,0.17163234949111938,0.17843282511163414,0.17040907308408726,0.17636957185738866,563568000,before_trump
2005-01-07,0.16834576427936554,0.17331314784510593,0.1658240035427582,0.17201376126300785,763092000,before_trump
2005-01-10,0.16872815787792206,0.17040902662766208,0.16773504458023034,0.16888129455739248,579552000,before_trump
2005-01-11,0.16353151202201843,0.1680404013178498,0.16100976482176513,0.1671233986092911,1093380000,before_trump
2005-01-12,0.16215597093105316,0.1655947199097445,0.15818260332791395,0.16498399072329858,1057800000,before_trump
2005-01-13,0.16383777558803558,0.16811650185383462,0.15894650264499946,0.1625383890176219,898764000,before_trump
2005-01-14,0.16437239944934845,0.1672765441704692,0.16276764133914895,0.16689414657751672,573912000,before_trump
2005-01-18,0.16697025299072266,0.16735265057413137,0.16215600610903114,0.16253839002806308,464556000,before_trump
2005-01-19,0.16315002739429474,0.16811649520573338,0.16246227201507846,0.1677350268174003,336492000,before_trump
2005-01-20,0.16353151202201843,0.16750579621317457,0.15986351485216113,0.15986351485216113,640080000,before_trump
2005-01-21,0.16383777558803558,0.1670472780440032,0.1632261444240352,0.1637607494967626,596352000,before_trump
2005-01-24,0.15726566314697266,0.16528942760582518,0.15634866032329986,0.1629208167866938,463704000,before_trump
2005-01-25,0.16001667082309723,0.16223306044694052,0.15703641507706007,0.1579534178961776,439704000,before_trump
2005-01-26,0.16207988560199738,0.16429627470417907,0.15787727014554803,0.1605512382039988,429120000,before_trump
2005-01-27,0.17507106065750122,0.17583492672764967,0.16139215722325875,0.16238527056647223,1002912000,before_trump
2005-01-28,0.17484179139137268,0.17644653576534783,0.17102064415898566,0.17575879403266267,671052000,before_trump
2005-01-31,0.17514710128307343,0.17843271337328398,0.1727014655140652,0.17629335085491718,562968000,before_trump
2005-02-01,0.17843279242515564,0.1791975740419828,0.17392481820974,0.1749940421861396,507180000,before_trump
2005-02-02,0.188367560505867,0.18981916824396514,0.18019066079904042,0.18546341585204992,2035404000,before_trump
2005-02-03,0.18638049066066742,0.18767987774446554,0.18378261834228757,0.18638049066066742,690120000,before_trump
2005-02-04,0.19707904756069183,0.19761365258960323,0.18638040174657652,0.18645651231837482,806448000,before_trump
2005-02-07,0.19470950961112976,0.20097629289888294,0.19295254419050165,0.19730829622221233,521628000,before_trump
2005-02-08,0.19662055373191833,0.19975303006758235,0.19287553072469413,0.19348716188302612,455772000,before_trump
2005-02-09,0.1897430568933487,0.19776680623261955,0.1887490281444095,0.19715517506621497,783756000,before_trump
2005-02-10,0.19417497515678406,0.19516808867537216,0.1900484688553981,0.19073622446042263,602376000,before_trump
2005-02-11,0.1998300552368164,0.20128167660753343,0.19226480052876865,0.19295255592563718,556512000,before_trump
2005-02-14,0.19562654197216034,0.2005178289586981,0.19486268959288103,0.19975304740173339,432900000,before_trump
2005-02-15,0.19738446176052094,0.20365033127997223,0.1966205956204148,0.1969259671724003,748500000,before_trump
2005-02-16,0.19669665396213531,0.19960079841303574,0.19318179389825746,0.19677276453546247,466464000,before_trump
2005-02-17,0.19493882358074188,0.1994477134979358,0.1934110913100116,0.1993716029048625,1017408000,before_trump
2005-02-18,0.21602985262870789,0.21625909992647907,0.20410882917204903,0.20991711971082305,3132120000,before_trump
2005-02-22,0.21878081560134888,0.22382432373815267,0.21266808357557015,0.21457819960251015,1420800000,before_trump
2005-02-23,0.2116740345954895,0.21794081821832018,0.20815917438875392,0.21526593455623932,1107840000,before_trump
2005-02-24,0.21725311875343323,0.21755847663173458,0.20877085981663152,0.20877085981663152,695496000,before_trump
2005-02-25,0.22038555145263672,0.2215318013224574,0.2151898226748819,0.2175584329904823,525132000,before_trump
2005-02-28,0.22153180837631226,0.22160883446793564,0.21740530324781415,0.21931633465529818,758064000,before_trump
2005-03-01,0.22099719941616058,0.2261938441025525,0.21878081008382785,0.22252584697289476,737148000,before_trump
2005-03-02,0.21450208127498627,0.21977483648574986,0.21320269465530237,0.2185515604469882,947460000,before_trump
2005-03-03,0.21159793436527252,0.21534205566193454,0.20846454240064818,0.2139665584754281,761292000,before_trump
2005-03-04,0.21068094670772552,0.21404358594770023,0.20892305191828328,0.2122095805776256,593124000,before_trump
2005-03-07,0.21282027661800385,0.21725306847303089,0.21014630856782462,0.21159791620992352,511176000,before_trump
2005-03-08,0.20204554498195648,0.2127441923751157,0.20067004774322802,0.21228569785033205,1332384000,before_trump
2005-03-09,0.19677284359931946,0.20449125136976845,0.19616212774095476,0.20074712890395477,910140000,before_trump
2005-03-10,0.19669665396213531,0.19914230394671265,0.19356326227807333,0.19738440932599577,689280000,before_trump
2005-03-11,0.19226481020450592,0.1987599259312042,0.19050691541095474,0.19845456809469303,732180000,before_trump
2005-03-14,0.19768978655338287,0.19853067865968635,0.1948626815756328,0.19623817877410574,572148000,before_trump
2005-03-15,0.19371642172336578,0.20059392102829224,0.19356327139194454,0.1986838051709838,378108000,before_trump
2005-03-16,0.19043086469173431,0.19600899314910336,0.19035383857344093,0.19295262629028673,535356000,before_trump
2005-03-17,0.18851973116397858,0.19172923278588416,0.18806122312406456,0.19104147755819972,442584000,before_trump
2005-03-18,0.18469956517219543,0.18928456519336448,0.18126081515631864,0.1886729339737702,639012000,before_trump
2005-03-21,0.19104152917861938,0.1915000236780479,0.18347627428741145,0.18462252420035952,654456000,before_trump
2005-03-22,0.18760277330875397,0.19295255429129918,0.18691501791771084,0.19119465960110377,622992000,before_trump
2005-03-23,0.19165323674678802,0.1929526237559534,0.18699211132607937,0.18737359352268565,728784000,before_trump
2005-03-24,0.19203561544418335,0.19738448269018088,0.19188247872743086,0.19218783664741548,865356000,before_trump
2005-03-28,0.18989530205726624,0.19486269989023763,0.18806129651067777,0.19211169157035493,511188000,before_trump
2005-03-29,0.185692697763443,0.19180634604010205,0.1848518055240292,0.1896660669773311,587400000,before_trump
2005-03-30,0.185692697763443,0.18836759566738887,0.17934980219481222,0.18576880835629522,858708000,before_trump
2005-03-31,0.18156614899635315,0.1859219011732676,0.18072525695541058,0.18462251465659765,518316000,before_trump
2005-04-01,0.17980827391147614,0.18485178201533703,0.1787390500294851,0.18378255813334599,510756000,before_trump
2005-04-04,0.1787390559911728,0.17934978536790028,0.17476478530112213,0.17881516657688423,421428000,before_trump
2005-04-05,0.17560569941997528,0.18255932518081833,0.17453555977190766,0.17881520285066338,430128000,before_trump
2005-04-06,0.1782805472612381,0.18187151819694605,0.17766890241986125,0.17889127658935883,567468000,before_trump
2005-04-07,0.18156614899635315,0.18340015422801484,0.17614025754063245,0.1791975387140758,506352000,before_trump
2005-04-08,0.1791975349187851,0.1863804053659517,0.17881513736166885,0.18233001108757405,621540000,before_trump
2005-04-11,0.17568174004554749,0.18110764487671704,0.17514713502339932,0.180496000106208,328380000,before_trump
2005-04-12,0.1778220534324646,0.17812741126549675,0.17124989802218743,0.1751471559822086,512232000,before_trump
2005-04-13,0.17040900886058807,0.1785097839525092,0.16926274533855934,0.17805128947519863,498408000,before_trump
2005-04-14,0.16903351247310638,0.17239615175684386,0.16842279679356345,0.1707914072854266,352080000,before_trump
2005-04-15,0.16315004229545593,0.16811651056050247,0.16162139473415219,0.16689415001805638,630156000,before_trump
2005-04-18,0.16200374066829681,0.16567173663911158,0.1612389593749091,0.16215596178370606,473100000,before_trump
2005-04-19,0.1676580160856247,0.16888129214167272,0.16391389469767415,0.16467776072188242,365460000,before_trump
2005-04-20,0.16253836452960968,0.17155523937503087,0.16238522788337195,0.17048601572628858,564672000,before_trump
2005-04-21,0.171555295586586,0.17216692685884427,0.1643724234188422,0.16582403140226112,538152000,before_trump
2005-04-22,0.169950470328331,0.17163225411528651,0.16796424429521148,0.1704860044626065,336276000,before_trump
2005-04-25,0.17262543737888336,0.17392482419644742,0.17056218443157825,0.17140307666724308,318168000,before_trump
2005-04-26,0.17186154425144196,0.1762934073333141,0.16834576834042875,0.17270152084174414,353148000,before_trump
2005-04-27,0.16528934240341187,0.16796422523907859,0.16185058017113776,0.16735259427702745,609348000,before_trump
2005-04-28,0.16582398116588593,0.16804037011090145,0.16315001329704865,0.16475475749072457,372948000,before_trump
2005-04-29,0.16758188605308533,0.1687281358808107,0.1598634950648415,0.16742874939357935,478356000,before_trump
2005-05-02,0.16697025299072266,0.1714791557095108,0.16444850592549157,0.16956903981208235,334908000,before_trump
2005-05-03,0.16605326533317566,0.17017977084136002,0.16536552352473025,0.1671234047595771,439512000,before_trump
2005-05-04,0.17132605612277985,0.1725493461494852,0.16628256049840098,0.16681808124631897,468816000,before_trump
2005-05-05,0.1746886521577835,0.17682801523016375,0.1714030392167245,0.17232002818016648,619272000,before_trump
2005-05-06,0.17705725133419037,0.17713427741843948,0.17270149937431098,0.17675189353665352,355728000,before_trump
2005-05-09,0.18034382164478302,0.18156618229756002,0.176751934761933,0.17782207423701443,745332000,before_trump
2005-05-10,0.17331315577030182,0.17812741654987732,0.1713260136847387,0.17805130596767627,735120000,before_trump
2005-05-11,0.17040900886058807,0.17499400829119838,0.17010363738240555,0.17423014233570527,555420000,before_trump
2005-05-12,0.17415402829647064,0.17644652796617588,0.17025677065934625,0.1704090054709965,835584000,before_trump
2005-05-13,0.19356325268745422,0.19463339189128767,0.1818714940673813,0.1898952561454829,2650320000,before_trump
2005-05-16,0.19425109028816223,0.19555047726412628,0.1911947235475842,0.1912708341493753,664104000,before_trump
2005-05-17,0.19639134407043457,0.19730834689118332,0.1929525937409111,0.19310481492470374,639804000,before_trump
2005-05-18,0.19784295558929443,0.19830146384003472,0.19386960001883505,0.19593285298621788,550056000,before_trump
2005-05-19,0.1974605768918991,0.19914236142469827,0.19524510267859216,0.1983014691582987,452880000,before_trump
2005-05-20,0.20097631216049194,0.20105242274013746,0.1949387891886985,0.19723128903937823,517008000,before_trump
2005-05-23,0.20563746988773346,0.20770072282516913,0.20174021130271513,0.20235185624450458,703668000,before_trump
2005-05-24,0.2085416615009308,0.20930551413275564,0.2036503728972315,0.20464440204795745,522192000,before_trump
2005-05-25,0.20586669445037842,0.20915230773088317,0.2038795523244675,0.208083083840834,535272000,before_trump
2005-05-26,0.2116740196943283,0.21327877760746475,0.20731826773635145,0.20770066528234582,788784000,before_trump
2005-05-27,0.2102985680103302,0.21228571023349502,0.2080830940247512,0.21228571023349502,322740000,before_trump
2005-05-31,0.20708903670310974,0.21113943118039927,0.20365028704598226,0.20938153647452806,763176000,before_trump
2005-06-01,0.2090000957250595,0.21282031428586204,0.20326884553832106,0.205713566787182,796632000,before_trump
2005-06-02,0.21679461002349854,0.21679461002349854,0.20823532500147618,0.20823532500147618,684348000,before_trump
2005-06-03,0.21625901758670807,0.21801689836917348,0.2139665181530968,0.21602977037622184,559620000,before_trump
2005-06-06,0.21419578790664673,0.21656531366852746,0.21220956155336945,0.21236178270098782,512892000,before_trump
2005-06-07,0.2090000957250595,0.21625907806228342,0.20823531413647128,0.21274420369877925,974136000,before_trump
2005-06-08,0.20754759013652802,0.21243886408099538,0.20533211597199974,0.20953471885581973,618720000,before_trump
2005-06-09,0.21625901758670807,0.21633604366559647,0.20571350926059667,0.2059427564710829,619908000,before_trump
2005-06-10,0.21381428837776184,0.21625902266475094,0.21236176533747445,0.2160297754488817,465096000,before_trump
2005-06-13,0.21855154633522034,0.22458908268282843,0.2133558175541361,0.2139665468529996,1409916000,before_trump
2005-06-14,0.20563746988773346,0.22221959031498853,0.19875995554148815,0.21862861878975776,2408412000,before_trump
2005-06-15,0.2050258070230484,0.2059428097666774,0.1969259463434607,0.20433805154923215,1669788000,before_trump
2005-06-16,0.20609594881534576,0.2074714461143801,0.20196944325386462,0.20494969878875413,489240000,before_trump
2005-06-17,0.2056373953819275,0.2090000339123725,0.20510277673939448,0.20861765006335925,456348000,before_trump
2005-06-20,0.20877087116241455,0.21014636862399497,0.20227483868039176,0.20563747857116987,606060000,before_trump
2005-06-21,0.2107570618391037,0.21175109063950476,0.20815919040243022,0.21014633248994463,428172000,before_trump
2005-06-22,0.21052780747413635,0.2144250656750306,0.20792994962089748,0.2129734578224587,700668000,before_trump
2005-06-23,0.21381428837776184,0.21641215931303412,0.20938151053804976,0.2101462919307294,836976000,before_trump
2005-06-24,0.20701298117637634,0.21350809830633738,0.20586673098584865,0.2134319877090835,475632000,before_trump
2005-06-27,0.20533207058906555,0.20739530944595483,0.20349806531141237,0.20571353898627193,354588000,before_trump
2005-06-28,0.20663057267665863,0.20800607000941415,0.20387956434676907,0.20617206445615446,262308000,before_trump
2005-06-29,0.20472049713134766,0.20708910829866436,0.20303962793459904,0.20670763976848713,283572000,before_trump
2005-06-30,0.2041858285665512,0.20800606067816213,0.20258108402772246,0.20609594462235667,593232000,before_trump
2005-07-01,0.2051028609275818,0.20540823248866708,0.20097635485401152,0.20349811615695995,315168000,before_trump
2005-07-05,0.20831236243247986,0.20915233918430448,0.20387958298494419,0.20586672540969195,388440000,before_trump
2005-07-06,0.2138904631137848,0.21480745219378233,0.2066305654087158,0.20900009153635024,703632000,before_trump
2005-07-07,0.21236185729503632,0.21396661582976798,0.2098401094997502,0.21052785144516603,465900000,before_trump
2005-07-08,0.21503670513629913,0.2157244469207373,0.21091019977216013,0.2136611942386678,408132000,before_trump
2005-07-11,0.21824616193771362,0.22046255083288152,0.21602977304254573,0.2169467618958085,399492000,before_trump
2005-07-12,0.2170238494873047,0.21870470458220587,0.21259105705529582,0.218093059709773,564252000,before_trump
2005-07-13,0.21732917428016663,0.21855153466143806,0.2136611639588133,0.21794080539519625,594780000,before_trump
2005-07-14,0.20770063996315002,0.22390128545301863,0.20739526853859663,0.2196216445878027,1871496000,before_trump
2005-07-15,0.2054842859506607,0.20770067507626855,0.20189330158659238,0.20708903027509187,1223352000,before_trump
2005-07-18,0.20036469399929047,0.20494969399849242,0.19830144126677401,0.20487358341390274,1044900000,before_trump
2005-07-19,0.20311565697193146,0.20357416509923307,0.20005930506139852,0.20158702326007835,517896000,before_trump
2005-07-20,0.20617200434207916,0.2070128962852936,0.19799603516664868,0.20074702903004574,526500000,before_trump
2005-07-21,0.20265719294548035,0.20441508781718506,0.19845457691770296,0.2034980850892357,594528000,before_trump
2005-07-22,0.19738444685935974,0.2065544609089153,0.195932838946659,0.20365031590578123,699264000,before_trump
2005-07-25,0.1985306590795517,0.20464430578548154,0.19425101756695798,0.19509190959032827,974952000,before_trump
2005-07-26,0.20265719294548035,0.2029625507955673,0.19692594297626892,0.19768979535814168,759492000,before_trump
2005-07-27,0.206783726811409,0.2077007296654001,0.19952382823851544,0.20296257869269724,807828000,before_trump
2005-07-28,0.20838841795921326,0.20938153115242678,0.20357417129447955,0.20640127605958508,411240000,before_trump
2005-07-29,0.206783726811409,0.2097639826707851,0.2051028578061743,0.20754759296265266,351660000,before_trump
2005-08-01,0.20991705358028412,0.2108340561468637,0.2066305253454932,0.20800602236317486,389040000,before_trump
2005-08-02,0.21274417638778687,0.21343193178765632,0.20984004544920987,0.21014631878491427,422652000,before_trump
2005-08-03,0.21274417638778687,0.2147313183457066,0.21083407418478373,0.21274417638778687,518256000,before_trump
2005-08-04,0.21052780747413635,0.21205645508904958,0.21006931293962072,0.21113945235564047,356424000,before_trump
2005-08-05,0.21587757766246796,0.21633608583719444,0.20877083076579017,0.21022243854185094,684096000,before_trump
2005-08-08,0.21664144098758698,0.2213795910287727,0.21511280713657113,0.21732919640896295,725544000,before_trump
2005-08-09,0.2161068469285965,0.21748234417714676,0.21373730719829734,0.2169468098878331,291900000,before_trump
2005-08-10,0.2128973752260208,0.21809309161554502,0.21068098551796008,0.21702388123665736,440556000,before_trump
2005-08-11,0.21587757766246796,0.2162590597432909,0.21083408339111653,0.2128973360164429,701556000,before_trump
2005-08-12,0.22886782884597778,0.23085495727921565,0.22076795480348338,0.2285624573376573,2295420000,before_trump
2005-08-15,0.23467613756656647,0.23704474828362995,0.22672848404233228,0.22963261542151137,882804000,before_trump
2005-08-16,0.23070181906223297,0.23452295266266424,0.2290209504326185,0.2324597137827266,637488000,before_trump
2005-08-17,0.23070181906223297,0.2335298531003233,0.22955556916698913,0.22970869217113885,607572000,before_trump
2005-08-18,0.22474130988121033,0.23009107732028689,0.2237481966491647,0.22894484108327004,822732000,before_trump
2005-08-19,0.2231365293264389,0.22581142644069985,0.2224487876535594,0.22512367110344508,422232000,before_trump
2005-08-22,0.2213025689125061,0.22634607718775848,0.21870471102130967,0.22275510596399528,547224000,before_trump
2005-08-23,0.22275514900684357,0.22390139924574776,0.2203095118145966,0.22107336435977676,254460000,before_trump
2005-08-24,0.22290728986263275,0.227645425824865,0.2202333218327979,0.22130253190796062,514620000,before_trump
2005-08-25,0.224435955286026,0.22565832952186715,0.2219903186297932,0.22390135017292082,296484000,before_trump
2005-08-26,0.22099721431732178,0.2246652253586795,0.2188578509357702,0.2246652253586795,323436000,before_trump
2005-08-29,0.2213796079158783,0.22160885518569853,0.21717607630277716,0.21893395754021933,343392000,before_trump
2005-08-30,0.2293262928724289,0.22986182708410605,0.2206918148729353,0.22099717267627142,948852000,before_trump
2005-08-31,0.2344469279050827,0.23735014440594346,0.22810403128177567,0.22879178693642782,906804000,before_trump
2005-09-01,0.2345229983329773,0.23666234820717272,0.23253586964371928,0.2337591322036802,556884000,before_trump
2005-09-02,0.23070181906223297,0.23498144715501113,0.2299379530816889,0.23498144715501113,469800000,before_trump
2005-09-06,0.23261287808418274,0.23383523877408752,0.22802787768920188,0.23154273857659707,423096000,before_trump
2005-09-07,0.24002501368522644,0.2406366312967159,0.23169589136432814,0.23230660712679263,588012000,before_trump
2005-09-08,0.2428521364927292,0.24583239246016556,0.23857340913750713,0.23857340913750713,646116000,before_trump
2005-09-09,0.24598558247089386,0.24652021515404712,0.24147669106899194,0.24545097711650832,454236000,before_trump
2005-09-12,0.24514459073543549,0.24697859616470422,0.24224137508973215,0.24621473012954515,556584000,before_trump
2005-09-13,0.2525576055049896,0.25377996597148156,0.24399832203548777,0.24399832203548777,854724000,before_trump
2005-09-14,0.24950028955936432,0.2540091776654723,0.24835401256346407,0.2506465392265168,503448000,before_trump
2005-09-15,0.2539331316947937,0.25676023671183,0.2517928529410796,0.2533214868356733,759756000,before_trump
2005-09-16,0.2540854513645172,0.2574480919624691,0.25202218424166545,0.2560725805472346,519828000,before_trump
2005-09-19,0.2504943907260895,0.25462086886120927,0.2491188797952124,0.25377999037769666,428316000,before_trump
2005-09-20,0.25538474321365356,0.25821187575188476,0.2520991434552331,0.2524044876523704,522192000,before_trump
2005-09-21,0.2531683146953583,0.25943509822661315,0.25095285472820344,0.2543916043082684,625656000,before_trump
2005-09-22,0.24636779725551605,0.25377989972327175,0.24185888212407267,0.25377989972327175,739152000,before_trump
2005-09-23,0.24995887279510498,0.2520991517650547,0.2437691005296569,0.24583236706105874,314640000,before_trump
2005-09-26,0.25202205777168274,0.25377995238888934,0.24736094788692897,0.25186983662533236,406776000,before_trump
2005-09-27,0.2528630793094635,0.2553087030808891,0.2509529626707703,0.25309231298281687,404160000,before_trump
2005-09-28,0.2543916404247284,0.25507939590413375,0.2507236294204037,0.25362684518149703,353556000,before_trump
2005-09-29,0.2596644163131714,0.2598166374973102,0.2524045043225684,0.2544677709222294,513372000,before_trump
2005-09-30,0.26195693016052246,0.2643255411006615,0.2592820458093678,0.25981665100846557,458832000,before_trump
2005-10-03,0.26913976669311523,0.2710498827742499,0.262873884144536,0.2650132611608674,549888000,before_trump
2005-10-04,0.26562488079071045,0.27471784031019425,0.26501323595787385,0.2702859910071493,514476000,before_trump
2005-10-05,0.25683626532554626,0.2659301515111626,0.25523152136123756,0.2659301515111626,599184000,before_trump
2005-10-06,0.25591933727264404,0.2605043367315464,0.24820183421971076,0.2565309547528567,685512000,before_trump
2005-10-07,0.25263360142707825,0.25897649281668633,0.25064647403702767,0.2563777208821765,551952000,before_trump
2005-10-10,0.2462148517370224,0.2543917559599034,0.24613874111634187,0.25393326120832077,459216000,before_trump
2005-10-11,0.24315832555294037,0.2492710565620171,0.24033029176143453,0.24713167996221758,540048000,before_trump
2005-10-12,0.24606163799762726,0.24980668950291274,0.2421643926189139,0.242470666050321,657660000,before_trump
2005-10-13,0.24476315081119537,0.245909400985875,0.2353638884473186,0.2455270169779567,509304000,before_trump
2005-10-14,0.24476315081119537,0.24957741247635373,0.24071275531279837,0.24652014411115789,311256000,before_trump
2005-10-17,0.24713167548179626,0.24957732534760463,0.24491528650239158,0.24491528650239158,243912000,before_trump
2005-10-18,0.24308134615421295,0.24850725234497756,0.24147660150813455,0.24804875777877766,299832000,before_trump
2005-10-19,0.24101802706718445,0.24140041091675332,0.2331474021452192,0.23994881710931332,635952000,before_trump
2005-10-20,0.24269993603229523,0.24774343184642447,0.24033039566868408,0.2414005353556489,359520000,before_trump
2005-10-21,0.24407543241977692,0.24759029368186988,0.24239364779906733,0.2468264274842805,298368000,before_trump
2005-10-24,0.25072363018989563,0.25072363018989563,0.2439983512049416,0.24621474067114374,291012000,before_trump
2005-10-25,0.25232842564582825,0.2530922918677343,0.24797268559910174,0.24904189607693267,334680000,before_trump
2005-10-26,0.24545082449913025,0.2529390661744064,0.24506844061877556,0.25240443382367894,415344000,before_trump
2005-10-27,0.240330308675766,0.24667320287058947,0.2395664427080651,0.24590933690288858,227784000,before_trump
2005-10-28,0.24774335324764252,0.2482018477527814,0.2349814537110001,0.24094196426406772,464640000,before_trump
2005-10-31,0.2563778758049011,0.25813577078064204,0.24873650934336358,0.24873650934336358,432420000,before_trump
2005-11-01,0.25324535369873047,0.25828884760214826,0.25125819813462974,0.256377829941883,400488000,before_trump
2005-11-02,0.2679174542427063,0.26822279848985703,0.25217529534697625,0.25332154557146774,523668000,before_trump
2005-11-03,0.264784038066864,0.2712791551501232,0.2626446880735469,0.269751450135223,465072000,before_trump
2005-11-04,0.2602751851081848,0.2655479421655322,0.2575241897435404,0.2649372262777312,570276000,before_trump
2005-11-07,0.2591288685798645,0.26256761873959344,0.25805965829249644,0.26165062962850183,370824000,before_trump
2005-11-08,0.2543146014213562,0.2603521522530742,0.25316835139517174,0.26012289131633476,538968000,before_trump
2005-11-09,0.2657771408557892,0.26745892526569787,0.25194600201012063,0.25485014708702736,818880000,before_trump
2005-11-10,0.25591933727264404,0.2809846131453654,0.2509528557580541,0.27502413024604383,2503620000,before_trump
2005-11-11,0.26012295484542847,0.26317932171204866,0.2569895755246997,0.2581358258308296,545928000,before_trump
2005-11-14,0.26562488079071045,0.2674588861116002,0.25622562060162146,0.26019897540663245,493668000,before_trump
2005-11-15,0.2662355303764343,0.2697513189885469,0.2653955540162741,0.26722955888203387,496200000,before_trump
2005-11-16,0.2653186321258545,0.2679935437172805,0.26012291581438507,0.26654192203130317,455280000,before_trump
2005-11-17,0.27708733081817627,0.2773165916909721,0.2644015443043073,0.2675349493145922,703260000,before_trump
2005-11-18,0.2765518128871918,0.2802968628417666,0.2711268373230541,0.2780043359655257,465768000,before_trump
2005-11-21,0.2814430892467499,0.28190158365242823,0.27502408558100855,0.276858063203722,454704000,before_trump
2005-11-22,0.28893131017684937,0.2916823040094251,0.2806783013503735,0.2828946902004547,731700000,before_trump
2005-11-23,0.2880913019180298,0.2922939164320102,0.286562668527215,0.28923755149898883,411948000,before_trump
2005-11-25,0.2909184992313385,0.29137699370183173,0.2874797223807596,0.28946687791708753,116676000,before_trump
2005-11-28,0.28946685791015625,0.29420407809321114,0.28427021411079756,0.29168231768666575,424524000,before_trump
2005-11-29,0.2711268663406372,0.2800676319299935,0.26990360401763175,0.27234922681478635,1043136000,before_trump
2005-11-30,0.27624645829200745,0.2776219415711289,0.2691396990325908,0.2692158095992863,575448000,before_trump
2005-12-01,0.27953216433525085,0.2808315648745723,0.2755588086280037,0.2785390645350868,562032000,before_trump
2005-12-02,0.2796090841293335,0.28151919964292144,0.27586403448794017,0.28083144437043805,334476000,before_trump
2005-12-05,0.2744125425815582,0.28021990369014893,0.2734955261015641,0.28021990369014893,387708000,before_trump
2005-12-06,0.2755587100982666,0.2793028308300602,0.2744885709070403,0.2748709547765852,375252000,before_trump
2005-12-07,0.27601727843284607,0.2783097785663741,0.27127912780997027,0.2766289233496199,352668000,before_trump
2005-12-08,0.273800790309906,0.27815655539262657,0.2706683146203036,0.27456555797839755,386664000,before_trump
2005-12-09,0.2776980996131897,0.2780805108669944,0.2708206000555548,0.274641733759423,262896000,before_trump
2005-12-12,0.2817484438419342,0.28236008857434586,0.2780043232363048,0.27846284498780843,281136000,before_trump
2005-12-13,0.2854166030883789,0.2878622541190681,0.2802199567542786,0.2822831963996461,443412000,before_trump
2005-12-14,0.2827417254447937,0.28465274392607204,0.2793799868545421,0.283277232575668,287472000,before_trump
2005-12-15,0.2791506052017212,0.2846525930291556,0.2762464609756502,0.2825123146811362,332724000,before_trump
2005-12-16,0.2815954089164734,0.2828186714350643,0.27746890316381756,0.2801437872994409,1065600000,before_trump
2005-12-19,0.2769342362880707,0.284270257750108,0.2762465081886646,0.28220699146562717,292296000,before_trump
2005-12-20,0.2767811417579651,0.280831536834499,0.2731131306495228,0.2766289205814163,304356000,before_trump
2005-12-21,0.27624648809432983,0.28037299303437285,0.2737247274840946,0.27808049332643253,289380000,before_trump
2005-12-22,0.28465256094932556,0.2849579323621344,0.2759410584303671,0.2760171689892245,318336000,before_trump
2005-12-23,0.2868681252002716,0.287250509123787,0.2835063878635397,0.28541650378336425,214536000,before_trump
2005-12-27,0.2886259853839874,0.2917593909038215,0.285645757525494,0.28656274650829916,367968000,before_trump
2005-12-28,0.2913009226322174,0.2922179116975602,0.28679203323233343,0.28862601136301896,264420000,before_trump
2005-12-29,0.2848049998283386,0.2920649142018854,0.28358263872260214,0.29114789741367697,310464000,before_trump
2005-12-30,0.2793799638748169,0.28327720927538436,0.278233713620017,0.28320019682472447,229608000,before_trump
2006-01-03,0.2920648753643036,0.2942042256449992,0.2800677393972434,0.280984728734747,472812000,before_trump
2006-01-04,0.30024170875549316,0.30070023068882806,0.2912239285415078,0.29428122423849834,510072000,before_trump
2006-01-05,0.3070421814918518,0.3075777158428544,0.29978319865299385,0.30031780382620843,646092000,before_trump
2006-01-06,0.3120857775211334,0.3132320279082124,0.2984077853357324,0.310558044904523,623388000,before_trump
2006-01-09,0.3207971751689911,0.3224789321240459,0.31124569314060985,0.3119334212723976,560484000,before_trump
2006-01-10,0.3208741545677185,0.3208741545677185,0.3152190157773446,0.3192694102108309,339660000,before_trump
2006-01-11,0.33248886466026306,0.3343228423898017,0.3206448851909446,0.3211794901910226,626304000,before_trump
2006-01-12,0.3277517259120941,0.33753247001504444,0.32538221321915267,0.3324128643357275,495504000,before_trump
2006-01-13,0.324847549200058,0.3296617824578065,0.320262522199875,0.3269868986998483,421296000,before_trump
2006-01-17,0.32461830973625183,0.3247714600822965,0.31613603792058337,0.32041569370935086,329232000,before_trump
2006-01-18,0.326299250125885,0.32736938981499714,0.3117803803619658,0.3147606365899922,459948000,before_trump
2006-01-19,0.3444097936153412,0.34891868120512826,0.3300440837284395,0.33065479918462076,914760000,before_trump
2006-01-20,0.3347815275192261,0.348918915226785,0.33470541691439193,0.3449455590517603,461604000,before_trump
2006-01-23,0.3366925120353699,0.3395196176211319,0.332795266857472,0.3373802676147072,334884000,before_trump
2006-01-24,0.3383733332157135,0.34540398401282396,0.33653935496127835,0.3374563440884959,388896000,before_trump
2006-01-25,0.33539316058158875,0.3422706621640363,0.33134276476848307,0.340054272238669,400236000,before_trump
2006-01-26,0.3468555808067322,0.3471609523205447,0.3381440754063844,0.34028342504342346,448836000,before_trump
2006-01-27,0.3534276783466339,0.35732492220959444,0.3484602679238535,0.3513644123047717,385044000,before_trump
2006-01-30,0.3494534492492676,0.35533782217180643,0.34784867741233616,0.35495543822837317,315780000,before_trump
2006-01-31,0.34356993436813354,0.34960655549662367,0.34089505059024344,0.3476964395689193,384456000,before_trump
2006-02-01,0.3437991440296173,0.3451746546677292,0.33608073986326853,0.3373801399330116,450852000,before_trump
2006-02-02,0.3333297669887543,0.3471609028263908,0.3327951619501339,0.34693164192929504,473736000,before_trump
2006-02-03,0.33638614416122437,0.34051264914974966,0.3301202897670119,0.33119042905864854,504252000,before_trump
2006-02-06,0.34586241841316223,0.34624390047193937,0.334017535765458,0.3354691571220068,363468000,before_trump
2006-02-07,0.33355912566185,0.3465502614699226,0.3334059752930419,0.3465502614699226,399408000,before_trump
2006-02-08,0.34318751096725464,0.34318751096725464,0.3345521176338925,0.3345521176338925,393072000,before_trump
2006-02-09,0.3373802602291107,0.34960662803106135,0.3352399810916919,0.34425776121440804,437100000,before_trump
2006-02-10,0.33546921610832214,0.3401312288491657,0.32759858860766294,0.33860259479875776,414996000,before_trump
2006-02-13,0.3366154134273529,0.33898492564571814,0.3321074262702643,0.33439992606208224,280740000,before_trump
2006-02-14,0.3372271955013275,0.33844955657147713,0.3327953440878052,0.33661557770598793,342348000,before_trump
2006-02-15,0.3437221646308899,0.3446391809935479,0.33569841493359426,0.3365393207145207,493296000,before_trump
2006-02-16,0.36068665981292725,0.36145145496849473,0.3477725395207011,0.3501411498808294,1305888000,before_trump
2006-02-17,0.36274999380111694,0.3875860413165074,0.3606867272138414,0.3872036573316448,2356956000,before_trump
2006-02-21,0.3550325036048889,0.36259775949355605,0.3518990976170735,0.3619861145782154,684060000,before_trump
2006-02-22,0.35442087054252625,0.3572479759139675,0.3415828584640037,0.34998899316470106,939756000,before_trump
2006-02-23,0.3489949405193329,0.35572024682255227,0.3480018408450171,0.3533507070096365,385128000,before_trump
2006-02-24,0.3489188849925995,0.35472627394642614,0.34708490652702334,0.3505236571431195,416412000,before_trump
2006-02-27,0.3630562424659729,0.3652717300855728,0.34792573117155073,0.3515937421910338,666468000,before_trump
2006-02-28,0.36015215516090393,0.3645079223598161,0.35663729392940713,0.3614515557469519,563316000,before_trump
2006-03-01,0.37383100390434265,0.3759703535476208,0.3591589875744533,0.36145148756392764,703932000,before_trump
2006-03-02,0.37436559796333313,0.3796383532491372,0.36955133719613054,0.3734485815973754,545460000,before_trump
2006-03-03,0.37566500902175903,0.38216015283767707,0.37023913017296567,0.3709268856849694,595800000,before_trump
2006-03-06,0.374900221824646,0.38552277268749363,0.3730662163297082,0.38300101171585965,529020000,before_trump
2006-03-07,0.3684811592102051,0.37788041883613904,0.36106905512090337,0.37497720353594444,606204000,before_trump
2006-03-08,0.36664724349975586,0.3704684051801598,0.35350388699816776,0.36855828892885345,670800000,before_trump
2006-03-09,0.36855825781822205,0.3772697634651072,0.36832899688195286,0.3710799914734018,536700000,before_trump
2006-03-10,0.36213934421539307,0.37283707925614246,0.35885281448136724,0.3681759400617705,521580000,before_trump
2006-03-13,0.36649492383003235,0.36825188924619556,0.363056174392322,0.36580716847674005,372132000,before_trump
2006-03-14,0.37665805220603943,0.37818668591813215,0.36542478755446145,0.3668002982722061,627792000,before_trump
2006-03-15,0.3826947808265686,0.3832303151910829,0.3759704029912671,0.37742202469160935,510600000,before_trump
2006-03-16,0.36970454454421997,0.3838410283422507,0.36840514404130575,0.38338253375295184,568416000,before_trump
2006-03-17,0.3726847171783447,0.3736778167290073,0.3624445514904637,0.3679465673201849,618588000,before_trump
2006-03-20,0.36985668540000916,0.3760464293330483,0.36947520333635436,0.3759703187558381,293772000,before_trump
2006-03-21,0.38812056183815,0.395074198875382,0.37795746346555353,0.38812056183815,1235472000,before_trump
2006-03-22,0.376963347196579,0.38009672455784177,0.36848107837261684,0.37826271974918113,1158576000,before_trump
2006-03-23,0.38399404287338257,0.3855227039033712,0.373983166016292,0.3782627938047316,661992000,before_trump
2006-03-24,0.39698517322540283,0.39767292852947034,0.3843764261895798,0.384987141749462,687936000,before_trump
2006-03-27,0.4076828956604004,0.4079891689480699,0.39599113768257554,0.39729053770120876,651444000,before_trump
2006-03-28,0.4139496982097626,0.4193746737341718,0.4050089336427747,0.4058489101057799,795204000,before_trump
2006-03-29,0.43618711829185486,0.4369509844533762,0.4122680586513061,0.41570680915175584,987096000,before_trump
2006-03-30,0.43916741013526917,0.44153602125844227,0.42877411800976606,0.43664564863037364,1063308000,before_trump
2006-03-31,0.4375624358654022,0.44497453878417154,0.43488752538097547,0.4388609066491921,835560000,before_trump
2006-04-03,0.44245290756225586,0.4485665688079224,0.43435304702102306,0.43985506338881636,968916000,before_trump
2006-04-04,0.46316152811050415,0.46384928350637084,0.4426060153039838,0.44306450979164397,1200612000,before_trump
2006-04-05,0.4669065475463867,0.4691990472960167,0.4524637663292144,0.46232154804712666,1112976000,before_trump
2006-04-06,0.4678235650062561,0.47133842542105475,0.4592642537944587,0.4656832862788596,789312000,before_trump
2006-04-07,0.46660009026527405,0.46996272818471246,0.4574300943447898,0.4658362518834894,682674000,before_trump
2006-04-10,0.45850053429603577,0.4682822085761096,0.4549856729675561,0.4655311861308853,634230000,before_trump
2006-04-11,0.44734328985214233,0.4600291071815361,0.4445922952662077,0.4600291071815361,702072000,before_trump
2006-04-12,0.46537792682647705,0.4678235771185458,0.4478017659421269,0.4502474162341956,598308000,before_trump
2006-04-13,0.4523867666721344,0.4606397496064809,0.45055276135491734,0.4554440343238215,738360000,before_trump
2006-04-17,0.45360997319221497,0.4649193751953266,0.44994196300911077,0.4516228451137615,443868000,before_trump
2006-04-18,0.4429113566875458,0.4456623507552942,0.43083718652512204,0.44550920043436537,1165488000,before_trump
2006-04-19,0.44566234946250916,0.4505527201351426,0.43404670111903093,0.4401603340142216,517476000,before_trump
2006-04-20,0.44505080580711365,0.4529984456575215,0.4343530731208695,0.44168909538540824,552684000,before_trump
2006-04-21,0.4290032386779785,0.4482602531554046,0.4238074961637575,0.4464262478724945,770016000,before_trump
2006-04-24,0.4421476423740387,0.4464263697505559,0.4241129834357425,0.4317543508104469,676848000,before_trump
2006-04-25,0.4418412744998932,0.44291141387198724,0.42946175860357527,0.4371040261936238,719766000,before_trump
2006-04-26,0.4387849271297455,0.45024742715067434,0.43404677677419495,0.44352305015654025,330528000,before_trump
2006-04-27,0.4458155333995819,0.4499420111360147,0.42762772900554635,0.43710400145071504,462966000,before_trump
2006-04-28,0.4465794265270233,0.4522345934121178,0.4422997979364689,0.44612093198134756,284736000,before_trump
2006-05-01,0.4722554087638855,0.48096694103273263,0.44963575431611996,0.44963575431611996,902472000,before_trump
2006-05-02,0.47164386510849,0.4814254836024684,0.46354400374418836,0.4757703436427033,539700000,before_trump
2006-05-03,0.47470104694366455,0.47989678953080284,0.46583641921912183,0.4662948863853423,378114000,before_trump
2006-05-04,0.47164386510849,0.4768404831611128,0.4629323314754044,0.4653779820577239,511128000,before_trump
2006-05-05,0.47806280851364136,0.47974462017647546,0.4675172973467945,0.4740894806348724,338184000,before_trump
2006-05-08,0.47592341899871826,0.4872328226156178,0.47149156961746475,0.4768404080109684,503622000,before_trump
2006-05-09,0.4614046514034271,0.47775758100038346,0.4607930337229979,0.4753119301415089,561648000,before_trump
2006-05-10,0.4511644244194031,0.46125144040736593,0.4465793972766894,0.4559025472452928,753264000,before_trump
2006-05-11,0.43511688709259033,0.46002906861345094,0.43160202673663023,0.4557494130791934,1201110000,before_trump
2006-05-12,0.4024101495742798,0.42686380516401357,0.3933932746900242,0.424724456008591,1568172000,before_trump
2006-05-15,0.40821853280067444,0.4117333933839961,0.398131516407098,0.40164637699041966,553380000,before_trump
2006-05-16,0.39751994609832764,0.4106633310067575,0.39492210142458634,0.4105111098090515,497532000,before_trump
2006-05-17,0.3814723789691925,0.39843689569100155,0.3744417284877867,0.3961443956471427,841074000,before_trump
2006-05-18,0.36420246958732605,0.3881967062202173,0.36374397507091627,0.3845287227601847,686730000,before_trump
2006-05-19,0.3718439042568207,0.3805554109981894,0.36389626367765815,0.36756427514626383,932808000,before_trump
2006-05-22,0.36680033802986145,0.3706214717998688,0.35671332210681733,0.3698567039365301,734886000,before_trump
2006-05-23,0.3628269135951996,0.3831531642406785,0.36129827989510105,0.374441660197069,532314000,before_trump
2006-05-24,0.36756426095962524,0.3784160464263479,0.3577835168727308,0.3660365286941777,579522000,before_trump
2006-05-25,0.3655780553817749,0.37994377347019803,0.3635908992392206,0.3744417834882707,423666000,before_trump
2006-05-26,0.3663419187068939,0.3693982852408655,0.362520756823859,0.3669535363560644,294642000,before_trump
2006-05-30,0.3510582149028778,0.36710571560874583,0.35090599372697634,0.36695349443284436,448788000,before_trump
2006-05-31,0.35121122002601624,0.35915888445172245,0.3490718709969941,0.35579624601725474,598422000,before_trump
2006-06-01,0.3695513606071472,0.3695513606071472,0.3496826987481412,0.3551847153061752,537126000,before_trump
2006-06-02,0.36420246958732605,0.3773458515235507,0.36053445879853874,0.37551184612915706,673710000,before_trump
2006-06-05,0.3489187955856323,0.3689396764900863,0.3478486562527186,0.36221532735527967,581052000,before_trump
2006-06-06,0.3395957946777344,0.3536571004456453,0.330120447071145,0.3533508269700815,824130000,before_trump
2006-06-07,0.33348292112350464,0.34387528026722086,0.3308841207900261,0.34326363547087635,565380000,before_trump
2006-06-08,0.3273693323135376,0.3339414886528023,0.314225976141534,0.3296618324972312,730572000,before_trump
2006-06-09,0.32629916071891785,0.33730316598408905,0.32354816623481386,0.3316489558494499,433824000,before_trump
2006-06-12,0.30826541781425476,0.3249236596458643,0.30643141248068495,0.32064493331928573,463230000,before_trump
2006-06-13,0.30352723598480225,0.31437811651267306,0.300623091617455,0.3081122351736247,532548000,before_trump
2006-06-14,0.31239187717437744,0.31330886604232094,0.3021517126698463,0.305361228365148,480492000,before_trump
2006-06-15,0.3397488296031952,0.34081896904103104,0.32125567886853007,0.3238544522880644,837336000,before_trump
2006-06-16,0.3310372531414032,0.3383732462602049,0.32782773736341153,0.33745625736863605,503448000,before_trump
2006-06-19,0.32110345363616943,0.3363861858640954,0.32033865840175546,0.3347053307312517,388044000,before_trump
2006-06-20,0.3160598874092102,0.3232427579778335,0.31101639354024124,0.3122387539636044,535818000,before_trump
2006-06-21,0.31957486271858215,0.32461835797414257,0.3146844905030648,0.3146844905030648,441174000,before_trump
2006-06-22,0.3102516829967499,0.3240066837207437,0.3081123059022875,0.3230896946039803,532338000,before_trump
2006-06-23,0.31040480732917786,0.31682381315980507,0.30673682351793174,0.3096409412354033,335202000,before_trump
2006-06-26,0.30750057101249695,0.3133088593809737,0.305972866607149,0.3099462207725117,281736000,before_trump
2006-06-27,0.29771995544433594,0.30964095103342926,0.2935934496134457,0.3093346776412852,608514000,before_trump
2006-06-28,0.31422585248947144,0.31911619514425976,0.2922178211262054,0.3000123350807733,833376000,before_trump
2006-06-29,0.32843950390815735,0.32843950390815735,0.3045974832707653,0.30566669369862054,687666000,before_trump
2006-06-30,0.32538214325904846,0.3368446420493566,0.3229374223478456,0.3316489268942304,468240000,before_trump
2006-07-03,0.3301202952861786,0.33317663370541256,0.3278277681842232,0.33287128954827083,174696000,before_trump
2006-07-05,0.3152950704097748,0.32782770621632285,0.3152950704097748,0.32492358950018846,459708000,before_trump
2006-07-06,0.30551445484161377,0.31835246731414707,0.30230496538785995,0.3152951990478712,470634000,before_trump
2006-07-07,0.2960382401943207,0.30826553936229883,0.2926765015446282,0.30765389428406387,541230000,before_trump
2006-07-10,0.28320011496543884,0.29894226972712745,0.28060224362277014,0.296802892888098,449922000,before_trump
2006-07-11,0.29267647862434387,0.29374571645160247,0.27815670718351365,0.28228318632700455,600582000,before_trump
2006-07-12,0.2786150872707367,0.2949688579004326,0.27830971580570824,0.29160621904747364,461034000,before_trump
2006-07-13,0.2714322805404663,0.2812139260769289,0.2700567695168127,0.27433642561617566,540582000,before_trump
2006-07-14,0.27005669474601746,0.2780043324933927,0.26241533029940567,0.2764756988645709,572148000,before_trump
2006-07-17,0.27219611406326294,0.2752533818014547,0.267458893143681,0.2688343766739476,502806000,before_trump
2006-07-18,0.287021279335022,0.28992542433266344,0.27143227324395275,0.28151929004582427,979332000,before_trump
2006-07-19,0.29955390095710754,0.30322188414831985,0.28365859658095266,0.2857988751716154,1055550000,before_trump
2006-07-20,0.2935934066772461,0.31025164874731864,0.2931349121694787,0.3049027830059015,505602000,before_trump
2006-07-21,0.2715853750705719,0.2848819073606241,0.26944509632097735,0.2836586176447378,633918000,before_trump
2006-07-24,0.29894232749938965,0.3058198283693561,0.280143803258474,0.28167243740148384,983178000,before_trump
2006-07-25,0.30948778986930847,0.3126972788263563,0.29817841328017175,0.30261029010813056,574104000,before_trump
2006-07-26,0.30948778986930847,0.3131558006734386,0.30031776285898315,0.30948778986930847,495318000,before_trump
2006-07-27,0.31391963362693787,0.32629914936789023,0.30826542368899273,0.31346113911699613,694338000,before_trump
2006-07-28,0.3464731276035309,0.34708477235782553,0.3201863681601228,0.3220203732455059,815298000,before_trump
2006-07-31,0.33837324380874634,0.34632090896185297,0.337456254923821,0.3428051199033837,594762000,before_trump
2006-08-01,0.3247714638710022,0.3348584530008809,0.31865780255539794,0.3342468081160107,600966000,before_trump
2006-08-02,0.34968259930610657,0.35136438317353486,0.3311903828552981,0.33195422138199865,756774000,before_trump
2006-08-03,0.37169066071510315,0.38116693239556526,0.34356989535311844,0.3484602659998706,890568000,before_trump
2006-08-04,0.36664724349975586,0.38208405674907453,0.35717187098680164,0.38147241180357866,818232000,before_trump
2006-08-07,0.36236849427223206,0.3669534944744282,0.3553378436152846,0.3602282153470527,436146000,before_trump
2006-08-08,0.37199705839157104,0.37979154868030585,0.36435476196711253,0.365271778507926,619806000,before_trump
2006-08-09,0.37184375524520874,0.3897252834922988,0.36909276141055974,0.37933289822180755,584706000,before_trump
2006-08-10,0.3692459464073181,0.37138532320443773,0.36145145801188,0.3677173125896708,1072140000,before_trump
2006-08-11,0.35763025283813477,0.36695340122705356,0.34112426177035543,0.342346622098247,1603272000,before_trump
2006-08-14,0.3557964265346527,0.36573029472721974,0.3538092702934771,0.3620622830047202,809412000,before_trump
2006-08-15,0.3900306522846222,0.39201780771767786,0.36145142017748894,0.3649662800906684,902172000,before_trump
2006-08-16,0.41799914836883545,0.41968093226189623,0.3820839248847138,0.39217091153319616,1029246000,before_trump
2006-08-17,0.41142791509628296,0.42365430529800413,0.40730141070292586,0.4128034256703182,814224000,before_trump
2006-08-18,0.4181523621082306,0.42029171157258655,0.3975198365997849,0.4118865075421855,665898000,before_trump
2006-08-21,0.4027165174484253,0.412650383520886,0.4017995283778869,0.41188654479758785,500220000,before_trump
2006-08-22,0.40210482478141785,0.41326197929302655,0.4011878358198507,0.4014932073003463,473928000,before_trump
2006-08-23,0.4017994999885559,0.4092877151795914,0.39293484478251445,0.40516120999621735,485412000,before_trump
2006-08-24,0.40592604875564575,0.40806539849204954,0.39644974769285374,0.40286875340855155,260802000,before_trump
2006-08-25,0.4047027826309204,0.4118865840248774,0.39889542148031193,0.4028687769864207,238314000,before_trump
2006-08-28,0.4186108410358429,0.4305318614038251,0.410663202617164,0.41142797042054585,764562000,before_trump
2006-08-29,0.43756261467933655,0.43954884153642565,0.419527956849758,0.4225843232419245,727962000,before_trump
2006-08-30,0.44657936692237854,0.4511643937534448,0.4389380017014693,0.4400072391518664,681564000,before_trump
2006-08-31,0.4448985457420349,0.4474964171732597,0.4352700515223785,0.44550926142553565,511278000,before_trump
2006-09-01,0.4262522757053375,0.4418413090894231,0.42457142052291563,0.4383264210431311,605742000,before_trump
2006-09-05,0.4355752766132355,0.43725613121762197,0.42136178642936095,0.42762763963040035,549354000,before_trump
2006-09-06,0.41372057795524597,0.4285448175260229,0.4126504383951602,0.42793410173999613,493572000,before_trump
2006-09-07,0.4219735562801361,0.431295805293519,0.40256341579156435,0.40699526568969924,742836000,before_trump
2006-09-08,0.4233490526676178,0.43053192433280396,0.41402590212721585,0.42869791882898794,447978000,before_trump
2006-09-11,0.4299201965332031,0.43481146905653245,0.4091354516119805,0.41387267196598265,598266000,before_trump
2006-09-12,0.4412304759025574,0.4439814973076459,0.4268638334127811,0.42793397265005023,498432000,before_trump
2006-09-13,0.4447454512119293,0.45055281197871144,0.4409242898136564,0.44229980078830894,476286000,before_trump
2006-09-14,0.4430645704269409,0.4508590870988882,0.437256280459949,0.4426060758765338,428814000,before_trump
2006-09-15,0.4517761170864105,0.4539154943372809,0.44245296556718,0.4445923428180503,649764000,before_trump
2006-09-18,0.46889275312423706,0.46965752095058955,0.45162289418673995,0.45299837765830037,793896000,before_trump
2006-09-19,0.45666635036468506,0.4691990148740979,0.45284521709639775,0.46583637605830375,708054000,before_trump
2006-09-20,0.4733254611492157,0.47393620403235986,0.46170981363738983,0.4626268024820747,511884000,before_trump
2006-09-21,0.4695045053958893,0.47760436659019784,0.4650726007516719,0.47286714506440436,539106000,before_trump
2006-09-22,0.45559632778167725,0.47103311327775904,0.45040061167448237,0.4681289954996981,653334000,before_trump
2006-09-25,0.47195005416870117,0.47393630808369797,0.44994204377697844,0.462473808364833,684486000,before_trump
2006-09-26,0.46201539039611816,0.47271405381768766,0.4560548782705996,0.4714916929882201,516120000,before_trump
2006-09-27,0.4606398344039917,0.4753118796426515,0.4562079842939785,0.4606398344039917,578142000,before_trump
2006-09-28,0.4519282579421997,0.4537622633125624,0.44061890887730965,0.4426060372578519,647346000,before_trump
2006-09-29,0.45223450660705566,0.4585003606793571,0.44978885666863944,0.4549855006818215,373890000,before_trump
2006-10-02,0.44077202677726746,0.452998392049966,0.43710401607906824,0.45009427468228924,647442000,before_trump
2006-10-03,0.4325190484523773,0.43588078605436753,0.4228905538163626,0.4325190484523773,907692000,before_trump
2006-10-04,0.4750063419342041,0.4751594922433197,0.43190729244391507,0.4331296800556982,1460382000,before_trump
2006-10-05,0.4615567624568939,0.4779105626714844,0.4603344019081093,0.473172412463425,662682000,before_trump
2006-10-06,0.4727138876914978,0.47760425846862115,0.4609460179536305,0.46232152867727994,593610000,before_trump
2006-10-09,0.5031281113624573,0.5093939389038453,0.4702682901099509,0.4716438009868554,932304000,before_trump
2006-10-10,0.491665780544281,0.5025166116273995,0.48601058475512743,0.5005294825404485,624648000,before_trump
2006-10-11,0.49441665410995483,0.503128187883621,0.48157864173548515,0.48906688560935946,481944000,before_trump
2006-10-12,0.49640294909477234,0.5066430905027473,0.48922007618098784,0.4971677171428766,414720000,before_trump
2006-10-13,0.5161184072494507,0.5190225250483876,0.4866221507816607,0.4947220120538993,584190000,before_trump
2006-10-16,0.5152013897895813,0.5262053682560196,0.5060313348575319,0.5178001359036712,478968000,before_trump
2006-10-17,0.49548596143722534,0.5103111600778315,0.4905956430719067,0.506796298410287,526506000,before_trump
2006-10-18,0.482342392206192,0.5081715050044798,0.478827532268534,0.5028217380898656,822750000,before_trump
2006-10-19,0.49151256680488586,0.4951805783768281,0.4766874248009981,0.4805085320890591,473040000,before_trump
2006-10-20,0.4858572483062744,0.49563886398100265,0.478827528486483,0.4953334925235161,359478000,before_trump
2006-10-23,0.48264777660369873,0.49655592633851003,0.4814254160728911,0.4847880553403007,280248000,before_trump
2006-10-24,0.49670901894569397,0.5022110617900541,0.4821892533730536,0.4835647640841436,519288000,before_trump
2006-10-25,0.5012943148612976,0.5089357115378882,0.49304130036838406,0.5014465360961913,389436000,before_trump
2006-10-26,0.517188549041748,0.5188693769819671,0.5025165040053067,0.5025165040053067,366690000,before_trump
2006-10-27,0.49487510323524475,0.5286509845112327,0.48906681367442656,0.5171884849088445,566988000,before_trump
2006-10-30,0.5008357763290405,0.5096994782013557,0.4928881346127364,0.4982369748828676,479592000,before_trump
2006-10-31,0.5329306125640869,0.5329306125640869,0.5092408454991084,0.5118395914438724,996174000,before_trump
2006-11-01,0.4918176233768463,0.5307901052205553,0.4844816049315067,0.5258997359827491,1176540000,before_trump
2006-11-02,0.4884560704231262,0.5048089413639381,0.48173079182892703,0.49411033511942437,862944000,before_trump
2006-11-03,0.4982368052005768,0.49884847737925037,0.4860104124457136,0.4939581061128343,548070000,before_trump
2006-11-06,0.5133671164512634,0.5202446134353743,0.49334624278311945,0.49961212248304154,739602000,before_trump
2006-11-07,0.5211619734764099,0.5266639634758348,0.5142844176552281,0.517188590356513,553254000,before_trump
2006-11-08,0.5288040041923523,0.5352229805206419,0.5162713683083364,0.517493728548509,648324000,before_trump
2006-11-09,0.5393497943878174,0.5532570189158071,0.5347647932804773,0.539655165977674,1207758000,before_trump
2006-11-10,0.526358425617218,0.5373624567971177,0.5130618947736939,0.5347645856621948,1317192000,before_trump
2006-11-13,0.5502005815505981,0.5517291882686598,0.5272755254357729,0.5274286757924078,852282000,before_trump
2006-11-14,0.5557024478912354,0.556772587137644,0.5364454072061541,0.5482132768639654,628530000,before_trump
2006-11-15,0.5465326309204102,0.5616631444896083,0.5434762370084806,0.5540217497783776,491892000,before_trump
2006-11-16,0.5535632371902466,0.5555494366801539,0.5440869356199732,0.5488250864051099,457182000,before_trump
2006-11-17,0.5550909042358398,0.5566195656266062,0.5463794254585044,0.5497420651210734,361608000,before_trump
2006-11-20,0.5602874755859375,0.5633438139799244,0.544086826975599,0.5482133046702738,608634000,before_trump
2006-11-21,0.5515758991241455,0.5628853013080016,0.547754793221822,0.5619683124119456,387384000,before_trump
2006-11-22,0.5610512495040894,0.5616629215778666,0.5506588912322903,0.5535630627958752,240258000,before_trump
2006-11-24,0.5651779174804688,0.5664012072651038,0.5532568953997736,0.5583004173548782,144336000,before_trump
2006-11-27,0.5396548509597778,0.5693041904661084,0.5358336909890759,0.56181600465406,585294000,before_trump
2006-11-28,0.5497421026229858,0.5546324748321673,0.5294149166007581,0.5378210790705029,480966000,before_trump
2006-11-29,0.5578417778015137,0.5645670553363579,0.5526460357705143,0.5547854396688667,579792000,before_trump
2006-11-30,0.5653311610221863,0.5699161618617278,0.5511176365565991,0.5578419874409691,583632000,before_trump
2006-12-01,0.5431696176528931,0.5598287266613308,0.5382792486449107,0.559064888331482,785010000,before_trump
2006-12-04,0.5651779174804688,0.5722085679557553,0.5482133734446689,0.5502005566223632,621570000,before_trump
2006-12-05,0.5593706369400024,0.562580126526985,0.5531047534801576,0.559217486568362,663354000,before_trump
2006-12-06,0.558606743812561,0.5612046157500901,0.5509644746735488,0.5612046157500901,478242000,before_trump
2006-12-07,0.5451570749282837,0.5616630983117112,0.5402667029617106,0.5586067046510672,486894000,before_trump
2006-12-08,0.5433229207992554,0.5508120920288629,0.5333890833779483,0.5411835714261852,564858000,before_trump
2006-12-11,0.5526460409164429,0.5592172936750737,0.5422527530601395,0.5434760425981007,515484000,before_trump
2006-12-12,0.5469908714294434,0.5503535100369351,0.5396549059864844,0.5485195323405699,568116000,before_trump
2006-12-13,0.55340975522995,0.557841602637426,0.551422627752936,0.551422627752936,491952000,before_trump
2006-12-14,0.5631915330886841,0.570221307416218,0.5573832992225742,0.5578417663302938,715380000,before_trump
2006-12-15,0.5731255412101746,0.5731255412101746,0.5633438690918353,0.566859658821221,746094000,before_trump
2006-12-18,0.5830593705177307,0.5899368696986899,0.5734308498013859,0.5737370958012025,688356000,before_trump
2006-12-19,0.5914652943611145,0.5945216864369105,0.5748061839125385,0.5755709514857164,545622000,before_trump
2006-12-20,0.5847411751747131,0.5954389068775584,0.5842826533287616,0.5884091859697972,306594000,before_trump
2006-12-21,0.5796976685523987,0.589631561820009,0.5731255401422704,0.587950679391268,367920000,before_trump
2006-12-22,0.5659427046775818,0.5807669703486237,0.5631916826706027,0.5787807162809605,370170000,before_trump
2006-12-26,0.5657893419265747,0.5740423501918364,0.5634968426671961,0.5689988846156997,228192000,before_trump
2006-12-27,0.5732787251472473,0.5752649245512386,0.5682352030359262,0.5682352030359262,264954000,before_trump
2006-12-28,0.5691519379615784,0.5745008292151802,0.5665531929579636,0.5738891572483386,213912000,before_trump
2006-12-29,0.5656362771987915,0.5810730861723188,0.5650255889289981,0.5691520663571369,386094000,before_trump
2007-01-03,0.5514230728149414,0.5734310903579608,0.5317075013030935,0.5665535882918628,1154820000,before_trump
2007-01-04,0.5488250255584717,0.5514228970268388,0.5353753426642152,0.5494366430996253,797298000,before_trump
2007-01-05,0.5144374370574951,0.5379741072575666,0.51076942643921,0.5358338286095341,1243344000,before_trump
2007-01-08,0.518258810043335,0.5281926519808717,0.5074069949049149,0.5162716809161356,657270000,before_trump
2007-01-09,0.5081716775894165,0.5225374228563547,0.507560059941881,0.5190225617249818,764166000,before_trump
2007-01-10,0.5332361459732056,0.5379742975918561,0.49518062482735026,0.5028219655999349,1108746000,before_trump
2007-01-11,0.5312487483024597,0.5373624081301196,0.5225372175751568,0.5332358763148187,924504000,before_trump
2007-01-12,0.5384327173233032,0.5405720671443321,0.52085655466526,0.5233022052041308,698190000,before_trump
2007-01-16,0.5393496155738831,0.5428644758420693,0.5332359548458487,0.5425591043534544,711864000,before_trump
2007-01-17,0.5280393958091736,0.5350700462960425,0.5260531418059176,0.5318605025061363,707934000,before_trump
2007-01-18,0.4843296706676483,0.5234544514379916,0.4777575413533297,0.5234544514379916,1501638000,before_trump
2007-01-19,0.4872327148914337,0.49731970111103,0.47577016347132917,0.479132801937005,942606000,before_trump
2007-01-22,0.4872327148914337,0.49976535076719636,0.48539868261491875,0.49181771359647714,730644000,before_trump
2007-01-23,0.4873860776424408,0.49518062343869895,0.47592357459797396,0.484940426645971,630354000,before_trump
2007-01-24,0.5025165677070618,0.509088752268588,0.49135943681232996,0.4936519373076943,685722000,before_trump
2007-01-25,0.48494017124176025,0.5089353590502647,0.48249545071079564,0.5071013267345672,616284000,before_trump
2007-01-26,0.4809669554233551,0.49380496596431905,0.47225542289385725,0.4890668157615565,829584000,before_trump
2007-01-29,0.46125149726867676,0.47913297688447376,0.4571249641329049,0.47882766000063015,1258284000,before_trump
2007-01-30,0.4701160788536072,0.47317241751829764,0.4601813111392969,0.46430778919945886,636174000,before_trump
2007-01-31,0.46843424439430237,0.4728670224089639,0.4620152127816236,0.4678235014745378,467976000,before_trump
2007-02-01,0.4743947684764862,0.4768404187283387,0.46308541926290797,0.4640024082957682,650898000,before_trump
2007-02-02,0.48677438497543335,0.4890668852313339,0.47301938344003014,0.4769936408514466,586590000,before_trump
2007-02-05,0.4947221279144287,0.4988486620256625,0.48830314772921457,0.4890669866945447,579906000,before_trump
2007-02-06,0.5122981667518616,0.5187171453326472,0.49839001544339157,0.5058791335135607,775386000,before_trump
2007-02-07,0.5323188900947571,0.5335412503953411,0.5133672222883285,0.5164244894772555,761058000,before_trump
2007-02-08,0.5254413485527039,0.5329304637501032,0.5196339897942567,0.5242189883524788,726276000,before_trump
2007-02-09,0.49900153279304504,0.5324720939721784,0.4970144045709623,0.5280393157254205,937956000,before_trump
2007-02-12,0.5100055932998657,0.52085647493828,0.4973198044835987,0.5026695719839372,789360000,before_trump
2007-02-13,0.5196341872215271,0.5237606656287234,0.5130620036497759,0.5182586761999567,849732000,before_trump
2007-02-14,0.5127566456794739,0.5272754841882397,0.5115333559351097,0.5242191455114444,1081848000,before_trump
2007-02-15,0.5158131122589111,0.5184109843811106,0.5075600994019472,0.5124504720589964,488682000,before_trump
2007-02-16,0.5000709891319275,0.5142844599101294,0.4985432566472074,0.5136737713819272,915060000,before_trump
2007-02-20,0.5045035481452942,0.5072545148375723,0.49731974879169116,0.5008355378980888,625578000,before_trump
2007-02-21,0.4970145523548126,0.505726086591855,0.49197102965665546,0.5003771923270264,655332000,before_trump
2007-02-22,0.5002240538597107,0.5129089715042008,0.49900169304360686,0.5048090547280565,655452000,before_trump
2007-02-23,0.49900153279304504,0.5052674144150975,0.49884843712382804,0.5049620429392263,403050000,before_trump
2007-02-26,0.49135923385620117,0.5041972422590016,0.4905953952850561,0.5003770109107644,494070000,before_trump
2007-02-27,0.47653505206108093,0.49747292057446335,0.47577022961396165,0.4860103675608093,714630000,before_trump
2007-02-28,0.4737841784954071,0.48402339046110376,0.4693513989165268,0.4751596896590438,780048000,before_trump
2007-03-01,0.46797582507133484,0.4766873581691814,0.45743031377263293,0.4635439752639151,837228000,before_trump
2007-03-02,0.45498552918434143,0.469504421047977,0.4540685128828057,0.46384928222286026,682728000,before_trump
2007-03-05,0.4395487904548645,0.4559025637483206,0.4380210583608439,0.44703793530322977,663558000,before_trump
2007-03-06,0.4655311107635498,0.4705746328774304,0.4473433036992977,0.44917730925627636,805974000,before_trump
2007-03-07,0.45238667726516724,0.46537780759518704,0.45040045118361827,0.463238458538158,811656000,before_trump
2007-03-08,0.4710330367088318,0.47622877930018886,0.4615567368190871,0.46186303748689655,770622000,before_trump
2007-03-09,0.46629491448402405,0.4829540862707609,0.46094607589829395,0.47760431850736085,555306000,before_trump
2007-03-12,0.46354401111602783,0.47026836152335827,0.46033446703002356,0.46094613930853506,428010000,before_trump
2007-03-13,0.4439815282821655,0.46155673135481123,0.44367522761798234,0.45880576441530285,617070000,before_trump
2007-03-14,0.4418412148952484,0.4478016974527322,0.428544684432494,0.4452038537209548,971610000,before_trump
2007-03-15,0.4374094009399414,0.4447454225604776,0.4306850241803375,0.44077204024419736,655752000,before_trump
2007-03-16,0.43328291177749634,0.43847955668078675,0.4302265457141195,0.4377147887782363,525648000,before_trump
2007-03-19,0.4354221820831299,0.44245280340861637,0.43404667148278864,0.43557530506440845,461508000,before_trump
2007-03-20,0.43328291177749634,0.4439815731014835,0.43160205665148266,0.43404677783110507,656490000,before_trump
2007-03-21,0.45804184675216675,0.4652246894344926,0.4422996942379752,0.45085897674109093,1268376000,before_trump
2007-03-22,0.46812888979911804,0.47087985659722775,0.4563610200256858,0.4585003693619758,810954000,before_trump
2007-03-23,0.4629323482513428,0.47286717212450197,0.45957063756821537,0.4646141600994824,524640000,before_trump
2007-03-26,0.46384939551353455,0.4676705026688478,0.45544413490850455,0.46323865239590517,447336000,before_trump
2007-03-27,0.4551377594470978,0.4636970156927876,0.45467926495152966,0.46278002670165147,469020000,before_trump
2007-03-28,0.4464263319969177,0.455137838235769,0.4456624658787746,0.45131760579603547,459504000,before_trump
2007-03-29,0.4386318325996399,0.4537623454841665,0.4314489601563801,0.4531516297018815,719016000,before_trump
2007-03-30,0.43985503911972046,0.44780174887641255,0.4375625392584846,0.444592260002184,581244000,before_trump
2007-04-02,0.43939658999443054,0.4424529288466908,0.4322127889935163,0.4387849450871338,400830000,before_trump
2007-04-03,0.4377147853374481,0.4442869137976837,0.4335882798865521,0.4393965696279391,473724000,before_trump
2007-04-04,0.43679773807525635,0.44061889906986285,0.4355753775814374,0.4371040114175527,361692000,before_trump
2007-04-05,0.4722554385662079,0.4727139604304806,0.4386317771948133,0.4386317771948133,1332900000,before_trump
2007-04-09,0.46369698643684387,0.47760426021282804,0.46277999750356313,0.47225536762245307,640950000,before_trump
2007-04-10,0.4589588940143585,0.4684342641862706,0.45804187774719474,0.4630853715659644,794220000,before_trump
2007-04-11,0.4507058262825012,0.4644608507247736,0.44917719265363804,0.4598758516869328,810150000,before_trump
2007-04-12,0.46354401111602783,0.46491952220181293,0.4453571047655004,0.44826034812335,743640000,before_trump
2007-04-13,0.4673650860786438,0.4682821298445527,0.4563611074628746,0.46201531794658807,638694000,before_trump
2007-04-16,0.4649195671081543,0.46965766378663626,0.45895905493237465,0.46614192794792925,671838000,before_trump
2007-04-17,0.4693514406681061,0.48753922418622303,0.46705894007728693,0.47668746442173743,1059108000,before_trump
2007-04-18,0.4751594364643097,0.4792859130988538,0.46614166091689013,0.46858725571583637,683802000,before_trump
2007-04-19,0.48173072934150696,0.48448175075088357,0.46996285976585733,0.4713383704705456,568056000,before_trump
2007-04-20,0.4873858392238617,0.4890667212956644,0.4809668625219948,0.4887613498478329,590052000,before_trump
2007-04-23,0.47943830490112305,0.4860104333318985,0.4780627939807384,0.48509344427081236,595272000,before_trump
2007-04-24,0.4974728524684906,0.5019047008792775,0.4843294737051696,0.4875389618739996,1028088000,before_trump
2007-04-25,0.506031334400177,0.5087823563430567,0.49441661289374095,0.49670911296030307,509640000,before_trump
2007-04-26,0.5122981667518616,0.5161183991166899,0.5014463543762966,0.5060313546932907,500070000,before_trump
2007-04-27,0.5054206252098083,0.516271507525957,0.4973198355456533,0.5106163681790721,554058000,before_trump
2007-04-30,0.502669632434845,0.5187171331679874,0.5025164820809488,0.512298154737736,563388000,before_trump
2007-05-01,0.5080187320709229,0.5152016068279944,0.503892197414493,0.5118398404159256,544554000,before_trump
2007-05-02,0.5020580887794495,0.5127567521219396,0.499460216762138,0.5106164728782222,659658000,before_trump
2007-05-03,0.5115334391593933,0.5148960790725843,0.50587917342714,0.5067962172889051,500250000,before_trump
2007-05-04,0.5152013897895813,0.5178001359036712,0.5093939743736016,0.5142843460361173,405246000,before_trump
2007-05-07,0.5049618482589722,0.5284975791164166,0.5043502310229623,0.5226902215358937,557100000,before_trump
2007-05-08,0.5087823867797852,0.51000567665078,0.49212414226736645,0.5019048861686684,737100000,before_trump
2007-05-09,0.5110748410224915,0.5139790132292802,0.49930696951900927,0.5051143300973828,417870000,before_trump
2007-05-10,0.5015994906425476,0.5199394913953056,0.4971676408075435,0.5132151414662067,802584000,before_trump
2007-05-11,0.5370571613311768,0.542252849678823,0.5205511395541151,0.528651000096544,1530630000,before_trump
2007-05-14,0.5317074060440063,0.5399604179762449,0.5266639382269568,0.5349169501591955,731568000,before_trump
2007-05-15,0.5269700884819031,0.5364454594240667,0.5257468534512117,0.533235970549974,621360000,before_trump
2007-05-16,0.5336945652961731,0.5336945652961731,0.5173416925365364,0.5274286823720853,523104000,before_trump
2007-05-17,0.5248298048973083,0.5349168479184678,0.521773466389277,0.5321658262476957,443664000,before_trump
2007-05-18,0.5352230668067932,0.5367507987233188,0.5243713111472854,0.5288040894436663,604266000,before_trump
2007-05-21,0.5369039177894592,0.5502004482067265,0.5310965582431335,0.5336944292947746,645768000,before_trump
2007-05-22,0.5398082137107849,0.5446985859731885,0.5286510835242489,0.5373626176481852,401736000,before_trump
2007-05-23,0.5254416465759277,0.5433231292321258,0.5239129849111861,0.5401136393524909,448248000,before_trump
2007-05-24,0.5064896941184998,0.5294146874444433,0.5043503450882187,0.5278870104459927,607800000,before_trump
2007-05-25,0.5144374370574951,0.5170353083517641,0.5086300769687917,0.5101578089390444,308976000,before_trump
2007-05-29,0.5199393630027771,0.5216202451043029,0.5107693648908146,0.5122980258544758,316242000,before_trump
2007-05-30,0.5211619138717651,0.5211619138717651,0.5074068584600708,0.51382589160653,331650000,before_trump
2007-05-31,0.5294146537780762,0.5326241963656044,0.5225371562176447,0.5249828056970295,481572000,before_trump
2007-06-01,0.5330829620361328,0.5433231035555981,0.532165972779219,0.5353754625071787,429084000,before_trump
2007-06-04,0.5359869599342346,0.5390432982864525,0.526053067755707,0.528192417150252,322002000,before_trump
2007-06-05,0.5518813729286194,0.5527983619947301,0.5365986408676934,0.5375156299338041,698586000,before_trump
2007-06-06,0.5560079216957092,0.5648725504113564,0.545768656532804,0.548061156592738,950736000,before_trump
2007-06-07,0.5500472187995911,0.5616628653996335,0.5498949976794871,0.5534098571303026,791862000,before_trump
2007-06-08,0.5586066246032715,0.5593705179432807,0.5387379643418633,0.5454623683082813,533268000,before_trump
2007-06-11,0.5605928897857666,0.5639555290969485,0.5555493680790714,0.5586066358836121,434634000,before_trump
2007-06-12,0.5547856092453003,0.5654842170747362,0.5544802376946995,0.5576897271257504,526770000,before_trump
2007-06-13,0.5680816769599915,0.5682348272131397,0.5537150682021417,0.56089880984089,587232000,before_trump
2007-06-14,0.5781691670417786,0.580308517059734,0.5647194816066005,0.5654842496363195,508548000,before_trump
2007-06-15,0.6044566631317139,0.6090416627924845,0.5845880033233304,0.5847411536588987,1081998000,before_trump
2007-06-18,0.604762077331543,0.6127097167201561,0.5998717058319185,0.6105694378965748,685662000,before_trump
2007-06-19,0.608583390712738,0.6099588473258896,0.5968145871169834,0.6009410662714876,491952000,before_trump
2007-06-20,0.6091939806938171,0.6143906533444965,0.6050675022068188,0.6113342597061472,822792000,before_trump
2007-06-21,0.6568779349327087,0.6622277572705559,0.6162245541489516,0.6209627043019292,1297326000,before_trump
2007-06-22,0.6666597723960876,0.6704809344675928,0.647249628952007,0.6571843989133158,882618000,before_trump
2007-06-25,0.6490834355354309,0.663908574100872,0.6420537147692535,0.6480142253590274,819702000,before_trump
2007-06-26,0.6189755797386169,0.6492366005508036,0.6174469185132982,0.6474025678199837,868482000,before_trump
2007-06-27,0.6356348395347595,0.6363987330589839,0.615919324857957,0.6189757188176812,613140000,before_trump
2007-06-28,0.6417475938796997,0.6486251500696657,0.6312020805984498,0.6374688936201199,597534000,before_trump
2007-06-29,0.6313551664352417,0.6461803076383791,0.6310497948823123,0.6460272119305295,516570000,before_trump
2007-07-02,0.6576427817344666,0.6579480985918349,0.6383857380857489,0.6403719920414894,563850000,before_trump
2007-07-03,0.6587119698524475,0.6639085872095125,0.651834470110955,0.6571842378091629,238770000,before_trump
2007-07-05,0.6657426357269287,0.6678819853503635,0.6556555921407944,0.6588651358222974,373290000,before_trump
2007-07-06,0.6689519882202148,0.6715498591700797,0.6636031506644662,0.6648255109826395,282720000,before_trump
2007-07-09,0.688362181186676,0.6915717244825349,0.6712445440654233,0.6713976943917971,536784000,before_trump
2007-07-10,0.6950867176055908,0.6992131959791759,0.6775105553194687,0.6848465776030804,552654000,before_trump
2007-07-11,0.6920303106307983,0.699671704299835,0.6824017884024718,0.6949335537731626,582612000,before_trump
2007-07-12,0.7053265571594238,0.7060903955994434,0.6920300292665025,0.6969203989798389,438732000,before_trump
2007-07-13,0.7010473012924194,0.711745909631805,0.700283407790607,0.703339801660659,372630000,before_trump
2007-07-16,0.7137318849563599,0.7166360018401766,0.7015054943919674,0.7016586447036091,541710000,before_trump
2007-07-17,0.7106754183769226,0.7310025947248295,0.7100638010289374,0.7166359273163768,643812000,before_trump
2007-07-18,0.6976844072341919,0.7025756522747163,0.6839293553769431,0.7004353738796414,550656000,before_trump
2007-07-19,0.69692063331604,0.7111341547186516,0.6920302619583398,0.7076192942478993,407376000,before_trump
2007-07-20,0.6892794370651245,0.7039514286857391,0.6859167970648136,0.7015057779134315,505650000,before_trump
2007-07-23,0.6961569786071777,0.7103705037662954,0.6853051644653435,0.6868338260982415,360474000,before_trump
2007-07-24,0.6778166890144348,0.6992130800735046,0.673537060994586,0.6934057201186017,457560000,before_trump
2007-07-25,0.6746074557304382,0.6875976913412808,0.6590184187235661,0.6779691668765209,437196000,before_trump
2007-07-26,0.6779688596725464,0.6874451586330296,0.6584065026661058,0.6674233506699294,710268000,before_trump
2007-07-27,0.6762880682945251,0.7074660751877239,0.675982696817973,0.6762880682945251,615480000,before_trump
2007-07-30,0.695239782333374,0.6963089925006929,0.6785806112201201,0.6787337615569378,538158000,before_trump
2007-07-31,0.6993662714958191,0.7325305347435899,0.6984492824728731,0.7227497921972407,711492000,before_trump
2007-08-01,0.6941695809364319,0.706243696614694,0.6617691597919718,0.6892792101794045,705828000,before_trump
2007-08-02,0.6911132335662842,0.7027279536979117,0.6817900840522502,0.7021172653777673,468606000,before_trump
2007-08-03,0.6501535773277283,0.6938642799900409,0.6498482058279854,0.6888207583972773,623412000,before_trump
2007-08-06,0.6556556820869446,0.660546054206122,0.6373156798252874,0.6556556820869446,524724000,before_trump
2007-08-07,0.6660480499267578,0.676899807439573,0.646944155588162,0.6556556341626882,565764000,before_trump
2007-08-08,0.6967674493789673,0.7175531527079068,0.6729254622322984,0.6781220793658077,660744000,before_trump
2007-08-09,0.7050206661224365,0.724430864315354,0.6854583013855258,0.701505804791769,1251834000,before_trump
2007-08-10,0.6723147034645081,0.6768997029872774,0.6325773850437721,0.6472494272426386,1141014000,before_trump
2007-08-13,0.6649787425994873,0.6822486576083844,0.6510705924404071,0.6776636576703013,700410000,before_trump
2007-08-14,0.6908068060874939,0.7015054644461842,0.6675764409110584,0.6695635688526572,1092174000,before_trump
2007-08-15,0.6616160869598389,0.6969206293409201,0.6606990979262739,0.6871390121611587,695142000,before_trump
2007-08-16,0.6506121754646301,0.6597821760486675,0.618975640655192,0.6550440253999953,780030000,before_trump
2007-08-17,0.6889728903770447,0.6895845078174974,0.6478609935908439,0.6686466401334977,728712000,before_trump
2007-08-20,0.6862221360206604,0.6969207995037221,0.6778169021878965,0.6894316804080562,519684000,before_trump
2007-08-21,0.723360538482666,0.7288625273028261,0.680109231813632,0.6903484962466877,715338000,before_trump
2007-08-22,0.7398667335510254,0.7441463628479403,0.7267233486065107,0.7417007120364298,566154000,before_trump
2007-08-23,0.7336005568504333,0.7520937033228194,0.730391068454358,0.7433821723534721,667986000,before_trump
2007-08-24,0.7374217510223389,0.7387972618304588,0.7261114732060685,0.7314612952829966,361644000,before_trump
2007-08-27,0.7540802359580994,0.7618747815008232,0.734059348844121,0.737421989043266,635946000,before_trump
2007-08-28,0.7080777287483215,0.7595819856217401,0.7063959173849629,0.756525592718664,560022000,before_trump
2007-08-29,0.748272716999054,0.7491897060888539,0.7213743339265778,0.7229020660627763,538560000,before_trump
2007-08-30,0.7439929842948914,0.7624861324833078,0.7407834956009987,0.7410897416015416,465660000,before_trump
2007-08-31,0.7818964123725891,0.7847996555959414,0.7554556208694991,0.7595821539356863,720834000,before_trump
2007-09-04,0.8060439229011536,0.8094065629288202,0.7731850235390948,0.785411419144387,683268000,before_trump
2007-09-05,0.7999299764633179,0.8253006224208718,0.7993192881942733,0.8025287767075012,656274000,before_trump
2007-09-06,0.8034459352493286,0.8172009357736933,0.8000832957057418,0.8098649682885403,425496000,before_trump
2007-09-07,0.7741019129753113,0.7892324247111125,0.7591236224168075,0.781131634518199,602304000,before_trump
2007-09-10,0.7762413024902344,0.8046683491829832,0.7698223236833334,0.7909133477474662,872112000,before_trump
2007-09-11,0.7927471995353699,0.7987077101374975,0.7773874558498922,0.7856404663253376,405424000,before_trump
2007-09-12,0.7615691423416138,0.8051266918476735,0.7537746541949524,0.8012293931168379,554452000,before_trump
2007-09-13,0.7617984414100647,0.7769289518529062,0.7562964525192613,0.776011962814024,452864000,before_trump
2007-09-14,0.7393317222595215,0.755149984143225,0.7370392229136584,0.754232995336379,487308000,before_trump
2007-09-17,0.7377272248268127,0.7482727362749526,0.7297035017624763,0.7404782468245932,374828000,before_trump
2007-09-18,0.8023756742477417,0.8138381729483513,0.7443753706994016,0.7455216478982152,844740000,before_trump
2007-09-19,0.7877036929130554,0.8253006780093023,0.7799091500105666,0.8097117015193359,521360000,before_trump
2007-09-20,0.7831186652183533,0.7966444306438889,0.7744071877072076,0.7881621867190213,324172000,before_trump
2007-09-21,0.7906838059425354,0.8023755916741935,0.783118552112933,0.7909130941532049,457532000,before_trump
2007-09-24,0.8108580708503723,0.8230083272318371,0.789767047397826,0.7954983251585239,456360000,before_trump
2007-09-25,0.8211743235588074,0.8246130463828587,0.8037513118530762,0.8060438119549483,360748000,before_trump
2007-09-26,0.8406606316566467,0.8424946099403754,0.8232376193311609,0.8253008312359768,518032000,before_trump
2007-09-27,0.8431822061538696,0.8528107269680627,0.8342414407305121,0.8486841946230491,378280000,before_trump
2007-09-28,0.8308026194572449,0.8512058812013039,0.8289685870810098,0.8482256264152336,404292000,before_trump
2007-10-01,0.8658779859542847,0.8700045183749558,0.8369924776396123,0.8379094666250371,398200000,before_trump
2007-10-02,0.8576252460479736,0.8654197915242735,0.8450165205453988,0.8638149919721503,284960000,before_trump
2007-10-03,0.8211743235588074,0.8424945799719699,0.8076485565605075,0.8424945799719699,467196000,before_trump
2007-10-04,0.8248421549797058,0.8296563877477092,0.7966443497456805,0.820257155774702,378976000,before_trump
2007-10-05,0.8466209173202515,0.8512059164645351,0.8289686214230082,0.8379093861516118,344840000,before_trump
2007-10-08,0.8603764176368713,0.8617519291156331,0.842494877728034,0.8525819254672652,252484000,before_trump
2007-10-09,0.8452456593513489,0.8642734169546678,0.83263688060613,0.8603761719826045,403008000,before_trump
2007-10-10,0.8461624383926392,0.8509766713406802,0.8257591747701014,0.8509766713406802,389136000,before_trump
2007-10-11,0.8085656762123108,0.8489137501084554,0.7993956743243296,0.8383682370057725,529104000,before_trump
2007-10-12,0.8282808661460876,0.8282808661460876,0.8048973486455331,0.8175061236219844,409952000,before_trump
2007-10-15,0.8342416286468506,0.845016429092006,0.8271348942174023,0.8310321392050041,355900000,before_trump
2007-10-16,0.8418067097663879,0.8567079857267831,0.830344210818971,0.8333244660110501,276360000,before_trump
2007-10-17,0.9064552783966064,0.908977011762351,0.8736725260119016,0.8745895149942172,717944000,before_trump
2007-10-18,0.905767560005188,0.9094355707418319,0.8807792949354041,0.9034750601269741,340620000,before_trump
2007-10-19,0.8571665287017822,0.9041628028747705,0.8569372404569208,0.9037042810425553,505768000,before_trump
2007-10-22,0.8977439403533936,0.8995779733717228,0.8447871456303738,0.851664646469693,537656000,before_trump
2007-10-23,0.9020995497703552,0.9094355712477239,0.8775698065255724,0.9094355712477239,294292000,before_trump
2007-10-24,0.8716093301773071,0.8826133081685057,0.8287395315535493,0.8826133081685057,565500000,before_trump
2007-10-25,0.795498251914978,0.8528108056149835,0.7700514640798528,0.844787028420279,806192000,before_trump
2007-10-26,0.7886208295822144,0.8262178763773627,0.7771583286465022,0.8207158322022082,616580000,before_trump
2007-10-29,0.7700515389442444,0.7737195501710702,0.7464387815773538,0.7615692937270625,813896000,before_trump
2007-10-30,0.7982490658760071,0.8145257949685263,0.7634029990112202,0.7762410063853534,525212000,before_trump
2007-10-31,0.8110870718955994,0.8115455389732872,0.7780750373722463,0.803063296803605,455188000,before_trump
2007-11-01,0.8110870718955994,0.827363800960936,0.7874742683548002,0.79847829808175,587236000,before_trump
2007-11-02,0.8422651886940002,0.8482256987746127,0.8108578939857735,0.82232039234945,491844000,before_trump
2007-11-05,0.8422651886940002,0.862439218608573,0.8298856467352268,0.8351584014482684,436636000,before_trump
2007-11-06,0.8688583970069885,0.875735897617629,0.84639186221772,0.8502891617555142,554620000,before_trump
2007-11-07,0.8275931477546692,0.87183845159872,0.8207156487307112,0.8683997294154928,546768000,before_trump
2007-11-08,0.7757828831672668,0.8344709585070987,0.752170069120818,0.8195696787025476,996824000,before_trump
2007-11-09,0.7647785544395447,0.7977905909552083,0.7485018243918907,0.7920593148782531,871056000,before_trump
2007-11-12,0.6884382963180542,0.7700513482695512,0.6884382963180542,0.7645493601204342,715732000,before_trump
2007-11-13,0.7491897344589233,0.7498774899666952,0.6884384534183627,0.6996717205019506,726696000,before_trump
2007-11-14,0.7374979853630066,0.7755534978570394,0.7336007406687398,0.768217530350337,666720000,before_trump
2007-11-15,0.7276402711868286,0.7395612942223847,0.7106757257921872,0.732683793545914,496436000,before_trump
2007-11-16,0.7439169883728027,0.7459802549230264,0.7276402535633011,0.7336007649367149,423592000,before_trump
2007-11-19,0.6937110424041748,0.7370393010304808,0.6898137985688988,0.7333712907568382,568412000,before_trump
2007-11-20,0.6884382963180542,0.7079245703906594,0.6673472779793526,0.7067782932534462,622628000,before_trump
2007-11-21,0.6811022162437439,0.6973790003637439,0.671932218576278,0.6739954844487072,648452000,before_trump
2007-11-23,0.6927940249443054,0.695774279752705,0.6772049955882541,0.6859165264612679,141976000,before_trump
2007-11-26,0.6767467856407166,0.7065493474563853,0.6753713290363602,0.6923358221794913,385896000,before_trump
2007-11-27,0.7058613896369934,0.7079246559388082,0.6811023579877429,0.6863751132095969,458856000,before_trump
2007-11-28,0.7530869245529175,0.7631739127732485,0.7246598832172026,0.7280986602568079,574548000,before_trump
2007-11-29,0.759276807308197,0.7817433423188762,0.748731295336451,0.7519407847215432,489084000,before_trump
2007-11-30,0.7230551838874817,0.7840357481499813,0.7207626839373505,0.7840357481499813,652656000,before_trump
2007-12-03,0.7336008548736572,0.7471266239319221,0.7223675862664107,0.7336008548736572,490688000,before_trump
2007-12-04,0.7329130172729492,0.7393319959546246,0.7186994942038616,0.7368102621378972,371712000,before_trump
2007-12-05,0.7709683775901794,0.7851818978230195,0.7514821571538314,0.7608813896785696,666704000,before_trump
2007-12-06,0.7865574359893799,0.7890791693907279,0.7622569269986413,0.7691344264493688,371152000,before_trump
2007-12-07,0.7766995429992676,0.7906837729949038,0.7686757677401749,0.7897667841629353,320292000,before_trump
2007-12-10,0.7851818799972534,0.794351878737352,0.7769288701996637,0.7792213698846885,336360000,before_trump
2007-12-11,0.7860989570617676,0.8165892664138258,0.7842649789711597,0.8019172230589229,582436000,before_trump
2007-12-12,0.8131505846977234,0.8273641078709671,0.7973323168423013,0.819340329802559,617504000,before_trump
2007-12-13,0.7909131050109863,0.8085653459698915,0.7675295878841571,0.8032925915721016,500364000,before_trump
2007-12-14,0.8039805889129639,0.812692122565356,0.7819725758141796,0.7872453317991757,354016000,before_trump
2007-12-17,0.7629448175430298,0.8030635987735731,0.7611107845701525,0.7954983425720563,507408000,before_trump
2007-12-18,0.78243088722229,0.7909131303098378,0.7668418570865926,0.7746363448256902,396896000,before_trump
2007-12-19,0.7897668480873108,0.7971028686518363,0.7764703723037977,0.7796798608042144,253536000,before_trump
2007-12-20,0.8062732219696045,0.8081072552468723,0.7856407165386406,0.8023759764095083,279940000,before_trump
2007-12-21,0.8060436248779297,0.8230081107629439,0.7987076043915717,0.8159013784938166,433408000,before_trump
2007-12-24,0.8202572464942932,0.8241544907838273,0.8060437255237802,0.8120042360810118,104008000,before_trump
2007-12-26,0.8312612771987915,0.8312612771987915,0.8138382662450273,0.8218620435840351,215340000,before_trump
2007-12-27,0.8055853843688965,0.8344709546226858,0.8035221722959631,0.8298858992247268,241368000,before_trump
2007-12-28,0.7975612878799438,0.8138380165087724,0.7906837353241067,0.8042094975880951,262064000,before_trump
2007-12-31,0.779909074306488,0.8055850909644177,0.779679840750212,0.7911423384265198,276236000,before_trump
2008-01-02,0.7567548751831055,0.7851818596077212,0.7464385995396347,0.7822016046288298,483964000,before_trump
2008-01-03,0.750794529914856,0.776241264942415,0.7480435078978163,0.7611107531637258,475308000,before_trump
2008-01-04,0.6877506971359253,0.7319960099126679,0.6831656968609536,0.7283279987611877,736092000,before_trump
2008-01-07,0.6166830658912659,0.6980668932135244,0.6040742892851039,0.6923356162132213,1006800000,before_trump
2008-01-08,0.6297503709793091,0.67147389451274,0.6056790926868453,0.6201218487308209,1106956000,before_trump
2008-01-09,0.6623038053512573,0.6625330935899546,0.6288332975670978,0.6382325302860034,741036000,before_trump
2008-01-10,0.6485488414764404,0.658865118389181,0.6357108310626449,0.644193075254838,554432000,before_trump
2008-01-11,0.6201217770576477,0.6464855523947893,0.615536777404015,0.6331890752622574,572612000,before_trump
2008-01-14,0.6613869667053223,0.6623039558960284,0.619204917357654,0.6292919077704587,539188000,before_trump
2008-01-15,0.6127857565879822,0.643734528860658,0.6020109591564933,0.6361692746308373,725692000,before_trump
2008-01-16,0.5435521602630615,0.5813784292468418,0.5309433857159683,0.5742716972119343,1464472000,before_trump
2008-01-17,0.5341529846191406,0.5667065060373464,0.5327774737064328,0.5520345171693211,1133900000,before_trump
2008-01-18,0.5694575905799866,0.5724378463332471,0.5162715635860511,0.5357577881371589,920428000,before_trump
2008-01-22,0.5410304069519043,0.5543269376582679,0.511915666989957,0.5151251555544232,709092000,before_trump
2008-01-23,0.5508884191513062,0.5671651562142378,0.5139791230446971,0.5190225913223544,929880000,before_trump
2008-01-24,0.5930701494216919,0.5932994376271716,0.5563901581847405,0.561662912390802,597092000,before_trump
2008-01-25,0.5719793438911438,0.6295211943182736,0.5692283763266422,0.6157661925232103,688012000,before_trump
2008-01-28,0.5651017427444458,0.575647253181389,0.5529514878485124,0.5699160307789253,577608000,before_trump
2008-01-29,0.5825247168540955,0.584817271262393,0.5602874747371619,0.5751887504460638,414484000,before_trump
2008-01-30,0.5774812698364258,0.5861927473227027,0.5609752492063664,0.5731255037645338,530476000,before_trump
2008-01-31,0.5637262463569641,0.574271756042306,0.54630318282683,0.5648724688927595,588708000,before_trump
2008-02-01,0.6157660484313965,0.6189755371677071,0.5577657443112545,0.5625799774157205,593104000,before_trump
2008-02-04,0.5965090990066528,0.6325014000428643,0.5932996097736826,0.6290626225378859,565128000,before_trump
2008-02-05,0.559141218662262,0.5848172933619088,0.558911985075772,0.5845880051179113,494928000,before_trump
2008-02-06,0.5573073029518127,0.5806908257703678,0.54699102520149,0.5651017923388265,557380000,before_trump
2008-02-07,0.562809407711029,0.578627677999958,0.5295681222041164,0.5412599133408367,664128000,before_trump
2008-02-08,0.572896420955658,0.5772521335163934,0.5502006502805562,0.557536618868781,393932000,before_trump
2008-02-11,0.5747302174568176,0.5871097595963698,0.5708329734220065,0.5777104725406446,503732000,before_trump
2008-02-12,0.5960506796836853,0.6043036924582301,0.5802324097539348,0.5834419541966914,609688000,before_trump
2008-02-13,0.6194340586662292,0.6212680914318033,0.5942165590640482,0.600635537099781,742312000,before_trump
2008-02-14,0.5183347463607788,0.6017818480994158,0.5169592900314856,0.6013233262179757,2184296000,before_trump
2008-02-15,0.510540246963501,0.5302557583009312,0.5022872358620752,0.5162715244102595,817364000,before_trump
2008-02-19,0.5029748678207397,0.5208563965920443,0.49861910240349905,0.5199393530723627,558608000,before_trump
2008-02-20,0.49930697679519653,0.5066429987572367,0.4862397320845411,0.48830299850964837,759016000,before_trump
2008-02-21,0.4880736768245697,0.50687219765409,0.48509342152266377,0.5043504641899805,644272000,before_trump
2008-02-22,0.5116865634918213,0.512603552649406,0.4883030393570678,0.4919709959874069,723052000,before_trump
2008-02-25,0.511457085609436,0.5171883613703808,0.4979313229122033,0.5112278520693971,671784000,before_trump
2008-02-26,0.515812873840332,0.5236073611245552,0.5006823663724289,0.5084768536566521,565420000,before_trump
2008-02-27,0.5238367319107056,0.5279632097535927,0.5100816782335643,0.5132912217308182,537816000,before_trump
2008-02-28,0.5041213631629944,0.5201689228980062,0.5041213631629944,0.51925193353937,503608000,before_trump
2008-02-29,0.49036628007888794,0.5025165374382061,0.48830306801760287,0.4958683246623678,540576000,before_trump
2008-03-03,0.4846349358558655,0.4931171796002298,0.4782159036591126,0.4896784025917003,449028000,before_trump
2008-03-04,0.4798206388950348,0.4823424268723748,0.4610221191410256,0.4814253832492483,778888000,before_trump
2008-03-05,0.4853227138519287,0.4967852133181569,0.47936220319798833,0.4844056701686234,644656000,before_trump
2008-03-06,0.45483243465423584,0.4825717234222578,0.4541446791758954,0.4793622342950108,1075284000,before_trump
2008-03-07,0.44818419218063354,0.4658364642374396,0.43557541471344813,0.44657942030001047,767500000,before_trump
2008-03-10,0.422508180141449,0.44818420290047545,0.4218204246516971,0.4426821863112169,776100000,before_trump
2008-03-11,0.4364924430847168,0.44084818232042317,0.41815241505192174,0.43557542665226084,857940000,before_trump
2008-03-12,0.4245714247226715,0.44451619753727806,0.4209034136161617,0.44061895281708446,743320000,before_trump
2008-03-13,0.45162293314933777,0.458041938556662,0.41540140068452586,0.4179231342643192,1220528000,before_trump
2008-03-14,0.4199862778186798,0.4543737947778763,0.4167767623892561,0.4539153003818865,1154972000,before_trump
2008-03-17,0.40944090485572815,0.4236544271117576,0.3968321271783211,0.40164638824294485,800952000,before_trump
2008-03-18,0.4348876178264618,0.43557537323426976,0.4071483592319819,0.4190693527618914,1075256000,before_trump
2008-03-19,0.4048559069633484,0.4307611632883894,0.4048559069633484,0.4248006794879307,880476000,before_trump
2008-03-20,0.4245714247226715,0.4254884138349205,0.4023341517986856,0.4096701466829483,633460000,before_trump
2008-03-24,0.4591881334781647,0.46170986675553954,0.43236586507595753,0.433970609403151,887440000,before_trump
2008-03-25,0.46583643555641174,0.4745479132526932,0.456895669611472,0.461251435788367,735388000,before_trump
2008-03-26,0.45093515515327454,0.46285617631199,0.4458916609169933,0.4596466874331076,721652000,before_trump
2008-03-27,0.44451621174812317,0.45666646818201995,0.4371801893005764,0.44405771717734094,601308000,before_trump
2008-03-28,0.4511643350124359,0.4628560931525848,0.44795481938143955,0.4525398182867922,561788000,before_trump
2008-03-31,0.4536861479282379,0.46446091911675136,0.4479548982870091,0.45597864778472946,569992000,before_trump
2008-04-01,0.481425404548645,0.48257168179951454,0.460563672363392,0.4672119383089153,676872000,before_trump
2008-04-02,0.4667535126209259,0.4828010148360776,0.4630855011831017,0.4828010148360776,616536000,before_trump
2008-04-03,0.45804187655448914,0.46354389215688985,0.4445161121112451,0.4628561367904958,841984000,before_trump
2008-04-04,0.43053191900253296,0.45116444650407367,0.4293856689929338,0.4488719191561194,1535528000,before_trump
2008-04-07,0.4408482313156128,0.44749649870695885,0.43740948080142816,0.44107749228139564,729496000,before_trump
2008-04-08,0.4383263885974884,0.45253990994594145,0.4355753941628298,0.4355753941628298,639476000,before_trump
2008-04-09,0.4470379650592804,0.4516229653444,0.43924344817732264,0.44336995389968176,675232000,before_trump
2008-04-10,0.45574942231178284,0.47019220445936444,0.4422236565203794,0.45185215062334605,1092184000,before_trump
2008-04-11,0.42480066418647766,0.4497889305125188,0.42204964233131304,0.4470379359861098,1106280000,before_trump
2008-04-14,0.4105871319770813,0.42411289799361823,0.40806537111656027,0.42319588162217653,780004000,before_trump
2008-04-15,0.41540148854255676,0.41700623340160486,0.4037097252446497,0.4126504661227472,439916000,before_trump
2008-04-16,0.4319074749946594,0.43740949236000176,0.4236544899397866,0.43121974673665703,646836000,before_trump
2008-04-17,0.42594701051712036,0.4275517554097316,0.41173348548003325,0.41196274646273273,596968000,before_trump
2008-04-18,0.43603387475013733,0.44291140161019366,0.4300733915535941,0.43901413001278583,573540000,before_trump
2008-04-21,0.4555201530456543,0.45850040832331623,0.4325951271637377,0.4325951271637377,679892000,before_trump
2008-04-22,0.4470379650592804,0.4520814599071605,0.4374094425975233,0.44726719867628195,587668000,before_trump
2008-04-23,0.46858730912208557,0.4736308297235677,0.4472670589891122,0.453227568429728,1020496000,before_trump
2008-04-24,0.4573541581630707,0.4736309180590402,0.4504766586006194,0.47133841820488975,655764000,before_trump
2008-04-25,0.46193915605545044,0.4630853785814542,0.44726711418857024,0.4617098678242461,552208000,before_trump
2008-04-28,0.4536861479282379,0.4667534189732429,0.4518521425772939,0.45987591940376826,535700000,before_trump
2008-04-29,0.463085412979126,0.4688166900073735,0.44864265827065203,0.44864265827065203,573408000,before_trump
2008-04-30,0.4711092412471771,0.4761527087380615,0.46537796359410966,0.4685874528442205,1068320000,before_trump
2008-05-01,0.49288803339004517,0.49403425615773466,0.4745479771893701,0.476840477382265,1014624000,before_trump
2008-05-02,0.5162716507911682,0.5162716507911682,0.49884863523586537,0.5064138927093196,1131016000,before_trump
2008-05-05,0.5034335255622864,0.5151252596925237,0.5022872481818146,0.5128327595890939,943392000,before_trump
2008-05-06,0.5165005922317505,0.5176468145586811,0.4942632997198501,0.5020578411044571,729036000,before_trump
2008-05-07,0.5045795440673828,0.5247535696070637,0.5002237792365156,0.5178760720802957,715632000,before_trump
2008-05-08,0.5032042264938354,0.5100817266565458,0.481654736915512,0.5084769820843313,1360000000,before_trump
2008-05-09,0.5165005922317505,0.537133086033956,0.503662585156657,0.5045795739497004,2030352000,before_trump
2008-05-12,0.5018285512924194,0.5231488549424224,0.49678508561822066,0.5231488549424224,1006652000,before_trump
2008-05-13,0.4915125072002411,0.504350518816441,0.4878444960731105,0.504350518816441,854108000,before_trump
2008-05-14,0.5059552192687988,0.519022463359263,0.49151246429354684,0.497702208617582,751148000,before_trump
2008-05-15,0.5451570153236389,0.5474495152841584,0.5025164504689635,0.5048089504294831,1165464000,before_trump
2008-05-16,0.559599757194519,0.560746034476196,0.5417182251344252,0.5543270019453254,1091556000,before_trump
2008-05-19,0.5479079484939575,0.580232176310335,0.5440106499998537,0.5598289135654754,1158532000,before_trump
2008-05-20,0.5336944460868835,0.5391964343448143,0.5275047024645235,0.5330066907224543,771404000,before_trump
2008-05-21,0.5293387770652771,0.5557025553278996,0.5281924996959175,0.535070054597048,1066660000,before_trump
2008-05-22,0.5421765446662903,0.5465323092593013,0.5284215503638764,0.5369037913846161,693108000,before_trump
2008-05-23,0.5297972559928894,0.5456155216680472,0.5220027126226972,0.5412597554696322,802672000,before_trump
2008-05-27,0.5355284810066223,0.5362162364443221,0.5206272042856417,0.5307142476002328,832856000,before_trump
2008-05-28,0.5405720472335815,0.551576025829028,0.5343823024414537,0.5502005694977324,751736000,before_trump
2008-05-29,0.5391964316368103,0.5417181648553838,0.5293386776728372,0.5408011759265846,693460000,before_trump
2008-05-30,0.5662480592727661,0.568082037450887,0.5529515261800954,0.5545562707503293,830244000,before_trump
2008-06-02,0.568540632724762,0.5728963997820347,0.560058386905218,0.5662481323773847,734660000,before_trump
2008-06-03,0.5492833852767944,0.5712914461550547,0.5426351749600801,0.5703744026253358,840696000,before_trump
2008-06-04,0.5557024478912354,0.5568486703814768,0.5341529075681686,0.5371331625633001,831724000,before_trump
2008-06-05,0.569686770439148,0.5811493251206592,0.5632677922887127,0.574959525915939,827860000,before_trump
2008-06-06,0.5515760183334351,0.5634970405310971,0.5483665291748377,0.5628092850460387,784876000,before_trump
2008-06-09,0.5430936217308044,0.5559316294336422,0.5320896463612278,0.5483663758704966,637916000,before_trump
2008-06-10,0.5109986662864685,0.5291094294220611,0.5075598895770198,0.5284216740801714,1225208000,before_trump
2008-06-11,0.4871567487716675,0.5233782841077674,0.4864689932576579,0.5109987941706255,999428000,before_trump
2008-06-12,0.490136981010437,0.5077892259392596,0.4860104481236914,0.498160758518545,825992000,before_trump
2008-06-13,0.4885322153568268,0.49655593786114394,0.4740894601915456,0.49082471530913313,705748000,before_trump
2008-06-16,0.4818839430809021,0.4878444538139755,0.4779866986763947,0.4832594539666128,630496000,before_trump
2008-06-17,0.4701923131942749,0.4889907839050056,0.46904603565177977,0.4887615502595152,687912000,before_trump
2008-06-18,0.4564371109008789,0.48142534519053465,0.44887182955318433,0.46537784825951706,1065272000,before_trump
2008-06-19,0.45529094338417053,0.46537796028038636,0.4442869373740974,0.45895898182587097,784928000,before_trump
2008-06-20,0.45299842953681946,0.458041951496397,0.44497467938318125,0.4452039403190734,741008000,before_trump
2008-06-23,0.4435991644859314,0.4568956974169586,0.43970191991166807,0.4564372028780022,776616000,before_trump
2008-06-24,0.45827120542526245,0.46881674435508053,0.44107745433359236,0.44107745433359236,1078928000,before_trump
2008-06-25,0.46079301834106445,0.4688167970816814,0.4534570225159764,0.46537801914783955,900976000,before_trump
2008-06-26,0.43718016147613525,0.4504766944838632,0.43718016147613525,0.4470379444287199,845532000,before_trump
2008-06-27,0.44199445843696594,0.4445162196140285,0.4289272126302742,0.4390142026810079,584140000,before_trump
2008-06-30,0.4291563034057617,0.44084806158403167,0.4261760486418155,0.4369508179675248,653940000,before_trump
2008-07-01,0.42984408140182495,0.4303025758523101,0.41631831747563414,0.4241128324488841,881464000,before_trump
2008-07-02,0.4133380651473999,0.430531839442837,0.4126503098029823,0.4277808453939174,763196000,before_trump
2008-07-03,0.28633350133895874,0.3010055171716851,0.28427026234984715,0.297566767303996,2987520000,before_trump
2008-07-07,0.2773926854133606,0.2925231915517261,0.26959817148530224,0.2906891866669626,2202692000,before_trump
2008-07-08,0.27578800916671753,0.2861042867850809,0.2705152535529449,0.2792267865920096,1805288000,before_trump
2008-07-09,0.2709738612174988,0.2806023590703712,0.2709738612174988,0.2764758521823501,1413168000,before_trump
2008-07-10,0.27028602361679077,0.275558779302217,0.2652425015436615,0.27234926277124777,1056992000,before_trump
2008-07-11,0.2675350308418274,0.27418327023387234,0.25951125312258166,0.26478400884493997,807760000,before_trump
2008-07-14,0.25538474321365356,0.27166150466690725,0.2535507376891134,0.2695982655322724,882316000,before_trump
2008-07-15,0.25813567638397217,0.26340843020527777,0.24529766945633658,0.2530921560939207,1122484000,before_trump
2008-07-16,0.25951123237609863,0.2663887321609853,0.25194597714697237,0.2590527378561905,1034392000,before_trump
2008-07-17,0.260428249835968,0.2636377388175289,0.2503412337119461,0.2636377388175289,862080000,before_trump
2008-07-18,0.2650132477283478,0.2666179922071179,0.2512582208751266,0.2585942424845125,899720000,before_trump
2008-07-21,0.2666180729866028,0.2730370801752578,0.26432557237128046,0.2691398345949625,571636000,before_trump
2008-07-22,0.2608867585659027,0.2652424977536317,0.2558432638935964,0.264096247722255,555924000,before_trump
2008-07-23,0.26868125796318054,0.27143225239648816,0.2615744972924441,0.26272074725038513,594876000,before_trump
2008-07-24,0.25286298990249634,0.26845199465791264,0.25217523446808376,0.2659302338413179,705628000,before_trump
2008-07-25,0.2650132477283478,0.26593023676514366,0.2501119709147544,0.2553847261982175,1039600000,before_trump
2008-07-28,0.264325350522995,0.27303685101540937,0.2604281082136555,0.26157435755926944,734808000,before_trump
2008-07-29,0.26707640290260315,0.2737246669834326,0.26180364927401323,0.26478390370136806,764636000,before_trump
2008-07-30,0.26317930221557617,0.27280782593679137,0.25721879013375354,0.27234930398529655,588492000,before_trump
2008-07-31,0.262262225151062,0.2679934743380167,0.25951120367832237,0.2624914587212891,487236000,before_trump
2008-08-01,0.24850720167160034,0.2563017170226406,0.2452977130338939,0.255384700748473,881060000,before_trump
2008-08-04,0.2425466626882553,0.2498826826939391,0.24185890739662885,0.24850717211068618,522052000,before_trump
2008-08-05,0.2565309703350067,0.2565309703350067,0.24438071556513682,0.24713170994182804,685844000,before_trump
2008-08-06,0.26340851187705994,0.26570101187289114,0.24896572910881656,0.25721874002531114,814864000,before_trump
2008-08-07,0.25928205251693726,0.27280782129436043,0.2563017965267416,0.26111605830542384,819232000,before_trump
2008-08-08,0.25217515230178833,0.26363764804465556,0.2512581362451116,0.26134514889608207,853764000,before_trump
2008-08-11,0.25744786858558655,0.2636376099260283,0.25309210443583746,0.2540091203599254,1196436000,before_trump
2008-08-12,0.25377997756004333,0.26019898269867237,0.2501119668154684,0.25951122726797027,1410868000,before_trump
2008-08-13,0.28106072545051575,0.28518723045467115,0.26730572698916627,0.2739539926427368,2095260000,before_trump
2008-08-14,0.29802531003952026,0.30925857782204075,0.2789975522272991,0.2789975522272991,1635304000,before_trump
2008-08-15,0.2971082627773285,0.3067367839454612,0.29504499652897703,0.30329800686487546,777652000,before_trump
2008-08-18,0.3030688762664795,0.305819871537028,0.29596211343286305,0.29917160336037585,893968000,before_trump
2008-08-19,0.30765384435653687,0.3094878501156178,0.29687907077022135,0.29687907077022135,1014140000,before_trump
2008-08-20,0.32278430461883545,0.32370129368317635,0.3099462937455298,0.3122387937351375,1143692000,before_trump
2008-08-21,0.31223881244659424,0.3195748347159675,0.30581980662527125,0.3170530736447758,1021560000,before_trump
2008-08-22,0.3120094835758209,0.3181992544341444,0.3053612455864196,0.31453124409800837,459264000,before_trump
2008-08-25,0.3074245750904083,0.3175115928287062,0.3065075858999991,0.3101755973191546,471600000,before_trump
2008-08-26,0.3000885844230652,0.309258585790161,0.2968790675473258,0.3090293521532395,613112000,before_trump
2008-08-27,0.3023810386657715,0.30604904958491236,0.2904600168429413,0.2932110386966748,454620000,before_trump
2008-08-28,0.3012346923351288,0.3060489517108122,0.2982544378325032,0.3028394363507743,365192000,before_trump
2008-08-29,0.2897722125053406,0.29802519390994425,0.2888551963523301,0.2971082050856822,516004000,before_trump
2008-09-02,0.28243622183799744,0.29710823584648116,0.27853897793826393,0.29458647532555,693928000,before_trump
2008-09-03,0.2673058807849884,0.27968540292007665,0.2647841186846644,0.27853915238879634,714856000,before_trump
2008-09-04,0.2636377215385437,0.2670764712200189,0.2620329771529392,0.2643254769405894,716128000,before_trump
2008-09-05,0.2675350606441498,0.26822278889122475,0.26111605415095607,0.2613452877903944,791100000,before_trump
2008-09-08,0.2565310299396515,0.2700567987049385,0.2521752901085695,0.2700567987049385,1314840000,before_trump
2008-09-09,0.24781949818134308,0.2712030218012571,0.2469025090439478,0.25561401516423365,1098296000,before_trump
2008-09-10,0.24804876744747162,0.25584328469172263,0.24644402273884186,0.2507997622806596,644284000,before_trump
2008-09-11,0.2361278384923935,0.24117136291557342,0.228333331802899,0.23383533732868245,1066976000,before_trump
2008-09-12,0.23360596597194672,0.23566920487214504,0.22030944792642118,0.23406446046879598,1209200000,before_trump
2008-09-15,0.21320267021656036,0.22879168680589373,0.21045166246631014,0.22535292370198706,863984000,before_trump
2008-09-16,0.21985095739364624,0.2214557155900474,0.20174019102150947,0.20563744921473132,1240840000,before_trump
2008-09-17,0.2292502373456955,0.23429373229168782,0.21274421413516365,0.21480746703648013,1392580000,before_trump
2008-09-18,0.24965348839759827,0.2618037440273768,0.23154272175585117,0.23200121629628964,1611060000,before_trump
2008-09-19,0.26157456636428833,0.26363780590190306,0.24988280277443978,0.26157456636428833,1107344000,before_trump
2008-09-22,0.2560724914073944,0.26707649691243696,0.25469698047098066,0.25951124141967297,700072000,before_trump
2008-09-23,0.24873651564121246,0.2634085331994562,0.24781949917139595,0.25400927152419445,821468000,before_trump
2008-09-24,0.25790640711784363,0.26294989991476175,0.24415141185602351,0.24552689498495775,866036000,before_trump
2008-09-25,0.26295003294944763,0.2691398058118643,0.2535507705003231,0.2579065376008667,588328000,before_trump
2008-09-26,0.2679934501647949,0.26982745520494206,0.2517166930105194,0.25653092549606266,646852000,before_trump
2008-09-29,0.23154272139072418,0.2640962436418637,0.22925022136339077,0.2608867545350993,975240000,before_trump
2008-09-30,0.24552716314792633,0.24781966486208326,0.23268914261713708,0.23521090543422016,659044000,before_trump
2008-10-01,0.23864947259426117,0.24621472783914736,0.2342937063241728,0.241858961569059,557208000,before_trump
2008-10-02,0.2138904631137848,0.24025422710878638,0.21274419943503184,0.24025422710878638,787728000,before_trump
2008-10-03,0.20701287686824799,0.22351889315792475,0.20563738006556598,0.21732913704929596,915828000,before_trump
2008-10-06,0.17996138334274292,0.19761363719659353,0.16758186999247796,0.19715514277519458,1677440000,before_trump
2008-10-07,0.1659771203994751,0.18683889089261707,0.16460162340286003,0.1863803964485371,1059984000,before_trump
2008-10-08,0.16941587626934052,0.17927362938224967,0.15841185976564293,0.16001661758124708,1219456000,before_trump
2008-10-09,0.15864112973213196,0.17812740520485607,0.15680713810544294,0.17560564451354682,909636000,before_trump
2008-10-10,0.15611940622329712,0.16804041508227147,0.1439691500844995,0.14488615286817116,1200252000,before_trump
2008-10-13,0.18454641103744507,0.18477565828394932,0.16735264891960114,0.16941590146689253,916536000,before_trump
2008-10-14,0.18041987717151642,0.19257012960679748,0.17537637023082217,0.19142387989269075,1209012000,before_trump
2008-10-15,0.16093361377716064,0.18019062482215228,0.16093361377716064,0.17927362234414687,854064000,before_trump
2008-10-16,0.17652259767055511,0.1774396000590041,0.1581825908946933,0.16574784351893165,1019820000,before_trump
2008-10-17,0.17537644505500793,0.1854634632400127,0.16826969652833393,0.17147919983003904,839416000,before_trump
2008-10-20,0.17881515622138977,0.1827124142510811,0.17445940367732407,0.18133691704358068,595764000,before_trump
2008-10-21,0.1650601178407669,0.17721036991070924,0.16414311536417944,0.1753763649575343,659116000,before_trump
2008-10-22,0.15887032449245453,0.16964507717848754,0.154514573988074,0.16276756703279083,600996000,before_trump
2008-10-23,0.14992961287498474,0.16230912708402606,0.14351060854386155,0.15841186957428147,832192000,before_trump
2008-10-24,0.15153442323207855,0.15932892728466758,0.13686240435065677,0.1375501599328541,798336000,before_trump
2008-10-27,0.15978743135929108,0.16918667997067896,0.14580315476340514,0.15061741638343434,698936000,before_trump
2008-10-28,0.1838586926460266,0.18408793993868047,0.16528942964661467,0.16826968544425297,849920000,before_trump
2008-10-29,0.18981915712356567,0.2017401636906553,0.1817953945573389,0.18271239716471133,977284000,before_trump
2008-10-30,0.19784288108348846,0.20174013825740253,0.1856926288124244,0.20059388855878796,657176000,before_trump
2008-10-31,0.20082320272922516,0.20472046120266243,0.19119469385165552,0.19165320208261338,608672000,before_trump
2008-11-03,0.19348721206188202,0.20884698644072944,0.19027770880330824,0.20517897490842793,723924000,before_trump
2008-11-04,0.20586667954921722,0.20586667954921722,0.19486267500379478,0.20013543002855486,619560000,before_trump
2008-11-05,0.19509193301200867,0.20403268549024303,0.19509193301200867,0.19830143565347452,787620000,before_trump
2008-11-06,0.17468863725662231,0.19050688682794775,0.17423012914963637,0.18362938820253452,797936000,before_trump
2008-11-07,0.19990617036819458,0.20792993341174965,0.18569266326930983,0.19898916770627026,1132068000,before_trump
2008-11-10,0.1870681345462799,0.20861765995885376,0.18271238275310672,0.2074713965417688,576396000,before_trump
2008-11-11,0.17881515622138977,0.18569266958764638,0.17698116449951498,0.18431717238014594,576484000,before_trump
2008-11-12,0.16826969385147095,0.17743969533081888,0.16620644078574168,0.17331318919936028,646092000,before_trump
2008-11-13,0.18202465772628784,0.18225390496489438,0.1572656280117543,0.16047513034537425,797228000,before_trump
2008-11-14,0.16437238454818726,0.17560563564372622,0.16368462918268198,0.174688646708887,741024000,before_trump
2008-11-17,0.16093361377716064,0.16712335659104263,0.15932885602455765,0.16276760506879745,388224000,before_trump
2008-11-18,0.1556609719991684,0.1650602370945648,0.15038821419757453,0.1641432339554549,564488000,before_trump
2008-11-19,0.14282287657260895,0.15818263310033162,0.14213512118167496,0.1542853753256663,500220000,before_trump
2008-11-20,0.13525760173797607,0.1487833660110864,0.13365285745574304,0.14167660619565967,847036000,before_trump
2008-11-21,0.14626170694828033,0.14626170694828033,0.13181893141557652,0.13961345126819047,599064000,before_trump
2008-11-24,0.15589012205600739,0.15772412718937964,0.14672011005352154,0.15520236671489895,600308000,before_trump
2008-11-25,0.16024592518806458,0.16322618106570652,0.15566092455438757,0.162767672803711,528256000,before_trump
2008-11-26,0.17445939779281616,0.17491790595610235,0.15657789370532135,0.1574948827031401,600792000,before_trump
2008-11-28,0.17124992609024048,0.17423018186199585,0.16895742585485304,0.17170843433594551,175248000,before_trump
2008-12-01,0.156577929854393,0.16597717856704985,0.15634866888763216,0.16437243378600355,547112000,before_trump
2008-12-02,0.16528941690921783,0.16735266971286464,0.15749490024460627,0.15955815304825305,479988000,before_trump
2008-12-03,0.17377161979675293,0.17400086699838807,0.15749484985067583,0.1588703603892345,584632000,before_trump
2008-12-04,0.16230909526348114,0.178815097308508,0.15841183851779006,0.17033284227214937,466292000,before_trump
2008-12-05,0.16872812807559967,0.16941588340617025,0.1545146226706834,0.15726561666421549,438484000,before_trump
2008-12-08,0.1632261723279953,0.1753764288225721,0.15932891379936737,0.17193767853139516,707992000,before_trump
2008-12-09,0.17904441058635712,0.18546341553879844,0.15932888756707209,0.16116289288616295,829760000,before_trump
2008-12-10,0.19600893557071686,0.20059393543666848,0.17950291419028702,0.18248316956890656,961124000,before_trump
2008-12-11,0.18775588274002075,0.20174014012400746,0.18546338332158024,0.19486264186868588,582700000,before_trump
2008-12-12,0.19715522229671478,0.19830147247692057,0.17858594478149709,0.1822539562896596,679268000,before_trump
2008-12-15,0.19073618948459625,0.19944769511701102,0.18454643116755057,0.1983014450950816,476996000,before_trump
2008-12-16,0.20357421040534973,0.20403270497031512,0.19073619861377403,0.1925701905380143,521940000,before_trump
2008-12-17,0.21366117894649506,0.21664143412555656,0.1971551723356856,0.19990616660529892,674180000,before_trump
2008-12-18,0.19394570589065552,0.21297347672024794,0.1914239447339224,0.21228572119307,550808000,before_trump
2008-12-19,0.19532114267349243,0.2040326462141764,0.1946333873597214,0.1964673924201943,593120000,before_trump
2008-12-22,0.183858722448349,0.19875999018756121,0.17675197323784456,0.19830149552793447,522464000,before_trump
2008-12-23,0.18133696913719177,0.1889022264483206,0.1785859602675171,0.18500496729904348,377452000,before_trump
2008-12-24,0.1769811064004898,0.18202461272482157,0.173313096832113,0.17766884794628088,146616000,before_trump
2008-12-26,0.17216689884662628,0.179273659266565,0.16735265192604418,0.17698115943158524,226156000,before_trump
2008-12-29,0.17766892910003662,0.17766892910003662,0.16322617240456658,0.17445942609389006,460168000,before_trump
2008-12-30,0.183858722448349,0.18660973139925438,0.17583497025420944,0.1799614768483767,409860000,before_trump
2008-12-31,0.18500490486621857,0.1895899181017246,0.17835665275520554,0.18156615518787148,441580000,before_trump
2009-01-02,0.19967696070671082,0.20105245812633743,0.18431720080513891,0.18500494268276255,497124000,before_trump
2009-01-05,0.20334497094154358,0.20792997142500708,0.19600896196937442,0.19738445938153762,705736000,before_trump
2009-01-06,0.21022245287895203,0.2161829639062613,0.20472045005763936,0.20930545013133692,657904000,before_trump
2009-01-07,0.1976136565208435,0.2054081717618315,0.19050689664358264,0.2054081717618315,870096000,before_trump
2009-01-08,0.19257017970085144,0.1950919406593816,0.18064917137445707,0.1950919406593816,1014496000,before_trump
2009-01-09,0.18179547786712646,0.19257023952874822,0.181336983185518,0.19257023952874822,761352000,before_trump
2009-01-12,0.17445941269397736,0.1827124236942779,0.17193766540583127,0.18179542095375809,645532000,before_trump
2009-01-13,0.17537644505500793,0.182024712630553,0.16528944053438344,0.16849894383608854,1824424000,before_trump
2009-01-14,0.1675819307565689,0.17124992845087533,0.16506018319575697,0.16918667547770938,974908000,before_trump
2009-01-15,0.17354241013526917,0.17629340447872507,0.16506015252492248,0.1684989022864308,998204000,before_trump
2009-01-16,0.18317091464996338,0.18477565904649224,0.1726254046234823,0.17835665413162347,831324000,before_trump
2009-01-20,0.16528941690921783,0.18340018392768506,0.16391390593053443,0.18271242843834334,705788000,before_trump
2009-01-21,0.17331312596797943,0.17445937573470136,0.162309122741699,0.16849887968062238,648472000,before_trump
2009-01-22,0.17010366916656494,0.17468868311826904,0.16391391058004845,0.16781116902290225,547656000,before_trump
2009-01-23,0.17675192654132843,0.18202468205592226,0.1650601655015228,0.1652894127707708,633616000,before_trump
2009-01-26,0.18271243572235107,0.18798519157916546,0.17468868512725547,0.17766892714966367,581748000,before_trump
2009-01-27,0.19348716735839844,0.19486267819740202,0.18500490973017625,0.18569266514967805,725300000,before_trump
2009-01-28,0.201510950922966,0.20472045376556078,0.193945695198591,0.20036470088378058,723752000,before_trump
2009-01-29,0.18981921672821045,0.19715522622637544,0.1889022138328923,0.19486272582027017,413128000,before_trump
2009-01-30,0.1822539120912552,0.19348716386597148,0.17996141228679785,0.188443669761916,506760000,before_trump
2009-02-02,0.19211170077323914,0.19417495369589424,0.17858593313187565,0.1795029359490978,577992000,before_trump
2009-02-03,0.19440415501594543,0.19600891298272327,0.18729739511119878,0.19257014981516385,396948000,before_trump
2009-02-04,0.1999061554670334,0.20976392309963135,0.19486266169896085,0.19486266169896085,779232000,before_trump
2009-02-05,0.21457825601100922,0.21687075658556226,0.19257022589941356,0.19463347914938756,919192000,before_trump
2009-02-06,0.2262699455022812,0.22764544266203807,0.21159793025028517,0.21526594089547257,1157880000,before_trump
2009-02-09,0.22328972816467285,0.22856248411371047,0.21709998306308878,0.22535298108666058,716128000,before_trump
2009-02-10,0.21366117894649506,0.22604069415288452,0.20953467387769856,0.223060438973823,1129664000,before_trump
2009-02-11,0.18683893978595734,0.20380345728631427,0.1801906866207847,0.1966966958927008,1983400000,before_trump
2009-02-12,0.19073618948459625,0.19188243950652567,0.1801906783513432,0.18271242566671228,1024020000,before_trump
2009-02-13,0.19050690531730652,0.19279941874598244,0.18500490315011245,0.18638041394019328,764304000,before_trump
2009-02-17,0.1795029640197754,0.18775597700100213,0.17881520838321277,0.18340022318632831,779576000,before_trump
2009-02-18,0.18431717157363892,0.1902776685563112,0.17927366361570302,0.1795029108718871,646252000,before_trump
2009-02-19,0.17010366916656494,0.18958994771645526,0.17010366916656494,0.18798518941726414,743988000,before_trump
2009-02-20,0.17445941269397736,0.17721042091553685,0.16620641535805475,0.167811159905681,770056000,before_trump
2009-02-23,0.16643565893173218,0.1783566669650529,0.16528940894762698,0.1774396642448932,679548000,before_trump
2009-02-24,0.18133696913719177,0.18156621646023602,0.1671234438071111,0.16735270479453654,659524000,before_trump
2009-02-25,0.18340018391609192,0.1889021868373428,0.17468867815207983,0.18087842289825062,702360000,before_trump
2009-02-26,0.1893606334924698,0.1957796375544391,0.18706813399382,0.18981914159082466,1117556000,before_trump
2009-02-27,0.18981917202472687,0.19417492450339865,0.18317091967984644,0.1845464168666962,755444000,before_trump
2009-03-02,0.1737716794013977,0.18913143848066852,0.17308392389621446,0.1852341937229731,700064000,before_trump
2009-03-03,0.18064919114112854,0.18752670563175763,0.17124992908041714,0.17698119343333799,1041372000,before_trump
2009-03-04,0.19394570589065552,0.19944770911494195,0.18385868859248117,0.1854634469344367,1108668000,before_trump
2009-03-05,0.1893606334924698,0.19898913958542377,0.18844364462450977,0.19119463855713956,955252000,before_trump
2009-03-06,0.19234095513820648,0.19921846968822599,0.18683895169681863,0.18936069928867735,974756000,before_trump
2009-03-09,0.19027763605117798,0.20540815734023843,0.18981914161713442,0.1909653913666182,682768000,before_trump
2009-03-10,0.20747143030166626,0.21113944103869964,0.19532117548009165,0.19715518084860836,1254800000,before_trump
2009-03-11,0.21320274472236633,0.2716615466165273,0.20403272934802205,0.2074714799892585,864916000,before_trump
2009-03-12,0.22581152617931366,0.22810402676356964,0.2097640084251406,0.21251500366049522,1604604000,before_trump
2009-03-13,0.22466517984867096,0.22787468202752695,0.21893391717361527,0.22260192747195098,1195156000,before_trump
2009-03-16,0.21595370769500732,0.2271869745185449,0.21411971582403705,0.2269577272427209,699344000,before_trump
2009-03-17,0.22672846913337708,0.22718696366311733,0.21389045832811793,0.21664145283531477,1005384000,before_trump
2009-03-18,0.2338351607322693,0.24048342548340693,0.22306040520148082,0.22328965241184345,1359560000,before_trump
2009-03-19,0.2310842126607895,0.23543995151374716,0.22947946820595005,0.23543995151374716,822648000,before_trump
2009-03-20,0.21847546100616455,0.23475223564486417,0.2125149500589819,0.23452297471275876,1093672000,before_trump
2009-03-23,0.23429375886917114,0.2347522808216219,0.22030950887406783,0.22535300439217706,816048000,before_trump
2009-03-24,0.22420668601989746,0.23062570445112665,0.2230604361447006,0.2285624382785207,1114868000,before_trump
2009-03-25,0.22787471115589142,0.23842020795065894,0.2191631924159713,0.23108421374500604,1243852000,before_trump
2009-03-26,0.2420881688594818,0.24254666327876612,0.22902091393738602,0.23154266057219855,1333664000,before_trump
2009-03-27,0.2397957146167755,0.24552696425958723,0.23612770391387441,0.23956645369956145,731892000,before_trump
2009-03-30,0.22443591058254242,0.23360593598622773,0.22122640852344003,0.23062568114612372,780052000,before_trump
2009-03-31,0.22604070603847504,0.2315427085313825,0.22443594790983937,0.22787471142423663,805272000,before_trump
2009-04-01,0.23177196085453033,0.2338351997564978,0.2148074321621576,0.22328968967615562,887920000,before_trump
2009-04-02,0.2425466626882553,0.24690242798272366,0.23704467501274123,0.2404834241421247,1002860000,before_trump
2009-04-03,0.259511262178421,0.2601990177016426,0.23864949950366082,0.2427760053142325,1003208000,before_trump
2009-04-06,0.2601989507675171,0.2624914503693564,0.25171670770646193,0.2551554571092209,887288000,before_trump
2009-04-07,0.2512582540512085,0.2579065210964558,0.24965350936054825,0.25515552629407273,607804000,before_trump
2009-04-08,0.26157450675964355,0.26226226222505117,0.2519459849014486,0.2540092512976714,731652000,before_trump
2009-04-09,0.2760171890258789,0.2769341778507579,0.26615943617906157,0.2682226746994136,904412000,before_trump
2009-04-13,0.26707643270492554,0.2728077086762967,0.2611159505138483,0.2725784477990921,767628000,before_trump
2009-04-14,0.26868122816085815,0.2751002326790783,0.26226222364263807,0.26340847347343627,711960000,before_trump
2009-04-15,0.2611159682273865,0.26226221803366995,0.2501119372925638,0.2592819630715827,1045368000,before_trump
2009-04-16,0.26776424050331116,0.27097375676965874,0.2558432464552813,0.2659302351123632,1038772000,before_trump
2009-04-17,0.2695981562137604,0.2721199162035571,0.2613451483641942,0.26776415143288507,695764000,before_trump
2009-04-20,0.25332146883010864,0.2615744788777799,0.2519459580459125,0.2592819791232882,590660000,before_trump
2009-04-21,0.2526337504386902,0.2631792617853463,0.2462147447202368,0.24988275579614067,932184000,before_trump
2009-04-22,0.2601989507675171,0.2707444598674782,0.24621469226479709,0.250341197013858,916404000,before_trump
2009-04-23,0.25607243180274963,0.26501319615083224,0.24804868364174568,0.2627206966762597,753952000,before_trump
2009-04-24,0.26203295588493347,0.26386696103194646,0.2524044356953029,0.2585942064825657,759508000,before_trump
2009-04-27,0.2526337504386902,0.2659302564278958,0.25102900584126603,0.2585942616048448,787024000,before_trump
2009-04-28,0.25332146883010864,0.2585942237311901,0.24713169762997883,0.24942422471322329,634392000,before_trump
2009-04-29,0.24942424893379211,0.25561399340623,0.24644399349780194,0.2544677434176765,859668000,before_trump
2009-04-30,0.2631791830062866,0.2705151756334094,0.2521751804012282,0.25423841893334914,1110276000,before_trump
2009-05-01,0.267535001039505,0.2737247451854752,0.26226224590451047,0.2624914794928774,840548000,before_trump
2009-05-04,0.28197771310806274,0.28404095173622546,0.2684519495974687,0.2721199597461467,927704000,before_trump
2009-05-05,0.27051517367362976,0.2776219327061136,0.26478392520509386,0.2757879277304325,837076000,before_trump
2009-05-06,0.2650131583213806,0.27601715969430646,0.259740404816776,0.27349539970074693,935088000,before_trump
2009-05-07,0.24598544836044312,0.27097373947214104,0.24254669872021006,0.27097373947214104,1289196000,before_trump
2009-05-08,0.2120564728975296,0.24071273898513082,0.2088469698932529,0.24071273898513082,2930564000,before_trump
2009-05-11,0.21618293225765228,0.22145568703623833,0.20678367255109661,0.20861767777783335,1038596000,before_trump
2009-05-12,0.2058667093515396,0.22099722120796028,0.20174020363353784,0.22099722120796028,1201384000,before_trump
2009-05-13,0.19257019460201263,0.20563746761622131,0.19096544992638853,0.20449121751523866,1305608000,before_trump
2009-05-14,0.1953212171792984,0.1994477233072419,0.1909654637474425,0.19234096123529698,1017864000,before_trump
2009-05-15,0.20036469399929047,0.2072421939980934,0.19440418306882568,0.19669668306842664,780308000,before_trump
2009-05-18,0.21251501142978668,0.21389052276213236,0.2049497537594128,0.2054082620916553,938320000,before_trump
2009-05-19,0.21664147078990936,0.21916321824123094,0.2104517121391613,0.21389047605471834,859768000,before_trump
2009-05-20,0.22306044399738312,0.23498145131772652,0.21962169425073388,0.22053869691604905,1309436000,before_trump
2009-05-21,0.22168497741222382,0.22466523306951916,0.21549521881577474,0.2203094800566947,965600000,before_trump
2009-05-22,0.22512370347976685,0.2283332060745738,0.21755844833946308,0.22168495362769736,718260000,before_trump
2009-05-26,0.23727399110794067,0.23910799674743435,0.22076798134563497,0.2230604815628125,865540000,before_trump
2009-05-27,0.23773247003555298,0.24483923117246428,0.2338352253886608,0.23612772545492167,814152000,before_trump
2009-05-28,0.24094201624393463,0.24300525562655167,0.23062576467332965,0.24140051084798733,995288000,before_trump
2009-05-29,0.23910796642303467,0.24162972727361587,0.23085495575636417,0.2411712327540797,834232000,before_trump
2009-06-01,0.2507997453212738,0.2521752563092334,0.24094198945091502,0.2418589785570502,1022764000,before_trump
2009-06-02,0.2487364560365677,0.2563017102880945,0.24415145677246064,0.25079969477391534,907984000,before_trump
2009-06-03,0.24094201624393463,0.24644403347884652,0.23498150440497004,0.24552701694198129,735688000,before_trump
2009-06-04,0.24965356290340424,0.2501120575806744,0.24140054939748426,0.24162981040050147,673180000,before_trump
2009-06-05,0.24827800691127777,0.25423851863059477,0.2452977783803786,0.25423851863059477,559992000,before_trump
2009-06-08,0.24690240621566772,0.25034115504188914,0.24071263646547203,0.2464439118379208,473948000,before_trump
2009-06-09,0.2604283094406128,0.2631793045299689,0.2485072851721343,0.25034129100795877,725032000,before_trump
2009-06-10,0.2686813771724701,0.27028612235983435,0.25607259471206456,0.2618038470446276,833320000,before_trump
2009-06-11,0.2652425169944763,0.2796853012320187,0.2636377722998911,0.26936902287252296,835156000,before_trump
2009-06-12,0.263867050409317,0.2647840396290518,0.25538477714734975,0.2613452890619062,595000000,before_trump
2009-06-15,0.25951120257377625,0.2624914576040583,0.25492620324372745,0.2590527081065217,445164000,before_trump
2009-06-16,0.25240448117256165,0.2627207585671627,0.24873649754640353,0.259511242149424,594912000,before_trump
2009-06-17,0.25859418511390686,0.2611159453987606,0.24644393276381385,0.2563016857017666,799016000,before_trump
2009-06-18,0.2535507082939148,0.26249147394122385,0.2507997139904172,0.25767721341353794,566376000,before_trump
2009-06-19,0.25630179047584534,0.26272079691962513,0.25286303995190185,0.25607252950941184,747564000,before_trump
2009-06-22,0.24185897409915924,0.2572187463094916,0.2409419850099258,0.2572187463094916,574864000,before_trump
2009-06-23,0.24071279168128967,0.24461006472703423,0.23131352789730952,0.2441515700536419,589764000,before_trump
2009-06-24,0.2487364560365677,0.25446770511670147,0.24369293498304892,0.24369293498304892,515096000,before_trump
2009-06-25,0.26180368661880493,0.2622622083874544,0.24392218483272854,0.24644394524530022,870444000,before_trump
2009-06-26,0.2652425169944763,0.2661595334833525,0.2583650163073181,0.2606575165363708,513956000,before_trump
2009-06-29,0.2652425169944763,0.27005677840699044,0.2624915221853647,0.26593027252894386,510056000,before_trump
2009-06-30,0.2588234841823578,0.2679935114811775,0.2540092505953275,0.2643255005616496,589844000,before_trump
2009-07-01,0.25996971130371094,0.2634084883186603,0.25561397263269703,0.26042823312487295,696420000,before_trump
2009-07-02,0.24988271296024323,0.25469694592724057,0.24644396341435137,0.25148745728257565,552312000,before_trump
2009-07-06,0.24185897409915924,0.2498827516093552,0.2377324685400962,0.24965349067266868,752456000,before_trump
2009-07-07,0.23131342232227325,0.24415145861912663,0.23062569429045654,0.24277594789799017,1072996000,before_trump
2009-07-08,0.23177197575569153,0.23337672026358938,0.22260196224189166,0.23268896480913168,1205860000,before_trump
2009-07-09,0.2368154674768448,0.24071271190216634,0.2349814620623538,0.23566921750888228,714564000,before_trump
2009-07-10,0.23773247003555298,0.23933724194494077,0.2317719862605286,0.23681548094055124,520008000,before_trump
2009-07-13,0.24048350751399994,0.24254674677542334,0.22810398995918477,0.24254674677542334,556012000,before_trump
2009-07-14,0.24552693963050842,0.24644395587862378,0.23956642966838798,0.2423174510839828,452568000,before_trump
2009-07-15,0.2556139826774597,0.26065747694965574,0.2521752328561323,0.2544677327370172,1022808000,before_trump
2009-07-16,0.26891058683395386,0.2698276035224634,0.2569895885134453,0.25836507255306296,952076000,before_trump
2009-07-17,0.27670496702194214,0.2776219559220912,0.26615945802647456,0.26891045205567243,850356000,before_trump
2009-07-20,0.28014373779296875,0.2831239929392639,0.27532947737751096,0.2789974879158362,782756000,before_trump
2009-07-21,0.274412602186203,0.28060234862340466,0.2679935947470159,0.27945609827100565,941296000,before_trump
2009-07-22,0.28129005432128906,0.2838118155800087,0.26707653061397374,0.26891053631770084,600908000,before_trump
2009-07-23,0.2980252206325531,0.29894223686778837,0.2787682076376228,0.2817484625768234,1046120000,before_trump
2009-07-24,0.2971082627773285,0.2980252517796489,0.28702124710803556,0.28885525244143007,650592000,before_trump
2009-07-27,0.298483669757843,0.30283940699649947,0.2916061453183291,0.29435716602563233,677484000,before_trump
2009-07-28,0.29894229769706726,0.3021517868515858,0.29389877569888617,0.2964205366979767,563180000,before_trump
2009-07-29,0.29298168420791626,0.29733744919956134,0.2900014297038953,0.29550344432564485,373972000,before_trump
2009-07-30,0.2952743172645569,0.30192258452891274,0.29275255600415306,0.29802531215760514,468444000,before_trump
2009-07-31,0.29642048478126526,0.30054698963487636,0.288396735971536,0.29527423495130395,541560000,before_trump
2009-08-03,0.30444419384002686,0.30788297020966493,0.2977959566258054,0.30352720502728875,471900000,before_trump
2009-08-04,0.3065074384212494,0.31178019205096885,0.29871292473813266,0.29917141911272865,695380000,before_trump
2009-08-05,0.3071952760219574,0.30948777583841763,0.301005504654512,0.30467351529234976,610768000,before_trump
2009-08-06,0.30077630281448364,0.3138435476816921,0.29894229730200117,0.30834155847300104,957588000,before_trump
2009-08-07,0.3143020570278168,0.32622305139062907,0.3099462906932039,0.3170530515225034,1401872000,before_trump
2009-08-10,0.3039858043193817,0.3211795827850342,0.3021517987323614,0.31659458248186223,693312000,before_trump
2009-08-11,0.29687902331352234,0.30650754517736906,0.29527427877913315,0.30192254517696804,481884000,before_trump
2009-08-12,0.30788302421569824,0.31109251295200896,0.29687899256012557,0.297108253467899,634940000,before_trump
2009-08-13,0.3170531094074249,0.31819935960021345,0.3046735909280525,0.3101756082506937,564028000,before_trump
2009-08-14,0.3076537847518921,0.3170530453657002,0.30352727942561647,0.31659455084694843,427148000,before_trump
2009-08-17,0.2948157489299774,0.2991714874770986,0.29160623291689913,0.29825449851836333,465032000,before_trump
2009-08-18,0.30559051036834717,0.30902928749021885,0.29458650556461985,0.2948157664823293,636200000,before_trump
2009-08-19,0.30215179920196533,0.303985804791836,0.2980252934569456,0.3010055491243908,552996000,before_trump
2009-08-20,0.31407275795936584,0.3154482687040481,0.30008849892718714,0.30077625429952826,819840000,before_trump
2009-08-21,0.31934553384780884,0.31980402835013527,0.31017553448626495,0.3165945395050964,607324000,before_trump
2009-08-24,0.31040477752685547,0.3209502880453105,0.30857077213293876,0.31751153817999966,461456000,before_trump
2009-08-25,0.3131558299064636,0.3163653191631165,0.30673682406440056,0.3120095525105078,444088000,before_trump
2009-08-26,0.3168238699436188,0.31751162557172935,0.3113218795762584,0.31246812984685535,434308000,before_trump
2009-08-27,0.3211796283721924,0.32255511226112105,0.3147606215709078,0.3181993722863715,551072000,before_trump
2009-08-28,0.3376855254173279,0.34456302423619883,0.3294325159031823,0.3298910103586901,883992000,before_trump
2009-08-31,0.33287131786346436,0.3353930787599979,0.3285155515266114,0.3337883069192464,431796000,before_trump
2009-09-01,0.3216381072998047,0.3420413769460804,0.31980410154200595,0.332642114517837,736856000,before_trump
2009-09-02,0.3262230455875397,0.3294325618815437,0.3202625348477857,0.3220965402545373,404656000,before_trump
2009-09-03,0.3340175747871399,0.3344760693245566,0.3253060692611985,0.32622305833603193,534020000,before_trump
2009-09-04,0.34639719128608704,0.34868969196384625,0.332642159890768,0.332642159890768,513048000,before_trump
2009-09-08,0.3560255467891693,0.3560255467891693,0.3461677923374107,0.3489187865886856,549712000,before_trump
2009-09-09,0.36588332056999207,0.3665710760013321,0.35029431588422005,0.3553378101661231,571684000,before_trump
2009-09-10,0.37757501006126404,0.3780335318152813,0.3629029971514404,0.36702950163635173,607952000,before_trump
2009-09-11,0.374136358499527,0.3780336304530679,0.3713853639013705,0.37665811948961153,712732000,before_trump
2009-09-14,0.367946594953537,0.3716146057821577,0.36473707864630517,0.36863435039999776,490516000,before_trump
2009-09-15,0.37551185488700867,0.38009685481554883,0.3679465995391663,0.37138534948557145,546136000,before_trump
2009-09-16,0.36542487144470215,0.37528262764157116,0.3599228819681397,0.37459487212481146,707064000,before_trump
2009-09-17,0.3493773639202118,0.36450787569957527,0.343187591710354,0.36450787569957527,923096000,before_trump
2009-09-18,0.3489188253879547,0.3553378309072156,0.3461678308307731,0.3528160972834475,604740000,before_trump
2009-09-21,0.3473140597343445,0.3532745703533192,0.34181207095433264,0.34479229893506574,588776000,before_trump
2009-09-22,0.3480018973350525,0.35189914258518373,0.3452509022954752,0.3498359031376909,361388000,before_trump
2009-09-23,0.34249988198280334,0.3530453949146974,0.34204138736158207,0.3500651388836177,478936000,before_trump
2009-09-24,0.33791491389274597,0.34823119417914794,0.3367686635641195,0.34823119417914794,552876000,before_trump
2009-09-25,0.3324127793312073,0.33768553402584195,0.3298910187685011,0.336080762397528,377556000,before_trump
2009-09-28,0.33997806906700134,0.3484603132433807,0.33355906387207074,0.33355906387207074,467708000,before_trump
2009-09-29,0.33378836512565613,0.3461678835100006,0.3331006095495103,0.3420413773818858,470928000,before_trump
2009-09-30,0.34456300735473633,0.3486895119096358,0.3331004825561267,0.3406657363519842,875956000,before_trump
2009-10-01,0.32003334164619446,0.3434168657083642,0.3198040806931307,0.3434168657083642,999960000,before_trump
2009-10-02,0.3175116777420044,0.32438918049562687,0.3149899158008362,0.3168239220008888,612476000,before_trump
2009-10-05,0.3159068822860718,0.3220966283134298,0.3104048645616051,0.3209503780369279,754276000,before_trump
2009-10-06,0.3211796283721924,0.3266816185854298,0.31751161667752653,0.31980411715450235,761272000,before_trump
2009-10-07,0.31865784525871277,0.3223258567040855,0.3152190947769607,0.3188871062223334,459608000,before_trump
2009-10-08,0.32072097063064575,0.32140869856096554,0.3092584467466025,0.32049170976804087,1241524000,before_trump
2009-10-09,0.324847549200058,0.32530604370145016,0.3184285441943063,0.31888703869569845,618540000,before_trump
2009-10-12,0.3211796283721924,0.3273693741942748,0.3191163615456573,0.31934562252485943,499008000,before_trump
2009-10-13,0.32003334164619446,0.3266815813399434,0.3170530859001573,0.3230135973922316,602124000,before_trump
2009-10-14,0.319574773311615,0.33241278248751543,0.31797000166806344,0.33241278248751543,1101948000,before_trump
2009-10-15,0.31017550826072693,0.32209650095705566,0.3081122421815778,0.31911624595078564,1092196000,before_trump
2009-10-16,0.30306875705718994,0.3071952620042717,0.29756674135149686,0.3062782457222801,1018832000,before_trump
2009-10-19,0.3140728771686554,0.3165946387148136,0.3030688690207796,0.30559060323817544,695588000,before_trump
2009-10-20,0.314301997423172,0.32163799046071406,0.3117802370061653,0.3193454909284353,660180000,before_trump
2009-10-21,0.30673685669898987,0.31797009762116807,0.30513208457116997,0.3131558632239889,503956000,before_trump
2009-10-22,0.30880007147789,0.3104048161489544,0.2998593043183747,0.30513206023366457,379328000,before_trump
2009-10-23,0.3014639616012573,0.3129264582166578,0.29962995667704373,0.3129264582166578,429528000,before_trump
2009-10-26,0.2975667119026184,0.3083414813449867,0.2959619677288879,0.3037564823750426,481652000,before_trump
2009-10-27,0.2874796688556671,0.3005469364686508,0.2844994416879659,0.2961911988168208,591836000,before_trump
2009-10-28,0.27555885910987854,0.28747985759335615,0.2741833477226922,0.28106085000109443,773632000,before_trump
2009-10-29,0.28770899772644043,0.2890845085357373,0.27739274864297364,0.27991448202168023,637100000,before_trump
2009-10-30,0.2741832733154297,0.28747977957771664,0.27280778963028385,0.2863335295090498,604144000,before_trump
2009-11-02,0.27670490741729736,0.2826654159705729,0.26891039413003365,0.2737246531406596,593136000,before_trump
2009-11-03,0.27532947063446045,0.2767049813848332,0.26501322199292127,0.26776421616491464,876472000,before_trump
2009-11-04,0.2746417820453644,0.2803730600131211,0.27349553191756476,0.27739280421509044,916840000,before_trump
2009-11-05,0.2812899649143219,0.2840409589311397,0.27693419933633906,0.27785121556111203,955156000,before_trump
2009-11-06,0.301693320274353,0.30788309287709575,0.29527431404146803,0.2989423254113334,1641112000,before_trump
2009-11-09,0.3085707426071167,0.31292650841697844,0.30559048754326434,0.3058197484438499,818124000,before_trump
2009-11-10,0.3010055422782898,0.30971704813547213,0.2971082975689273,0.30971704813547213,781472000,before_trump
2009-11-11,0.30948778986930847,0.31682378414881396,0.3055905181416372,0.3060490399887195,871512000,before_trump
2009-11-12,0.3085707426071167,0.3175115077986738,0.30765375366227843,0.31223875304397375,505864000,before_trump
2009-11-13,0.3108632266521454,0.31246799821797183,0.3069659828396039,0.30834149351638357,388524000,before_trump
2009-11-16,0.31521910429000854,0.3188871158460787,0.31200958734625706,0.313614359482513,402820000,before_trump
2009-11-17,0.31476059556007385,0.31544835111208486,0.30880008388099023,0.31544835111208486,350124000,before_trump
2009-11-18,0.30994629859924316,0.31292655409815473,0.30467354307482364,0.31178030408540075,455516000,before_trump
2009-11-19,0.2975667119026184,0.30329796061504855,0.2920647240701853,0.30329796061504855,833840000,before_trump
2009-11-20,0.295732706785202,0.29710821740738885,0.2900014580740062,0.29068921338509957,426748000,before_trump
2009-11-23,0.2980252504348755,0.30559050532052023,0.2966497669376015,0.3000885166739169,390924000,before_trump
2009-11-24,0.2961913049221039,0.29871303860804405,0.291377043831776,0.29664979947147874,418504000,before_trump
2009-11-25,0.2996300756931305,0.30375658157951396,0.29756680908555955,0.2996300756931305,441760000,before_trump
2009-11-27,0.2932110130786896,0.2966497627666556,0.28725050268804714,0.28885524707668064,279932000,before_trump
2009-11-30,0.2994007170200348,0.2996299779000806,0.29114770794087996,0.29435722361777333,509836000,before_trump
2009-12-01,0.30536124110221863,0.3087999904935667,0.299400731225715,0.3010054754759272,461936000,before_trump
2009-12-02,0.3145313262939453,0.31521908182779473,0.3042150752724796,0.3060490809198252,602292000,before_trump
2009-12-03,0.31705304980278015,0.32393054966657026,0.3165945552776119,0.3181992997800785,660036000,before_trump
2009-12-04,0.3269108235836029,0.32828633456574696,0.31797005685717966,0.32301357890587024,824564000,before_trump
2009-12-07,0.368863582611084,0.37711659328010977,0.3461678169356406,0.36336159371757004,2732184000,before_trump
2009-12-08,0.35098201036453247,0.36450777373617427,0.34891874442881615,0.36290300223214506,1075512000,before_trump
2009-12-09,0.35969361662864685,0.3624446113333451,0.35121134424008754,0.35465012178190713,671588000,before_trump
2009-12-10,0.35327452421188354,0.36450778855295835,0.35212827442169736,0.362215288972586,417012000,before_trump
2009-12-11,0.3486897051334381,0.35671345780864283,0.3477726884304415,0.356254963121527,416744000,before_trump
2009-12-14,0.35923507809638977,0.360381328027112,0.3498358177329661,0.35373306203167076,405488000,before_trump
2009-12-15,0.35877662897109985,0.36473711296753775,0.35579637330850217,0.35671336243756724,446152000,before_trump
2009-12-16,0.3876621127128601,0.3917886181414354,0.3695513464787675,0.3716146128574328,1683400000,before_trump
2009-12-17,0.3858281075954437,0.4007293848027682,0.38009685764214796,0.38880836303690863,1016132000,before_trump
2009-12-18,0.38559892773628235,0.39041316197076725,0.3810138998058655,0.38903767818752555,812828000,before_trump
2009-12-21,0.39935392141342163,0.40095866612558945,0.38743292555748526,0.3878914201425677,427792000,before_trump
2009-12-22,0.40989938378334045,0.41402588920595407,0.39889537843262257,0.3993538729620784,793044000,before_trump
2009-12-23,0.41563066840171814,0.4167769184853733,0.4085239069515531,0.41379666280211835,442196000,before_trump
2009-12-24,0.41471368074417114,0.41746467548899546,0.4131089360870868,0.4167769199705999,136812000,before_trump
2009-12-28,0.4080653786659241,0.41769390043604115,0.40393887323998184,0.4140258895399246,465760000,before_trump
2009-12-29,0.4131088852882385,0.41425513523502727,0.40577286376578686,0.4066898801204705,475848000,before_trump
2009-12-30,0.42801013588905334,0.4305318967111059,0.41402587556449705,0.4170061309008989,704008000,before_trump
2009-12-31,0.42823946475982666,0.43442921000756135,0.42778097017272754,0.4289272203048547,700340000,before_trump
2010-01-04,0.4238835573196411,0.42686381214080404,0.41517205373806854,0.4243420517547239,800204000,before_trump
2010-01-05,0.43007344007492065,0.4346584402797401,0.4222789233294735,0.4222789233294735,728648000,before_trump
2010-01-06,0.43282443284988403,0.43374142195535753,0.4257176716318155,0.4298441772639599,649168000,before_trump
2010-01-07,0.4243421256542206,0.43236590264489055,0.42113263672095624,0.4305318972564161,547792000,before_trump
2010-01-08,0.42525917291641235,0.4282394284731641,0.4183816727064113,0.42090340638615775,478168000,before_trump
2010-01-11,0.4192986786365509,0.4293856957467712,0.41333816728374995,0.42755169015138955,556612000,before_trump
2010-01-12,0.40508514642715454,0.4147136687486734,0.39637364054655777,0.41310892413800593,627432000,before_trump
2010-01-13,0.4105870723724365,0.4119625830655397,0.3920178146592989,0.4078360783149812,508868000,before_trump
2010-01-14,0.40416815876960754,0.4085238980612039,0.3972906584173457,0.40554366977156275,608524000,before_trump
2010-01-15,0.39224717020988464,0.40462668831154913,0.3869744140181809,0.40118793783810225,818192000,before_trump
2010-01-19,0.3995831608772278,0.40210489462391924,0.38812063289417115,0.3892668829596011,545328000,before_trump
2010-01-20,0.39797839522361755,0.39958316720363285,0.3892668891226736,0.3945396449728837,719728000,before_trump
2010-01-21,0.3908715844154358,0.40485584362294086,0.3872035739361305,0.397749083567569,608632000,before_trump
2010-01-22,0.3773458003997803,0.3933932976012482,0.37505330079957055,0.3862865379090977,1067916000,before_trump
2010-01-25,0.3837648034095764,0.3911007966389482,0.380784548473933,0.3835355425188535,643676000,before_trump
2010-01-26,0.3716146647930145,0.38445267740305483,0.37138540383153695,0.3819309161418386,714636000,before_trump
2010-01-27,0.38170161843299866,0.38307712941192174,0.3672588624693331,0.3713853680773456,812504000,before_trump
2010-01-28,0.368863582611084,0.38605735939301344,0.36359082731302617,0.38468184850525755,687764000,before_trump
2010-01-29,0.352816104888916,0.37711661654682405,0.34731408832719296,0.37299011095772083,774700000,before_trump
2010-02-01,0.3798676133155823,0.38055536880578894,0.35121133496785334,0.35419159053957777,949832000,before_trump
2010-02-02,0.3837648034095764,0.3885790634847505,0.37734579908559457,0.3784920488817074,849812000,before_trump
2010-02-03,0.3869743347167969,0.3885791064718857,0.3784920907529516,0.38032609609537177,562296000,before_trump
2010-02-04,0.3645079433917999,0.3835357034574171,0.36038143692848645,0.3835357034574171,783480000,before_trump
2010-02-05,0.37184372544288635,0.3727607415334387,0.35763020833367104,0.36404923898129765,604856000,before_trump
2010-02-08,0.37115606665611267,0.38009683238643394,0.3638200726690888,0.37069757215606497,445160000,before_trump
2010-02-09,0.36817577481269836,0.37895054480085527,0.36450779184819365,0.3771165396542274,930144000,before_trump
2010-02-10,0.37528252601623535,0.37872127534007377,0.3679465329244635,0.3704682933601118,535828000,before_trump
2010-02-11,0.3924763798713684,0.39660288536587057,0.37849211884243217,0.3812431133958483,695980000,before_trump
2010-02-12,0.3977491557598114,0.4057729062269597,0.38536963864181395,0.3897254052926631,780212000,before_trump
2010-02-16,0.40508514642715454,0.406689918366579,0.39820764609964504,0.4030219072604045,457024000,before_trump
2010-02-17,0.4089823365211487,0.4103578199137679,0.39729057737575224,0.41012858634604044,876560000,before_trump
2010-02-18,0.3821600675582886,0.38857907202332054,0.3716145582708253,0.3865158059477291,1515508000,before_trump
2010-02-19,0.3800968825817108,0.3846818828451863,0.3782628770105692,0.3805553771423069,510548000,before_trump
2010-02-22,0.3807846009731293,0.38743286710443786,0.37826284014250283,0.38170159000494547,458084000,before_trump
2010-02-23,0.37161457538604736,0.38353556861085797,0.367717303951131,0.3819308242528791,489764000,before_trump
2010-02-24,0.3794090747833252,0.3830770854200547,0.3736778252439063,0.3748240751517901,445868000,before_trump
2010-02-25,0.37597039341926575,0.3768874099095584,0.3612983755334095,0.370697637418548,576972000,before_trump
2010-02-26,0.3713853061199188,0.3768873217889648,0.3690928064233377,0.3741363002900657,393396000,before_trump
2010-03-01,0.38628658652305603,0.3881205918997826,0.36863434284566615,0.37161459816675246,555868000,before_trump
2010-03-02,0.3860573470592499,0.39453959105274095,0.3833063527003817,0.38972535775691014,538648000,before_trump
2010-03-03,0.3812430500984192,0.3904130486398239,0.37803356154042805,0.3883498098995084,399300000,before_trump
2010-03-04,0.3819308578968048,0.38582810234627307,0.3771165970700319,0.3828478469453544,557396000,before_trump
2010-03-05,0.3936225473880768,0.3963735413649685,0.3791797948484575,0.3791797948484575,632832000,before_trump
2010-03-08,0.38789138197898865,0.39499814299920666,0.3862866100959513,0.3938518929848977,439312000,before_trump
2010-03-09,0.402334064245224,0.4062313081173234,0.3915592942128742,0.39178855510542465,830832000,before_trump
2010-03-10,0.4032512605190277,0.4076070284160643,0.4009587597296711,0.40118802074011284,418520000,before_trump
2010-03-11,0.39408114552497864,0.4014171678320358,0.3924764008935939,0.4000416568172732,540660000,before_trump
2010-03-12,0.39545658230781555,0.3995830872487516,0.39339331617297146,0.39843683739453334,520352000,before_trump
2010-03-15,0.39339345693588257,0.3988954746020974,0.389725472487168,0.39499822916900484,358904000,before_trump
2010-03-16,0.4071483612060547,0.4094408610240277,0.3929348404716193,0.39316410138491803,664988000,before_trump
2010-03-17,0.4149428904056549,0.4204449069063747,0.4094409012336913,0.4094409012336913,651168000,before_trump
2010-03-18,0.4002707600593567,0.41563049947173003,0.3966027503509929,0.41563049947173003,740964000,before_trump
2010-03-19,0.39545658230781555,0.40737757532593455,0.3904130610862536,0.40623132547171636,584612000,before_trump
2010-03-22,0.40187567472457886,0.40348041940520113,0.3904131463502926,0.3904131463502926,435336000,before_trump
2010-03-23,0.41012871265411377,0.4121919520428378,0.40210493408002257,0.4048559563700012,493612000,before_trump
2010-03-24,0.39637359976768494,0.4078361264630276,0.3956858443399388,0.40668987652636873,436252000,before_trump
2010-03-25,0.3975197672843933,0.40462652634969654,0.39660277845669223,0.4021047660803958,495184000,before_trump
2010-03-26,0.3975197672843933,0.4050850207635471,0.39431027905869104,0.4009585163813952,344676000,before_trump
2010-03-29,0.40256330370903015,0.4034802925729177,0.3945395281706415,0.4000415433402152,394456000,before_trump
2010-03-30,0.40416812896728516,0.40921162338796474,0.39729062912215246,0.407148384365927,324104000,before_trump
2010-03-31,0.398895263671875,0.4043972784287016,0.3968319978897847,0.4025632735097594,389840000,before_trump
2010-04-01,0.39476892352104187,0.4053144356916115,0.39064241757043816,0.40072943515288717,339664000,before_trump
2010-04-05,0.40072938799858093,0.40141714346421237,0.39683211613625474,0.39729063799917946,413636000,before_trump
2010-04-06,0.39087170362472534,0.39660295466610473,0.3839941750463094,0.3956859381022277,809260000,before_trump
2010-04-07,0.39339345693588257,0.4000417248664636,0.3851404441009413,0.3883499612384238,817468000,before_trump
2010-04-08,0.38697439432144165,0.3938519222470333,0.3849111550738948,0.39087166652265376,1037600000,before_trump
2010-04-09,0.3894960284233093,0.3908715390255058,0.3839940133432725,0.38605727924656724,817572000,before_trump
2010-04-12,0.3966028690338135,0.3982076135131601,0.3892668474217924,0.38995460286401373,546460000,before_trump
2010-04-13,0.4048559069633484,0.4062313906117204,0.3966028957580897,0.3982076403455687,648696000,before_trump
2010-04-14,0.4098994731903076,0.4156307243804907,0.4034804663915502,0.41356748488352935,900720000,before_trump
2010-04-15,0.4128795564174652,0.41540131681688197,0.40714830762674525,0.4112748122218136,957596000,before_trump
2010-04-16,0.39110082387924194,0.39774908955700045,0.3823893193562755,0.3961443451964217,1917736000,before_trump
2010-04-19,0.3892667293548584,0.39041297896797794,0.3761994892310446,0.3881204797417388,1094492000,before_trump
2010-04-20,0.390642374753952,0.3961443911946263,0.38559888017990085,0.3920178856963096,678188000,before_trump
2010-04-21,0.38055527210235596,0.3931640466754271,0.37597027310442094,0.39270555224138354,895908000,before_trump
2010-04-22,0.3821600675582886,0.38330631737958887,0.36909279773246406,0.37436555237619573,656932000,before_trump
2010-04-23,0.37688741087913513,0.38193090593806495,0.37023914379025435,0.3810138894454132,752916000,before_trump
2010-04-26,0.38055527210235596,0.38514027110029103,0.3766580284198611,0.3773457837353013,491092000,before_trump
2010-04-27,0.36978062987327576,0.3817016250243572,0.3686343798139649,0.37780438028845176,606704000,before_trump
2010-04-28,0.3704683482646942,0.3757411034751022,0.3629030658365505,0.3695513319118491,672164000,before_trump
2010-04-29,0.38170161843299866,0.3821601403118108,0.3661126124298161,0.3716146290167517,987128000,before_trump
2010-04-30,0.36015209555625916,0.3778043677466578,0.359922861949261,0.37711661226815096,1068048000,before_trump
2010-05-03,0.356254905462265,0.36404942319676453,0.35075288812107236,0.3619861564455321,1078972000,before_trump
2010-05-04,0.3381441831588745,0.3514406927618442,0.333100659726574,0.35075293708209737,1311376000,before_trump
2010-05-05,0.33241283893585205,0.34089508375055494,0.3282863333336636,0.33126658889795285,1330840000,before_trump
2010-05-06,0.32553523778915405,0.3369977629056826,0.2989422319900086,0.3301202642330157,1002888000,before_trump
2010-05-07,0.32003331184387207,0.3285155563859677,0.3085707845045126,0.3285155563859677,1153712000,before_trump
2010-05-10,0.3337882459163666,0.3434167658861537,0.33012026303484077,0.3392902612317807,979156000,before_trump
2010-05-11,0.33012035489082336,0.3367685945019772,0.32759859375348477,0.33057884946249644,829124000,before_trump
2010-05-12,0.3365393579006195,0.3383733361710726,0.3303495855871883,0.3324128521345846,901236000,before_trump
2010-05-13,0.33585163950920105,0.350523658595946,0.332642122523619,0.33516388391737917,1252000000,before_trump
2010-05-14,0.2971082627773285,0.31407277795028554,0.28885525244143007,0.31315578894796514,2493068000,before_trump
2010-05-17,0.2977961003780365,0.3014641120571089,0.2883968375308893,0.297566839399809,856060000,before_trump
2010-05-18,0.28793826699256897,0.30215176067646676,0.28633349522557316,0.3003177553204387,674112000,before_trump
2010-05-19,0.2925232946872711,0.2929817892379276,0.2844995444001339,0.28656278354246656,826520000,before_trump
2010-05-20,0.2856456935405731,0.29252319135730515,0.275329419486728,0.28404092218700466,1129136000,before_trump
2010-05-21,0.2918354570865631,0.2998592051161518,0.2773927051675538,0.2773927051675538,1069600000,before_trump
2010-05-24,0.28335320949554443,0.29435724044947426,0.28243622058042583,0.2909184910246529,664564000,before_trump
2010-05-25,0.2909185290336609,0.2922940125860481,0.2716614860126933,0.27441250777497705,966652000,before_trump
2010-05-26,0.2922939956188202,0.3083415214285068,0.29137700663712524,0.3026102719710306,995028000,before_trump
2010-05-27,0.30948778986930847,0.30948778986930847,0.2989422793040004,0.2996300347458692,713560000,before_trump
2010-05-28,0.30123472213745117,0.3090292367869018,0.2966497231655683,0.3090292367869018,545116000,before_trump
2010-06-01,0.2883967459201813,0.3005470000026615,0.2881674850147797,0.29710825039415306,527492000,before_trump
2010-06-02,0.2916063070297241,0.2920648289543792,0.28702130641324797,0.2888553121255903,649088000,before_trump
2010-06-03,0.2911478281021118,0.291835583697347,0.2847288214278509,0.2856458379977515,586360000,before_trump
2010-06-04,0.27739274501800537,0.28770899396665944,0.27578797331854576,0.2826654999464014,671456000,before_trump
2010-06-07,0.2636377215385437,0.28037300278289345,0.26249147164471864,0.2785389974870227,577248000,before_trump
2010-06-08,0.25630179047584534,0.26249153595319163,0.24965352306563202,0.26249153595319163,967636000,before_trump
2010-06-09,0.25011199712753296,0.2645547809363923,0.24919500799463282,0.25767725312461076,697152000,before_trump
2010-06-10,0.26019901037216187,0.26134526043565676,0.25446776005468724,0.25515551555853566,611768000,before_trump
2010-06-11,0.2661595046520233,0.2673057546423839,0.2567602437995645,0.257447999259532,442104000,before_trump
2010-06-14,0.26042822003364563,0.2705152076745997,0.2597404646652279,0.2700567132052385,375080000,before_trump
2010-06-15,0.2732661962509155,0.2746416794934106,0.26294992162408554,0.2634084433669991,528632000,before_trump
2010-06-16,0.2698275148868561,0.27395402030772265,0.26615950399525123,0.2714322594036499,366480000,before_trump
2010-06-17,0.28014370799064636,0.2808314633095115,0.269598199311381,0.2792267191179928,859068000,before_trump
2010-06-18,0.28197768330574036,0.2854164322084022,0.27968518403729914,0.28174842244739745,932832000,before_trump
2010-06-21,0.27532950043678284,0.2886260055908737,0.27280776689314384,0.2879382774699981,579836000,before_trump
2010-06-22,0.26501330733299255,0.2822070606056552,0.2636377961396752,0.2787683099511227,818164000,before_trump
2010-06-23,0.2679935395717621,0.27074453438538437,0.25996976142816286,0.26753504499095143,614060000,before_trump
2010-06-24,0.2546969950199127,0.2677642676760113,0.25378000589576,0.2663887566610249,725028000,before_trump
2010-06-25,0.2540091574192047,0.25676015093534815,0.24988265348061678,0.25653089008869223,507220000,before_trump
2010-06-28,0.2544677257537842,0.2581357363940424,0.24988272611783818,0.2558432365760694,372008000,before_trump
2010-06-29,0.2402542680501938,0.24919503608315619,0.23864952322235766,0.24896577510971074,660808000,before_trump
2010-06-30,0.23406440019607544,0.24323439708675537,0.23406440019607544,0.24071263701031984,623072000,before_trump
2010-07-01,0.23796173930168152,0.23956648393847443,0.22764547497808876,0.2347522500280957,737008000,before_trump
2010-07-02,0.2349814921617508,0.23933725899520292,0.2269577413582299,0.2388787644150391,737096000,before_trump
2010-07-06,0.23245972394943237,0.2416297235124361,0.2303964576505039,0.23406446840720715,712020000,before_trump
2010-07-07,0.24369297921657562,0.24506849017698185,0.23291823445591447,0.23337672899979778,608412000,before_trump
2010-07-08,0.23635703325271606,0.24552703533578557,0.2333767771099661,0.24529780168096596,783272000,before_trump
2010-07-09,0.23727397620677948,0.2388787481210283,0.23429372064586154,0.23750323714560262,571516000,before_trump
2010-07-12,0.24162983894348145,0.24461009569093234,0.2370448369716393,0.23727407067297093,565396000,before_trump
2010-07-13,0.2503412663936615,0.2519460110939392,0.2441515212190141,0.24552700496406987,723316000,before_trump
2010-07-14,0.2528630495071411,0.26317930146880414,0.24919503787815656,0.26134529565431186,1355664000,before_trump
2010-07-15,0.24575620889663696,0.2533214633897376,0.24277595381405162,0.25309220248771097,953088000,before_trump
2010-07-16,0.23039650917053223,0.24644403932300554,0.22947951994068141,0.24575628373623717,1288604000,before_trump
2010-07-19,0.2397957444190979,0.24071273354441153,0.23200122753890254,0.23360599950133745,798440000,before_trump
2010-07-20,0.24575620889663696,0.24713169232254023,0.23154268886103793,0.2336059549930211,1160988000,before_trump
2010-07-21,0.23773247003555298,0.2482779812718556,0.23543996996929212,0.2480487476624834,624940000,before_trump
2010-07-22,0.24162983894348145,0.2441516009595016,0.23887884322612965,0.24025432742042183,462612000,before_trump
2010-07-23,0.23750320076942444,0.24162970573492615,0.23521070104734043,0.2414004448312168,817604000,before_trump
2010-07-26,0.24185897409915924,0.242775990517149,0.2331474684364164,0.23681547945086276,683548000,before_trump
2010-07-27,0.2397957444190979,0.24300523368645296,0.23681548876869252,0.24254673912379615,683472000,before_trump
2010-07-28,0.23223048448562622,0.24002500123160087,0.23154272898910538,0.23589849558123274,1320808000,before_trump
2010-07-29,0.20930542051792145,0.22008017736527938,0.20792992342329894,0.21549517794028694,2664476000,before_trump
2010-07-30,0.2106810212135315,0.21434901958646446,0.204491261148849,0.2077007648493086,984288000,before_trump
2010-08-02,0.21045167744159698,0.21526593793101337,0.2095346747929283,0.2143489352823447,917020000,before_trump
2010-08-03,0.20494970679283142,0.20907621251546857,0.20334496215868295,0.20884696523407287,955444000,before_trump
2010-08-04,0.21366117894649506,0.21434893434608665,0.20586667696342198,0.20678367960808525,855496000,before_trump
2010-08-05,0.21641215682029724,0.2168706512467546,0.2104516472901038,0.21434890457248987,800504000,before_trump
2010-08-06,0.21893399953842163,0.2212265000051516,0.21366124299919043,0.21549524883832666,739904000,before_trump
2010-08-09,0.22099722921848297,0.2214557374617576,0.21572447323928923,0.2212264765079307,466456000,before_trump
2010-08-10,0.21182724833488464,0.21778774674545426,0.21091024542609382,0.21732925212324908,772560000,before_trump
2010-08-11,0.20357419550418854,0.2074714400142612,0.20288644004270381,0.2074714400142612,796148000,before_trump
2010-08-12,0.20540812611579895,0.2099931244167606,0.1983013678178102,0.19990611175739764,1343584000,before_trump
2010-08-13,0.21526598930358887,0.21824624520689692,0.21159797783355438,0.21205648609949862,1797392000,before_trump
2010-08-16,0.20976398885250092,0.21664148996354354,0.20701298020945585,0.21228573652700722,814008000,before_trump
2010-08-17,0.2125149518251419,0.21641221006641034,0.2097639572607931,0.21182721001624372,481224000,before_trump
2010-08-18,0.21366117894649506,0.2154951842358216,0.21045167652236182,0.211827187321545,352920000,before_trump
2010-08-19,0.22649919986724854,0.22718695530092203,0.21480743948106276,0.2159536894276004,1615100000,before_trump
2010-08-20,0.22856241464614868,0.2340644298754604,0.22466517093918825,0.22489441815764916,1305308000,before_trump
2010-08-23,0.22512374818325043,0.23498150518241756,0.22443599261051597,0.22925025429089713,748620000,before_trump
2010-08-24,0.22283123433589935,0.225123734553714,0.21732923108026836,0.21778772565807963,641332000,before_trump
2010-08-25,0.22741614282131195,0.2292501477197798,0.21916313444258018,0.2203093977524028,757532000,before_trump
2010-08-26,0.22466519474983215,0.2329182048041018,0.22466519474983215,0.23039644414064364,657596000,before_trump
2010-08-27,0.23200121521949768,0.2338352207014955,0.22030946784880087,0.22604071789957164,1060416000,before_trump
2010-08-30,0.22099722921848297,0.23108424659797497,0.22099722921848297,0.22925024095363475,602804000,before_trump
2010-08-31,0.2138904333114624,0.22466519014391798,0.2132026779329143,0.21778767735156535,931488000,before_trump
2010-09-01,0.21549519896507263,0.2198509515766596,0.21434894899699064,0.21709995711901386,851440000,before_trump
2010-09-02,0.21939241886138916,0.22008016052388368,0.21411966446038921,0.2161829167766229,596292000,before_trump
2010-09-03,0.22695767879486084,0.227645420475523,0.22191417148146106,0.22466517919723605,566484000,before_trump
2010-09-07,0.22902099788188934,0.23429374029380792,0.22581149477737664,0.22626998936471582,899820000,before_trump
2010-09-08,0.23658625781536102,0.23819102998123518,0.22695776146392024,0.22947952287135606,1224156000,before_trump
2010-09-09,0.23337677121162415,0.2397957779732918,0.23039651514419687,0.23956651699550463,697748000,before_trump
2010-09-10,0.23085495829582214,0.23566921912579705,0.22879171927083583,0.23498146367454992,609292000,before_trump
2010-09-13,0.24392224848270416,0.2469025041128542,0.23498148159225407,0.23498148159225407,1015792000,before_trump
2010-09-14,0.2416297048330307,0.2448391935004678,0.23956643869360492,0.24185893840713205,698536000,before_trump
2010-09-15,0.24208824336528778,0.2423175043098624,0.23612773209392038,0.2393372486741787,555572000,before_trump
2010-09-16,0.24231746792793274,0.2443807068042973,0.23887871824815643,0.23887871824815643,365280000,before_trump
2010-09-17,0.24185895919799805,0.24483921454752477,0.2411712310878227,0.2446099809537179,416884000,before_trump
2010-09-20,0.2455269992351532,0.24644401570588537,0.23956648782604661,0.24185898800974023,443168000,before_trump
2010-09-21,0.2588235139846802,0.2629500199121081,0.2441515232746684,0.2441515232746684,1779624000,before_trump
2010-09-22,0.2611159682273865,0.2634084678399534,0.25630170810949543,0.25790645237254206,999996000,before_trump
2010-09-23,0.26638877391815186,0.2746417858851999,0.26180377334284943,0.26409627363050064,1240872000,before_trump
2010-09-24,0.28106075525283813,0.28197777164474896,0.2702860107813631,0.27234924983784037,1086976000,before_trump
2010-09-27,0.2751002609729767,0.283353244206287,0.27143225020566913,0.28312401061380177,999504000,before_trump
2010-09-28,0.2744125425815582,0.27830978746744856,0.2695982812156738,0.27532953173279423,723192000,before_trump
2010-09-29,0.27234935760498047,0.2803731380619552,0.26936910097732125,0.271890862891979,974904000,before_trump
2010-09-30,0.26776427030563354,0.2789975374949875,0.2654717701439806,0.27578802087141885,787632000,before_trump
2010-10-01,0.26019909977912903,0.27212012639866384,0.2581358598873915,0.2716616043527074,999120000,before_trump
2010-10-04,0.25767725706100464,0.262033023830715,0.2524045011443858,0.25767725706100464,749500000,before_trump
2010-10-05,0.2595113217830658,0.2636378285414149,0.25882356610188023,0.2631793338635459,753588000,before_trump
2010-10-06,0.24713169038295746,0.2606574549350735,0.24460995712421688,0.2595112050914408,1057604000,before_trump
2010-10-07,0.24529768526554108,0.24850717353992485,0.23796166521766562,0.2482779126651479,761488000,before_trump
2010-10-08,0.24896574020385742,0.2510290066893074,0.24094198986087353,0.2443807400078666,706932000,before_trump
2010-10-11,0.24781940877437592,0.2521751739274479,0.24667315910179083,0.2501119081195461,442680000,before_trump
2010-10-12,0.2526337802410126,0.25378003042135705,0.24369301243706962,0.24575627915894568,605208000,before_trump
2010-10-13,0.25996965169906616,0.263637661454859,0.2540091700068364,0.2567601636593076,968732000,before_trump
2010-10-14,0.2558431625366211,0.260657394363903,0.2546968856306066,0.26019889999874457,599172000,before_trump
2010-10-15,0.2588235139846802,0.2629500199121081,0.2558432855142544,0.25996976411292355,639940000,before_trump
2010-10-18,0.2604282796382904,0.2615745297384135,0.25446776818614714,0.2590527685866395,448156000,before_trump
2010-10-19,0.2588235139846802,0.26065751965562134,0.25263376875791765,0.25469700805725226,866136000,before_trump
2010-10-20,0.2588235139846802,0.26593027571129263,0.2544677744288588,0.2590527749418323,763532000,before_trump
2010-10-21,0.25423842668533325,0.25951118094110665,0.25034118304541364,0.25905268651207186,1014428000,before_trump
2010-10-22,0.2705152928829193,0.2725785596380711,0.25309227892918656,0.25584330126938887,1322676000,before_trump
2010-10-25,0.273036926984787,0.2751001927782161,0.2700566723912211,0.27257843258471864,673136000,before_trump
2010-10-26,0.27211999893188477,0.2762465041111838,0.2675349992501645,0.26982749909102466,675248000,before_trump
2010-10-27,0.2760172486305237,0.27693423765342223,0.26891048805241985,0.2695982434839709,496796000,before_trump
2010-10-28,0.2762465476989746,0.2806022871523813,0.2737247865446288,0.27968529800285086,704448000,before_trump
2010-10-29,0.275558739900589,0.2785389950643633,0.2728077456450869,0.2757879734801083,554664000,before_trump
2010-11-01,0.2760172486305237,0.2817484983455254,0.273724748744523,0.2773927594936258,473920000,before_trump
2010-11-02,0.281748503446579,0.2863335033015917,0.27555875910806277,0.2771635035915662,581036000,before_trump
2010-11-03,0.2838117182254791,0.2856457233000965,0.27624646437315115,0.28358245734287074,671748000,before_trump
2010-11-04,0.2842702269554138,0.2895429815617784,0.28381173249589325,0.28656272658176785,700016000,before_trump
2010-11-05,0.2890844941139221,0.29160622736682473,0.28495798922064736,0.28633347263257103,735116000,before_trump
2010-11-08,0.29023072123527527,0.29275245429077346,0.28656271109977816,0.2888552106022764,605156000,before_trump
2010-11-09,0.28862595558166504,0.29252322667805386,0.2870212113630786,0.2902307271290018,633964000,before_trump
2010-11-10,0.29206475615501404,0.29206475615501404,0.2865627403894064,0.290689245381424,521016000,before_trump
2010-11-11,0.2890844941139221,0.2938987270487827,0.2812899787980138,0.28518722279159203,1089980000,before_trump
2010-11-12,0.3039858341217041,0.31361435756533756,0.29871307779037154,0.30008858894767926,2142560000,before_trump
2010-11-15,0.30031779408454895,0.3097170556669496,0.29963006589992836,0.3053613162968172,733548000,before_trump
2010-11-16,0.29137712717056274,0.2994008797302004,0.2909186324900506,0.2952743729480624,739356000,before_trump
2010-11-17,0.2961913049221039,0.29963005503555046,0.2883967882677043,0.29114778289271026,551764000,before_trump
2010-11-18,0.3053613007068634,0.3083415562268428,0.30008854514517014,0.30008854514517014,993120000,before_trump
2010-11-19,0.31521907448768616,0.31636532457449107,0.30421506818860744,0.30467356275757784,716484000,before_trump
2010-11-22,0.3154482841491699,0.317282262126873,0.31040476272422657,0.3131557843482878,462668000,before_trump
2010-11-23,0.3081122636795044,0.3149897630990293,0.30581976387299603,0.311780274301419,457832000,before_trump
2010-11-24,0.31567737460136414,0.3168236239820866,0.3110923770784743,0.31132163788611517,397784000,before_trump
2010-11-26,0.31178027391433716,0.31728226251162495,0.31178027391433716,0.31544828453169793,143104000,before_trump
2010-11-29,0.31521907448768616,0.31636532457449107,0.3090293294846912,0.3104048131916024,468192000,before_trump
2010-11-30,0.3120094835758209,0.31361425517834995,0.30627823450607794,0.31040473930204315,720936000,before_trump
2010-12-01,0.32576456665992737,0.3278278057608028,0.31774081653401337,0.31819931107545724,626536000,before_trump
2010-12-02,0.3296617269515991,0.3317249928535958,0.32553522247635486,0.32576448335282643,529316000,before_trump
2010-12-03,0.33906105160713196,0.33906105160713196,0.32736929120688607,0.3280570466413866,606044000,before_trump
2010-12-06,0.3326420187950134,0.34089502866579796,0.3312665353690508,0.3402072732884406,438424000,before_trump
2010-12-07,0.3434167504310608,0.35144049849228326,0.33974874038585945,0.34043649568542833,1026812000,before_trump
2010-12-08,0.3463970422744751,0.35006502538375417,0.34043653214486264,0.342958292737103,613252000,before_trump
2010-12-09,0.3406657874584198,0.3429583146250647,0.3333297934429188,0.3381440540339918,942408000,before_trump
2010-12-10,0.3427290618419647,0.3459385507596648,0.3397488065162407,0.3406657955416537,451900000,before_trump
2010-12-13,0.3340176045894623,0.34479235015952076,0.33310058810405324,0.3441046219564119,609108000,before_trump
2010-12-14,0.3344760835170746,0.346626339582336,0.334017588960203,0.3404365947426767,755160000,before_trump
2010-12-15,0.327140212059021,0.3392904727088789,0.32668169000038055,0.33516396548248617,624176000,before_trump
2010-12-16,0.32759857177734375,0.33241283277885264,0.3266815553667555,0.3305788272864323,631872000,before_trump
2010-12-17,0.3294326364994049,0.33126664232156644,0.3239306190329203,0.3278278643245379,593156000,before_trump
2010-12-20,0.3280571401119232,0.3321836465659025,0.32782787912551686,0.33057890164734455,344088000,before_trump
2010-12-21,0.34089502692222595,0.34089502692222595,0.3310372727738616,0.3312665336747255,466952000,before_trump
2010-12-22,0.3445630371570587,0.3450215316297598,0.336997782706859,0.3402072713445185,477988000,before_trump
2010-12-23,0.3420413136482239,0.3445630745146173,0.3406658027522356,0.3445630745146173,273784000,before_trump
2010-12-27,0.34387537837028503,0.3463971396715735,0.33493461066197483,0.3411243834326356,255500000,before_trump
2010-12-28,0.34249988198280334,0.3461678936100954,0.3404366425229271,0.3438753931752281,194260000,before_trump
2010-12-29,0.34249988198280334,0.3450216433926618,0.33929039230549346,0.34227064833657317,177660000,before_trump
2010-12-30,0.3436460793018341,0.3457093457728668,0.3408950846692138,0.342041334710202,174488000,before_trump
2010-12-31,0.353045254945755,0.35350377671395083,0.34341676240239355,0.3438752568418393,391252000,before_trump
2011-01-03,0.3626738488674164,0.3661125988584974,0.3553378270234391,0.35579634888525435,817448000,before_trump
2011-01-04,0.3615275025367737,0.3649662516115561,0.3535037546956146,0.363361507509074,651384000,before_trump
2011-01-05,0.38926684856414795,0.38972537041281097,0.3645078438728051,0.36817582736082505,1428216000,before_trump
2011-01-06,0.4431406557559967,0.44336991668251113,0.39820761847331426,0.3993538684483761,3493312000,before_trump
2011-01-07,0.4555201530456543,0.45689566389034564,0.42823938837013836,0.4380971432137491,2579984000,before_trump
2011-01-10,0.47294312715530396,0.47386011609666706,0.44382835932887565,0.44726710885211507,1750348000,before_trump
2011-01-11,0.4656071960926056,0.483947251743906,0.45552020647752606,0.4793622514954595,2711088000,before_trump
2011-01-12,0.5352993011474609,0.5357577683802764,0.4642317422546862,0.46583648688456963,3431896000,before_trump
2011-01-13,0.5362160801887512,0.5465323540905346,0.5130617996201347,0.5295678159999907,2695192000,before_trump
2011-01-14,0.5408011078834534,0.549741871793708,0.5238366235338646,0.5270461117095983,1595352000,before_trump
2011-01-18,0.528192400932312,0.537133165974487,0.5151251583785579,0.533465155598915,1813348000,before_trump
2011-01-19,0.5137496590614319,0.5410304219296319,0.5126034365384635,0.5284217008894582,1197896000,before_trump
2011-01-20,0.5142080187797546,0.5171882729205618,0.49953598157655416,0.508706032157298,1111408000,before_trump
2011-01-21,0.5093938112258911,0.5270461052924911,0.5084768224236316,0.5197100855594237,739244000,before_trump
2011-01-24,0.5669357180595398,0.5742717388358449,0.5268169466736582,0.5327774020647149,2056900000,before_trump
2011-01-25,0.5495126843452454,0.5703744138947932,0.5458446741263961,0.5644139041213507,1086856000,before_trump
2011-01-26,0.5625799894332886,0.5731254994985826,0.5513467239587356,0.5552439681728648,1074660000,before_trump
2011-01-27,0.5609751343727112,0.571979109435192,0.550200392848929,0.570603653545504,657396000,before_trump
2011-01-28,0.5446986556053162,0.5717501959862027,0.5318606410734994,0.5623509597475184,1094796000,before_trump
2011-01-31,0.5483665466308594,0.5559318025498121,0.5366748123277119,0.5456155792605677,750160000,before_trump
2011-02-01,0.5609751343727112,0.5651016113567675,0.5495126375753369,0.5531806474819958,654104000,before_trump
2011-02-02,0.5864218473434448,0.5999476083890378,0.5577655813529498,0.5577655813529498,1606616000,before_trump
2011-02-03,0.5754178762435913,0.5873388945778122,0.5628091026472042,0.5873388945778122,1030776000,before_trump
2011-02-04,0.5884853005409241,0.5930703006144071,0.5811493332178586,0.5834418332546001,872900000,before_trump
2011-02-07,0.5639556050300598,0.58298336246807,0.5618923384189454,0.5804616286039415,934236000,before_trump
2011-02-08,0.5472201108932495,0.5683111258103457,0.5446983234634923,0.5646431160868298,1076584000,before_trump
2011-02-09,0.5339236259460449,0.5547854090343095,0.5240658729241996,0.549283366672351,1277520000,before_trump
2011-02-10,0.5231491923332214,0.5320899617819901,0.518105668748845,0.5220029146132372,1042352000,before_trump
2011-02-11,0.5380502343177795,0.5550147779765021,0.5128327344177999,0.5213149789184055,1359276000,before_trump
2011-02-14,0.5297970771789551,0.5616628313664144,0.5277338115722697,0.5444690606256841,1287828000,before_trump
2011-02-15,0.5169592499732971,0.5325482275291108,0.5146666954012558,0.530714249460489,886980000,before_trump
2011-02-16,0.5359870195388794,0.5435522749316124,0.5220027314135948,0.5238367641903999,1318364000,before_trump
2011-02-17,0.588714599609375,0.5962798553352163,0.5183347433404742,0.5208565316874302,3470096000,before_trump
2011-02-18,0.587568461894989,0.5949044857538353,0.5783984594001943,0.5855051949364023,1394412000,before_trump
2011-02-22,0.5320897102355957,0.5699159825921538,0.5302556776821693,0.5683112382688459,1396648000,before_trump
2011-02-23,0.5068723559379578,0.5371333855870866,0.49930709852567556,0.5320899170839154,1491604000,before_trump
2011-02-24,0.519251823425293,0.5281925360979124,0.5057260556167558,0.5093940122734627,1246120000,before_trump
2011-02-25,0.5300263166427612,0.5387377915396131,0.5258997853830754,0.533235804517523,775652000,before_trump
2011-02-28,0.5194808840751648,0.5389671569485854,0.5075598649377782,0.5387378687407518,903696000,before_trump
2011-03-01,0.49632665514945984,0.5270461951965397,0.4963266551494599,0.5203979295954734,988448000,before_trump
2011-03-02,0.47569411993026733,0.5050381468855935,0.46423162221119474,0.4956388604957036,1718140000,before_trump
2011-03-03,0.4784452021121979,0.4894492353740067,0.4640024460331145,0.48669821339417607,1593704000,before_trump
2011-03-04,0.47592344880104065,0.48371793787951967,0.47065069332853743,0.4789037042706082,959760000,before_trump
2011-03-07,0.4692750871181488,0.4809668730195904,0.4573540949889587,0.4793621288090985,1019140000,before_trump
2011-03-08,0.4481843113899231,0.47684056932660535,0.43832652586518844,0.47431883502543526,1947184000,before_trump
2011-03-09,0.43878495693206787,0.45116447419274264,0.4348876847972443,0.44680870749169205,1318976000,before_trump
2011-03-10,0.41081634163856506,0.43190733294732364,0.4103578198456832,0.42869784436965985,1722736000,before_trump
2011-03-11,0.4137965738773346,0.4252590995793498,0.4048558360776899,0.4142550956752666,1486832000,before_trump
2011-03-14,0.4172353744506836,0.42755162357341564,0.4103578477067756,0.4170061135386771,1003360000,before_trump
2011-03-15,0.4048559367656708,0.4117334375000685,0.3899546578457171,0.3968321585801148,1256280000,before_trump
2011-03-16,0.40187567472457886,0.42067419830225133,0.3966029187778843,0.40118791919609553,1476520000,before_trump
2011-03-17,0.40944087505340576,0.41333811941174714,0.39431036480483983,0.4126503639770388,1238516000,before_trump
2011-03-18,0.40393874049186707,0.4172352687884057,0.4034802461127183,0.41585975832221306,886960000,before_trump
2011-03-21,0.40714845061302185,0.4167769464971084,0.4030219445687677,0.4126504404528543,751832000,before_trump
2011-03-22,0.4000416100025177,0.4098993649113621,0.39820760464037736,0.40600212059728524,718332000,before_trump
2011-03-23,0.4082946181297302,0.40944086805840985,0.39064234736506126,0.39935385228877696,782396000,before_trump
2011-03-24,0.44084814190864563,0.4458916635029308,0.41608913776205714,0.41700612678169763,1780592000,before_trump
2011-03-25,0.42709317803382874,0.44589170045304,0.42640542254772845,0.444745450419125,1196392000,before_trump
2011-03-28,0.44291138648986816,0.4502473802737337,0.43328286561174467,0.43718010974735266,1204284000,before_trump
2011-03-29,0.4394725561141968,0.44451604920611,0.43351204688727796,0.442911305130785,715764000,before_trump
2011-03-30,0.4229666590690613,0.444745436353418,0.41746464268302447,0.4429114308914058,1176320000,before_trump
2011-03-31,0.42319580912590027,0.42823932998295344,0.41540132161204585,0.42365433089745075,655112000,before_trump
2011-04-01,0.4172353744506836,0.42915636797120105,0.41150409760930134,0.4286978734759414,850072000,before_trump
2011-04-04,0.40233415365219116,0.41838168182053315,0.39935389803051685,0.4172354317605628,924328000,before_trump
2011-04-05,0.4030218720436096,0.4115041162405924,0.40210485568281806,0.4082946272997085,821076000,before_trump
2011-04-06,0.40027084946632385,0.40646059331911377,0.39683207251615976,0.40600209883534283,856984000,before_trump
2011-04-07,0.4149428904056549,0.41746465138457933,0.3995831455825633,0.40118789014698963,1021208000,before_trump
2011-04-08,0.40233415365219116,0.41815242087703625,0.40118790359222084,0.41815242087703625,746552000,before_trump
2011-04-11,0.3970613479614258,0.4060021137017267,0.3927056092129804,0.4039388474560786,546208000,before_trump
2011-04-12,0.39820748567581177,0.4009584792327853,0.38582797367631183,0.39316399293323595,840756000,before_trump
2011-04-13,0.40714845061302185,0.4096701845692952,0.3972906937652924,0.4023341890065988,749588000,before_trump
2011-04-14,0.42434215545654297,0.42457141639448664,0.4011878938744907,0.40348039393890156,1254704000,before_trump
2011-04-15,0.4289272725582123,0.43420002927409374,0.4190694874265,0.42113275431293823,969720000,before_trump
2011-04-18,0.41471368074417114,0.42159118127061074,0.40806541383802486,0.4188401865257865,743584000,before_trump
2011-04-19,0.41310882568359375,0.4165475750278065,0.40187556142858194,0.4149428034708401,659860000,before_trump
2011-04-20,0.4257175922393799,0.4344290964317896,0.4188400932446488,0.428239352802282,650516000,before_trump
2011-04-21,0.42457127571105957,0.4330535450017503,0.4236542869206458,0.43030252397301416,421300000,before_trump
2011-04-25,0.43121960759162903,0.43832634015163185,0.42617608646864114,0.4264053473665048,619612000,before_trump
2011-04-26,0.44245296716690063,0.44680873412761457,0.4305319710905558,0.43488771072251053,676000000,before_trump
2011-04-27,0.44245296716690063,0.4447454947922169,0.4332829659806724,0.4447454947922169,450004000,before_trump
2011-04-28,0.4472670555114746,0.4562078196028812,0.4374093025880642,0.4424527958215827,684000000,before_trump
2011-04-29,0.4585004448890686,0.4685874341254035,0.44955967834305,0.4502474338202447,836000000,before_trump
2011-05-02,0.45231062173843384,0.46835811921987647,0.4500181220982278,0.4681288856531067,613824000,before_trump
2011-05-03,0.43076106905937195,0.4484133376464758,0.4252590810119309,0.4470378542989908,808000000,before_trump
2011-05-04,0.4275516867637634,0.43695094828514763,0.4195279362602063,0.43213668705151037,639356000,before_trump
2011-05-05,0.42778080701828003,0.4328243002103129,0.41838154858818594,0.4241127970629388,544000000,before_trump
2011-05-06,0.44291138648986816,0.4470378915335278,0.43328286561174467,0.43672161526000225,841080000,before_trump
2011-05-09,0.4527691900730133,0.45506169008725594,0.4431406681501896,0.4442869181573109,706328000,before_trump
2011-05-10,0.45345693826675415,0.4568956882329391,0.44887191098308554,0.45643719370319885,690976000,before_trump
2011-05-11,0.4555201530456543,0.4603343863445661,0.44933040890205117,0.45574941396268753,616000000,before_trump
2011-05-12,0.46996280550956726,0.47042132724402874,0.4527690603297039,0.45391531000836144,1224000000,before_trump
2011-05-13,0.41861093044281006,0.44130669884113866,0.4154014410913332,0.4401604487400743,2025192000,before_trump
2011-05-16,0.4057729244232178,0.4183817030514864,0.40554369079684544,0.41746468655972147,728188000,before_trump
2011-05-17,0.404168039560318,0.40462653398281784,0.39247628147845187,0.4043973004359424,1420364000,before_trump
2011-05-18,0.4135674238204956,0.4170061740268757,0.4043974232701489,0.4057729069554465,658844000,before_trump
2011-05-19,0.407606840133667,0.417006099959814,0.4014170963273335,0.4167768390552729,650884000,before_trump
2011-05-20,0.41471368074417114,0.41563066988286,0.4048559245238562,0.40668993012999166,575820000,before_trump
2011-05-23,0.4142551124095917,0.41723536757278146,0.40348034164046304,0.40875309657091374,588000000,before_trump
2011-05-24,0.4158598482608795,0.43259510168476667,0.4151720928790412,0.41631834273918755,720372000,before_trump
2011-05-25,0.4209032654762268,0.423654286502246,0.40967000249664126,0.4137965067069227,545312000,before_trump
2011-05-26,0.43144896626472473,0.4351169777216193,0.41975720365853797,0.4209034538227226,706436000,before_trump
2011-05-27,0.44703784584999084,0.44772557384636,0.43282432689336037,0.4332828213338565,658824000,before_trump
2011-05-31,0.45941734313964844,0.45964663135838807,0.4447453567278789,0.4557493602010814,1200716000,before_trump
2011-06-01,0.4387849271297455,0.4580419435621594,0.4378679107308177,0.4573541880951525,762208000,before_trump
2011-06-02,0.436721533536911,0.4426820427433435,0.431448779597182,0.43947255460372464,607592000,before_trump
2011-06-03,0.42319586873054504,0.43557538440223426,0.4211326297829739,0.43167814009640315,549300000,before_trump
2011-06-06,0.4142551124095917,0.42640536664182516,0.41379659059313717,0.42250812250323216,435988000,before_trump
2011-06-07,0.4140259325504303,0.4197571830905232,0.4121919269118489,0.417464682874486,433956000,before_trump
2011-06-08,0.40279266238212585,0.41448442433668453,0.39958317303279034,0.4119626905132804,569288000,before_trump
2011-06-09,0.3982076048851013,0.4034803600562124,0.38376485022640716,0.40256337103895573,741632000,before_trump
2011-06-10,0.3924764096736908,0.4014171768121468,0.3892668930103638,0.3988954156715868,493548000,before_trump
2011-06-13,0.38972538709640503,0.397519876254779,0.38697436520167916,0.3924763816623749,574760000,before_trump
2011-06-14,0.3929348289966583,0.40164633351630247,0.3913300846366916,0.3931640899032619,534576000,before_trump
2011-06-15,0.38445261120796204,0.38995460004849813,0.3764288342116522,0.3876621001434823,935916000,before_trump
2011-06-16,0.3711560368537903,0.39064231116430786,0.36565404863749806,0.38468180115603173,1024908000,before_trump
2011-06-17,0.36244451999664307,0.37574105026424165,0.35098202217500685,0.37551178937630875,1467884000,before_trump
2011-06-20,0.35808876156806946,0.3668002648871375,0.3553377403829698,0.3592350112856113,745960000,before_trump
2011-06-21,0.36588335037231445,0.3686343723217538,0.356025594596841,0.35946434470488364,704276000,before_trump
2011-06-22,0.3608398735523224,0.36817586868042035,0.3601521180308974,0.36336163468796134,651720000,before_trump
2011-06-23,0.37161457538604736,0.3741363087117991,0.35304528916549643,0.35625480521020686,744024000,before_trump
2011-06-24,0.3608398735523224,0.3729901300016372,0.3585473733667444,0.3697806406733312,529052000,before_trump
2011-06-27,0.35327455401420593,0.3631323085071595,0.34066577792972824,0.3608398087333914,1142152000,before_trump
2011-06-28,0.3553377687931061,0.35946427357193095,0.35075276955635654,0.35327453006806925,692200000,before_trump
2011-06-29,0.3608398735523224,0.3645078847807503,0.3452508668246406,0.3576303568952585,960544000,before_trump
2011-06-30,0.36542484164237976,0.36932208614783385,0.35625484171013233,0.3617568307379786,652300000,before_trump
2011-07-01,0.37023910880088806,0.3716146197454941,0.35808885321938816,0.36542484782352297,540804000,before_trump
2011-07-05,0.36404943466186523,0.3732194365238858,0.3608399176129013,0.3697806858256281,535296000,before_trump
2011-07-06,0.3592350482940674,0.36450780300370994,0.35487928252142714,0.3638200476365823,529580000,before_trump
2011-07-07,0.3606105148792267,0.36290301444355266,0.35419151063336396,0.36106903665509227,986136000,before_trump
2011-07-08,0.35373297333717346,0.35808873837901195,0.35075271879880965,0.35556697823222405,619516000,before_trump
2011-07-11,0.3413535952568054,0.3484603567763137,0.340436606112437,0.34708487305976105,714388000,before_trump
2011-07-12,0.3367685079574585,0.34295827873501783,0.3310372589624968,0.33974876290058875,867604000,before_trump
2011-07-13,0.33608078956604004,0.3436460445369764,0.33287130070746285,0.3413535446869202,634368000,before_trump
2011-07-14,0.3227843642234802,0.3395196227036637,0.32117961940017725,0.3374563832635257,1088996000,before_trump
2011-07-15,0.32324278354644775,0.3266815333648536,0.31659454482903143,0.32461829440531176,827736000,before_trump
2011-07-18,0.31636521220207214,0.32255495500648035,0.31223870788955066,0.32072097738202465,818200000,before_trump
2011-07-19,0.32599374651908875,0.3266814744958358,0.3172822157544671,0.3172822157544671,602224000,before_trump
2011-07-20,0.3218672573566437,0.3289739896421834,0.3209502411293559,0.327140011845109,662956000,before_trump
2011-07-21,0.33699774742126465,0.3392902468734842,0.31751147474864927,0.32232573452981,1143420000,before_trump
2011-07-22,0.34387528896331787,0.3450215388333788,0.33562227896737795,0.33997804487086114,737192000,before_trump
2011-07-25,0.3383733034133911,0.33997807523781726,0.3335590699263777,0.338602564339382,566920000,before_trump
2011-07-26,0.33012038469314575,0.3369978858753962,0.3253061229340663,0.3287448735251915,698276000,before_trump
2011-07-27,0.31774085760116577,0.32714011989499686,0.316823841071,0.3255353477993967,652212000,before_trump
2011-07-28,0.31705307960510254,0.3237013191668514,0.31155106279963934,0.3165945850368367,648176000,before_trump
2011-07-29,0.31705307960510254,0.32003333529196704,0.312238818316417,0.31384356296972626,677656000,before_trump
2011-08-01,0.33401745557785034,0.33493444432541475,0.3216379435132541,0.32438893708469346,1019620000,before_trump
2011-08-02,0.33057883381843567,0.3525868455048304,0.33057883381843567,0.33172508385775296,1356432000,before_trump
2011-08-03,0.3395196497440338,0.34066590004179254,0.32805714676644643,0.33126666399742855,765236000,before_trump
2011-08-04,0.3071952164173126,0.33332972565137003,0.3071952164173126,0.33332972565137003,979732000,before_trump
2011-08-05,0.29687902331352234,0.3181993061098939,0.28885527331282057,0.31430206157530416,1270588000,before_trump
2011-08-08,0.27349546551704407,0.2925232458133736,0.27166146029208144,0.282436230740455,1084180000,before_trump
2011-08-09,0.29642051458358765,0.2968790090959192,0.2751002601370036,0.2787682435644105,1329832000,before_trump
2011-08-10,0.2828948199748993,0.29596209449939215,0.28129007511380266,0.2877090818869505,1140052000,before_trump
2011-08-11,0.30742448568344116,0.31155099049770724,0.2828947176931517,0.2828947176931517,1078792000,before_trump
2011-08-12,0.2952743172645569,0.3406658559792699,0.290460055705153,0.3402073613852218,3195784000,before_trump
2011-08-15,0.3065074384212494,0.30719519364751646,0.29664968638807754,0.29825443036353666,864152000,before_trump
2011-08-16,0.2977961301803589,0.3071953939681492,0.29229411211112893,0.30306888724841774,716868000,before_trump
2011-08-17,0.29366961121559143,0.30375663025753624,0.28977236565953307,0.2987131070721824,553328000,before_trump
2011-08-18,0.273724764585495,0.2831240255935526,0.2705152481621006,0.28037303103689737,802564000,before_trump
2011-08-19,0.26891055703163147,0.2840410710919201,0.26707655118663265,0.2691398180105418,761332000,before_trump
2011-08-22,0.273724764585495,0.27968527556554457,0.2707445090954702,0.2764757591421502,611876000,before_trump
2011-08-23,0.30329790711402893,0.3035271679535849,0.27991439462910955,0.2803729163082215,938312000,before_trump
2011-08-24,0.29894229769706726,0.3035272978199545,0.29114778109090506,0.30261030872687966,687500000,before_trump
2011-08-25,0.2861042022705078,0.29825445448819304,0.285645707858826,0.29298170043198074,690968000,before_trump
2011-08-26,0.2982546091079712,0.30123486532203647,0.2799145771742069,0.2849581003035924,732660000,before_trump
2011-08-29,0.3062782883644104,0.3074245383799244,0.29963004920593145,0.30673681023362087,601528000,before_trump
2011-08-30,0.3136143386363983,0.31613607250091025,0.3021518101177895,0.3042150767292177,684760000,before_trump
2011-08-31,0.30513203144073486,0.319116292244906,0.30261029786094945,0.3159068032056317,705808000,before_trump
2011-09-01,0.30444425344467163,0.31590677982054055,0.3042150198609814,0.3092585139759615,762312000,before_trump
2011-09-02,0.29619139432907104,0.30169338523988853,0.2938988662326714,0.297566878392393,471356000,before_trump
2011-09-06,0.30215176939964294,0.30283952484410337,0.28381176996739144,0.2865627644164782,696248000,before_trump
2011-09-07,0.32668164372444153,0.33562241266991977,0.3177409021077268,0.32668164372444153,1606620000,before_trump
2011-09-08,0.32507672905921936,0.33126649945563563,0.31980397484278106,0.32347198490519447,880164000,before_trump
2011-09-09,0.3181992173194885,0.3310372246697922,0.3154482235526372,0.3223257216341396,869828000,before_trump
2011-09-12,0.3257646858692169,0.32851568145332677,0.3138436594567975,0.3138436594567975,916480000,before_trump
2011-09-13,0.3331005871295929,0.3347053591421745,0.3234720916978944,0.3285155867022357,853836000,before_trump
2011-09-14,0.3502943515777588,0.35465011820091064,0.3415828456602122,0.3418121066036044,1547192000,before_trump
2011-09-15,0.35533779859542847,0.3599228255454772,0.3521283097920231,0.35808882023120836,752908000,before_trump
2011-09-16,0.35442084074020386,0.3690928572146064,0.35258683526480905,0.35602558528289086,1391588000,before_trump
2011-09-19,0.34708479046821594,0.35098203439753906,0.3381440254587379,0.3484602738574616,968204000,before_trump
2011-09-20,0.3381440043449402,0.35281601754869607,0.33653926015997854,0.35144050691658624,792436000,before_trump
2011-09-21,0.33172500133514404,0.3459384928210634,0.3314957404528107,0.33997801049664556,715252000,before_trump
2011-09-22,0.30971693992614746,0.31911619799605806,0.3037564581380617,0.3186577036013972,1314632000,before_trump
2011-09-23,0.3161359131336212,0.3250766759518312,0.3060489281030069,0.3078829328345944,1011440000,before_trump
2011-09-26,0.31682369112968445,0.32095019524060453,0.30261020126206795,0.3200332064731764,972124000,before_trump
2011-09-27,0.3172822892665863,0.32759856658174363,0.3147605556671637,0.32484757205112097,781388000,before_trump
2011-09-28,0.3076537847518921,0.32599381146075657,0.3026102903881129,0.3179700344032038,1236532000,before_trump
2011-09-29,0.3000885546207428,0.3184285828623138,0.29229403783554264,0.3131558271341284,866416000,before_trump
2011-09-30,0.2867920398712158,0.29687902913851,0.2863335179991746,0.2952742845726345,677784000,before_trump
2011-10-03,0.2707445025444031,0.29206478499668387,0.2707445025444031,0.2831240187429446,949896000,before_trump
2011-10-04,0.2957328259944916,0.2957328259944916,0.26295003735727757,0.26409628756156783,1361548000,before_trump
2011-10-05,0.3062782883644104,0.3090293102646489,0.28908453813170004,0.2950450218151193,856708000,before_trump
2011-10-06,0.3184286057949066,0.3193455949750842,0.3074245716602212,0.307883093579069,773192000,before_trump
2011-10-07,0.32438895106315613,0.3292032105171891,0.31315571544207566,0.3198039524702666,806976000,before_trump
2011-10-10,0.33883175253868103,0.33883175253868103,0.32920323297380516,0.3298909882754033,534376000,before_trump
2011-10-11,0.33516380190849304,0.34158280698027493,0.33401755197884464,0.33608079092071014,816080000,before_trump
2011-10-12,0.3349345922470093,0.3418121202061405,0.33470535862325174,0.34158285925362475,612064000,before_trump
2011-10-13,0.35442084074020386,0.35510859620957136,0.332412829692978,0.3333298187662974,854832000,before_trump
2011-10-14,0.3603813350200653,0.36427857939439334,0.35166982991178497,0.36061056861340546,702452000,before_trump
2011-10-17,0.34249985218048096,0.35625488092156404,0.3406658465264193,0.35625488092156404,611780000,before_trump
2011-10-18,0.3548792898654938,0.35579630615022506,0.3386025309312249,0.3406657697465537,590916000,before_trump
2011-10-19,0.3477725684642792,0.3615275956342329,0.3468555794063681,0.35533782384268936,557568000,before_trump
2011-10-20,0.3303494155406952,0.33974867231793426,0.3172821494531326,0.3383731619943771,990308000,before_trump
2011-10-21,0.3319542407989502,0.33997801654972615,0.3264522528124899,0.33447600123451554,628428000,before_trump
2011-10-24,0.34433385729789734,0.3496066132968225,0.3326420951841397,0.33332985071943577,535256000,before_trump
2011-10-25,0.33126652240753174,0.34227052602843827,0.3305787670570842,0.3395195046266483,577996000,before_trump
2011-10-26,0.33516380190849304,0.3395195407096554,0.32553528063644316,0.33768556268522115,503116000,before_trump
2011-10-27,0.3496064841747284,0.35304523325239806,0.3397487313529924,0.34754324565962597,577732000,before_trump
2011-10-28,0.35763034224510193,0.3608398587706895,0.34570934723418595,0.34662633633934997,490156000,before_trump
2011-10-31,0.33929023146629333,0.34823099532119844,0.33929023146629333,0.3461677295106444,519984000,before_trump
2011-11-01,0.3223256766796112,0.32782766344595576,0.31911616162529,0.32691067476114644,790824000,before_trump
2011-11-02,0.31682369112968445,0.327139965071358,0.31017545424396364,0.3255351937352387,961608000,before_trump
2011-11-03,0.33585160970687866,0.33653936523767153,0.3117803301016789,0.3202625754381018,749372000,before_trump
2011-11-04,0.3397488594055176,0.34089510953009977,0.3275986026191945,0.33287135865802436,654840000,before_trump
2011-11-07,0.3379148244857788,0.3429583464603093,0.3301203352449238,0.3372270690048195,613536000,before_trump
2011-11-08,0.34570932388305664,0.34777256289469144,0.3367685577322111,0.34227057397782873,549728000,before_trump
2011-11-09,0.3282863199710846,0.3420413198659912,0.3269108090500918,0.33768558083077294,532244000,before_trump
2011-11-10,0.33172500133514404,0.33974874961431223,0.32347199217364253,0.3363100003518116,990484000,before_trump
2011-11-11,0.34341681003570557,0.3461678043827044,0.3225550231954324,0.34112431019174755,1751560000,before_trump
2011-11-14,0.33676859736442566,0.34685561467075926,0.3358516082132854,0.34341686436084606,500292000,before_trump
2011-11-15,0.3411242961883545,0.3436460295159371,0.33264202525091,0.33355904154810134,505660000,before_trump
2011-11-16,0.33424678444862366,0.343646044771778,0.33310053452281235,0.33470530628195133,512420000,before_trump
2011-11-17,0.3223259150981903,0.33447617446733197,0.31636540225181453,0.3335591851042424,657504000,before_trump
2011-11-18,0.31934550404548645,0.3241597641925167,0.31590675460582235,0.3241597641925167,501352000,before_trump
2011-11-21,0.3353930711746216,0.338602560126027,0.3094877893252212,0.31430205008108403,1330788000,before_trump
2011-11-22,0.34570935368537903,0.34754335925868773,0.3372270813249209,0.3390610868982296,1287480000,before_trump
2011-11-23,0.3310371935367584,0.34456295488890554,0.3308079326907704,0.34204119489801926,825340000,before_trump
2011-11-25,0.32186731696128845,0.3342468060277755,0.320950300564184,0.3266815505632531,406620000,before_trump
2011-11-28,0.33997803926467896,0.3450215331440302,0.33241278478127595,0.33241278478127595,690616000,before_trump
2011-11-29,0.3418121635913849,0.3461679036119795,0.33631014599147613,0.3395196357615183,623440000,before_trump
2011-11-30,0.358318030834198,0.359235047096896,0.3491480321797277,0.35212828720818085,730324000,before_trump
2011-12-01,0.3626738488674164,0.36359083793353575,0.3537330824933524,0.3553378270234391,529760000,before_trump
2011-12-02,0.3603813350200653,0.3679465901753813,0.3569425851611721,0.3665710793003222,546464000,before_trump
2011-12-05,0.35487937927246094,0.3668004026760388,0.35189912342156643,0.3663419080825379,644696000,before_trump
2011-12-06,0.34983572363853455,0.35763021013948054,0.3461677139152972,0.3569424822290269,573832000,before_trump
2011-12-07,0.34777262806892395,0.35029438940351637,0.3404366323620552,0.34754339442953563,510016000,before_trump
2011-12-08,0.33676859736442566,0.35006510402850827,0.3356223472611213,0.3443338535119863,491488000,before_trump
2011-12-09,0.3415827453136444,0.34433373918240723,0.3296617263344236,0.33424672522527804,555840000,before_trump
2011-12-12,0.3331005871295929,0.3356223482961426,0.3269108420184123,0.33424683723643217,573208000,before_trump
2011-12-13,0.3239305317401886,0.341582802276707,0.3218672928267337,0.3374562971210435,516596000,before_trump
2011-12-14,0.3113219141960144,0.3230136791877606,0.30788316300182617,0.32117967308510714,636020000,before_trump
2011-12-15,0.3085707724094391,0.31865778842064224,0.30788304429876434,0.31659454943110876,435148000,before_trump
2011-12-16,0.3097170293331146,0.31705305108038967,0.308341545752067,0.3110925402429175,619116000,before_trump
2011-12-19,0.30169326066970825,0.3147605315127174,0.3005470107591814,0.31109252086753,463276000,before_trump
2011-12-20,0.318657785654068,0.319804035600247,0.3085707697304399,0.3085707697304399,445208000,before_trump
2011-12-21,0.3145313262939453,0.3202625768614263,0.3083415811468176,0.3168238265209377,548424000,before_trump
2011-12-22,0.3280571699142456,0.3289741592856505,0.3154484157492225,0.3154484157492225,576560000,before_trump
2011-12-23,0.32484760880470276,0.3301203648600685,0.3220965866340711,0.32966184294579076,248948000,before_trump
2011-12-27,0.3223259150981903,0.32736941125271196,0.32140889840633624,0.32347216546643454,195712000,before_trump
2011-12-28,0.31430208683013916,0.32301359299664006,0.3140728258801952,0.3223258374755662,233960000,before_trump
2011-12-29,0.3202625513076782,0.3209503067866516,0.31292655663239327,0.31751155672054093,211112000,before_trump
2011-12-30,0.3177407383918762,0.32255497088620433,0.31728221663444073,0.3191162216779345,186956000,before_trump
2012-01-03,0.32186731696128845,0.3301203278914503,0.321179561495649,0.32782780056306693,468044000,before_trump
2012-01-04,0.325535386800766,0.3269108980964305,0.31911637963560324,0.3220966358903677,347372000,before_trump
2012-01-05,0.3372270464897156,0.33883181828106274,0.32255503074760733,0.3239305416176893,563548000,before_trump
2012-01-06,0.3333296775817871,0.3372269204858196,0.3294324346777547,0.3369976869789614,533252000,before_trump
2012-01-09,0.3333296775817871,0.3397486803624699,0.33103717854073933,0.3335589384173896,508244000,before_trump
2012-01-10,0.3319542706012726,0.33860253628792897,0.32966177084630544,0.33837327538093115,546328000,before_trump
2012-01-11,0.32530614733695984,0.3319543880470166,0.3239306360658214,0.3289741318453916,484272000,before_trump
2012-01-12,0.32324275374412537,0.3262230087777212,0.31613599384314695,0.3259937752082149,652364000,before_trump
2012-01-13,0.31476065516471863,0.32163815732966894,0.3131559101253164,0.32095040164742106,504300000,before_trump
2012-01-17,0.30994629859924316,0.31957482056938147,0.3094878040598928,0.31957482056938147,627176000,before_trump
2012-01-18,0.3204916715621948,0.32301343143523964,0.3143019296259644,0.31590667348665463,632676000,before_trump
2012-01-19,0.3289739787578583,0.329432500520707,0.31980398076087957,0.32324273000974657,608312000,before_trump
2012-01-20,0.3259938955307007,0.3324129024348755,0.3248476452738395,0.32851562969853815,546272000,before_trump
2012-01-23,0.33493465185165405,0.3351639128449688,0.32209663745881395,0.3262231440371385,562792000,before_trump
2012-01-24,0.3424997329711914,0.34387524356517174,0.3324127463778323,0.3326419799243297,730920000,before_trump
2012-01-25,0.3404364287853241,0.3413534174520499,0.32370115332325644,0.3333296709675961,1274152000,before_trump
2012-01-26,0.3372270464897156,0.3493773287416795,0.3353930684346122,0.34548005705269863,799672000,before_trump
2012-01-27,0.3418121635913849,0.3436461421292595,0.3324129006053501,0.33516389574092365,449996000,before_trump
2012-01-30,0.33929023146629333,0.34089497554422565,0.3308079620152621,0.33585148244411783,399076000,before_trump
2012-01-31,0.33860257267951965,0.34043657814635514,0.3326420617444931,0.3402073172147173,357900000,before_trump
2012-02-01,0.3422705829143524,0.3461678274429483,0.337685582921003,0.3424998165167665,428020000,before_trump
2012-02-02,0.3551085293292999,0.356484012680224,0.34066574917896725,0.3441045258781541,696236000,before_trump
2012-02-03,0.3626738488674164,0.3656541043254377,0.35969359340939505,0.3603813488733624,495232000,before_trump
2012-02-06,0.3599228262901306,0.3612983097821129,0.35671331015133156,0.3608398152847855,278868000,before_trump
2012-02-07,0.36083993315696716,0.3629031727332964,0.35442092611128606,0.3603814385098676,410296000,before_trump
2012-02-08,0.3739071488380432,0.38101388306102946,0.3590058702087796,0.3608398758345935,847612000,before_trump
2012-02-09,0.3736778795719147,0.38055538001911837,0.37299012406144283,0.37849214081646027,561944000,before_trump
2012-02-10,0.3645079433917999,0.37138544505440163,0.36244467649576206,0.3700099337903764,440268000,before_trump
2012-02-13,0.3702389895915985,0.3750532490188717,0.36267373648963225,0.37367773851715164,610668000,before_trump
2012-02-14,0.372302383184433,0.3755118999165336,0.367029627168578,0.3702391439006786,453756000,before_trump
2012-02-15,0.3706974983215332,0.38743277653439195,0.3697805095040812,0.3757410188037638,1110856000,before_trump
2012-02-16,0.3771166503429413,0.380096906164862,0.3438753690415283,0.34525088013741756,1888588000,before_trump
2012-02-17,0.3633616268634796,0.379867622378456,0.3599228766591613,0.377345888625877,1020360000,before_trump
2012-02-21,0.3651956021785736,0.37413634103748045,0.36244458038005917,0.3631323358296878,518176000,before_trump
2012-02-22,0.3626737594604492,0.37230225159609226,0.3622152650404184,0.36336151475486994,492432000,before_trump
2012-02-23,0.36473703384399414,0.366800299929936,0.3576302739847803,0.3633615504487845,323968000,before_trump
2012-02-24,0.36198607087135315,0.36634183698618117,0.360381326441155,0.3658833151529069,366668000,before_trump
2012-02-27,0.35464999079704285,0.35900572852668966,0.34960647048429727,0.35740098448570123,745268000,before_trump
2012-02-28,0.3514406085014343,0.35877663088818407,0.3477725973080595,0.35465012512782673,699884000,before_trump
2012-02-29,0.34731408953666687,0.3585473563088303,0.34708485592626964,0.3525868451783961,689196000,before_trump
2012-03-01,0.34960657358169556,0.3537330789959446,0.3473140736103078,0.3486895845246426,449944000,before_trump
2012-03-02,0.3525868058204651,0.3576302999600543,0.3484603006776181,0.3484603006776181,684076000,before_trump
2012-03-05,0.34066563844680786,0.3507526497185904,0.33814390612541856,0.3500648946023054,514848000,before_trump
2012-03-06,0.33745622634887695,0.3395194648296243,0.3314957171153323,0.33676847107904523,471400000,before_trump
2012-03-07,0.3395194411277771,0.34089495157141625,0.3347052092325321,0.3392902076063346,441984000,before_trump
2012-03-08,0.34066563844680786,0.3441044140282329,0.33860240042669465,0.34043640496054073,430852000,before_trump
2012-03-09,0.3397487699985504,0.3441045357229716,0.33791476481609684,0.341582775181004,367836000,before_trump
2012-03-12,0.3344760239124298,0.34341678915756135,0.3335590349620968,0.3411242894529767,299948000,before_trump
2012-03-13,0.33906102180480957,0.34089502702602337,0.3342467615152175,0.33585153316424954,553288000,before_trump
2012-03-14,0.3294326066970825,0.339748857768619,0.3282863565780229,0.33906110223143154,735708000,before_trump
2012-03-15,0.33424684405326843,0.3360808497273668,0.329203348946067,0.33034959907628364,382380000,before_trump
2012-03-16,0.3347053527832031,0.3360808364880229,0.3326420862328368,0.3344760918346876,428340000,before_trump
2012-03-19,0.3356224000453949,0.3381441616007723,0.33401765511413767,0.3365394166695151,405400000,before_trump
2012-03-20,0.33012038469314575,0.33378836892642305,0.32714012871508513,0.33378836892642305,449616000,before_trump
2012-03-21,0.3314957320690155,0.33447598682022633,0.3264522387439852,0.33012024879605223,467840000,before_trump
2012-03-22,0.331037312746048,0.3337883072448328,0.32805705731871637,0.32897404637539285,425372000,before_trump
2012-03-23,0.3335590958595276,0.33447608497727405,0.32782781822296214,0.33012034567484266,315456000,before_trump
2012-03-26,0.33745622634887695,0.33906097042598576,0.33355898292482755,0.33676847107904523,288600000,before_trump
2012-03-27,0.3397487699985504,0.34387527482688307,0.3381440257121853,0.33883178107169937,419968000,before_trump
2012-03-28,0.3475434184074402,0.3521284194566591,0.34158290611195086,0.34410466762052605,892448000,before_trump
2012-03-29,0.34914809465408325,0.3518990892769196,0.34272908898162735,0.34708485551914514,372700000,before_trump
2012-03-30,0.3530452847480774,0.3551085508928791,0.347084801874628,0.35212829579177823,527240000,before_trump
2012-04-02,0.3514406085014343,0.35510861969480917,0.3463971136071122,0.35212836401628683,407776000,before_trump
2012-04-03,0.34570935368537903,0.35442085966202735,0.3438753481120703,0.3539623651008895,430476000,before_trump
2012-04-04,0.33585160970687866,0.34479234962091077,0.3337883431145002,0.3404366101404866,495896000,before_trump
2012-04-05,0.33539313077926636,0.3404366260258212,0.3342468532886189,0.33631011997727284,369424000,before_trump
2012-04-09,0.331037312746048,0.33218356273127125,0.3246183073630465,0.3301203236893715,365504000,before_trump
2012-04-10,0.3246183693408966,0.3342468655893444,0.32301362452094873,0.32966186477305875,470360000,before_trump
2012-04-11,0.3287447690963745,0.33585152899200943,0.3278277528327836,0.3289740026657085,372960000,before_trump
2012-04-12,0.3365393280982971,0.3383733062063419,0.32782779544130825,0.32920330635109707,384868000,before_trump
2012-04-13,0.3246183693408966,0.3353931431221764,0.3243891083685781,0.33355913732991,311324000,before_trump
2012-04-16,0.32072097063064575,0.32782770209768064,0.3154482167494602,0.32691071330475596,463468000,before_trump
2012-04-17,0.3214087188243866,0.32553522331020074,0.320262469096591,0.3216379797014454,460696000,before_trump
2012-04-18,0.3179700970649719,0.3209503530173041,0.3140728518944268,0.31934560822105146,400764000,before_trump
2012-04-19,0.313155859708786,0.3257646116479154,0.3115510875989798,0.3138435879515488,667188000,before_trump
2012-04-20,0.30696606636047363,0.3159068335346888,0.3062783108349558,0.3149898170577457,509592000,before_trump
2012-04-23,0.30329805612564087,0.3046735671812816,0.29596206092932614,0.30169331144656547,706244000,before_trump
2012-04-24,0.29389873147010803,0.30673676814245704,0.2922939871343465,0.3042150075228659,730440000,before_trump
2012-04-25,0.29985928535461426,0.3021517854050829,0.2927525242666589,0.29825454078503744,727112000,before_trump
2012-04-26,0.3000885248184204,0.3026102856249946,0.2975667640118462,0.29963003030688534,539208000,before_trump
2012-04-27,0.29756686091423035,0.30146413385330745,0.2943573709595632,0.29963012788117055,475356000,before_trump
2012-04-30,0.2980252802371979,0.29963005213762406,0.2938987746752209,0.29596204112058755,262268000,before_trump
2012-05-01,0.30329805612564087,0.3065075728125498,0.29642055550495366,0.29642055550495366,408680000,before_trump
2012-05-02,0.2945865988731384,0.30329810657410455,0.2929818539271411,0.30215185627999747,684008000,before_trump
2012-05-03,0.2895430028438568,0.2971082576326391,0.28770899754221974,0.295274252331002,419536000,before_trump
2012-05-04,0.28106072545051575,0.2893137354588265,0.28106072545051575,0.28770899110408626,545092000,before_trump
2012-05-07,0.28587496280670166,0.29091848369910767,0.2835824632478809,0.2861042236940839,604440000,before_trump
2012-05-08,0.2856457829475403,0.28747976107637196,0.2783097611171912,0.2833532556289895,462312000,before_trump
2012-05-09,0.28679201006889343,0.2890845098758467,0.2778512444245235,0.2806022387271168,520608000,before_trump
2012-05-10,0.2847287058830261,0.2900014602017627,0.28014370688042906,0.28954296576725297,597092000,before_trump
2012-05-11,0.30283957719802856,0.3136143505901881,0.3016933270353528,0.3083415943761278,1435140000,before_trump
2012-05-14,0.3010055422782898,0.30559054248430606,0.29412804196926534,0.30031778678163595,437472000,before_trump
2012-05-15,0.29802533984184265,0.3076538638550655,0.2966498559319264,0.30100559597313725,599940000,before_trump
2012-05-16,0.29206472635269165,0.30192247968086044,0.29114771015428653,0.2984837304265283,470484000,before_trump
2012-05-17,0.2900015413761139,0.2959620526793971,0.2900015413761139,0.2932110579735577,335364000,before_trump
2012-05-18,0.2769342064857483,0.2920647422907365,0.27555872310620483,0.29068923158244175,567288000,before_trump
2012-05-21,0.28174856305122375,0.2831240742302225,0.27555881740325067,0.27739282319899544,416260000,before_trump
2012-05-22,0.27830976247787476,0.28197777341098257,0.27418325701031737,0.281519278876533,410140000,before_trump
2012-05-23,0.2851872146129608,0.28564573639920443,0.2712029560225585,0.2753294607974929,496000000,before_trump
2012-05-24,0.2776220440864563,0.2872505672395026,0.27555880474152317,0.28679207264382406,520420000,before_trump
2012-05-25,0.2842702865600586,0.2865627866670948,0.27739278623895,0.27739278623895,391752000,before_trump
2012-05-29,0.2916063070297241,0.29344031274206644,0.2877090619714713,0.2888553121255903,310000000,before_trump
2012-05-30,0.28816747665405273,0.2904599763265451,0.28312398284032,0.2883967375528027,379792000,before_trump
2012-05-31,0.28495803475379944,0.28931377391401797,0.2812900237450582,0.28816752388988087,358192000,before_trump
2012-06-01,0.27464166283607483,0.28174842147521945,0.274183168449718,0.2789974278283317,440984000,before_trump
2012-06-04,0.26891034841537476,0.27762184892430836,0.2666178497197996,0.2760171053031538,432856000,before_trump
2012-06-05,0.2767050266265869,0.2773927821142225,0.2675350263347966,0.2675350263347966,365224000,before_trump
2012-06-06,0.2840409576892853,0.28472871302267044,0.276704964566928,0.27876820323833307,368968000,before_trump
2012-06-07,0.27257853746414185,0.2897723163766719,0.27234927651152163,0.28816754436584663,526780000,before_trump
2012-06-08,0.2778512239456177,0.27876821286931136,0.2730369637743474,0.2734954582361942,370308000,before_trump
2012-06-11,0.28106075525283813,0.29183552705306864,0.2803730271198494,0.2867920325482033,839080000,before_trump
2012-06-12,0.286792129278183,0.28954312472426724,0.2838118728246064,0.2842703675108263,496128000,before_trump
2012-06-13,0.27922675013542175,0.2872504993130695,0.27785123934489525,0.2865627439178063,494276000,before_trump
2012-06-14,0.27578797936439514,0.281060734408381,0.2730369850501971,0.278768234591757,589884000,before_trump
2012-06-15,0.28174856305122375,0.2819778240239771,0.27532955643049734,0.27785131781574146,385288000,before_trump
2012-06-18,0.2842702865600586,0.2865627866670948,0.27739278623895,0.2796852863459862,304424000,before_trump
2012-06-19,0.303527295589447,0.3078830620714349,0.2945865290182653,0.295962039976526,960476000,before_trump
2012-06-20,0.3083415627479553,0.31407281297345035,0.30467355167213583,0.3065075572100456,972720000,before_trump
2012-06-21,0.2943573594093323,0.3081123626674843,0.29366960378067225,0.3081123626674843,516376000,before_trump
2012-06-22,0.29802533984184265,0.30146411793853783,0.2938988334545703,0.29802533984184265,865360000,before_trump
2012-06-25,0.2886260449886322,0.29917155711242893,0.2874797948590351,0.2982545679402548,494616000,before_trump
2012-06-26,0.2918355166912079,0.29389875567442814,0.286104266928091,0.2902307722232861,437152000,before_trump
2012-06-27,0.30123472213745117,0.3032979607432987,0.2920647241936854,0.2920647241936854,506064000,before_trump
2012-06-28,0.303527295589447,0.3053613010908758,0.295962039976526,0.29848380095708504,545896000,before_trump
2012-06-29,0.3168238699436188,0.31751162557172935,0.3104048629625236,0.3106341239481478,616508000,before_trump
2012-07-02,0.3083415627479553,0.31865781315384634,0.30581980171723483,0.3184285795420806,581684000,before_trump
2012-07-03,0.31636521220207214,0.31705296747561706,0.3081122035770292,0.3083414644444602,219284000,before_trump
2012-07-05,0.31315580010414124,0.31567753361473594,0.30834153934856684,0.31430205006225376,280076000,before_trump
2012-07-06,0.30719542503356934,0.31178042689054153,0.30375667364084025,0.310863410121887,382760000,before_trump
2012-07-09,0.3030688464641571,0.30673685801670264,0.300547085105687,0.305361346852308,306336000,before_trump
2012-07-10,0.2938987612724304,0.30880003826911917,0.2916062613235175,0.2998592720711059,512028000,before_trump
2012-07-11,0.28908443450927734,0.29848369219882737,0.2877089240522103,0.29481568253247953,485216000,before_trump
2012-07-12,0.2842702865600586,0.2863335257248884,0.281748525510816,0.2858750311692325,472160000,before_trump
2012-07-13,0.28793826699256897,0.2893137505130245,0.28266551184227107,0.28449951719829913,324260000,before_trump
2012-07-16,0.28885525465011597,0.29114775450219993,0.28335323860786216,0.286104260293366,334460000,before_trump
2012-07-17,0.2835824191570282,0.2913769328423929,0.2787681599005163,0.289772188866471,447476000,before_trump
2012-07-18,0.29940080642700195,0.3035273121988351,0.28151929963489675,0.28289478333966933,616008000,before_trump
2012-07-19,0.30238109827041626,0.306278343559747,0.2994008422272477,0.3014641090242541,403036000,before_trump
2012-07-20,0.2936696708202362,0.30261044137631127,0.29046015293006755,0.3005471740193239,451000000,before_trump
2012-07-23,0.29756686091423035,0.29963012788117055,0.28266560679985825,0.28587509675452544,451584000,before_trump
2012-07-24,0.2943573594093323,0.2998593497810882,0.2909186085947943,0.2980253438809155,351164000,before_trump
2012-07-25,0.3000885844230652,0.30306884033312326,0.29206483322685634,0.29344031703466483,415044000,before_trump
2012-07-26,0.3014639914035797,0.30902924538338433,0.2991714645251159,0.3055904687300638,338440000,before_trump
2012-07-27,0.30902937054634094,0.30994635980612484,0.30031783593458683,0.3026103637415694,376516000,before_trump
2012-07-30,0.30559056997299194,0.3129265928255183,0.3030688360301005,0.3090293477655883,363552000,before_trump
2012-07-31,0.3104047179222107,0.3147604833124529,0.3051319636754699,0.3055904581037192,387788000,before_trump
2012-08-01,0.30696606636047363,0.315219078009171,0.305590555309438,0.3122388222844326,335912000,before_trump
2012-08-02,0.30811238288879395,0.31269738427575666,0.30031786413369893,0.3053613875223691,367912000,before_trump
2012-08-03,0.314531147480011,0.31774066237041576,0.3055903852803936,0.31292640369918,326548000,before_trump
2012-08-06,0.3211795687675476,0.3227843133378692,0.3170530632090376,0.31751155775359285,360324000,before_trump
2012-08-07,0.3243890702724457,0.3278278204808144,0.3225550646955642,0.3250768257798709,407340000,before_trump
2012-08-08,0.3262229561805725,0.32966170512750087,0.32324270162748514,0.32415971774391444,517064000,before_trump
2012-08-09,0.33722707629203796,0.33791483178785914,0.3262230703451703,0.3266815648994654,822300000,before_trump
2012-08-10,0.33516383171081543,0.3489188320896727,0.3308080651935901,0.3461678374796525,1278744000,before_trump
2012-08-13,0.3395196199417114,0.3397488809126442,0.3342468635691002,0.3356223747371763,447244000,before_trump
2012-08-14,0.33447617292404175,0.34112444142644144,0.3331006615569896,0.34066591941824786,388828000,before_trump
2012-08-15,0.3319542706012726,0.33837327538093115,0.33034952623854613,0.3356222811407211,594404000,before_trump
2012-08-16,0.3388318717479706,0.33997812187766313,0.3337883493143164,0.33493459944400894,371008000,before_trump
2012-08-17,0.3358517289161682,0.3388319857215958,0.33287147211074064,0.3388319857215958,309864000,before_trump
2012-08-20,0.3358517289161682,0.3363102236565183,0.33080820478601325,0.33470547840090903,314392000,before_trump
2012-08-21,0.3349345028400421,0.3390610075824939,0.33149575344279075,0.3369977688756435,340248000,before_trump
2012-08-22,0.33562225103378296,0.3369977616948744,0.331725007265691,0.3328712570403504,313556000,before_trump
2012-08-23,0.32805705070495605,0.3351638114015675,0.3266815398189168,0.33493455047764265,379040000,before_trump
2012-08-24,0.33470532298088074,0.3363100674913288,0.3273693012266805,0.3280570566822312,347724000,before_trump
2012-08-27,0.32897403836250305,0.33539307091791015,0.3287448047682951,0.3344760545548143,340944000,before_trump
2012-08-28,0.32759854197502136,0.330808030798216,0.3257645366494443,0.3264522920626299,310764000,before_trump
2012-08-29,0.3282862603664398,0.3303494990445658,0.32668148880706355,0.32736924414268903,250412000,before_trump
2012-08-30,0.32209646701812744,0.32874473168986407,0.3204917229003802,0.32759848198736624,307488000,before_trump
2012-08-31,0.3216380178928375,0.3266815118282544,0.3184285292054138,0.32438901210045107,485064000,before_trump
2012-09-04,0.3044443428516388,0.3175116174658539,0.30146411408717994,0.31636536722452,694452000,before_trump
2012-09-05,0.3053611218929291,0.30994611929146565,0.30215160731670937,0.3055903553656118,480256000,before_trump
2012-09-06,0.31476056575775146,0.32301357694294996,0.3074245436692388,0.3076538046077885,657296000,before_trump
2012-09-07,0.3071952760219574,0.3092585149252702,0.29687899951913294,0.306736781524416,781064000,before_trump
2012-09-10,0.3044443428516388,0.31086334966886064,0.30375661456984765,0.3065076096832966,371108000,before_trump
2012-09-11,0.308112233877182,0.3129264939366889,0.30306874025644903,0.30421499004883157,382808000,before_trump
2012-09-12,0.3115510642528534,0.3131558362424058,0.30765381941127873,0.3106340751120445,322608000,before_trump
2012-09-13,0.31361424922943115,0.3154482543627101,0.3076537393784623,0.3143020045705046,433836000,before_trump
2012-09-14,0.31728237867355347,0.32278439661396746,0.31338513304623733,0.31338513304623733,339468000,before_trump
2012-09-17,0.3085707724094391,0.31797003298121285,0.3051320225410469,0.31797003298121285,493348000,before_trump
2012-09-18,0.310634046792984,0.3143020576793399,0.30490279686352506,0.3051320304634502,359952000,before_trump
2012-09-19,0.3143019676208496,0.3186577053876653,0.307653703210384,0.3113217130457269,451936000,before_trump
2012-09-20,0.3120095133781433,0.31521902956101466,0.30948777994383786,0.3136142851339559,320596000,before_trump
2012-09-21,0.3133849501609802,0.3152189550708292,0.3113217117178672,0.3124679613704294,340136000,before_trump
2012-09-24,0.31315577030181885,0.31361426477567905,0.3078830155305465,0.3083415100044066,357832000,before_trump
2012-09-25,0.3074246644973755,0.3186579356549875,0.3069661697688289,0.31728242414058044,481544000,before_trump
2012-09-26,0.302151620388031,0.3065073845023187,0.29848363870776606,0.3062781236909778,436812000,before_trump
2012-09-27,0.3044443428516388,0.3049028648111815,0.3003178365170846,0.30283959797952364,558888000,before_trump
2012-09-28,0.3058197796344757,0.31017554588858304,0.29917151345570814,0.3030687851906344,485508000,before_trump
2012-10-01,0.30077630281448364,0.30902931395627653,0.29963005278527666,0.30719530844379406,504236000,before_trump
2012-10-02,0.3019225299358368,0.3028395189581249,0.2984837801091251,0.3028395189581249,295492000,before_trump
2012-10-03,0.29894235730171204,0.3035273583387801,0.2973376124044906,0.3026103690628712,430872000,before_trump
2012-10-04,0.31223875284194946,0.3140727580591914,0.29802523290488875,0.2996300045504454,502608000,before_trump
2012-10-05,0.3049028217792511,0.3163653225748495,0.3037565716996912,0.313155833283585,483068000,before_trump
2012-10-08,0.3019225299358368,0.3051320188425994,0.2996300300513623,0.30375653530916724,240596000,before_trump
2012-10-09,0.2955036163330078,0.30238111811690516,0.2945865996978972,0.3014641288105573,366360000,before_trump
2012-10-10,0.29046007990837097,0.2955036028494411,0.2893138296633571,0.2941280916239199,326568000,before_trump
2012-10-11,0.2920647859573364,0.2941280249995021,0.28977228598659444,0.2932110359427074,320516000,before_trump
2012-10-12,0.2895429730415344,0.2922939670464568,0.28770896792866935,0.2900014674875631,260696000,before_trump
2012-10-15,0.29321107268333435,0.29344030631187934,0.2865628055378725,0.2900015559248759,249580000,before_trump
2012-10-16,0.30169329047203064,0.3026103068882904,0.2929817848257226,0.29573277941698933,367696000,before_trump
2012-10-17,0.29940080642700195,0.30077631746053224,0.2950450397066612,0.29802529539347167,391752000,before_trump
2012-10-18,0.29481571912765503,0.2987129628014441,0.2936694693807318,0.2987129628014441,254772000,before_trump
2012-10-19,0.2776221036911011,0.2925233862156103,0.27601735859731247,0.2904601190989405,709412000,before_trump
2012-10-22,0.2744125425815582,0.2803730540508668,0.27212004237471005,0.27876828204306653,480840000,before_trump
2012-10-23,0.2826654314994812,0.2844994363342249,0.27120290811451964,0.2718906633436418,573948000,before_trump
2012-10-24,0.2789975106716156,0.28564577689848625,0.27624651620786966,0.2844995269278625,332916000,before_trump
2012-10-25,0.2792268693447113,0.2842703655152547,0.27808061897282577,0.28129010908259944,307356000,before_trump
2012-10-26,0.27624648809432983,0.28128998198604804,0.27624648809432983,0.2796852376562403,389376000,before_trump
2012-10-31,0.2746416926383972,0.27968521342185265,0.2739539646486077,0.27739271391255466,347112000,before_trump
2012-11-01,0.28770896792411804,0.28793822881150394,0.2757879483550588,0.2760172092424447,473220000,before_trump
2012-11-02,0.28633353114128113,0.2911477923886283,0.2844995528839655,0.2906892978242994,256700000,before_trump
2012-11-05,0.29848378896713257,0.2996300389433867,0.28564577830158416,0.28564577830158416,444840000,before_trump
2012-11-06,0.29825451970100403,0.29917150872486575,0.29321102541225597,0.29917150872486575,350804000,before_trump
2012-11-07,0.2890844941139221,0.29779599837111287,0.2877089833732466,0.2959619931597961,324620000,before_trump
2012-11-08,0.2906893491744995,0.2998593513959861,0.29000159354213556,0.29229409409750723,839024000,before_trump
2012-11-09,0.2794559597969055,0.2957327176671292,0.27853897090087204,0.29229396831387777,846280000,before_trump
2012-11-12,0.2732662558555603,0.2810607445827398,0.27051523411302214,0.27991449463293366,643624000,before_trump
2012-11-13,0.27120304107666016,0.27808056941096687,0.27097380744039773,0.2718907966429668,492120000,before_trump
2012-11-14,0.2645547688007355,0.27555877453454947,0.2643255078636483,0.2728077799332851,619300000,before_trump
2012-11-15,0.2657008767127991,0.273036867501943,0.26386687218332766,0.2661593710129815,466688000,before_trump
2012-11-16,0.2608868181705475,0.2666180696368465,0.25561406135579984,0.26570108033374373,624552000,before_trump
2012-11-19,0.26822277903556824,0.26913979554590656,0.26249152832880035,0.2657010451218458,404092000,before_trump
2012-11-20,0.26510798931121826,0.2683381855795744,0.26233921821825334,0.26718454012586473,336976000,before_trump
2012-11-21,0.2727220058441162,0.27341417098801374,0.26487720166424555,0.2651079417155929,422312000,before_trump
2012-11-23,0.2745678424835205,0.27779803815717163,0.2724912645461115,0.2738756498377175,276932000,before_trump
2012-11-26,0.279413104057312,0.28010529662399797,0.27456781110064826,0.2750292636434159,364600000,before_trump
2012-11-27,0.2805667817592621,0.2847199101367638,0.27595220078538735,0.27825949127232474,451404000,before_trump
2012-11-28,0.28287407755851746,0.2842584628787072,0.275952205967714,0.2794131417631157,398332000,before_trump
2012-11-29,0.27779802680015564,0.2847198979650595,0.27687512164686356,0.28333554023512136,488688000,before_trump
2012-11-30,0.2761828899383545,0.2796438250309447,0.2745677923961592,0.2775672474723503,460504000,before_trump
2012-12-03,0.27110686898231506,0.2796438654486332,0.2704147038678102,0.2796438654486332,391380000,before_trump
2012-12-04,0.2791823148727417,0.27964376728879076,0.2699531290264529,0.2715682537402168,528068000,before_trump
2012-12-05,0.27595216035842896,0.2787209030361189,0.27202977260627925,0.27687509292103774,633024000,before_trump
2012-12-06,0.2764137089252472,0.27825954718672036,0.2743371580717634,0.2752600634499612,412896000,before_trump
2012-12-07,0.27595216035842896,0.27802873799549754,0.2727219651519687,0.2766443529041185,338288000,before_trump
2012-12-10,0.28518128395080566,0.28725786131843084,0.27525993209676886,0.2759521245526439,513644000,before_trump
2012-12-11,0.291872501373291,0.29556417689797637,0.28541208295762677,0.2861042755566391,816724000,before_trump
2012-12-12,0.28887295722961426,0.29441046934313186,0.2877193123107645,0.29279537195775507,399404000,before_trump
2012-12-13,0.28910377621650696,0.294641262338145,0.2863350331556879,0.2884115835750342,377556000,before_trump
2012-12-14,0.290488064289093,0.29348754667900684,0.28818077437455397,0.29025735180067835,338660000,before_trump
2012-12-17,0.28933438658714294,0.291410963778256,0.28495054724767477,0.2897958665218763,445232000,before_trump
2012-12-18,0.28979599475860596,0.2930261907007495,0.2884116093519305,0.28933451461966453,416436000,before_trump
2012-12-19,0.291872501373291,0.2953334368632822,0.29071885620996063,0.291872501373291,458544000,before_trump
2012-12-20,0.2916416823863983,0.29325677952449175,0.2884114606051512,0.293026039574024,334332000,before_trump
2012-12-21,0.2849505841732025,0.2877193266150805,0.28172036173679005,0.2877193266150805,462172000,before_trump
2012-12-24,0.2826433479785919,0.2856428309882285,0.28172041531905007,0.28471989832868666,127376000,before_trump
2012-12-26,0.28241264820098877,0.28656577699836067,0.2812590028408896,0.2819511955579641,196740000,before_trump
2012-12-27,0.2805667817592621,0.2833355523476447,0.2773365860795787,0.2828740722461994,299804000,before_trump
2012-12-28,0.2791823148727417,0.2835661540828001,0.27756719015897774,0.27802867008008825,220600000,before_trump
2012-12-31,0.28287407755851746,0.28402772282365135,0.27756730383788697,0.2782594964979818,326460000,before_trump
2013-01-02,0.29348763823509216,0.29371837830055364,0.2886423444060668,0.28979598972322623,478836000,before_trump
2013-01-03,0.29371824860572815,0.29694844306541385,0.290257314182467,0.2934875086421527,298888000,before_trump
2013-01-04,0.3034088909626007,0.30433179581884784,0.2932568000185715,0.29417970487481865,524968000,before_trump
2013-01-07,0.2946411073207855,0.3041010042653458,0.29256455799395886,0.30317809956565783,610732000,before_trump
2013-01-08,0.28818076848983765,0.2962563105308853,0.2861042186111823,0.2953333780808769,466424000,before_trump
2013-01-09,0.2817203998565674,0.29187249352389427,0.2798745896489348,0.2904881083631003,695020000,before_trump
2013-01-10,0.28218188881874084,0.2856428243248777,0.2805667635784873,0.2842584391203948,506368000,before_trump
2013-01-11,0.2817203998565674,0.2835662375692695,0.278951657040049,0.2833355250458502,513172000,before_trump
2013-01-14,0.2814895808696747,0.2835661303204147,0.27825935921789563,0.2835661303204147,305684000,before_trump
2013-01-15,0.2764137089252472,0.2801053854481936,0.2747986107608623,0.2801053854481936,375888000,before_trump
2013-01-16,0.2789517045021057,0.2812589951592884,0.2759522211467533,0.2759522211467533,337376000,before_trump
2013-01-17,0.2826433479785919,0.2837969931742159,0.27918241239171987,0.2798746050101085,580736000,before_trump
2013-01-18,0.28079742193222046,0.28264325916623284,0.27733648743284567,0.28264325916623284,397088000,before_trump
2013-01-22,0.279413104057312,0.28310477940959117,0.2780287464290091,0.2805667491667656,308224000,before_trump
2013-01-23,0.27987465262413025,0.28056681785520327,0.2768751691042028,0.28033610527987085,421808000,before_trump
2013-01-24,0.2812589108943939,0.28241255587735437,0.27756723594689403,0.278951620928473,396980000,before_trump
2013-01-25,0.2863349914550781,0.2865657039652544,0.2803360261094074,0.281720383685669,393920000,before_trump
2013-01-28,0.2909495234489441,0.2927953607494574,0.28702710887095456,0.28771930129678,422492000,before_trump
2013-01-29,0.284719854593277,0.29048807968534823,0.2835662095748627,0.28979591467835314,388872000,before_trump
2013-01-30,0.2842584252357483,0.28887300568519747,0.28333552014788604,0.28495061780417946,287592000,before_trump
2013-01-31,0.28287407755851746,0.2874886861241258,0.2810282671383614,0.2842584628787072,470544000,before_trump
2013-02-01,0.2854121923446655,0.2863351253320952,0.28287416101058505,0.2851814522215379,288816000,before_trump
2013-02-04,0.2805667817592621,0.2895652311613611,0.28033606921361165,0.2837970049440177,511744000,before_trump
2013-02-05,0.28702712059020996,0.28864224548476897,0.2810281834999357,0.28195108843534267,367296000,before_trump
2013-02-06,0.28471994400024414,0.28702723476160164,0.2784902644455939,0.28010536247752904,530688000,before_trump
2013-02-07,0.2835661470890045,0.2861041765722694,0.2807974051559361,0.2837968870438689,440000000,before_trump
2013-02-08,0.2854120433330536,0.28771933333938665,0.28356620582697384,0.2854120433330536,307232000,before_trump
2013-02-11,0.2886422276496887,0.29164170976202136,0.28495055312603884,0.28771929526624485,408308000,before_trump
2013-02-12,0.2867964208126068,0.290026615734678,0.28564277583971487,0.28610422832785853,277804000,before_trump
2013-02-13,0.2854120433330536,0.29233391335205283,0.28448913833254696,0.28702714083647346,856396000,before_trump
2013-02-14,0.2937183976173401,0.2939491376979765,0.27802881477111,0.28148975095020157,882096000,before_trump
2013-02-15,0.2937183976173401,0.295102783091007,0.2872579779153541,0.2930262048805066,733860000,before_trump
2013-02-19,0.2897959351539612,0.29417977553165,0.2879500974930669,0.2939490630147062,433552000,before_trump
2013-02-20,0.2856427729129791,0.2953333850849669,0.2847198404410826,0.2907188052406808,713012000,before_trump
2013-02-21,0.2835661470890045,0.28841146610066987,0.28287395472947224,0.2851812442578727,580408000,before_trump
2013-02-22,0.2888730764389038,0.28910381651991907,0.28379704220225,0.28541214025412953,370148000,before_trump
2013-02-25,0.2837969958782196,0.29187251232453076,0.2833355432965875,0.289565221911299,644444000,before_trump
2013-02-26,0.28716304898262024,0.288788055124863,0.2834487255085137,0.28437732021394546,487504000,before_trump
2013-02-27,0.29250237345695496,0.29459169075208985,0.28646660483608954,0.28716304393446784,476980000,before_trump
2013-02-28,0.29389530420303345,0.29830603982506504,0.29041313576233013,0.2915738585758979,591392000,before_trump
2013-03-01,0.2950560450553894,0.2959846122934874,0.28925243063273604,0.2918060043744136,389396000,before_trump
2013-03-04,0.29389530420303345,0.29668103342083313,0.2906452637207548,0.2929667093478903,353680000,before_trump
2013-03-05,0.297145277261734,0.29760956079028994,0.29412739281540373,0.29552027107488266,366168000,before_trump
2013-03-06,0.29691317677497864,0.30178819578608035,0.29552029838677035,0.2990024666834774,342928000,before_trump
2013-03-07,0.29621660709381104,0.30155593499815153,0.29459160147261215,0.29853805160232416,314824000,before_trump
2013-03-08,0.29760947823524475,0.2990023561083479,0.2955201890993935,0.2969130669724966,246464000,before_trump
2013-03-11,0.29482385516166687,0.29598457791136584,0.2922702540428039,0.29459172721601506,299748000,before_trump
2013-03-12,0.2957523763179779,0.2966809432169817,0.29157376992484824,0.2943594982956659,310856000,before_trump
2013-03-13,0.2957523763179779,0.30085954961011135,0.2929666202733539,0.2957523763179779,485840000,before_trump
2013-03-14,0.29598450660705566,0.29853810711074213,0.2941273451201752,0.2976095125303986,383304000,before_trump
2013-03-15,0.29343104362487793,0.29598461741070375,0.2922702930464628,0.29598461741070375,355776000,before_trump
2013-03-18,0.29134172201156616,0.29412745141168795,0.28925243187992894,0.2915738776589999,298312000,before_trump
2013-03-19,0.2894844710826874,0.2929666386834817,0.28739518159173405,0.29157378824744884,355480000,before_trump
2013-03-20,0.29296666383743286,0.2938952585483248,0.2897166515338372,0.2922702247227165,340588000,before_trump
2013-03-21,0.28832384943962097,0.29180601825889885,0.2878595657984808,0.29134173461775864,339032000,before_trump
2013-03-22,0.2897166311740875,0.29087735372577517,0.2880916251364865,0.28925234768817415,232476000,before_trump
2013-03-25,0.2880916893482208,0.29157385777941197,0.2860023716852173,0.2913417021478067,362076000,before_trump
2013-03-26,0.29018092155456543,0.2904130771399423,0.2876273208106568,0.28878804338992264,232540000,before_trump
2013-03-27,0.29366305470466614,0.295288060589483,0.28832372593414846,0.2890201649344431,254944000,before_trump
2013-03-28,0.2978416681289673,0.2980738236925321,0.2908773333077013,0.2929666226845585,349276000,before_trump
2013-04-01,0.2880916893482208,0.29714531619979195,0.2860023716852173,0.29714531619979195,442828000,before_trump
2013-04-02,0.28507381677627563,0.2890202689667218,0.2832166546649434,0.28832382971574516,371524000,before_trump
2013-04-03,0.28159165382385254,0.28623454535808046,0.2795023360291601,0.2846095111820475,353156000,before_trump
2013-04-04,0.2843773066997528,0.28530587368724686,0.2797344164146644,0.2806629834021585,294676000,before_trump
2013-04-05,0.2892524302005768,0.2892524302005768,0.2795023358460331,0.2801987751104743,551352000,before_trump
2013-04-08,0.28855592012405396,0.28948448713289276,0.28321659063870674,0.28948448713289276,326660000,before_trump
2013-04-09,0.2931987941265106,0.2952880836165147,0.28669874240655285,0.28878803189655694,380584000,before_trump
2013-04-10,0.2978416681289673,0.29830595158229034,0.29273449479480024,0.29343093381168817,384688000,before_trump
2013-04-11,0.29644882678985596,0.29830598850683576,0.2855380397540883,0.29366309805129126,969220000,before_trump
2013-04-12,0.30387741327285767,0.30712742487638967,0.2952880454978862,0.2978416458105217,770548000,before_trump
2013-04-15,0.29760947823524475,0.30387740099040544,0.29575234463617844,0.3029488065170689,430420000,before_trump
2013-04-16,0.30085960030555725,0.30294889001726844,0.29877028292003505,0.30039531677782266,468844000,before_trump
2013-04-17,0.29691317677497864,0.30132391221461546,0.2950560148153055,0.2985381831120125,532948000,before_trump
2013-04-18,0.29110953211784363,0.2994667470088781,0.29110953211784363,0.29760958506933566,402548000,before_trump
2013-04-19,0.29180583357810974,0.2927344279465104,0.28716294475750725,0.29087726688350934,303028000,before_trump
2013-04-22,0.2922702729701996,0.29482387425443357,0.28925241576459676,0.2915738614143313,245568000,before_trump
2013-04-23,0.2999310791492462,0.3029489363782563,0.2943595929423804,0.29482387654116543,376948000,before_trump
2013-04-24,0.31014537811279297,0.3126989789977041,0.30062744136773606,0.30085959696593184,556556000,before_trump
2013-04-25,0.31269899010658264,0.31339542925210095,0.30898466644635963,0.3117704230284328,353224000,before_trump
2013-04-26,0.31130605936050415,0.3126989374168409,0.30968105341064933,0.31223465395599764,324332000,before_trump
2013-04-29,0.31502047181129456,0.31618119462976946,0.3103775805373949,0.3117704589890907,269712000,before_trump
2013-04-30,0.3196633458137512,0.3196633458137512,0.3136275764142689,0.31571689397892666,276712000,before_trump
2013-05-01,0.316877543926239,0.32175258944982893,0.31571682143717544,0.31966327236523023,341316000,before_trump
2013-05-02,0.32059192657470703,0.3215204936691018,0.31478828537639725,0.3166454472389989,323480000,before_trump
2013-05-03,0.3219846785068512,0.324306123204975,0.3208239561577893,0.32268111745104905,293864000,before_trump
2013-05-06,0.3210562467575073,0.32384197603238224,0.31919908468298563,0.3219848139578605,217116000,before_trump
2013-05-07,0.31687772274017334,0.32175277101475047,0.31385983703085524,0.32105633159355046,448068000,before_trump
2013-05-08,0.322681188583374,0.3245383502860293,0.3161811364609854,0.3173418590659187,334032000,before_trump
2013-05-09,0.32291337847709656,0.3243062291466937,0.3164133256642048,0.31687760922073727,566800000,before_trump
2013-05-10,0.33753859996795654,0.33893147876355795,0.32964566624925135,0.32964566624925135,861136000,before_trump
2013-05-13,0.3305742144584656,0.33660998481836957,0.32918133586038995,0.33521710622029394,289812000,before_trump
2013-05-14,0.33544909954071045,0.3382348277149189,0.3312704934424956,0.33452050503343805,454140000,before_trump
2013-05-15,0.34125271439552307,0.3424134367843321,0.3338240689681013,0.3338240689681013,313172000,before_trump
2013-05-16,0.33962783217430115,0.34427072341905524,0.3384670816892979,0.34078855498548966,308368000,before_trump
2013-05-17,0.34519925713539124,0.3475207025327309,0.3386992044880777,0.3412528054946762,312116000,before_trump
2013-05-20,0.34450283646583557,0.3458957148484995,0.3426456745135548,0.3438063972745036,236380000,before_trump
2013-05-21,0.3481192886829376,0.3495192420089839,0.3425195310075107,0.34648602834546965,357784000,before_trump
2013-05-22,0.335986465215683,0.3495192455172405,0.33458651187558486,0.3495192455172405,480404000,before_trump
2013-05-23,0.34135302901268005,0.3425196479110982,0.33108676601796755,0.3320200500109466,393884000,before_trump
2013-05-24,0.33925312757492065,0.3422863425353668,0.3355199356521576,0.33948646250048997,283304000,before_trump
2013-05-28,0.33901968598365784,0.3427528767318479,0.3357531649397782,0.3418195929519915,279300000,before_trump
2013-05-29,0.33691975474357605,0.33901965697576797,0.3355198013791949,0.33691975474357605,335052000,before_trump
2013-05-30,0.34135302901268005,0.3448528857079344,0.33551990670620097,0.3364532185135686,284504000,before_trump
2013-05-31,0.33761975169181824,0.3443861284589346,0.33761975169181824,0.3394863470182446,577508000,before_trump
2013-06-03,0.3371531069278717,0.3406529627045703,0.3301533675600933,0.3380863906759055,444468000,before_trump
2013-06-04,0.33761975169181824,0.3453194400293385,0.33551982151919557,0.33925301217204823,363676000,before_trump
2013-06-05,0.3303866684436798,0.33971961622220426,0.32945335697720035,0.3371530722717371,464520000,before_trump
2013-06-06,0.332486629486084,0.33505320170573666,0.3301533921279937,0.33038672698955607,341044000,before_trump
2013-06-07,0.3371531069278717,0.33925300926813834,0.33341991630697404,0.33481984192902475,274584000,before_trump
2013-06-10,0.33691975474357605,0.33901965697576797,0.3343531828470038,0.3362197780613855,224148000,before_trump
2013-06-11,0.3306199908256531,0.3371530595877156,0.3306199908256531,0.33248655805963323,296336000,before_trump
2013-06-12,0.32782018184661865,0.3350532293798745,0.325953586243096,0.33225334988178323,312588000,before_trump
2013-06-13,0.33528655767440796,0.3369198183650123,0.3264202495926324,0.3266535566544987,236256000,before_trump
2013-06-14,0.3348199129104614,0.3369198435102922,0.332486675231352,0.33645320153734776,236012000,before_trump
2013-06-17,0.33808642625808716,0.341119640480002,0.3355198539593014,0.3373864494662016,255336000,before_trump
2013-06-18,0.335986465215683,0.34345281812932116,0.3331865585354868,0.3397196277653124,486772000,before_trump
2013-06-19,0.34625279903411865,0.36118553707637807,0.3378531321469485,0.3390197510027006,1159588000,before_trump
2013-06-20,0.33691975474357605,0.34391946593672224,0.334586517679194,0.3434528240867218,628696000,before_trump
2013-06-21,0.3364531695842743,0.3399530257705559,0.33085338299759304,0.33878640704179536,714228000,before_trump
2013-06-24,0.32945337891578674,0.3357531413373001,0.3245535976944077,0.33155330899441793,580772000,before_trump
2013-06-25,0.3317866623401642,0.3336532298727964,0.3282867786805244,0.33295328095525023,457360000,before_trump
2013-06-26,0.3299200236797333,0.3359864508075048,0.32852007039966963,0.3355197811712315,579752000,before_trump
2013-06-27,0.32688698172569275,0.3313201230825843,0.32338712450254914,0.3308534810157103,808036000,before_trump
2013-06-28,0.327586829662323,0.3308533506578074,0.3226870203547146,0.3268868529306101,431536000,before_trump
2013-07-01,0.3289867043495178,0.3306199924086365,0.3268868022940473,0.32992001578535385,199524000,before_trump
2013-07-02,0.3287535011768341,0.33365328345848555,0.32572028672759107,0.3271202126018974,256392000,before_trump
2013-07-03,0.3296867609024048,0.33365325897681186,0.3259535698827369,0.3259535698827369,140388000,before_trump
2013-07-05,0.3322533965110779,0.33295337343743364,0.3285202047801068,0.33062013555917413,184684000,before_trump
2013-07-08,0.3306199908256531,0.3348197949164857,0.3287533957772956,0.33318653467956444,262084000,before_trump
2013-07-09,0.3322533965110779,0.3343532994757557,0.33038680064559234,0.3313200846711404,157364000,before_trump
2013-07-10,0.33668649196624756,0.3376198036803679,0.3313200400068091,0.3322533517209295,208468000,before_trump
2013-07-11,0.34135302901268005,0.3418196710091696,0.33785314450303716,0.33855312140496574,239832000,before_trump
2013-07-12,0.3415863513946533,0.34485290114508244,0.3394864484092551,0.3406530673598963,216360000,before_trump
2013-07-15,0.34088632464408875,0.3422862783060241,0.3355198726925175,0.3422862783060241,201332000,before_trump
2013-07-16,0.3427529036998749,0.3446194992208349,0.3406530011227851,0.34228626177323096,162560000,before_trump
2013-07-17,0.34088632464408875,0.3439195390353582,0.3399530407457223,0.3427529202552073,166100000,before_trump
2013-07-18,0.33948639035224915,0.34158629297853405,0.3350532224093137,0.3404196742274013,344488000,before_trump
2013-07-19,0.3322533965110779,0.3390197752322748,0.3287535396936886,0.337386514280371,480532000,before_trump
2013-07-22,0.33201998472213745,0.33785307806720155,0.33062005900795194,0.3348198639648916,292384000,before_trump
2013-07-23,0.3315534293651581,0.3362199052593327,0.329920168365075,0.3362199052593327,246792000,before_trump
2013-07-24,0.3315534293651581,0.33551992831232846,0.3310867873386187,0.33458664425924967,284252000,before_trump
2013-07-25,0.33271992206573486,0.3371530891713714,0.32898673164144937,0.3313199687030329,243320000,before_trump
2013-07-26,0.33131998777389526,0.33341991793882075,0.32875344354705033,0.32875344354705033,227360000,before_trump
2013-07-29,0.3306199908256531,0.3348197949164857,0.32968667939428564,0.3306199908256531,179540000,before_trump
2013-07-30,0.3362199068069458,0.3406530756154517,0.33155343089129147,0.3317867658128304,266076000,before_trump
2013-07-31,0.33691975474357605,0.340186275507959,0.3343531828470038,0.334586517679194,270160000,before_trump
2013-08-01,0.3415863513946533,0.342286328327916,0.33411999567342787,0.3380864945427298,277648000,before_trump
2013-08-02,0.34438619017601013,0.3450861670256598,0.33855309611957374,0.3408863337421483,209628000,before_trump
2013-08-05,0.3460195064544678,0.3471861253591169,0.34158633792816795,0.3434529337384843,185188000,before_trump
2013-08-06,0.34088632464408875,0.3469527534266277,0.34018634781312107,0.34625277659566,206608000,before_trump
2013-08-07,0.34065312147140503,0.3441529788792681,0.33878652529099923,0.3390198324295536,244380000,before_trump
2013-08-08,0.34298625588417053,0.34461951661706264,0.3385530878213083,0.3425196139339708,345696000,before_trump
2013-08-09,0.33808642625808716,0.34321954304127456,0.3292201184610994,0.3294534255154718,906224000,before_trump
2013-08-12,0.3352864682674408,0.3401862490326858,0.3058876446040825,0.3243202326667975,257568000,before_trump
2013-08-13,0.3364531695842743,0.33785309537015623,0.33365326238374143,0.33575319278414106,197468000,before_trump
2013-08-14,0.35068589448928833,0.3527857968674508,0.33551982470218605,0.335753159550596,828508000,before_trump
2013-08-15,0.35301926732063293,0.3558191475051573,0.34555288307604465,0.34695283707550306,723616000,before_trump
2013-08-16,0.3544190526008606,0.3593188336376665,0.35161914593482385,0.352319122601333,660456000,before_trump
2013-08-19,0.34881922602653503,0.35348569950150527,0.34858589122703615,0.3523190811327627,393432000,before_trump
2013-08-20,0.3505780100822449,0.3529230112503172,0.3482330089141725,0.34870200355686315,234192000,before_trump
2013-08-21,0.3489365875720978,0.3529230847976624,0.3475295753961927,0.3484675648770462,261540000,before_trump
2013-08-22,0.35081252455711365,0.35409551504029113,0.3487020067139688,0.3487020067139688,129016000,before_trump
2013-08-23,0.35081252455711365,0.35409551504029113,0.3501090186093987,0.35128151920405054,245120000,before_trump
2013-08-26,0.35151606798171997,0.3524540854048164,0.350109083779012,0.351047073247484,300152000,before_trump
2013-08-27,0.34706050157546997,0.35057800325911914,0.3458880010142536,0.3482330021366864,277464000,before_trump
2013-08-28,0.34706050157546997,0.3503434919650285,0.34565348972016297,0.34776400750312353,318824000,before_trump
2013-08-29,0.3463570177555084,0.3496400363092378,0.3449500058103929,0.34588802309201,276216000,before_trump
2013-08-30,0.34588804841041565,0.34752954383012485,0.34424655299070644,0.3465915544344688,378120000,before_trump
2013-09-03,0.34612247347831726,0.3510469868625418,0.3440119837162882,0.34682597938386617,284680000,before_trump
2013-09-04,0.34940555691719055,0.35151604707302964,0.34565354335722903,0.3461225380635685,222080000,before_trump
2013-09-05,0.35034358501434326,0.3517505972433449,0.3477640998673413,0.347998583269091,174904000,before_trump
2013-09-06,0.3489365875720978,0.35245409005723566,0.34635707456781345,0.35057808314090383,226756000,before_trump
2013-09-09,0.3547990918159485,0.3547990918159485,0.35081259458923836,0.3517505840703614,246408000,before_trump
2013-09-10,0.36230307817459106,0.3625375895135403,0.35573706818487344,0.3573785916482707,292132000,before_trump
2013-09-11,0.3684001564979553,0.3693381740596836,0.35925463203290453,0.3618341453843716,396164000,before_trump
2013-09-12,0.368165522813797,0.37285552484441836,0.3665239997393858,0.3665239997393858,303808000,before_trump
2013-09-13,0.3705105185508728,0.37215201364728234,0.3667585057979795,0.3693380180599207,159696000,before_trump
2013-09-16,0.3707452118396759,0.3761387227434749,0.36933822722648874,0.3735592369753154,231412000,before_trump
2013-09-17,0.3719175457954407,0.37496605301880853,0.37051056181477704,0.3721520571028613,168608000,before_trump
2013-09-18,0.37520062923431396,0.3761386187170245,0.3702761145635215,0.37215212148356747,268168000,before_trump
2013-09-19,0.3735591173171997,0.3775456143762278,0.37191759386234374,0.37684210831766435,227572000,before_trump
2013-09-20,0.37027621269226074,0.3768422246752005,0.3695727064164757,0.3744972223923386,356036000,before_trump
2013-09-23,0.36675864458084106,0.3730901440369223,0.3646481261257291,0.3700416360159566,271244000,before_trump
2013-09-24,0.368165522813797,0.36957250665021313,0.3648825046195918,0.36699302230614167,229732000,before_trump
2013-09-25,0.3686346113681793,0.37144860771274296,0.36582058706899145,0.3674621105617258,233156000,before_trump
2013-09-26,0.3674619495868683,0.3702759446986989,0.3653514322870363,0.36957243893208824,148816000,before_trump
2013-09-27,0.3653515577316284,0.36769655912241944,0.3632410676617651,0.36464805172346676,151920000,before_trump
2013-09-30,0.3648827075958252,0.3674622213294406,0.3594891966693956,0.36159971552998077,226640000,before_trump
2013-10-01,0.36464807391166687,0.3669931033997705,0.3625375837133839,0.3653515799626356,226976000,before_trump
2013-10-02,0.36441361904144287,0.3658206032988342,0.36089611646602626,0.36089611646602626,162036000,before_trump
2013-10-03,0.3606615960597992,0.36793111238171067,0.3590201004900651,0.36464809328761766,436768000,before_trump
2013-10-04,0.3655862510204315,0.36863475993675715,0.3592547217501261,0.36019273954610703,246228000,before_trump
2013-10-07,0.3655862510204315,0.3681657650160845,0.36230323066645176,0.36417923830377796,169952000,before_trump
2013-10-08,0.3625377118587494,0.36980723036392754,0.3597237146148406,0.3646482028030227,290712000,before_trump
2013-10-09,0.35690951347351074,0.36511704565041336,0.355033534872113,0.36488253434792894,275860000,before_trump
2013-10-10,0.36089617013931274,0.36183415978374023,0.35690964426392174,0.35948915771804185,223484000,before_trump
2013-10-11,0.3578476309776306,0.3597236380591996,0.35409561681449264,0.35526811774614486,213704000,before_trump
2013-10-14,0.363241046667099,0.363241046667099,0.35690952091421646,0.35690952091421646,166628000,before_trump
2013-10-15,0.36136507987976074,0.36535157686191944,0.3611305685465536,0.3632410866815481,208820000,before_trump
2013-10-16,0.36582064628601074,0.36722765866336404,0.3630066494859329,0.36347564429350776,210072000,before_trump
2013-10-17,0.3665241301059723,0.3674621476185042,0.3630066273318886,0.3630066273318886,213324000,before_trump
2013-10-18,0.3707452118396759,0.37191771299464815,0.36441371119375215,0.3658206958069393,255068000,before_trump
2013-10-21,0.3716830313205719,0.3754350162427973,0.37051053079088564,0.3752005329096307,195008000,before_trump
2013-10-22,0.3698071539402008,0.37191764444832365,0.3665241345385762,0.37168316103332527,179452000,before_trump
2013-10-23,0.36347565054893494,0.3691036722005778,0.3623031495325047,0.3691036722005778,252216000,before_trump
2013-10-24,0.36089617013931274,0.36675867530355866,0.36019266392867727,0.3644136732378603,236436000,before_trump
2013-10-25,0.35737863183021545,0.36300662505154446,0.35620613091288633,0.3627721416408548,330492000,before_trump
2013-10-28,0.35667502880096436,0.3585510353500141,0.35175051510403615,0.35690951214795846,394024000,before_trump
2013-10-29,0.35714396834373474,0.3578474741854078,0.3529229612483116,0.3562059791912474,387952000,before_trump
2013-10-30,0.35690951347351074,0.35995802063271126,0.3538610063143102,0.35831652537917846,204032000,before_trump
2013-10-31,0.35620608925819397,0.3599580749821143,0.355502583199139,0.357378590038411,293368000,before_trump
2013-11-01,0.3578476309776306,0.35948912669101823,0.35526811774614486,0.3580821143911847,206136000,before_trump
2013-11-04,0.3475296199321747,0.35902014629557955,0.3468261137540677,0.35902014629557955,410264000,before_trump
2013-11-05,0.34706056118011475,0.34870205665680665,0.34166705208130727,0.3454190657034229,422368000,before_trump
2013-11-06,0.3494056165218353,0.3496401278923214,0.3435431118059577,0.34706061463548427,198044000,before_trump
2013-11-07,0.34119802713394165,0.34917102043117837,0.3404945211478041,0.3482330310860755,553076000,before_trump
2013-11-08,0.3648826479911804,0.36605514895954094,0.3503436136198076,0.35175062596369144,734532000,before_trump
2013-11-11,0.36793115735054016,0.3688691469465658,0.3627721586631427,0.36347563688284784,297624000,before_trump
2013-11-12,0.3686346709728241,0.3716831791534423,0.36441366179617035,0.369572660587801,316032000,before_trump
2013-11-13,0.3787181079387665,0.3787181079387665,0.3669931003682196,0.36769657845875386,332792000,before_trump
2013-11-14,0.38035956025123596,0.38270456149927606,0.3773110530378599,0.37754556434451186,307980000,before_trump
2013-11-15,0.37918713688850403,0.3822356447230289,0.3754351229453002,0.38176664996878484,450332000,before_trump
2013-11-18,0.3700416386127472,0.37426264759796496,0.369103649040311,0.3709796561398109,316948000,before_trump
2013-11-19,0.3640294075012207,0.3715740454730839,0.36355787289785696,0.36827327514352326,206716000,before_trump
2013-11-20,0.35860681533813477,0.3652083864235448,0.35789949913147934,0.3642652887793295,204776000,before_trump
2013-11-21,0.36143600940704346,0.36214332553023115,0.35742792218367425,0.359078307733765,213568000,before_trump
2013-11-22,0.3578994572162628,0.361907544443206,0.3571921410924444,0.361907544443206,158668000,before_trump
2013-11-25,0.36567986011505127,0.36615139480538883,0.3578994393534131,0.3578994393534131,248208000,before_trump
2013-11-26,0.3687448799610138,0.3727529670118225,0.3673302477755426,0.36968794934731475,753176000,before_trump
2013-11-27,0.37015947699546814,0.3713383276694084,0.36615136221925754,0.3685090635671381,181272000,before_trump
2013-11-29,0.3678017854690552,0.3711025845600745,0.36544408387804994,0.37015951516608037,116964000,before_trump
2013-12-02,0.37133827805519104,0.37393173232774,0.36567977871269514,0.3663870946437588,373872000,before_trump
2013-12-03,0.37110257148742676,0.37628950918371656,0.36874486997947514,0.37133835288062955,290560000,before_trump
2013-12-04,0.3762895166873932,0.3769968327750872,0.3692164120224919,0.37015950950809046,493176000,before_trump
2013-12-05,0.37015947699546814,0.3769967996619149,0.3696879142410784,0.3769967996619149,271812000,before_trump
2013-12-06,0.3647368550300598,0.3746391976968082,0.3637937573771162,0.3746391976968082,281000000,before_trump
2013-12-09,0.35860681533813477,0.36591570263020023,0.35789949913147934,0.3647368516544493,385220000,before_trump
2013-12-10,0.36685869097709656,0.36850907635668817,0.3581352013083828,0.35860673597312065,524268000,before_trump
2013-12-11,0.3633222281932831,0.3680376322124729,0.3626149119691996,0.3675660974317589,414156000,before_trump
2013-12-12,0.35624924302101135,0.3640296679133659,0.35554192655697286,0.36214350004460805,258724000,before_trump
2013-12-13,0.3541272282600403,0.3595499493419682,0.35365569340640074,0.3569564935939361,184588000,before_trump
2013-12-16,0.35459861159324646,0.35766362899126164,0.3541270769410943,0.354362858320179,237620000,before_trump
2013-12-17,0.35624924302101135,0.357192312902373,0.3512980558787763,0.3543630751522535,274104000,before_trump
2013-12-18,0.361200213432312,0.36190752952697797,0.3524767232141509,0.35695637307635564,426232000,before_trump
2013-12-19,0.36261484026908875,0.3630863749565658,0.3583709718697563,0.36072867341316106,258544000,before_trump
2013-12-20,0.36992380023002625,0.3701595816738984,0.3623791312984175,0.3633222289678811,382080000,before_trump
2013-12-23,0.37204569578170776,0.3751107138158065,0.36898070585363213,0.37204569578170776,168568000,before_trump
2013-12-24,0.37298864126205444,0.3741674917092893,0.36921630858849824,0.3741674917092893,79600000,before_trump
2013-12-26,0.36945220828056335,0.3755822438124489,0.36850911075703136,0.3744033929875495,168920000,before_trump
2013-12-27,0.37157419323921204,0.37228150947854755,0.3692164911787774,0.3713384398967839,210976000,before_trump
2013-12-30,0.37652531266212463,0.3767610940691572,0.3713383746615934,0.3718099093696379,248180000,before_trump
2013-12-31,0.37770405411720276,0.3795902205092429,0.3748748185821487,0.3772325195456958,235776000,before_trump
2014-01-02,0.3739318251609802,0.376761089587635,0.37063105413791003,0.3753464573743076,260092000,before_trump
2014-01-03,0.36945220828056335,0.3753464624050608,0.36827335745566386,0.374639146288917,259332000,before_trump
2014-01-06,0.37440329790115356,0.37723253354117336,0.3696878676931026,0.3732244192696307,409492000,before_trump
2014-01-07,0.380533367395401,0.38194799950494424,0.3755822112240361,0.37817566595017443,333288000,before_trump
2014-01-08,0.3857203423976898,0.3876065092207373,0.3805333766078045,0.38194800875159485,308192000,before_trump
2014-01-09,0.37133827805519104,0.38053330084097853,0.3701594275387561,0.37982598490991487,292172000,before_trump
2014-01-10,0.3708668351173401,0.3751107039680612,0.3675660638479028,0.37251724885808113,218492000,before_trump
2014-01-13,0.36214327812194824,0.3732244689145109,0.3614359620913555,0.3708667675498798,243332000,before_trump
2014-01-14,0.3734602928161621,0.374167608927291,0.3623790726558569,0.3640294862838312,241828000,before_trump
2014-01-15,0.3774683475494385,0.3788829796501898,0.37346026073866717,0.37511064611886497,175044000,before_trump
2014-01-16,0.3786472678184509,0.3793545839987535,0.3758180312032638,0.377468416886621,220652000,before_trump
2014-01-17,0.37699687480926514,0.3831269107780706,0.37463917299142035,0.3786472604605519,340400000,before_trump
2014-01-21,0.3784114122390747,0.3807691134656222,0.3744033257751471,0.37746831488484633,246076000,before_trump
2014-01-22,0.3779400587081909,0.37959044473636766,0.37346040736767794,0.37911890988632135,337940000,before_trump
2014-01-23,0.37652531266212463,0.3807691812465667,0.37369607630783674,0.3767610940691572,185028000,before_trump
2014-01-24,0.36685869097709656,0.3748748927017126,0.36685869097709656,0.3734602606014809,246696000,before_trump
2014-01-27,0.36450105905532837,0.37204569944790145,0.36237911050033933,0.3668587609346339,233812000,before_trump
2014-01-28,0.368037611246109,0.3682733926760465,0.36237910988181976,0.36379374224939787,167996000,before_trump
2014-01-29,0.36450105905532837,0.36874492805928305,0.36426527762498845,0.366622979504294,162944000,before_trump
2014-01-30,0.3706310987472534,0.37133841493905,0.36544413207809395,0.3666229830290804,202896000,before_trump
2014-01-31,0.37015944719314575,0.37228136699299114,0.3652082635188201,0.3654440167710169,335348000,before_trump
2014-02-03,0.36520832777023315,0.3732245018755135,0.36379369558411556,0.37275296718214757,431728000,before_trump
2014-02-04,0.36733028292655945,0.3680375990869804,0.36308641407005615,0.3649725811291712,280692000,before_trump
2014-02-05,0.3640294075012207,0.3659155740206901,0.3612001436690094,0.3647367234592735,214676000,before_trump
2014-02-06,0.3687448501586914,0.3696879194687726,0.3640294473962506,0.36450098205129117,168380000,before_trump
2014-02-07,0.37416768074035645,0.3746392155362694,0.3663872582367024,0.36968802991411887,157248000,before_trump
2014-02-10,0.3753463327884674,0.3802975157856846,0.37346016649876507,0.373695947824732,324372000,before_trump
2014-02-11,0.3831268846988678,0.3840699541194025,0.37558224501652787,0.37746838385759723,235384000,before_trump
2014-02-12,0.39680153131484985,0.39963079558444486,0.38430570781086754,0.38430570781086754,744528000,before_trump
2014-02-13,0.409297376871109,0.4116551065914751,0.3996308171159032,0.40670392195894073,902836000,before_trump
2014-02-14,0.42226481437683105,0.42320788389299246,0.40528933823773716,0.4055251196697893,817536000,before_trump
2014-02-18,0.4220290184020996,0.42391518547545065,0.4184924656793249,0.4225005812499544,428988000,before_trump
2014-02-19,0.4276874363422394,0.43145976975438727,0.4201427695179436,0.42202893622401755,450340000,before_trump
2014-02-20,0.44277676939964294,0.4437198387582751,0.42792324431206336,0.428630532278028,398088000,before_trump
2014-02-21,0.43947598338127136,0.4477279669895274,0.4366467471159943,0.4420694663529535,451052000,before_trump
2014-02-24,0.44584184885025024,0.4491426201695783,0.43452487444594684,0.4385329619354231,403112000,before_trump
2014-02-25,0.44382864236831665,0.44714434512575846,0.4390919483430484,0.44524966186906645,242184000,before_trump
2014-02-26,0.44311824440956116,0.449512776902904,0.44169722464085,0.44288139837046636,360884000,before_trump
2014-02-27,0.43814465403556824,0.4476180428040371,0.43696048043950964,0.4431181944321846,388848000,before_trump
2014-02-28,0.4353027045726776,0.44003939962634625,0.4289081436638813,0.43577636843145856,321692000,before_trump
2014-03-03,0.4331710636615753,0.4331710636615753,0.4218029928044257,0.425592359167783,375948000,before_trump
2014-03-04,0.4376710057258606,0.44051301681034916,0.4345921486206119,0.4353026584499657,260344000,before_trump
2014-03-05,0.44146034121513367,0.4416971872341703,0.4353026552823709,0.4371973105029586,241472000,before_trump
2014-03-06,0.4353027045726776,0.44453924863415967,0.4345921946680414,0.4421709011073253,290144000,before_trump
2014-03-07,0.43482887744903564,0.43790773392439686,0.43151320323429015,0.43719722424040264,268452000,before_trump
2014-03-10,0.42843449115753174,0.4353027161070996,0.426539807439274,0.4334080323888419,300888000,before_trump
2014-03-11,0.4326973855495453,0.4364867517870143,0.4291448652892636,0.43056585645362344,297220000,before_trump
2014-03-12,0.43388161063194275,0.4364868037595183,0.42890807038218015,0.43056590772112613,239428000,before_trump
2014-03-13,0.42014509439468384,0.4364867026937309,0.418013565538503,0.43482883750572865,385172000,before_trump
2014-03-14,0.4220398962497711,0.42582926338254157,0.4158822099501792,0.4158822099501792,460048000,before_trump
2014-03-17,0.4220398962497711,0.42630292721590585,0.42156623241640684,0.4232240699496459,299656000,before_trump
2014-03-18,0.43198689818382263,0.4348289088923904,0.42180300059794235,0.4236976838146284,293904000,before_trump
2014-03-19,0.4395657181739807,0.4478549629514651,0.43411851308383054,0.4353027151088399,366168000,before_trump
2014-03-20,0.4398025870323181,0.4435919546566479,0.43530273768224165,0.4371973932614749,191800000,before_trump
2014-03-21,0.4390919804573059,0.4471443778289513,0.4367236332714559,0.44359185705017623,566116000,before_trump
2014-03-24,0.4369605481624603,0.4428814170604076,0.43056598716633326,0.43932889572163925,306096000,before_trump
2014-03-25,0.4369605481624603,0.44217090714606794,0.43364484463985187,0.44169724328081816,304424000,before_trump
2014-03-26,0.42701342701911926,0.44927590899186837,0.4232240599756517,0.4409866932880945,557756000,before_trump
2014-03-27,0.42132943868637085,0.4296186550590499,0.416592715383339,0.4260661337564732,540728000,before_trump
2014-03-28,0.42393457889556885,0.42653977232280726,0.4194347301389875,0.4206189038362908,398820000,before_trump
2014-03-31,0.42417141795158386,0.42843444883834453,0.42180307059593103,0.4246450817761289,273404000,before_trump
2014-04-01,0.44169729948043823,0.4469076591269891,0.4324607258846615,0.4376711137641459,656272000,before_trump
2014-04-02,0.43885520100593567,0.4426445398944827,0.4369605174451982,0.4416972122305779,239948000,before_trump
2014-04-03,0.44359177350997925,0.45424933383920063,0.4395655614659372,0.439802407433088,599548000,before_trump
2014-04-04,0.42985543608665466,0.44856539572328546,0.42796075269861383,0.4459602025356137,368032000,before_trump
2014-04-07,0.43127647042274475,0.4395656863675005,0.42772394930356367,0.4300922967163511,428576000,before_trump
2014-04-08,0.4466707408428192,0.4478549145068058,0.43056594513308905,0.43127645497806644,470692000,before_trump
2014-04-09,0.44619712233543396,0.45259168376128844,0.44264460075792894,0.448802316118777,421968000,before_trump
2014-04-10,0.4353027045726776,0.4504601174512455,0.4338816847634052,0.44430243082123394,372748000,before_trump
2014-04-11,0.4291449189186096,0.4386183074632304,0.42346086885208223,0.43198692983541087,353112000,before_trump
2014-04-14,0.43388161063194275,0.43553944797088867,0.42914491638756874,0.4319869272876082,290184000,before_trump
2014-04-15,0.4369605481624603,0.43932889572163925,0.4300923233010835,0.4343553545541915,304636000,before_trump
2014-04-16,0.4379078447818756,0.4395656823089341,0.43246064013617375,0.43909201847733564,235136000,before_trump
2014-04-17,0.4395657181739807,0.44359193165339406,0.4353027151088399,0.43625004284933117,153532000,before_trump
2014-04-21,0.44311824440956116,0.44430241813917754,0.43696052972238436,0.439802541026878,117004000,before_trump
2014-04-22,0.44690755009651184,0.44974958942211674,0.44146034569967135,0.44382869298239097,255120000,before_trump
2014-04-23,0.4521179795265198,0.45330215328003687,0.4469075924247012,0.44761810232339727,261580000,before_trump
2014-04-24,0.4561440944671631,0.46088078875252253,0.45519676690326116,0.45519676690326116,391492000,before_trump
2014-04-25,0.44359177350997925,0.4594597192531561,0.44264441787429637,0.4551966894748835,313600000,before_trump
2014-04-28,0.44169729948043823,0.44951285306673133,0.4362500937546622,0.44714450520621424,226788000,before_trump
2014-04-29,0.44264453649520874,0.4443024022437025,0.4376710239485107,0.44335504635414497,171300000,before_trump
2014-04-30,0.4374341666698456,0.4424077073215833,0.43648683903757507,0.441934043505448,305740000,before_trump
2014-05-01,0.4398025870323181,0.44501294634107286,0.43625006547185824,0.44406561855145626,198104000,before_trump
2014-05-02,0.4364868998527527,0.441934105079578,0.4338817061516399,0.441934105079578,156376000,before_trump
2014-05-05,0.44122353196144104,0.44453920689451465,0.4355394814909802,0.43601314530528684,239260000,before_trump
2014-05-06,0.4322237968444824,0.44927589140679713,0.43103962321886435,0.4454865527445751,416188000,before_trump
2014-05-07,0.4326973855495453,0.436249905809827,0.4279606918691697,0.432223721828092,293900000,before_trump
2014-05-08,0.43814465403556824,0.4450128495995379,0.42890808304655575,0.43103961245921657,432728000,before_trump
2014-05-09,0.4274870753288269,0.4289080949767936,0.4194347059448189,0.4248819102847896,539532000,before_trump
2014-05-12,0.44003933668136597,0.44098666426341837,0.42819757250815793,0.4284344185201338,299856000,before_trump
2014-05-13,0.4329342842102051,0.441223527933062,0.4315132927802587,0.4341184578516237,221104000,before_trump
2014-05-14,0.428671270608902,0.4348289850838663,0.42843445281089737,0.4331711475661229,214320000,before_trump
2014-05-15,0.42630288004875183,0.4300922467622578,0.4220398495542888,0.4277238996245478,325896000,before_trump
2014-05-16,0.42535561323165894,0.428434470596957,0.4229872657557264,0.4229872657557264,283960000,before_trump
2014-05-19,0.4390919804573059,0.44146032764315596,0.4279607543303959,0.42985543772566104,360076000,before_trump
2014-05-20,0.4339767396450043,0.4404007256334474,0.43183542043651346,0.4392110975480701,256200000,before_trump
2014-05-21,0.4339767396450043,0.4394490345103339,0.43135954651198594,0.43564221329193825,216712000,before_trump
2014-05-22,0.43588003516197205,0.43825929070449454,0.43302493418353777,0.43302493418353777,130364000,before_trump
2014-05-23,0.4399247467517853,0.4420660936743072,0.43564208126970355,0.43825927360957634,182656000,before_trump
2014-05-27,0.44777634739875793,0.44777634739875793,0.44111442569345904,0.44254199047422504,209680000,before_trump
2014-05-28,0.4515830874443054,0.45443818813416204,0.4451591038013879,0.4494417690176531,224676000,before_trump
2014-05-29,0.4508694112300873,0.4551520774536783,0.449917720230608,0.4513452567298269,171884000,before_trump
2014-05-30,0.452058881521225,0.45324850903721675,0.44848999897324976,0.45086925400523326,239128000,before_trump
2014-06-02,0.45063138008117676,0.4563415812507006,0.4468245603928546,0.4534864806659387,181500000,before_trump
2014-06-03,0.4487279951572418,0.45205894129728913,0.4427798284277957,0.4515830959005625,243212000,before_trump
2014-06-04,0.44920384883880615,0.4525347950402874,0.44730043885383336,0.44753837573806554,161236000,before_trump
2014-06-05,0.4511072039604187,0.4525347400033112,0.44730038445345605,0.44991757640986263,188696000,before_trump
2014-06-06,0.45277273654937744,0.4568174650819086,0.45158310884198816,0.45324858195974077,161052000,before_trump
2014-06-09,0.4532485604286194,0.4575312256443694,0.449203832088229,0.45229686965310184,247456000,before_trump
2014-06-10,0.45562782883644104,0.4577691756873918,0.4496796904109577,0.4515831003797046,217608000,before_trump
2014-06-11,0.46157604455947876,0.4627656723706954,0.45396240387732095,0.45396240387732095,266228000,before_trump
2014-06-12,0.46443113684654236,0.46657245552103177,0.457531278654256,0.4615760358262352,337148000,before_trump
2014-06-13,0.4649069309234619,0.46942753303886586,0.46038632880805797,0.4691895961622275,227852000,before_trump
2014-06-16,0.4634793698787689,0.4665724074835495,0.45943464148619173,0.46276561596940186,198620000,before_trump
2014-06-17,0.46657243371009827,0.46847584375564527,0.46157601424887007,0.46395526971506323,157608000,before_trump
2014-06-18,0.46609655022621155,0.46823789698869217,0.4611001028100501,0.4653827679720513,215536000,before_trump
2014-06-19,0.45538994669914246,0.4599105208192141,0.4520589719701229,0.4575312653111842,474592000,before_trump
2014-06-20,0.4503934681415558,0.4582450164564143,0.44682458512234385,0.4565795433867076,353148000,before_trump
2014-06-23,0.4451591968536377,0.44539710541579586,0.4392110289922219,0.44444541444123054,414200000,before_trump
2014-06-24,0.4382593035697937,0.4480142629256823,0.43635589340730757,0.4444453795071325,275780000,before_trump
2014-06-25,0.4427798390388489,0.4430177759243948,0.4354041643054286,0.4394488928189767,215420000,before_trump
2014-06-26,0.4368317127227783,0.4430177882900216,0.43540417645854235,0.4427798513978344,256908000,before_trump
2014-06-27,0.4373076260089874,0.43992479024464204,0.4337387141186128,0.4363559067172325,302820000,before_trump
2014-06-30,0.4411143362522125,0.44230396387398435,0.43564204351947006,0.43564204351947006,180512000,before_trump
2014-07-01,0.4461107850074768,0.44872797712876417,0.43921092776179194,0.44063849225757773,321180000,before_trump
2014-07-02,0.44444531202316284,0.44634872189663777,0.4418281199017648,0.44444531202316284,179284000,before_trump
2014-07-03,0.4484900236129761,0.4496796511943251,0.4404005390420272,0.4404005390420272,136892000,before_trump
2014-07-07,0.4449211359024048,0.4494417376788443,0.44420735368897135,0.449203800820047,127496000,before_trump
2014-07-08,0.44135230779647827,0.4456349732439153,0.43706964234904117,0.4437315632269475,221940000,before_trump
2014-07-09,0.45467618107795715,0.4565795912269008,0.44182818384481043,0.4451591586962028,387668000,before_trump
2014-07-10,0.45229703187942505,0.4542004424761209,0.44254207029821535,0.4461109545309061,266308000,before_trump
2014-07-11,0.4532485604286194,0.4546761249548562,0.45110724200222463,0.4527727150408606,191188000,before_trump
2014-07-14,0.45895877480506897,0.46014840241611843,0.4534864821216493,0.4551519551045267,272636000,before_trump
2014-07-15,0.46086224913597107,0.462051876913465,0.4565795834644002,0.45967262135847714,395440000,before_trump
2014-07-16,0.46038636565208435,0.4663345327774199,0.45776920161441814,0.4627656495199963,319728000,before_trump
2014-07-17,0.45919668674468994,0.4639552255874455,0.4551519585094555,0.4551519585094555,324832000,before_trump
2014-07-18,0.43873506784439087,0.45324853573971363,0.4380212856201529,0.44967965298148266,567816000,before_trump
2014-07-21,0.44135230779647827,0.4444453455286807,0.43706964234904117,0.43706964234904117,243364000,before_trump
2014-07-22,0.439448744058609,0.4470623531002478,0.4384970535645112,0.4446830985020512,298816000,before_trump
2014-07-23,0.4301697909832001,0.43992474973844836,0.4296939455626187,0.4396868412096389,297352000,before_trump
2014-07-24,0.4308834969997406,0.43373859738064324,0.42779045976919716,0.43254896985835406,254576000,before_trump
2014-07-25,0.42326995730400085,0.4304077236312311,0.4225561749986854,0.4294560044364898,266132000,before_trump
2014-07-28,0.4216044247150421,0.42517330761548955,0.4144666589141472,0.42517330761548955,330352000,before_trump
2014-07-29,0.42303192615509033,0.4287421549623052,0.4216043618625476,0.4218422986989567,217972000,before_trump
2014-07-30,0.43016982078552246,0.4313594486008749,0.4244596186170167,0.4256492464323691,246184000,before_trump
2014-07-31,0.41637006402015686,0.428266340218406,0.41565628177566993,0.42493539422808013,401880000,before_trump
2014-08-01,0.420890748500824,0.42327000420688127,0.4149425808727155,0.416370145641536,219884000,before_trump
2014-08-04,0.41993898153305054,0.4239837101016348,0.4177976629858477,0.42041482694765536,241724000,before_trump
2014-08-05,0.4201769232749939,0.426362998825194,0.4151804754565275,0.4187493586517285,298136000,before_trump
2014-08-06,0.41970109939575195,0.4249354560114373,0.414228805876323,0.41732181544720715,223456000,before_trump
2014-08-07,0.41541850566864014,0.42707684871340257,0.4125633757807264,0.4232700561344655,407696000,before_trump
2014-08-08,0.4520590305328369,0.45443828634909134,0.4335008294934592,0.4335008294934592,894348000,before_trump
2014-08-11,0.4496797025203705,0.45443821338889895,0.4484900748032384,0.4525348033688952,344624000,before_trump
2014-08-12,0.4496797025203705,0.45205895795463474,0.4446832547632308,0.44944179399472134,296152000,before_trump
2014-08-13,0.4522968828678131,0.4561037028070278,0.4475383721252754,0.45039347289820575,256596000,before_trump
2014-08-14,0.44730043411254883,0.4539623548078579,0.4453970241477518,0.4539623548078579,255992000,before_trump
2014-08-15,0.453010618686676,0.4556277823088536,0.4444452888834659,0.44872795378507097,369796000,before_trump
2014-08-18,0.4591967761516571,0.4596726499826585,0.45039353572261,0.4549141102134013,284076000,before_trump
2014-08-19,0.46290087699890137,0.46529065720995844,0.45764333774383403,0.4593162066823158,248260000,before_trump
2014-08-20,0.46003320813179016,0.46337891817616117,0.45883831779203615,0.46122809847154417,221468000,before_trump
2014-08-21,0.4557315409183502,0.4612280414999693,0.45501462959379807,0.4588382611156505,272796000,before_trump
2014-08-22,0.4559704661369324,0.4597941256087207,0.45238579606529034,0.4552535264249189,251224000,before_trump
2014-08-25,0.4566875994205475,0.4609892110274841,0.4557316699032075,0.4578824899508945,153380000,before_trump
2014-08-26,0.4648127853870392,0.465768686237573,0.4562095637785062,0.45788240451115647,269636000,before_trump
2014-08-27,0.4595552384853363,0.46552968993438953,0.4588382986137636,0.4619450190649576,182972000,before_trump
2014-08-28,0.4633788466453552,0.4643347473742249,0.4571654064424167,0.4585992860241498,179704000,before_trump
2014-08-29,0.4648127853870392,0.465768686237573,0.46003319566907364,0.4650517463554566,207932000,before_trump
2014-09-02,0.4660075604915619,0.4660075604915619,0.46170595075070675,0.4660075604915619,192636000,before_trump
2014-09-03,0.470309317111969,0.4719821579535075,0.46529076609891956,0.46839748679802473,259456000,before_trump
2014-09-04,0.47867345809936523,0.4815412172650665,0.46935329778769297,0.4695922872143109,491832000,before_trump
2014-09-05,0.4772396385669708,0.48034635906177625,0.4741329180721654,0.4781955394168654,253792000,before_trump
2014-09-08,0.4729379713535309,0.47771753200976175,0.4710261413933528,0.47676163127388704,319288000,before_trump
2014-09-09,0.466963529586792,0.4738939097657511,0.4664855792095881,0.4707871895812818,198588000,before_trump
2014-09-10,0.46863630414009094,0.47030917295731167,0.46433469437431296,0.4695922332482778,172376000,before_trump
2014-09-11,0.4638567864894867,0.46696350652049534,0.45883823655567063,0.4652906660386993,250720000,before_trump
2014-09-12,0.4569264352321625,0.4667245462916241,0.4564484848486733,0.4667245462916241,262536000,before_trump
2014-09-15,0.45071303844451904,0.45907727014668986,0.4488012083577653,0.45836033030310336,294152000,before_trump
2014-09-16,0.45740437507629395,0.4597941552782628,0.4480842151955593,0.44951809471211146,219936000,before_trump
2014-09-17,0.45764338970184326,0.46194500026780977,0.45405871897827627,0.4562095385054748,173584000,before_trump
2014-09-18,0.4645736813545227,0.46505163166191493,0.45907718159844924,0.46051106100905104,219604000,before_trump
2014-09-19,0.4559704661369324,0.46648551544013755,0.4552535264249189,0.46600756512827035,601316000,before_trump
2014-09-22,0.45142999291419983,0.46529072588170656,0.45095201401070223,0.46529072588170656,221464000,before_trump
2014-09-23,0.4495181739330292,0.4545366961485475,0.44736735427915086,0.44904019501765696,196144000,before_trump
2014-09-24,0.4521469473838806,0.4535808272541646,0.4488012656711302,0.4492792161317468,159592000,before_trump
2014-09-25,0.4423487186431885,0.4528637684591149,0.4413928179728437,0.45166887837697056,298440000,before_trump
2014-09-26,0.4433046877384186,0.446650368874458,0.4418708081152992,0.4437826381166486,241188000,before_trump
2014-09-29,0.4425877034664154,0.4456944233454669,0.43541836304787807,0.43971997299668575,208540000,before_trump
2014-09-30,0.4409148693084717,0.444021589231505,0.4356573301363722,0.4406758798957665,277204000,before_trump
2014-10-01,0.4366132915019989,0.4447385332952921,0.4354184013271953,0.4416318416315458,350976000,before_trump
2014-10-02,0.4347015619277954,0.43804724379462734,0.4246644593504287,0.4358964523785833,288996000,before_trump
2014-10-03,0.43565723299980164,0.443304550640157,0.43565723299980164,0.4373301015388922,239140000,before_trump
2014-10-06,0.4330286383628845,0.4409149195308939,0.4301608790374774,0.43733024886256505,199032000,before_trump
2014-10-07,0.42848801612854004,0.4354183961531046,0.4280100657619839,0.4311167858772419,301896000,before_trump
2014-10-08,0.436374306678772,0.43852512610918354,0.42466436574900895,0.4280100753668395,260172000,before_trump
2014-10-09,0.4280100464820862,0.43494042619446877,0.424425376161745,0.4344624473610148,306956000,before_trump
2014-10-10,0.40267840027809143,0.4260982842760736,0.4024394393118458,0.4246644045248725,691376000,before_trump
2014-10-13,0.40124452114105225,0.41343241271427933,0.40076657075333216,0.405307142169318,397628000,before_trump
2014-10-14,0.410564661026001,0.4217966227643135,0.40435122083624764,0.40674100114177913,376620000,before_trump
2014-10-15,0.416778028011322,0.41892884714859663,0.4019613974043845,0.4045901383653753,404428000,before_trump
2014-10-16,0.4170171022415161,0.42179666331204313,0.4084138809191951,0.40936981022635915,351116000,before_trump
2014-10-17,0.41630011796951294,0.42681516829591365,0.41462727747098477,0.4220356077353028,290716000,before_trump
2014-10-20,0.4198848009109497,0.4237084608688313,0.4134323996593998,0.41630013038359653,200336000,before_trump
2014-10-21,0.43780821561813354,0.4382861660274226,0.4217966632437169,0.4229915535111551,351092000,before_trump
2014-10-22,0.4275321662425995,0.43852516842295197,0.4275321662425995,0.43709128866432095,239512000,before_trump
2014-10-23,0.43709123134613037,0.44019795142347484,0.43183372040131646,0.43494044047866093,214476000,before_trump
2014-10-24,0.4416317939758301,0.44426053498367785,0.437091194708487,0.43971996420476067,210156000,before_trump
2014-10-27,0.4418708086013794,0.44354364917123934,0.43661329745820704,0.44139285822262364,145092000,before_trump
2014-10-28,0.4523858428001404,0.4528637931613835,0.4401979519020868,0.44067590226332987,192580000,before_trump
2014-10-29,0.4495181739330292,0.4531028448677275,0.44545552408295863,0.4504740747869092,168340000,before_trump
2014-10-30,0.4466504454612732,0.45023511664530314,0.4409149829621989,0.44832331480456783,170260000,before_trump
2014-10-31,0.466963529586792,0.4672025190196086,0.4545366488489148,0.45692642922336363,256316000,before_trump
2014-11-03,0.4748498797416687,0.47939048020808755,0.4724600990188482,0.47771761091136655,308732000,before_trump
2014-11-04,0.4810631573200226,0.4827359975590755,0.4700701583403771,0.47795643773982505,360196000,before_trump
2014-11-05,0.4810631573200226,0.4841698769002201,0.47747848745558474,0.4839309160023118,335652000,before_trump
2014-11-06,0.48321399092674255,0.48393093061896936,0.4746107431084459,0.48201907244741493,394088000,before_trump
2014-11-07,0.4729379415512085,0.49444599163734,0.46815838119616304,0.4887105306066562,450800000,before_trump
2014-11-10,0.4784344732761383,0.48154119322493133,0.4712651042082323,0.4724599943048121,293388000,before_trump
2014-11-11,0.47269895672798157,0.47819542806765386,0.46863630784084925,0.4755666870983379,212992000,before_trump
2014-11-12,0.46959230303764343,0.47222104437687606,0.4631398731858236,0.47102615418038046,204584000,before_trump
2014-11-13,0.46720245480537415,0.4719820148973493,0.4633787953364239,0.47126507518586797,225328000,before_trump
2014-11-14,0.4729379415512085,0.4729379415512085,0.46313983142799453,0.4676804308583439,160248000,before_trump
2014-11-17,0.4707872271537781,0.4758057777360118,0.46768050672136824,0.4707872271537781,158732000,before_trump
2014-11-18,0.4820190966129303,0.4832140151521639,0.469831206699322,0.47102609675012963,207772000,before_trump
2014-11-19,0.48021918535232544,0.48381905462678726,0.47517942558605997,0.48237910691700253,240300000,before_trump
2014-11-20,0.4881387948989868,0.488618796496697,0.4754193533484109,0.4768593009235658,220968000,before_trump
2014-11-21,0.49077871441841125,0.49317860795418444,0.4866989011293943,0.492458634171655,198976000,before_trump
2014-11-24,0.49389880895614624,0.496058674079411,0.49005896608878435,0.4919788589134645,136004000,before_trump
2014-11-25,0.4936586320400238,0.4972585015339306,0.4919787120155288,0.49293865814124244,190240000,before_trump
2014-11-26,0.5020582675933838,0.5025382692444029,0.4905387429307628,0.49077877236526335,219264000,before_trump
2014-11-28,0.5032579898834229,0.5061378842319031,0.4991781777017156,0.5037379913474894,124832000,before_trump
2014-12-01,0.49389880895614624,0.5039783321127194,0.4931788348423908,0.5010984928756992,190060000,before_trump
2014-12-02,0.49461859464645386,0.4967784589469249,0.488858803930585,0.49341861917465457,245952000,before_trump
2014-12-03,0.5073383450508118,0.5075783174036346,0.495578841492275,0.4970187900452411,284424000,before_trump
2014-12-04,0.5027783513069153,0.50853808628761,0.4994185106696763,0.5066181937000432,185332000,before_trump
2014-12-05,0.5056580305099487,0.5082978959900111,0.5027781356459026,0.5030181078119165,165680000,before_trump
2014-12-08,0.49917832016944885,0.5099778698405301,0.49509850682334455,0.5049381105102794,226944000,before_trump
2014-12-09,0.4974983334541321,0.4986983086863401,0.4886187341640728,0.49605838606266983,239448000,before_trump
2014-12-10,0.4864588975906372,0.4979784215056833,0.48597895318874673,0.4960584722441865,204364000,before_trump
2014-12-11,0.4862189292907715,0.49269863651210805,0.4852589832613103,0.48933879680000447,135652000,before_trump
2014-12-12,0.4710996747016907,0.4840590913817522,0.47061967299510044,0.47973927628540025,323964000,before_trump
2014-12-15,0.46965959668159485,0.48525893259915287,0.46821964917874753,0.4766192761910553,254696000,before_trump
2014-12-16,0.46438002586364746,0.47661949954660715,0.4641400535733736,0.4691798435861217,185308000,before_trump
2014-12-17,0.4833391308784485,0.4840591048493708,0.4583802144101095,0.47373955422347086,345596000,before_trump
2014-12-18,0.48525911569595337,0.49509866531475727,0.48069929928909555,0.48933893034809145,226156000,before_trump
2014-12-19,0.4900588095188141,0.49197870173010366,0.48405904622706347,0.48861886175135527,325528000,before_trump
2014-12-22,0.498698353767395,0.498698353767395,0.487898804573145,0.48957872427572197,148976000,before_trump
2014-12-23,0.4955785870552063,0.504938190626118,0.4950985853779858,0.5025382966759857,109280000,before_trump
2014-12-24,0.4936586320400238,0.49749847376086287,0.49317868758615924,0.4967784998620815,45644000,before_trump
2014-12-26,0.4941387176513672,0.49677858425001076,0.4924587973415036,0.4936587158979801,52636000,before_trump
2014-12-29,0.4934185743331909,0.4967784138001219,0.49029870705161943,0.4926986005591379,82944000,before_trump
2014-12-30,0.48885875940322876,0.49245862827275527,0.48813878562932345,0.4900587347657291,112120000,before_trump
2014-12-31,0.4811791479587555,0.4922186698431857,0.4797391717617155,0.48957874685909836,166300000,before_trump
2015-01-02,0.4830991327762604,0.48669900243823877,0.4754194489760312,0.4830991327762604,113680000,before_trump
2015-01-05,0.4749394357204437,0.4845390396587968,0.4727795427149338,0.4830990919157961,197952000,before_trump
2015-01-06,0.46054014563560486,0.47613945801538216,0.4600601725149493,0.47565948489472665,197764000,before_trump
2015-01-07,0.4593401551246643,0.4679797849160554,0.45790020728976816,0.4638999422535139,321808000,before_trump
2015-01-08,0.4766193628311157,0.4794992583603189,0.46437989265897683,0.46461989348940763,283780000,before_trump
2015-01-09,0.478539377450943,0.48213924756809406,0.4718196675805897,0.4782994051824644,209540000,before_trump
2015-01-12,0.4725395739078522,0.4799792567358244,0.46821975899512613,0.4797392558927312,190732000,before_trump
2015-01-13,0.471819669008255,0.48573906193703437,0.4684598283674105,0.4761394845529103,236720000,before_trump
2015-01-14,0.47373950481414795,0.47517945260581124,0.46557987695203473,0.46677982390875683,155260000,before_trump
2015-01-15,0.4703797399997711,0.4799793171886655,0.4701397391264501,0.47709944975379653,188932000,before_trump
2015-01-16,0.47901925444602966,0.47949922746697576,0.46821970412529795,0.4696596517971261,181512000,before_trump
2015-01-20,0.4804593026638031,0.48501906162150915,0.4744595385149388,0.48237919514936445,140308000,before_trump
2015-01-21,0.48717883229255676,0.4883788076368854,0.4744593911761364,0.4778192592004855,144780000,before_trump
2015-01-22,0.4955785870552063,0.49701853486888276,0.483099115627324,0.4881388757572064,159712000,before_trump
2015-01-23,0.49701860547065735,0.49797855174347416,0.4919787874068808,0.49605860197984725,120416000,before_trump
2015-01-26,0.4948587417602539,0.49725863633410966,0.49173887309244146,0.4948587417602539,133240000,before_trump
2015-01-27,0.4710995852947235,0.4876588685865601,0.47013961067272475,0.48717886697106627,357948000,before_trump
2015-01-28,0.4634198844432831,0.4787792203074597,0.4631798836450195,0.47685929974831415,272728000,before_trump
2015-01-29,0.474699467420578,0.4773393334925462,0.4615000226247714,0.46365994425709967,235340000,before_trump
2015-01-30,0.46077996492385864,0.4768592736953535,0.4600600197863772,0.4713395131177498,298200000,before_trump
2015-02-02,0.4708595871925354,0.47277950783857586,0.4545403046146751,0.46365990622662545,259604000,before_trump
2015-02-03,0.4826190769672394,0.48309907860767765,0.47181955501920586,0.47421944878543554,183468000,before_trump
2015-02-04,0.48381903767585754,0.48933879889132303,0.4797391955107377,0.4811791717790624,181516000,before_trump
2015-02-05,0.49173879623413086,0.491978768488609,0.4838191396564418,0.4842990841653981,140448000,before_trump
2015-02-06,0.4895786643028259,0.4970183731805652,0.48741874328496937,0.4912585837996144,210524000,before_trump
2015-02-09,0.48909884691238403,0.4905387374132818,0.48357908546866823,0.4866989531202459,273944000,before_trump
2015-02-10,0.5027783513069153,0.5030183235758625,0.48741898173440346,0.4895789038089119,226204000,before_trump
2015-02-11,0.49941831827163696,0.5039780757149862,0.4960584217107843,0.5039780757149862,320832000,before_trump
2015-02-12,0.5351766347885132,0.5399764206165568,0.5248570895364232,0.5279769560464477,676904000,before_trump
2015-02-13,0.5354167222976685,0.5361366960488265,0.525817148572858,0.5339767747953523,310084000,before_trump
2015-02-17,0.5370966792106628,0.5397366022205731,0.5310969738257274,0.5344568134187294,203340000,before_trump
2015-02-18,0.5308570861816406,0.5373368521217139,0.5298971399298493,0.5363768486519306,170948000,before_trump
2015-02-19,0.5322967171669006,0.5385364499145517,0.529896824357647,0.5375765042344419,169432000,before_trump
2015-02-20,0.5361368656158447,0.5363768378694705,0.5279772368126587,0.5318170789606259,157752000,before_trump
2015-02-23,0.5318170189857483,0.5358968329272463,0.5291770956216144,0.5358968329272463,125008000,before_trump
2015-02-24,0.5374784469604492,0.5374784469604492,0.5290465042974158,0.5338647736586639,149356000,before_trump
2015-02-25,0.5333828926086426,0.5377193692435859,0.5309737580686624,0.5353101772653075,123820000,before_trump
2015-02-26,0.5348284244537354,0.5379603053316273,0.5304919474974376,0.5338647820539921,152864000,before_trump
2015-02-27,0.5314556360244751,0.534587516835711,0.5295282938277062,0.5333829207829428,157492000,before_trump
2015-03-02,0.5444650053977966,0.5473559902587107,0.5292874497546115,0.53001019596984,301512000,before_trump
2015-03-03,0.534346342086792,0.543019234788259,0.5326599542612676,0.5403692049821887,160344000,before_trump
2015-03-04,0.5403693914413452,0.5415739299730946,0.5302510035584832,0.5324192418415887,226840000,before_trump
2015-03-05,0.5507287979125977,0.5516924404397741,0.5389240189993343,0.5403695115092538,323056000,before_trump
2015-03-06,0.5432602763175964,0.5502467248863887,0.5427784265301718,0.5475966946512705,257392000,before_trump
2015-03-09,0.5447059869766235,0.5488015686505309,0.54229685169461,0.5435014480547746,222388000,before_trump
2015-03-10,0.5541014671325684,0.5577151977007692,0.5461513173208254,0.5471149596595793,527212000,before_trump
2015-03-11,0.5512107610702515,0.561329095840571,0.5497652682635424,0.5541016892453476,262120000,before_trump
2015-03-12,0.5461513996124268,0.550006026986539,0.5357921136737597,0.5459105033510159,406972000,before_trump
2015-03-13,0.546873927116394,0.5483194189833598,0.5360327955524358,0.5435011510523304,359288000,before_trump
2015-03-16,0.5533788800239563,0.5567517153361764,0.5475969668917888,0.5512106984983405,236956000,before_trump
2015-03-17,0.5601245164871216,0.5603654127914642,0.5483197359995695,0.5521743640606394,299900000,before_trump
2015-03-18,0.550969660282135,0.5630153347264115,0.5459104942470309,0.560124407322769,413844000,before_trump
2015-03-19,0.5594016313552856,0.5613289161885266,0.5488014498958532,0.5528969732452179,310756000,before_trump
2015-03-20,0.5654245615005493,0.5687973968437002,0.558679005690879,0.5639791262829884,462084000,before_trump
2015-03-23,0.5471150279045105,0.5557879249117159,0.5468741316493483,0.5485605203120957,426012000,before_trump
2015-03-24,0.5396466851234436,0.549283223840921,0.5372375504440743,0.5454285968662698,330480000,before_trump
2015-03-25,0.5068824887275696,0.5394058386166438,0.5051960426020605,0.5394058386166438,542552000,before_trump
2015-03-26,0.5051958560943604,0.5073640939367126,0.49290928986426896,0.4965230196015226,311920000,before_trump
2015-03-27,0.5150735974311829,0.5170008826072575,0.4998960399950755,0.5080870881508633,318288000,before_trump
2015-03-30,0.5172415971755981,0.5198916274269827,0.51073688347773,0.5174824933516458,253252000,before_trump
2015-03-31,0.5042322278022766,0.5162778981929157,0.5037504354496233,0.5157961058402624,357276000,before_trump
2015-04-01,0.5061598420143127,0.5078462310330257,0.4974869431764187,0.5061598420143127,330768000,before_trump
2015-04-02,0.5073642134666443,0.5104960941640087,0.5030277941986084,0.5090506019285637,192204000,before_trump
2015-04-06,0.522059977054596,0.5237463655244144,0.4998959158427541,0.5051959774798124,515864000,before_trump
2015-04-07,0.5266372561454773,0.5324191666455218,0.5191689000378928,0.5220598840070596,413964000,before_trump
2015-04-08,0.530491828918457,0.5324191707254338,0.5220598880075887,0.5271190525541097,366432000,before_trump
2015-04-09,0.542778491973877,0.5444648802757635,0.5261554477203325,0.5263963439239467,379432000,before_trump
2015-04-10,0.5483195185661316,0.548560414774948,0.5413330115658027,0.5432603535512184,258728000,before_trump
2015-04-13,0.5432602763175964,0.5502467248863887,0.5408510848187603,0.547114844863846,236724000,before_trump
2015-04-14,0.5386828780174255,0.5432602497400194,0.5333827603681967,0.5410920119601144,220276000,before_trump
2015-04-15,0.5451878309249878,0.5492833551148802,0.53747857513324,0.5401286641207057,243560000,before_trump
2015-04-16,0.541814923286438,0.5466331926426873,0.5379602963137783,0.54205581952276,155284000,before_trump
2015-04-17,0.5348284244537354,0.5401285438097763,0.5302510512570774,0.5304919474974376,293636000,before_trump
2015-04-20,0.5321784019470215,0.5406103448765697,0.5312147020936703,0.5372375677047504,231624000,before_trump
2015-04-21,0.5314556360244751,0.538683040026181,0.5288055476837055,0.538683040026181,230456000,before_trump
2015-04-22,0.5374784469604492,0.5382011931084666,0.5263964159419183,0.5345875198066813,207420000,before_trump
2015-04-23,0.5353103280067444,0.5403695521721706,0.5215782630057876,0.5276011297709045,259380000,before_trump
2015-04-24,0.5307327508926392,0.5353100653548722,0.5247098870826628,0.5350691691827247,240960000,before_trump
2015-04-27,0.5348284840583801,0.5442241277391658,0.5278419753645928,0.532419349071382,248456000,before_trump
2015-04-28,0.5374783873558044,0.5394057293495484,0.5288054919796941,0.533864714454764,234484000,before_trump
2015-04-29,0.5333831310272217,0.5389241486898027,0.531214891740562,0.5336240273574092,195156000,before_trump
2015-04-30,0.5348284840583801,0.5374785153125855,0.5295283641116606,0.530732960324314,218844000,before_trump
2015-05-01,0.5480785965919495,0.5497649848509761,0.5367556137354539,0.539164748025248,256968000,before_trump
2015-05-04,0.544705867767334,0.5512105832996931,0.5430194791828235,0.5475968524483825,200720000,before_trump
2015-05-05,0.530733048915863,0.5435014722221279,0.5283239135267247,0.5427787258615545,292928000,before_trump
2015-05-06,0.5324193239212036,0.538683086079176,0.5254328155574416,0.5336238626386488,316484000,before_trump
2015-05-07,0.5418147444725037,0.5435011324468059,0.5285644793966233,0.5302508673709255,534564000,before_trump
2015-05-08,0.5018231868743896,0.5261554857869312,0.49363214097596086,0.5061596634829445,1146552000,before_trump
2015-05-11,0.49700498580932617,0.5020642092113607,0.4909821773913116,0.4948367472084542,544144000,before_trump
2015-05-12,0.5018231868743896,0.5059187098236041,0.49315029109557773,0.49339124475491825,388800000,before_trump
2015-05-13,0.5047141909599304,0.5092915639680091,0.49989592172141606,0.5054369370895376,308524000,before_trump
2015-05-14,0.5129052400588989,0.5155553283617783,0.5049550900268617,0.5061596860624069,293052000,before_trump
2015-05-15,0.5131459832191467,0.5174824008039035,0.5100141037374926,0.5150732671594216,215824000,before_trump
2015-05-18,0.5124234557151794,0.5155553365312644,0.5095324711347007,0.511941605805666,324972000,before_trump
2015-05-19,0.5092288255691528,0.5147954907068544,0.508260664733233,0.5131012380960877,253808000,before_trump
2015-05-20,0.5092288255691528,0.5155215824817011,0.5087447451511928,0.5094708369260397,196824000,before_trump
2015-05-21,0.505598247051239,0.5116489911750655,0.5051141667478308,0.5094707163659872,239692000,before_trump
2015-05-22,0.5048721432685852,0.5087446124899132,0.5036620290955164,0.5068084067313348,212592000,before_trump
2015-05-26,0.5017257332801819,0.505840213529977,0.49785326430856075,0.5024518248188713,259732000,before_trump
2015-05-27,0.528590977191925,0.5310112632239544,0.5034199562954826,0.5051141507474861,432332000,before_trump
2015-05-28,0.5358519554138184,0.5375461502456218,0.5276229926010064,0.5285910956900107,327656000,before_trump
2015-05-29,0.5356099009513855,0.5392403016689528,0.5348838092670363,0.5358519122781089,335168000,before_trump
2015-06-01,0.5416602492332458,0.5469848990197768,0.535609565920688,0.5389979531920518,372660000,before_trump
2015-06-02,0.5310112237930298,0.5411764474543898,0.5305271435409016,0.5382720813499536,224304000,before_trump
2015-06-03,0.5252026319503784,0.5365779714761828,0.5242344712937425,0.5324634906500945,250788000,before_trump
2015-06-04,0.5346415638923645,0.5363357578461257,0.522056057145391,0.522056057145391,323712000,before_trump
2015-06-05,0.5387560725212097,0.5411763579733344,0.5273806789624822,0.5329473412727849,313320000,before_trump
2015-06-08,0.5264125466346741,0.5406922473081329,0.5203618621976777,0.5370618481867658,342812000,before_trump
2015-06-09,0.5290751457214355,0.5329475578552036,0.5259287675846137,0.5268968706180557,256888000,before_trump
2015-06-10,0.5196359157562256,0.5261706821605203,0.5167315494857969,0.5227822933144667,529460000,before_trump
2015-06-11,0.5252026319503784,0.5288330324481487,0.5196359678435118,0.5196359678435118,283052000,before_trump
2015-06-12,0.5109230875968933,0.5249607291116553,0.5097129152451033,0.5218143502420339,323728000,before_trump
2015-06-15,0.5099547505378723,0.5123750364276245,0.5043880872210256,0.5082604984812952,306548000,before_trump
2015-06-16,0.5162472724914551,0.5169733637823872,0.5039038359539039,0.5089864172862812,256892000,before_trump
2015-06-17,0.5222981572151184,0.5252025231751488,0.5147952887572578,0.5160054027711615,233544000,before_trump
2015-06-18,0.5310112237930298,0.5343996124454277,0.525202549288324,0.526654732340542,299404000,before_trump
2015-06-19,0.5293170809745789,0.5353677673420567,0.5244765087989277,0.5310112754656395,355656000,before_trump
2015-06-22,0.5271387696266174,0.5331895132786415,0.5191518203202798,0.530285147093003,514236000,before_trump
2015-06-23,0.5135853290557861,0.5322215311148807,0.5094708473833254,0.5281070494424198,414064000,before_trump
2015-06-24,0.5085025429725647,0.5155213890260528,0.5060822571993789,0.5128590342826334,253368000,before_trump
2015-06-25,0.5123748779296875,0.5155212543834826,0.5085024101631589,0.5085024101631589,350460000,before_trump
2015-06-26,0.5019678473472595,0.508744683861344,0.49978962998932097,0.5082606035017025,421296000,before_trump
2015-06-29,0.48696205019950867,0.5012417555642312,0.4862359585958641,0.4961591143387191,391724000,before_trump
2015-06-30,0.48671993613243103,0.4920445881647829,0.4833315474319195,0.48986631355552523,315916000,before_trump
2015-07-01,0.4937388598918915,0.5058402912217562,0.4893823676948107,0.4988215014433581,302892000,before_trump
2015-07-02,0.4942227602005005,0.49736913697057944,0.4910763834304215,0.493496668814778,145764000,before_trump
2015-07-06,0.4881722331047058,0.4968852758704802,0.48454183227973857,0.4901084968883116,214776000,before_trump
2015-07-07,0.47897520661354065,0.4872041990241957,0.46372739404129526,0.4852679926707187,594252000,before_trump
2015-07-08,0.4755866527557373,0.47921708169560284,0.47171418367904694,0.47631274431412735,332492000,before_trump
2015-07-09,0.4697779417037964,0.4852678177653426,0.4668736043682985,0.48308954312465613,357588000,before_trump
2015-07-10,0.47800692915916443,0.4823634495703229,0.47461851157178164,0.47582865452754325,216708000,before_trump
2015-07-13,0.48115333914756775,0.4838156365190031,0.47800696147942967,0.4828475336297695,212472000,before_trump
2015-07-14,0.4813953638076782,0.48236349557587366,0.47510263714879786,0.4818794441178193,249216000,before_trump
2015-07-15,0.47800692915916443,0.4833315523940986,0.47365040874800596,0.48018517493870166,265732000,before_trump
2015-07-16,0.4886561334133148,0.4886561334133148,0.47921700241990606,0.48091119654116005,282848000,before_trump
2015-07-17,0.48575183749198914,0.4874460318568008,0.4794590825917357,0.4869620092978076,220372000,before_trump
2015-07-20,0.4767967760562897,0.48768809127844054,0.4755866331262822,0.48575182796792854,188412000,before_trump
2015-07-21,0.47897520661354065,0.48575201540699353,0.4758288280109988,0.4758288280109988,149720000,before_trump
2015-07-22,0.4697779417037964,0.4755866452268762,0.4639692670328006,0.4755866452268762,356472000,before_trump
2015-07-23,0.4755866527557373,0.48260547049864355,0.46977794914070176,0.4707460808359166,169916000,before_trump
2015-07-24,0.47002002596855164,0.4794591304082101,0.46808379127905875,0.47897507894885855,188844000,before_trump
2015-07-27,0.4673576354980469,0.4726822585240422,0.46203301247205153,0.46590545246728327,192420000,before_trump
2015-07-28,0.4775228202342987,0.4806691684586646,0.4637271691185016,0.46856774035854815,198308000,before_trump
2015-07-29,0.4833316206932068,0.4872040902396922,0.4746185786396586,0.47655481341290135,232680000,before_trump
2015-07-30,0.4845418334007263,0.4893824063146684,0.4821215180916648,0.4821215180916648,190180000,before_trump
2015-07-31,0.48284754157066345,0.4867199820433698,0.4799432040031121,0.4864779707431242,218340000,before_trump
2015-08-03,0.49107643961906433,0.49156046212882404,0.48042716539816627,0.48671989080625605,397132000,before_trump
2015-08-04,0.49301278591156006,0.4944649692640262,0.48744612152989203,0.489382385234573,260100000,before_trump
2015-08-05,0.4980953633785248,0.505598232792639,0.49712720279901185,0.5051141525028826,234628000,before_trump
2015-08-06,0.494949072599411,0.5005157372395694,0.48672005245471084,0.4968852786898222,655676000,before_trump
2015-08-07,0.5561822652816772,0.5656213400939569,0.5295590621269505,0.5435967552597459,1405248000,before_trump
2015-08-10,0.5755444765090942,0.5796589563077847,0.5489212768871845,0.5523097229309542,662304000,before_trump
2015-08-11,0.5726402401924133,0.5782069041683346,0.567073576216492,0.567073576216492,435008000,before_trump
2015-08-12,0.5740923285484314,0.5782068085976599,0.5634430826737127,0.5634430826737127,384048000,before_trump
2015-08-13,0.5692518353462219,0.5760286710749992,0.5677996521397574,0.5748184991682213,276884000,before_trump
2015-08-14,0.5697358846664429,0.5731242734944781,0.5653793352839664,0.5687677241120018,214652000,before_trump
2015-08-17,0.5661054253578186,0.5687677226151012,0.5590865787295254,0.5687677226151012,273880000,before_trump
2015-08-18,0.5609526038169861,0.5682440082475725,0.5565777263904754,0.5643552476285402,287084000,before_trump
2015-08-19,0.5587654709815979,0.5665429964772144,0.552689268323092,0.5602237642553963,249248000,before_trump
2015-08-20,0.538592517375946,0.5551196850500275,0.5359189606457007,0.5524461862667397,426932000,before_trump
2015-08-21,0.5218223929405212,0.5436966216080211,0.5213362757913435,0.5347038889505239,382664000,before_trump
2015-08-24,0.503350555896759,0.530571827649624,0.4860941881128255,0.49265644759938454,682284000,before_trump
2015-08-25,0.4928998053073883,0.5274125018534384,0.4928998053073883,0.5254680911209009,622684000,before_trump
2015-08-26,0.5300859212875366,0.5305720383839286,0.5050520787361504,0.5089408416663885,614976000,before_trump
2015-08-27,0.5500156283378601,0.5502586578388929,0.5325162294306294,0.5356758447318501,463764000,before_trump
2015-08-28,0.552446186542511,0.5558488318951137,0.5461269549179875,0.5500157172982294,320944000,before_trump
2015-08-31,0.5463699698448181,0.5536614353295989,0.54418258814634,0.5497726730533679,219352000,before_trump
2015-09-01,0.5240097045898438,0.5395647559025094,0.5201209997086417,0.530572024457542,353408000,before_trump
2015-09-02,0.5398076176643372,0.5400506471571223,0.5293565961642783,0.5383493248137343,344044000,before_trump
2015-09-03,0.5412660837173462,0.5505019027619488,0.5402939074881682,0.5478283456980034,262556000,before_trump
2015-09-04,0.5286275148391724,0.54053683065646,0.5283844853164583,0.5320301599449822,287972000,before_trump
2015-09-08,0.5512310862541199,0.5534185266061097,0.5393218239917832,0.5415092063967982,238448000,before_trump
2015-09-09,0.5402938723564148,0.5575501876298946,0.5390786086887394,0.5529323363548265,289392000,before_trump
2015-09-10,0.5488004684448242,0.5556058172797966,0.5347037696281001,0.5371342389376704,357076000,before_trump
2015-09-11,0.5505020022392273,0.5541476782441699,0.540537034735302,0.5427244751064527,301584000,before_trump
2015-09-14,0.5514739155769348,0.5548765603442595,0.5485573298066865,0.5531752379605972,192460000,before_trump
2015-09-15,0.5575501918792725,0.5604667783463535,0.5500157541019284,0.5517170768920718,327976000,before_trump
2015-09-16,0.5614389777183533,0.5645985938725925,0.5524462463358895,0.5565780387036721,173508000,before_trump
2015-09-17,0.56654292345047,0.57626480009337,0.5653276598966297,0.5711607742929785,268712000,before_trump
2015-09-18,0.5660567879676819,0.5709177261305073,0.5553627355988568,0.5587653807234438,326412000,before_trump
2015-09-21,0.5718898177146912,0.5731050810493994,0.5638692651358415,0.566785850781585,281840000,before_trump
2015-09-22,0.5563349723815918,0.5633833508713028,0.5534183859866879,0.5594945883270843,228356000,before_trump
2015-09-23,0.5590083599090576,0.562411004727238,0.5546335391352468,0.5568209205486779,161632000,before_trump
2015-09-24,0.5697028040885925,0.5755359211975731,0.5468563369956961,0.5556060416326583,382440000,before_trump
2015-09-25,0.5738345980644226,0.5850147729977496,0.5682445105977592,0.5767511276468236,369692000,before_trump
2015-09-28,0.5662998557090759,0.5774800258274705,0.5626541808144017,0.5738343509327961,395584000,before_trump
2015-09-29,0.5762648582458496,0.5772370344188534,0.5643555407724082,0.5723760956068726,380736000,before_trump
2015-09-30,0.5991112589836121,0.5998404055999969,0.5782092105058129,0.5816118560843008,556380000,before_trump
2015-10-01,0.5874450206756592,0.6008125732433626,0.5704316771308282,0.5991112504782716,489296000,before_trump
2015-10-02,0.6027567982673645,0.6027567982673645,0.5782090246002337,0.5842852251341683,386144000,before_trump
2015-10-05,0.6178259253501892,0.6253603631210006,0.6034861384777429,0.6066457544986874,482024000,before_trump
2015-10-06,0.6258465647697449,0.6285200640922918,0.6088332766365955,0.6112637463699025,453216000,before_trump
2015-10-07,0.632408618927002,0.6387278497413139,0.6170966588565348,0.6273046515524963,310152000,before_trump
2015-10-08,0.636054515838623,0.637755838736902,0.6190411709619027,0.6297352833896067,460068000,before_trump
2015-10-09,0.6336238980293274,0.6387278655299978,0.6217145825808115,0.6326516640746698,423248000,before_trump
2015-10-12,0.6404293775558472,0.6440751110973354,0.6297353224124297,0.6343531743023564,227588000,before_trump
2015-10-13,0.6416445374488831,0.6455332420006024,0.6331378658613384,0.6353253056319,298444000,before_trump
2015-10-14,0.6649771332740784,0.6754281583756194,0.6416446134647533,0.6423737021943565,612148000,before_trump
2015-10-15,0.6666784286499023,0.6802890694717274,0.6593870201325279,0.6661923115699585,526048000,before_trump
2015-10-16,0.6771293878555298,0.6834486195490455,0.6671644232823095,0.6688658039241439,448396000,before_trump
2015-10-19,0.6759142279624939,0.6824765481529191,0.6681367598706389,0.6793169318213331,294712000,before_trump
2015-10-20,0.6749418377876282,0.6781014531178493,0.6678934606704464,0.6729974858676223,264824000,before_trump
2015-10-21,0.666192352771759,0.6832056983114826,0.6649771469171888,0.6790738477438283,386280000,before_trump
2015-10-22,0.6902539730072021,0.6924414129336558,0.6729976570015261,0.6739698332087399,306884000,before_trump
2015-10-23,0.6948719024658203,0.6994898120169742,0.6858791708825492,0.696330195792181,381776000,before_trump
2015-10-26,0.6917123198509216,0.6970593763250663,0.6853930870942874,0.6953580533439676,247436000,before_trump
2015-10-27,0.6912261843681335,0.6956010061298172,0.6878234808346445,0.6883095978957035,208268000,before_trump
2015-10-28,0.6968162059783936,0.6968162059783936,0.6853929486390901,0.6956009424105492,217036000,before_trump
2015-10-29,0.6727544665336609,0.6926843364928862,0.6715392609473552,0.6856360166090123,327168000,before_trump
2015-10-30,0.6895248889923096,0.6943858863638137,0.6749420707187033,0.6800460976773436,301160000,before_trump
2015-11-02,0.6975454092025757,0.6982745558737036,0.6875805012754376,0.6917122937805184,190088000,before_trump
2015-11-03,0.6926842331886292,0.6973021412111945,0.6849067679340911,0.6934133796104525,376768000,before_trump
2015-11-04,0.6812610030174255,0.6958438148577328,0.6781013879906647,0.6907398480977083,442264000,before_trump
2015-11-05,0.6734836101531982,0.6866081896996908,0.6715392580447312,0.6846637796442694,478800000,before_trump
2015-11-06,0.7668138146400452,0.7762926626174197,0.7247666885212841,0.7400786514282119,1172272000,before_trump
2015-11-09,0.7634110450744629,0.7655984845477982,0.7527169351694583,0.759279253589464,492568000,before_trump
2015-11-10,0.7488282322883606,0.7575779322480966,0.7327871253533368,0.7534460828098436,552260000,before_trump
2015-11-11,0.7415369153022766,0.7546614378611309,0.7388633585240221,0.7493143822515805,619896000,before_trump
2015-11-12,0.7388633489608765,0.7466408737564743,0.7357037331343498,0.7398355250735867,291080000,before_trump
2015-11-13,0.7242804765701294,0.7427520530493551,0.7206347439999747,0.7395924374708721,292940000,before_trump
2015-11-16,0.7388633489608765,0.7393494659907106,0.7279262083387521,0.7337593809089293,344280000,before_trump
2015-11-17,0.7388633489608765,0.74518258061393,0.7357037331343498,0.7408077591332549,257048000,before_trump
2015-11-18,0.7570391297340393,0.7580150556436145,0.7338619654711107,0.7419129761396123,350216000,before_trump
2015-11-19,0.7592349052429199,0.7667979532501252,0.753623592796606,0.7597228682166434,254072000,before_trump
2015-11-20,0.7658220529556274,0.7702135450316877,0.7602107407475496,0.7648461852166136,239744000,before_trump
2015-11-23,0.7543556690216064,0.7721654779385008,0.7516720175114076,0.7721654779385008,242552000,before_trump
2015-11-24,0.7604547142982483,0.7670418939247595,0.7509398734301784,0.7543554394339996,195428000,before_trump
2015-11-25,0.7594789862632751,0.7680179616639942,0.7567953348708257,0.7589910813739268,138300000,before_trump
2015-11-27,0.7658220529556274,0.7682617513866613,0.7570391269705057,0.7609426560935596,86996000,before_trump
2015-11-30,0.7738730311393738,0.7772886553331728,0.7658220208379123,0.7665539361532266,327244000,before_trump
2015-12-01,0.7990021109580994,0.7997340263861313,0.7799724261632778,0.7807043415913097,409496000,before_trump
2015-12-02,0.7929027080535889,0.808516765626494,0.7911949250508489,0.800221802994044,294240000,before_trump
2015-12-03,0.7911947965621948,0.807540766791288,0.7872912682611457,0.7992458055059253,246656000,before_trump
2015-12-04,0.823399007320404,0.8248628380152543,0.7911949647016929,0.7911949647016929,458756000,before_trump
2015-12-07,0.8077847361564636,0.8231548380691854,0.805345038363444,0.8231548380691854,333588000,before_trump
2015-12-08,0.8187633752822876,0.8221789406765105,0.7926586138164611,0.7977819619077955,314488000,before_trump
2015-12-09,0.7980261445045471,0.8233990562785941,0.7897311809631866,0.8185196591169701,372676000,before_trump
2015-12-10,0.8046131730079651,0.8090046060404016,0.797781983864524,0.8004656341528471,236596000,before_trump
2015-12-11,0.792658805847168,0.8021736473221422,0.7909510227363263,0.7965623350292342,227320000,before_trump
2015-12-14,0.7946105003356934,0.7990019922514474,0.7850956593518897,0.7933906802482039,275892000,before_trump
2015-12-15,0.8043692111968994,0.8099805226245729,0.7992458626543678,0.803637295952682,307296000,before_trump
2015-12-16,0.809248685836792,0.8119323947147711,0.7990019877583143,0.8060770721933594,236356000,before_trump
2015-12-17,0.7970502376556396,0.8187635714111634,0.7965623328635827,0.810468608276199,254160000,before_trump
2015-12-18,0.7841197848320007,0.7994898900695312,0.7831439171370933,0.7914388797943012,395896000,before_trump
2015-12-21,0.8026612997055054,0.8033932148324175,0.7855834158005107,0.7926585565826744,284216000,before_trump
2015-12-22,0.8033933639526367,0.8114443736760613,0.7985139676455305,0.8051011468434247,130012000,before_trump
2015-12-23,0.80656498670578,0.809736600158813,0.8031494208846655,0.804613251427141,122524000,before_trump
2015-12-24,0.809248685836792,0.8112004793995946,0.8029054585499269,0.8041253367975532,52448000,before_trump
2015-12-28,0.8085166215896606,0.8085166215896606,0.789487001401393,0.8007096232775189,142024000,before_trump
2015-12-29,0.8216909766197205,0.8241306743202809,0.8068087799294145,0.8090045253100133,203660000,before_trump
2015-12-30,0.8146159648895264,0.8280343334518387,0.8143720125309178,0.8209591915492744,180344000,before_trump
2015-12-31,0.8041253685951233,0.8170557760628878,0.8041253685951233,0.8133962575092933,148528000,before_trump
2016-01-04,0.7897310853004456,0.7948544342494419,0.7816800751423111,0.7877793499390171,358076000,before_trump
2016-01-05,0.8024174571037292,0.815835825375899,0.7929026173198447,0.8046132027847002,490272000,before_trump
2016-01-06,0.7692376375198364,0.7929027052605814,0.7602107014414428,0.7892431287197467,449344000,before_trump
2016-01-07,0.7387413382530212,0.7550873101636593,0.7289824874129915,0.74996390329342,645304000,before_trump
2016-01-08,0.7228831648826599,0.7489879256314864,0.7214193345633458,0.7482560104718293,398472000,before_trump
2016-01-11,0.7241030335426331,0.7292264400057904,0.711172628461549,0.7236151288479433,409372000,before_trump
2016-01-12,0.7363017201423645,0.7470364406315092,0.7311783704773205,0.7370336355469427,469356000,before_trump
2016-01-13,0.7138566970825195,0.7467926654363846,0.7131247815042544,0.7419132088589441,481672000,before_trump
2016-01-14,0.6994621753692627,0.7075131853523405,0.6787247113117605,0.6992181648291432,600236000,before_trump
2016-01-15,0.6614028215408325,0.6794566352221211,0.6499362455204839,0.671405625136856,841452000,before_trump
2016-01-19,0.6667702198028564,0.6940948652082243,0.6640865108402054,0.6750651827472366,457140000,before_trump
2016-01-20,0.6704297661781311,0.6789687400346581,0.6453008657436667,0.6540837920007515,481180000,before_trump
2016-01-21,0.6782367825508118,0.6887274912943803,0.6638425448057066,0.6777488777799928,481456000,before_trump
2016-01-22,0.6940947771072388,0.6987302209389001,0.6897032856350361,0.6911671161257703,257996000,before_trump
2016-01-25,0.6933627724647522,0.7019017437817554,0.6918989421627535,0.6938507352877462,270728000,before_trump
2016-01-26,0.7001940011978149,0.703121662212462,0.6877515582195478,0.6948267002269506,227944000,before_trump
2016-01-27,0.6918991208076477,0.70141396206034,0.6787247610220726,0.6992182160404115,231700000,before_trump
2016-01-28,0.6843360066413879,0.6999500633196265,0.6709176376025784,0.6975103651459332,276776000,before_trump
2016-01-29,0.7145884037017822,0.716052234549416,0.6875077656885776,0.6901914167979029,310504000,before_trump
2016-02-01,0.7148321270942688,0.7184916445760876,0.7077569862845756,0.7138562596435826,289884000,before_trump
2016-02-02,0.6845799684524536,0.7111726963626556,0.6797005720377556,0.7075131781351288,341908000,before_trump
2016-02-03,0.6879955530166626,0.6940948277843775,0.672137543321195,0.6899473465358091,326772000,before_trump
2016-02-04,0.6882393956184387,0.7038534491265331,0.6814082072188481,0.6889712525716634,348140000,before_trump
2016-02-05,0.6448127627372742,0.6911670824622009,0.6428610276226825,0.6836040361844231,600428000,before_trump
2016-02-08,0.6152926683425903,0.6382258263999633,0.6062657300501677,0.6350542120090061,608852000,before_trump
2016-02-09,0.6218796372413635,0.6477404484200203,0.6050457031061451,0.6079733640573102,425372000,before_trump
2016-02-10,0.6204158067703247,0.6438369198788456,0.6170002411052673,0.6257831657918365,335800000,before_trump
2016-02-11,0.6172442436218262,0.6235874707535448,0.6045577893583889,0.6045577893583889,340144000,before_trump
2016-02-12,0.6277350187301636,0.6289548970776428,0.6038259382559799,0.6270031033550763,340816000,before_trump
2016-02-16,0.6584750413894653,0.6594509670520183,0.6348099783287484,0.6367617133198858,485352000,before_trump
2016-02-17,0.6748212575912476,0.6811644853342435,0.6640865376414081,0.6667702467123683,771468000,before_trump
2016-02-18,0.7328858375549316,0.7558190412827058,0.729470272584937,0.73020218767379,1068660000,before_trump
2016-02-19,0.7426446676254272,0.749231903777907,0.7233710383096467,0.7289823488467344,525628000,before_trump
2016-02-22,0.768993616104126,0.7775325891340602,0.7519157282112525,0.7533795588068978,449668000,before_trump
2016-02-23,0.7709454894065857,0.7782645849752778,0.7592349015964777,0.7628944784643242,369380000,before_trump
2016-02-24,0.7763128876686096,0.777532766165058,0.7465485387259672,0.7677739708615041,336852000,before_trump
2016-02-25,0.778020441532135,0.7819239701355083,0.7641141681432981,0.7792403196687477,349616000,before_trump
2016-02-26,0.7728970646858215,0.7836317243271704,0.7650900077646647,0.7816799891803757,361964000,before_trump
2016-02-29,0.767877459526062,0.7840381425417745,0.7673877772400759,0.7739989551321568,323344000,before_trump
2016-03-01,0.8019129633903503,0.8019129633903503,0.7686121129272866,0.7698364355141101,348700000,before_trump
2016-03-02,0.8065652847290039,0.8095036124065412,0.796036355056385,0.7975055188951538,233812000,before_trump
2016-03-03,0.7994643449783325,0.8090137922348883,0.7886905168044609,0.8055857825336165,302004000,before_trump
2016-03-04,0.7970157265663147,0.8063203322965142,0.7908942308757,0.805585750478484,175304000,before_trump
2016-03-07,0.7918738126754761,0.7979953095939509,0.7815897235391637,0.7926083946408499,239968000,before_trump
2016-03-08,0.7774271965026855,0.7884458685282038,0.7749786092057844,0.7837935351504137,274940000,before_trump
2016-03-09,0.7769372463226318,0.7855072697189222,0.7668980009998125,0.7842830056818404,222788000,before_trump
2016-03-10,0.7757131457328796,0.7859972351282161,0.7600421996276853,0.7815897432249622,286084000,before_trump
2016-03-11,0.7889355421066284,0.7891804416988185,0.7779169285836895,0.7872215368559252,277400000,before_trump
2016-03-14,0.7908943891525269,0.794077558208049,0.7815897231813324,0.78526263300652,190312000,before_trump
2016-03-15,0.7869765758514404,0.7918737496448525,0.7730196363781079,0.7867317346754448,226216000,before_trump
2016-03-16,0.8104828000068665,0.8131762857216113,0.7774268567551937,0.7810997652848909,363644000,before_trump
2016-03-17,0.803627073764801,0.8114625175088045,0.79260840255312,0.8075448248262637,353680000,before_trump
2016-03-18,0.8278679251670837,0.8386416944781535,0.8080343329396887,0.8131764056395588,545512000,before_trump
2016-03-21,0.8303167223930359,0.8305615636002674,0.8117074479281815,0.8205223735566834,337780000,before_trump
2016-03-22,0.8288474082946777,0.8347240048565034,0.8185633205272977,0.8276231441012993,242012000,before_trump
2016-03-23,0.843049168586731,0.8491706057452593,0.8288473316320671,0.8325202406303105,429008000,before_trump
2016-03-24,0.8442734479904175,0.8457426116163801,0.8327650968852252,0.8354585246135506,244956000,before_trump
2016-03-28,0.8528436422348022,0.8565164934031909,0.8418249719718028,0.842804395058112,265388000,before_trump
2016-03-29,0.8665556311607361,0.8685144770860128,0.847211779538263,0.8491706254635397,261812000,before_trump
2016-03-30,0.8756154775619507,0.8876135705175957,0.8692491401414487,0.869738880857993,376700000,before_trump
2016-03-31,0.8724323511123657,0.88149211696543,0.8655763310221283,0.8795332707621957,379884000,before_trump
2016-04-01,0.8851650357246399,0.8856547764699723,0.8604342664742621,0.8670454454521985,348292000,before_trump
2016-04-04,0.8765946626663208,0.8971628331153578,0.873166653717781,0.8925105018972543,393940000,before_trump
2016-04-05,0.8753706812858582,0.8834510240602873,0.8653314339237056,0.8687595023574921,339568000,before_trump
2016-04-06,0.8765946626663208,0.8770844032499261,0.8479462104295395,0.8643517318651793,453376000,before_trump
2016-04-07,0.8675351738929749,0.8787986854656002,0.8638623226812895,0.8709631839249259,378104000,before_trump
2016-04-08,0.8731669187545776,0.8802678382882877,0.864596835403008,0.8746360825724372,255936000,before_trump
2016-04-11,0.8785537481307983,0.8930004269744948,0.8756154207799072,0.87830884859895,387524000,before_trump
2016-04-12,0.8775743246078491,0.8827163390898788,0.860434159576595,0.881492016568113,292764000,before_trump
2016-04-13,0.8996115326881409,0.8998563738213607,0.8814919461150256,0.8814919461150256,350716000,before_trump
2016-04-14,0.9020603895187378,0.9059781407189988,0.893490305119484,0.8971632151131425,416564000,before_trump
2016-04-15,0.9091611504554749,0.9172414926453236,0.8988770626559636,0.9018153901355135,436972000,before_trump
2016-04-18,0.9052431583404541,0.9074469033619552,0.8964282366333476,0.9074469033619552,307320000,before_trump
2016-04-19,0.8890827298164368,0.9103854292479577,0.8834509743096203,0.9086714243170458,309152000,before_trump
2016-04-20,0.8925108909606934,0.8978978062130198,0.8866342932901982,0.88761371650546,200172000,before_trump
2016-04-21,0.891531229019165,0.8969181428290319,0.8876134788282536,0.8927554931156887,178280000,before_trump
2016-04-22,0.8881033062934875,0.9005910815172906,0.8851649787683976,0.8944696436785727,223540000,before_trump
2016-04-25,0.8925108909606934,0.8974080654159268,0.8858997112840207,0.8883482985116374,191972000,before_trump
2016-04-26,0.8932454586029053,0.9081818813164269,0.8893277074259336,0.8978977917742418,214536000,before_trump
2016-04-27,0.9135685563087463,0.9140582970005088,0.8893275304552885,0.891041535308089,352396000,before_trump
2016-04-28,0.8863891959190369,0.9133237077917522,0.8841855087711454,0.9079367937414269,381224000,before_trump
2016-04-29,0.8699836730957031,0.8846751932187492,0.8604341675020496,0.8827163472205743,321904000,before_trump
2016-05-02,0.8814919590950012,0.8868788727575049,0.8741461995800821,0.8783087908006456,256076000,before_trump
2016-05-03,0.8709632158279419,0.8751258079304874,0.8633726135678786,0.871452956584267,224024000,before_trump
2016-05-04,0.8511295914649963,0.8611687797228589,0.8423146674044497,0.8604341978529039,525764000,before_trump
2016-05-05,0.8562717437744141,0.8663109920244478,0.8499054054643738,0.858230648535385,246884000,before_trump
2016-05-06,0.8650864958763123,0.8672902413986476,0.8530884036488122,0.8548024084843249,183240000,before_trump
2016-05-09,0.8638622760772705,0.8709631369378266,0.8567613568378001,0.8672902859242857,333336000,before_trump
2016-05-10,0.8805127143859863,0.8819818782621128,0.8609240183814183,0.8692492025075759,269676000,before_trump
2016-05-11,0.8829612731933594,0.8927556208829073,0.878308940527149,0.8832061727508401,328176000,before_trump
2016-05-12,0.8709632158279419,0.8932453986096454,0.8552922705514904,0.8893276476958025,670540000,before_trump
2016-05-13,1.0034316778182983,1.0039213600719357,0.9549496319739132,0.959601905277992,2110256000,before_trump
2016-05-16,1.0330599546432495,1.047996436723897,0.9926582341748073,0.9958414035680134,973032000,before_trump
2016-05-17,1.0352634191513062,1.0426091204106374,1.0151849277429807,1.0284072834160298,628392000,before_trump
2016-05-18,1.0617082118988037,1.073706362787076,1.0284073622642458,1.0284073622642458,541072000,before_trump
2016-05-19,1.0663607120513916,1.0739513729862187,1.0560766811780213,1.0575457283674938,398880000,before_trump
2016-05-20,1.0854594707489014,1.0898669615519359,1.0712576337776678,1.0729716385192118,391084000,before_trump
2016-05-23,1.087173581123352,1.0942744419200008,1.0805624026553473,1.0901119086108713,413636000,before_trump
2016-05-24,1.113564133644104,1.1170011622302538,1.0875417031872416,1.0904876607976446,415788000,before_trump
2016-05-25,1.1089000701904297,1.1216656940811354,1.1000621955033523,1.117001396789729,458076000,before_trump
2016-05-26,1.1206837892532349,1.1287851158757225,1.1076725712553317,1.110864006502404,309964000,before_trump
2016-05-27,1.1268208026885986,1.1285392582373488,1.1182284078838436,1.1219109129691691,277416000,before_trump
2016-05-31,1.14695143699646,1.1494064406469067,1.1309942644516078,1.1317308123711487,412524000,before_trump
2016-06-01,1.1491612195968628,1.160208387300878,1.1381139348318048,1.1415508470589706,387132000,before_trump
2016-06-02,1.1572623252868652,1.1670821060792518,1.1440055158622247,1.1552982754795713,329208000,before_trump
2016-06-03,1.1410595178604126,1.1474423868558452,1.1209290030662122,1.1459695251439914,461076000,before_trump
2016-06-06,1.1351677179336548,1.1528433461175551,1.1292758028520158,1.1440054734950966,322512000,before_trump
2016-06-07,1.1373775005340576,1.1484247864043113,1.13688654646993,1.1420419153264338,193400000,before_trump
2016-06-08,1.1336950063705444,1.1417963329867395,1.124366177646188,1.1376228726434081,234616000,before_trump
2016-06-09,1.1631542444229126,1.164872700387144,1.1273120290991911,1.1297670330829692,472168000,before_trump
2016-06-10,1.1341854333877563,1.1597169034812518,1.132712454954594,1.1494061715101047,400024000,before_trump
2016-06-13,1.1486700773239136,1.1710101224768543,1.1354133832519377,1.1354133832519377,475588000,before_trump
2016-06-14,1.1508793830871582,1.156280227062191,1.1332037553694896,1.1459694930023065,298344000,before_trump
2016-06-15,1.1626631021499634,1.172728359319049,1.1476879548695424,1.1604536925712172,301036000,before_trump
2016-06-16,1.1673277616500854,1.1692916946968555,1.1427783059128624,1.1540710672580887,246456000,before_trump
2016-06-17,1.14695143699646,1.169046001606412,1.142287023709425,1.1688005246535706,471000000,before_trump
2016-06-20,1.16757333278656,1.182548484434516,1.1646273744483608,1.1653639225634347,293768000,before_trump
2016-06-21,1.1604539155960083,1.1756745427480588,1.1587353425187892,1.172483107709286,212508000,before_trump
2016-06-22,1.1594717502593994,1.170519033061538,1.157507817487269,1.162908661875883,202620000,before_trump
2016-06-23,1.190403938293457,1.1916314400361838,1.1697823538474827,1.1705189017175224,297880000,before_trump
2016-06-24,1.1226474046707153,1.16266307243909,1.1120911938785556,1.1415505337937595,1017684000,before_trump
2016-06-27,1.1106187105178833,1.121911474228105,1.09417046052127,1.1133190751248285,449088000,before_trump
2016-06-28,1.1268208026885986,1.132958077042132,1.1113545856888434,1.1317306924080281,381920000,before_trump
2016-06-29,1.145232915878296,1.1540707880420837,1.133694680326415,1.1366406377143443,318932000,before_trump
2016-06-30,1.1540710926055908,1.161190393954387,1.1378684397570518,1.1471971511993613,430940000,before_trump
2016-07-01,1.1454782485961914,1.1626629198214768,1.1415503839474952,1.147687774889454,218488000,before_trump
2016-07-05,1.162418007850647,1.1643819411294698,1.1300126990363857,1.139095934348836,371084000,before_trump
2016-07-06,1.169782280921936,1.1766562200160713,1.148424266998414,1.1543161813473863,273104000,before_trump
2016-07-07,1.2002238035202026,1.20439726291805,1.1722374407483993,1.177638284915304,395400000,before_trump
2016-07-08,1.2483407258987427,1.254232640692579,1.2083250582227951,1.2129894712577471,481932000,before_trump
2016-07-11,1.2770636081695557,1.2863923169829892,1.2647888249599206,1.2662618036275173,448776000,before_trump
2016-07-12,1.2962127923965454,1.3079965099363777,1.275100127756966,1.2913029003331935,436760000,before_trump
2016-07-13,1.2957212924957275,1.3060321443596672,1.2937573597324605,1.298667250171139,324604000,before_trump
2016-07-14,1.3089780807495117,1.3207619123133578,1.2917935214872869,1.3025953280671356,316892000,before_trump
2016-07-15,1.2937573194503784,1.299649234617752,1.272644779515314,1.2922843406585351,428616000,before_trump
2016-07-18,1.3003859519958496,1.311678713847426,1.295476060628253,1.3097147807125962,252992000,before_trump
2016-07-19,1.3138879537582397,1.3190433210077888,1.2971942331098196,1.2996492367873296,382652000,before_trump
2016-07-20,1.331072449684143,1.3381918663707781,1.3129058681427865,1.3183067120980512,296460000,before_trump
2016-07-21,1.3065229654312134,1.3322999168783962,1.3021040293674366,1.3281264577524388,361308000,before_trump
2016-07-22,1.3421200513839722,1.3421200513839722,1.3016134194155256,1.311187724886344,315768000,before_trump
2016-07-25,1.3669147491455078,1.3701061837527837,1.3443292299341736,1.35022114522792,312528000,before_trump
2016-07-26,1.390236735343933,1.3973560350251277,1.376980043765977,1.3789439763958566,514508000,before_trump
2016-07-27,1.3762433528900146,1.4047207827783275,1.3678965522844062,1.402265779450265,446676000,before_trump
2016-07-28,1.3791897296905518,1.3895004658591459,1.3750162695874326,1.3794352066858462,221916000,before_trump
2016-07-29,1.4017751216888428,1.4054575103977203,1.3595500388399,1.3843449689732488,409588000,before_trump
2016-08-01,1.3926914930343628,1.4128221225462247,1.3836082615635377,1.40766675597181,301120000,before_trump
2016-08-02,1.3757524490356445,1.4000564209737172,1.3624957583532422,1.3993198731241359,282748000,before_trump
2016-08-03,1.3794350624084473,1.382135543196314,1.3664238465304033,1.374034217893739,299828000,before_trump
2016-08-04,1.4049667119979858,1.4113495822325743,1.3833632142368613,1.3860635782938522,272712000,before_trump
2016-08-05,1.4287794828414917,1.4295159137094504,1.414295288889135,1.4211691119008247,371588000,before_trump
2016-08-08,1.4420362710952759,1.451856052355535,1.4268155281991555,1.4484191406205469,305064000,before_trump
2016-08-09,1.4457186460494995,1.459711886889713,1.4420362573771894,1.4491555577517923,372344000,before_trump
2016-08-10,1.436389684677124,1.4606936583544485,1.4317252714993327,1.4584842487696061,375740000,before_trump
2016-08-11,1.4656037092208862,1.4717411018153685,1.4410542559039838,1.4440002137142174,681064000,before_trump
2016-08-12,1.5475988388061523,1.5559456404196073,1.4884346796002121,1.5196124764407994,1425744000,before_trump
2016-08-15,1.5461260080337524,1.5588917471565837,1.52525894347228,1.5493174428144603,573304000,before_trump
2016-08-16,1.536797285079956,1.5463714722822657,1.5321328714341496,1.5439165855040142,287652000,before_trump
2016-08-17,1.5012006759643555,1.5402344473431893,1.4891714829660798,1.5367975350579677,595212000,before_trump
2016-08-18,1.5245226621627808,1.5269775492021485,1.4930992652193968,1.498991181411541,331684000,before_trump
2016-08-19,1.5284503698349,1.5399886069644433,1.517157609677747,1.5237859561763991,291560000,before_trump
2016-08-22,1.5348334312438965,1.5370429583936966,1.5149483892619402,1.5331149751612967,244748000,before_trump
2016-08-23,1.5472536087036133,1.5573374153965973,1.542826528712761,1.5504509247064373,339764000,before_trump
2016-08-24,1.5233968496322632,1.553402460526889,1.5162644289149823,1.5526646724292779,298448000,before_trump
2016-08-25,1.5133131742477417,1.5246267470040036,1.49437532137603,1.5238889588419033,406032000,before_trump
2016-08-26,1.525610089302063,1.5342182014647059,1.505196432142958,1.5172479064473907,300024000,before_trump
2016-08-29,1.5246264934539795,1.5379076163772545,1.5221670827125493,1.5317590308853037,274652000,before_trump
2016-08-30,1.5157723426818848,1.5307750872390649,1.5115911922593548,1.5226588329997062,285544000,before_trump
2016-08-31,1.5086396932601929,1.5229046487667683,1.5042127311155615,1.5187236159327575,388544000,before_trump
2016-09-01,1.5531563758850098,1.55881310256478,1.5086398813637054,1.5098696453468723,428492000,before_trump
2016-09-02,1.5379077196121216,1.5580754519740485,1.5204455620732111,1.5563538291564551,323148000,before_trump
2016-09-06,1.5524183511734009,1.5524183511734009,1.535448055162686,1.543318379862126,306812000,before_trump
2016-09-07,1.5295451879501343,1.555123712326004,1.5206911465074966,1.5474993174193354,397988000,before_trump
2016-09-08,1.540612816810608,1.543072344418608,1.5106073305640846,1.5280694840186153,315808000,before_trump
2016-09-09,1.4638772010803223,1.5322504661263436,1.4510879403844164,1.5236423549951448,697760000,before_trump
2016-09-12,1.4941288232803345,1.497080209590553,1.4097689705097198,1.4444475837396846,598260000,before_trump
2016-09-13,1.4724854230880737,1.5076558926501131,1.4641232406057147,1.4904395518146254,471768000,before_trump
2016-09-14,1.485520601272583,1.4904395390009004,1.4636313694284246,1.475928655110855,319048000,before_trump
2016-09-15,1.5418428182601929,1.5435644409404559,1.484537059294551,1.4879804219318262,515212000,before_trump
2016-09-16,1.5455323457717896,1.5556161548118979,1.5278241389633371,1.5472539688450575,902444000,before_trump
2016-09-19,1.5659457445144653,1.6050513270343745,1.5546321731219708,1.5617645936029267,417128000,before_trump
2016-09-20,1.5516806840896606,1.5838997733645432,1.5430725707525064,1.5838997733645432,331112000,before_trump
2016-09-21,1.5952131748199463,1.598164561158725,1.5561075990229691,1.5563535283384113,336212000,before_trump
2016-09-22,1.5991485118865967,1.6094783655804188,1.590048539503013,1.6045594267232308,308732000,before_trump
2016-09-23,1.5974267721176147,1.6057889558345178,1.5902943523441004,1.6011160639477808,276132000,before_trump
2016-09-26,1.5824241638183594,1.5888187961435876,1.5625024787790356,1.5792268476557454,230040000,before_trump
2016-09-27,1.6365327835083008,1.638992312045453,1.5755379534742964,1.5762757416693767,402752000,before_trump
2016-09-28,1.6424347162246704,1.6436644798628401,1.621529203482645,1.6389914718591672,319788000,before_trump
2016-09-29,1.6576838493347168,1.6628488346014774,1.6244810427726732,1.6397297174017695,336684000,before_trump
2016-09-30,1.6852302551269531,1.701708695777475,1.6569462664357784,1.6667841449518142,429932000,before_trump
2016-10-03,1.6835081577301025,1.7095786592698263,1.680556888622967,1.685229897517977,242596000,before_trump
2016-10-04,1.679818868637085,1.7142514337844017,1.66727553600085,1.6859675703040025,281624000,before_trump
2016-10-05,1.6780977249145508,1.7113006530208767,1.6729328562607038,1.6940843068979563,305440000,before_trump
2016-10-06,1.6562076807022095,1.6682590350336284,1.6296453276797684,1.6579293027495552,360212000,before_trump
2016-10-07,1.644156575202942,1.6717026513709374,1.6394835665262504,1.6672755720019563,286260000,before_trump
2016-10-10,1.6503057479858398,1.661619320306434,1.63481102441071,1.6527651590415695,287876000,before_trump
2016-10-11,1.626448154449463,1.6473536673674636,1.6139048232433193,1.6448942573471368,388540000,before_trump
2016-10-12,1.6338268518447876,1.6424349640574538,1.6062807754875221,1.6198078257183883,419920000,before_trump
2016-10-13,1.6072646379470825,1.6183322788072152,1.5666833663110917,1.614643104279419,390116000,before_trump
2016-10-14,1.6230053901672363,1.6380081358317709,1.6134134419693984,1.6269404942745156,330636000,before_trump
2016-10-17,1.613659143447876,1.638007904524791,1.6114456623596962,1.6227592316664468,195328000,before_trump
2016-10-18,1.6382540464401245,1.6476000651839493,1.6294000036616456,1.636040565064692,269372000,before_trump
2016-10-19,1.6348108053207397,1.6424352013975694,1.6188242251322662,1.6271865265206602,199060000,before_trump
2016-10-20,1.6657997369766235,1.6712106503922455,1.630629386158693,1.6539943102750598,312084000,before_trump
2016-10-21,1.6611268520355225,1.6640781207641397,1.6453862048581913,1.6598970883205104,279508000,before_trump
2016-10-24,1.7390925884246826,1.7410601405942816,1.672194876444253,1.672440923082616,339836000,before_trump
2016-10-25,1.7676221132278442,1.7781978950697401,1.727778748200875,1.7361409315790015,397460000,before_trump
2016-10-26,1.774754524230957,1.7941843467209233,1.7511435517098315,1.7528651741281367,333792000,before_trump
2016-10-27,1.7383544445037842,1.79172497878092,1.7312220248890058,1.7882817336374586,388664000,before_trump
2016-10-28,1.7354031801223755,1.7732789940826006,1.7322058642978715,1.7467167501724092,290856000,before_trump
2016-10-31,1.7501598596572876,1.761719358139797,1.740075937031635,1.7410597715462726,252388000,before_trump
2016-11-01,1.6982649564743042,1.7661463688732935,1.6795729223600628,1.7565544225162584,473224000,before_trump
2016-11-02,1.6911325454711914,1.7344192719293412,1.688181159100473,1.7113002741532757,295848000,before_trump
2016-11-03,1.6714566946029663,1.7004784634171586,1.6389916809839349,1.699002770318409,309664000,before_trump
2016-11-04,1.6618647575378418,1.690394667906727,1.637515997185282,1.660389064430711,328780000,before_trump
2016-11-07,1.7528650760650635,1.7639327151502702,1.7093324248775037,1.710562188615132,487580000,before_trump
2016-11-08,1.7501598596572876,1.7651626030259289,1.7339273524645327,1.7595057598010457,429884000,before_trump
2016-11-09,1.7206462621688843,1.7437653783979543,1.6901489141910992,1.7026921309897274,456532000,before_trump
2016-11-10,1.6667839288711548,1.7585222572808987,1.6419433064299993,1.7582763279413942,869280000,before_trump
2016-11-11,2.163597345352173,2.1832731011677717,1.9306853571953482,1.9555260985977838,2175344000,before_trump
2016-11-14,2.0571019649505615,2.169007895276907,2.056610106320972,2.166548367575489,1348796000,before_trump
2016-11-15,2.1198184490203857,2.1508076527156024,2.0642342036185637,2.07308836234011,626092000,before_trump
2016-11-16,2.253612995147705,2.276485939091037,2.1237529741427723,2.148101728081197,987984000,before_trump
2016-11-17,2.272306442260742,2.3313337187125796,2.2295114440072905,2.2703387725575954,832988000,before_trump
2016-11-18,2.2961623668670654,2.320019032412438,2.257794583278457,2.272305466768247,576060000,before_trump
2016-11-21,2.2868173122406006,2.320512101698892,2.2725522347614016,2.314117468410796,436436000,before_trump
2016-11-22,2.303295373916626,2.3055088554647996,2.2720601164949112,2.2946872598106633,330368000,before_trump
2016-11-23,2.3146257400512695,2.3461539381866126,2.2850679221655166,2.3084677145096615,443236000,before_trump
2016-11-25,2.319305896759033,2.3424595105343142,2.300832053834057,2.325710102797175,195564000,before_trump
2016-11-28,2.3180747032165527,2.3335925085207174,2.3055124690043804,2.3121630912231437,278736000,before_trump
2016-11-29,2.2968909740448,2.326202612689697,2.2791563767681806,2.315364581388471,444568000,before_trump
2016-11-30,2.2710278034210205,2.319305640929081,2.2685645933154372,2.305511805280603,440500000,before_trump
2016-12-01,2.158708095550537,2.2702889858199886,2.0880156508424204,2.26856478558088,1035524000,before_trump
2016-12-02,2.178659200668335,2.1872801997960143,2.0966361491313705,2.1244697612741392,478292000,before_trump
2016-12-05,2.263145923614502,2.281126937302344,2.1922070590939335,2.2165922790913366,602284000,before_trump
2016-12-06,2.300339937210083,2.3087147602729505,2.2555104856185673,2.271274706445617,498796000,before_trump
2016-12-07,2.3417201042175293,2.3473852992029913,2.2685644597038044,2.2867918845450754,480804000,before_trump
2016-12-08,2.3025565147399902,2.3798995910465575,2.2919651317472445,2.344676571302274,381544000,before_trump
2016-12-09,2.261667490005493,2.322014720081225,2.2343264722477785,2.3202905202191935,382312000,before_trump
2016-12-12,2.2067394256591797,2.2156068414602625,2.156244790946493,2.213143631253631,601332000,before_trump
2016-12-13,2.245657444000244,2.2732448838548818,2.2180702390502813,2.2190554292543014,387796000,before_trump
2016-12-14,2.3757119178771973,2.3919687289593776,2.255509799973862,2.279402421549892,983980000,before_trump
2016-12-15,2.431379795074463,2.461676630092166,2.37940712790899,2.3867965253825463,746548000,before_trump
2016-12-16,2.473252534866333,2.4803955146877037,2.407239872197899,2.458966105414343,1089528000,before_trump
2016-12-19,2.503303289413452,2.5235010965287312,2.438522222748842,2.455764459470852,744656000,before_trump
2016-12-20,2.59049916267395,2.614145372016952,2.564635923004222,2.57596655002368,848056000,before_trump
2016-12-21,2.6067562103271484,2.609712016124218,2.5545373660867443,2.6020762040571794,576136000,before_trump
2016-12-22,2.6382832527160645,2.681634656623743,2.6239968264398064,2.6311400395779354,718612000,before_trump
2016-12-23,2.704050064086914,2.7055280841001093,2.6175934102635607,2.620302800414895,647692000,before_trump
2016-12-27,2.889772415161133,2.890757605369176,2.7395198679148027,2.760210506616437,1194272000,before_trump
2016-12-28,2.6909947395324707,2.954059444383839,2.6772011426627444,2.9459310412420963,2295764000,before_trump
2016-12-29,2.744691848754883,2.7461698686376934,2.5321217231393662,2.5838479558499152,2175368000,before_trump
2016-12-30,2.6291701793670654,2.7567616881573764,2.6183323840071853,2.7427216727496844,1212932000,before_trump
2017-01-03,2.5126633644104004,2.6200568432898743,2.447882296094783,2.5715325870748407,1501996000,before_trump
2017-01-04,2.5712859630584717,2.5986269818622083,2.500839711150187,2.546900749117676,1199220000,before_trump
2017-01-05,2.5060133934020996,2.6065100974375923,2.4890175668250287,2.574735475066765,984296000,before_trump
2017-01-06,2.5395121574401855,2.5678383751871556,2.492712094732003,2.533354130818216,822856000,before_trump
2017-01-09,2.6424715518951416,2.660206384843895,2.5493645010805395,2.5493645010805395,916248000,before_trump
2017-01-10,2.6225199699401855,2.6895175965180393,2.601829332987309,2.6555261881667245,880920000,before_trump
2017-01-11,2.5902531147003174,2.615869942995343,2.5653752966189156,2.6109437563488354,525664000,before_trump
2017-01-12,2.547886610031128,2.5789224518122715,2.5030571651937796,2.5673456442608598,625616000,before_trump
2017-01-13,2.547639846801758,2.5863112564914488,2.5385260169502115,2.551827021839229,457820000,before_trump
2017-01-17,2.490494728088379,2.5419745503593694,2.4771937225011595,2.537048365095968,580612000,before_trump
2017-01-18,2.5358166694641113,2.542713469529277,2.4412316137202748,2.4690652289423927,654424000,before_trump
2017-01-19,2.5902533531188965,2.6222743914350395,2.5365567157154647,2.538773511655673,644872000,before_trump
2017-01-20,2.5619261264801025,2.6306481831011004,2.54000412092883,2.612913352725845,492024000,during_trump
2017-01-23,2.5885276794433594,2.6084793013615815,2.5542898646694177,2.556753074270106,369904000,during_trump
2017-01-24,2.643702983856201,2.6498610094368327,2.583848337659472,2.598627364148331,428052000,during_trump
2017-01-25,2.655033588409424,2.692227216957473,2.6190715649674945,2.6860691914268755,522760000,during_trump
2017-01-26,2.7008473873138428,2.7082367807737446,2.6281843527284905,2.6577421614726804,458800000,during_trump
2017-01-27,2.7530667781829834,2.7560225831619087,2.6811427384732736,2.7077447483789703,471996000,during_trump
2017-01-30,2.7099616527557373,2.734346868637537,2.6579892358301107,2.7321300735400356,496004000,during_trump
2017-01-31,2.6892707347869873,2.7107001414493848,2.665131703611285,2.6836055406485064,362756000,during_trump
2017-02-01,2.8067638874053955,2.8109510628500782,2.706020798563311,2.72375539517185,590004000,during_trump
2017-02-02,2.842233419418335,2.8508546561259522,2.7602105773327748,2.790753588706701,483240000,during_trump
2017-02-03,2.8173561096191406,2.8547961640560806,2.8055331199848887,2.843711949776972,372744000,during_trump
2017-02-06,2.889525890350342,2.890018485435644,2.807995413663829,2.807995413663829,506768000,during_trump
2017-02-07,2.9343552589416504,2.9784456891947846,2.9040584303532597,2.923763642704225,746224000,during_trump
2017-02-08,2.9215471744537354,2.938789178464692,2.866618706825753,2.9163745732504487,449580000,during_trump
2017-02-09,2.8666183948516846,2.9326310678467475,2.847406012418752,2.927704647291367,842568000,during_trump
2017-02-10,2.798635244369507,2.973026330033305,2.773511019308627,2.9540601299359235,1651092000,during_trump
2017-02-13,2.6695663928985596,2.807502886096421,2.665132567214877,2.79297027365951,1180724000,during_trump
2017-02-14,2.6794183254241943,2.7131635475877682,2.618085670619137,2.659959297102269,850632000,during_trump
2017-02-15,2.684837818145752,2.704543031735819,2.6542948075525503,2.6823748426255,373020000,during_trump
2017-02-16,2.641733169555664,2.6956762167135393,2.602568917148181,2.694444611333555,647176000,during_trump
2017-02-17,2.641240119934082,2.645673945914416,2.5811392857767115,2.6281855268198533,563740000,during_trump
2017-02-21,2.7358248233795166,2.73976581844825,2.665624747602221,2.6658711625647946,551952000,during_trump
2017-02-22,2.7316319942474365,2.757281143038594,2.7126416233918187,2.747909320580203,433772000,during_trump
2017-02-23,2.478346824645996,2.623856331640825,2.4583702551779543,2.6019066602198855,1592888000,during_trump
2017-02-24,2.502270221710205,2.515588016408721,2.360213431324501,2.394001252482252,1029904000,during_trump
2017-02-27,2.5750246047973633,2.5900687736645462,2.504736163027208,2.5205202745996447,715400000,during_trump
2017-02-28,2.50276255607605,2.594507671385891,2.485498797776298,2.584642397841957,625360000,during_trump
2017-03-01,2.5350706577301025,2.5740375935779887,2.4936374035523485,2.5597331354256014,504804000,during_trump
2017-03-02,2.4415996074676514,2.5363042726639202,2.4388867979379465,2.5222465378987975,754332000,during_trump
2017-03-03,2.427541971206665,2.435927125281352,2.3730374113162935,2.4309947232140816,864692000,during_trump
2017-03-06,2.408799409866333,2.4194043966046714,2.3471428274729553,2.3912889160056894,883568000,during_trump
2017-03-07,2.435187578201294,2.4546711692945355,2.395974140433138,2.4087987171726786,603400000,during_trump
2017-03-08,2.43074893951416,2.498324590998428,2.428529345963441,2.4835269086583334,638712000,during_trump
2017-03-09,2.4302549362182617,2.4526978257037215,2.4021394664706945,2.4147175511898666,478060000,during_trump
2017-03-10,2.444559335708618,2.468482112251192,2.426309139831588,2.4566442045690673,499740000,during_trump
2017-03-13,2.511888265609741,2.5217533054392867,2.454177676766404,2.454917619433923,774136000,during_trump
2017-03-14,2.5101616382598877,2.534084175171107,2.4778534772913328,2.524712588192043,522016000,during_trump
2017-03-15,2.5291521549224854,2.540003628725611,2.4741543727995414,2.5217534334749505,615036000,during_trump
2017-03-16,2.5602266788482666,2.5607201307380754,2.525699158627134,2.5397568926604914,523100000,during_trump
2017-03-17,2.615964412689209,2.6171975720183345,2.5602266929377597,2.5777371790895947,1119688000,during_trump
2017-03-20,2.699324369430542,2.703270574030616,2.6174445047976884,2.633475343582517,748568000,during_trump
2017-03-21,2.612018346786499,2.7119021409141495,2.6041264089043605,2.6820602950951726,913484000,during_trump
2017-03-22,2.665289878845215,2.6699757906883845,2.596974303363631,2.6009202724944274,616764000,during_trump
2017-03-23,2.641120195388794,2.677374328188764,2.63150188159349,2.6573975227355398,533940000,during_trump
2017-03-24,2.650491952896118,2.6953779649669403,2.624596312394352,2.687486027442905,439500000,during_trump
2017-03-27,2.6697285175323486,2.673674485854383,2.554554082426224,2.6038792744543255,506644000,during_trump
2017-03-28,2.6559176445007324,2.6855127612073795,2.645559388933568,2.6709618111865305,432444000,during_trump
2017-03-29,2.6472864151000977,2.6756483795102293,2.6450668219621014,2.663317019053304,349992000,during_trump
2017-03-30,2.6980912685394287,2.712888948108521,2.648766061977683,2.654438407812028,525532000,during_trump
2017-03-31,2.6864993572235107,2.710175640183456,2.6734282916070438,2.688472459203871,440808000,during_trump
2017-04-03,2.6729352474212646,2.704256743973971,2.649258962933271,2.6869929825357333,445232000,during_trump
2017-04-04,2.485499620437622,2.5752716637115993,2.47464814522912,2.550115725290693,1271280000,during_trump
2017-04-05,2.4670023918151855,2.5247129839277007,2.4539310898199984,2.466755665845002,747048000,during_trump
2017-04-06,2.4850056171417236,2.49709024812663,2.4270483102367666,2.472181043590089,635120000,during_trump
2017-04-07,2.474400758743286,2.5089285127556025,2.459356591946808,2.491418027415156,429068000,during_trump
2017-04-10,2.4112653732299805,2.481800319954995,2.407072677325054,2.4751415398717254,756332000,during_trump
2017-04-11,2.4198970794677734,2.439133945863622,2.3762442174773253,2.3811766206756446,618148000,during_trump
2017-04-12,2.399920701980591,2.4342017453396054,2.3947415718501945,2.4198975147701094,414092000,during_trump
2017-04-13,2.3550336360931396,2.397453327449566,2.3550336360931396,2.375750382700472,506892000,during_trump
2017-04-17,2.4472718238830566,2.447518314603058,2.362678937110957,2.367858064643812,497292000,during_trump
2017-04-18,2.448751926422119,2.454917723577843,2.40707217253432,2.432967814985023,370116000,during_trump
2017-04-19,2.4583702087402344,2.4904314096612854,2.451711195575946,2.4662621460005667,380828000,during_trump
2017-04-20,2.4973373413085938,2.5020232529185367,2.451711384601372,2.4729213498255564,404016000,during_trump
2017-04-21,2.5076966285705566,2.5104094392276544,2.4751419598805797,2.4869798715488978,341896000,during_trump
2017-04-24,2.5390172004699707,2.552088267214103,2.5183006862938595,2.539263691238097,371820000,during_trump
2017-04-25,2.5831634998321533,2.59771445326342,2.532111917427866,2.5535683761890717,388440000,during_trump
2017-04-26,2.565406084060669,2.599193662201051,2.5634329820724218,2.596727578717111,327004000,during_trump
2017-04-27,2.6053600311279297,2.6137451872171447,2.554801662986068,2.5728053699790014,319700000,during_trump
2017-04-28,2.5723116397857666,2.6053595111440346,2.566639059656247,2.5984540068483755,348248000,during_trump
2017-05-01,2.6300220489501953,2.635201412483449,2.5760109375996976,2.5831631680017098,307732000,during_trump
2017-05-02,2.552088499069214,2.6043734763991346,2.5293988806811862,2.6031403168431275,629972000,during_trump
2017-05-03,2.5710787773132324,2.58069709220683,2.53038545429969,2.5451828980130906,336904000,during_trump
2017-05-04,2.561213731765747,2.588342535324918,2.553321557958685,2.5772443349595466,209788000,during_trump
2017-05-05,2.56145977973938,2.5686120095653564,2.534084254930769,2.5496218738769305,228428000,during_trump
2017-05-08,2.5345776081085205,2.574777470569062,2.5232326841642423,2.573297820594283,365240000,during_trump
2017-05-09,2.538771152496338,2.5878498765884506,2.5318656459268065,2.5402510383047674,847672000,during_trump
2017-05-10,2.9913294315338135,3.0044007325611695,2.812032341630663,2.8186911199192006,2129096000,during_trump
2017-05-11,3.119821786880493,3.2167460461376836,2.957295234945192,2.960747987191408,1939792000,during_trump
2017-05-12,3.1541028022766113,3.1962760068959337,3.102064792891476,3.123028032221316,962620000,during_trump
2017-05-15,3.3124377727508545,3.3149040921973945,3.190850999410223,3.1952904214542284,1087540000,during_trump
2017-05-16,3.374093532562256,3.3896311531607988,3.2890076490229876,3.36348854966512,1120700000,during_trump
2017-05-17,3.1499111652374268,3.3260022804773355,3.1457184692362263,3.307258629084558,1271368000,during_trump
2017-05-18,3.281855344772339,3.2907339513149165,3.133386293148285,3.1938096924275974,1156032000,during_trump
2017-05-19,3.3576502799987793,3.412458776249995,3.3383931516866148,3.3830794652082665,1018372000,during_trump
2017-05-22,3.4292469024658203,3.443566195562287,3.3904856635919525,3.4013488029260985,836608000,during_trump
2017-05-23,3.3830788135528564,3.451219353966947,3.350489869678676,3.4489974233298586,681248000,during_trump
2017-05-24,3.4210994243621826,3.4828209250065685,3.4090018275275833,3.4801050226401857,815996000,during_trump
2017-05-25,3.413445472717285,3.457144300692912,3.368512186638251,3.456403578741106,608228000,during_trump
2017-05-26,3.5018310546875,3.586759805435757,3.3850540812708565,3.4052986788023567,779140000,during_trump
2017-05-30,3.5766375064849854,3.611695131123282,3.531704216065452,3.5477517020622984,989652000,during_trump
2017-05-31,3.5637991428375244,3.6292237753438146,3.5070152463116435,3.6215702762354143,887316000,during_trump
2017-06-01,3.5640459060668945,3.580587362468878,3.5186188828616296,3.579599654695676,503340000,during_trump
2017-06-02,3.546269655227661,3.5872525754679767,3.5403443513390247,3.5610826795004775,487456000,during_trump
2017-06-05,3.6541593074798584,3.666997389762582,3.518372206614892,3.5299758307417206,817376000,during_trump
2017-06-06,3.63761830329895,3.695636427396056,3.624286484047888,3.649468678494987,758728000,during_trump
2017-06-07,3.6815638542175293,3.7003272424263813,3.646506229686417,3.662059979436414,612612000,during_trump
2017-06-08,3.948694944381714,3.950176153074443,3.74748271473313,3.7887126331246663,1161744000,during_trump
2017-06-09,3.6934144496917725,4.160029059327517,3.524297441576402,4.067200061955203,3692928000,during_trump
2017-06-12,3.7025482654571533,3.7452596146552763,3.508496095813104,3.6015720565722806,1697532000,during_trump
2017-06-13,3.737854480743408,3.8210550442969056,3.5958948288645356,3.8119200994381215,1672504000,during_trump
2017-06-14,3.7457547187805176,3.8035260989389137,3.666257530617232,3.7408171207608096,1184640000,during_trump
2017-06-15,3.7618021965026855,3.792168975646112,3.616879901586917,3.6282367765538344,963824000,during_trump
2017-06-16,3.743285655975342,3.819326687371752,3.7092155010773826,3.771430740570632,924960000,during_trump
2017-06-19,3.8840110301971436,3.8891956141167197,3.7837752701876197,3.7874784098736822,778176000,during_trump
2017-06-20,3.8783321380615234,3.9931341673458123,3.8741352624780547,3.926228083009158,1095444000,during_trump
2017-06-21,3.9370908737182617,3.940794248426086,3.8440148888575543,3.905983373788341,682652000,during_trump
2017-06-22,3.9099323749542236,3.958569026584484,3.885984410048298,3.9452369756481827,469132000,during_trump
2017-06-23,3.7978477478027344,3.9333881203936096,3.782787497115875,3.917587383051598,1088588000,during_trump
2017-06-26,3.7563703060150146,3.8662344941884945,3.6620598671144706,3.8306828991011965,1063960000,during_trump
2017-06-27,3.618854522705078,3.7474820896306253,3.6131762038235253,3.7388411184089563,999492000,during_trump
2017-06-28,3.746495008468628,3.7511858555428037,3.598363317793061,3.6865017043533714,994948000,during_trump
2017-06-29,3.621323823928833,3.7210656000053546,3.5571334088160396,3.7181031827990707,1064424000,during_trump
2017-06-30,3.568984270095825,3.652184829760915,3.5428143660116778,3.6386060237586935,731060000,during_trump
2017-07-03,3.4398624897003174,3.595894431796508,3.4213460870712686,3.581081403872802,709072000,during_trump
2017-07-05,3.5317041873931885,3.560589756132536,3.484301980913183,3.503312119400299,820188000,during_trump
2017-07-06,3.5423197746276855,3.5892282405479237,3.450478258282219,3.50257130694383,746284000,during_trump
2017-07-07,3.6232988834381104,3.641568536148228,3.576143660737203,3.599104160679019,654972000,during_trump
2017-07-10,3.79463791847229,3.802044432793964,3.670701178121508,3.6968710818103463,958492000,during_trump
2017-07-11,3.8484585285186768,3.856112027403214,3.756370027004459,3.798340660246315,757956000,during_trump
2017-07-12,4.012144088745117,4.024241449517214,3.8652470941862864,3.908205203715103,1145208000,during_trump
2017-07-13,3.965729236602783,4.105713441088199,3.91931474242303,4.02424109047531,1369132000,during_trump
2017-07-14,4.072383880615234,4.0738648534756745,3.9751105693970428,3.9820233457376686,941948000,during_trump
2017-07-17,4.05510139465332,4.135339513878647,3.9933799093715496,4.106453715613919,930792000,during_trump
2017-07-18,4.097318649291992,4.111884921468947,3.9822694444944786,3.994120050824458,776640000,during_trump
2017-07-19,4.07608699798584,4.132870652174541,4.063989639452447,4.106453769482255,687044000,during_trump
2017-07-20,4.135340213775635,4.135586964140026,4.04670833050211,4.096579216172345,699596000,during_trump
2017-07-21,4.150152206420898,4.179778724180513,4.100528083484497,4.114847606309771,648332000,during_trump
2017-07-24,4.102010726928711,4.166941863791711,4.091394810029202,4.1573134192901025,652524000,during_trump
2017-07-25,4.082260608673096,4.0965801382909435,4.038561768559754,4.079050969622971,496556000,during_trump
2017-07-26,4.129415035247803,4.195333643678015,4.09460392599893,4.139784201641582,640404000,during_trump
2017-07-27,3.993133068084717,4.165953411295825,3.8899346924203537,4.154349553830721,782856000,during_trump
2017-07-28,4.058559894561768,4.0830018452493055,3.9324014275610253,3.957336643701702,513348000,during_trump
2017-07-31,4.012143135070801,4.1081817473049,3.9654818974696626,4.072136423928003,559672000,during_trump
2017-08-01,4.061026096343994,4.0627542901411955,3.9748631567699655,4.002761007811215,431384000,during_trump
2017-08-02,4.058559894561768,4.096086682620553,3.9815318439382184,4.0921367918129805,478444000,during_trump
2017-08-03,4.110159397125244,4.113862537421911,4.041031129234728,4.058066328035876,442420000,during_trump
2017-08-04,4.128180980682373,4.198790203544708,4.110158313944947,4.132871592428813,589096000,during_trump
2017-08-07,4.2550811767578125,4.2555746776153995,4.147685407114341,4.15731432461046,717412000,during_trump
2017-08-08,4.2044677734375,4.309640861043506,4.165212810603996,4.2930996422693335,755336000,during_trump
2017-08-09,4.249155521392822,4.25162443817139,4.13953806509257,4.1583014558915075,530784000,during_trump
2017-08-10,4.067199230194092,4.262732850661939,4.057076816179948,4.250388271048021,1328088000,during_trump
2017-08-11,3.850433588027954,3.925486899777949,3.7751335259220133,3.879566140548919,1497196000,during_trump
2017-08-14,4.157559871673584,4.1612630106247055,3.9304247550181044,3.942028378932659,1279020000,during_trump
2017-08-15,4.122501850128174,4.188913952737217,4.0881847159132265,4.16274428896778,764532000,during_trump
2017-08-16,4.077322959899902,4.161017504034305,4.044981230204431,4.137563498837201,596632000,during_trump
2017-08-17,3.986469030380249,4.085964081868267,3.9842473346241225,4.06892935444608,525444000,during_trump
2017-08-18,3.9872074127197266,4.0578170816565615,3.9412866647851375,4.0407818933336275,601204000,during_trump
2017-08-21,3.9291903972625732,4.023007098751656,3.8852448167483136,4.011650460353165,623672000,during_trump
2017-08-22,4.016664981842041,4.022595504064445,3.9464877639599423,3.96576184335469,450456000,during_trump
2017-08-23,4.096973419189453,4.108093088507074,3.974657056695623,3.983306107331306,579520000,during_trump
2017-08-24,4.081899166107178,4.133544136322047,4.055459497754205,4.129095892357639,469700000,during_trump
2017-08-25,4.047800540924072,4.116248281827089,4.041375611819562,4.106116952892922,357200000,during_trump
2017-08-28,4.076463222503662,4.079675686175022,4.011227964041192,4.066826302801743,389496000,during_trump
2017-08-29,4.069792747497559,4.091538155446564,4.009499647291992,4.01765429310095,324096000,during_trump
2017-08-30,4.094008445739746,4.105128115197941,4.059166689087475,4.089560200906684,384400000,during_trump
2017-08-31,4.186919212341309,4.190872579373662,4.106857874189338,4.114270673031117,612684000,during_trump
2017-09-01,4.212123870849609,4.247707004498559,4.190872871974175,4.199521923413841,445432000,during_trump
2017-09-05,4.0996928215026855,4.165669484919512,4.041623837185816,4.160727303310133,695364000,during_trump
2017-09-06,4.0972208976745605,4.146394793459077,4.062379608430646,4.132557064816129,397672000,during_trump
2017-09-07,4.116249084472656,4.148619290009059,4.075971199833012,4.114024961353798,352868000,during_trump
2017-09-08,4.044835567474365,4.119460808188558,4.020619539003748,4.104634735638924,498856000,during_trump
2017-09-11,4.176046848297119,4.186672583508916,4.085112800823464,4.090549387901223,567444000,during_trump
2017-09-12,4.191120147705078,4.200757069284288,4.125884876534656,4.200757069284288,411488000,during_trump
2017-09-13,4.209900856018066,4.238811626252256,4.133545900412681,4.165916103220826,580960000,during_trump
2017-09-14,4.185930252075195,4.264014895173297,4.146393759720119,4.170856746382945,513712000,during_trump
2017-09-15,4.450578689575195,4.450578689575195,4.266239505088485,4.271428653202483,1364792000,during_trump
2017-09-18,4.634424209594727,4.724617368268272,4.567953615303128,4.5748724805630365,1684460000,during_trump
2017-09-19,4.629482269287109,4.691258118212478,4.562022865047172,4.584015240707539,874280000,during_trump
2017-09-20,4.592167377471924,4.68063030486157,4.551889515452202,4.633186613448245,724920000,during_trump
2017-09-21,4.466640949249268,4.514579067439254,4.388803249103814,4.488385885529464,1075600000,during_trump
2017-09-22,4.423150062561035,4.504941591679999,4.413266173214753,4.455273763389031,491232000,during_trump
2017-09-25,4.225466728210449,4.3934970557306094,4.204710140500535,4.392261275236163,874580000,during_trump
2017-09-26,4.2491888999938965,4.415242566152371,4.209405434980537,4.3601386259142245,1125620000,during_trump
2017-09-27,4.342347145080566,4.355690937088015,4.268710264052743,4.339629087419258,713720000,during_trump
2017-09-28,4.341111660003662,4.353466638441258,4.29366748706393,4.349512800258875,435244000,during_trump
2017-09-29,4.417465686798096,4.441187297075504,4.379905881385383,4.425125922673376,619092000,during_trump
2017-10-02,4.423150062561035,4.496786947005479,4.37372967320511,4.467628742899948,503480000,during_trump
2017-10-03,4.432292461395264,4.462192035717255,4.38806075454348,4.429326965065972,390332000,during_trump
2017-10-04,4.469357490539551,4.491596825890566,4.401898110466518,4.4384695771422695,427848000,during_trump
2017-10-05,4.4668869972229,4.497280979539109,4.436987421423404,4.493821547858781,437364000,during_trump
2017-10-06,4.479982852935791,4.493326642972605,4.423149204116236,4.439211051412951,318800000,during_trump
2017-10-09,4.581048011779785,4.614160046581783,4.498021192866473,4.51680109662735,563492000,during_trump
2017-10-10,4.668524265289307,4.767859933744138,4.6272580443633835,4.7303001128520386,974876000,during_trump
2017-10-11,4.718192100524902,4.719674849063674,4.63911909103768,4.685080053928779,529508000,during_trump
2017-10-12,4.7204155921936035,4.771318729199769,4.693234072074537,4.721650901602538,528292000,during_trump
2017-10-13,4.808382987976074,4.818514313691664,4.735734935045249,4.782684222346736,628728000,during_trump
2017-10-16,4.89091682434082,4.8938823211764655,4.775025377676239,4.8382839686308765,576640000,during_trump
2017-10-17,4.88646936416626,4.914886197000404,4.851875040944224,4.870160544459828,478596000,during_trump
2017-10-18,4.882267951965332,4.896105679537642,4.777002246843906,4.895364776685337,567316000,during_trump
2017-10-19,4.887702465057373,4.892644171870717,4.755502263731447,4.804675663536569,570772000,during_trump
2017-10-20,4.86546516418457,4.931935743841311,4.856569145585937,4.9047546954385695,451620000,during_trump
2017-10-23,4.858545780181885,4.913649716558175,4.838283126373257,4.887209573833711,428696000,during_trump
2017-10-24,4.909450054168701,4.911179770320396,4.841743685293581,4.867689427569,407244000,during_trump
2017-10-25,4.785402774810791,4.922792633781748,4.7238743827795,4.869912349063395,828160000,during_trump
2017-10-26,4.835565567016602,4.847179171964622,4.789110204600038,4.813079259964533,322744000,during_trump
2017-10-27,4.988029479980469,4.988276447644695,4.861759249335433,4.887705464761543,572192000,during_trump
2017-10-30,5.036954879760742,5.0925527564727116,4.972213545653192,4.988028427761887,504056000,during_trump
2017-10-31,5.1103434562683105,5.137030564535943,5.063146728175267,5.0688302814769175,411908000,during_trump
2017-11-01,5.119980812072754,5.188428539844727,5.055733889914241,5.173108065563213,502576000,during_trump
2017-11-02,5.088846683502197,5.1350550807953,5.032259990087085,5.090329431894561,342308000,during_trump
2017-11-03,5.156799793243408,5.156799793243408,5.074020395452849,5.119981351830482,353640000,during_trump
2017-11-06,5.180027008056641,5.188675587007514,5.107625912464412,5.119980890590744,389944000,during_trump
2017-11-07,5.239333152770996,5.260831593412942,5.190654130030988,5.202762143800699,427700000,during_trump
2017-11-08,5.168413162231445,5.238590603560135,5.120969464018777,5.2348837332458915,522988000,during_trump
2017-11-09,5.073526382446289,5.098483781790467,4.951210476027397,5.072291072951433,978564000,during_trump
2017-11-10,5.340892314910889,5.403409531578979,5.229448642325893,5.265278744067697,1253256000,during_trump
2017-11-13,5.254158973693848,5.3663435470419945,5.238838497186008,5.340892213383599,582376000,during_trump
2017-11-14,5.292459011077881,5.307779485609824,5.219563508909573,5.263300810210557,529292000,during_trump
2017-11-15,5.188676357269287,5.238591626311397,5.134808192182004,5.237355845527989,501948000,during_trump
2017-11-16,5.2289557456970215,5.292955729262144,5.220060195256947,5.2628091735347695,441768000,during_trump
2017-11-17,5.222777366638184,5.32137166440065,5.2077043269914425,5.286035965034303,515664000,during_trump
2017-11-20,5.289989948272705,5.3020979623771,5.201526506648014,5.238344955609522,396100000,during_trump
2017-11-21,5.338667869567871,5.350281945937201,5.297896061091217,5.3297723222342634,399176000,during_trump
2017-11-22,5.314682483673096,5.365868598461537,5.28204218568503,5.365868598461537,356640000,during_trump
2017-11-24,5.364879131317139,5.365868631441403,5.306522205971333,5.331002665432702,180752000,during_trump
2017-11-27,5.29514741897583,5.37477010368968,5.291932722824228,5.373533936052745,422896000,during_trump
2017-11-28,5.210331916809082,5.309736583962597,5.149255048882335,5.300340106463122,512752000,during_trump
2017-11-29,4.856976509094238,5.195743058450176,4.728640511022407,5.193023112176003,1396788000,during_trump
2017-11-30,4.963056564331055,5.011769866303854,4.862663346942954,4.925718267605678,823768000,during_trump
2017-12-01,4.8881330490112305,4.948715643130709,4.759302771986435,4.928438908139276,811548000,during_trump
2017-12-04,4.615634918212891,4.952918073893518,4.562223620044017,4.9467358220135615,1240844000,during_trump
2017-12-05,4.642343521118164,4.764992062280555,4.465294618931444,4.510298498221401,981488000,during_trump
2017-12-06,4.679925918579102,4.701685952250011,4.570630057063145,4.591895812491274,467032000,during_trump
2017-12-07,4.747432708740234,4.78724428291413,4.701192214549227,4.74669081957679,542600000,during_trump
2017-12-08,4.73507022857666,4.816423841368,4.7266627783234965,4.797383272862981,466876000,during_trump
2017-12-11,4.8134541511535645,4.816421707170203,4.7333372132974745,4.749162606587735,372748000,during_trump
2017-12-12,4.718997478485107,4.793180284562246,4.695506515962559,4.769936461284419,455016000,during_trump
2017-12-13,4.603766441345215,4.761280417830315,4.596348020775363,4.760044250221848,554280000,during_trump
2017-12-14,4.610937595367432,4.681905695368325,4.564697094139371,4.597337392460388,438164000,during_trump
2017-12-15,4.736801624298096,4.757078362643522,4.5899202558411485,4.654953724788259,670036000,during_trump
2017-12-18,4.893572807312012,4.896539892444986,4.74768050971496,4.777353247603367,477704000,during_trump
2017-12-19,4.84930944442749,4.889368151750912,4.8208728795172515,4.884175400027466,373100000,during_trump
2017-12-20,4.866372585296631,4.897776241922263,4.810735610139797,4.8886273753593645,288820000,during_trump
2017-12-21,4.843870162963867,4.894808658417504,4.835462714837829,4.869833924847544,300904000,during_trump
2017-12-22,4.82853889465332,4.8379353708004915,4.7291342418057365,4.807025996671043,466276000,during_trump
2017-12-26,4.88219690322876,4.889862461294232,4.74322830149422,4.773148644699506,355080000,during_trump
2017-12-27,4.875520706176758,4.944757872631358,4.854255419420503,4.868844647490748,329488000,during_trump
2017-12-28,4.881209373474121,4.930169821483746,4.875027591624164,4.899260440594239,240248000,during_trump
2017-12-29,4.784771919250488,4.9074204056767545,4.784771919250488,4.9074204056767545,279964000,during_trump
2018-01-02,4.929427623748779,4.93313706993842,4.809499554116802,4.841150350670441,355616000,during_trump
2018-01-03,5.253852844238281,5.284267946595606,5.038229068022245,5.046883656910983,914704000,during_trump
2018-01-04,5.2815470695495605,5.391831990949807,5.259292279587528,5.335205987634807,583268000,during_trump
2018-01-05,5.326303958892822,5.363642255362587,5.219480878792196,5.296383610897504,580124000,during_trump
2018-01-08,5.489504337310791,5.563686637150305,5.404936062719768,5.449940381177776,881216000,during_trump
2018-01-09,5.4880218505859375,5.534509486398789,5.406421112906003,5.494945520956376,497000000,during_trump
2018-01-10,5.53104829788208,5.534510133472043,5.341141147227366,5.395541488161039,582664000,during_trump
2018-01-11,5.540937423706055,5.595090604874759,5.519424057400571,5.5636864856251735,406032000,during_trump
2018-01-12,5.51373815536499,5.563440484291584,5.473185163885466,5.529069273621314,359916000,during_trump
2018-01-16,5.442770957946777,5.625754435379126,5.358203126153109,5.540197575090755,702348000,during_trump
2018-01-17,5.556765079498291,5.566655836469395,5.363396087897793,5.457360401502112,538408000,during_trump
2018-01-18,5.549840450286865,5.604240783338405,5.506319900861838,5.537476416657203,408632000,during_trump
2018-01-19,5.69004487991333,5.714277723985604,5.613142623694635,5.6400954134999735,609380000,during_trump
2018-01-22,5.778570652008057,5.780301569852812,5.64034389201155,5.697958930975417,550944000,during_trump
2018-01-23,5.907648086547852,5.93039715599044,5.813436169281299,5.831981514049555,475228000,during_trump
2018-01-24,5.830743789672852,5.946715716961813,5.775106826942851,5.9108607330203045,579972000,during_trump
2018-01-25,5.8443450927734375,5.92841863641957,5.829508723788727,5.885145225391306,409884000,during_trump
2018-01-26,6.016942501068115,6.017189640231004,5.875253940194638,5.888112251259237,516356000,during_trump
2018-01-29,6.103981971740723,6.135138951059466,5.9496827396821175,6.002352141469284,455116000,during_trump
2018-01-30,6.001858711242676,6.093350669826824,5.895283245374639,5.962047609343641,570832000,during_trump
2018-01-31,6.078019142150879,6.163823592550326,6.0446369624159155,6.077277253049266,478576000,during_trump
2018-02-01,5.946965217590332,6.105221582380116,5.886630229072852,5.898004765274062,519224000,during_trump
2018-02-02,5.7743659019470215,5.884403678446411,5.716256594851452,5.860417972101379,718464000,during_trump
2018-02-05,5.284267902374268,5.767195844883345,5.069138406386627,5.613143692313274,1165204000,during_trump
2018-02-06,5.578030109405518,5.580997194614339,5.044410375745809,5.054301603054567,1114800000,during_trump
2018-02-07,5.657651901245117,5.810220722556652,5.605724376633851,5.67693960441476,802932000,during_trump
2018-02-08,5.378726959228516,5.816403428838523,5.3784793483769375,5.783268852139896,1144000000,during_trump
2018-02-09,5.738759517669678,5.907153769636017,5.378727192541454,5.891328369875546,1674604000,during_trump
2018-02-12,5.638613224029541,5.822833356326904,5.564430892641472,5.819865798953115,1093172000,during_trump
2018-02-13,5.752358913421631,5.798599410097212,5.569869733517109,5.602262889436737,625524000,during_trump
2018-02-14,5.969714164733887,5.99864548827701,5.7009262181630325,5.712053614015025,744988000,during_trump
2018-02-15,6.0953288078308105,6.141569301901227,5.972186054731981,6.053044898741899,698900000,during_trump
2018-02-16,6.0295538902282715,6.1818751002699495,6.020404552835836,6.06812882481201,637656000,during_trump
2018-02-20,6.159127235412598,6.228116808973568,6.048347551683565,6.052056998182356,686240000,during_trump
2018-02-21,5.9719390869140625,6.230589125892511,5.968230112346814,6.223665455159143,892292000,during_trump
2018-02-22,5.991485595703125,6.077590671661302,5.925917145736419,6.005836599007075,534364000,during_trump
2018-02-23,6.085015296936035,6.085015296936035,6.000642192093379,6.051365066518007,415300000,during_trump
2018-02-26,6.101097106933594,6.135736973848416,6.038744874554123,6.1312833440926235,469312000,during_trump
2018-02-27,6.088230133056641,6.158747266903938,6.065219164596439,6.074373715883196,455436000,during_trump
2018-02-28,5.98777437210083,6.138705549196051,5.976145004916738,6.099116997308836,523116000,during_trump
2018-03-01,5.745541572570801,6.039486777893702,5.644343143792611,5.985547223451761,1040120000,during_trump
2018-03-02,5.852679252624512,5.859112641497202,5.489206467370727,5.637911098651393,913428000,during_trump
2018-03-05,5.830657005310059,5.8702455565521285,5.678983008515149,5.802450056365212,620776000,during_trump
2018-03-06,5.991733551025391,6.01103324338659,5.8729678833341135,5.916020426073882,636808000,during_trump
2018-03-07,5.983816146850586,6.03602371607225,5.887566390216734,5.888803326161864,581208000,during_trump
2018-03-08,5.967485427856445,6.0112803193301945,5.9231954788803955,6.0112803193301945,411912000,during_trump
2018-03-09,6.070169925689697,6.083035760438983,5.998910417290886,6.014992946693944,505524000,during_trump
2018-03-12,6.179779052734375,6.259945802774405,6.103323582105625,6.111488963129783,605060000,during_trump
2018-03-13,6.129056453704834,6.297060756505597,6.08773590510817,6.222584568756178,619772000,during_trump
2018-03-14,6.154541492462158,6.199326025828772,6.092189261251881,6.172108718373038,505496000,during_trump
2018-03-15,6.169386386871338,6.2505427706721015,6.127323494603225,6.168149451186715,401952000,during_trump
2018-03-16,6.19759464263916,6.2166465709606324,6.148108710017586,6.185717981055356,399456000,during_trump
2018-03-19,5.9630303382873535,6.169633026849177,5.8640589763435855,6.140684204337709,713772000,during_trump
2018-03-20,6.1753249168396,6.214171116882688,5.966000091639307,5.966000091639307,554696000,during_trump
2018-03-21,6.150087356567383,6.2352027866223585,6.11965335776843,6.168891516754461,438688000,during_trump
2018-03-22,5.984063625335693,6.133263306161013,5.946702117893252,6.086746773482351,551196000,during_trump
2018-03-23,5.764348030090332,6.000147418959587,5.753213717033503,5.997673074732191,735620000,during_trump
2018-03-26,6.049136638641357,6.050373574448472,5.836842870409199,5.888802669097975,611424000,during_trump
2018-03-27,5.58001184463501,6.185717268211936,5.439719916684064,6.130045718411473,1409000000,during_trump
2018-03-28,5.476833820343018,5.675766216082977,5.36920247802228,5.545618962324173,945904000,during_trump
2018-03-29,5.73020076751709,5.82694509225424,5.460750767474767,5.545123847267335,916628000,during_trump
2018-04-02,5.469412326812744,5.805915572990923,5.381575235090107,5.659685282006376,922092000,during_trump
2018-04-03,5.575804710388184,5.699519038059424,5.4768333426377325,5.636424938597482,667432000,during_trump
2018-04-04,5.597826957702637,5.608218917635553,5.294974003307055,5.319964260088515,789168000,during_trump
2018-04-05,5.47757625579834,5.669333389011944,5.406069476542939,5.656219793521149,701240000,during_trump
2018-04-06,5.301158905029297,5.483019122976344,5.2719623153048065,5.374892729510838,662988000,during_trump
2018-04-09,5.32986307144165,5.492176373858907,5.3098210245108355,5.364255654377746,499524000,during_trump
2018-04-10,5.6391472816467285,5.666116823463304,5.503061220984124,5.560217470287627,761676000,during_trump
2018-04-11,5.597826957702637,5.665622461978892,5.565166377361246,5.624301915026737,460244000,during_trump
2018-04-12,5.804676532745361,5.8224915220699485,5.646569623329924,5.690859567914785,593920000,during_trump
2018-04-13,5.727975368499756,5.87668000313358,5.679726838598095,5.868267327617842,503036000,during_trump
2018-04-16,5.727727890014648,5.761130826232985,5.633457412593978,5.734655864465901,350792000,during_trump
2018-04-17,5.877420425415039,5.898699400052661,5.724262210439193,5.7799337543440705,447224000,during_trump
2018-04-18,5.848472595214844,5.919732094901105,5.759398574556649,5.826946322429722,391364000,during_trump
2018-04-19,5.667107105255127,5.76756319722322,5.611683314890839,5.734160264166391,471996000,during_trump
2018-04-20,5.658941268920898,5.742819291058445,5.627765391945849,5.658446211473929,386200000,during_trump
2018-04-23,5.539433479309082,5.7279739206725395,5.513453580841575,5.676756473969848,427508000,during_trump
2018-04-24,5.473123073577881,5.661168471030406,5.407801911618028,5.565166486163783,414596000,during_trump
2018-04-25,5.360790729522705,5.482525803034803,5.203426143140118,5.443431831258896,588492000,during_trump
2018-04-26,5.572589874267578,5.580755256693833,5.456545830216349,5.522609352291217,375824000,during_trump
2018-04-27,5.600053310394287,5.6982828121632085,5.557743122100233,5.67848853614771,400848000,during_trump
2018-04-30,5.564672470092773,5.6661182187301895,5.545373246780413,5.6163849876668746,327844000,during_trump
2018-05-01,5.620096206665039,5.622817843342413,5.497866073527672,5.556507032192569,253788000,during_trump
2018-05-02,5.599559783935547,5.661169202425866,5.573332115489704,5.616632426917046,268248000,during_trump
2018-05-03,5.764841079711914,5.791068743987524,5.586197532717179,5.6314771233410825,443144000,during_trump
2018-05-04,5.915030479431152,5.918247173315087,5.718819703435765,5.7361396367603525,400660000,during_trump
2018-05-07,6.15305757522583,6.210213833772443,6.009796225611137,6.019693601194193,687616000,during_trump
2018-05-08,6.195614814758301,6.198336451147336,6.1043132817720185,6.153304152573014,506616000,during_trump
2018-05-09,6.328732013702393,6.3309590648831895,6.1884400595666555,6.215657371645251,596760000,during_trump
2018-05-10,6.436362266540527,6.44551681796029,6.363865373796448,6.381680363050217,994080000,during_trump
2018-05-11,6.29780387878418,6.427951645476578,6.199080235992991,6.254504035454711,1214456000,during_trump
2018-05-14,6.318338871002197,6.395784455152984,6.294586022511352,6.335906568545893,523140000,during_trump
2018-05-15,6.075859546661377,6.257472512843502,5.975403453044247,6.254750404293868,963528000,during_trump
2018-05-16,6.08699369430542,6.149098165018366,6.000393550833762,6.0372604704029325,553828000,during_trump
2018-05-17,6.12905740737915,6.222832829811196,6.072643495063497,6.088726495597261,519784000,during_trump
2018-05-18,6.08526086807251,6.244357421068519,6.080312181252456,6.181016023116278,483716000,during_trump
2018-05-21,6.043198585510254,6.1864599214987495,5.950412821942144,6.182748641974521,640624000,during_trump
2018-05-22,6.005095958709717,6.0817987401279705,5.944475706471924,6.056561184726141,518264000,during_trump
2018-05-23,6.128636837005615,6.129875009851797,5.948149769558059,5.9488925788208515,442956000,during_trump
2018-05-24,6.132350444793701,6.174687267433492,6.071693197285714,6.124923296574117,437372000,during_trump
2018-05-25,6.171716690063477,6.188057079007608,6.109326371672047,6.144977914720774,292112000,during_trump
2018-05-29,6.154634952545166,6.222720316159297,6.107842202645567,6.153644697256646,352684000,during_trump
2018-05-30,6.263570308685303,6.27223563169847,6.163547453204923,6.188305721338838,390996000,during_trump
2018-05-31,6.243764400482178,6.318286657922928,6.220987112679698,6.231632947074919,493868000,during_trump
2018-06-01,6.378200531005859,6.384390452247241,6.279910739502673,6.28857606257098,421968000,during_trump
2018-06-04,6.557201385498047,6.579235858049275,6.380180434652828,6.412365847431681,642024000,during_trump
2018-06-05,6.562647819519043,6.600280342006725,6.51560716640944,6.560419391651511,391712000,during_trump
2018-06-06,6.564628601074219,6.56784728405229,6.456187884859684,6.472528273223856,371356000,during_trump
2018-06-07,6.508923053741455,6.572798988138197,6.418555318599092,6.560914983547033,369448000,during_trump
2018-06-08,6.493574142456055,6.536157949325757,6.417318825500218,6.436135090939634,360456000,during_trump
2018-06-11,6.452474117279053,6.522539498031053,6.4395998579768765,6.480945955158454,265372000,during_trump
2018-06-12,6.501000881195068,6.513132332998296,6.42870706183112,6.478966405812023,319160000,during_trump
2018-06-13,6.496545314788818,6.57750446706088,6.487384627238943,6.502487318574585,338208000,during_trump
2018-06-14,6.608204364776611,6.664900607157869,6.52674985340261,6.541605098133078,430016000,during_trump
2018-06-15,6.567352294921875,6.622315465483225,6.520064191471097,6.5510119056259235,432260000,during_trump
2018-06-18,6.563143253326416,6.58072134186813,6.496048637589691,6.523282302544806,356268000,during_trump
2018-06-19,6.441333770751953,6.527244659313467,6.313829333838904,6.459902116741175,594932000,during_trump
2018-06-20,6.494316101074219,6.547298288920475,6.44405676049769,6.482432095803678,369780000,during_trump
2018-06-21,6.365573883056641,6.544575365635083,6.357898815530794,6.526254465198224,359516000,during_trump
2018-06-22,6.213062286376953,6.399739279455761,6.197712625955044,6.386369656755711,434160000,during_trump
2018-06-25,5.920173168182373,6.110315807472632,5.831538977746476,6.106602233463799,665816000,during_trump
2018-06-26,5.991230010986328,6.0818452018183935,5.939732966895347,6.033566841039264,478884000,during_trump
2018-06-27,5.835996150970459,6.101155948923864,5.830549039832331,6.03480413800863,453892000,during_trump
2018-06-28,5.963253974914551,5.975137981696994,5.81841840961866,5.8260934776562925,338012000,during_trump
2018-06-29,5.865212440490723,6.04099527582664,5.863974267157504,6.028368930066301,392300000,during_trump
2018-07-02,5.997419834136963,6.001133408836473,5.775091271337971,5.7956405994946225,357572000,during_trump
2018-07-03,5.863725662231445,6.038023316226772,5.855307785238766,6.032081313186332,222732000,during_trump
2018-07-05,6.009552001953125,6.01450327806782,5.880066569003421,5.918936801795874,306216000,during_trump
2018-07-06,6.123438835144043,6.131856712126516,5.963748507103263,5.985040645286968,296352000,during_trump
2018-07-09,6.170974254608154,6.2073690814329,6.092243542502406,6.197713503795584,303880000,during_trump
2018-07-10,6.270007610321045,6.292042086228743,6.14299805972988,6.183353908867188,360016000,during_trump
2018-07-11,6.128389835357666,6.211824841146455,6.117743531452364,6.17716355453527,367508000,during_trump
2018-07-12,6.21999454498291,6.268025452880988,6.163793679385204,6.17369717356916,345508000,during_trump
2018-07-13,6.172706604003906,6.238563519780139,6.130617697096456,6.238563519780139,246988000,during_trump
2018-07-16,6.14497709274292,6.197959744926717,6.132598197893225,6.14497709274292,197036000,during_trump
2018-07-17,6.280900478363037,6.296003167168978,6.070208477804662,6.095709553437782,362136000,during_trump
2018-07-18,6.231631278991699,6.28733725478438,6.1806296047363105,6.27347274031591,277640000,during_trump
2018-07-19,6.239802360534668,6.273473869992369,6.197713918161926,6.21281613604545,235752000,during_trump
2018-07-20,6.211578369140625,6.2761971231198626,6.2006846178303485,6.2373268924378715,222352000,during_trump
2018-07-23,6.174936294555664,6.186820301420069,6.023168469627422,6.185087236761706,301584000,during_trump
2018-07-24,6.157604694366455,6.309619941496792,6.140026132536312,6.222966249773674,354620000,during_trump
2018-07-25,6.235841274261475,6.248468090175373,6.109079168099569,6.167013581637125,319112000,during_trump
2018-07-26,6.309372425079346,6.346262143252543,6.198951188505975,6.215786942065427,325124000,during_trump
2018-07-27,6.239553928375244,6.352946392455769,6.185581015704775,6.346014135069161,295420000,during_trump
2018-07-30,6.044212818145752,6.259609131637959,6.009303609004274,6.253667128545268,340340000,during_trump
2018-07-31,6.062286853790283,6.137056554957912,5.994944775256093,6.03381500869918,283988000,during_trump
2018-08-01,6.102146625518799,6.148939839829609,6.03827068394019,6.093729220859545,283556000,during_trump
2018-08-02,6.204892158508301,6.208853178292577,5.971917800416814,6.030841983616854,269668000,during_trump
2018-08-03,6.2415361404418945,6.265304156377125,6.212569402273672,6.229404686707172,214288000,during_trump
2018-08-06,6.289316654205322,6.292782782210383,6.182361577349431,6.228906859767254,207508000,during_trump
2018-08-07,6.361611366271973,6.380180181670355,6.311352502967718,6.338091276028667,258132000,during_trump
2018-08-08,6.398006439208984,6.4430665870787545,6.327941051926506,6.362850258823024,262100000,during_trump
2018-08-09,6.349480628967285,6.4185557611067585,6.3418055618157165,6.415832441580327,204280000,during_trump
2018-08-10,6.308133602142334,6.340566930434795,6.256389122060585,6.267530316469659,256396000,during_trump
2018-08-13,6.341063499450684,6.4618836057240046,6.31506752969326,6.316800594343754,375208000,during_trump
2018-08-14,6.472529411315918,6.486641846426424,6.3633458665832725,6.446533441671169,466220000,during_trump
2018-08-15,6.41434907913208,6.527246217482987,6.3356178755582375,6.493327256263834,591136000,during_trump
2018-08-16,6.373744964599609,6.486642569163837,6.313582586875824,6.484166694794473,801260000,during_trump
2018-08-17,6.061295986175537,6.263075227863287,6.034309290557823,6.262332418452518,1143188000,during_trump
2018-08-20,6.136065483093262,6.2687691120216,5.910270790668883,6.020692499111759,854388000,during_trump
2018-08-21,6.27174186706543,6.276198252240779,6.132600837933652,6.152407361554471,673988000,during_trump
2018-08-22,6.5069427490234375,6.511894496822788,6.235593486319353,6.239059615333967,749856000,during_trump
2018-08-23,6.606470108032227,6.6718316619333,6.454454864404823,6.468319379205098,720684000,during_trump
2018-08-24,6.739669322967529,6.754276647598752,6.6104318293385935,6.614888213218102,531512000,during_trump
2018-08-27,6.830780506134033,6.905054842090355,6.737937350076276,6.769379960259736,505776000,during_trump
2018-08-28,6.793147087097168,6.847615367093429,6.673069803168664,6.824837611114621,475384000,during_trump
2018-08-29,6.898674964904785,6.923694354837925,6.764659899457396,6.785468048809754,420108000,during_trump
2018-08-30,6.881832122802734,6.978689741035603,6.844922215444415,6.867464384187811,346608000,during_trump
2018-08-31,6.952925205230713,6.965806508449001,6.851856373061698,6.861765285914059,306592000,during_trump
2018-09-04,7.027734279632568,7.065386911889793,6.911306941159013,6.939794350737068,391720000,during_trump
2018-09-05,6.896939754486084,7.045570119555992,6.815936340180612,7.010146658672871,393156000,during_trump
2018-09-06,6.755741119384766,6.8830677035966215,6.722794886149796,6.880590475705456,322796000,during_trump
2018-09-07,6.734437465667725,6.860030031182686,6.6187533387279105,6.663590074554872,295420000,during_trump
2018-09-10,6.805532932281494,6.83525919719631,6.71313463870323,6.756980584150738,220140000,during_trump
2018-09-11,6.757724761962891,6.846902624438105,6.738402568896531,6.759210721057981,243112000,during_trump
2018-09-12,6.643774509429932,6.737411665154448,6.48820806040725,6.717841891296441,419092000,during_trump
2018-09-13,6.7215576171875,6.81222190504154,6.692326984726139,6.7096671103416945,305536000,during_trump
2018-09-14,6.847645282745361,6.913785812790336,6.775064337191274,6.811974235155938,386936000,during_trump
2018-09-17,6.785715103149414,6.871177813474078,6.76639338667431,6.822129834172369,205528000,during_trump
2018-09-18,6.713628768920898,6.892480548087068,6.7069407737656235,6.789678195710554,299520000,during_trump
2018-09-19,6.7374114990234375,6.75524725978903,6.6450131960337275,6.695051980627779,224860000,during_trump
2018-09-20,6.596212387084961,6.657646040442325,6.5422099458977865,6.6152865246301396,430584000,during_trump
2018-09-21,6.526108264923096,6.653682920773438,6.49291444593147,6.608102960567568,435128000,during_trump
2018-09-24,6.581845283508301,6.5853133088490425,6.407947909303922,6.495144177506731,293912000,during_trump
2018-09-25,6.6489763259887695,6.673995718069622,6.562275223761727,6.647985529146409,280388000,during_trump
2018-09-26,6.61206579208374,6.694308064383507,6.596212099161905,6.6539301439147955,268548000,during_trump
2018-09-27,6.62395715713501,6.668546323924885,6.592497348277118,6.647242537405698,214428000,during_trump
2018-09-28,6.961346626281738,6.983641205833777,6.727997229117716,6.755989480326985,709396000,during_trump
2018-10-01,7.167943477630615,7.234826747374432,7.000486540994957,7.03913044944934,622060000,during_trump
2018-10-02,7.096602916717529,7.252168918717361,7.074308329682784,7.140448874888118,383964000,during_trump
2018-10-03,7.1027936935424805,7.174383837942458,6.9987524750351024,7.166952153590877,320552000,during_trump
2018-10-04,6.918492317199707,7.090903237520863,6.841452081406057,7.0666270632774975,391220000,during_trump
2018-10-05,6.6848955154418945,6.955898063404618,6.627425045488836,6.893721190268245,426636000,during_trump
2018-10-08,6.5835771560668945,6.717096560765566,6.442626068418287,6.601660492677162,408612000,during_trump
2018-10-09,6.577879905700684,6.657644461978197,6.510005380573055,6.563016539918324,273500000,during_trump
2018-10-10,6.086163520812988,6.5176869966104665,6.083933873396132,6.471858977633886,684940000,during_trump
2018-10-11,5.824573516845703,6.132485944389752,5.803022151077367,5.998966036573877,725436000,during_trump
2018-10-12,6.107218265533447,6.1815336917811585,5.936541358445349,6.081703713581902,608236000,during_trump
2018-10-15,5.830765247344971,6.093840881045725,5.829774450741792,6.093840881045725,449760000,during_trump
2018-10-16,6.089630603790283,6.1007778941832935,5.894181886550259,5.943477450852126,408712000,during_trump
2018-10-17,6.021011829376221,6.189955169112706,5.9719638544494105,6.151806429181048,329668000,during_trump
2018-10-18,5.933568000793457,6.1287691192818965,5.873125151573819,6.0903732677819304,524020000,during_trump
2018-10-19,5.676933288574219,6.0083786381403606,5.640519030079795,5.988809340640399,613608000,during_trump
2018-10-22,5.727715492248535,5.829279479108993,5.624913127613994,5.7292019235637826,368844000,during_trump
2018-10-23,5.47603702545166,5.553572446383768,5.368279695801186,5.460430436325334,626436000,during_trump
2018-10-24,4.939727783203125,5.484210078457417,4.9258556830033955,5.437639321363186,884288000,during_trump
2018-10-25,5.148553848266602,5.1958678247719625,4.7977862387861006,4.842127824652497,951720000,during_trump
2018-10-26,4.911983013153076,5.074237428443422,4.783913209754917,4.9124781752553695,664784000,during_trump
2018-10-29,4.598126411437988,5.0566508748500105,4.360070089344401,5.0531828494130835,758016000,during_trump
2018-10-30,5.028658390045166,5.038567303692258,4.598126203215396,4.621164002210177,807192000,during_trump
2018-10-31,5.222620010375977,5.266218370276679,5.053676661062571,5.1933893830812945,745772000,during_trump
2018-11-01,5.40295934677124,5.412372625599323,5.1324519616138495,5.259035354883467,566528000,during_trump
2018-11-02,5.323936939239502,5.499320720466473,5.207261999487489,5.393545489895391,452960000,during_trump
2018-11-05,5.24590539932251,5.334092916007856,5.085136948771973,5.310807068540067,379332000,during_trump
2018-11-06,5.2283196449279785,5.322204395478888,5.191161685529242,5.237980506479094,299012000,during_trump
2018-11-07,5.295944690704346,5.385618174876774,5.23129059621843,5.294953893956803,483812000,during_trump
2018-11-08,5.102725982666016,5.237483799491122,5.049218702179946,5.2367405837573315,511352000,during_trump
2018-11-09,5.094798564910889,5.1852152693953855,4.980105685177974,5.0137951387345705,413240000,during_trump
2018-11-12,4.695230960845947,5.0254379659285044,4.673431541778045,5.003390965786616,617116000,during_trump
2018-11-13,4.937250137329102,5.05863147629245,4.78688575005263,4.793079056389045,644712000,during_trump
2018-11-14,4.884734630584717,5.124772523945666,4.776730217492142,5.110404788850223,526580000,during_trump
2018-11-15,5.013546943664551,5.085632717345233,4.842869577142466,4.878788673458554,840708000,during_trump
2018-11-16,4.073213577270508,4.227541172120289,4.003356965685753,4.045716956588827,1963520000,during_trump
2018-11-19,3.5844671726226807,4.008558664330263,3.5827331601585435,4.007815921116741,1697820000,during_trump
2018-11-20,3.692967176437378,3.8212845699387716,3.3023173239744312,3.3208960625038757,1692032000,during_trump
2018-11-21,3.584714651107788,3.847047105276453,3.5574658508452113,3.8302023795009617,1025496000,during_trump
2018-11-23,3.5918991565704346,3.705601252947888,3.537153729008126,3.5500350338747295,411968000,during_trump
2018-11-26,3.791311025619507,3.801715100476819,3.630542554994,3.7130324106338017,814832000,during_trump
2018-11-27,3.8081555366516113,3.8894067736078957,3.7293815277331235,3.7653003893153048,738060000,during_trump
2018-11-28,3.965208053588867,3.9704100905888344,3.7932923065715936,3.9258209320274418,804524000,during_trump
2018-11-29,3.901977777481079,4.004635191497807,3.871726107753351,3.967440531109806,549172000,during_trump
2018-11-30,4.052493095397949,4.063155411409378,3.8613118195288116,3.9116487439545735,729564000,during_trump
2018-12-03,4.216398239135742,4.331454212778633,4.1494475525860635,4.279877429625327,890804000,during_trump
2018-12-04,3.8957784175872803,4.176722632716966,3.8806523475215964,4.171763218962079,812112000,during_trump
2018-12-06,3.9250378608703613,3.9299970375968476,3.7395600163341665,3.7551817422676783,692308000,during_trump
2018-12-07,3.6602113246917725,3.9394200179446996,3.6108664367261767,3.9292533620284655,681676000,during_trump
2018-12-10,3.765596389770508,3.790392983913415,3.611610055664763,3.615329615729553,629472000,during_trump
2018-12-11,3.674593210220337,3.8655261276226778,3.5954923186712424,3.85734328492718,671912000,during_trump
2018-12-12,3.692199468612671,3.788409787112771,3.591029735886623,3.6802970636527053,654136000,during_trump
2018-12-13,3.691951036453247,3.803287415392628,3.655996232799381,3.739064521006694,471384000,during_trump
2018-12-14,3.6314473152160645,3.734104709178062,3.607890575450741,3.6502924705504856,471820000,during_trump
2018-12-17,3.5602810382843018,3.6736009762459734,3.5022571834393594,3.6014433146691864,662868000,during_trump
2018-12-18,3.643597364425659,3.7276574276262338,3.576894773617521,3.604170835445325,564372000,during_trump
2018-12-19,3.434563159942627,3.6634349372874007,3.3829863947406666,3.6098743593938836,745364000,during_trump
2018-12-20,3.3500070571899414,3.5161436186908204,3.29024745134605,3.4261323485195234,749588000,during_trump
2018-12-21,3.2128825187683105,3.4095188228315685,3.185358388045778,3.376539384427769,863740000,during_trump
2018-12-24,3.151139259338379,3.2230490997408516,3.087164196762201,3.1365093205828933,463840000,during_trump
2018-12-26,3.300414562225342,3.3014063504286826,3.086172702764023,3.19726102178592,695100000,during_trump
2018-12-27,3.2525570392608643,3.282560878243769,3.1040259995719848,3.24809375597327,637044000,during_trump
2018-12-28,3.314052104949951,3.4067911493899627,3.2312318873392365,3.273137890190489,628728000,during_trump
2018-12-31,3.3103325366973877,3.389929082409964,3.2795847433459944,3.357445778265134,465140000,during_trump
2019-01-02,3.377779245376587,3.433819295078748,3.2247849294660105,3.239414868594849,508752000,during_trump
2019-01-03,3.173703908920288,3.3514948117165626,3.1662650253054467,3.3175235866890644,705552000,during_trump
2019-01-04,3.3770346641540527,3.4152210988685807,3.2161053746411783,3.2468529272847695,585620000,during_trump
2019-01-07,3.5558178424835205,3.59276466603475,3.382986126978943,3.4343150593304554,709160000,during_trump
2019-01-08,3.467294454574585,3.639630285844697,3.394640656623528,3.6373984079374995,786016000,during_trump
2019-01-09,3.535484790802002,3.5828460983760233,3.46803823842426,3.5186229753491913,617260000,during_trump
2019-01-10,3.601195812225342,3.6098745498127296,3.4556403766023602,3.5161439473910776,523156000,during_trump
2019-01-11,3.6904635429382324,3.7132763270259823,3.5511071314183558,3.578879093014986,874764000,during_trump
2019-01-14,3.7303848266601562,3.755677311564091,3.6145851869034056,3.6381419246314732,730168000,during_trump
2019-01-15,3.716251850128174,3.802543570681383,3.697902349831311,3.7631170343389115,617012000,during_trump
2019-01-16,3.69071102142334,3.776506841540623,3.6852559503291613,3.7435276402750564,470104000,during_trump
2019-01-17,3.762125253677368,3.8020476841923734,3.630455794450306,3.6577320979038026,493436000,during_trump
2019-01-18,3.891314744949341,3.917351193183303,3.7603892538835297,3.8119660198131777,651336000,during_trump
2019-01-22,3.6889748573303223,3.872716945334864,3.6587231950286743,3.8610626086620052,661552000,during_trump
2019-01-23,3.701869487762451,3.833043043729244,3.6706260337428103,3.7442716222606327,591020000,during_trump
2019-01-24,3.913879632949829,3.931484935951308,3.7817142907002115,3.7864256389123656,708972000,during_trump
2019-01-25,3.9711592197418213,3.9892606529172285,3.751710380207253,3.8543677777953187,1154572000,during_trump
2019-01-28,3.4221649169921875,3.512176192258113,3.248341633421153,3.3859620492612996,2511528000,during_trump
2019-01-29,3.2632193565368652,3.4243967481456625,3.2485894177784456,3.3760434124240977,1153932000,during_trump
2019-01-30,3.4067912101745605,3.4211730836735206,3.2597478632009476,3.339344652694599,974228000,during_trump
2019-01-31,3.564497470855713,3.6002044500673946,3.3817471199052385,3.403568117334014,842852000,during_trump
2019-02-01,3.588797092437744,3.639877960275876,3.53548481974273,3.583093956476168,625048000,during_trump
2019-02-04,3.6991419792175293,3.736336635172922,3.5825983612912555,3.6046671841853786,528592000,during_trump
2019-02-05,3.718235492706299,3.754934257475617,3.6773212733572245,3.71104443703953,542424000,during_trump
2019-02-06,3.7938644886016846,3.8583354443589557,3.74600728407035,3.7514623550728396,702464000,during_trump
2019-02-07,3.655500650405884,3.7497273971647256,3.612602850275145,3.7474957552413075,637120000,during_trump
2019-02-08,3.6740972995758057,3.6847596123748763,3.573919375083561,3.588301247810253,461604000,during_trump
2019-02-11,3.6314477920532227,3.684264178044045,3.583094452872304,3.629959873305386,495180000,during_trump
2019-02-12,3.7484874725341797,3.7641094386579588,3.655500581156091,3.669882693684148,591060000,during_trump
2019-02-13,3.790889024734497,3.864038720162632,3.764356682162985,3.777994833117407,605372000,during_trump
2019-02-14,3.831803798675537,3.8600718928288016,3.7467516873858093,3.78989778806129,827264000,during_trump
2019-02-15,3.9014813899993896,4.06340226945263,3.8786686079384642,4.040589723869558,1516748000,during_trump
2019-02-19,3.8841233253479004,3.9647121327885246,3.871725265567342,3.8908184857298944,551892000,during_trump
2019-02-20,3.9314842224121094,3.998682702077614,3.90222458682318,3.9133827921659288,540988000,during_trump
2019-02-21,3.862550973892212,3.968679875959591,3.8479210341535803,3.9441315815104936,448548000,during_trump
2019-02-22,3.9473540782928467,3.966199468039599,3.9007367343743,3.914374882713841,401740000,during_trump
2019-02-25,3.934957504272461,4.098366334866387,3.9262785288413498,4.030919999871206,656020000,during_trump
2019-02-26,3.8955302238464355,3.986285458858409,3.8620548915384534,3.9302454095522523,488464000,during_trump
2019-02-27,3.8536243438720703,3.907680582190703,3.7965922681203077,3.8811484753498853,500256000,during_trump
2019-02-28,3.8290507793426514,3.869759083485213,3.8067111248145284,3.8474191922354857,324944000,during_trump
2019-03-01,3.883411169052124,3.9256084507519478,3.8206112966087065,3.8789430489105072,357188000,during_trump
2019-03-04,3.891601324081421,3.9447204514990855,3.8350068879018915,3.921884162353362,409992000,during_trump
2019-03-05,3.885148048400879,3.9233738454035056,3.821603460562155,3.875963725437615,362924000,during_trump
2019-03-06,3.774193286895752,3.8846513513024274,3.7714629404977145,3.876211991198697,403524000,during_trump
2019-03-07,3.704939603805542,3.76029291359263,3.6587706166466516,3.750612185877795,450104000,during_trump
2019-03-08,3.73919415473938,3.749867692616124,3.594233217126127,3.6155802928796152,422416000,during_trump
2019-03-11,3.9998257160186768,4.022661770042597,3.715613094401155,3.7627751278545865,859728000,during_trump
2019-03-12,4.034080505371094,4.080497342102679,3.9514227815646,4.027626528786553,579576000,during_trump
2019-03-13,4.185494422912598,4.214784452798531,4.064114505153796,4.071561291435047,768900000,during_trump
2019-03-14,4.10953950881958,4.206593932851146,4.101844637412754,4.194679262708762,519384000,during_trump
2019-03-15,4.215033531188965,4.257727213524288,4.149254761185275,4.152729833857256,661484000,during_trump
2019-03-18,4.193686485290527,4.300421402107758,4.166630156329583,4.246557301838009,486992000,during_trump
2019-03-19,4.361483097076416,4.4059147878849325,4.271379294460338,4.2882580154668,854972000,during_trump
2019-03-20,4.328965187072754,4.443891103350429,4.294213998868269,4.390523663713559,719148000,during_trump
2019-03-21,4.565769672393799,4.592081280493185,4.3470876598651,4.352052185686605,824312000,during_trump
2019-03-22,4.405914783477783,4.58711567221418,4.39201449321232,4.53846465628506,747644000,during_trump
2019-03-25,4.313578128814697,4.429496927022115,4.247303172038223,4.3652080647820375,525212000,during_trump
2019-03-26,4.3902764320373535,4.511407788978834,4.333930078227208,4.455309992781661,703508000,during_trump
2019-03-27,4.3810930252075195,4.462261069371949,4.311591567668887,4.415844227420007,474372000,during_trump
2019-03-28,4.399710178375244,4.465488485106246,4.346590796367664,4.407156493284736,480264000,during_trump
2019-03-29,4.4570488929748535,4.4813748789193575,4.416092740581923,4.46648130219173,456896000,during_trump
2019-04-01,4.52456521987915,4.55484806844994,4.477155089443895,4.548890732434333,483824000,during_trump
2019-04-02,4.542436599731445,4.586868297366812,4.505700247903824,4.548642493225226,440920000,during_trump
2019-04-03,4.681936740875244,4.741013458365087,4.587116481176807,4.5920810067023154,783504000,during_trump
2019-04-04,4.672999382019043,4.71544497188541,4.610199528496859,4.66654540634552,457376000,during_trump
2019-04-05,4.739771842956543,4.75714768138921,4.6797027916276575,4.716191058105563,481744000,during_trump
2019-04-08,4.760622978210449,4.785693216508701,4.685163705630452,4.709241133517369,424192000,during_trump
2019-04-09,4.697822570800781,4.738282549493832,4.655625055724161,4.727112605107575,439972000,during_trump
2019-04-10,4.768316745758057,4.794131706806759,4.692609872405621,4.697077755386522,444772000,during_trump
2019-04-11,4.754415988922119,4.802322749413438,4.705020249878549,4.77079854054169,374600000,during_trump
2019-04-12,4.716439723968506,4.797111612446065,4.707752040402399,4.793139897054454,471708000,during_trump
2019-04-15,4.5846333503723145,4.7137081489376005,4.544918100574246,4.708743624352061,440092000,during_trump
2019-04-16,4.671758651733398,4.690623466124073,4.591087258909269,4.623852363178733,394964000,during_trump
2019-04-17,4.648922920227051,4.727608698103153,4.626583031810985,4.706758261832998,351004000,during_trump
2019-04-18,4.624350547790527,4.68963270059995,4.596549955911834,4.65562668709738,380988000,during_trump
2019-04-22,4.678214073181152,4.6938519041246245,4.569245425115408,4.600769171271635,279936000,during_trump
2019-04-23,4.732821464538574,4.764097593426897,4.681688182445878,4.691368674829881,346856000,during_trump
2019-04-24,4.745233535766602,4.785941605886013,4.682433657174445,4.743247441374095,318204000,during_trump
2019-04-25,4.639489650726318,4.727359735925392,4.559811077365274,4.705019851658301,499296000,during_trump
2019-04-26,4.420558929443359,4.49006084052992,4.301661286111146,4.485592485158806,868988000,during_trump
2019-04-29,4.451338768005371,4.4791393453106645,4.356269978416903,4.42850224133097,391920000,during_trump
2019-04-30,4.49279260635376,4.518359011805248,4.39995797279976,4.419070874191893,362920000,during_trump
2019-05-01,4.479637145996094,4.587364884366795,4.479388588317941,4.545167365707555,354280000,during_trump
2019-05-02,4.547152042388916,4.588852910477067,4.44612638688267,4.4893167069577125,394684000,during_trump
2019-05-03,4.542684555053711,4.5655206114381555,4.481125584300073,4.5555920353623955,336824000,during_trump
2019-05-06,4.4642462730407715,4.4764090256840605,4.319037020394975,4.356270004284666,422176000,during_trump
2019-05-07,4.296947002410889,4.415844692294973,4.24879214550784,4.415844692294973,555220000,during_trump
2019-05-08,4.317050457000732,4.397225657327805,4.257477601103273,4.2693922669713595,419168000,during_trump
2019-05-09,4.2244648933410645,4.257726636870259,4.105567712532337,4.248046146229857,660248000,during_trump
2019-05-10,4.190459251403809,4.259216448720151,4.070816861078106,4.193686239704331,569500000,during_trump
2019-05-13,3.9330544471740723,4.081490457918425,3.9171683007245237,4.058405845877312,656912000,during_trump
2019-05-14,4.022164821624756,4.057412179428487,3.9340464271154274,3.972768619807478,524880000,during_trump
2019-05-15,3.961103916168213,3.9975921810163304,3.907240050385122,3.9665646096515164,502320000,during_trump
2019-05-16,3.9762446880340576,4.0189388414639495,3.913196978270827,3.9556425740641483,781088000,during_trump
2019-05-17,3.885396957397461,4.063619447520841,3.8459300208940164,3.934296539779715,1022068000,during_trump
2019-05-20,3.766746997833252,3.841709617370362,3.7419248474577116,3.786604623445056,572064000,during_trump
2019-05-21,3.848907947540283,3.8647940957895615,3.788838664001628,3.827561105973948,361848000,during_trump
2019-05-22,3.7779171466827393,3.8362488954901814,3.766995286298924,3.810185849232042,325868000,during_trump
2019-05-23,3.656785249710083,3.715613399180335,3.5969640532761926,3.715613399180335,591844000,during_trump
2019-05-24,3.602921485900879,3.7108972961060918,3.596219424781176,3.6756499276191787,357584000,during_trump
2019-05-28,3.5577452182769775,3.653310187637295,3.5557593610655602,3.6205450823390795,428356000,during_trump
2019-05-29,3.483527183532715,3.5450856771846,3.448776222446636,3.510086631908235,559800000,during_trump
2019-05-30,3.456937074661255,3.522542075034952,3.418667412112686,3.4867575078318684,394300000,during_trump
2019-05-31,3.3662331104278564,3.4753263352677224,3.364493591022383,3.4079818131509665,389720000,during_trump
2019-06-03,3.3244848251342773,3.4161826239045987,3.29516136099804,3.377415986199903,478644000,during_trump
2019-06-04,3.553605079650879,3.5588236377162668,3.3664816173369476,3.3885983972795537,641836000,during_trump
2019-06-05,3.5108628273010254,3.632878274117737,3.4745812841282167,3.627411111108216,511616000,during_trump
2019-06-06,3.572988986968994,3.597590866336708,3.5126025342489897,3.5150876300215126,408140000,during_trump
2019-06-07,3.6157314777374268,3.650024897301032,3.559818010306611,3.5789529625120595,348856000,during_trump
2019-06-10,3.6885430812835693,3.7571301557699477,3.671893225136204,3.671893225136204,402780000,during_trump
2019-06-11,3.7461953163146973,3.78620449686113,3.7066833444140275,3.7484318072537195,383872000,during_trump
2019-06-12,3.633126735687256,3.708920495728351,3.6179680310773907,3.7027077564674094,358892000,during_trump
2019-06-13,3.684318780899048,3.7027079211490617,3.6375998801476244,3.6552436812465916,308080000,during_trump
2019-06-14,3.5943593978881836,3.615482233290045,3.5496288688543842,3.5911289636932215,394428000,during_trump
2019-06-17,3.6040520668029785,3.6410791890036958,3.569758407828001,3.5926207681473916,276040000,during_trump
2019-06-18,3.7991268634796143,3.854543115538402,3.6544976785940193,3.665431766405937,581920000,during_trump
2019-06-19,3.805091142654419,3.845845665409797,3.7789981143238776,3.834414605487586,331644000,during_trump
2019-06-20,3.829444646835327,3.9097113864769546,3.8150315188871007,3.895795230252217,350168000,during_trump
2019-06-21,3.771294355392456,3.8637379605367355,3.7648332495756986,3.814534209391829,434428000,during_trump
2019-06-24,3.7936599254608154,3.8232319932579597,3.745450115316913,3.7926659820532356,282948000,during_trump
2019-06-25,3.764336585998535,3.873678422153312,3.7616031230417817,3.7986302415988527,311868000,during_trump
2019-06-26,3.957672119140625,4.018804373627385,3.8788965411165424,3.891818752343268,584072000,during_trump
2019-06-27,4.056329727172852,4.075464446782315,4.007374326755129,4.043407511153213,445440000,during_trump
2019-06-28,4.081179141998291,4.1095086628184,4.034460482673977,4.10031385657454,397668000,during_trump
2019-07-01,4.129389762878418,4.322725781373977,4.0918654284592115,4.288432119239045,709756000,during_trump
2019-07-02,4.031478404998779,4.133862168283507,4.01830782427504,4.11273909166662,400228000,during_trump
2019-07-03,4.044400215148926,4.060553098718158,3.984510978445289,4.054837331736692,246636000,during_trump
2019-07-05,3.9817776679992676,3.9904752654885844,3.9184089160245144,3.986002283063152,396552000,during_trump
2019-07-08,3.9067296981811523,3.941023357338492,3.8766608915627745,3.9221370080629594,329788000,during_trump
2019-07-09,3.909214496612549,3.937295414007665,3.8518101139916956,3.8644837226772157,342860000,during_trump
2019-07-10,3.977553606033325,4.034957757445139,3.938786962983033,3.952703120901049,452076000,during_trump
2019-07-11,4.132123947143555,4.172878486972447,4.013338893975852,4.050614393502078,682560000,during_trump
2019-07-12,4.165173053741455,4.236245456165438,4.15995449551296,4.15995449551296,506392000,during_trump
2019-07-15,4.15672492980957,4.202449655301508,4.12839587702368,4.186297241621317,289840000,during_trump
2019-07-16,4.152003765106201,4.179090508047541,4.096338652715805,4.141815012831068,341444000,during_trump
2019-07-17,4.2173590660095215,4.224317143574919,4.12441848826201,4.153741950568611,348204000,during_trump
2019-07-18,4.229038238525391,4.291909774159534,4.171136893419797,4.227795927884981,442192000,during_trump
2019-07-19,4.185800075531006,4.273770487668284,4.179835939624781,4.267309616926987,344896000,during_trump
2019-07-22,4.257367134094238,4.270289343191487,4.1997141647385625,4.207169449442763,315940000,during_trump
2019-07-23,4.365220069885254,4.367207957252126,4.280977062430895,4.296633215891825,428176000,during_trump
2019-07-24,4.43977165222168,4.445487421643455,4.332418136351644,4.408460289090202,366236000,during_trump
2019-07-25,4.308560848236084,4.410944627427296,4.2852015136317405,4.398270779488137,392700000,during_trump
2019-07-26,4.350557804107666,4.397276469423345,4.335647702705201,4.335647702705201,274160000,during_trump
2019-07-29,4.344344139099121,4.360497021120779,4.256125391259245,4.34335019580268,248160000,during_trump
2019-07-30,4.3600006103515625,4.372177247432304,4.28346127471765,4.297874640112289,197772000,during_trump
2019-07-31,4.192756652832031,4.329434046901546,4.150510981789956,4.328439629620456,359416000,during_trump
2019-08-01,4.098326206207275,4.293650084947921,4.046140144004301,4.2031945913840305,421212000,during_trump
2019-08-02,4.00563383102417,4.074966719270117,3.9581698316967517,4.00563383102417,428348000,during_trump
2019-08-05,3.747190237045288,3.823232365948057,3.7002229700783498,3.8219898180715823,589156000,during_trump
2019-08-06,3.785957098007202,3.867466400015171,3.7382444861436817,3.8219902798027836,361272000,during_trump
2019-08-07,3.824225902557373,3.836154171308951,3.7076776258509305,3.7250728202871906,372560000,during_trump
2019-08-08,3.9328219890594482,3.9340645367503124,3.8244743425285175,3.8818787186927084,309300000,during_trump
2019-08-09,3.831432819366455,3.8952983079850005,3.7809865154195337,3.8918192688846447,341816000,during_trump
2019-08-12,3.7635912895202637,3.831432788421026,3.741722874643393,3.7792469653454175,279200000,during_trump
2019-08-13,3.8779029846191406,3.9238763072998397,3.723085266313075,3.7621002736054847,351956000,during_trump
2019-08-14,3.7292983531951904,3.8008675093380817,3.6855617519931156,3.789684813878767,419880000,during_trump
2019-08-15,3.6969921588897705,3.7680643306002484,3.662698739360067,3.7481840393093373,477200000,during_trump
2019-08-16,3.9651284217834473,4.014331947004111,3.898529224925841,3.9599098624874407,1007960000,during_trump
2019-08-19,4.243948936462402,4.2598534536068735,4.0622928549935535,4.078445739504549,815112000,during_trump
2019-08-20,4.171634674072266,4.23897920082287,4.150511598421298,4.238481992108456,463188000,during_trump
2019-08-21,4.255131721496582,4.3102996129999775,4.216116714852491,4.237736525794346,427244000,during_trump
2019-08-22,4.261345386505127,4.307318478861628,4.22208153215865,4.264824426207958,303488000,during_trump
2019-08-23,4.036696910858154,4.2392277064288795,4.016816619353168,4.184805390659598,568056000,during_trump
2019-08-26,4.111496925354004,4.139578081377035,4.073227492704843,4.115473173440377,318208000,during_trump
2019-08-27,4.020793437957764,4.1525002101288875,3.9914699682769803,4.14976674668129,290968000,during_trump
2019-08-28,4.010345458984375,4.063080406424705,3.9551229558356753,3.9944256717940916,255612000,during_trump
2019-08-29,4.154123306274414,4.186460582853173,4.098403100005271,4.101885583243795,357976000,during_trump
2019-08-30,4.166808128356934,4.250139565375853,4.148649402752277,4.200389411234471,290616000,during_trump
2019-09-03,4.083725452423096,4.127007864816894,4.060840705975783,4.093924285396339,296140000,during_trump
2019-09-04,4.197902202606201,4.205364868679219,4.144420948547923,4.144420948547923,227728000,during_trump
2019-09-05,4.4710307121276855,4.4772493644283475,4.29839822936965,4.3001394709919465,695676000,during_trump
2019-09-06,4.443916320800781,4.50461115934927,4.405857621482381,4.447647416984085,376976000,during_trump
2019-09-09,4.489935398101807,4.576500729411963,4.473517908889104,4.47501053730465,417524000,during_trump
2019-09-10,4.556600570678711,4.583216421102719,4.4473991021568215,4.457100237555939,352812000,during_trump
2019-09-11,4.585206031799316,4.633463562443223,4.542172225124945,4.571276101213888,361512000,during_trump
2019-09-12,4.583714485168457,4.68644822192785,4.5757545907348085,4.63172341393713,327840000,during_trump
2019-09-13,4.525755882263184,4.554113451454313,4.481975750470591,4.517049673448293,324592000,during_trump
2019-09-16,4.482721328735352,4.517297545052768,4.440185219158737,4.450632668021319,231832000,during_trump
2019-09-17,4.50411319732666,4.5083419937217295,4.442920667869231,4.489436953762352,223048000,during_trump
2019-09-18,4.476999759674072,4.512819989869579,4.3904349150473205,4.497148817078808,258152000,during_trump
2019-09-19,4.4013800621032715,4.501377611612964,4.390683525912575,4.482969795639282,245476000,during_trump
2019-09-20,4.295660972595215,4.424016082282854,4.285462612015412,4.400385017132901,350244000,during_trump
2019-09-23,4.349142074584961,4.394663436350131,4.29217833769143,4.295909907969017,249712000,during_trump
2019-09-24,4.29168176651001,4.410086668254638,4.256110620784115,4.380485561431668,317268000,during_trump
2019-09-25,4.433469295501709,4.453120654553202,4.246409176318801,4.291184232607159,308432000,during_trump
2019-09-26,4.411329746246338,4.432473730654292,4.3603360449071165,4.42376752367828,234564000,during_trump
2019-09-27,4.272527694702148,4.420285075697802,4.211832384152225,4.36953998717179,362056000,during_trump
2019-09-30,4.3299880027771,4.340186836464962,4.267054233958413,4.298397049005579,186184000,during_trump
2019-10-01,4.328248977661133,4.502374130131143,4.323522952615619,4.353124067221544,366008000,during_trump
2019-10-02,4.304368495941162,4.318298429655822,4.2319821837143845,4.30635835091389,293372000,during_trump
2019-10-03,4.510083198547363,4.516301849271386,4.278497172591459,4.308844586664904,450588000,during_trump
2019-10-04,4.526501178741455,4.555853668846923,4.447149915282378,4.512322160107603,265524000,during_trump
2019-10-07,4.585206985473633,4.684955462499203,4.5827194295727525,4.5914256379994445,480984000,during_trump
2019-10-08,4.408593654632568,4.493417258054983,4.390434926271849,4.493417258054983,444436000,during_trump
2019-10-09,4.4951581954956055,4.544659740623158,4.45660227352151,4.48545706170199,292412000,during_trump
2019-10-10,4.55286979675293,4.603863512900847,4.4876975321130805,4.492921257815669,309124000,during_trump
2019-10-11,4.626499652862549,4.70983064218771,4.61804205751928,4.636947103185603,446404000,during_trump
2019-10-14,4.639931678771973,4.66082657848643,4.586699027587535,4.617792763911028,200040000,during_trump
2019-10-15,4.884700298309326,4.95733567910538,4.716296648463195,4.7302270529595,664124000,during_trump
2019-10-16,4.830972194671631,4.955596245394888,4.8195298157411415,4.850623556487858,428944000,during_trump
2019-10-17,4.832961559295654,4.920521337360984,4.778484896092596,4.875497670479628,263436000,during_trump
2019-10-18,4.738436222076416,4.866045026889002,4.664060064060241,4.83345866485696,307440000,during_trump
2019-10-21,4.875747203826904,4.8891799122371475,4.78097335401835,4.799878401323895,261868000,during_trump
2019-10-22,4.8657965660095215,5.037931341058643,4.858085285634905,4.932710059215283,328720000,during_trump
2019-10-23,4.852862358093262,4.867040906088538,4.75186985692801,4.783709911051118,279916000,during_trump
2019-10-24,4.8968892097473145,4.930470018259974,4.860074057630276,4.894152566955754,232020000,during_trump
2019-10-25,5.087929725646973,5.108824622675186,4.969773447917292,4.9774847276947565,423092000,during_trump
2019-10-28,5.143898963928223,5.19638482405356,5.102357305201417,5.131709798534818,330792000,during_trump
2019-10-29,5.047632217407227,5.136436006553304,5.028229948074158,5.129968267140471,211236000,during_trump
2019-10-30,5.049623012542725,5.080219524935216,4.981465495055078,5.074498098577738,205960000,during_trump
2019-10-31,5.000369071960449,5.049621528565338,4.920520586407401,5.028726633239506,209732000,during_trump
2019-11-01,5.039423942565918,5.071761217757975,4.939923612384464,4.965047308163988,283640000,during_trump
2019-11-04,5.236185073852539,5.248622853212167,5.097382967149589,5.120516335298234,376716000,during_trump
2019-11-05,5.214046478271484,5.262054929260456,5.166037552829756,5.235936305060283,300868000,during_trump
2019-11-06,5.164793491363525,5.215538106277653,5.077233244131984,5.189917185601682,269012000,during_trump
2019-11-07,5.182455062866211,5.266035135103547,5.1376800072228965,5.251358887951694,280340000,during_trump
2019-11-08,5.168524265289307,5.200115696871531,5.127978013857523,5.165539483490346,189100000,during_trump
2019-11-11,5.1784749031066895,5.20160826865297,5.081462132826022,5.167778366615428,243436000,during_trump
2019-11-12,5.214046478271484,5.2700152975952514,5.18170872734986,5.216782647313489,283504000,during_trump
2019-11-13,5.18817663192749,5.210315072662682,5.121760360816376,5.182703819217081,300188000,during_trump
2019-11-14,5.218522071838379,5.220761013612833,5.1371809708220795,5.1971294789864295,518080000,during_trump
2019-11-15,5.079223155975342,5.268024004305952,4.99091660188889,5.2162839918613,1053628000,during_trump
2019-11-18,5.280463218688965,5.307079071753222,5.068777088241773,5.071761870794221,574588000,during_trump
2019-11-19,5.173748016357422,5.272999247095697,5.1155407381252616,5.249368182425701,414564000,during_trump
2019-11-20,5.253100395202637,5.336929084923888,5.13817796798487,5.150864360912716,472588000,during_trump
2019-11-21,5.228225231170654,5.3043426386799135,5.206584016770037,5.2486229048494595,288388000,during_trump
2019-11-22,5.245885848999023,5.297376776547482,5.222254309204008,5.250860485498195,224100000,during_trump
2019-11-25,5.502596378326416,5.507571489985604,5.361057630456042,5.373992636098271,506476000,during_trump
2019-11-26,5.3978729248046875,5.489661507238496,5.391405184598664,5.4849350087105915,385244000,during_trump
2019-11-27,5.432722568511963,5.47777945475488,5.406335877860473,5.443426997574796,215784000,during_trump
2019-11-29,5.395381450653076,5.430231968206679,5.37148368158621,5.40185396094314,141556000,during_trump
2019-12-02,5.208930969238281,5.40185472534565,5.193746302213764,5.388412109642636,372036000,during_trump
2019-12-03,5.1693501472473145,5.173332792178858,4.987877711779338,5.0252176194273295,465232000,during_trump
2019-12-04,5.21316385269165,5.275397211411367,5.184536564656922,5.252993164288042,273424000,during_trump
2019-12-05,5.1962361335754395,5.250752516142836,5.165617050679697,5.235069779695026,184884000,during_trump
2019-12-06,5.281620502471924,5.31448018339394,5.255482605514145,5.265440170909214,232236000,during_trump
2019-12-09,5.281620502471924,5.336386162539099,5.2500062294285685,5.258718861747828,211880000,during_trump
2019-12-10,5.3266777992248535,5.378455999077606,5.258967589908185,5.311741451326898,256388000,during_trump
2019-12-11,5.410318851470947,5.415795702068406,5.334643352660825,5.337132743877338,233796000,during_trump
2019-12-12,5.577850818634033,5.596022946179587,5.3724810401434215,5.381442468181327,404348000,during_trump
2019-12-13,5.575860023498535,5.70007794366406,5.52184122908239,5.580838806125459,454704000,during_trump
2019-12-16,5.604736328125,5.677176051341248,5.5952768306836145,5.623406526307511,320976000,during_trump
2019-12-17,5.682900428771973,5.705553268306525,5.613945773984214,5.623405269311124,321196000,during_trump
2019-12-18,5.71327018737793,5.773761007689279,5.709287067084748,5.717750900956038,343548000,during_trump
2019-12-19,5.861384868621826,5.874827482984003,5.742892629188399,5.747871410419035,445360000,during_trump
2019-12-20,5.958718299865723,5.984109325735282,5.908682638026317,5.927850424445789,603044000,during_trump
2019-12-23,5.9450273513793945,6.019458383551702,5.934323397683394,5.987346047660927,355060000,during_trump
2019-12-24,5.940048694610596,5.957225160058684,5.89524060645085,5.929593537347026,138864000,during_trump
2019-12-26,5.954237937927246,5.982367152831068,5.924614518727591,5.943533509630597,182852000,during_trump
2019-12-27,5.896485328674316,5.982865246144272,5.870098164997517,5.969422630255517,254644000,during_trump
2019-12-30,5.783221244812012,5.879807532386408,5.751855770938896,5.874579953407556,258056000,during_trump
2019-12-31,5.857403755187988,5.866863252078768,5.728705123017932,5.747872913485271,231004000,during_trump
2020-01-02,5.972161293029785,5.972161293029785,5.892751948637045,5.943285210959953,237536000,during_trump
2020-01-03,5.876571178436279,5.9203836073401535,5.827531170640705,5.852424606945243,205384000,during_trump
2020-01-06,5.901215553283691,5.906443132361434,5.75708345882432,5.783221354213032,262636000,during_trump
2020-01-07,5.972658157348633,6.018461899718901,5.884535724479657,5.929592602191348,314856000,during_trump
2020-01-08,5.983861923217773,6.025184964493922,5.928349873697572,5.9684279819120185,277108000,during_trump
2020-01-09,6.049580097198486,6.122019814933287,5.995810576233439,6.070241617025367,255112000,during_trump
2020-01-10,6.081940650939941,6.1872395630455745,6.067751644612036,6.156869752720593,316296000,during_trump
2020-01-13,6.272624492645264,6.2977667270316795,6.142432131580578,6.165085449519322,319840000,during_trump
2020-01-14,6.15562629699707,6.255199578572625,6.1424324751511294,6.229808071278928,359088000,during_trump
2020-01-15,6.1130571365356445,6.190724423550592,6.087168040863995,6.168320380188481,263104000,during_trump
2020-01-16,6.196699619293213,6.202674063235496,6.1431788952956,6.166578602901696,284192000,during_trump
2020-01-17,6.2054123878479,6.22333572006965,6.157866106744991,6.215867546276545,253792000,during_trump
2020-01-21,6.172055721282959,6.205661791865372,6.137951582515902,6.168819465089883,217916000,during_trump
2020-01-22,6.226073741912842,6.312702466469189,6.198442116859232,6.217361110121417,239240000,during_trump
2020-01-23,6.294529438018799,6.302993271921068,6.177282120617684,6.266151426985994,244516000,during_trump
2020-01-24,6.235284328460693,6.459822377522355,6.181016740859083,6.410035504074438,373512000,during_trump
2020-01-27,5.979379653930664,6.030410975725212,5.780979537978467,5.930588451380124,470536000,during_trump
2020-01-28,6.172801494598389,6.20516262639807,5.99207542036625,6.045347340574895,310976000,during_trump
2020-01-29,6.112311363220215,6.194459372234449,6.072481579489457,6.158363912642621,258848000,during_trump
2020-01-30,6.119030952453613,6.132473567013903,5.9594649525225805,6.014478919082946,290504000,during_trump
2020-01-31,5.885531902313232,6.085176487397155,5.843711276184004,6.0732276014165905,370420000,during_trump
2020-02-03,5.982617378234863,6.0020339655297725,5.861137647487947,5.867360888297709,255564000,during_trump
2020-02-04,6.151891231536865,6.1710594954488736,6.074473210292786,6.124508879153485,271544000,during_trump
2020-02-05,6.242254734039307,6.283079706340834,6.158861788223002,6.272873344564743,208220000,during_trump
2020-02-06,6.329131603240967,6.329131603240967,6.195454676838319,6.276607019674868,218284000,during_trump
2020-02-07,6.26291561126709,6.311208752427656,6.237524107776993,6.28905350473973,189752000,during_trump
2020-02-10,6.546201705932617,6.546948095887716,6.280589439315649,6.285568221166267,529608000,during_trump
2020-02-11,6.66867733001709,6.783435747682598,6.592503763680259,6.654488322484865,638556000,during_trump
2020-02-12,6.784430980682373,6.790903492342867,6.682617118783426,6.721450764338016,374644000,during_trump
2020-02-13,6.740618705749512,6.807830840901522,6.699046871551731,6.726429698792062,528016000,during_trump
2020-02-14,7.213840007781982,7.342787403500017,7.119494334608409,7.150859801858082,1041924000,during_trump
2020-02-18,7.382618427276611,7.401039827252744,7.091117506539812,7.11053409323562,620164000,during_trump
2020-02-19,7.833933353424072,7.851607885620973,7.5050925688153844,7.5050925688153844,694332000,during_trump
2020-02-20,7.684574127197266,7.874261158038431,7.377141231849921,7.785889916597807,810052000,during_trump
2020-02-21,7.320384979248047,7.59744809221304,7.235498781788594,7.57230585857615,768180000,during_trump
2020-02-24,6.802852630615234,7.0166867380506135,6.671415808496478,6.725932196088787,856916000,during_trump
2020-02-25,6.523299694061279,6.940014150314827,6.42148583523213,6.878029597294188,1055496000,during_trump
2020-02-26,6.662703037261963,6.85687128170397,6.522055992536877,6.5235492474458985,747732000,during_trump
2020-02-27,6.291818141937256,6.650496740610575,6.199408548365885,6.349106949513164,906416000,during_trump
2020-02-28,6.726966381072998,6.786497136893554,6.022561782497065,6.0392501577391435,1133252000,during_trump
2020-03-02,6.885381698608398,6.914275525682535,6.501047905140563,6.897088786752712,890744000,during_trump
2020-03-03,6.62285041809082,7.000957317371102,6.537415074077582,6.941177613639033,652792000,during_trump
2020-03-04,7.086640357971191,7.096105511692178,6.655478685361388,6.730203658172349,597408000,during_trump
2020-03-05,6.80717134475708,7.054011748305122,6.762585393339315,6.887126562553988,540328000,during_trump
2020-03-06,6.626585960388184,6.685120456699991,6.426323565403089,6.627582217439397,515412000,during_trump
2020-03-09,6.113475799560547,6.461194648930845,5.932642101254529,5.975483999913189,614160000,during_trump
2020-03-10,6.503040790557861,6.503040790557861,6.127175872348924,6.389957305900693,580648000,during_trump
2020-03-11,6.139131546020508,6.391452048128108,6.041989596972966,6.363056584922278,499964000,during_trump
2020-03-12,5.3878984451293945,5.881330146750417,5.375195101760593,5.615808463862766,816540000,during_trump
2020-03-13,5.998898983001709,6.003382377703977,5.470097376824951,5.741347744724175,634836000,during_trump
2020-03-16,4.8919758796691895,5.631750563263404,4.832196188838089,5.290756572420966,726972000,during_trump
2020-03-17,5.411811351776123,5.501232192910252,4.75747237516683,5.004312758798848,833632000,during_trump
2020-03-18,5.051887512207031,5.229234097462733,4.500419555917958,4.984137280788348,874268000,during_trump
2020-03-19,5.304704666137695,5.398359451207004,4.8170015964097495,5.03046468763102,765512000,during_trump
2020-03-20,5.124868869781494,5.736863830889269,5.109425697692478,5.454902655235575,804636000,during_trump
2020-03-23,5.297731876373291,5.392134482741824,4.944782258783055,5.1238724206528605,643876000,during_trump
2020-03-24,6.206632137298584,6.293313140337309,5.680321532450428,5.703984178273461,1101644000,during_trump
2020-03-25,6.117959022521973,6.521472049595183,6.069138633451947,6.321708049869846,793432000,during_trump
2020-03-26,6.407393455505371,6.531436242149124,6.227057634565984,6.325195838645777,696108000,during_trump
2020-03-27,6.2950568199157715,6.553853205968076,6.194178322618575,6.227057176911279,638828000,during_trump
2020-03-30,6.615376949310303,6.624593158034933,6.316477992958648,6.360565572392479,602252000,during_trump
2020-03-31,6.56580924987793,6.859726425112722,6.420095864659736,6.655478550310058,949960000,during_trump
2020-04-01,6.054443359375,6.514249459309813,6.009857889253428,6.367789228140478,656912000,during_trump
2020-04-02,6.363306045532227,6.376507282646197,6.035513726718876,6.083586335487414,675764000,during_trump
2020-04-03,6.075366020202637,6.367290194952693,5.937872591542112,6.325693500194788,663212000,during_trump
2020-04-06,6.685370445251465,6.722234812418866,6.30003982168122,6.3575780699190085,727884000,during_trump
2020-04-07,6.4519782066345215,6.930714564649222,6.408886888992002,6.907051444220359,784520000,during_trump
2020-04-08,6.649252414703369,6.674160741564589,6.4910850854844675,6.561077251171953,542444000,during_trump
2020-04-09,6.549619197845459,6.797954190138217,6.486601310368204,6.775038853830193,525564000,during_trump
2020-04-13,6.7214860916137695,6.730203934202917,6.401415370592808,6.489839474046614,398408000,during_trump
2020-04-14,7.072691917419434,7.106815975372771,6.822114998119444,6.849763148211364,530948000,during_trump
2020-04-15,6.995227813720703,7.078172272245437,6.85922898423787,6.9045617690365395,366148000,during_trump
2020-04-16,7.340454578399658,7.447560034198243,7.137452863428311,7.1506540987695715,745620000,during_trump
2020-04-17,7.2811737060546875,7.44407335910978,7.147167405269901,7.422652171604382,539120000,during_trump
2020-04-20,7.14990758895874,7.310565790669369,7.1055710638254,7.154640403627989,449388000,during_trump
2020-04-21,6.71301794052124,7.093117344908959,6.6532382382294175,7.031843494497801,735160000,during_trump
2020-04-22,7.127490520477295,7.170332899901606,6.8597273118792295,6.905309041918552,483356000,during_trump
2020-04-23,7.074186325073242,7.301598496548493,7.049029054031035,7.1695851787187115,424160000,during_trump
2020-04-24,7.213174343109131,7.215166857112754,6.989249310229326,7.063974286406707,352328000,during_trump
2020-04-27,7.399735927581787,7.559646790112757,7.323018449819731,7.347677825741601,479388000,during_trump
2020-04-28,7.257261753082275,7.577083522460443,7.251782102156666,7.5471934376689775,442904000,during_trump
2020-04-29,7.434110641479492,7.486916063529084,7.3167927086062665,7.392015576110446,379160000,during_trump
2020-04-30,7.280178070068359,7.434110948500849,7.266229521224873,7.380059846645527,375916000,during_trump
2020-05-01,7.043549060821533,7.195987302726831,6.9952270351013786,7.082654878258051,342096000,during_trump
2020-05-04,7.255517959594727,7.269217561570689,6.9962232042594215,6.9962232042594215,317556000,during_trump
2020-05-05,7.316544055938721,7.479194777190455,7.255518679739671,7.359635380039009,368896000,during_trump
2020-05-06,7.417422294616699,7.5222863093734365,7.35814096046782,7.3960015798057945,323464000,during_trump
2020-05-07,7.593771934509277,7.657038766296395,7.505347832309202,7.556658630118783,373732000,during_trump
2020-05-08,7.7838215827941895,7.790048545043072,7.631632288004621,7.665507399718364,339216000,during_trump
2020-05-11,8.035894393920898,8.08272180357761,7.750196645774987,7.778841056732437,469060000,during_trump
2020-05-12,7.773858070373535,8.1424997468575,7.764143971249282,8.093679830683575,493060000,during_trump
2020-05-13,7.751440525054932,8.0488443439838,7.5668702799806935,7.888435584821306,625852000,during_trump
2020-05-14,8.001025199890137,8.006504853017503,7.659283739322304,7.8129677233312425,602312000,during_trump
2020-05-15,8.459582328796387,8.469295953031287,7.845096065259283,7.860788181491247,987660000,during_trump
2020-05-18,8.718131065368652,8.883771053687452,8.648637257986733,8.728343532782867,774460000,during_trump
2020-05-19,8.773177146911621,9.054141581914417,8.730583714666999,8.757982920775056,717320000,during_trump
2020-05-20,8.937073707580566,9.009805697784032,8.856121765358052,8.957996530775512,587536000,during_trump
2020-05-21,8.743037223815918,9.019268800913053,8.705425557667008,9.018273019129401,761068000,during_trump
2020-05-22,8.993118286132812,9.059623799213172,8.681267452263336,8.792855860477836,1038764000,during_trump
2020-05-26,8.685748100280762,9.148045528175322,8.640166375836815,9.123136729161354,770780000,during_trump
2020-05-27,8.493955612182617,8.601060122818971,7.967395095749297,8.593339012702568,1175892000,during_trump
2020-05-28,8.455846786499023,8.728342326374072,8.348491420727514,8.381370278290833,734896000,during_trump
2020-05-29,8.84291934967041,8.84291934967041,8.453852737073744,8.523097584570365,745256000,during_trump
2020-06-01,8.77392292022705,8.80829639643949,8.657601731278495,8.800824232105825,389876000,during_trump
2020-06-02,8.792853355407715,8.804809388620695,8.6262176271479,8.763960479468725,391320000,during_trump
2020-06-03,8.737308502197266,8.833703608573678,8.6680636547622,8.789865451620612,365440000,during_trump
2020-06-04,8.738306999206543,8.914487794883852,8.649592527704726,8.69993003369928,424280000,during_trump
2020-06-05,8.891311645507812,8.968063664128229,8.679993584629917,8.766215551349127,481748000,during_trump
2020-06-08,8.776683807373047,8.861160479365633,8.657817013593998,8.848700868943123,387736000,during_trump
2020-06-09,9.01690673828125,9.08045197843133,8.723105419785812,8.771698559133752,468488000,during_trump
2020-06-10,9.336627960205078,9.469449687626918,9.124063574620239,9.138268502032796,632180000,during_trump
2020-06-11,8.767960548400879,9.231464254182418,8.75774342237057,9.120572123559084,583652000,during_trump
2020-06-12,8.903773307800293,9.157704292510665,8.67526061265537,9.133034130918888,570908000,during_trump
2020-06-15,9.144246101379395,9.15271886327654,8.715628726053437,8.786899549623122,400004000,during_trump
2020-06-16,9.03933334350586,9.23694649746912,8.810322587730733,9.195330819969957,535716000,during_trump
2020-06-17,9.206297874450684,9.269094998061806,9.041080410359548,9.084441415451856,408304000,during_trump
2020-06-18,9.188352584838867,9.25264498918956,9.085185106546142,9.1973234632541,254408000,during_trump
2020-06-19,9.231465339660645,9.414624551280685,9.19757523890359,9.21277640019517,524160000,during_trump
2020-06-22,9.496111869812012,9.500597785794735,9.243427133420527,9.270091668982165,398468000,during_trump
2020-06-23,9.419609069824219,9.611490113266365,9.377246204047207,9.520284091433147,375108000,during_trump
2020-06-24,9.205798149108887,9.525765883557868,9.11509025800938,9.445773236990211,449372000,during_trump
2020-06-25,9.459480285644531,9.474432388422377,9.152720249131848,9.325662340438853,376072000,during_trump
2020-06-26,9.125555992126465,9.469446690750026,9.095652742430946,9.469446690750026,592084000,during_trump
2020-06-29,9.170412063598633,9.174897979179185,8.87137669129066,9.140259752452296,342248000,during_trump
2020-06-30,9.467205047607422,9.495612994745153,9.23669894916683,9.2840458445988,367892000,during_trump
2020-07-01,9.499349594116211,9.544953070141963,9.382726259130546,9.490129655526301,326648000,during_trump
2020-07-02,9.581335067749023,9.706182097370768,9.547444024301976,9.607998645602894,364056000,during_trump
2020-07-06,9.807605743408203,9.876882195050138,9.681263389843593,9.710419463836537,315892000,during_trump
2020-07-07,9.84000301361084,10.03761527281641,9.8190706394156,9.914263510420922,357800000,during_trump
2020-07-08,10.183141708374023,10.192113537214833,9.933447669599058,9.961606550074,365480000,during_trump
2020-07-09,10.475201606750488,10.536005294070955,10.200587351568608,10.346865834460065,494548000,during_trump
2020-07-10,10.445549011230469,10.620982643258161,10.34537210964692,10.55469679418127,497676000,during_trump
2020-07-13,10.019920349121094,10.757540168813497,9.992757700266804,10.560925140284708,457076000,during_trump
2020-07-14,10.343626976013184,10.369294322604768,9.754028984141096,10.042598175407388,542676000,during_trump
2020-07-15,10.194356918334961,10.399444692457333,10.023408296319051,10.38075575724131,403984000,during_trump
2020-07-16,10.102156639099121,10.173924635784381,9.863675893315522,9.982791736655608,344964000,during_trump
2020-07-17,10.168691635131836,10.21554041339797,10.055307952570034,10.19261461777992,266284000,during_trump
2020-07-20,10.476944923400879,10.497379173388488,10.124083374349883,10.24120577258552,284852000,during_trump
2020-07-21,10.295283317565918,10.52603943669131,10.25366763128037,10.479189706623767,277036000,during_trump
2020-07-22,10.40517807006836,10.568401127424853,10.258401467746838,10.334157256120164,367292000,during_trump
2020-07-23,10.097171783447266,10.51307953896417,9.998988320073043,10.416391380696087,411660000,during_trump
2020-07-24,10.161713600158691,10.33141600100073,9.745556771564546,9.843241169450092,473292000,during_trump
2020-07-27,10.387984275817871,10.408168519865557,10.184888934966365,10.199342918423486,292132000,during_trump
2020-07-28,10.182644844055176,10.348609438939764,10.176415515634673,10.340884805528349,271636000,during_trump
2020-07-29,10.431842803955078,10.482429371286324,10.3137241436091,10.357333253377416,284508000,during_trump
2020-07-30,10.579864501953125,10.58883538202943,10.26213925755088,10.341632833422555,308880000,during_trump
2020-07-31,10.580612182617188,10.731874707510553,10.399446405844317,10.529277490561459,386080000,during_trump
2020-08-03,10.97484016418457,11.063055563257992,10.680788833939834,10.697983417269828,412720000,during_trump
2020-08-04,11.19163990020752,11.19163990020752,10.870925002443792,11.014461932684958,310336000,during_trump
2020-08-05,11.250452995300293,11.33517968343868,11.130340896809908,11.207841067392527,249924000,during_trump
2020-08-06,11.299044609069824,11.32147228672258,11.142798993433086,11.313248583108203,244316000,during_trump
2020-08-07,11.163482666015625,11.467751154074874,11.00200395208297,11.27611917612145,342516000,during_trump
2020-08-10,11.129094123840332,11.371561742842399,10.82158594869938,11.297800314706754,427796000,during_trump
2020-08-11,10.815107345581055,11.100935012820099,10.761031095897637,11.038136940705058,354512000,during_trump
2020-08-12,11.403458595275879,11.430122179530569,10.923008355606033,10.955404101900573,464412000,during_trump
2020-08-13,11.406197547912598,11.684051467097131,11.319228399501068,11.508865973672156,374460000,during_trump
2020-08-14,11.526808738708496,11.66710599919739,11.403706060721607,11.49291769186189,366436000,during_trump
2020-08-17,12.297323226928711,12.369839349029562,11.779245137203514,11.813135235638537,621300000,during_trump
2020-08-18,12.221318244934082,12.45581213323748,12.047379937885205,12.40995959388531,503448000,during_trump
2020-08-19,12.099459648132324,12.275391347144025,12.059089267830341,12.256951471541269,622624000,during_trump
2020-08-20,12.101953506469727,12.335201151761469,11.840546973679533,11.936487959422175,921388000,during_trump
2020-08-21,12.64271068572998,12.767557750103402,12.156030147155567,12.162509486784066,999868000,during_trump
2020-08-24,12.679341316223145,12.870973283791967,12.467275094925899,12.84231532663013,490564000,during_trump
2020-08-25,12.708995819091797,12.720209182640675,12.53331218530109,12.590129032194348,289076000,during_trump
2020-08-26,12.731921195983887,12.827114055891018,12.636977395177562,12.758086660677401,321244000,during_trump
2020-08-27,12.587636947631836,12.808674045517998,12.526085128500187,12.740393828304285,317604000,during_trump
2020-08-28,13.105464935302734,13.105713994381041,12.60183991135932,12.634235653075363,537160000,during_trump
2020-08-31,13.331488609313965,13.53134334832427,12.99582154857618,13.14035474214799,500840000,during_trump
2020-09-01,13.780669212341309,13.95291463348624,13.397290714892526,13.44066372483883,511316000,during_trump
2020-09-02,14.304638862609863,14.683779311477837,13.859440925316628,14.660845707915952,874012000,during_trump
2020-09-03,12.977522850036621,13.843986724990549,12.841171644805272,13.788399501378418,945128000,during_trump
2020-09-04,12.58566951751709,13.136557162328767,11.670597041485369,12.746448173086115,1463684000,during_trump
2020-09-08,11.878240585327148,12.5133820427161,11.670099900256915,11.700261234213434,795728000,during_trump
2020-09-09,12.677899360656738,12.771874077000696,12.196058807985507,12.363817959051502,736200000,during_trump
2020-09-10,12.275827407836914,13.027128843860567,12.13149916342981,12.951350382295354,698684000,during_trump
2020-09-11,12.129007339477539,12.615583396748905,11.861041292987165,12.449070842560646,636928000,during_trump
2020-09-14,12.834691047668457,13.276149172140206,12.59439501163075,13.04283268112524,1201744000,during_trump
2020-09-15,12.953091621398926,13.259943336543277,12.790318025576163,13.2412478600421,727556000,during_trump
2020-09-16,12.477986335754395,13.054549117759505,12.47723893480104,12.9194445092932,556384000,during_trump
2020-09-17,12.427133560180664,12.553015449497009,11.999634544799727,12.096849903540244,792512000,during_trump
2020-09-18,12.153682708740234,12.595639043029594,11.953768216184255,12.55700241680166,698460000,during_trump
2020-09-21,12.48072624206543,12.48596090038017,11.869764119068916,11.890204485124078,721044000,during_trump
2020-09-22,12.600875854492188,12.611096038821364,12.120033678212257,12.538309080348979,646452000,during_trump
2020-09-23,12.088374137878418,12.689864431415549,12.044004584311867,12.538805789732296,647012000,during_trump
2020-09-24,12.311970710754395,12.532824815977994,11.978945617549236,12.037026082317416,731240000,during_trump
2020-09-25,12.836187362670898,12.845909279760658,12.210020401286748,12.41118154764223,588016000,during_trump
2020-09-28,12.996965408325195,13.013666868711299,12.712797153507108,13.002200066684653,573808000,during_trump
2020-09-29,13.187159538269043,13.403526377731259,12.895513458671179,12.899750631913115,621460000,during_trump
2020-09-30,13.491020202636719,13.582751766420662,13.111879744629505,13.119108422732165,689184000,during_trump
2020-10-01,13.574774742126465,13.722591795558866,13.421472945822046,13.717856355284482,525004000,during_trump
2020-10-02,13.024137496948242,13.480052989122546,13.012919827396015,13.186412873324,552496000,during_trump
2020-10-05,13.602693557739258,13.604438443946247,13.184168099894958,13.197379788701449,479820000,during_trump
2020-10-06,13.696419715881348,14.100736967285448,13.625128512043325,13.789647040474033,784420000,during_trump
2020-10-07,13.92325210571289,14.078049626241114,13.823045263188042,13.95889817340689,418084000,during_trump
2020-10-08,13.798369407653809,14.043402752809419,13.717855517208713,14.033929971056136,378900000,during_trump
2020-10-09,13.722591400146484,13.783912497257951,13.620889740605797,13.726829523980777,346892000,during_trump
2020-10-12,14.184490203857422,14.305137430572008,13.871905504040015,13.948680493281143,434744000,during_trump
2020-10-13,14.20667552947998,14.306633256884707,13.9778453621998,14.25478494025162,344604000,during_trump
2020-10-14,14.054121971130371,14.300899264909264,13.919266522252348,14.248801815091685,276100000,during_trump
2020-10-15,13.929239273071289,13.96488440051517,13.727578909131115,13.770453666408956,267224000,during_trump
2020-10-16,13.771199226379395,14.080295100382083,13.752254612946892,13.99579221618261,242392000,during_trump
2020-10-19,13.458365440368652,13.942697326105119,13.367630412305434,13.862432565530234,298068000,during_trump
2020-10-20,13.605687141418457,13.759487235637218,13.467591025461648,13.543867762988787,229212000,during_trump
2020-10-21,13.4852876663208,13.7512596862729,13.43817573627759,13.585245403451541,219596000,during_trump
2020-10-22,13.322014808654785,13.57203274964044,13.193141414504842,13.483043554770541,290480000,during_trump
2020-10-23,13.5505952835083,13.55358678850794,13.252467942914826,13.410754310920243,233484000,during_trump
2020-10-26,13.1029052734375,13.652796390775253,13.000455258958455,13.38782188167736,336896000,during_trump
2020-10-27,13.357660293579102,13.402778198495477,13.153008451267365,13.267174399254001,250520000,during_trump
2020-10-28,12.590156555175781,13.22130994850956,12.572209425845594,13.159490579429658,376520000,during_trump
2020-10-29,12.985997200012207,13.15425461112847,12.712796542256983,12.80103832931287,320080000,during_trump
2020-10-30,12.497428894042969,12.898753687334388,12.264111450047963,12.812506859163562,416820000,during_trump
2020-11-02,12.544038772583008,12.799291309346993,12.35883079916996,12.620813745363474,299652000,during_trump
2020-11-03,12.981512069702148,13.066762365838558,12.565978089692178,12.67141962079184,272900000,during_trump
2020-11-04,13.754000663757324,13.787154453240435,13.29808518565941,13.350182639287604,410228000,during_trump
2020-11-05,14.118681907653809,14.297159498641282,13.950175365544007,14.121175145319006,319028000,during_trump
2020-11-06,14.519511222839355,14.546182783638443,13.854457580182475,14.068580320112584,383348000,during_trump
2020-11-09,13.59097671508789,14.648631574059097,13.571035567291537,14.510037221209249,582976000,during_trump
2020-11-10,12.73274040222168,13.566798895480682,12.591403662862831,13.566798895480682,644068000,during_trump
2020-11-11,13.378846168518066,13.39579675988782,12.910466507326122,13.015658876353323,404744000,during_trump
2020-11-12,13.417485237121582,13.725832772565191,13.277145991940019,13.439670490086485,365812000,during_trump
2020-11-13,13.258201599121094,13.62886677558887,13.021145259004319,13.58748777408256,346312000,during_trump
2020-11-16,13.475815773010254,13.609673750084138,13.117613914518738,13.134065292013785,413776000,during_trump
2020-11-17,13.38308334350586,13.556575394285218,13.26492937280869,13.512953248024814,312028000,during_trump
2020-11-18,13.389566421508789,13.56605000060591,13.146528037574518,13.425959895699158,510924000,during_trump
2020-11-19,13.401032447814941,13.448144369389391,13.0617752643355,13.174196318972344,565936000,during_trump
2020-11-20,13.049562454223633,13.455125348358738,13.026877983117611,13.414743832829755,341088000,during_trump
2020-11-23,13.101661682128906,13.343453491755636,12.977524662700837,13.132820503808434,361356000,during_trump
2020-11-24,12.919940948486328,13.123594351985645,12.847403134157863,13.104151471570693,346500000,during_trump
2020-11-25,13.196131706237793,13.230780292918476,12.982008993757889,12.994472329441068,259916000,during_trump
2020-11-27,13.222554206848145,13.368378182952382,13.132069267210525,13.3359727492746,167276000,during_trump
2020-11-30,13.362396240234375,13.373364775324069,12.934398961308828,13.226295119524549,286952000,during_trump
2020-12-01,13.350929260253906,13.48927447354429,13.18965044428198,13.452881000808961,296948000,during_trump
2020-12-02,13.50498104095459,13.63360436361833,13.19563598785706,13.311546838793303,283360000,during_trump
2020-12-03,13.360857963562012,13.624165347184348,13.294034288848101,13.551855309334533,199520000,during_trump
2020-12-04,13.522683143615723,13.524428545240987,13.353627442000162,13.413220304466646,202244000,during_trump
2020-12-07,13.57105541229248,13.695229089623341,13.464585910101487,13.565570000052025,223244000,during_trump
2020-12-08,13.314980506896973,13.563077716707136,13.246659679447056,13.549363709771498,271920000,during_trump
2020-12-09,12.896828651428223,13.378810606682494,12.834492607705123,13.26560870892222,401300000,during_trump
2020-12-10,12.938218116760254,13.034465350871226,12.81578986198572,12.835239435483578,207764000,during_trump
2020-12-11,12.979111671447754,12.985844070175068,12.78936037349505,12.933231867461886,209264000,during_trump
2020-12-14,13.27383804321289,13.35362810753663,13.04319485880294,13.053667269076458,270156000,during_trump
2020-12-15,13.325451850891113,13.428679754315336,13.152157723854899,13.404493338692761,193016000,during_trump
2020-12-16,13.207757949829102,13.401996846153352,13.177835971470705,13.387285064117961,223116000,during_trump
2020-12-17,13.306252479553223,13.344402108355627,13.143929176149829,13.331684931306457,231384000,during_trump
2020-12-18,13.2371826171875,13.369833127376156,13.036211292099729,13.34390131281088,342064000,during_trump
2020-12-21,13.297273635864258,13.33492484549951,12.933480617301809,13.040449469251602,302332000,during_trump
2020-12-22,13.24341869354248,13.302263941994797,13.019757098210265,13.284311509005933,185580000,during_trump
2020-12-23,12.975123405456543,13.240176213034147,12.970884980318413,13.22122600117891,179144000,during_trump
2020-12-24,12.959661483764648,13.098047559563101,12.904806418967256,13.00304731148748,97884000,during_trump
2020-12-28,12.866158485412598,13.028232572525456,12.729767958168171,13.028232572525456,212564000,during_trump
2020-12-29,12.909296989440918,13.038208466084006,12.808562099894305,12.891095349813664,170372000,during_trump
2020-12-30,13.11126708984375,13.179088557493229,12.862920651461906,12.956174574996997,225396000,during_trump
2020-12-31,13.020752906799316,13.116500786863334,12.881119828694374,13.102039159766056,192424000,during_trump
2021-01-04,13.079097747802734,13.616684247552554,12.928493857668233,13.069872326194028,560640000,during_trump
2021-01-05,13.369584083557129,13.408232123108572,13.052667686186886,13.065383910856193,322760000,during_trump
2021-01-06,12.58140754699707,13.210253352525344,12.552982708724837,13.18781234029951,580424000,during_trump
2021-01-07,13.308991432189941,13.342653420591278,12.852692193369531,12.9334790631881,461480000,during_trump
2021-01-08,13.241918563842773,13.38579004575729,13.007784626982303,13.327444180295736,292528000,during_trump
2021-01-11,13.585765838623047,13.924375632075392,13.327445465368644,13.383547520576082,518344000,during_trump
2021-01-12,13.449374198913574,13.718417136246744,13.309991287761786,13.716421576408365,291476000,during_trump
2021-01-13,13.496251106262207,13.589256752099574,13.349886586215547,13.454610677100126,210028000,during_trump
2021-01-14,13.16562271118164,13.564074634258443,13.145924877121022,13.539389802082038,283120000,during_trump
2021-01-15,12.825766563415527,13.290294537427819,12.81479573848984,13.193299661324813,277780000,during_trump
2021-01-19,12.991081237792969,13.059650314910332,12.810306141016198,12.98210407137599,226188000,during_trump
2021-01-20,13.330687522888184,13.395267380645388,13.022498117012766,13.077353186999005,258572000,after_trump
2021-01-21,13.831122398376465,13.962526891847379,13.21823433925245,13.383299879552478,337780000,after_trump
2021-01-22,13.676527976989746,13.805439443893087,13.591501710006616,13.703955989146737,246820000,after_trump
2021-01-25,13.617432594299316,13.792222906843277,13.201775917820182,13.745595479607013,251112000,after_trump
2021-01-26,13.400005340576172,13.60895511614543,13.352380132256862,13.544873671973665,163980000,after_trump
2021-01-27,12.883862495422363,13.19803571963846,12.7601872437414,13.195292538180821,371272000,after_trump
2021-01-28,13.016763687133789,13.304756872275243,12.926501212450496,12.962157819561993,228316000,after_trump
2021-01-29,12.955673217773438,13.299768427548274,12.877628563577591,13.040699478065463,271552000,after_trump
2021-02-01,13.202276229858398,13.235937275956195,12.868902609137884,13.019008103662717,217204000,after_trump
2021-02-02,13.521185874938965,13.536395122770351,13.250646742172403,13.363600375597834,220440000,after_trump
2021-02-03,13.495006561279297,13.895203869099124,13.481043347618648,13.600229078172731,245408000,after_trump
2021-02-04,13.62840461730957,13.637630039577589,13.302761193484542,13.49550393934747,201340000,after_trump
2021-02-05,13.555346488952637,13.70121355588606,13.51021525363682,13.68899574443707,169152000,after_trump
2021-02-08,14.400875091552734,14.435783128708565,13.691241303635762,13.691241303635762,434624000,after_trump
2021-02-09,14.225834846496582,14.544995114842763,14.185191240094941,14.30313093895207,287560000,after_trump
2021-02-10,14.725519180297852,14.865899886486943,14.303878647303545,14.425309142366958,485352000,after_trump
2021-02-11,15.21074104309082,15.232185226295876,14.885846210981674,14.94095143652178,450828000,after_trump
2021-02-12,14.922000885009766,15.251135085237093,14.736238809363154,15.010517943667557,374756000,after_trump
2021-02-16,15.290033340454102,15.332173135949482,14.910780888030713,15.024731354146924,321960000,after_trump
2021-02-17,14.866898536682129,15.183565780965669,14.741228658115656,15.131202776712273,274756000,after_trump
2021-02-18,14.790101051330566,14.834234510595168,14.53676668190289,14.690362990778235,233868000,after_trump
2021-02-19,14.88734245300293,15.13718502262664,14.807801606602862,14.98508493573601,271724000,after_trump
2021-02-22,14.318090438842773,15.093550964129731,14.287420831821091,14.735990942930265,325884000,after_trump
2021-02-23,14.104902267456055,14.201398727224001,13.354375726640503,14.038326844010633,391780000,after_trump
2021-02-24,14.460963249206543,14.468693427860899,13.719912388104134,14.085700979760459,448320000,after_trump
2021-02-25,13.272588729858398,14.337039136425972,13.181578649551222,14.008652562508509,824436000,after_trump
2021-02-26,13.678523063659668,13.81815519173923,13.325950037913707,13.716422533300882,500932000,after_trump
2021-03-01,13.805439949035645,13.888471610182824,13.517696920416522,13.838602581815634,353184000,after_trump
2021-03-02,13.371081352233887,13.883982121132098,13.360858149770896,13.863535716206119,264116000,after_trump
2021-03-03,12.771161079406738,13.416214025530346,12.76517630114152,13.391030778653375,377592000,after_trump
2021-03-04,12.337798118591309,12.940962272659407,12.052049734320216,12.767168792156996,573344000,after_trump
2021-03-05,12.428808212280273,12.51707606096977,11.64860999225945,12.51707606096977,542840000,after_trump
2021-03-08,11.562836647033691,12.438532617343244,11.536156259646987,12.417338592681904,543112000,after_trump
2021-03-09,12.491717338562012,12.587996864538763,12.031767491447203,12.102605785194852,521824000,after_trump
2021-03-10,12.439835548400879,12.950418556477446,12.429110229980283,12.811236807250063,384376000,after_trump
2021-03-11,12.963886260986328,13.016516624546929,12.705476723153422,12.920485455152443,299916000,after_trump
2021-03-12,12.826699256896973,12.859374744297998,12.56130571502629,12.619422429593925,243964000,after_trump
2021-03-15,13.161188125610352,13.176652870953951,12.738154598213367,12.835432251874124,221988000,after_trump
2021-03-16,13.260958671569824,13.481704010875045,13.086855903214838,13.32605940722556,272128000,after_trump
2021-03-17,13.310845375061035,13.422589637081526,12.959896649151197,13.01003218142403,243864000,after_trump
2021-03-18,12.693506240844727,13.1539546850162,12.6880189347773,13.106563276432828,293896000,after_trump
2021-03-19,12.816473007202148,12.892050714943613,12.583754944009304,12.720941376395766,299208000,after_trump
2021-03-22,13.156198501586914,13.36397394916909,12.877335469562507,12.883322313284456,297804000,after_trump
2021-03-23,13.040961265563965,13.314086726980229,12.991573614500512,13.224042396554665,222048000,after_trump
2021-03-24,12.614185333251953,13.129259370912745,12.607950148357045,13.121277230506307,245840000,after_trump
2021-03-25,12.506682395935059,12.685773901392986,12.244032933114475,12.47101443199076,295144000,after_trump
2021-03-26,12.80998706817627,12.826948520582155,12.345298839898938,12.525886070630326,363968000,after_trump
2021-03-29,12.91873836517334,13.032728151019679,12.671054165141,12.791029841995345,273520000,after_trump
2021-03-30,12.842416763305664,12.945681265074356,12.67604681145678,12.812734689254043,200204000,after_trump
2021-03-31,13.317830085754395,13.43980108547059,12.952913308067277,12.985838094343524,314776000,after_trump
2021-04-01,13.780272483825684,13.838389202845008,13.480456476203573,13.541318275109122,308276000,after_trump
2021-04-05,13.955622673034668,13.982062028329404,13.701702290409012,13.835896267255658,255672000,after_trump
2021-04-06,13.829909324645996,14.022220023117734,13.74211053193706,13.967844602013875,191744000,after_trump
2021-04-07,14.111268997192383,14.211040538356515,13.68025331322055,13.849117148557626,251284000,after_trump
2021-04-08,14.284372329711914,14.438520235973197,14.216526508236932,14.220268761348414,244416000,after_trump
2021-04-09,14.367180824279785,14.375162964604147,14.142694188854021,14.18160486312086,195172000,after_trump
2021-04-12,15.174336433410645,15.317509706392366,14.10702469407602,14.257181982739741,869324000,after_trump
2021-04-13,15.643766403198242,15.664219866852763,15.091278348791171,15.196787430678915,676212000,after_trump
2021-04-14,15.242183685302734,15.684672501623222,15.19279603295421,15.589390156598101,385500000,after_trump
2021-04-15,16.100467681884766,16.177291833306022,15.595869832820881,15.626799308497118,598480000,after_trump
2021-04-16,15.876235961914062,16.128908929642876,15.829092898186087,16.01641488091177,335208000,after_trump
2021-04-19,15.326739311218262,15.771473656524103,15.198282892338474,15.501091372928386,404420000,after_trump
2021-04-20,15.136672973632812,15.461679943155445,14.928897558401575,15.28832601946321,334132000,after_trump
2021-04-21,15.325490951538086,15.327486248544899,15.067829314456603,15.084291228388347,216776000,after_trump
2021-04-22,14.816404342651367,15.403313794352202,14.749805950477095,15.339958116742668,277788000,after_trump
2021-04-23,15.230460166931152,15.300051036777765,14.86629224305582,14.9002142001903,227500000,after_trump
2021-04-26,15.442724227905273,15.443722352270685,15.090529052039209,15.150392726443197,197796000,after_trump
2021-04-27,15.346695899963379,15.63478754928176,15.319507712036915,15.542997204875022,164572000,after_trump
2021-04-28,15.24193286895752,15.496851358886726,15.180822728255709,15.329483314677965,209416000,after_trump
2021-04-29,15.289823532104492,15.401318494154166,15.037150588700314,15.36490170360878,173196000,after_trump
2021-04-30,14.975293159484863,15.329983201869698,14.96282183706927,15.139918040773958,201912000,after_trump
2021-05-03,14.802934646606445,15.212000037199155,14.753797245576967,15.090527647186622,203912000,after_trump
2021-05-04,14.318543434143066,14.604141189307825,13.978320963327217,14.60389189606982,405324000,after_trump
2021-05-05,14.425546646118164,14.779738038418975,14.354708367658002,14.675475442026421,292024000,after_trump
2021-05-06,14.489900588989258,14.538040820971824,14.185596357430091,14.462213818419057,193380000,after_trump
2021-05-07,14.778493881225586,14.93663238730479,14.638314004041494,14.774503286249104,229328000,after_trump
2021-05-10,14.233237266540527,14.77225582305998,14.217523230425485,14.75354836535136,268904000,after_trump
2021-05-11,14.273646354675293,14.322035886373337,13.718664402624059,13.793493290883639,285584000,after_trump
2021-05-12,13.727144241333008,14.227750736859978,13.678006833080557,13.977571659960846,303408000,after_trump
2021-05-13,13.634105682373047,14.048659365726651,13.42832555148644,14.001765599303283,285404000,after_trump
2021-05-14,14.210538864135742,14.295345179023933,13.7171657173245,13.858343697165184,258616000,after_trump
2021-05-17,14.133216857910156,14.136958159511208,13.821928575791024,14.124736130247342,216980000,after_trump
2021-05-18,13.983806610107422,14.371421392185121,13.972083168805666,14.23448425219446,186256000,after_trump
2021-05-19,14.033695220947266,14.04741396173957,13.512385925342585,13.535582567163612,344000000,after_trump
2021-05-20,14.579197883605957,14.650285464751947,14.237977303805032,14.269903963838662,321592000,after_trump
2021-05-21,14.9575834274292,15.187309043318711,14.835612432131729,15.129191369333865,672992000,after_trump
2021-05-24,15.576419830322266,15.709116137261757,15.141412676969354,15.17782946856189,554816000,after_trump
2021-05-25,15.612090110778809,15.782450652226443,15.447216875482335,15.730070523282205,435408000,after_trump
2021-05-26,15.664219856262207,15.757756202081648,15.550729584781761,15.698392060076491,370440000,after_trump
2021-05-27,15.452701568603516,15.714104534109342,15.424765504557204,15.663969004454568,581476000,after_trump
2021-05-28,16.207475662231445,16.240401394385643,15.465671400487324,15.465671400487324,644536000,after_trump
2021-06-01,16.227432250976562,16.350900905100538,15.867005629586217,16.23292050791609,472804000,after_trump
2021-06-02,16.740009307861328,16.880190104909857,16.198496919474508,16.2152090783559,594168000,after_trump
2021-06-03,16.931079864501953,17.219672064480864,16.545211896566865,16.662693742817126,580008000,after_trump
2021-06-04,17.538192749023438,17.62075259117557,17.056542923080585,17.07350247759976,617120000,after_trump
2021-06-07,17.578845977783203,17.771905511056648,17.15356884306315,17.53120623055829,575756000,after_trump
2021-06-08,17.417217254638672,17.58134165328646,17.211685437703707,17.4873067175246,323848000,after_trump
2021-06-09,17.32265853881836,17.538965213865822,17.22036969325011,17.479836821102058,381656000,after_trump
2021-06-10,17.389266967773438,17.456130915417614,17.14077893050675,17.31442190727137,287772000,after_trump
2021-06-11,17.788698196411133,17.90246474797878,17.407980256034776,17.44365638372693,416308000,after_trump
2021-06-14,17.9818058013916,18.00251330381653,17.6265367051876,17.86928786859954,321376000,after_trump
2021-06-15,17.752029418945312,17.97931325698178,17.69165426456844,17.878271146734242,243032000,after_trump
2021-06-16,17.773733139038086,17.917937602943923,17.548446022631445,17.75427429222566,307124000,after_trump
2021-06-17,18.618993759155273,18.796378926832787,17.71984214031453,17.73805423238615,809656000,after_trump
2021-06-18,18.60053253173828,19.335272822869825,18.545894351454166,18.74548502583953,968856000,after_trump
2021-06-21,18.389467239379883,18.498494256767234,17.786206870403326,18.39745025777969,672384000,after_trump
2021-06-22,18.848018646240234,18.924862312547585,18.34829593386419,18.433621316677588,580144000,after_trump
2021-06-23,19.01817512512207,19.11348026123593,18.86898175836073,18.9687771045024,332356000,after_trump
2021-06-24,19.166120529174805,19.38018114291999,19.049110497974752,19.18832603442068,320924000,after_trump
2021-06-25,18.991979598999023,19.305835565574505,18.855760067993472,19.24096830647944,278364000,after_trump
2021-06-28,19.94402313232422,20.03758090623226,19.279388341021416,19.32155139135176,495436000,after_trump
2021-06-29,19.985687255859375,20.057538224477703,19.61669442518028,19.84173216140045,367632000,after_trump
2021-06-30,19.961488723754883,20.12116051801287,19.82302313148326,19.958245265520905,326568000,after_trump
2021-07-01,20.170557022094727,20.41405620450806,19.977951959245576,20.083735514290062,480136000,after_trump
2021-07-02,20.444992065429688,20.463206060983406,20.246151347327103,20.39833880688421,342764000,after_trump
2021-07-06,20.65605926513672,20.799264406948467,20.308523883899067,20.69497885754218,446708000,after_trump
2021-07-07,20.329978942871094,20.832197183620792,20.290311300375325,20.810741633418665,418428000,after_trump
2021-07-08,19.861940383911133,20.091717673491328,19.66035491019757,19.815785826411023,503300000,after_trump
2021-07-09,20.009138107299805,20.039077280594753,19.71374549718663,19.92156854746717,296624000,after_trump
2021-07-12,20.470436096191406,20.490642986171093,20.146351157550534,20.198493917922008,321984000,after_trump
2021-07-13,20.208477020263672,20.41929415298804,20.072756210423613,20.35866776259471,290708000,after_trump
2021-07-14,19.80081558227539,20.375884094034173,19.712248624493125,20.316007653222723,380100000,after_trump
2021-07-15,18.92736053466797,19.806305274882078,18.819831529208127,19.771127841795916,550564000,after_trump
2021-07-16,18.12376594543457,19.117724253551092,18.035947016227496,18.991484423851034,688224000,after_trump
2021-07-19,18.74124526977539,19.00295655360081,17.828868501426797,17.878517774320905,749060000,after_trump
2021-07-20,18.57383918762207,18.799375650601363,18.126757771110505,18.69159728177998,434687000,after_trump
2021-07-21,19.370203018188477,19.4869637086803,18.703573366941228,18.84328571218755,371017000,after_trump
2021-07-22,19.55382537841797,19.846223896044886,19.236476596697116,19.601727296802768,323826000,after_trump
2021-07-23,19.517900466918945,19.659609519887088,19.210531401083966,19.615699109499815,195672000,after_trump
2021-07-26,19.254440307617188,19.402135661445893,18.875218391704966,19.271405648863613,203943000,after_trump
2021-07-27,19.168617248535156,19.58176796610266,18.70257379806693,19.22549958731467,248863000,after_trump
2021-07-28,19.4630126953125,19.605719148054416,18.956054841013263,19.279389940593333,202191000,after_trump
2021-07-29,19.621688842773438,19.812297231772675,19.28837208483873,19.478980473837968,190781000,after_trump
2021-07-30,19.459022521972656,19.589752552166225,19.223506322501038,19.37818731394918,183497000,after_trump
2021-08-02,19.709501266479492,19.920069038063172,19.321298998647187,19.65960455629378,217444000,after_trump
2021-08-03,19.774372100830078,20.180537181896543,19.180590863307074,19.699525118531906,301811000,after_trump
2021-08-04,20.23242950439453,20.276339909269765,19.787342950872905,19.9490114340355,231309000,after_trump
2021-08-05,20.59468650817871,20.69049034667799,20.300291278871487,20.457968271115057,211435000,after_trump
2021-08-06,20.32423973083496,20.52782191080842,20.168559464200868,20.481916703623906,178497000,after_trump
2021-08-09,20.253385543823242,20.465948136373385,20.10169679071814,20.404074992162744,146443000,after_trump
2021-08-10,19.895124435424805,20.38811102969267,19.794329787926134,20.280332668750773,179238000,after_trump
2021-08-11,19.65860939025879,20.00789214540426,19.39016183516955,20.001903929821303,185925000,after_trump
2021-08-12,19.86419105529785,19.987935472764658,19.57977552028493,19.829262965274378,151652000,after_trump
2021-08-13,20.146604537963867,20.172552199918112,19.810295657947307,19.864185784506034,183063000,after_trump
2021-08-16,19.909093856811523,20.245402741354958,19.413111296530506,20.09371398663874,210876000,after_trump
2021-08-17,19.41810417175293,19.729464731826763,19.22749580678188,19.644638023102544,204585000,after_trump
2021-08-18,19.000961303710938,19.593743229252496,18.96104240604806,19.460017206207215,285913000,after_trump
2021-08-19,19.75740623474121,20.45297759855377,18.723529260876187,19.454028707916844,766555000,after_trump
2021-08-20,20.773313522338867,20.822212826993088,19.892124830534584,19.950004552446828,675741000,after_trump
2021-08-23,21.91297721862793,21.951896810931448,20.907044613368058,20.928001463334397,575807000,after_trump
2021-08-24,21.748313903808594,21.913973895266203,21.49084349746949,21.708396911428117,297299000,after_trump
2021-08-25,22.167455673217773,22.423928711519626,21.67746315503596,21.692431791193993,347701000,after_trump
2021-08-26,22.022754669189453,22.294196346774118,21.745324775697455,22.154483998522892,237940000,after_trump
2021-08-27,22.589590072631836,22.675414192164936,22.12155178000806,22.138517123604025,304722000,after_trump
2021-08-30,22.641481399536133,22.99575306868684,22.504763165366676,22.783190447883996,262580000,after_trump
2021-08-31,22.343040466308594,22.652458850997647,22.078537807120643,22.652458850997647,259850000,after_trump
2021-09-01,22.39893341064453,22.65445404598005,22.315091237611284,22.442851555279045,201767000,after_trump
2021-09-02,22.35401725769043,22.55064847192109,22.253206755805778,22.47578830242912,187834000,after_trump
2021-09-03,22.80018424987793,22.942915865127908,22.158389818039435,22.283155522186565,280532000,after_trump
2021-09-07,22.619525909423828,22.856081219662663,22.479787012896974,22.790204936825663,198107000,after_trump
2021-09-08,22.297128677368164,22.567620625993627,21.93580579054596,22.47080232009072,254434000,after_trump
2021-09-09,22.135435104370117,22.495758565939447,22.089521791381827,22.27018231090485,196856000,after_trump
2021-09-10,22.43586540222168,22.583586786776177,22.22825511755486,22.30610802241827,248376000,after_trump
2021-09-13,22.11048126220703,22.920959616823474,21.817031677597985,22.641483731301825,297500000,after_trump
2021-09-14,22.200313568115234,22.367997963503193,22.04460581363765,22.233250758449103,199755000,after_trump
2021-09-15,22.299123764038086,22.325076004521907,21.9248266618489,22.267184155866353,166538000,after_trump
2021-09-16,22.200313568115234,22.23524781715439,21.885903422989024,22.14142413348154,156033000,after_trump
2021-09-17,21.85894775390625,22.279158111208478,21.789079274517906,22.258197567391974,294503000,after_trump
2021-09-20,21.073423385620117,21.392823223374187,20.623268596762017,21.10636056579907,349440000,after_trump
2021-09-21,21.2061824798584,21.384845959338357,20.91073769508089,21.376861531142048,204688000,after_trump
2021-09-22,21.899873733520508,21.91883722130404,21.156269325247195,21.32595075308163,268726000,after_trump
2021-09-23,22.43985939025879,22.492759542814195,21.84896809396937,22.098499486193866,248555000,after_trump
2021-09-24,22.03961181640625,22.10748515246272,21.820024859131454,22.02863275410855,217655000,after_trump
2021-09-27,21.619401931762695,21.75814133943312,21.285030745012563,21.66930745391913,245215000,after_trump
2021-09-28,20.660198211669922,21.378849758123142,20.61228785473661,21.174234115874263,343069000,after_trump
2021-09-29,20.47854232788086,20.97760510825539,20.42863490757935,20.900749775141833,218394000,after_trump
2021-09-30,20.677169799804688,21.02651414505671,20.64922240448641,20.729072377363426,221009000,after_trump
2021-10-01,20.703123092651367,20.81990247026338,20.165131897885484,20.7111075192128,240978000,after_trump
2021-10-04,19.69501304626465,20.50349418175342,19.518344784114188,20.465565305506654,345635000,after_trump
2021-10-05,20.41266441345215,20.609295635692575,19.816783379795243,19.912604096044507,279282000,after_trump
2021-10-06,20.66119956970215,20.681160633760157,20.04236089334236,20.08228682900517,297202000,after_trump
2021-10-07,21.035497665405273,21.282034428331333,20.932690089504817,21.052464094730574,256919000,after_trump
2021-10-08,20.791954040527344,21.166251145772502,20.73605924982708,21.061448413209504,151258000,after_trump
2021-10-11,20.656206130981445,21.02351633144884,20.47255103074775,20.536432141657382,163388000,after_trump
2021-10-12,20.632251739501953,21.01752786268928,20.48952014328837,20.78895703179556,162134000,after_trump
2021-10-13,20.899751663208008,20.950656664118235,20.674175439233597,20.878791116440304,180652000,after_trump
2021-10-14,21.705236434936523,21.714218436998244,21.082405602697325,21.248094793760433,243589000,after_trump
2021-10-15,21.821020126342773,21.889891032469546,21.621396160074113,21.769117552433713,226994000,after_trump
2021-10-18,22.18034553527832,22.249216440176646,21.603427961486776,21.708232588464817,189494000,after_trump
2021-10-19,22.24822235107422,22.337054333529306,21.995696294779776,22.23424674868244,161473000,after_trump
2021-10-20,22.06157112121582,22.390952498212002,21.94079763235497,22.263192160502342,146276000,after_trump
2021-10-21,22.649463653564453,22.668429043567482,22.041605960384647,22.055579656692842,187590000,after_trump
2021-10-22,22.68340301513672,23.086645101577915,22.51871327531193,22.780221323580307,249384000,after_trump
2021-10-25,23.122577667236328,23.311222580367943,22.72732002696426,22.929938637364884,230235000,after_trump
2021-10-26,24.67066764831543,25.21165340368274,23.879154838322947,23.944033530481246,485898000,after_trump
2021-10-27,24.405170440673828,25.042972669039454,24.236486581667393,24.428128046404414,245990000,after_trump
2021-10-28,24.89425277709961,24.903236685034123,24.477036970431932,24.831371132879006,234204000,after_trump
2021-10-29,25.519075393676758,25.66080941988218,24.953138769892526,24.95413634715658,292503000,after_trump
2021-11-01,25.778589248657227,25.845463099594504,25.179713514581092,25.60092339643473,265740000,after_trump
2021-11-02,26.351511001586914,26.627992197881166,25.751637729843655,25.773597755453412,294112000,after_trump
2021-11-03,26.548139572143555,26.73379172323502,26.185821079279435,26.620005105189268,239910000,after_trump
2021-11-04,29.745140075683594,31.30620761167732,27.067168664563635,27.177960661408324,1153631000,after_trump
2021-11-05,29.69623374938965,31.341143555275014,29.354873833641875,30.130417853663417,851260000,after_trump
2021-11-08,30.746265411376953,31.04171015120419,29.850945379937016,30.0924923819784,503101000,after_trump
2021-11-09,30.599536895751953,32.249440336959736,29.90783694894827,32.22149294128175,646746000,after_trump
2021-11-10,29.403783798217773,30.79217735388519,28.72406045944693,29.30097811813441,636206000,after_trump
2021-11-11,30.333036422729492,30.53266230455437,29.721186464615332,30.410891240075124,332172000,after_trump
2021-11-12,30.333036422729492,30.622493760998218,29.574460737077853,29.95374953179042,413054000,after_trump
2021-11-15,29.968725204467773,30.586564524684693,29.192183494325846,30.494737900135824,384909000,after_trump
2021-11-16,30.146387100219727,30.333036864576925,29.65031892792296,29.70322098675446,264484000,after_trump
2021-11-17,29.206151962280273,30.45181376929014,28.746015633176018,30.360982834698927,428508000,after_trump
2021-11-18,31.61562728881836,32.69859263971445,31.262290738721653,32.30633153707258,781711000,after_trump
2021-11-19,32.92317199707031,33.02597956876637,31.845196475255754,32.18256225749875,533867000,after_trump
2021-11-22,31.896100997924805,34.58205696797993,31.8402062080976,33.45417397567859,754335000,after_trump
2021-11-23,31.686494827270508,32.29934425081102,30.82211695136058,31.475889889044435,532163000,after_trump
2021-11-24,32.612754821777344,32.793415307155215,30.870027278590047,31.40202915429508,435162000,after_trump
2021-11-26,31.443952560424805,32.64868904531779,31.29123945806128,32.53889461478636,283069000,after_trump
2021-11-29,33.313438415527344,33.34937023539346,31.975950001854695,32.305333266978955,454964000,after_trump
2021-11-30,32.61475372314453,33.29048676445909,31.80427729283025,33.10682971857124,622066000,after_trump
2021-12-01,31.37991714477539,33.23067044842361,31.3250132144851,33.16079341132922,484368000,after_trump
2021-12-02,32.069705963134766,32.421090351510074,30.970635382098994,31.15930528417701,472890000,after_trump
2021-12-03,30.63922119140625,32.07270588626798,30.077206037814552,31.943930302637863,544325000,after_trump
2021-12-06,29.984371185302734,30.188012313938046,27.98887319412435,29.827644780843933,658938000,after_trump
2021-12-07,32.370174407958984,32.39213902433527,30.5972875260648,30.902752964613377,593053000,after_trump
2021-12-08,31.770235061645508,32.233422746850074,31.36594401255075,31.94293226813798,475551000,after_trump
2021-12-09,30.436574935913086,32.14857195475035,30.37468329865997,31.6783946707129,488507000,after_trump
2021-12-10,30.14508628845215,31.250146926619742,29.80867689462589,31.09541783592562,488825000,after_trump
2021-12-13,28.111658096313477,30.240922168349773,28.06673686515642,30.196000937192718,598344000,after_trump
2021-12-14,28.28734588623047,28.627747966943556,27.20225070774232,27.65046334553731,667035000,after_trump
2021-12-15,30.405630111694336,30.44655863805575,27.78922227506093,28.350237826437468,698297000,after_trump
2021-12-16,28.337263107299805,31.105405331789036,28.043779495511,31.097419927170883,707366000,after_trump
2021-12-17,27.752286911010742,28.871322953137728,27.711358386778297,27.93596451634102,713758000,after_trump
2021-12-20,27.670433044433594,28.094687634833022,27.097439351309067,27.257158860918736,461847000,after_trump
2021-12-21,29.0240535736084,29.06897479771501,27.35298517924628,28.324281700128683,524385000,after_trump
2021-12-22,29.34848403930664,29.50321312900466,28.399150197366662,28.840377051858262,395184000,after_trump
2021-12-23,29.588064193725586,30.00633064659535,29.379430769017233,29.702862462287506,343022000,after_trump
2021-12-27,30.890779495239258,31.032530888330538,29.58806574290571,29.60803115692007,403686000,after_trump
2021-12-28,30.26887321472168,31.275106515389158,29.959414995979156,31.257138403592734,420591000,after_trump
2021-12-29,29.94843101501465,30.494473432594628,29.314543448020515,30.21995567466968,343139000,after_trump
2021-12-30,29.534156799316406,30.403630832640008,29.48823787745709,29.77473371741111,308864000,after_trump
2021-12-31,29.359466552734375,29.977383352467218,29.279606801609862,29.6220062223588,266530000,after_trump
2022-01-03,30.068220138549805,30.657186451057335,29.73280845983245,29.762756577148686,391547000,after_trump
2022-01-04,29.238679885864258,30.414615328202974,28.299328692062627,30.223950007701305,527154000,after_trump
2022-01-05,27.555633544921875,29.36445891031009,27.4847588010758,28.898276208088276,498064000,after_trump
2022-01-06,28.128625869750977,28.388170524976964,27.017577109502056,27.591568449323077,454186000,after_trump
2022-01-07,27.19925308227539,28.37219519711405,27.009585498291823,28.091687474277336,409939000,after_trump
2022-01-10,27.35198974609375,27.42086908903126,25.59906606532703,26.534424542018602,594681000,after_trump
2022-01-11,27.768259048461914,28.01582560455743,26.791973944653037,27.27512514321652,404089000,after_trump
2022-01-12,27.94994354248047,28.544898057978678,27.559627866622925,28.017823287842585,383413000,after_trump
2022-01-13,26.52843475341797,28.430095501153286,26.45156810766358,28.329272645820687,540171000,after_trump
2022-01-14,26.894794464111328,27.149348745857417,26.16407664809691,26.2539191117712,395832000,after_trump
2022-01-18,25.85761260986328,26.591325351246454,25.724846231443944,26.213987424363868,424270000,after_trump
2022-01-19,25.02307891845703,26.496492614370172,25.00810580961453,26.03330680371319,488315000,after_trump
2022-01-20,24.107685089111328,25.534182113390173,24.035810741574327,25.25966433666662,435181000,after_trump
2022-01-21,23.333044052124023,24.779504484725948,23.222238488118958,23.465810427443177,718958000,after_trump
2022-01-24,23.331045150756836,23.33903055359547,20.85139859275891,22.29087122277176,913982000,after_trump
2022-01-25,22.284883499145508,22.902800279174155,21.961451803005843,22.506494634650444,664616000,after_trump
2022-01-26,22.73209571838379,24.01484384553794,22.260922687646417,23.199276047776902,755959000,after_trump
2022-01-27,21.905550003051758,23.95295683827954,21.637020339093276,23.52670498128017,573353000,after_trump
2022-01-28,22.79998207092285,22.81795018269309,21.2586866967448,21.973431793431153,543774000,after_trump
2022-01-31,24.44309425354004,24.466054667495563,23.01160697733415,23.141378345935742,564680000,after_trump
2022-02-01,24.594829559326172,25.100941158842325,23.84813911503411,25.060012633846654,518925000,after_trump
2022-02-02,25.197771072387695,25.7717624041856,24.509977269651007,25.748803893317607,543419000,after_trump
2022-02-03,23.906038284301758,25.033059761828103,23.73833338493086,24.41514489111472,410178000,after_trump
2022-02-04,24.27638816833496,24.59183445369835,23.590591664698938,23.92999606449557,354829000,after_trump
2022-02-07,24.684673309326172,25.137876398379763,24.15959396888923,24.329296178413642,376868000,after_trump
2022-02-08,25.064010620117188,25.185796617338095,23.937986615638742,24.316322318744927,410359000,after_trump
2022-02-09,26.6582088470459,26.678174261074123,25.308578465248807,25.57710623910371,524282000,after_trump
2022-02-10,25.77875328063965,26.877824055467528,25.555146724979558,25.94945510404862,513200000,after_trump
2022-02-11,23.90703773498535,26.10617882145909,23.731347419157586,25.870592262319995,605472000,after_trump
2022-02-14,24.224477767944336,24.831412187412976,23.713373896387733,23.892061092359377,440424000,after_trump
2022-02-15,26.448575973510742,26.498487601294322,24.74057356698543,24.905283461876483,699869000,after_trump
2022-02-16,26.464548110961914,26.5354247584652,25.50722879997539,26.212990752516394,732676000,after_trump
2022-02-17,24.464061737060547,25.739822456551337,24.12266189291838,25.585093343558952,810595000,after_trump
2022-02-18,23.600570678710938,24.942215357037984,23.059520645755065,24.624771818466822,761255000,after_trump
2022-02-22,23.349018096923828,24.021836977646117,22.959702019783585,22.994640544449666,633422000,after_trump
2022-02-23,22.347774505615234,24.112678317780876,22.261926649888636,23.760296175065644,566511000,after_trump
2022-02-24,23.706384658813477,23.758293582909403,20.853393040165635,20.978173997857397,735801000,after_trump
2022-02-25,24.114669799804688,24.174564129979828,23.340030496986053,23.6794348746559,528866000,after_trump
2022-02-28,24.342275619506836,24.621785720962702,23.665464036246416,23.94996453951096,477319000,after_trump
2022-03-01,23.435861587524414,24.3342860810021,23.091466801028947,24.248436333224337,412056000,after_trump
2022-03-02,24.181682586669922,24.370384664963016,23.377957719167526,23.718417851383332,389642000,after_trump
2022-03-03,23.676483154296875,24.287514431211836,23.431869927038584,24.2236146029454,365095000,after_trump
2022-03-04,22.89971160888672,23.642533938176978,22.446429452930165,23.347002740032476,431415000,after_trump
2022-03-07,21.318218231201172,22.996560377460327,21.29625367731159,22.780900603372093,450821000,after_trump
2022-03-08,21.479965209960938,22.337605542188697,20.617331721210327,21.275289592142627,557467000,after_trump
2022-03-09,22.97758674621582,23.183260184438538,22.21180011029771,22.351577990222783,492742000,after_trump
2022-03-10,22.622154235839844,22.751947727878036,21.84738095284978,22.495354352227555,428066000,after_trump
2022-03-11,22.06503677368164,23.108383593316066,22.011121351979686,22.9855770902532,367209000,after_trump
2022-03-14,21.296253204345703,22.226777871939785,21.125524219940516,21.834399997336966,385354000,after_trump
2022-03-15,22.936655044555664,23.001552744251775,21.28826794519085,21.483957009446616,491996000,after_trump
2022-03-16,24.457244873046875,24.558084912150203,23.1353401835326,23.46282036717551,671422000,after_trump
2022-03-17,24.726818084716797,24.80269615292569,23.8681780942896,24.08184022245879,471941000,after_trump
2022-03-18,26.411148071289062,26.526965676132647,24.585043147223455,24.759765519619773,730719000,after_trump
2022-03-21,26.69170570373535,27.10904559514695,25.92591891006402,26.46506553683566,591727000,after_trump
2022-03-22,26.482038497924805,27.19490963183077,26.030753909044133,26.684716462945058,547007000,after_trump
2022-03-23,25.593441009521484,26.56989229039342,25.534534347890617,26.08466120998766,502120000,after_trump
2022-03-24,28.10546112060547,28.275192225384394,25.86600993035639,26.124600921493226,877379000,after_trump
2022-03-25,27.648189544677734,28.313136270708256,27.227856056399368,27.841882872392173,579016000,after_trump
2022-03-28,28.174352645874023,28.20530373575783,27.162954895203452,27.712085845046825,425494000,after_trump
2022-03-29,28.61066436767578,28.90020457741188,27.935733252172543,28.649602225179738,488984000,after_trump
2022-03-30,27.64619255065918,28.45091714497132,27.45948812666077,28.259221469312404,463487000,after_trump
2022-03-31,27.242830276489258,28.203308195213072,27.22685674782994,27.738045847217542,523440000,after_trump
2022-04-01,26.66973876953125,27.452498797217913,26.225443109867467,27.331689942170463,517235000,after_trump
2022-04-04,27.316713333129883,27.51440002424251,26.570895448674566,26.685713274366496,397120000,after_trump
2022-04-05,25.889972686767578,27.275777131993475,25.779148245925093,27.210879439377642,436615000,after_trump
2022-04-06,24.368385314941406,25.259972150743756,23.96502515298765,24.894551975696334,703833000,after_trump
2022-04-07,24.16969871520996,24.68288541260129,23.440854165282754,24.40232986869821,557992000,after_trump
2022-04-08,23.08242416381836,23.885153052088434,23.02551513263404,23.879162026385522,524781000,after_trump
2022-04-11,21.882328033447266,22.284690382307573,21.62573462724277,22.178859075392072,575207000,after_trump
2022-04-12,21.4699764251709,22.689045248795317,21.24832754814828,22.50134297361651,662258000,after_trump
2022-04-13,22.167871475219727,22.46440247145248,21.421055702716224,21.693624502064967,516943000,after_trump
2022-04-14,21.224365234375,22.740962893845595,21.12951622794696,22.469391984943567,569097000,after_trump
2022-04-18,21.748537063598633,22.05305290950582,21.045650421935058,21.16645927175718,525701000,after_trump
2022-04-19,22.162879943847656,22.337602310242648,21.28027776536861,21.685635559735957,512781000,after_trump
2022-04-20,21.44801139831543,22.63413146320953,21.166457991779502,22.48137366262457,468974000,after_trump
2022-04-21,20.15106773376465,22.356572366335204,19.968356706220785,21.674652421135818,656209000,after_trump
2022-04-22,19.4841251373291,20.453589609860156,19.469149477885896,20.27087856646262,624713000,after_trump
2022-04-25,19.870513916015625,19.913445155411033,19.065789314403048,19.17162060867915,641566000,after_trump
2022-04-26,18.758277893066406,19.756695914485604,18.64046453606964,19.68680695767926,653143000,after_trump
2022-04-27,18.385866165161133,19.136675313654155,18.261063930223024,18.568575296461518,499460000,after_trump
2022-04-28,19.75070571899414,20.00530339158863,18.460749763887293,18.936994464104153,570327000,after_trump
2022-04-29,18.517656326293945,20.09615428661352,18.487703105916232,19.37130311158457,500435000,after_trump
2022-05-02,19.502099990844727,19.543033590674664,18.361906422043727,18.511668743114942,572049000,after_trump
2022-05-03,19.570987701416016,19.79363637931418,19.102729825683173,19.36930761313559,475751000,after_trump
2022-05-04,20.301828384399414,20.3677239478754,18.721332730387665,19.89147934504061,648855000,after_trump
2022-05-05,18.814184188842773,19.893473166024286,18.470728615482905,19.835566276419193,626331000,after_trump
2022-05-06,18.64545249938965,19.481128129269695,17.961536808566503,18.706356810624374,633297000,after_trump
2022-05-09,16.92318344116211,18.226117145161634,16.800376947832692,18.00546803272832,644455000,after_trump
2022-05-10,17.567163467407227,18.16921014217234,16.998065530145627,17.661014619319474,761474000,after_trump
2022-05-11,16.60368537902832,17.724909543969456,16.541785112235157,17.319551823930706,670167000,after_trump
2022-05-12,16.14940643310547,16.761437385587584,15.542369587991322,16.193337438966932,708728000,after_trump
2022-05-13,17.677989959716797,17.899638896104506,16.566751668870417,16.761442890436623,670437000,after_trump
2022-05-16,17.23668670654297,17.759857858030514,17.07893763682731,17.481299931962116,521446000,after_trump
2022-05-17,18.148244857788086,18.341938202359145,17.60610459037376,18.045407159251763,585830000,after_trump
2022-05-18,16.911203384399414,18.08933689945816,16.837321048409155,17.676990169187597,545161000,after_trump
2022-05-19,17.096908569335938,17.659017569566856,16.70752429563901,16.910204148890237,621310000,after_trump
2022-05-20,16.66758918762207,17.382456030278203,15.73007462070742,17.30458031525228,739105000,after_trump
2022-05-23,16.87126922607422,16.88824253127764,16.153406772422503,16.248255803306254,639889000,after_trump
2022-05-24,16.128442764282227,16.570742704777313,15.755034857703096,16.483880450468337,588550000,after_trump
2022-05-25,16.948148727416992,17.08393327789465,15.974690635924064,15.994659456258535,781132000,after_trump
2022-05-26,17.822757720947266,18.063375657281167,15.996650914119456,16.010628703746065,996575000,after_trump
2022-05-27,18.781240463256836,18.85112941351262,18.07136487475826,18.15722925835725,738379000,after_trump
2022-05-31,18.64246368408203,19.16962832005879,18.32097255249578,18.94997511884754,664100000,after_trump
2022-06-01,18.291017532348633,19.022857731380693,18.09333081321993,18.694379640054212,544514000,after_trump
2022-06-02,19.56100082397461,19.587958531462956,18.169207293188276,18.26305843038439,648656000,after_trump
2022-06-03,18.69038200378418,19.30141516237342,18.492695309504686,19.051810692697362,598779000,after_trump
2022-06-06,18.75627899169922,19.306407878758208,18.53463008393182,19.108721169478997,422406000,after_trump
2022-06-07,18.89605712890625,18.969939456850092,18.159223875312634,18.44277494540007,388914000,after_trump
2022-06-08,18.622434616088867,19.15370484145058,18.509588668664488,18.773226668072084,363252000,after_trump
2022-06-09,18.02325439453125,18.9070411835203,18.016264022834164,18.455661264165464,395574000,after_trump
2022-06-10,16.950729370117188,17.672737701708236,16.84587187879017,17.575870567979027,465248000,after_trump
2022-06-13,15.625548362731934,16.289636613349888,15.58460420779417,15.978064089326375,604153000,after_trump
2022-06-14,15.814289093017578,16.043973303080133,15.390869663145198,15.709432554065721,469680000,after_trump
2022-06-15,16.504343032836914,16.844875148826677,15.904166178242575,16.07293416311362,563936000,after_trump
2022-06-16,15.579609870910645,15.920142894443504,15.379884274081553,15.838254590231825,545749000,after_trump
2022-06-17,15.858227729797363,15.973069829679215,15.306984507524353,15.626545464540554,630334000,after_trump
2022-06-21,16.54328727722168,16.98468071216901,16.38450487696242,16.452412438369816,483089000,after_trump
2022-06-22,16.337570190429688,16.63915617828488,16.157816675124355,16.20375313433491,437135000,after_trump
2022-06-23,16.202756881713867,16.562262048145204,15.831266178018796,16.496352545413853,463680000,after_trump
2022-06-24,17.102516174316406,17.116496916478354,16.287635093801047,16.477375097951253,472153000,after_trump
2022-06-27,16.845870971679688,17.306239352209836,16.603204110211394,17.288264381866544,427968000,after_trump
2022-06-28,15.960087776184082,17.178414374885598,15.92313785085493,16.87682839483553,461149000,after_trump
2022-06-29,15.52069091796875,15.798309643448949,15.149201208571759,15.79231830404367,482352000,after_trump
2022-06-30,15.138216972351074,15.545657585028724,14.84162423644088,15.339939689323622,686070000,after_trump
2022-07-01,14.503087997436523,15.042347592073154,14.37226803933096,14.878572886252945,577610000,after_trump
2022-07-05,14.9434814453125,14.950471816592792,14.035728402033643,14.155563746424361,651397000,after_trump
2022-07-06,15.10925579071045,15.297996787571694,14.768722770175227,14.98942043366788,529066000,after_trump
2022-07-07,15.836257934570312,15.923138547891462,15.367901086957772,15.434809616202475,492903000,after_trump
2022-07-08,15.816286087036133,16.015013612204577,15.36790131679417,15.40884547069508,467972000,after_trump
2022-07-11,15.131227493286133,15.505713379636758,15.017383463840279,15.504714346802942,437321000,after_trump
2022-07-12,15.061321258544922,15.409842731268506,14.856602404665553,15.247066109475627,458483000,after_trump
2022-07-13,15.143210411071777,15.35392158166802,14.445169302221165,14.569997932966434,521918000,after_trump
2022-07-14,15.350924491882324,15.451785851708097,14.70780737248184,15.087286500905327,456235000,after_trump
2022-07-15,15.740388870239258,15.760360953090563,15.423823119073793,15.637530405493203,385935000,after_trump
2022-07-18,16.07892608642578,16.8738343338964,15.9800627861914,16.27965073780717,670517000,after_trump
2022-07-19,16.968700408935547,17.08653863267445,16.149825133389466,16.46339374007554,702366000,after_trump
2022-07-20,17.782581329345703,17.90840990780674,16.777962195160043,16.92376190099069,760538000,after_trump
2022-07-21,18.025257110595703,18.119128122486092,17.52095017994702,17.86048427563026,557049000,after_trump
2022-07-22,17.295257568359375,17.94236803442239,17.11350596040796,17.86847007554865,536671000,after_trump
2022-07-25,17.000659942626953,17.100523221688167,16.626174074697623,16.9956657310704,480748000,after_trump
2022-07-26,16.51033592224121,16.895806436414702,16.455411016760266,16.865846877588588,397865000,after_trump
2022-07-27,17.765609741210938,17.911409474895198,16.88981135399597,17.00864767966369,569776000,after_trump
2022-07-28,17.9593448638916,18.11513113955809,17.416091917219173,17.950358329656012,474646000,after_trump
2022-07-29,18.138099670410156,18.218987999280966,17.667744714059165,17.788579119485384,435460000,after_trump
2022-08-01,18.41571807861328,18.820163524797316,17.965336169045,18.15707238058243,476469000,after_trump
2022-08-02,18.500598907470703,18.912034688081537,18.067193930058075,18.09715348411525,489527000,after_trump
2022-08-03,18.867095947265625,18.94199387860434,18.112131961169382,18.159068404484795,418146000,after_trump
2022-08-04,19.18865203857422,19.247571151459002,18.7342760227407,18.823154684539745,409652000,after_trump
2022-08-05,18.96296501159668,19.202635725468195,18.640407913943744,18.784209580373243,386068000,after_trump
2022-08-08,17.76860809326172,18.213997754566805,17.218364730959834,17.478008543769846,981859000,after_trump
2022-08-09,17.06257438659668,17.42307949226524,16.70107120055864,17.228347155139414,668263000,after_trump
2022-08-10,18.07219123840332,18.093162358417025,17.293259842036015,17.67373805340907,597422000,after_trump
2022-08-11,17.917396545410156,18.68134883764949,17.85148706286584,18.10613846185668,509327000,after_trump
2022-08-12,18.683345794677734,18.692334230980617,17.92838190616684,18.135098798533694,478094000,after_trump
2022-08-15,19.00590705871582,19.137726058613044,18.587482780164496,18.675361478518084,457666000,after_trump
2022-08-16,18.85311508178711,19.115754975228306,18.47563309117103,18.894059233195584,451240000,after_trump
2022-08-17,18.309860229492188,18.66237687623196,18.12012210718254,18.497604095833214,446799000,after_trump
2022-08-18,18.747262954711914,18.83913587806954,18.15807169165651,18.275909944267593,415447000,after_trump
2022-08-19,17.82452964782715,18.49460922307441,17.74563748579289,18.38076519901237,441588000,after_trump
2022-08-22,17.01064682006836,17.5339285848503,16.942739255547924,17.466021020329865,409593000,after_trump
2022-08-23,17.157442092895508,17.44105308355204,16.946730962850925,16.965705916771867,369986000,after_trump
2022-08-24,17.19838523864746,17.382132952264204,16.871833957739796,16.988672201123315,522661000,after_trump
2022-08-25,17.888442993164062,17.92239677840363,16.809923652314456,16.820908252307532,770691000,after_trump
2022-08-26,16.237709045410156,17.899427390180133,16.21473986042413,17.832519805720057,769127000,after_trump
2022-08-29,15.779336929321289,16.315600420762024,15.74538409851714,15.998037501900843,496132000,after_trump
2022-08-30,15.446792602539062,16.01700886462623,15.161184478948519,15.938117659650224,530181000,after_trump
2022-08-31,15.073307037353516,15.518695701380755,14.938491884407778,15.36290942940349,573710000,after_trump
2022-09-01,13.917891502380371,14.360283952991049,13.251806197027722,14.18951792804557,1178865000,after_trump
2022-09-02,13.628290176391602,14.151570983840651,13.572366244236866,14.080669178676303,743157000,after_trump
2022-09-06,13.446541786193848,13.76011147182552,13.332697742005827,13.712176936932252,535751000,after_trump
2022-09-07,13.699267387390137,13.8231347282429,13.331662683497774,13.548429577340283,512657000,after_trump
2022-09-08,13.974970817565918,13.99295208288804,13.35463859857364,13.444541114584974,624873000,after_trump
2022-09-09,14.371545791625977,14.458452230878862,14.110826473867316,14.141792358679925,486612000,after_trump
2022-09-12,14.48941707611084,14.531371771685043,14.182746732868823,14.35356350397063,484159000,after_trump
2022-09-13,13.11689281463623,13.90704340206628,13.084927604067657,13.78717243345947,714956000,after_trump
2022-09-14,13.113897323608398,13.275722995641786,12.899128137907093,13.239761417639983,588507000,after_trump
2022-09-15,12.915111541748047,13.218784885228757,12.776260916811962,13.00101960239549,523625000,after_trump
2022-09-16,13.183819770812988,13.197804667975822,12.60344368060644,12.728309378217253,670751000,after_trump
2022-09-19,13.367622375488281,13.44853567696183,12.996022310664745,12.998020017065993,569685000,after_trump
2022-09-20,13.161843299865723,13.468513618003238,13.042971672136494,13.200801908745245,524818000,after_trump
2022-09-21,13.246753692626953,14.01592695660969,13.095915885590195,13.198805875239975,807679000,after_trump
2022-09-22,12.547504425048828,13.134872979429439,12.414647898475032,13.055957383930226,759162000,after_trump
2022-09-23,12.502553939819336,12.597452148701835,12.243832357060537,12.406657353956374,663309000,after_trump
2022-09-26,12.214864730834961,12.645402472127271,12.20087983019135,12.477582711754044,547343000,after_trump
2022-09-27,12.399666786193848,12.722319792708458,12.244833544894096,12.493565679695632,553854000,after_trump
2022-09-28,12.722317695617676,12.809224124270647,12.34072811111852,12.39666770608599,542414000,after_trump
2022-09-29,12.20687198638916,12.486570907986117,11.933166184419747,12.434626727281707,532763000,after_trump
2022-09-30,12.125958442687988,12.619428149755207,12.062027071325655,12.074014262996702,565638000,after_trump
2022-10-03,12.498557090759277,12.664379104846395,12.091993833716046,12.333734406187611,547478000,after_trump
2022-10-04,13.152854919433594,13.205798432836424,12.865164202159265,12.865164202159265,584182000,after_trump
2022-10-05,13.194808006286621,13.30668813941161,12.607440403491943,12.897128792057934,507131000,after_trump
2022-10-06,13.115896224975586,13.641331232927218,13.088924800855013,13.205799701844292,644157000,after_trump
2022-10-07,12.063027381896973,12.65638913094354,12.00908549131545,12.49156642287505,672478000,after_trump
2022-10-10,11.657462120056152,12.11097387367436,11.395743522470864,12.024067450995426,698699000,after_trump
2022-10-11,11.573554039001465,11.833274006789148,11.27087909082818,11.548580323969118,667482000,after_trump
2022-10-12,11.48764419555664,11.722391364425002,11.33281099705409,11.56655978906644,492590000,after_trump
2022-10-13,11.947153091430664,12.065026371103782,10.801384839817395,10.959215115007675,850103000,after_trump
2022-10-14,11.214938163757324,12.097988235900987,11.191963110771333,12.044046351536188,713432000,after_trump
2022-10-17,11.875227928161621,11.935163887669312,11.504627166759075,11.505625543705177,580774000,after_trump
2022-10-18,11.954143524169922,12.478579120897942,11.605518487513544,12.330738357702486,659362000,after_trump
2022-10-19,12.038053512573242,12.336733042582134,11.821286623369021,11.86623835705214,523131000,after_trump
2022-10-20,12.180901527404785,12.755283675568238,12.09199642948279,12.099988209372933,652398000,after_trump
2022-10-21,12.452607154846191,12.484573317773556,11.874229665134491,12.085002473404986,609494000,after_trump
2022-10-24,12.585465431213379,12.696346249814729,12.051040310367156,12.494563584772553,517457000,after_trump
2022-10-25,13.24675464630127,13.285713262923357,12.650395824796759,12.680364284552173,505482000,after_trump
2022-10-26,12.882145881652832,13.373616958180671,12.694348122288913,12.855175413310036,532953000,after_trump
2022-10-27,13.161846160888672,13.82313570486935,13.107904266033584,13.615358952746114,583113000,after_trump
2022-10-28,13.819137573242188,13.835121131094377,13.0469682542808,13.089922279790239,521040000,after_trump
2022-10-31,13.482501983642578,13.823136255984974,13.282717003501107,13.763200285617568,486341000,after_trump
2022-11-01,13.528450012207031,13.910039571933822,13.504475629448853,13.796161730157339,432817000,after_trump
2022-11-02,13.204798698425293,14.194734242960633,13.19680787203194,13.835121333715565,672628000,after_trump
2022-11-03,13.406580924987793,13.766194775358752,12.94208128934156,13.028987715807942,500065000,after_trump
2022-11-04,14.140791893005371,14.2137134210402,13.682284424573579,13.970974453238004,612576000,after_trump
2022-11-07,14.285636901855469,14.396517721923427,13.939010494664025,14.212715367274726,410061000,after_trump
2022-11-08,14.586313247680664,14.875002331764124,14.200727296506672,14.785098866709825,595292000,after_trump
2022-11-09,13.761200904846191,14.195734017367396,13.744218969253557,14.14678591725043,454414000,after_trump
2022-11-10,15.733080863952637,15.756055920385691,14.53137309508661,14.78410157379975,700819000,after_trump
2022-11-11,16.309459686279297,16.371393354489435,15.465368149594989,15.790018813908167,655487000,after_trump
2022-11-14,16.277494430541992,16.522232066468828,15.904894997972113,16.200577486630568,527852000,after_trump
2022-11-15,16.648096084594727,16.979738243381533,16.3644007894485,16.704035679925042,545876000,after_trump
2022-11-16,15.892908096313477,16.344422187657635,15.855948141798965,16.144638186290106,649547000,after_trump
2022-11-17,15.660158157348633,16.248526092519732,15.518310510588035,15.698117440433851,710894000,after_trump
2022-11-18,15.392447471618652,15.984810860362591,15.103757415617947,15.948848328760961,492072000,after_trump
2022-11-21,15.300545692443848,15.460373655747635,15.063799831129005,15.130728243271124,404739000,after_trump
2022-11-22,16.020771026611328,16.040749998560774,15.10575468856274,15.311533717452877,472866000,after_trump
2022-11-23,16.50125503540039,16.509247768201202,16.030762199858245,16.0807077296891,427241000,after_trump
2022-11-25,16.252521514892578,16.469287445678606,16.154627223569857,16.300470283585213,167934000,after_trump
2022-11-28,15.809995651245117,16.339426922411413,15.70810595311626,16.00878125767177,303741000,after_trump
2022-11-29,15.622198104858398,15.91488353992695,15.503326471316905,15.80999585179943,298384000,after_trump
2022-11-30,16.90914535522461,16.91613959378234,15.584230747386403,15.684148304940633,565298000,after_trump
2022-12-01,17.120969772338867,17.250862487377347,16.621379181628495,16.98508145183784,470977000,after_trump
2022-12-02,16.862184524536133,16.91913897652892,16.431537591027467,16.645363109002602,371389000,after_trump
2022-12-05,16.59640121459961,16.981086225523303,16.458513713867134,16.665344964965847,352255000,after_trump
2022-12-06,15.973912239074707,16.55943198225512,15.806049556125465,16.51646791728719,352694000,after_trump
2022-12-07,16.106801986694336,16.172747931483883,15.65417187585563,15.759086398689979,372388000,after_trump
2022-12-08,17.15494155883789,17.164933598897985,15.945931392581217,16.259675351950527,515456000,after_trump
2022-12-09,16.987077713012695,17.56860185807013,16.961099933854292,17.145947907877535,465338000,after_trump
2022-12-12,17.52064323425293,17.5236410372187,16.783248501431842,17.023051775036333,457328000,after_trump
2022-12-13,18.05720329284668,18.77461581179071,17.69649881579861,18.515827101375667,656589000,after_trump
2022-12-14,17.659528732299805,18.237056501037223,17.405736991187297,17.97227218085048,496888000,after_trump
2022-12-15,16.938119888305664,17.305818611715345,16.686327315889205,17.13196129101247,478542000,after_trump
2022-12-16,16.55743408203125,17.027050558499166,16.39656657838434,16.85019540542572,478232000,after_trump
2022-12-19,16.240690231323242,16.595399084562928,16.131780232311364,16.558430631961176,354039000,after_trump
2022-12-20,16.07183265686035,16.296648863545872,15.839024530853546,16.05084993795553,403260000,after_trump
2022-12-21,16.48748779296875,16.613385976206843,16.088814341919573,16.10080555260264,325025000,after_trump
2022-12-22,15.326441764831543,16.12478836587808,14.869816130143493,16.08082376342015,565045000,after_trump
2022-12-23,15.193550109863281,15.326440634082571,14.87081461834004,15.18355806886971,349326000,after_trump
2022-12-27,14.109439849853516,15.087638463348876,14.044492529786595,15.061659725900823,464902000,after_trump
2022-12-28,14.024508476257324,14.25032327426342,13.872632497198492,13.915597512631557,351066000,after_trump
2022-12-29,14.591043472290039,14.670977896009743,14.215351871386131,14.390208780608043,354923000,after_trump
2022-12-30,14.602035522460938,14.617022631784828,14.22134693702295,14.32226407843037,310490000,after_trump
2023-01-03,14.303279876708984,14.983723050318702,14.084459309432459,14.838841304566728,401277000,after_trump
2023-01-04,14.736926078796387,14.840841035974469,14.229342506465827,14.555075856628383,431324000,after_trump
2023-01-05,14.253321647644043,14.552076644155658,14.136416855691813,14.479136454686978,389168000,after_trump
2023-01-06,14.846834182739258,14.997710572155174,14.022509854107087,14.462149178413084,405044000,after_trump
2023-01-09,15.615205764770508,16.04285486212836,15.128604002009597,15.271487531503388,504231000,after_trump
2023-01-10,15.895975112915039,15.94893121673774,15.459332626456098,15.494303818205713,384101000,after_trump
2023-01-11,15.987896919250488,16.014875237006,15.55025585307787,15.827029456567349,353285000,after_trump
2023-01-12,16.497482299804688,16.62337859607864,15.479316490900496,16.086819482461305,551409000,after_trump
2023-01-13,16.885164260864258,16.908146146393516,16.15176596394343,16.264672409444337,447287000,after_trump
2023-01-17,17.68750762939453,17.713487319827372,16.885165521758307,16.885165521758307,511102000,after_trump
2023-01-18,17.362775802612305,17.858368155388927,17.267852350964912,17.652537414377978,439624000,after_trump
2023-01-19,16.75127410888672,17.182921549244565,16.717303453615347,17.02205215333367,452932000,after_trump
2023-01-20,17.824398040771484,17.841384323101988,16.81122814255527,16.997074804063597,564967000,after_trump
2023-01-23,19.177288055419922,19.229245530307768,17.80341372696204,18.04921071798228,655163000,after_trump
2023-01-24,19.249225616455078,19.479038745727824,18.804590277949554,18.811584516005322,496204000,after_trump
2023-01-25,19.307178497314453,19.354140898523635,18.56478682693734,18.897514353205867,449537000,after_trump
2023-01-26,19.78578758239746,20.149489885366556,19.26221642846413,19.684870441693302,489535000,after_trump
2023-01-27,20.348325729370117,20.61111088344215,19.389112653490265,19.44606519137818,542142000,after_trump
2023-01-30,19.146310806274414,20.12350875424224,19.13431959512867,19.933665698445655,488611000,after_trump
2023-01-31,19.521007537841797,19.6708843656897,18.934488166658255,19.15430738711603,498017000,after_trump
2023-02-01,20.92585563659668,21.174650433813806,19.594945357339597,19.674879788461553,660477000,after_trump
2023-02-02,21.691225051879883,21.931028319443673,20.683052314586803,20.982805922594803,564276000,after_trump
2023-02-03,21.082725524902344,21.727197912040786,20.771979321521542,20.982807015101592,429366000,after_trump
2023-02-06,21.071731567382812,21.552336685010545,20.768978282111295,20.788962362114802,452197000,after_trump
2023-02-07,22.154844284057617,22.24077430630132,21.132681236743583,21.364491617448692,664150000,after_trump
2023-02-08,22.186819076538086,22.859268377946858,21.989979871627146,22.36866926710401,559651000,after_trump
2023-02-09,22.31871223449707,23.00115361559773,22.101890841134466,22.587493006154816,523876000,after_trump
2023-02-10,21.247591018676758,22.059925190234175,20.79396411421519,21.67224424031154,550737000,after_trump
2023-02-13,21.770160675048828,22.029948022697017,20.94483676830914,21.520365368362526,474919000,after_trump
2023-02-14,22.952194213867188,23.0301294706449,21.348506785905062,21.56033311386482,675474000,after_trump
2023-02-15,22.745359420776367,22.836284508155895,22.087899190860682,22.530535323111405,420575000,after_trump
2023-02-16,21.98398780822754,22.531537591194823,21.909048448284622,22.114879171338252,412026000,after_trump
2023-02-17,21.3704891204834,21.72220020485549,20.957827156397038,21.613290195380436,465888000,after_trump
2023-02-21,20.63808822631836,21.47640004274012,20.601117866588783,20.982805051800373,410015000,after_trump
2023-02-22,20.737009048461914,21.08672289537773,20.40428148237051,20.690048547419124,513184000,after_trump
2023-02-23,23.644624710083008,23.86844224060142,23.00614795090794,23.42080908535159,1117995000,after_trump
2023-02-24,23.26693344116211,23.45478114392296,22.928212208347944,23.205984468564843,589716000,after_trump
2023-02-27,23.48175621032715,23.860445585416468,23.434795716672856,23.650618453752273,452994000,after_trump
2023-02-28,23.196992874145508,23.80549545006619,23.18700083236071,23.35286529557159,455963000,after_trump
2023-03-01,22.67941665649414,23.236960375063273,22.489571679600164,23.173011690631437,460026000,after_trump
2023-03-02,23.294910430908203,23.360856377006066,22.413632614347023,22.46958842521254,389415000,after_trump
2023-03-03,23.870437622070312,23.880429662498482,23.111059701611104,23.300904658172616,412393000,after_trump
2023-03-06,23.534719467163086,24.228149694493755,23.467772971922752,23.871443491062493,437429000,after_trump
2023-03-07,23.272884368896484,24.109340983531098,23.225913991146093,23.58468213091472,515154000,after_trump
2023-03-08,24.165306091308594,24.184294766581292,23.408797420933155,23.471756258943316,513573000,after_trump
2023-03-09,23.420791625976562,24.438130626548567,23.36782461834549,24.159310453263316,501257000,after_trump
2023-03-10,22.950096130371094,23.611667155651173,22.71125091840863,23.39380822343578,474866000,after_trump
2023-03-13,22.951093673706055,23.28287892325679,22.282529164620772,22.737233773647205,421890000,after_trump
2023-03-14,24.047382354736328,24.20328124483994,23.444773073406367,23.48075091334457,474910000,after_trump
2023-03-15,24.2122745513916,24.270235562421657,23.34483792874035,23.745576714518688,524486000,after_trump
2023-03-16,25.524425506591797,25.5713939842159,23.878493063353094,24.01140807951341,583253000,after_trump
2023-03-17,25.70830535888672,26.381867732572218,25.651341237604235,25.965138540410706,848547000,after_trump
2023-03-20,25.88318634033203,26.00710639328693,25.11368573708959,25.598371503799907,432747000,after_trump
2023-03-21,26.181997299194336,26.37487284283391,25.36452926173858,26.16301052912087,547408000,after_trump
2023-03-22,26.450822830200195,27.571095597302328,26.21997184820259,26.407849562791487,797295000,after_trump
2023-03-23,27.173351287841797,27.481151940364768,26.672677017823016,27.097400403214937,564889000,after_trump
2023-03-24,26.76161766052246,27.14936630609579,26.337893083217622,27.01345490097488,454920000,after_trump
2023-03-27,26.51378059387207,26.98247605929165,26.347887967682432,26.81958174522854,361026000,after_trump
2023-03-28,26.392858505249023,26.49579229381834,25.83322250551309,26.429835146196694,356104000,after_trump
2023-03-29,26.96648597717285,27.06042483163502,26.579738018819665,26.80759068169934,393694000,after_trump
2023-03-30,27.36522674560547,27.481152585329546,27.08440898873497,27.211327368787387,364516000,after_trump
2023-03-31,27.75897216796875,27.815934380003373,27.08740743538737,27.122384566656116,433933000,after_trump
2023-04-03,27.946847915649414,27.981825044466152,27.31825649277218,27.49114453298666,398716000,after_trump
2023-04-04,27.4351806640625,27.981826516516946,27.289275517291117,27.947848187847303,368592000,after_trump
2023-04-05,26.86355209350586,26.980474822292805,26.37786749452917,26.811585800897024,515015000,after_trump
2023-04-06,27.019451141357422,27.062422498432785,26.409846477836556,26.566744158591717,397654000,after_trump
2023-04-10,27.56110191345215,27.603074472787966,26.651692648954523,26.805592033185857,395279000,after_trump
2023-04-11,27.1513671875,27.771964430932886,27.108393921533427,27.70600728201999,314378000,after_trump
2023-04-12,26.47780418395996,27.45017222858766,26.43083380500762,27.352236262733783,446259000,after_trump
2023-04-13,26.445823669433594,26.869548260916794,26.31191176986607,26.7166476867757,353615000,after_trump
2023-04-14,26.740631103515625,26.865549967420687,26.202980206526043,26.486796261789348,395660000,after_trump
2023-04-17,26.984477996826172,26.988475111317545,26.41584700251684,26.547761311286525,321471000,after_trump
2023-04-18,27.649044036865234,28.091757324454164,27.33924575942383,27.515132130784668,604812000,after_trump
2023-04-19,27.912872314453125,27.98182777688548,27.21432656572957,27.343242553972818,358660000,after_trump
2023-04-20,27.086406707763672,28.011806229811754,26.982474123350794,27.653038100145313,427713000,after_trump
2023-04-21,27.101398468017578,27.165358012841736,26.704656772926235,26.934507038823,345103000,after_trump
2023-04-24,27.024450302124023,27.348239440320924,26.653690781200147,26.99546979327811,339282000,after_trump
2023-04-25,26.223968505859375,27.2293161185349,26.207980048962167,27.06042517631063,378527000,after_trump
2023-04-26,26.938507080078125,27.312264932858206,26.687670508025086,26.98447866314125,406337000,after_trump
2023-04-27,27.208328247070312,27.47715465361365,26.60771850599663,27.345240361377464,377161000,after_trump
2023-04-28,27.73099136352539,27.739984394080437,27.05342998469089,27.20733127338207,292216000,after_trump
2023-05-01,28.891237258911133,29.039141923615947,27.76197146754515,27.82193199383704,570329000,after_trump
2023-05-02,28.191688537597656,28.81728357065356,28.06477206868038,28.661384689897297,402730000,after_trump
2023-05-03,27.78395652770996,28.348590376013785,27.45417077419222,27.821931972424778,383387000,after_trump
2023-05-04,27.544111251831055,27.840917463312735,27.22231974162607,27.63305228202087,321850000,after_trump
2023-05-05,28.6613826751709,28.736332845234198,27.71299931348569,27.807936958010057,361494000,after_trump
2023-05-08,29.132080078125,29.201035541124472,28.331601238328425,28.503488588696168,344979000,after_trump
2023-05-09,28.552453994750977,28.954193487526783,28.43153415102666,28.880242114895676,314869000,after_trump
2023-05-10,28.866254806518555,29.094107482413545,28.442530182163917,28.986175863013205,369350000,after_trump
2023-05-11,28.559450149536133,28.931210344411994,28.227666813122973,28.87724453995884,322149000,after_trump
2023-05-12,28.321609497070312,28.761324501904014,28.02779965707035,28.510486025998997,274222000,after_trump
2023-05-15,28.934207916259766,28.95019827906706,28.133729096093575,28.48949703703172,293926000,after_trump
2023-05-16,29.194040298461914,29.850615404152038,28.81328895261737,28.822281983258687,449405000,after_trump
2023-05-17,30.158411026000977,30.179397303455694,29.410897359281257,29.56479672728252,432535000,after_trump
2023-05-18,31.657440185546875,31.807342452955133,30.30032173818178,30.390263479848883,748725000,after_trump
2023-05-19,31.24370765686035,31.55950253794087,30.89593395749169,31.515530471475522,473908000,after_trump
2023-05-22,31.155763626098633,31.499540191540188,30.660085299945322,30.880940609240973,372000000,after_trump
2023-05-23,30.668081283569336,31.267692227057807,30.61111907309606,30.979879050427765,356253000,after_trump
2023-05-24,30.51818084716797,30.58713630992968,29.786655566782457,30.19039269854062,721419000,after_trump
2023-05-25,37.955352783203125,39.45437937248708,36.61122438823422,38.497999676577344,1543911000,after_trump
2023-05-26,38.92072296142578,39.14457660817056,37.52562906518615,37.865408555661546,714397000,after_trump
2023-05-30,40.08496856689453,41.91078253323842,39.92307495310247,40.56865561638492,923401000,after_trump
2023-05-31,37.809444427490234,40.26884571341783,37.79745117886432,39.462370269421555,1002580000,after_trump
2023-06-01,39.74419021606445,40.02400727959351,38.31511796351833,38.46401952597585,635873000,after_trump
2023-06-02,39.301475524902344,40.47371455603789,39.032649105745655,40.070976234421984,482731000,after_trump
2023-06-05,39.14558029174805,39.539321788375425,38.68188071638041,38.88374928722303,396094000,after_trump
2023-06-06,38.62891387939453,39.13458601689933,38.123241741889736,38.804802160748494,388729000,after_trump
2023-06-07,37.45454788208008,39.47744543312822,37.33561334043707,38.893764495503234,511998000,after_trump
2023-06-08,38.488990783691406,38.842797765126164,37.48454176498526,37.703420255024895,417772000,after_trump
2023-06-09,38.748844146728516,39.68932873307715,38.545955805851406,39.01569674007006,427717000,after_trump
2023-06-12,39.460453033447266,39.5084271752558,38.59692610612492,39.17860923951469,388701000,after_trump
2023-06-13,40.99961853027344,41.0785778084364,39.71832028335553,40.164076100144555,613208000,after_trump
2023-06-14,42.97354507446289,42.97654179079345,40.52987541154227,40.80173019682722,740465000,after_trump
2023-06-15,42.629730224609375,43.265384836246646,42.12400575806211,42.57875935956908,568622000,after_trump
2023-06-16,42.66870880126953,43.69714671301747,42.63772367115166,43.426294660759105,655709000,after_trump
2023-06-20,43.78409194946289,43.9659956488173,42.65071191947433,42.97453641916343,451153000,after_trump
2023-06-21,43.02151107788086,43.59120357044556,42.05704128100148,43.4772635468863,551603000,after_trump
2023-06-22,43.00152587890625,43.402304245478625,42.2109571046696,42.22994393165169,417737000,after_trump
2023-06-23,42.185970306396484,42.78564141996851,41.99207590923577,42.440832245341774,358140000,after_trump
2023-06-26,40.60982894897461,42.74066558376808,40.078117742451454,42.43782951394114,594322000,after_trump
2023-06-27,41.853153228759766,41.91711748885724,40.425934710005095,40.77674114143434,462175000,after_trump
2023-06-28,41.094566345214844,41.82216977478574,40.49589414728599,40.637814961274316,582639000,after_trump
2023-06-29,40.79972457885742,41.577299950801056,40.577845588400876,41.53532305058581,380514000,after_trump
2023-06-30,42.27891540527344,42.52678117830855,41.47835379473084,41.657256974665316,501148000,after_trump
2023-07-03,42.38985824584961,42.874594246480044,42.17897482861766,42.4938015963702,198209000,after_trump
2023-07-05,42.293914794921875,43.15344240900505,42.062039108236945,42.112011067613764,323618000,after_trump
2023-07-06,42.08002853393555,42.15598728056081,41.32344159639819,41.82117097723614,303582000,after_trump
2023-07-07,42.47980499267578,43.19041935735987,42.156983201831395,42.29890400613968,355881000,after_trump
2023-07-10,42.156982421875,42.787638599844065,41.6262701482501,42.633723309603205,353908000,after_trump
2023-07-11,42.381858825683594,42.73466683788418,42.044045830740814,42.457817566804145,298244000,after_trump
2023-07-12,43.87804412841797,43.911027066615475,42.75365801470833,43.00951883998821,481277000,after_trump
2023-07-13,45.9519157409668,46.12981621305511,44.46772535978278,44.49371214998775,478204000,after_trump
2023-07-14,45.444190979003906,48.06176136683886,45.03541375901061,46.55758152341574,772075000,after_trump
2023-07-17,46.43564987182617,46.47063062366615,45.23730653549651,46.26374664142169,510488000,after_trump
2023-07-18,47.46808624267578,47.86986733415163,45.709048195215274,46.675519644053644,569164000,after_trump
2023-07-19,47.05131149291992,47.79190828525745,46.71649520501369,47.43810135841546,427502000,after_trump
2023-07-20,45.49516296386719,47.061309289375785,45.03741268358768,46.481623930021314,537865000,after_trump
2023-07-21,44.284820556640625,45.84097398700811,44.07593496513591,45.7630136202291,963769000,after_trump
2023-07-24,44.58766174316406,45.08439225529306,44.01597519686058,44.70659630501924,382516000,after_trump
2023-07-25,45.654075622558594,46.15779841353938,44.89848762347168,44.916479357127734,348081000,after_trump
2023-07-26,45.42720413208008,46.027878005743126,44.60565396264289,45.99589396822997,364237000,after_trump
2023-07-27,45.87495803833008,47.3691412842477,45.72503835474356,46.49361978738997,455976000,after_trump
2023-07-28,46.72449493408203,47.00134424016971,46.35569676531063,46.64253893821814,331194000,after_trump
2023-07-31,46.7035026550293,47.10428482748887,46.480624760835596,46.728490538955285,251055000,after_trump
2023-08-01,46.481624603271484,46.87441172832599,46.00188696062389,46.434649363103794,237858000,after_trump
2023-08-02,44.244850158691406,45.81499224934551,43.363331362198146,45.80599828780853,530142000,after_trump
2023-08-03,44.4907112121582,45.093382845124545,43.776101176403955,43.776101176403955,324176000,after_trump
2023-08-04,44.655616760253906,45.61708974786317,44.36877463741095,44.960450615371684,362666000,after_trump
2023-08-07,45.392215728759766,45.515149705608195,44.538681665646195,45.08638295717828,322154000,after_trump
2023-08-08,44.63964080810547,45.21732467059764,44.03197071564543,44.82853690012808,353843000,after_trump
2023-08-09,42.53078079223633,44.28782094053219,42.11100798733163,44.249839662592294,586449000,after_trump
2023-08-10,42.36487579345703,43.550229596888094,41.81217607853569,42.13699953791343,492705000,after_trump
2023-08-11,40.83271026611328,41.995077780865394,40.61682850581949,41.72822134358296,533085000,after_trump
2023-08-14,43.7291259765625,43.77610121709491,40.28900646052013,40.4639102150388,690286000,after_trump
2023-08-15,43.91602325439453,45.24330157403039,43.68614920885437,44.535687703362775,676512000,after_trump
2023-08-16,43.46227264404297,44.65062306232533,43.38231446466475,44.49570885554983,527451000,after_trump
2023-08-17,43.32034683227539,44.03795349007865,42.97753170604989,43.94600464449855,452395000,after_trump
2023-08-18,43.27537155151367,43.55421863038225,41.63726601370566,42.611732431819654,583768000,after_trump
2023-08-21,46.94137191772461,47.03931801786047,44.1978707707313,44.46972171576776,692573000,after_trump
2023-08-22,45.64308166503906,48.16070824217046,45.30826536444509,48.108734662611624,755293000,after_trump
2023-08-23,47.090293884277344,47.174247686520786,45.18333397410903,45.840975904298595,779046000,after_trump
2023-08-24,47.13726806640625,50.23857584163044,47.13327244470362,50.18860388203468,1156044000,after_trump
2023-08-25,45.992889404296875,47.77891298286314,44.999428538775895,46.98634645720228,925341000,after_trump
2023-08-28,46.809444427490234,46.9543657684175,44.863508175320256,46.45663639493685,685192000,after_trump
2023-08-29,48.757381439208984,49.05422026588247,46.36568562252749,46.64053709400586,701397000,after_trump
2023-08-30,49.237125396728516,49.89976191680816,48.39858238725333,49.01724419129222,735206000,after_trump
2023-08-31,49.32807540893555,49.71686314070137,48.93129262084642,49.35306329598512,528570000,after_trump
2023-09-01,48.4825325012207,49.77282850136187,48.115732155842714,49.73485103360682,463830000,after_trump
2023-09-05,48.521514892578125,48.824350993462005,47.83389050664192,48.196691434350704,382653000,after_trump
2023-09-06,47.0391960144043,48.52650554110728,46.55841988311631,48.41855768556727,468670000,after_trump
2023-09-07,46.219573974609375,46.322526887042805,45.13107789383709,45.50390615122535,433330000,after_trump
2023-09-08,45.55088806152344,46.584409473307375,45.250028806839694,45.92071940996517,473069000,after_trump
2023-09-11,45.157066345214844,46.14160670266933,44.29146651279777,46.1266142635962,473966000,after_trump
2023-09-12,44.849212646484375,45.65184205526837,44.51036898860746,44.71727382674797,349256000,after_trump
2023-09-13,45.463932037353516,45.908725609094766,44.48238464078705,44.57933983256991,398355000,after_trump
2023-09-14,45.55988311767578,45.96569324434591,45.11009084488952,45.92871163748155,370097000,after_trump
2023-09-15,43.879661560058594,45.577871869694,43.78770131863037,45.31999198709531,506831000,after_trump
2023-09-18,43.94562530517578,44.221498380036465,41.98053676641629,42.72819123361807,500271000,after_trump
2023-09-19,43.49983596801758,43.94562846497067,42.98207442166159,43.81269066855042,373064000,after_trump
2023-09-20,42.21943283081055,43.88266351133672,42.203441401322486,43.579802461208814,367108000,after_trump
2023-09-21,40.99799728393555,42.08049577030541,40.96101567472074,41.563736977268604,450736000,after_trump
2023-09-22,41.590721130371094,42.09548821247719,41.21189511865896,41.552736723974945,479236000,after_trump
2023-09-25,42.20244216918945,42.51629589542394,41.15792424834583,41.57173394062744,419091000,after_trump
2023-09-26,41.89158248901367,42.800161757936735,41.6357005718536,41.98154094572675,402282000,after_trump
2023-09-27,42.44832229614258,42.852138257331035,41.609714131697665,42.31038955896758,444935000,after_trump
2023-09-28,43.069034576416016,43.42586759785592,42.095486874346165,42.4403244191023,424663000,after_trump
2023-09-29,43.47885513305664,44.12355687584881,43.28694271064743,43.80670234389687,397830000,after_trump
2023-10-02,44.761253356933594,45.154069017187716,43.840678635675474,44.009599054426594,433298000,after_trump
2023-10-03,43.49683380126953,45.109089160595936,43.22595946616348,44.78723595609942,470850000,after_trump
2023-10-04,44.020599365234375,44.12255330566711,43.27194577354406,43.72173808377064,361821000,after_trump
2023-10-05,44.667293548583984,44.87919711812437,43.867664991028235,44.02958867771598,393483000,after_trump
2023-10-06,45.74079895019531,45.767786867817584,44.005603198940975,44.17252564280475,434436000,after_trump
2023-10-09,45.25202560424805,45.58387253374561,44.34744607540805,44.8212255136796,409675000,after_trump
2023-10-10,45.77677917480469,46.23756409967201,45.0671090785999,45.289006333726824,368582000,after_trump
2023-10-11,46.78431701660156,46.83729386766852,46.02866671277973,46.17459898720651,378137000,after_trump
2023-10-12,46.923248291015625,47.58694209872688,46.30853537914647,46.75532686388765,481325000,after_trump
2023-10-13,45.43993377685547,47.094169510667186,45.25901788884397,46.93823975092536,474115000,after_trump
2023-10-16,46.07365036010742,46.20358739976767,44.8911958461008,45.04212688013775,375099000,after_trump
2023-10-17,43.91764450073242,44.73326836237256,42.46031976761086,43.97961605242817,812333000,after_trump
2023-10-18,42.17645263671875,43.19898137436451,41.80562611222444,42.57127011789517,627294000,after_trump
2023-10-19,42.08149719238281,43.27694225554759,41.86259688147746,42.79116734856338,501233000,after_trump
2023-10-20,41.36782455444336,42.45032293422298,41.05896580650467,41.87058984444125,477266000,after_trump
2023-10-23,42.95509338378906,43.22796955938642,40.92603485604566,41.209903709929456,478530000,after_trump
2023-10-24,43.64277267456055,43.676757321663544,42.67122661422344,43.05704558498647,401463000,after_trump
2023-10-25,41.7596435546875,43.6297789361814,41.53574830765745,43.377892970342636,398379000,after_trump
2023-10-26,40.30731964111328,42.23642589504536,39.86152709976489,41.833612702341114,541001000,after_trump
2023-10-27,40.481239318847656,41.18691356194545,39.99646337372596,41.11094855365019,416784000,after_trump
2023-10-30,41.141929626464844,41.74664887563725,40.462244361806775,41.06796641155254,388028000,after_trump
2023-10-31,40.7611083984375,40.86006537582252,39.21182716227926,40.43126324594468,517969000,after_trump
2023-11-01,42.305397033691406,42.361370852066266,40.85007013008419,40.86506257244454,437593000,after_trump
2023-11-02,43.48583984375,43.863663031413026,42.874123932526324,43.307920925769054,409172000,after_trump
2023-11-03,44.98414993286133,45.28800612867796,43.70274239785865,43.99960568025811,424610000,after_trump
2023-11-06,45.72980499267578,45.9137216751558,44.87819849776826,45.2640212668527,400733000,after_trump
2023-11-07,45.933712005615234,46.19658683928955,45.137080351571434,45.69782127762116,343165000,after_trump
2023-11-08,46.55242156982422,46.84528507821162,45.94669954943022,46.07863835763678,346719000,after_trump
2023-11-09,46.928245544433594,48.207651210787375,46.728337455833405,47.445004273987976,540496000,after_trump
2023-11-10,48.31260299682617,48.44954055480649,47.26109230316845,47.47799081031637,421245000,after_trump
2023-11-13,48.597469329833984,49.09324168891848,48.07671084304167,48.29760910683298,384136000,after_trump
2023-11-14,49.63299560546875,49.810914551979124,49.01728364536213,49.65698656195247,416954000,after_trump
2023-11-15,48.86534881591797,49.93685071433626,48.17766786704911,49.91186458554616,475497000,after_trump
2023-11-16,49.45708084106445,49.50206198018349,48.30761579872143,48.656453168876766,339756000,after_trump
2023-11-17,49.27516555786133,49.69397019639206,48.98429998268991,49.501058800683616,325205000,after_trump
2023-11-20,50.38564682006836,50.52458236287964,49.15821508964933,49.28915491828104,414120000,after_trump
2023-11-21,49.920860290527344,50.4935928571012,49.19919468409959,50.10277517356445,565747000,after_trump
2023-11-22,48.69342803955078,50.311677390399474,47.66790243959162,49.828903283324706,899420000,after_trump
2023-11-24,47.75386428833008,48.898334217844386,47.72287660824091,48.447542972132375,294645000,after_trump
2023-11-27,48.21965026855469,48.50751503969105,47.629923460498674,47.777853703101385,395662000,after_trump
2023-11-28,47.79884338378906,48.30061351892133,47.45100504136806,48.21365202685113,401491000,after_trump
2023-11-29,48.11770248413086,48.73941604084302,47.83783339129859,48.356594013738764,382005000,after_trump
2023-11-30,46.74833679199219,48.08771626219489,46.40049841116385,48.001753748264925,526247000,after_trump
2023-12-01,46.74333572387695,47.178135584830024,46.165604364255195,46.50344903798777,369317000,after_trump
2023-12-04,45.488914489746094,46.05565315263873,44.989146129304046,46.05565315263873,437543000,after_trump
2023-12-05,46.54852294921875,46.58250677034524,45.25400705552958,45.448933555568175,371718000,after_trump
2023-12-06,45.48591613769531,47.36921155253726,45.39495069645239,47.197275238129286,380590000,after_trump
2023-12-07,46.57851028442383,46.611498843154216,45.58688206431512,45.682846700658764,350823000,after_trump
2023-12-08,47.48816680908203,47.72307920041658,46.53252440936205,46.57750949930058,359224000,after_trump
2023-12-11,46.6094970703125,47.51315707527434,45.81279915946564,47.47317498768805,509728000,after_trump
2023-12-12,47.63911056518555,47.64810605776617,46.028715290198626,46.028715290198626,372387000,after_trump
2023-12-13,48.06995391845703,48.57576453625137,47.59013451910957,47.61112654633229,447792000,after_trump
2023-12-14,48.331851959228516,48.651731553134205,47.40420266220824,48.37183786178311,391232000,after_trump
2023-12-15,48.87164306640625,49.38545001807013,48.10193171433854,48.17590524193445,479948000,after_trump
2023-12-18,50.05820083618164,50.414066187630915,49.13155069141953,49.381456841806674,412587000,after_trump
2023-12-19,49.58537673950195,49.68134136834579,48.87664329291069,49.40544401373602,464444000,after_trump
2023-12-20,48.09293746948242,49.98022913479953,48.07994186204982,49.63635651535798,397894000,after_trump
2023-12-21,48.97161102294922,49.076571148767,48.40082241502789,48.79267736467951,300425000,after_trump
2023-12-22,48.81167221069336,49.36446221767303,48.44880569619553,49.17653306295307,252507000,after_trump
2023-12-26,49.260498046875,49.581376676631486,48.94161756801922,48.949613984887115,244200000,after_trump
2023-12-27,49.3984489440918,49.661350703421,49.066572842938115,49.49241542635842,233648000,after_trump
2023-12-28,49.50341033935547,49.86527396770583,49.39345101981501,49.62436711615611,246587000,after_trump
2023-12-29,49.50341033935547,49.978234327074226,48.732699840316755,49.79430147307111,389293000,after_trump
2024-01-02,48.14991760253906,49.27649344260116,47.57713465197093,49.22551389912714,411254000,after_trump
2024-01-03,47.551143646240234,48.16591065021649,47.302236567517355,47.46717554449256,320896000,after_trump
2024-01-04,47.979984283447266,48.48179475152094,47.49016653492504,47.74906818641796,306535000,after_trump
2024-01-05,49.07856369018555,49.52839547317931,48.28786035280196,48.4438038170967,415039000,after_trump
2024-01-08,52.23338317871094,52.2553780928012,49.46042624518818,49.493414803058315,642510000,after_trump
2024-01-09,53.120052337646484,54.304608899415356,51.670595858503674,52.38133132087113,773100000,after_trump
2024-01-10,54.3296012878418,54.57950746453521,53.468924354297435,53.59587940710282,533796000,after_trump
2024-01-11,54.80141830444336,55.32522366817502,53.539894837912634,54.978353810668786,596759000,after_trump
2024-01-12,54.68946075439453,54.94936528488959,54.30960615330977,54.59949438818704,352994000,after_trump
2024-01-16,56.360836029052734,56.813665103138256,54.879393878712925,54.99734961591672,449580000,after_trump
2024-01-17,56.031959533691406,56.44980188752581,54.71945269845349,56.325847887071866,474394000,after_trump
2024-01-18,57.0855598449707,57.57837479782586,56.08593525602744,57.23850228505454,491650000,after_trump
2024-01-19,59.46866989135742,59.47766538428564,57.203517829580356,57.967230984594906,543501000,after_trump
2024-01-22,59.63161087036133,60.308358741109046,59.047830414692214,60.02646308238528,452955000,after_trump
2024-01-23,59.850528717041016,59.88751357892662,58.56301013401379,59.54764104000483,294654000,after_trump
2024-01-24,61.338966369628906,62.82540771389363,59.91550110281905,60.28136484798457,560271000,after_trump
2024-01-25,61.5938720703125,62.695459614186476,60.8271578659148,62.32659482707883,482777000,after_trump
2024-01-26,61.00809097290039,61.759811433716834,60.550266507965134,60.93711847607482,390309000,after_trump
2024-01-29,62.441551208496094,62.46554046020734,60.884137413565526,61.209012360122756,348733000,after_trump
2024-01-30,62.750431060791016,63.46916289646236,62.23662409247559,62.876387020851176,410735000,after_trump
2024-01-31,61.50390625,62.24562831970366,60.6772170002544,61.41693710561366,453795000,after_trump
2024-02-01,63.00334167480469,63.167281577618986,61.626859664228725,62.07668769492248,369146000,after_trump
2024-02-02,66.13516998291016,66.57499963939881,63.66609208338151,63.94998587832111,476578000,after_trump
2024-02-05,69.30597686767578,69.47091584987561,67.17977633836104,68.19939012424172,680078000,after_trump
2024-02-06,68.19739532470703,69.72781896754408,66.27512050871108,69.60386495591794,683111000,after_trump
2024-02-07,70.07267761230469,70.1936343745623,67.57461541049389,68.29334720317483,495575000,after_trump
2024-02-08,69.61485290527344,70.76741990227906,69.42892572649546,70.04768899799114,414422000,after_trump
2024-02-09,72.10592651367188,72.15790132018077,70.18564235653706,70.50652100790245,436637000,after_trump
2024-02-12,72.22087860107422,74.5829904741092,71.22325216031359,72.57274383383451,613710000,after_trump
2024-02-13,72.1009292602539,73.42243172037925,69.5938748865512,70.37358093821054,602580000,after_trump
2024-02-14,73.87226104736328,74.20813345586252,71.91099955356471,73.17452501401227,504917000,after_trump
2024-02-15,72.63072204589844,73.9472289995395,72.37282328939969,73.84127361084667,420122000,after_trump
2024-02-16,72.58573913574219,74.37406898709354,72.47378167003887,74.07218040927339,495327000,after_trump
2024-02-20,69.42593383789062,71.92899173506727,67.70857639129635,71.91999242878622,704833000,after_trump
2024-02-21,67.4466781616211,68.86214710879592,66.22313849991595,67.9804743369606,690298000,after_trump
2024-02-22,78.50851440429688,78.54549544838737,74.19213483266267,74.99683289517465,865100000,after_trump
2024-02-23,78.78741455078125,82.36306764653858,77.54088100968389,80.7596734872896,829388000,after_trump
2024-02-26,79.06231689453125,80.61573447856021,78.47553160288044,79.67008277283831,503973000,after_trump
2024-02-27,78.67144775390625,79.45016223022866,77.13303174065258,79.35119274989219,391705000,after_trump
2024-02-28,77.63385009765625,78.90337002935253,77.09605003023249,77.59086697046706,393110000,after_trump
2024-02-29,79.0822982788086,79.9599670015527,78.3205833213307,79.06430729405044,507289000,after_trump
2024-03-01,82.24810791015625,82.26910374751212,79.40517391258761,79.96996422541928,479135000,after_trump
2024-03-04,85.20500183105469,87.66207928922401,83.6875739405617,84.09841513764894,615616000,after_trump
2024-03-05,85.93576049804688,86.06872004565462,83.38960003379123,85.24198821051228,520639000,after_trump
2024-03-06,88.67086029052734,89.69452599594824,87.00141069166892,87.99308922719804,582520000,after_trump
2024-03-07,92.6385498046875,92.73651717702312,89.57255620841083,90.12837327546654,608119000,after_trump
2024-03-08,87.49925231933594,97.36801162259309,86.47758481062256,95.10675351305797,1142269000,after_trump
2024-03-11,85.74583435058594,88.7678366102768,84.13836070078284,86.40061803177863,678364000,after_trump
2024-03-12,91.88280487060547,91.92978650047704,86.1216977613809,88.02007593748665,668075000,after_trump
2024-03-13,90.85813903808594,91.47393396528192,88.40594204784502,91.02508398682748,635713000,after_trump
2024-03-14,87.91510772705078,90.61622350841212,86.57154750613068,89.54757446626068,602318000,after_trump
2024-03-15,87.80813598632812,89.51657406692517,86.22866094849327,86.90143633231817,642086000,after_trump
2024-03-18,88.42594909667969,92.37464868231102,87.05639632268333,90.35831286729302,668976000,after_trump
2024-03-19,89.36863708496094,90.51425674084177,84.98207797118587,86.67151765212044,672171000,after_trump
2024-03-20,90.34231567382812,90.38030520484318,88.19401951660328,89.76749997737916,479063000,after_trump
2024-03-21,91.40496063232422,92.61756721905257,90.37530021359187,92.26968196617385,480372000,after_trump
2024-03-22,94.25802612304688,94.7468638928685,90.8041593115699,91.11105766429952,586719000,after_trump
2024-03-25,94.97078704833984,96.7342074446901,93.47928046219188,93.91013861786189,552136000,after_trump
2024-03-26,92.53058624267578,96.34333614885402,92.47160751849903,95.8195062336972,513648000,after_trump
2024-03-27,90.22034454345703,93.20935991690288,89.09371596526927,93.08140362412708,586067000,after_trump
2024-03-28,90.3263168334961,91.2700069314821,89.163696917333,89.97043098866838,435212000,after_trump
2024-04-01,90.33331298828125,92.1947007975338,89.17469715880289,90.26933865065378,452441000,after_trump
2024-04-02,89.42261505126953,90.06440242112468,87.59121620163441,88.41893947358703,433064000,after_trump
2024-04-03,88.93477630615234,90.3443168469122,88.3709661913593,88.45493823513225,370067000,after_trump
2024-04-04,85.87677764892578,90.60422800372173,85.85178433643762,90.37629845117095,434965000,after_trump
2024-04-05,87.97909545898438,88.45193966671309,85.89777859630549,86.8374646504957,399678000,after_trump
2024-04-08,87.10437774658203,88.80081883400379,86.70350850941023,88.67085666122206,283220000,after_trump
2024-04-09,85.3259506225586,87.60620698800746,82.99472376686872,87.41326961083752,503547000,after_trump
2024-04-10,87.01040649414062,87.3712879556285,83.68149867040677,83.89843024698811,431929000,after_trump
2024-04-11,90.58622741699219,90.70918810631315,86.89744487180356,87.39127824687137,431637000,after_trump
2024-04-12,88.15703582763672,90.1453886602286,87.50125303417155,89.66953943111257,426805000,after_trump
2024-04-15,85.97274780273438,90.58323225547265,85.9007728583494,89.06873054875433,443077000,after_trump
2024-04-16,87.38628387451172,88.08904823109181,86.03572977127556,86.40460421758179,370453000,after_trump
2024-04-17,84.00739288330078,88.7458333599475,83.92241409948026,88.3109710984958,495400000,after_trump
2024-04-18,84.64318084716797,86.16168663370678,82.37492908333081,84.94208621726145,447260000,after_trump
2024-04-19,76.17497253417969,84.29630512599306,75.58117346384236,83.12269469975273,875198000,after_trump
2024-04-22,79.49188232421875,80.04670035538005,76.3749101252901,78.07834524781059,596341000,after_trump
2024-04-23,82.39591979980469,82.7418068067518,80.23763246823718,80.74246382535908,438559000,after_trump
2024-04-24,79.65083312988281,84.0543851474842,79.15699208262093,83.92242471814481,512208000,after_trump
2024-04-25,82.6048583984375,83.29562566305763,78.19730258611348,78.84208734175279,424641000,after_trump
2024-04-26,87.7061767578125,88.30198162324554,83.35960564687717,83.79046380504667,551011000,after_trump
2024-04-29,87.7281723022461,87.96308807915567,85.23798574736955,87.56622296271497,388971000,after_trump
2024-04-30,86.37362670898438,88.7898328026838,86.27166282860942,87.21134895392602,363709000,after_trump
2024-05-01,83.01371765136719,85.9717451202874,81.22830132116862,85.04905184528752,559863000,after_trump
2024-05-02,85.78881072998047,86.20867093085921,83.17266601309362,84.42125626969049,377898000,after_trump
2024-05-03,88.75983428955078,89.25166943381491,87.01140828668458,87.76016278941914,398341000,after_trump
2024-05-06,92.10972595214844,92.18970149787158,89.02574047227303,89.36062948973989,376203000,after_trump
2024-05-07,90.52424621582031,91.75084041902228,88.98175395384375,91.06806618454974,437342000,after_trump
2024-05-08,90.38230895996094,91.16404981267715,89.39063036492911,89.45361321300157,325721000,after_trump
2024-05-09,88.71784973144531,91.04208295679378,88.20202038816478,90.4992620554592,378013000,after_trump
2024-05-10,89.84848022460938,91.37098265790202,89.19769305265027,90.27534193987526,335325000,after_trump
2024-05-13,90.36930847167969,90.96811074029578,88.49991996993283,90.44827727503778,289680000,after_trump
2024-05-14,91.32598876953125,91.62089001998181,88.904779793576,89.5695622301617,296507000,after_trump
2024-05-15,94.59890747070312,94.83083350687552,91.5689050462718,92.44161932872312,417735000,after_trump
2024-05-16,94.3280029296875,95.78752238437566,94.07208269713682,94.87882442022669,323952000,after_trump
2024-05-17,92.4486083984375,94.70886703782735,91.77583301886031,94.33799437588382,359691000,after_trump
2024-05-20,94.74887084960938,95.16873108150425,93.40931459730984,93.71921034558147,318764000,after_trump
2024-05-21,95.35466766357422,95.36866300361463,93.14939104451075,93.56825212335475,328946000,after_trump
2024-05-22,94.91881561279297,95.98846392246197,93.21837781672151,95.42765114316352,548648000,after_trump
2024-05-23,103.7649154663086,106.28508365177811,101.48665694608555,101.99449335003398,835065000,after_trump
2024-05-24,106.43403625488281,106.44003098960508,102.96617374072069,104.41469537259921,429494000,after_trump
2024-05-28,113.86358642578125,114.90124747385036,109.84690852832622,110.2077900069521,652728000,after_trump
2024-05-29,114.78727722167969,115.45405793078952,110.86457027293942,113.01286640628571,557442000,after_trump
2024-05-30,110.46369171142578,115.78094422890767,109.62696874788826,114.61232962234554,487350000,after_trump
2024-05-31,109.59699249267578,112.67997913664935,106.90487625910878,112.48303762096089,613263000,after_trump
2024-06-03,114.96222686767578,114.96222686767578,111.96620962094242,113.58368201334555,438392000,after_trump
2024-06-04,116.39875030517578,116.56169877793198,114.00753771578134,115.67799408835361,403324000,after_trump
2024-06-05,122.39978790283203,122.40878000462286,117.42942079845784,118.33212409256934,528402000,after_trump
2024-06-06,120.95825958251953,125.54574922421772,118.2811377621336,124.00725324087743,664696000,after_trump
2024-06-07,120.84829711914062,121.65203391481319,117.98324108710487,119.73066046106749,412386000,after_trump
2024-06-10,121.74999237060547,123.05955958930451,116.9715638416941,120.33046067723372,314162700,after_trump
2024-06-11,120.88021087646484,122.83972700807324,118.7107397776175,121.73999195116299,222551200,after_trump
2024-06-12,125.16915130615234,126.84873770805827,122.53980200765415,123.02967915018486,299595000,after_trump
2024-06-13,129.5780792236328,129.7680348697194,127.12868568021801,129.35813218658845,260704500,after_trump
2024-06-14,131.84751892089844,132.80727390157034,128.28839829543193,129.92799370452428,309320400,after_trump
2024-06-17,130.94773864746094,133.69706139159663,129.54808953427707,132.9572533982128,288504400,after_trump
2024-06-18,135.54660034179688,136.29641557179684,130.6578056523983,131.10769173939232,294335100,after_trump
2024-06-20,130.74778747558594,140.72532511567726,129.48810330722768,139.76557010788932,517768400,after_trump
2024-06-21,126.53881072998047,130.5978154647857,124.26937345205326,127.08867825178737,655484700,after_trump
2024-06-24,118.08090209960938,124.42933613805307,118.01091965046173,123.20963548646723,476060900,after_trump
2024-06-25,126.05892944335938,126.46883208603107,119.29060083723321,121.17013488438512,425787500,after_trump
2024-06-26,126.36885833740234,128.08842814640124,122.56979155312732,126.09892059020918,362975900,after_trump
2024-06-27,123.95944213867188,126.37885155800387,122.88970613137967,124.06941564080125,252571700,after_trump
2024-06-28,123.50955963134766,127.67853027804634,122.71975337861936,124.54930428199576,315516700,after_trump
2024-07-01,124.2693862915039,124.80924657003757,118.8007324055703,123.43958890104815,284885500,after_trump
2024-07-02,122.6397705078125,123.37959365292392,121.00017523772506,121.10014907077634,218374000,after_trump
2024-07-03,128.24839782714844,128.24839782714844,121.33010435521813,121.63003350315482,215749000,after_trump
2024-07-05,125.79899597167969,128.81825608276083,125.64903140778242,127.34860945857926,214176700,after_trump
2024-07-08,128.16839599609375,130.73776982046533,127.0086858992603,127.4585719244731,237677300,after_trump
2024-07-09,131.34764099121094,133.78704236722226,128.61830251041144,130.3178959397844,285366600,after_trump
2024-07-10,134.87677001953125,135.0667256558596,132.38737791270125,133.99698191654937,248978600,after_trump
2024-07-11,127.36861419677734,136.1164508461357,127.0187019512054,135.71655549549055,374782700,after_trump
2024-07-12,129.2081756591797,131.88750829381019,127.1886688828338,128.2284060345482,252680500,after_trump
2024-07-15,128.40835571289062,131.35762580228223,127.14866403247436,130.52782847793975,208326200,after_trump
2024-07-16,126.32887268066406,129.0082051584145,124.54931239200171,128.40836211736584,214769500,after_trump
2024-07-17,117.96092987060547,121.8199795319496,116.69124610366761,121.32010271185337,390086200,after_trump
2024-07-18,121.06016540527344,122.36984786902624,116.53128260658956,121.81998031239168,320979500,after_trump
2024-07-19,117.90093994140625,121.57003374775046,117.341080377663,120.32034177331325,217223800,after_trump
2024-07-22,123.50955963134766,124.03942781453529,119.8304661088677,120.3203432330864,258068900,after_trump
2024-07-23,122.5597915649414,124.65928025097237,122.06991443104106,122.74974719191928,173911000,after_trump
2024-07-24,114.22184753417969,119.92043994002134,113.41204956795865,119.1406333610656,327776900,after_trump
2024-07-25,112.25232696533203,116.60125336651197,106.27380502948411,113.01214179627254,460067000,after_trump
2024-07-26,113.03214263916016,116.17136841805404,111.55251154245995,116.16137637359374,293399100,after_trump
2024-07-29,111.5625,116.25134680115113,111.27257816967544,113.66198865142056,248152100,after_trump
2024-07-30,103.7044448852539,111.96240417731258,102.51473565355279,111.49251876218644,486833300,after_trump
2024-07-31,116.99115753173828,118.31083191790377,110.85267132044424,112.87217777091092,473174200,after_trump
2024-08-01,109.18309783935547,120.13040514788088,106.78368749587625,117.50104810323892,523462300,after_trump
2024-08-02,107.24356842041016,108.69321575888374,101.3450281116693,103.73443867463745,482027500,after_trump
2024-08-05,100.42524719238281,103.38452459369911,90.66765743904186,92.0373150047539,552842400,after_trump
2024-08-06,104.22431182861328,107.68345833707174,100.52522659409519,103.8144091952266,409012100,after_trump
2024-08-07,98.88563537597656,108.77319818362058,98.6656883565928,107.78343659639361,411440400,after_trump
2024-08-08,104.94413757324219,105.47400576569116,97.49596860854,101.97486813365401,391910000,after_trump
2024-08-09,104.72418975830078,106.57373239559361,103.40451530940655,105.6139698534446,290844200,after_trump
2024-08-12,108.9931411743164,111.04263923804827,106.23382655143305,106.29380933051287,325559900,after_trump
2024-08-13,116.11138153076172,116.20136332032301,111.55250759337807,112.41229629244809,312646700,after_trump
2024-08-14,118.05091094970703,118.57077948335262,114.04189674110647,118.5007970340635,339246400,after_trump
2024-08-15,122.8297348022461,123.2096384456698,117.44106320591041,118.73074633761901,318086700,after_trump
2024-08-16,124.54930114746094,124.9691958147952,121.15013749579563,121.90995234205361,302589900,after_trump
2024-08-19,129.96795654296875,129.96795654296875,123.38957660426745,124.24936523467589,318333600,after_trump
2024-08-20,127.2186508178711,129.8480077753235,125.85898525590325,128.36836140301475,300087400,after_trump
2024-08-21,128.4683380126953,129.31813467743694,126.62879504399294,127.288628455805,257883600,after_trump
2024-08-22,123.70951080322266,130.717785815134,123.06966909662319,129.98796994394152,376189100,after_trump
2024-08-23,129.33811950683594,129.56807382051312,125.18914813175064,125.82898983127045,323230300,after_trump
2024-08-26,126.42884063720703,131.22765338990934,124.33935925298674,129.53808260280766,331964700,after_trump
2024-08-27,128.26840209960938,129.1681743229575,123.84948497148315,125.01920259136338,303134600,after_trump
2024-08-28,125.57905578613281,128.29838691719942,122.60978624415954,128.0884319398247,448101100,after_trump
2024-08-29,117.56101989746094,124.39933835599817,116.68123949231907,121.33009516824127,453023300,after_trump
2024-08-30,119.34059143066406,121.72000228172388,117.19111963899515,119.50054804230363,333751600,after_trump
2024-09-03,107.973388671875,116.18136480283337,107.26356453201906,115.9814171340765,477155100,after_trump
2024-09-04,106.18383026123047,113.24208832420429,104.09434887245212,105.38403194779274,372470300,after_trump
2024-09-05,107.18358612060547,109.6229874268856,104.73419276980215,104.96413183407385,306850700,after_trump
2024-09-06,102.80465698242188,108.12334543943037,100.92511547059387,108.0133719412909,413638100,after_trump
2024-09-09,106.44377136230469,106.52375348417674,103.66445746112835,104.85415910703641,273912000,after_trump
2024-09-10,108.0733642578125,109.37304700834024,104.92413884500664,107.78343479415585,268283700,after_trump
2024-09-11,116.88119506835938,117.16112485124165,107.39352807236727,109.3630438515934,441422400,after_trump
2024-09-12,119.12083435058594,120.77057045474369,115.3614370539407,116.82120128077001,367100500,after_trump
2024-09-13,119.0808334350586,119.94069565795841,117.58107480834963,119.06084000976254,238358300,after_trump
2024-09-16,116.7612075805664,118.16098383065176,114.34159881620232,116.77120810734208,248772300,after_trump
2024-09-17,115.57140350341797,118.7808938826076,114.81153124290536,118.15099033708098,231925900,after_trump
2024-09-18,113.35176086425781,117.68105834506785,113.20178347448297,115.87135202544096,310318900,after_trump
2024-09-19,117.85104370117188,119.64075670028409,117.23114068021938,117.3311230698782,293506400,after_trump
2024-09-20,115.98133850097656,118.6009197546388,115.37143602446805,117.041165532472,382462400,after_trump
2024-09-23,116.24130249023438,116.97118080282907,114.84152614526418,116.5312567610485,206228500,after_trump
2024-09-24,120.85055541992188,121.78040609310197,115.36143323881014,116.5012492087513,354966800,after_trump
2024-09-25,123.4901351928711,124.91990547833531,121.5904392877682,122.00036937142775,284692900,after_trump
2024-09-26,124.02005004882812,127.64946344549999,121.78041247124415,126.77960826024157,302582900,after_trump
2024-09-27,121.38047790527344,124.01005220096552,119.24082267160239,123.9500642912149,271009200,after_trump
2024-09-30,121.42046356201172,121.48045146740193,118.13099198549791,118.29096227592748,226553700,after_trump
2024-10-01,116.9811782836914,122.42030559533124,115.77137385100936,121.75040758040218,302094500,after_trump
2024-10-02,118.83087921142578,119.360792730428,115.12147695024304,116.42127087200362,221845900,after_trump
2024-10-03,122.83023834228516,124.33999759824167,120.32063993396463,120.90054847309592,277118000,after_trump
2024-10-04,124.89990234375,125.01988578554294,121.810403092212,124.91990339813242,243678100,after_trump
2024-10-07,127.69945526123047,130.61898369823507,124.92989659161151,124.96989107230341,346250200,after_trump
2024-10-08,132.86862182617188,133.45852325335272,129.39917881279587,130.23904002332463,285722500,after_trump
2024-10-09,132.628662109375,134.4983717641675,131.3588773259068,134.08843403580283,246191600,after_trump
2024-10-10,134.78831481933594,134.97828670089152,130.97893005790212,131.88878735570256,242311300,after_trump
2024-10-11,134.7783203125,135.75815840657205,133.63850429309608,133.98843884138304,170209500,after_trump
2024-10-14,138.0478057861328,139.57755854294567,136.27808612883217,136.44805696221857,232347700,after_trump
2024-10-15,131.57884216308594,138.547722466739,128.71930149862905,137.84782283581688,377831000,after_trump
2024-10-16,135.6981658935547,136.5980149944232,131.55883256815804,133.9584403413635,264879700,after_trump
2024-10-17,136.90797424316406,140.8673441853548,136.8479863322171,139.31759037510415,306435900,after_trump
2024-10-18,137.97779846191406,138.87764756674068,137.25791307551907,138.64768884107772,176090200,after_trump
2024-10-21,143.6868896484375,143.6868896484375,137.97780144123402,138.1077854115753,264554500,after_trump
2024-10-22,143.56690979003906,144.39677817254247,141.7572032447214,142.88702644418225,226311600,after_trump
2024-10-23,139.5375518798828,142.4070854107316,137.43789878035992,142.00715584596583,285930000,after_trump
2024-10-24,140.38742065429688,141.3272719093067,138.4377373361036,140.79735837298583,172354900,after_trump
2024-10-25,141.51722717285156,144.1068221770471,140.77735596279692,140.90732467853542,205122100,after_trump
2024-10-28,140.4973907470703,143.11696423513524,140.02746516246322,142.976987375231,173586700,after_trump
2024-10-29,141.22727966308594,142.23711171034327,138.87765156261756,140.26742736816374,157593600,after_trump
2024-10-30,139.3175811767578,140.30742741103543,136.78798938993828,139.51754595215704,179418100,after_trump
2024-10-31,132.7386474609375,137.5878737112806,132.08875807974474,137.57788081150406,270039600,after_trump
2024-11-01,135.3782196044922,137.2879161101812,134.5483665061615,134.67833522595924,207127800,after_trump
2024-11-04,136.0281219482422,138.9376575905799,135.54820341905642,137.18793904541485,187528200,after_trump
2024-11-05,139.8874969482422,140.3474144064953,137.30791015086248,137.4278859649573,160537400,after_trump
2024-11-06,145.58656311035156,146.46642634688735,141.93715671974996,142.93699575896497,242043900,after_trump
2024-11-07,148.85606384277344,148.9060435973239,146.14649291865044,146.3664587614797,207323300,after_trump
2024-11-08,147.6062469482422,149.74590195013883,146.236457046531,148.7460628790407,175665800,after_trump
2024-11-11,145.23663330078125,148.82606753959354,143.54691790764704,148.65608145399648,182325600,after_trump
2024-11-12,148.26612854003906,149.62591028148023,145.98649668767203,146.7563770410738,198634700,after_trump
2024-11-13,146.2464599609375,149.30596496785506,145.87650914358065,149.04601231096433,191903300,after_trump
2024-11-14,146.7363739013672,148.97601887199116,145.52657719098687,147.6162371498861,194463300,after_trump
2024-11-15,141.9571533203125,145.2166386002855,140.05746510375218,144.8466877533126,250132900,after_trump
2024-11-18,140.12744140625,141.52722527651324,137.1279241566863,139.47755210471132,221866000,after_trump
2024-11-19,146.98634338378906,147.10633445236968,140.96732287230222,141.2972716123141,227834900,after_trump
2024-11-20,145.8665313720703,147.53626090336707,142.70703603144835,147.38629113505743,309871700,after_trump
2024-11-21,146.6464080810547,152.8654088901037,140.67736706254192,149.32598496889756,400946600,after_trump
2024-11-22,141.92715454101562,147.13632286743956,141.07730047570033,145.90650981286518,236406200,after_trump
2024-11-25,135.9981231689453,142.02715192160386,135.79815839357323,141.9671640146257,344941900,after_trump
2024-11-26,136.89797973632812,139.277601884859,135.64818075181995,137.6778530821544,190287700,after_trump
2024-11-27,135.31822204589844,137.19792446250455,131.77879829463743,134.98827330747284,226370900,after_trump
2024-11-29,138.22776794433594,139.32759715528792,136.02812477876728,136.75800311530705,141863200,after_trump
2024-12-02,138.60769653320312,140.42739572538855,137.7978293194704,138.8076612979231,171682800,after_trump
2024-12-03,140.23744201660156,140.51739577472358,137.92781588392697,138.23776359782383,164414000,after_trump
2024-12-04,145.1166534423828,145.76654278655016,140.26742746830917,141.97715912549498,231224300,after_trump
2024-12-05,145.04666137695312,146.52652104015894,143.93676281520223,145.0966598316491,172621200,after_trump
2024-12-06,142.42689514160156,145.68658966441174,141.29699424160657,144.58670004061705,188505600,after_trump
2024-12-09,138.79722595214844,139.93712045292858,137.1173878488451,138.9572148926683,189308600,after_trump
2024-12-10,135.05758666992188,141.80696595909077,133.77769033829185,138.99721154250668,210020900,after_trump
2024-12-11,139.29718017578125,140.15710166074888,135.19756655561218,137.3473626393387,184905200,after_trump
2024-12-12,137.32736206054688,138.42726697152892,135.7875104425574,137.0673914713081,159211400,after_trump
2024-12-13,134.23765563964844,139.58716980719961,132.52780616182653,138.92722683278515,231514900,after_trump
2024-12-16,131.98785400390625,134.38762706465963,130.40799755691268,134.16764608739564,237951100,after_trump
2024-12-17,130.3780059814453,131.57789255271604,126.84833189511964,129.07812250532473,259410300,after_trump
2024-12-18,128.8981475830078,136.68742440979707,128.2682006428492,133.84768927135005,277444500,after_trump
2024-12-19,130.66796875,134.01766661792476,129.5380830968377,131.7478712095932,209719200,after_trump
2024-12-20,134.68760681152344,135.26755529215387,128.20820713472543,129.7980572196654,306528600,after_trump
2024-12-23,139.6571502685547,139.77713434768583,135.1075657604122,136.2674627166313,176053500,after_trump
2024-12-24,140.2071075439453,141.88694573903672,138.6372445869122,139.98712655305678,105157000,after_trump
2024-12-26,139.91712951660156,140.8370583714796,137.7173348045662,139.68715493157526,116205600,after_trump
2024-12-27,136.9973907470703,139.00721560881072,134.69761453351015,138.53725762424156,170582600,after_trump
2024-12-30,137.47735595703125,140.2570989672278,134.00767398793965,134.81759702407376,167734700,after_trump
2024-12-31,134.27764892578125,138.05731549303724,133.8176997545706,138.0173106258272,155659200,after_trump
2025-01-02,138.29727172851562,138.8672266066605,134.61761764692358,135.98748671158143,198247200,after_trump
2025-01-03,144.4567108154297,144.88666393436952,139.71714137538024,139.99711439640743,229322500,after_trump
2025-01-06,149.41624450683594,152.14600432101588,147.80640728049391,148.57632545203526,265377400,after_trump
2025-01-07,140.12710571289062,153.1159160516902,139.99711279126652,153.0159191493047,351782200,after_trump
2025-01-08,140.0971221923828,143.9367655713296,137.5473535279277,142.5668963792699,227349900,after_trump
2025-01-10,135.8975067138672,139.90713250101766,134.20765966847648,137.43735839735214,207602500,after_trump
2025-01-13,133.21774291992188,133.47772877314173,129.49808381781634,129.97805065881337,204808900,after_trump
2025-01-14,131.7478790283203,136.3674645891877,130.03804480886453,136.0374931021696,195590500,after_trump
2025-01-15,136.22747802734375,136.43745017340345,131.277920981104,133.63770458598145,185217300,after_trump
2025-01-16,133.55772399902344,138.73724031386243,133.47772952507327,138.6272498193542,209235600,after_trump
2025-01-17,137.6973419189453,138.48726255165812,135.44754884500142,136.67743145335606,201188800,after_trump
